scenario_id,scenario_display_id,scenario_name,height,subsidy_base_units,subsidy_rin_display,scheduled_issuance_before_height_base_units,scheduled_issuance_before_height_rin_display,note
S0,S0,Unchanged binary halving,0,5000000000,50.00000000,0,0.00000000,boundary probe
S0,S0,Unchanged binary halving,1,5000000000,50.00000000,5000000000,50.00000000,boundary probe
S0,S0,Unchanged binary halving,209999,5000000000,50.00000000,1049995000000000,10499950.00000000,boundary probe
S0,S0,Unchanged binary halving,210000,2500000000,25.00000000,1050000000000000,10500000.00000000,boundary probe
S0,S0,Unchanged binary halving,210001,2500000000,25.00000000,1050002500000000,10500025.00000000,boundary probe
S0,S0,Unchanged binary halving,419999,2500000000,25.00000000,1574997500000000,15749975.00000000,boundary probe
S0,S0,Unchanged binary halving,420000,1250000000,12.50000000,1575000000000000,15750000.00000000,boundary probe
S0,S0,Unchanged binary halving,420001,1250000000,12.50000000,1575001250000000,15750012.50000000,boundary probe
S0,S0,Unchanged binary halving,629999,1250000000,12.50000000,1837498750000000,18374987.50000000,boundary probe
S0,S0,Unchanged binary halving,630000,625000000,6.25000000,1837500000000000,18375000.00000000,boundary probe
S0,S0,Unchanged binary halving,630001,625000000,6.25000000,1837500625000000,18375006.25000000,boundary probe
S0,S0,Unchanged binary halving,839999,625000000,6.25000000,1968749375000000,19687493.75000000,boundary probe
S0,S0,Unchanged binary halving,840000,312500000,3.12500000,1968750000000000,19687500.00000000,boundary probe
S0,S0,Unchanged binary halving,840001,312500000,3.12500000,1968750312500000,19687503.12500000,boundary probe
S0,S0,Unchanged binary halving,1049999,312500000,3.12500000,2034374687500000,20343746.87500000,boundary probe
S0,S0,Unchanged binary halving,1050000,156250000,1.56250000,2034375000000000,20343750.00000000,boundary probe
S0,S0,Unchanged binary halving,1050001,156250000,1.56250000,2034375156250000,20343751.56250000,boundary probe
S0,S0,Unchanged binary halving,1259999,156250000,1.56250000,2067187343750000,20671873.43750000,boundary probe
S0,S0,Unchanged binary halving,1260000,78125000,0.78125000,2067187500000000,20671875.00000000,boundary probe
S0,S0,Unchanged binary halving,1260001,78125000,0.78125000,2067187578125000,20671875.78125000,boundary probe
S0,S0,Unchanged binary halving,1469999,78125000,0.78125000,2083593671875000,20835936.71875000,boundary probe
S0,S0,Unchanged binary halving,1470000,39062500,0.39062500,2083593750000000,20835937.50000000,boundary probe
S0,S0,Unchanged binary halving,1470001,39062500,0.39062500,2083593789062500,20835937.89062500,boundary probe
S0,S0,Unchanged binary halving,1679999,39062500,0.39062500,2091796835937500,20917968.35937500,boundary probe
S0,S0,Unchanged binary halving,1680000,19531250,0.19531250,2091796875000000,20917968.75000000,boundary probe
S0,S0,Unchanged binary halving,1680001,19531250,0.19531250,2091796894531250,20917968.94531250,boundary probe
S0,S0,Unchanged binary halving,1889999,19531250,0.19531250,2095898417968750,20958984.17968750,boundary probe
S0,S0,Unchanged binary halving,1890000,9765625,0.09765625,2095898437500000,20958984.37500000,boundary probe
S0,S0,Unchanged binary halving,1890001,9765625,0.09765625,2095898447265625,20958984.47265625,boundary probe
S0,S0,Unchanged binary halving,2099999,9765625,0.09765625,2097949208984375,20979492.08984375,boundary probe
S0,S0,Unchanged binary halving,2100000,4882812,0.04882812,2097949218750000,20979492.18750000,boundary probe
S0,S0,Unchanged binary halving,2100001,4882812,0.04882812,2097949223632812,20979492.23632812,boundary probe
S0,S0,Unchanged binary halving,2309999,4882812,0.04882812,2098974604387188,20989746.04387188,boundary probe
S0,S0,Unchanged binary halving,2310000,2441406,0.02441406,2098974609270000,20989746.09270000,boundary probe
S0,S0,Unchanged binary halving,2310001,2441406,0.02441406,2098974611711406,20989746.11711406,boundary probe
S0,S0,Unchanged binary halving,2519999,2441406,0.02441406,2099487302088594,20994873.02088594,boundary probe
S0,S0,Unchanged binary halving,2520000,1220703,0.01220703,2099487304530000,20994873.04530000,boundary probe
S0,S0,Unchanged binary halving,2520001,1220703,0.01220703,2099487305750703,20994873.05750703,boundary probe
S0,S0,Unchanged binary halving,2729999,1220703,0.01220703,2099743650939297,20997436.50939297,boundary probe
S0,S0,Unchanged binary halving,2730000,610351,0.00610351,2099743652160000,20997436.52160000,boundary probe
S0,S0,Unchanged binary halving,2730001,610351,0.00610351,2099743652770351,20997436.52770351,boundary probe
S0,S0,Unchanged binary halving,2939999,610351,0.00610351,2099871825259649,20998718.25259649,boundary probe
S0,S0,Unchanged binary halving,2940000,305175,0.00305175,2099871825870000,20998718.25870000,boundary probe
S0,S0,Unchanged binary halving,2940001,305175,0.00305175,2099871826175175,20998718.26175175,boundary probe
S0,S0,Unchanged binary halving,3149999,305175,0.00305175,2099935912314825,20999359.12314825,boundary probe
S0,S0,Unchanged binary halving,3150000,152587,0.00152587,2099935912620000,20999359.12620000,boundary probe
S0,S0,Unchanged binary halving,3150001,152587,0.00152587,2099935912772587,20999359.12772587,boundary probe
S0,S0,Unchanged binary halving,3359999,152587,0.00152587,2099967955737413,20999679.55737413,boundary probe
S0,S0,Unchanged binary halving,3360000,76293,0.00076293,2099967955890000,20999679.55890000,boundary probe
S0,S0,Unchanged binary halving,3360001,76293,0.00076293,2099967955966293,20999679.55966293,boundary probe
S0,S0,Unchanged binary halving,3569999,76293,0.00076293,2099983977343707,20999839.77343707,boundary probe
S0,S0,Unchanged binary halving,3570000,38146,0.00038146,2099983977420000,20999839.77420000,boundary probe
S0,S0,Unchanged binary halving,3570001,38146,0.00038146,2099983977458146,20999839.77458146,boundary probe
S0,S0,Unchanged binary halving,3779999,38146,0.00038146,2099991988041854,20999919.88041854,boundary probe
S0,S0,Unchanged binary halving,3780000,19073,0.00019073,2099991988080000,20999919.88080000,boundary probe
S0,S0,Unchanged binary halving,3780001,19073,0.00019073,2099991988099073,20999919.88099073,boundary probe
S0,S0,Unchanged binary halving,3989999,19073,0.00019073,2099995993390927,20999959.93390927,boundary probe
S0,S0,Unchanged binary halving,3990000,9536,0.00009536,2099995993410000,20999959.93410000,boundary probe
S0,S0,Unchanged binary halving,3990001,9536,0.00009536,2099995993419536,20999959.93419536,boundary probe
S0,S0,Unchanged binary halving,4199999,9536,0.00009536,2099997995960464,20999979.95960464,boundary probe
S0,S0,Unchanged binary halving,4200000,4768,0.00004768,2099997995970000,20999979.95970000,boundary probe
S0,S0,Unchanged binary halving,4200001,4768,0.00004768,2099997995974768,20999979.95974768,boundary probe
S0,S0,Unchanged binary halving,4409999,4768,0.00004768,2099998997245232,20999989.97245232,boundary probe
S0,S0,Unchanged binary halving,4410000,2384,0.00002384,2099998997250000,20999989.97250000,boundary probe
S0,S0,Unchanged binary halving,4410001,2384,0.00002384,2099998997252384,20999989.97252384,boundary probe
S0,S0,Unchanged binary halving,4619999,2384,0.00002384,2099999497887616,20999994.97887616,boundary probe
S0,S0,Unchanged binary halving,4620000,1192,0.00001192,2099999497890000,20999994.97890000,boundary probe
S0,S0,Unchanged binary halving,4620001,1192,0.00001192,2099999497891192,20999994.97891192,boundary probe
S0,S0,Unchanged binary halving,4829999,1192,0.00001192,2099999748208808,20999997.48208808,boundary probe
S0,S0,Unchanged binary halving,4830000,596,0.00000596,2099999748210000,20999997.48210000,boundary probe
S0,S0,Unchanged binary halving,4830001,596,0.00000596,2099999748210596,20999997.48210596,boundary probe
S0,S0,Unchanged binary halving,5039999,596,0.00000596,2099999873369404,20999998.73369404,boundary probe
S0,S0,Unchanged binary halving,5040000,298,0.00000298,2099999873370000,20999998.73370000,boundary probe
S0,S0,Unchanged binary halving,5040001,298,0.00000298,2099999873370298,20999998.73370298,boundary probe
S0,S0,Unchanged binary halving,5249999,298,0.00000298,2099999935949702,20999999.35949702,boundary probe
S0,S0,Unchanged binary halving,5250000,149,0.00000149,2099999935950000,20999999.35950000,boundary probe
S0,S0,Unchanged binary halving,5250001,149,0.00000149,2099999935950149,20999999.35950149,boundary probe
S0,S0,Unchanged binary halving,5459999,149,0.00000149,2099999967239851,20999999.67239851,boundary probe
S0,S0,Unchanged binary halving,5460000,74,0.00000074,2099999967240000,20999999.67240000,boundary probe
S0,S0,Unchanged binary halving,5460001,74,0.00000074,2099999967240074,20999999.67240074,boundary probe
S0,S0,Unchanged binary halving,5669999,74,0.00000074,2099999982779926,20999999.82779926,boundary probe
S0,S0,Unchanged binary halving,5670000,37,0.00000037,2099999982780000,20999999.82780000,boundary probe
S0,S0,Unchanged binary halving,5670001,37,0.00000037,2099999982780037,20999999.82780037,boundary probe
S0,S0,Unchanged binary halving,5879999,37,0.00000037,2099999990549963,20999999.90549963,boundary probe
S0,S0,Unchanged binary halving,5880000,18,0.00000018,2099999990550000,20999999.90550000,boundary probe
S0,S0,Unchanged binary halving,5880001,18,0.00000018,2099999990550018,20999999.90550018,boundary probe
S0,S0,Unchanged binary halving,6089999,18,0.00000018,2099999994329982,20999999.94329982,boundary probe
S0,S0,Unchanged binary halving,6090000,9,0.00000009,2099999994330000,20999999.94330000,boundary probe
S0,S0,Unchanged binary halving,6090001,9,0.00000009,2099999994330009,20999999.94330009,boundary probe
S0,S0,Unchanged binary halving,6299999,9,0.00000009,2099999996219991,20999999.96219991,boundary probe
S0,S0,Unchanged binary halving,6300000,4,0.00000004,2099999996220000,20999999.96220000,boundary probe
S0,S0,Unchanged binary halving,6300001,4,0.00000004,2099999996220004,20999999.96220004,boundary probe
S0,S0,Unchanged binary halving,6509999,4,0.00000004,2099999997059996,20999999.97059996,boundary probe
S0,S0,Unchanged binary halving,6510000,2,0.00000002,2099999997060000,20999999.97060000,boundary probe
S0,S0,Unchanged binary halving,6510001,2,0.00000002,2099999997060002,20999999.97060002,boundary probe
S0,S0,Unchanged binary halving,6719999,2,0.00000002,2099999997479998,20999999.97479998,boundary probe
S0,S0,Unchanged binary halving,6720000,1,0.00000001,2099999997480000,20999999.97480000,boundary probe
S0,S0,Unchanged binary halving,6720001,1,0.00000001,2099999997480001,20999999.97480001,boundary probe
S0,S0,Unchanged binary halving,6929999,1,0.00000001,2099999997689999,20999999.97689999,boundary probe
S0,S0,Unchanged binary halving,6930000,0,0.00000000,2099999997690000,20999999.97690000,boundary probe
S0,S0,Unchanged binary halving,6930001,0,0.00000000,2099999997690000,20999999.97690000,boundary probe
S1,S1,1/20 reduction without a floor,0,5000000000,50.00000000,0,0.00000000,boundary probe
S1,S1,1/20 reduction without a floor,1,5000000000,50.00000000,5000000000,50.00000000,boundary probe
S1,S1,1/20 reduction without a floor,209999,5000000000,50.00000000,1049995000000000,10499950.00000000,boundary probe
S1,S1,1/20 reduction without a floor,210000,2500000000,25.00000000,1050000000000000,10500000.00000000,boundary probe
S1,S1,1/20 reduction without a floor,210001,2500000000,25.00000000,1050002500000000,10500025.00000000,boundary probe
S1,S1,1/20 reduction without a floor,419999,2500000000,25.00000000,1574997500000000,15749975.00000000,boundary probe
S1,S1,1/20 reduction without a floor,420000,1250000000,12.50000000,1575000000000000,15750000.00000000,boundary probe
S1,S1,1/20 reduction without a floor,420001,1250000000,12.50000000,1575001250000000,15750012.50000000,boundary probe
S1,S1,1/20 reduction without a floor,629999,1250000000,12.50000000,1837498750000000,18374987.50000000,boundary probe
S1,S1,1/20 reduction without a floor,630000,625000000,6.25000000,1837500000000000,18375000.00000000,boundary probe
S1,S1,1/20 reduction without a floor,630001,625000000,6.25000000,1837500625000000,18375006.25000000,boundary probe
S1,S1,1/20 reduction without a floor,839999,625000000,6.25000000,1968749375000000,19687493.75000000,boundary probe
S1,S1,1/20 reduction without a floor,840000,593750000,5.93750000,1968750000000000,19687500.00000000,boundary probe
S1,S1,1/20 reduction without a floor,840001,593750000,5.93750000,1968750593750000,19687505.93750000,boundary probe
S1,S1,1/20 reduction without a floor,1049999,593750000,5.93750000,2093436906250000,20934369.06250000,boundary probe
S1,S1,1/20 reduction without a floor,1050000,564062500,5.64062500,2093437500000000,20934375.00000000,boundary probe
S1,S1,1/20 reduction without a floor,1050001,564062500,5.64062500,2093438064062500,20934380.64062500,boundary probe
S1,S1,1/20 reduction without a floor,1259999,564062500,5.64062500,2211890060937500,22118900.60937500,boundary probe
S1,S1,1/20 reduction without a floor,1260000,535859375,5.35859375,2211890625000000,22118906.25000000,boundary probe
S1,S1,1/20 reduction without a floor,1260001,535859375,5.35859375,2211891160859375,22118911.60859375,boundary probe
S1,S1,1/20 reduction without a floor,1469999,535859375,5.35859375,2324420557890625,23244205.57890625,boundary probe
S1,S1,1/20 reduction without a floor,1470000,509066406,5.09066406,2324421093750000,23244210.93750000,boundary probe
S1,S1,1/20 reduction without a floor,1470001,509066406,5.09066406,2324421602816406,23244216.02816406,boundary probe
S1,S1,1/20 reduction without a floor,1679999,509066406,5.09066406,2431324529943594,24313245.29943594,boundary probe
S1,S1,1/20 reduction without a floor,1680000,483613085,4.83613085,2431325039010000,24313250.39010000,boundary probe
S1,S1,1/20 reduction without a floor,1680001,483613085,4.83613085,2431325522623085,24313255.22623085,boundary probe
S1,S1,1/20 reduction without a floor,1889999,483613085,4.83613085,2532883303246915,25328833.03246915,boundary probe
S1,S1,1/20 reduction without a floor,1890000,459432430,4.59432430,2532883786860000,25328837.86860000,boundary probe
S1,S1,1/20 reduction without a floor,1890001,459432430,4.59432430,2532884246292430,25328842.46292430,boundary probe
S1,S1,1/20 reduction without a floor,2099999,459432430,4.59432430,2629364137727570,26293641.37727570,boundary probe
S1,S1,1/20 reduction without a floor,2100000,436460808,4.36460808,2629364597160000,26293645.97160000,boundary probe
S1,S1,1/20 reduction without a floor,2100001,436460808,4.36460808,2629365033620808,26293650.33620808,boundary probe
S1,S1,1/20 reduction without a floor,2309999,436460808,4.36460808,2721020930379192,27210209.30379192,boundary probe
S1,S1,1/20 reduction without a floor,2310000,414637767,4.14637767,2721021366840000,27210213.66840000,boundary probe
S1,S1,1/20 reduction without a floor,2310001,414637767,4.14637767,2721021781477767,27210217.81477767,boundary probe
S1,S1,1/20 reduction without a floor,2519999,414637767,4.14637767,2808094883272233,28080948.83272233,boundary probe
S1,S1,1/20 reduction without a floor,2520000,393905878,3.93905878,2808095297910000,28080952.97910000,boundary probe
S1,S1,1/20 reduction without a floor,2520001,393905878,3.93905878,2808095691815878,28080956.91815878,boundary probe
S1,S1,1/20 reduction without a floor,2729999,393905878,3.93905878,2890815138384122,28908151.38384122,boundary probe
S1,S1,1/20 reduction without a floor,2730000,374210584,3.74210584,2890815532290000,28908155.32290000,boundary probe
S1,S1,1/20 reduction without a floor,2730001,374210584,3.74210584,2890815906500584,28908159.06500584,boundary probe
S1,S1,1/20 reduction without a floor,2939999,374210584,3.74210584,2969399380719416,29693993.80719416,boundary probe
S1,S1,1/20 reduction without a floor,2940000,355500054,3.55500054,2969399754930000,29693997.54930000,boundary probe
S1,S1,1/20 reduction without a floor,2940001,355500054,3.55500054,2969400110430054,29694001.10430054,boundary probe
S1,S1,1/20 reduction without a floor,3149999,355500054,3.55500054,3044054410769946,30440544.10769946,boundary probe
S1,S1,1/20 reduction without a floor,3150000,337725051,3.37725051,3044054766270000,30440547.66270000,boundary probe
S1,S1,1/20 reduction without a floor,3150001,337725051,3.37725051,3044055103995051,30440551.03995051,boundary probe
S1,S1,1/20 reduction without a floor,3359999,337725051,3.37725051,3114976689254949,31149766.89254949,boundary probe
S1,S1,1/20 reduction without a floor,3360000,320838798,3.20838798,3114977026980000,31149770.26980000,boundary probe
S1,S1,1/20 reduction without a floor,3360001,320838798,3.20838798,3114977347818798,31149773.47818798,boundary probe
S1,S1,1/20 reduction without a floor,3569999,320838798,3.20838798,3182352853721202,31823528.53721202,boundary probe
S1,S1,1/20 reduction without a floor,3570000,304796858,3.04796858,3182353174560000,31823531.74560000,boundary probe
S1,S1,1/20 reduction without a floor,3570001,304796858,3.04796858,3182353479356858,31823534.79356858,boundary probe
S1,S1,1/20 reduction without a floor,3779999,304796858,3.04796858,3246360209943142,32463602.09943142,boundary probe
S1,S1,1/20 reduction without a floor,3780000,289557015,2.89557015,3246360514740000,32463605.14740000,boundary probe
S1,S1,1/20 reduction without a floor,3780001,289557015,2.89557015,3246360804297015,32463608.04297015,boundary probe
S1,S1,1/20 reduction without a floor,3989999,289557015,2.89557015,3307167198332985,33071671.98332985,boundary probe
S1,S1,1/20 reduction without a floor,3990000,275079164,2.75079164,3307167487890000,33071674.87890000,boundary probe
S1,S1,1/20 reduction without a floor,3990001,275079164,2.75079164,3307167762969164,33071677.62969164,boundary probe
S1,S1,1/20 reduction without a floor,4199999,275079164,2.75079164,3364933837250836,33649338.37250836,boundary probe
S1,S1,1/20 reduction without a floor,4200000,261325205,2.61325205,3364934112330000,33649341.12330000,boundary probe
S1,S1,1/20 reduction without a floor,4200001,261325205,2.61325205,3364934373655205,33649343.73655205,boundary probe
S1,S1,1/20 reduction without a floor,4409999,261325205,2.61325205,3419812144054795,34198121.44054795,boundary probe
S1,S1,1/20 reduction without a floor,4410000,248258944,2.48258944,3419812405380000,34198124.05380000,boundary probe
S1,S1,1/20 reduction without a floor,4410001,248258944,2.48258944,3419812653638944,34198126.53638944,boundary probe
S1,S1,1/20 reduction without a floor,4619999,248258944,2.48258944,3471946535361056,34719465.35361056,boundary probe
S1,S1,1/20 reduction without a floor,4620000,235845996,2.35845996,3471946783620000,34719467.83620000,boundary probe
S1,S1,1/20 reduction without a floor,4620001,235845996,2.35845996,3471947019465996,34719470.19465996,boundary probe
S1,S1,1/20 reduction without a floor,4829999,235845996,2.35845996,3521474206934004,35214742.06934004,boundary probe
S1,S1,1/20 reduction without a floor,4830000,224053696,2.24053696,3521474442780000,35214744.42780000,boundary probe
S1,S1,1/20 reduction without a floor,4830001,224053696,2.24053696,3521474666833696,35214746.66833696,boundary probe
S1,S1,1/20 reduction without a floor,5039999,224053696,2.24053696,3568525494886304,35685254.94886304,boundary probe
S1,S1,1/20 reduction without a floor,5040000,212851011,2.12851011,3568525718940000,35685257.18940000,boundary probe
S1,S1,1/20 reduction without a floor,5040001,212851011,2.12851011,3568525931791011,35685259.31791011,boundary probe
S1,S1,1/20 reduction without a floor,5249999,212851011,2.12851011,3613224218398989,36132242.18398989,boundary probe
S1,S1,1/20 reduction without a floor,5250000,202208460,2.02208460,3613224431250000,36132244.31250000,boundary probe
S1,S1,1/20 reduction without a floor,5250001,202208460,2.02208460,3613224633458460,36132246.33458460,boundary probe
S1,S1,1/20 reduction without a floor,5459999,202208460,2.02208460,3655688005641540,36556880.05641540,boundary probe
S1,S1,1/20 reduction without a floor,5460000,192098037,1.92098037,3655688207850000,36556882.07850000,boundary probe
S1,S1,1/20 reduction without a floor,5460001,192098037,1.92098037,3655688399948037,36556883.99948037,boundary probe
S1,S1,1/20 reduction without a floor,5669999,192098037,1.92098037,3696028603521963,36960286.03521963,boundary probe
S1,S1,1/20 reduction without a floor,5670000,182493135,1.82493135,3696028795620000,36960287.95620000,boundary probe
S1,S1,1/20 reduction without a floor,5670001,182493135,1.82493135,3696028978113135,36960289.78113135,boundary probe
S1,S1,1/20 reduction without a floor,5879999,182493135,1.82493135,3734352171476865,37343521.71476865,boundary probe
S1,S1,1/20 reduction without a floor,5880000,173368478,1.73368478,3734352353970000,37343523.53970000,boundary probe
S1,S1,1/20 reduction without a floor,5880001,173368478,1.73368478,3734352527338478,37343525.27338478,boundary probe
S1,S1,1/20 reduction without a floor,6089999,173368478,1.73368478,3770759560981522,37707595.60981522,boundary probe
S1,S1,1/20 reduction without a floor,6090000,164700054,1.64700054,3770759734350000,37707597.34350000,boundary probe
S1,S1,1/20 reduction without a floor,6090001,164700054,1.64700054,3770759899050054,37707598.99050054,boundary probe
S1,S1,1/20 reduction without a floor,6299999,164700054,1.64700054,3805346580989946,38053465.80989946,boundary probe
S1,S1,1/20 reduction without a floor,6300000,156465051,1.56465051,3805346745690000,38053467.45690000,boundary probe
S1,S1,1/20 reduction without a floor,6300001,156465051,1.56465051,3805346902155051,38053469.02155051,boundary probe
S1,S1,1/20 reduction without a floor,6509999,156465051,1.56465051,3838204249934949,38382042.49934949,boundary probe
S1,S1,1/20 reduction without a floor,6510000,148641798,1.48641798,3838204406400000,38382044.06400000,boundary probe
S1,S1,1/20 reduction without a floor,6510001,148641798,1.48641798,3838204555041798,38382045.55041798,boundary probe
S1,S1,1/20 reduction without a floor,6719999,148641798,1.48641798,3869419035338202,38694190.35338202,boundary probe
S1,S1,1/20 reduction without a floor,6720000,141209708,1.41209708,3869419183980000,38694191.83980000,boundary probe
S1,S1,1/20 reduction without a floor,6720001,141209708,1.41209708,3869419325189708,38694193.25189708,boundary probe
S1,S1,1/20 reduction without a floor,6929999,141209708,1.41209708,3899073081450292,38990730.81450292,boundary probe
S1,S1,1/20 reduction without a floor,6930000,134149222,1.34149222,3899073222660000,38990732.22660000,boundary probe
S1,S1,1/20 reduction without a floor,6930001,134149222,1.34149222,3899073356809222,38990733.56809222,boundary probe
S1,S1,1/20 reduction without a floor,7139999,134149222,1.34149222,3927244425130778,39272444.25130778,boundary probe
S1,S1,1/20 reduction without a floor,7140000,127441760,1.27441760,3927244559280000,39272445.59280000,boundary probe
S1,S1,1/20 reduction without a floor,7140001,127441760,1.27441760,3927244686721760,39272446.86721760,boundary probe
S1,S1,1/20 reduction without a floor,7349999,127441760,1.27441760,3954007201438240,39540072.01438240,boundary probe
S1,S1,1/20 reduction without a floor,7350000,121069672,1.21069672,3954007328880000,39540073.28880000,boundary probe
S1,S1,1/20 reduction without a floor,7350001,121069672,1.21069672,3954007449949672,39540074.49949672,boundary probe
S1,S1,1/20 reduction without a floor,7559999,121069672,1.21069672,3979431838930328,39794318.38930328,boundary probe
S1,S1,1/20 reduction without a floor,7560000,115016188,1.15016188,3979431960000000,39794319.60000000,boundary probe
S1,S1,1/20 reduction without a floor,7560001,115016188,1.15016188,3979432075016188,39794320.75016188,boundary probe
S1,S1,1/20 reduction without a floor,7769999,115016188,1.15016188,4003585244463812,40035852.44463812,boundary probe
S1,S1,1/20 reduction without a floor,7770000,109265378,1.09265378,4003585359480000,40035853.59480000,boundary probe
S1,S1,1/20 reduction without a floor,7770001,109265378,1.09265378,4003585468745378,40035854.68745378,boundary probe
S1,S1,1/20 reduction without a floor,7979999,109265378,1.09265378,4026530979594622,40265309.79594622,boundary probe
S1,S1,1/20 reduction without a floor,7980000,103802109,1.03802109,4026531088860000,40265310.88860000,boundary probe
S1,S1,1/20 reduction without a floor,7980001,103802109,1.03802109,4026531192662109,40265311.92662109,boundary probe
S1,S1,1/20 reduction without a floor,8189999,103802109,1.03802109,4048329427947891,40483294.27947891,boundary probe
S1,S1,1/20 reduction without a floor,8190000,98612003,0.98612003,4048329531750000,40483295.31750000,boundary probe
S1,S1,1/20 reduction without a floor,8190001,98612003,0.98612003,4048329630362003,40483296.30362003,boundary probe
S1,S1,1/20 reduction without a floor,8399999,98612003,0.98612003,4069037953767997,40690379.53767997,boundary probe
S1,S1,1/20 reduction without a floor,8400000,93681402,0.93681402,4069038052380000,40690380.52380000,boundary probe
S1,S1,1/20 reduction without a floor,8400001,93681402,0.93681402,4069038146061402,40690381.46061402,boundary probe
S1,S1,1/20 reduction without a floor,8609999,93681402,0.93681402,4088711053118598,40887110.53118598,boundary probe
S1,S1,1/20 reduction without a floor,8610000,88997331,0.88997331,4088711146800000,40887111.46800000,boundary probe
S1,S1,1/20 reduction without a floor,8610001,88997331,0.88997331,4088711235797331,40887112.35797331,boundary probe
S1,S1,1/20 reduction without a floor,8819999,88997331,0.88997331,4107400497312669,41074004.97312669,boundary probe
S1,S1,1/20 reduction without a floor,8820000,84547464,0.84547464,4107400586310000,41074005.86310000,boundary probe
S1,S1,1/20 reduction without a floor,8820001,84547464,0.84547464,4107400670857464,41074006.70857464,boundary probe
S1,S1,1/20 reduction without a floor,9029999,84547464,0.84547464,4125155469202536,41251554.69202536,boundary probe
S1,S1,1/20 reduction without a floor,9030000,80320090,0.80320090,4125155553750000,41251555.53750000,boundary probe
S1,S1,1/20 reduction without a floor,9030001,80320090,0.80320090,4125155634070090,41251556.34070090,boundary probe
S1,S1,1/20 reduction without a floor,9239999,80320090,0.80320090,4142022692329910,41420226.92329910,boundary probe
S1,S1,1/20 reduction without a floor,9240000,76304085,0.76304085,4142022772650000,41420227.72650000,boundary probe
S1,S1,1/20 reduction without a floor,9240001,76304085,0.76304085,4142022848954085,41420228.48954085,boundary probe
S1,S1,1/20 reduction without a floor,9449999,76304085,0.76304085,4158046554195915,41580465.54195915,boundary probe
S1,S1,1/20 reduction without a floor,9450000,72488880,0.72488880,4158046630500000,41580466.30500000,boundary probe
S1,S1,1/20 reduction without a floor,9450001,72488880,0.72488880,4158046702988880,41580467.02988880,boundary probe
S1,S1,1/20 reduction without a floor,9659999,72488880,0.72488880,4173269222811120,41732692.22811120,boundary probe
S1,S1,1/20 reduction without a floor,9660000,68864436,0.68864436,4173269295300000,41732692.95300000,boundary probe
S1,S1,1/20 reduction without a floor,9660001,68864436,0.68864436,4173269364164436,41732693.64164436,boundary probe
S1,S1,1/20 reduction without a floor,9869999,68864436,0.68864436,4187730757995564,41877307.57995564,boundary probe
S1,S1,1/20 reduction without a floor,9870000,65421214,0.65421214,4187730826860000,41877308.26860000,boundary probe
S1,S1,1/20 reduction without a floor,9870001,65421214,0.65421214,4187730892281214,41877308.92281214,boundary probe
S1,S1,1/20 reduction without a floor,10079999,65421214,0.65421214,4201469216378786,42014692.16378786,boundary probe
S1,S1,1/20 reduction without a floor,10080000,62150153,0.62150153,4201469281800000,42014692.81800000,boundary probe
S1,S1,1/20 reduction without a floor,10080001,62150153,0.62150153,4201469343950153,42014693.43950153,boundary probe
S1,S1,1/20 reduction without a floor,10289999,62150153,0.62150153,4214520751779847,42145207.51779847,boundary probe
S1,S1,1/20 reduction without a floor,10290000,59042645,0.59042645,4214520813930000,42145208.13930000,boundary probe
S1,S1,1/20 reduction without a floor,10290001,59042645,0.59042645,4214520872972645,42145208.72972645,boundary probe
S1,S1,1/20 reduction without a floor,10499999,59042645,0.59042645,4226919710337355,42269197.10337355,boundary probe
S1,S1,1/20 reduction without a floor,10500000,56090512,0.56090512,4226919769380000,42269197.69380000,boundary probe
S1,S1,1/20 reduction without a floor,10500001,56090512,0.56090512,4226919825470512,42269198.25470512,boundary probe
S1,S1,1/20 reduction without a floor,10709999,56090512,0.56090512,4238698720809488,42386987.20809488,boundary probe
S1,S1,1/20 reduction without a floor,10710000,53285986,0.53285986,4238698776900000,42386987.76900000,boundary probe
S1,S1,1/20 reduction without a floor,10710001,53285986,0.53285986,4238698830185986,42386988.30185986,boundary probe
S1,S1,1/20 reduction without a floor,10919999,53285986,0.53285986,4249888780674014,42498887.80674014,boundary probe
S1,S1,1/20 reduction without a floor,10920000,50621686,0.50621686,4249888833960000,42498888.33960000,boundary probe
S1,S1,1/20 reduction without a floor,10920001,50621686,0.50621686,4249888884581686,42498888.84581686,boundary probe
S1,S1,1/20 reduction without a floor,11129999,50621686,0.50621686,4260519337398314,42605193.37398314,boundary probe
S1,S1,1/20 reduction without a floor,11130000,48090601,0.48090601,4260519388020000,42605193.88020000,boundary probe
S1,S1,1/20 reduction without a floor,11130001,48090601,0.48090601,4260519436110601,42605194.36110601,boundary probe
S1,S1,1/20 reduction without a floor,11339999,48090601,0.48090601,4270618366139399,42706183.66139399,boundary probe
S1,S1,1/20 reduction without a floor,11340000,45686070,0.45686070,4270618414230000,42706184.14230000,boundary probe
S1,S1,1/20 reduction without a floor,11340001,45686070,0.45686070,4270618459916070,42706184.59916070,boundary probe
S1,S1,1/20 reduction without a floor,11549999,45686070,0.45686070,4280212443243930,42802124.43243930,boundary probe
S1,S1,1/20 reduction without a floor,11550000,43401766,0.43401766,4280212488930000,42802124.88930000,boundary probe
S1,S1,1/20 reduction without a floor,11550001,43401766,0.43401766,4280212532331766,42802125.32331766,boundary probe
S1,S1,1/20 reduction without a floor,11759999,43401766,0.43401766,4289326816388234,42893268.16388234,boundary probe
S1,S1,1/20 reduction without a floor,11760000,41231677,0.41231677,4289326859790000,42893268.59790000,boundary probe
S1,S1,1/20 reduction without a floor,11760001,41231677,0.41231677,4289326901021677,42893269.01021677,boundary probe
S1,S1,1/20 reduction without a floor,11969999,41231677,0.41231677,4297985470728323,42979854.70728323,boundary probe
S1,S1,1/20 reduction without a floor,11970000,39170093,0.39170093,4297985511960000,42979855.11960000,boundary probe
S1,S1,1/20 reduction without a floor,11970001,39170093,0.39170093,4297985551130093,42979855.51130093,boundary probe
S1,S1,1/20 reduction without a floor,12179999,39170093,0.39170093,4306211192319907,43062111.92319907,boundary probe
S1,S1,1/20 reduction without a floor,12180000,37211588,0.37211588,4306211231490000,43062112.31490000,boundary probe
S1,S1,1/20 reduction without a floor,12180001,37211588,0.37211588,4306211268701588,43062112.68701588,boundary probe
S1,S1,1/20 reduction without a floor,12389999,37211588,0.37211588,4314025627758412,43140256.27758412,boundary probe
S1,S1,1/20 reduction without a floor,12390000,35351008,0.35351008,4314025664970000,43140256.64970000,boundary probe
S1,S1,1/20 reduction without a floor,12390001,35351008,0.35351008,4314025700321008,43140257.00321008,boundary probe
S1,S1,1/20 reduction without a floor,12599999,35351008,0.35351008,4321449341298992,43214493.41298992,boundary probe
S1,S1,1/20 reduction without a floor,12600000,33583457,0.33583457,4321449376650000,43214493.76650000,boundary probe
S1,S1,1/20 reduction without a floor,12600001,33583457,0.33583457,4321449410233457,43214494.10233457,boundary probe
S1,S1,1/20 reduction without a floor,12809999,33583457,0.33583457,4328501869036543,43285018.69036543,boundary probe
S1,S1,1/20 reduction without a floor,12810000,31904284,0.31904284,4328501902620000,43285019.02620000,boundary probe
S1,S1,1/20 reduction without a floor,12810001,31904284,0.31904284,4328501934524284,43285019.34524284,boundary probe
S1,S1,1/20 reduction without a floor,13019999,31904284,0.31904284,4335201770355716,43352017.70355716,boundary probe
S1,S1,1/20 reduction without a floor,13020000,30309069,0.30309069,4335201802260000,43352018.02260000,boundary probe
S1,S1,1/20 reduction without a floor,13020001,30309069,0.30309069,4335201832569069,43352018.32569069,boundary probe
S1,S1,1/20 reduction without a floor,13229999,30309069,0.30309069,4341566676440931,43415666.76440931,boundary probe
S1,S1,1/20 reduction without a floor,13230000,28793615,0.28793615,4341566706750000,43415667.06750000,boundary probe
S1,S1,1/20 reduction without a floor,13230001,28793615,0.28793615,4341566735543615,43415667.35543615,boundary probe
S1,S1,1/20 reduction without a floor,13439999,28793615,0.28793615,4347613337106385,43476133.37106385,boundary probe
S1,S1,1/20 reduction without a floor,13440000,27353934,0.27353934,4347613365900000,43476133.65900000,boundary probe
S1,S1,1/20 reduction without a floor,13440001,27353934,0.27353934,4347613393253934,43476133.93253934,boundary probe
S1,S1,1/20 reduction without a floor,13649999,27353934,0.27353934,4353357664686066,43533576.64686066,boundary probe
S1,S1,1/20 reduction without a floor,13650000,25986237,0.25986237,4353357692040000,43533576.92040000,boundary probe
S1,S1,1/20 reduction without a floor,13650001,25986237,0.25986237,4353357718026237,43533577.18026237,boundary probe
S1,S1,1/20 reduction without a floor,13859999,25986237,0.25986237,4358814775823763,43588147.75823763,boundary probe
S1,S1,1/20 reduction without a floor,13860000,24686925,0.24686925,4358814801810000,43588148.01810000,boundary probe
S1,S1,1/20 reduction without a floor,13860001,24686925,0.24686925,4358814826496925,43588148.26496925,boundary probe
S1,S1,1/20 reduction without a floor,14069999,24686925,0.24686925,4363999031373075,43639990.31373075,boundary probe
S1,S1,1/20 reduction without a floor,14070000,23452578,0.23452578,4363999056060000,43639990.56060000,boundary probe
S1,S1,1/20 reduction without a floor,14070001,23452578,0.23452578,4363999079512578,43639990.79512578,boundary probe
S1,S1,1/20 reduction without a floor,14279999,23452578,0.23452578,4368924073987422,43689240.73987422,boundary probe
S1,S1,1/20 reduction without a floor,14280000,22279949,0.22279949,4368924097440000,43689240.97440000,boundary probe
S1,S1,1/20 reduction without a floor,14280001,22279949,0.22279949,4368924119719949,43689241.19719949,boundary probe
S1,S1,1/20 reduction without a floor,14489999,22279949,0.22279949,4373602864450051,43736028.64450051,boundary probe
S1,S1,1/20 reduction without a floor,14490000,21165951,0.21165951,4373602886730000,43736028.86730000,boundary probe
S1,S1,1/20 reduction without a floor,14490001,21165951,0.21165951,4373602907895951,43736029.07895951,boundary probe
S1,S1,1/20 reduction without a floor,14699999,21165951,0.21165951,4378047715274049,43780477.15274049,boundary probe
S1,S1,1/20 reduction without a floor,14700000,20107653,0.20107653,4378047736440000,43780477.36440000,boundary probe
S1,S1,1/20 reduction without a floor,14700001,20107653,0.20107653,4378047756547653,43780477.56547653,boundary probe
S1,S1,1/20 reduction without a floor,14909999,20107653,0.20107653,4382270323462347,43822703.23462347,boundary probe
S1,S1,1/20 reduction without a floor,14910000,19102270,0.19102270,4382270343570000,43822703.43570000,boundary probe
S1,S1,1/20 reduction without a floor,14910001,19102270,0.19102270,4382270362672270,43822703.62672270,boundary probe
S1,S1,1/20 reduction without a floor,15119999,19102270,0.19102270,4386281801167730,43862818.01167730,boundary probe
S1,S1,1/20 reduction without a floor,15120000,18147156,0.18147156,4386281820270000,43862818.20270000,boundary probe
S1,S1,1/20 reduction without a floor,15120001,18147156,0.18147156,4386281838417156,43862818.38417156,boundary probe
S1,S1,1/20 reduction without a floor,15329999,18147156,0.18147156,4390092704882844,43900927.04882844,boundary probe
S1,S1,1/20 reduction without a floor,15330000,17239798,0.17239798,4390092723030000,43900927.23030000,boundary probe
S1,S1,1/20 reduction without a floor,15330001,17239798,0.17239798,4390092740269798,43900927.40269798,boundary probe
S1,S1,1/20 reduction without a floor,15539999,17239798,0.17239798,4393713063370202,43937130.63370202,boundary probe
S1,S1,1/20 reduction without a floor,15540000,16377808,0.16377808,4393713080610000,43937130.80610000,boundary probe
S1,S1,1/20 reduction without a floor,15540001,16377808,0.16377808,4393713096987808,43937130.96987808,boundary probe
S1,S1,1/20 reduction without a floor,15749999,16377808,0.16377808,4397152403912192,43971524.03912192,boundary probe
S1,S1,1/20 reduction without a floor,15750000,15558917,0.15558917,4397152420290000,43971524.20290000,boundary probe
S1,S1,1/20 reduction without a floor,15750001,15558917,0.15558917,4397152435848917,43971524.35848917,boundary probe
S1,S1,1/20 reduction without a floor,15959999,15558917,0.15558917,4400419777301083,44004197.77301083,boundary probe
S1,S1,1/20 reduction without a floor,15960000,14780971,0.14780971,4400419792860000,44004197.92860000,boundary probe
S1,S1,1/20 reduction without a floor,15960001,14780971,0.14780971,4400419807640971,44004198.07640971,boundary probe
S1,S1,1/20 reduction without a floor,16169999,14780971,0.14780971,4403523781989029,44035237.81989029,boundary probe
S1,S1,1/20 reduction without a floor,16170000,14041922,0.14041922,4403523796770000,44035237.96770000,boundary probe
S1,S1,1/20 reduction without a floor,16170001,14041922,0.14041922,4403523810811922,44035238.10811922,boundary probe
S1,S1,1/20 reduction without a floor,16379999,14041922,0.14041922,4406472586348078,44064725.86348078,boundary probe
S1,S1,1/20 reduction without a floor,16380000,13339825,0.13339825,4406472600390000,44064726.00390000,boundary probe
S1,S1,1/20 reduction without a floor,16380001,13339825,0.13339825,4406472613729825,44064726.13729825,boundary probe
S1,S1,1/20 reduction without a floor,16589999,13339825,0.13339825,4409273950300175,44092739.50300175,boundary probe
S1,S1,1/20 reduction without a floor,16590000,12672833,0.12672833,4409273963640000,44092739.63640000,boundary probe
S1,S1,1/20 reduction without a floor,16590001,12672833,0.12672833,4409273976312833,44092739.76312833,boundary probe
S1,S1,1/20 reduction without a floor,16799999,12672833,0.12672833,4411935245897167,44119352.45897167,boundary probe
S1,S1,1/20 reduction without a floor,16800000,12039191,0.12039191,4411935258570000,44119352.58570000,boundary probe
S1,S1,1/20 reduction without a floor,16800001,12039191,0.12039191,4411935270609191,44119352.70609191,boundary probe
S1,S1,1/20 reduction without a floor,17009999,12039191,0.12039191,4414463476640809,44144634.76640809,boundary probe
S1,S1,1/20 reduction without a floor,17010000,11437231,0.11437231,4414463488680000,44144634.88680000,boundary probe
S1,S1,1/20 reduction without a floor,17010001,11437231,0.11437231,4414463500117231,44144635.00117231,boundary probe
S1,S1,1/20 reduction without a floor,17219999,11437231,0.11437231,4416865295752769,44168652.95752769,boundary probe
S1,S1,1/20 reduction without a floor,17220000,10865369,0.10865369,4416865307190000,44168653.07190000,boundary probe
S1,S1,1/20 reduction without a floor,17220001,10865369,0.10865369,4416865318055369,44168653.18055369,boundary probe
S1,S1,1/20 reduction without a floor,17429999,10865369,0.10865369,4419147023814631,44191470.23814631,boundary probe
S1,S1,1/20 reduction without a floor,17430000,10322100,0.10322100,4419147034680000,44191470.34680000,boundary probe
S1,S1,1/20 reduction without a floor,17430001,10322100,0.10322100,4419147045002100,44191470.45002100,boundary probe
S1,S1,1/20 reduction without a floor,17639999,10322100,0.10322100,4421314665357900,44213146.65357900,boundary probe
S1,S1,1/20 reduction without a floor,17640000,9805995,0.09805995,4421314675680000,44213146.75680000,boundary probe
S1,S1,1/20 reduction without a floor,17640001,9805995,0.09805995,4421314685485995,44213146.85485995,boundary probe
S1,S1,1/20 reduction without a floor,17849999,9805995,0.09805995,4423373924824005,44233739.24824005,boundary probe
S1,S1,1/20 reduction without a floor,17850000,9315695,0.09315695,4423373934630000,44233739.34630000,boundary probe
S1,S1,1/20 reduction without a floor,17850001,9315695,0.09315695,4423373943945695,44233739.43945695,boundary probe
S1,S1,1/20 reduction without a floor,18059999,9315695,0.09315695,4425330221264305,44253302.21264305,boundary probe
S1,S1,1/20 reduction without a floor,18060000,8849910,0.08849910,4425330230580000,44253302.30580000,boundary probe
S1,S1,1/20 reduction without a floor,18060001,8849910,0.08849910,4425330239429910,44253302.39429910,boundary probe
S1,S1,1/20 reduction without a floor,18269999,8849910,0.08849910,4427188702830090,44271887.02830090,boundary probe
S1,S1,1/20 reduction without a floor,18270000,8407414,0.08407414,4427188711680000,44271887.11680000,boundary probe
S1,S1,1/20 reduction without a floor,18270001,8407414,0.08407414,4427188720087414,44271887.20087414,boundary probe
S1,S1,1/20 reduction without a floor,18479999,8407414,0.08407414,4428954260212586,44289542.60212586,boundary probe
S1,S1,1/20 reduction without a floor,18480000,7987043,0.07987043,4428954268620000,44289542.68620000,boundary probe
S1,S1,1/20 reduction without a floor,18480001,7987043,0.07987043,4428954276607043,44289542.76607043,boundary probe
S1,S1,1/20 reduction without a floor,18689999,7987043,0.07987043,4430631539662957,44306315.39662957,boundary probe
S1,S1,1/20 reduction without a floor,18690000,7587690,0.07587690,4430631547650000,44306315.47650000,boundary probe
S1,S1,1/20 reduction without a floor,18690001,7587690,0.07587690,4430631555237690,44306315.55237690,boundary probe
S1,S1,1/20 reduction without a floor,18899999,7587690,0.07587690,4432224954962310,44322249.54962310,boundary probe
S1,S1,1/20 reduction without a floor,18900000,7208305,0.07208305,4432224962550000,44322249.62550000,boundary probe
S1,S1,1/20 reduction without a floor,18900001,7208305,0.07208305,4432224969758305,44322249.69758305,boundary probe
S1,S1,1/20 reduction without a floor,19109999,7208305,0.07208305,4433738699391695,44337386.99391695,boundary probe
S1,S1,1/20 reduction without a floor,19110000,6847889,0.06847889,4433738706600000,44337387.06600000,boundary probe
S1,S1,1/20 reduction without a floor,19110001,6847889,0.06847889,4433738713447889,44337387.13447889,boundary probe
S1,S1,1/20 reduction without a floor,19319999,6847889,0.06847889,4435176756442111,44351767.56442111,boundary probe
S1,S1,1/20 reduction without a floor,19320000,6505494,0.06505494,4435176763290000,44351767.63290000,boundary probe
S1,S1,1/20 reduction without a floor,19320001,6505494,0.06505494,4435176769795494,44351767.69795494,boundary probe
S1,S1,1/20 reduction without a floor,19529999,6505494,0.06505494,4436542910524506,44365429.10524506,boundary probe
S1,S1,1/20 reduction without a floor,19530000,6180219,0.06180219,4436542917030000,44365429.17030000,boundary probe
S1,S1,1/20 reduction without a floor,19530001,6180219,0.06180219,4436542923210219,44365429.23210219,boundary probe
S1,S1,1/20 reduction without a floor,19739999,6180219,0.06180219,4437840756839781,44378407.56839781,boundary probe
S1,S1,1/20 reduction without a floor,19740000,5871208,0.05871208,4437840763020000,44378407.63020000,boundary probe
S1,S1,1/20 reduction without a floor,19740001,5871208,0.05871208,4437840768891208,44378407.68891208,boundary probe
S1,S1,1/20 reduction without a floor,19949999,5871208,0.05871208,4439073710828792,44390737.10828792,boundary probe
S1,S1,1/20 reduction without a floor,19950000,5577647,0.05577647,4439073716700000,44390737.16700000,boundary probe
S1,S1,1/20 reduction without a floor,19950001,5577647,0.05577647,4439073722277647,44390737.22277647,boundary probe
S1,S1,1/20 reduction without a floor,20159999,5577647,0.05577647,4440245016992353,44402450.16992353,boundary probe
S1,S1,1/20 reduction without a floor,20160000,5298764,0.05298764,4440245022570000,44402450.22570000,boundary probe
S1,S1,1/20 reduction without a floor,20160001,5298764,0.05298764,4440245027868764,44402450.27868764,boundary probe
S1,S1,1/20 reduction without a floor,20369999,5298764,0.05298764,4441357757711236,44413577.57711236,boundary probe
S1,S1,1/20 reduction without a floor,20370000,5033825,0.05033825,4441357763010000,44413577.63010000,boundary probe
S1,S1,1/20 reduction without a floor,20370001,5033825,0.05033825,4441357768043825,44413577.68043825,boundary probe
S1,S1,1/20 reduction without a floor,20579999,5033825,0.05033825,4442414861226175,44424148.61226175,boundary probe
S1,S1,1/20 reduction without a floor,20580000,4782133,0.04782133,4442414866260000,44424148.66260000,boundary probe
S1,S1,1/20 reduction without a floor,20580001,4782133,0.04782133,4442414871042133,44424148.71042133,boundary probe
S1,S1,1/20 reduction without a floor,20789999,4782133,0.04782133,4443419109407867,44434191.09407867,boundary probe
S1,S1,1/20 reduction without a floor,20790000,4543026,0.04543026,4443419114190000,44434191.14190000,boundary probe
S1,S1,1/20 reduction without a floor,20790001,4543026,0.04543026,4443419118733026,44434191.18733026,boundary probe
S1,S1,1/20 reduction without a floor,20999999,4543026,0.04543026,4444373145106974,44443731.45106974,boundary probe
S1,S1,1/20 reduction without a floor,21000000,4315874,0.04315874,4444373149650000,44443731.49650000,boundary probe
S1,S1,1/20 reduction without a floor,21000001,4315874,0.04315874,4444373153965874,44443731.53965874,boundary probe
S1,S1,1/20 reduction without a floor,21209999,4315874,0.04315874,4445279478874126,44452794.78874126,boundary probe
S1,S1,1/20 reduction without a floor,21210000,4100080,0.04100080,4445279483190000,44452794.83190000,boundary probe
S1,S1,1/20 reduction without a floor,21210001,4100080,0.04100080,4445279487290080,44452794.87290080,boundary probe
S1,S1,1/20 reduction without a floor,21419999,4100080,0.04100080,4446140495889920,44461404.95889920,boundary probe
S1,S1,1/20 reduction without a floor,21420000,3895076,0.03895076,4446140499990000,44461404.99990000,boundary probe
S1,S1,1/20 reduction without a floor,21420001,3895076,0.03895076,4446140503885076,44461405.03885076,boundary probe
S1,S1,1/20 reduction without a floor,21629999,3895076,0.03895076,4446958462054924,44469584.62054924,boundary probe
S1,S1,1/20 reduction without a floor,21630000,3700322,0.03700322,4446958465950000,44469584.65950000,boundary probe
S1,S1,1/20 reduction without a floor,21630001,3700322,0.03700322,4446958469650322,44469584.69650322,boundary probe
S1,S1,1/20 reduction without a floor,21839999,3700322,0.03700322,4447735529869678,44477355.29869678,boundary probe
S1,S1,1/20 reduction without a floor,21840000,3515305,0.03515305,4447735533570000,44477355.33570000,boundary probe
S1,S1,1/20 reduction without a floor,21840001,3515305,0.03515305,4447735537085305,44477355.37085305,boundary probe
S1,S1,1/20 reduction without a floor,22049999,3515305,0.03515305,4448473744104695,44484737.44104695,boundary probe
S1,S1,1/20 reduction without a floor,22050000,3339539,0.03339539,4448473747620000,44484737.47620000,boundary probe
S1,S1,1/20 reduction without a floor,22050001,3339539,0.03339539,4448473750959539,44484737.50959539,boundary probe
S1,S1,1/20 reduction without a floor,22259999,3339539,0.03339539,4449175047470461,44491750.47470461,boundary probe
S1,S1,1/20 reduction without a floor,22260000,3172562,0.03172562,4449175050810000,44491750.50810000,boundary probe
S1,S1,1/20 reduction without a floor,22260001,3172562,0.03172562,4449175053982562,44491750.53982562,boundary probe
S1,S1,1/20 reduction without a floor,22469999,3172562,0.03172562,4449841285657438,44498412.85657438,boundary probe
S1,S1,1/20 reduction without a floor,22470000,3013933,0.03013933,4449841288830000,44498412.88830000,boundary probe
S1,S1,1/20 reduction without a floor,22470001,3013933,0.03013933,4449841291843933,44498412.91843933,boundary probe
S1,S1,1/20 reduction without a floor,22679999,3013933,0.03013933,4450474211746067,44504742.11746067,boundary probe
S1,S1,1/20 reduction without a floor,22680000,2863236,0.02863236,4450474214760000,44504742.14760000,boundary probe
S1,S1,1/20 reduction without a floor,22680001,2863236,0.02863236,4450474217623236,44504742.17623236,boundary probe
S1,S1,1/20 reduction without a floor,22889999,2863236,0.02863236,4451075491456764,44510754.91456764,boundary probe
S1,S1,1/20 reduction without a floor,22890000,2720074,0.02720074,4451075494320000,44510754.94320000,boundary probe
S1,S1,1/20 reduction without a floor,22890001,2720074,0.02720074,4451075497040074,44510754.97040074,boundary probe
S1,S1,1/20 reduction without a floor,23099999,2720074,0.02720074,4451646707139926,44516467.07139926,boundary probe
S1,S1,1/20 reduction without a floor,23100000,2584070,0.02584070,4451646709860000,44516467.09860000,boundary probe
S1,S1,1/20 reduction without a floor,23100001,2584070,0.02584070,4451646712444070,44516467.12444070,boundary probe
S1,S1,1/20 reduction without a floor,23309999,2584070,0.02584070,4452189361975930,44521893.61975930,boundary probe
S1,S1,1/20 reduction without a floor,23310000,2454866,0.02454866,4452189364560000,44521893.64560000,boundary probe
S1,S1,1/20 reduction without a floor,23310001,2454866,0.02454866,4452189367014866,44521893.67014866,boundary probe
S1,S1,1/20 reduction without a floor,23519999,2454866,0.02454866,4452704883965134,44527048.83965134,boundary probe
S1,S1,1/20 reduction without a floor,23520000,2332122,0.02332122,4452704886420000,44527048.86420000,boundary probe
S1,S1,1/20 reduction without a floor,23520001,2332122,0.02332122,4452704888752122,44527048.88752122,boundary probe
S1,S1,1/20 reduction without a floor,23729999,2332122,0.02332122,4453194629707878,44531946.29707878,boundary probe
S1,S1,1/20 reduction without a floor,23730000,2215515,0.02215515,4453194632040000,44531946.32040000,boundary probe
S1,S1,1/20 reduction without a floor,23730001,2215515,0.02215515,4453194634255515,44531946.34255515,boundary probe
S1,S1,1/20 reduction without a floor,23939999,2215515,0.02215515,4453659887974485,44536598.87974485,boundary probe
S1,S1,1/20 reduction without a floor,23940000,2104739,0.02104739,4453659890190000,44536598.90190000,boundary probe
S1,S1,1/20 reduction without a floor,23940001,2104739,0.02104739,4453659892294739,44536598.92294739,boundary probe
S1,S1,1/20 reduction without a floor,24149999,2104739,0.02104739,4454101883275261,44541018.83275261,boundary probe
S1,S1,1/20 reduction without a floor,24150000,1999502,0.01999502,4454101885380000,44541018.85380000,boundary probe
S1,S1,1/20 reduction without a floor,24150001,1999502,0.01999502,4454101887379502,44541018.87379502,boundary probe
S1,S1,1/20 reduction without a floor,24359999,1999502,0.01999502,4454521778800498,44545217.78800498,boundary probe
S1,S1,1/20 reduction without a floor,24360000,1899526,0.01899526,4454521780800000,44545217.80800000,boundary probe
S1,S1,1/20 reduction without a floor,24360001,1899526,0.01899526,4454521782699526,44545217.82699526,boundary probe
S1,S1,1/20 reduction without a floor,24569999,1899526,0.01899526,4454920679360474,44549206.79360474,boundary probe
S1,S1,1/20 reduction without a floor,24570000,1804549,0.01804549,4454920681260000,44549206.81260000,boundary probe
S1,S1,1/20 reduction without a floor,24570001,1804549,0.01804549,4454920683064549,44549206.83064549,boundary probe
S1,S1,1/20 reduction without a floor,24779999,1804549,0.01804549,4455299634745451,44552996.34745451,boundary probe
S1,S1,1/20 reduction without a floor,24780000,1714321,0.01714321,4455299636550000,44552996.36550000,boundary probe
S1,S1,1/20 reduction without a floor,24780001,1714321,0.01714321,4455299638264321,44552996.38264321,boundary probe
S1,S1,1/20 reduction without a floor,24989999,1714321,0.01714321,4455659642245679,44556596.42245679,boundary probe
S1,S1,1/20 reduction without a floor,24990000,1628604,0.01628604,4455659643960000,44556596.43960000,boundary probe
S1,S1,1/20 reduction without a floor,24990001,1628604,0.01628604,4455659645588604,44556596.45588604,boundary probe
S1,S1,1/20 reduction without a floor,25199999,1628604,0.01628604,4456001649171396,44560016.49171396,boundary probe
S1,S1,1/20 reduction without a floor,25200000,1547173,0.01547173,4456001650800000,44560016.50800000,boundary probe
S1,S1,1/20 reduction without a floor,25200001,1547173,0.01547173,4456001652347173,44560016.52347173,boundary probe
S1,S1,1/20 reduction without a floor,25409999,1547173,0.01547173,4456326555582827,44563265.55582827,boundary probe
S1,S1,1/20 reduction without a floor,25410000,1469814,0.01469814,4456326557130000,44563265.57130000,boundary probe
S1,S1,1/20 reduction without a floor,25410001,1469814,0.01469814,4456326558599814,44563265.58599814,boundary probe
S1,S1,1/20 reduction without a floor,25619999,1469814,0.01469814,4456635216600186,44566352.16600186,boundary probe
S1,S1,1/20 reduction without a floor,25620000,1396323,0.01396323,4456635218070000,44566352.18070000,boundary probe
S1,S1,1/20 reduction without a floor,25620001,1396323,0.01396323,4456635219466323,44566352.19466323,boundary probe
S1,S1,1/20 reduction without a floor,25829999,1396323,0.01396323,4456928444503677,44569284.44503677,boundary probe
S1,S1,1/20 reduction without a floor,25830000,1326506,0.01326506,4456928445900000,44569284.45900000,boundary probe
S1,S1,1/20 reduction without a floor,25830001,1326506,0.01326506,4456928447226506,44569284.47226506,boundary probe
S1,S1,1/20 reduction without a floor,26039999,1326506,0.01326506,4457207010833494,44572070.10833494,boundary probe
S1,S1,1/20 reduction without a floor,26040000,1260180,0.01260180,4457207012160000,44572070.12160000,boundary probe
S1,S1,1/20 reduction without a floor,26040001,1260180,0.01260180,4457207013420180,44572070.13420180,boundary probe
S1,S1,1/20 reduction without a floor,26249999,1260180,0.01260180,4457471648699820,44574716.48699820,boundary probe
S1,S1,1/20 reduction without a floor,26250000,1197171,0.01197171,4457471649960000,44574716.49960000,boundary probe
S1,S1,1/20 reduction without a floor,26250001,1197171,0.01197171,4457471651157171,44574716.51157171,boundary probe
S1,S1,1/20 reduction without a floor,26459999,1197171,0.01197171,4457723054672829,44577230.54672829,boundary probe
S1,S1,1/20 reduction without a floor,26460000,1137312,0.01137312,4457723055870000,44577230.55870000,boundary probe
S1,S1,1/20 reduction without a floor,26460001,1137312,0.01137312,4457723057007312,44577230.57007312,boundary probe
S1,S1,1/20 reduction without a floor,26669999,1137312,0.01137312,4457961890252688,44579618.90252688,boundary probe
S1,S1,1/20 reduction without a floor,26670000,1080446,0.01080446,4457961891390000,44579618.91390000,boundary probe
S1,S1,1/20 reduction without a floor,26670001,1080446,0.01080446,4457961892470446,44579618.92470446,boundary probe
S1,S1,1/20 reduction without a floor,26879999,1080446,0.01080446,4458188783969554,44581887.83969554,boundary probe
S1,S1,1/20 reduction without a floor,26880000,1026423,0.01026423,4458188785050000,44581887.85050000,boundary probe
S1,S1,1/20 reduction without a floor,26880001,1026423,0.01026423,4458188786076423,44581887.86076423,boundary probe
S1,S1,1/20 reduction without a floor,27089999,1026423,0.01026423,4458404332853577,44584043.32853577,boundary probe
S1,S1,1/20 reduction without a floor,27090000,975101,0.00975101,4458404333880000,44584043.33880000,boundary probe
S1,S1,1/20 reduction without a floor,27090001,975101,0.00975101,4458404334855101,44584043.34855101,boundary probe
S1,S1,1/20 reduction without a floor,27299999,975101,0.00975101,4458609104114899,44586091.04114899,boundary probe
S1,S1,1/20 reduction without a floor,27300000,926345,0.00926345,4458609105090000,44586091.05090000,boundary probe
S1,S1,1/20 reduction without a floor,27300001,926345,0.00926345,4458609106016345,44586091.06016345,boundary probe
S1,S1,1/20 reduction without a floor,27509999,926345,0.00926345,4458803636613655,44588036.36613655,boundary probe
S1,S1,1/20 reduction without a floor,27510000,880027,0.00880027,4458803637540000,44588036.37540000,boundary probe
S1,S1,1/20 reduction without a floor,27510001,880027,0.00880027,4458803638420027,44588036.38420027,boundary probe
S1,S1,1/20 reduction without a floor,27719999,880027,0.00880027,4458988442329973,44589884.42329973,boundary probe
S1,S1,1/20 reduction without a floor,27720000,836025,0.00836025,4458988443210000,44589884.43210000,boundary probe
S1,S1,1/20 reduction without a floor,27720001,836025,0.00836025,4458988444046025,44589884.44046025,boundary probe
S1,S1,1/20 reduction without a floor,27929999,836025,0.00836025,4459164007623975,44591640.07623975,boundary probe
S1,S1,1/20 reduction without a floor,27930000,794223,0.00794223,4459164008460000,44591640.08460000,boundary probe
S1,S1,1/20 reduction without a floor,27930001,794223,0.00794223,4459164009254223,44591640.09254223,boundary probe
S1,S1,1/20 reduction without a floor,28139999,794223,0.00794223,4459330794495777,44593307.94495777,boundary probe
S1,S1,1/20 reduction without a floor,28140000,754511,0.00754511,4459330795290000,44593307.95290000,boundary probe
S1,S1,1/20 reduction without a floor,28140001,754511,0.00754511,4459330796044511,44593307.96044511,boundary probe
S1,S1,1/20 reduction without a floor,28349999,754511,0.00754511,4459489241845489,44594892.41845489,boundary probe
S1,S1,1/20 reduction without a floor,28350000,716785,0.00716785,4459489242600000,44594892.42600000,boundary probe
S1,S1,1/20 reduction without a floor,28350001,716785,0.00716785,4459489243316785,44594892.43316785,boundary probe
S1,S1,1/20 reduction without a floor,28559999,716785,0.00716785,4459639766733215,44596397.66733215,boundary probe
S1,S1,1/20 reduction without a floor,28560000,680945,0.00680945,4459639767450000,44596397.67450000,boundary probe
S1,S1,1/20 reduction without a floor,28560001,680945,0.00680945,4459639768130945,44596397.68130945,boundary probe
S1,S1,1/20 reduction without a floor,28769999,680945,0.00680945,4459782765219055,44597827.65219055,boundary probe
S1,S1,1/20 reduction without a floor,28770000,646897,0.00646897,4459782765900000,44597827.65900000,boundary probe
S1,S1,1/20 reduction without a floor,28770001,646897,0.00646897,4459782766546897,44597827.66546897,boundary probe
S1,S1,1/20 reduction without a floor,28979999,646897,0.00646897,4459918613623103,44599186.13623103,boundary probe
S1,S1,1/20 reduction without a floor,28980000,614552,0.00614552,4459918614270000,44599186.14270000,boundary probe
S1,S1,1/20 reduction without a floor,28980001,614552,0.00614552,4459918614884552,44599186.14884552,boundary probe
S1,S1,1/20 reduction without a floor,29189999,614552,0.00614552,4460047669575448,44600476.69575448,boundary probe
S1,S1,1/20 reduction without a floor,29190000,583824,0.00583824,4460047670190000,44600476.70190000,boundary probe
S1,S1,1/20 reduction without a floor,29190001,583824,0.00583824,4460047670773824,44600476.70773824,boundary probe
S1,S1,1/20 reduction without a floor,29399999,583824,0.00583824,4460170272646176,44601702.72646176,boundary probe
S1,S1,1/20 reduction without a floor,29400000,554632,0.00554632,4460170273230000,44601702.73230000,boundary probe
S1,S1,1/20 reduction without a floor,29400001,554632,0.00554632,4460170273784632,44601702.73784632,boundary probe
S1,S1,1/20 reduction without a floor,29609999,554632,0.00554632,4460286745395368,44602867.45395368,boundary probe
S1,S1,1/20 reduction without a floor,29610000,526900,0.00526900,4460286745950000,44602867.45950000,boundary probe
S1,S1,1/20 reduction without a floor,29610001,526900,0.00526900,4460286746476900,44602867.46476900,boundary probe
S1,S1,1/20 reduction without a floor,29819999,526900,0.00526900,4460397394423100,44603973.94423100,boundary probe
S1,S1,1/20 reduction without a floor,29820000,500555,0.00500555,4460397394950000,44603973.94950000,boundary probe
S1,S1,1/20 reduction without a floor,29820001,500555,0.00500555,4460397395450555,44603973.95450555,boundary probe
S1,S1,1/20 reduction without a floor,30029999,500555,0.00500555,4460502510999445,44605025.10999445,boundary probe
S1,S1,1/20 reduction without a floor,30030000,475527,0.00475527,4460502511500000,44605025.11500000,boundary probe
S1,S1,1/20 reduction without a floor,30030001,475527,0.00475527,4460502511975527,44605025.11975527,boundary probe
S1,S1,1/20 reduction without a floor,30239999,475527,0.00475527,4460602371694473,44606023.71694473,boundary probe
S1,S1,1/20 reduction without a floor,30240000,451750,0.00451750,4460602372170000,44606023.72170000,boundary probe
S1,S1,1/20 reduction without a floor,30240001,451750,0.00451750,4460602372621750,44606023.72621750,boundary probe
S1,S1,1/20 reduction without a floor,30449999,451750,0.00451750,4460697239218250,44606972.39218250,boundary probe
S1,S1,1/20 reduction without a floor,30450000,429162,0.00429162,4460697239670000,44606972.39670000,boundary probe
S1,S1,1/20 reduction without a floor,30450001,429162,0.00429162,4460697240099162,44606972.40099162,boundary probe
S1,S1,1/20 reduction without a floor,30659999,429162,0.00429162,4460787363260838,44607873.63260838,boundary probe
S1,S1,1/20 reduction without a floor,30660000,407703,0.00407703,4460787363690000,44607873.63690000,boundary probe
S1,S1,1/20 reduction without a floor,30660001,407703,0.00407703,4460787364097703,44607873.64097703,boundary probe
S1,S1,1/20 reduction without a floor,30869999,407703,0.00407703,4460872980912297,44608729.80912297,boundary probe
S1,S1,1/20 reduction without a floor,30870000,387317,0.00387317,4460872981320000,44608729.81320000,boundary probe
S1,S1,1/20 reduction without a floor,30870001,387317,0.00387317,4460872981707317,44608729.81707317,boundary probe
S1,S1,1/20 reduction without a floor,31079999,387317,0.00387317,4460954317502683,44609543.17502683,boundary probe
S1,S1,1/20 reduction without a floor,31080000,367951,0.00367951,4460954317890000,44609543.17890000,boundary probe
S1,S1,1/20 reduction without a floor,31080001,367951,0.00367951,4460954318257951,44609543.18257951,boundary probe
S1,S1,1/20 reduction without a floor,31289999,367951,0.00367951,4461031587232049,44610315.87232049,boundary probe
S1,S1,1/20 reduction without a floor,31290000,349553,0.00349553,4461031587600000,44610315.87600000,boundary probe
S1,S1,1/20 reduction without a floor,31290001,349553,0.00349553,4461031587949553,44610315.87949553,boundary probe
S1,S1,1/20 reduction without a floor,31499999,349553,0.00349553,4461104993380447,44611049.93380447,boundary probe
S1,S1,1/20 reduction without a floor,31500000,332075,0.00332075,4461104993730000,44611049.93730000,boundary probe
S1,S1,1/20 reduction without a floor,31500001,332075,0.00332075,4461104994062075,44611049.94062075,boundary probe
S1,S1,1/20 reduction without a floor,31709999,332075,0.00332075,4461174729147925,44611747.29147925,boundary probe
S1,S1,1/20 reduction without a floor,31710000,315471,0.00315471,4461174729480000,44611747.29480000,boundary probe
S1,S1,1/20 reduction without a floor,31710001,315471,0.00315471,4461174729795471,44611747.29795471,boundary probe
S1,S1,1/20 reduction without a floor,31919999,315471,0.00315471,4461240978074529,44612409.78074529,boundary probe
S1,S1,1/20 reduction without a floor,31920000,299697,0.00299697,4461240978390000,44612409.78390000,boundary probe
S1,S1,1/20 reduction without a floor,31920001,299697,0.00299697,4461240978689697,44612409.78689697,boundary probe
S1,S1,1/20 reduction without a floor,32129999,299697,0.00299697,4461303914460303,44613039.14460303,boundary probe
S1,S1,1/20 reduction without a floor,32130000,284712,0.00284712,4461303914760000,44613039.14760000,boundary probe
S1,S1,1/20 reduction without a floor,32130001,284712,0.00284712,4461303915044712,44613039.15044712,boundary probe
S1,S1,1/20 reduction without a floor,32339999,284712,0.00284712,4461363703995288,44613637.03995288,boundary probe
S1,S1,1/20 reduction without a floor,32340000,270476,0.00270476,4461363704280000,44613637.04280000,boundary probe
S1,S1,1/20 reduction without a floor,32340001,270476,0.00270476,4461363704550476,44613637.04550476,boundary probe
S1,S1,1/20 reduction without a floor,32549999,270476,0.00270476,4461420503969524,44614205.03969524,boundary probe
S1,S1,1/20 reduction without a floor,32550000,256952,0.00256952,4461420504240000,44614205.04240000,boundary probe
S1,S1,1/20 reduction without a floor,32550001,256952,0.00256952,4461420504496952,44614205.04496952,boundary probe
S1,S1,1/20 reduction without a floor,32759999,256952,0.00256952,4461474463903048,44614744.63903048,boundary probe
S1,S1,1/20 reduction without a floor,32760000,244104,0.00244104,4461474464160000,44614744.64160000,boundary probe
S1,S1,1/20 reduction without a floor,32760001,244104,0.00244104,4461474464404104,44614744.64404104,boundary probe
S1,S1,1/20 reduction without a floor,32969999,244104,0.00244104,4461525725755896,44615257.25755896,boundary probe
S1,S1,1/20 reduction without a floor,32970000,231898,0.00231898,4461525726000000,44615257.26000000,boundary probe
S1,S1,1/20 reduction without a floor,32970001,231898,0.00231898,4461525726231898,44615257.26231898,boundary probe
S1,S1,1/20 reduction without a floor,33179999,231898,0.00231898,4461574424348102,44615744.24348102,boundary probe
S1,S1,1/20 reduction without a floor,33180000,220303,0.00220303,4461574424580000,44615744.24580000,boundary probe
S1,S1,1/20 reduction without a floor,33180001,220303,0.00220303,4461574424800303,44615744.24800303,boundary probe
S1,S1,1/20 reduction without a floor,33389999,220303,0.00220303,4461620687989697,44616206.87989697,boundary probe
S1,S1,1/20 reduction without a floor,33390000,209287,0.00209287,4461620688210000,44616206.88210000,boundary probe
S1,S1,1/20 reduction without a floor,33390001,209287,0.00209287,4461620688419287,44616206.88419287,boundary probe
S1,S1,1/20 reduction without a floor,33599999,209287,0.00209287,4461664638270713,44616646.38270713,boundary probe
S1,S1,1/20 reduction without a floor,33600000,198822,0.00198822,4461664638480000,44616646.38480000,boundary probe
S1,S1,1/20 reduction without a floor,33600001,198822,0.00198822,4461664638678822,44616646.38678822,boundary probe
S1,S1,1/20 reduction without a floor,33809999,198822,0.00198822,4461706390901178,44617063.90901178,boundary probe
S1,S1,1/20 reduction without a floor,33810000,188880,0.00188880,4461706391100000,44617063.91100000,boundary probe
S1,S1,1/20 reduction without a floor,33810001,188880,0.00188880,4461706391288880,44617063.91288880,boundary probe
S1,S1,1/20 reduction without a floor,34019999,188880,0.00188880,4461746055711120,44617460.55711120,boundary probe
S1,S1,1/20 reduction without a floor,34020000,179436,0.00179436,4461746055900000,44617460.55900000,boundary probe
S1,S1,1/20 reduction without a floor,34020001,179436,0.00179436,4461746056079436,44617460.56079436,boundary probe
S1,S1,1/20 reduction without a floor,34229999,179436,0.00179436,4461783737280564,44617837.37280564,boundary probe
S1,S1,1/20 reduction without a floor,34230000,170464,0.00170464,4461783737460000,44617837.37460000,boundary probe
S1,S1,1/20 reduction without a floor,34230001,170464,0.00170464,4461783737630464,44617837.37630464,boundary probe
S1,S1,1/20 reduction without a floor,34439999,170464,0.00170464,4461819534729536,44618195.34729536,boundary probe
S1,S1,1/20 reduction without a floor,34440000,161940,0.00161940,4461819534900000,44618195.34900000,boundary probe
S1,S1,1/20 reduction without a floor,34440001,161940,0.00161940,4461819535061940,44618195.35061940,boundary probe
S1,S1,1/20 reduction without a floor,34649999,161940,0.00161940,4461853542138060,44618535.42138060,boundary probe
S1,S1,1/20 reduction without a floor,34650000,153843,0.00153843,4461853542300000,44618535.42300000,boundary probe
S1,S1,1/20 reduction without a floor,34650001,153843,0.00153843,4461853542453843,44618535.42453843,boundary probe
S1,S1,1/20 reduction without a floor,34859999,153843,0.00153843,4461885849176157,44618858.49176157,boundary probe
S1,S1,1/20 reduction without a floor,34860000,146150,0.00146150,4461885849330000,44618858.49330000,boundary probe
S1,S1,1/20 reduction without a floor,34860001,146150,0.00146150,4461885849476150,44618858.49476150,boundary probe
S1,S1,1/20 reduction without a floor,35069999,146150,0.00146150,4461916540683850,44619165.40683850,boundary probe
S1,S1,1/20 reduction without a floor,35070000,138842,0.00138842,4461916540830000,44619165.40830000,boundary probe
S1,S1,1/20 reduction without a floor,35070001,138842,0.00138842,4461916540968842,44619165.40968842,boundary probe
S1,S1,1/20 reduction without a floor,35279999,138842,0.00138842,4461945697511158,44619456.97511158,boundary probe
S1,S1,1/20 reduction without a floor,35280000,131899,0.00131899,4461945697650000,44619456.97650000,boundary probe
S1,S1,1/20 reduction without a floor,35280001,131899,0.00131899,4461945697781899,44619456.97781899,boundary probe
S1,S1,1/20 reduction without a floor,35489999,131899,0.00131899,4461973396308101,44619733.96308101,boundary probe
S1,S1,1/20 reduction without a floor,35490000,125304,0.00125304,4461973396440000,44619733.96440000,boundary probe
S1,S1,1/20 reduction without a floor,35490001,125304,0.00125304,4461973396565304,44619733.96565304,boundary probe
S1,S1,1/20 reduction without a floor,35699999,125304,0.00125304,4461999710154696,44619997.10154696,boundary probe
S1,S1,1/20 reduction without a floor,35700000,119038,0.00119038,4461999710280000,44619997.10280000,boundary probe
S1,S1,1/20 reduction without a floor,35700001,119038,0.00119038,4461999710399038,44619997.10399038,boundary probe
S1,S1,1/20 reduction without a floor,35909999,119038,0.00119038,4462024708140962,44620247.08140962,boundary probe
S1,S1,1/20 reduction without a floor,35910000,113086,0.00113086,4462024708260000,44620247.08260000,boundary probe
S1,S1,1/20 reduction without a floor,35910001,113086,0.00113086,4462024708373086,44620247.08373086,boundary probe
S1,S1,1/20 reduction without a floor,36119999,113086,0.00113086,4462048456206914,44620484.56206914,boundary probe
S1,S1,1/20 reduction without a floor,36120000,107431,0.00107431,4462048456320000,44620484.56320000,boundary probe
S1,S1,1/20 reduction without a floor,36120001,107431,0.00107431,4462048456427431,44620484.56427431,boundary probe
S1,S1,1/20 reduction without a floor,36329999,107431,0.00107431,4462071016722569,44620710.16722569,boundary probe
S1,S1,1/20 reduction without a floor,36330000,102059,0.00102059,4462071016830000,44620710.16830000,boundary probe
S1,S1,1/20 reduction without a floor,36330001,102059,0.00102059,4462071016932059,44620710.16932059,boundary probe
S1,S1,1/20 reduction without a floor,36539999,102059,0.00102059,4462092449117941,44620924.49117941,boundary probe
S1,S1,1/20 reduction without a floor,36540000,96956,0.00096956,4462092449220000,44620924.49220000,boundary probe
S1,S1,1/20 reduction without a floor,36540001,96956,0.00096956,4462092449316956,44620924.49316956,boundary probe
S1,S1,1/20 reduction without a floor,36749999,96956,0.00096956,4462112809883044,44621128.09883044,boundary probe
S1,S1,1/20 reduction without a floor,36750000,92108,0.00092108,4462112809980000,44621128.09980000,boundary probe
S1,S1,1/20 reduction without a floor,36750001,92108,0.00092108,4462112810072108,44621128.10072108,boundary probe
S1,S1,1/20 reduction without a floor,36959999,92108,0.00092108,4462132152567892,44621321.52567892,boundary probe
S1,S1,1/20 reduction without a floor,36960000,87502,0.00087502,4462132152660000,44621321.52660000,boundary probe
S1,S1,1/20 reduction without a floor,36960001,87502,0.00087502,4462132152747502,44621321.52747502,boundary probe
S1,S1,1/20 reduction without a floor,37169999,87502,0.00087502,4462150527992498,44621505.27992498,boundary probe
S1,S1,1/20 reduction without a floor,37170000,83126,0.00083126,4462150528080000,44621505.28080000,boundary probe
S1,S1,1/20 reduction without a floor,37170001,83126,0.00083126,4462150528163126,44621505.28163126,boundary probe
S1,S1,1/20 reduction without a floor,37379999,83126,0.00083126,4462167984456874,44621679.84456874,boundary probe
S1,S1,1/20 reduction without a floor,37380000,78969,0.00078969,4462167984540000,44621679.84540000,boundary probe
S1,S1,1/20 reduction without a floor,37380001,78969,0.00078969,4462167984618969,44621679.84618969,boundary probe
S1,S1,1/20 reduction without a floor,37589999,78969,0.00078969,4462184567951031,44621845.67951031,boundary probe
S1,S1,1/20 reduction without a floor,37590000,75020,0.00075020,4462184568030000,44621845.68030000,boundary probe
S1,S1,1/20 reduction without a floor,37590001,75020,0.00075020,4462184568105020,44621845.68105020,boundary probe
S1,S1,1/20 reduction without a floor,37799999,75020,0.00075020,4462200322154980,44622003.22154980,boundary probe
S1,S1,1/20 reduction without a floor,37800000,71269,0.00071269,4462200322230000,44622003.22230000,boundary probe
S1,S1,1/20 reduction without a floor,37800001,71269,0.00071269,4462200322301269,44622003.22301269,boundary probe
S1,S1,1/20 reduction without a floor,38009999,71269,0.00071269,4462215288648731,44622152.88648731,boundary probe
S1,S1,1/20 reduction without a floor,38010000,67705,0.00067705,4462215288720000,44622152.88720000,boundary probe
S1,S1,1/20 reduction without a floor,38010001,67705,0.00067705,4462215288787705,44622152.88787705,boundary probe
S1,S1,1/20 reduction without a floor,38219999,67705,0.00067705,4462229506702295,44622295.06702295,boundary probe
S1,S1,1/20 reduction without a floor,38220000,64319,0.00064319,4462229506770000,44622295.06770000,boundary probe
S1,S1,1/20 reduction without a floor,38220001,64319,0.00064319,4462229506834319,44622295.06834319,boundary probe
S1,S1,1/20 reduction without a floor,38429999,64319,0.00064319,4462243013695681,44622430.13695681,boundary probe
S1,S1,1/20 reduction without a floor,38430000,61103,0.00061103,4462243013760000,44622430.13760000,boundary probe
S1,S1,1/20 reduction without a floor,38430001,61103,0.00061103,4462243013821103,44622430.13821103,boundary probe
S1,S1,1/20 reduction without a floor,38639999,61103,0.00061103,4462255845328897,44622558.45328897,boundary probe
S1,S1,1/20 reduction without a floor,38640000,58047,0.00058047,4462255845390000,44622558.45390000,boundary probe
S1,S1,1/20 reduction without a floor,38640001,58047,0.00058047,4462255845448047,44622558.45448047,boundary probe
S1,S1,1/20 reduction without a floor,38849999,58047,0.00058047,4462268035201953,44622680.35201953,boundary probe
S1,S1,1/20 reduction without a floor,38850000,55144,0.00055144,4462268035260000,44622680.35260000,boundary probe
S1,S1,1/20 reduction without a floor,38850001,55144,0.00055144,4462268035315144,44622680.35315144,boundary probe
S1,S1,1/20 reduction without a floor,39059999,55144,0.00055144,4462279615444856,44622796.15444856,boundary probe
S1,S1,1/20 reduction without a floor,39060000,52386,0.00052386,4462279615500000,44622796.15500000,boundary probe
S1,S1,1/20 reduction without a floor,39060001,52386,0.00052386,4462279615552386,44622796.15552386,boundary probe
S1,S1,1/20 reduction without a floor,39269999,52386,0.00052386,4462290616507614,44622906.16507614,boundary probe
S1,S1,1/20 reduction without a floor,39270000,49766,0.00049766,4462290616560000,44622906.16560000,boundary probe
S1,S1,1/20 reduction without a floor,39270001,49766,0.00049766,4462290616609766,44622906.16609766,boundary probe
S1,S1,1/20 reduction without a floor,39479999,49766,0.00049766,4462301067370234,44623010.67370234,boundary probe
S1,S1,1/20 reduction without a floor,39480000,47277,0.00047277,4462301067420000,44623010.67420000,boundary probe
S1,S1,1/20 reduction without a floor,39480001,47277,0.00047277,4462301067467277,44623010.67467277,boundary probe
S1,S1,1/20 reduction without a floor,39689999,47277,0.00047277,4462310995542723,44623109.95542723,boundary probe
S1,S1,1/20 reduction without a floor,39690000,44913,0.00044913,4462310995590000,44623109.95590000,boundary probe
S1,S1,1/20 reduction without a floor,39690001,44913,0.00044913,4462310995634913,44623109.95634913,boundary probe
S1,S1,1/20 reduction without a floor,39899999,44913,0.00044913,4462320427275087,44623204.27275087,boundary probe
S1,S1,1/20 reduction without a floor,39900000,42667,0.00042667,4462320427320000,44623204.27320000,boundary probe
S1,S1,1/20 reduction without a floor,39900001,42667,0.00042667,4462320427362667,44623204.27362667,boundary probe
S1,S1,1/20 reduction without a floor,40109999,42667,0.00042667,4462329387347333,44623293.87347333,boundary probe
S1,S1,1/20 reduction without a floor,40110000,40533,0.00040533,4462329387390000,44623293.87390000,boundary probe
S1,S1,1/20 reduction without a floor,40110001,40533,0.00040533,4462329387430533,44623293.87430533,boundary probe
S1,S1,1/20 reduction without a floor,40319999,40533,0.00040533,4462337899279467,44623378.99279467,boundary probe
S1,S1,1/20 reduction without a floor,40320000,38506,0.00038506,4462337899320000,44623378.99320000,boundary probe
S1,S1,1/20 reduction without a floor,40320001,38506,0.00038506,4462337899358506,44623378.99358506,boundary probe
S1,S1,1/20 reduction without a floor,40529999,38506,0.00038506,4462345985541494,44623459.85541494,boundary probe
S1,S1,1/20 reduction without a floor,40530000,36580,0.00036580,4462345985580000,44623459.85580000,boundary probe
S1,S1,1/20 reduction without a floor,40530001,36580,0.00036580,4462345985616580,44623459.85616580,boundary probe
S1,S1,1/20 reduction without a floor,40739999,36580,0.00036580,4462353667343420,44623536.67343420,boundary probe
S1,S1,1/20 reduction without a floor,40740000,34751,0.00034751,4462353667380000,44623536.67380000,boundary probe
S1,S1,1/20 reduction without a floor,40740001,34751,0.00034751,4462353667414751,44623536.67414751,boundary probe
S1,S1,1/20 reduction without a floor,40949999,34751,0.00034751,4462360965055249,44623609.65055249,boundary probe
S1,S1,1/20 reduction without a floor,40950000,33013,0.00033013,4462360965090000,44623609.65090000,boundary probe
S1,S1,1/20 reduction without a floor,40950001,33013,0.00033013,4462360965123013,44623609.65123013,boundary probe
S1,S1,1/20 reduction without a floor,41159999,33013,0.00033013,4462367897786987,44623678.97786987,boundary probe
S1,S1,1/20 reduction without a floor,41160000,31362,0.00031362,4462367897820000,44623678.97820000,boundary probe
S1,S1,1/20 reduction without a floor,41160001,31362,0.00031362,4462367897851362,44623678.97851362,boundary probe
S1,S1,1/20 reduction without a floor,41369999,31362,0.00031362,4462374483808638,44623744.83808638,boundary probe
S1,S1,1/20 reduction without a floor,41370000,29793,0.00029793,4462374483840000,44623744.83840000,boundary probe
S1,S1,1/20 reduction without a floor,41370001,29793,0.00029793,4462374483869793,44623744.83869793,boundary probe
S1,S1,1/20 reduction without a floor,41579999,29793,0.00029793,4462380740340207,44623807.40340207,boundary probe
S1,S1,1/20 reduction without a floor,41580000,28303,0.00028303,4462380740370000,44623807.40370000,boundary probe
S1,S1,1/20 reduction without a floor,41580001,28303,0.00028303,4462380740398303,44623807.40398303,boundary probe
S1,S1,1/20 reduction without a floor,41789999,28303,0.00028303,4462386683971697,44623866.83971697,boundary probe
S1,S1,1/20 reduction without a floor,41790000,26887,0.00026887,4462386684000000,44623866.84000000,boundary probe
S1,S1,1/20 reduction without a floor,41790001,26887,0.00026887,4462386684026887,44623866.84026887,boundary probe
S1,S1,1/20 reduction without a floor,41999999,26887,0.00026887,4462392330243113,44623923.30243113,boundary probe
S1,S1,1/20 reduction without a floor,42000000,25542,0.00025542,4462392330270000,44623923.30270000,boundary probe
S1,S1,1/20 reduction without a floor,42000001,25542,0.00025542,4462392330295542,44623923.30295542,boundary probe
S1,S1,1/20 reduction without a floor,42209999,25542,0.00025542,4462397694064458,44623976.94064458,boundary probe
S1,S1,1/20 reduction without a floor,42210000,24264,0.00024264,4462397694090000,44623976.94090000,boundary probe
S1,S1,1/20 reduction without a floor,42210001,24264,0.00024264,4462397694114264,44623976.94114264,boundary probe
S1,S1,1/20 reduction without a floor,42419999,24264,0.00024264,4462402789505736,44624027.89505736,boundary probe
S1,S1,1/20 reduction without a floor,42420000,23050,0.00023050,4462402789530000,44624027.89530000,boundary probe
S1,S1,1/20 reduction without a floor,42420001,23050,0.00023050,4462402789553050,44624027.89553050,boundary probe
S1,S1,1/20 reduction without a floor,42629999,23050,0.00023050,4462407630006950,44624076.30006950,boundary probe
S1,S1,1/20 reduction without a floor,42630000,21897,0.00021897,4462407630030000,44624076.30030000,boundary probe
S1,S1,1/20 reduction without a floor,42630001,21897,0.00021897,4462407630051897,44624076.30051897,boundary probe
S1,S1,1/20 reduction without a floor,42839999,21897,0.00021897,4462412228378103,44624122.28378103,boundary probe
S1,S1,1/20 reduction without a floor,42840000,20802,0.00020802,4462412228400000,44624122.28400000,boundary probe
S1,S1,1/20 reduction without a floor,42840001,20802,0.00020802,4462412228420802,44624122.28420802,boundary probe
S1,S1,1/20 reduction without a floor,43049999,20802,0.00020802,4462416596799198,44624165.96799198,boundary probe
S1,S1,1/20 reduction without a floor,43050000,19761,0.00019761,4462416596820000,44624165.96820000,boundary probe
S1,S1,1/20 reduction without a floor,43050001,19761,0.00019761,4462416596839761,44624165.96839761,boundary probe
S1,S1,1/20 reduction without a floor,43259999,19761,0.00019761,4462420746610239,44624207.46610239,boundary probe
S1,S1,1/20 reduction without a floor,43260000,18772,0.00018772,4462420746630000,44624207.46630000,boundary probe
S1,S1,1/20 reduction without a floor,43260001,18772,0.00018772,4462420746648772,44624207.46648772,boundary probe
S1,S1,1/20 reduction without a floor,43469999,18772,0.00018772,4462424688731228,44624246.88731228,boundary probe
S1,S1,1/20 reduction without a floor,43470000,17833,0.00017833,4462424688750000,44624246.88750000,boundary probe
S1,S1,1/20 reduction without a floor,43470001,17833,0.00017833,4462424688767833,44624246.88767833,boundary probe
S1,S1,1/20 reduction without a floor,43679999,17833,0.00017833,4462428433662167,44624284.33662167,boundary probe
S1,S1,1/20 reduction without a floor,43680000,16941,0.00016941,4462428433680000,44624284.33680000,boundary probe
S1,S1,1/20 reduction without a floor,43680001,16941,0.00016941,4462428433696941,44624284.33696941,boundary probe
S1,S1,1/20 reduction without a floor,43889999,16941,0.00016941,4462431991273059,44624319.91273059,boundary probe
S1,S1,1/20 reduction without a floor,43890000,16093,0.00016093,4462431991290000,44624319.91290000,boundary probe
S1,S1,1/20 reduction without a floor,43890001,16093,0.00016093,4462431991306093,44624319.91306093,boundary probe
S1,S1,1/20 reduction without a floor,44099999,16093,0.00016093,4462435370803907,44624353.70803907,boundary probe
S1,S1,1/20 reduction without a floor,44100000,15288,0.00015288,4462435370820000,44624353.70820000,boundary probe
S1,S1,1/20 reduction without a floor,44100001,15288,0.00015288,4462435370835288,44624353.70835288,boundary probe
S1,S1,1/20 reduction without a floor,44309999,15288,0.00015288,4462438581284712,44624385.81284712,boundary probe
S1,S1,1/20 reduction without a floor,44310000,14523,0.00014523,4462438581300000,44624385.81300000,boundary probe
S1,S1,1/20 reduction without a floor,44310001,14523,0.00014523,4462438581314523,44624385.81314523,boundary probe
S1,S1,1/20 reduction without a floor,44519999,14523,0.00014523,4462441631115477,44624416.31115477,boundary probe
S1,S1,1/20 reduction without a floor,44520000,13796,0.00013796,4462441631130000,44624416.31130000,boundary probe
S1,S1,1/20 reduction without a floor,44520001,13796,0.00013796,4462441631143796,44624416.31143796,boundary probe
S1,S1,1/20 reduction without a floor,44729999,13796,0.00013796,4462444528276204,44624445.28276204,boundary probe
S1,S1,1/20 reduction without a floor,44730000,13106,0.00013106,4462444528290000,44624445.28290000,boundary probe
S1,S1,1/20 reduction without a floor,44730001,13106,0.00013106,4462444528303106,44624445.28303106,boundary probe
S1,S1,1/20 reduction without a floor,44939999,13106,0.00013106,4462447280536894,44624472.80536894,boundary probe
S1,S1,1/20 reduction without a floor,44940000,12450,0.00012450,4462447280550000,44624472.80550000,boundary probe
S1,S1,1/20 reduction without a floor,44940001,12450,0.00012450,4462447280562450,44624472.80562450,boundary probe
S1,S1,1/20 reduction without a floor,45149999,12450,0.00012450,4462449895037550,44624498.95037550,boundary probe
S1,S1,1/20 reduction without a floor,45150000,11827,0.00011827,4462449895050000,44624498.95050000,boundary probe
S1,S1,1/20 reduction without a floor,45150001,11827,0.00011827,4462449895061827,44624498.95061827,boundary probe
S1,S1,1/20 reduction without a floor,45359999,11827,0.00011827,4462452378708173,44624523.78708173,boundary probe
S1,S1,1/20 reduction without a floor,45360000,11235,0.00011235,4462452378720000,44624523.78720000,boundary probe
S1,S1,1/20 reduction without a floor,45360001,11235,0.00011235,4462452378731235,44624523.78731235,boundary probe
S1,S1,1/20 reduction without a floor,45569999,11235,0.00011235,4462454738058765,44624547.38058765,boundary probe
S1,S1,1/20 reduction without a floor,45570000,10673,0.00010673,4462454738070000,44624547.38070000,boundary probe
S1,S1,1/20 reduction without a floor,45570001,10673,0.00010673,4462454738080673,44624547.38080673,boundary probe
S1,S1,1/20 reduction without a floor,45779999,10673,0.00010673,4462456979389327,44624569.79389327,boundary probe
S1,S1,1/20 reduction without a floor,45780000,10139,0.00010139,4462456979400000,44624569.79400000,boundary probe
S1,S1,1/20 reduction without a floor,45780001,10139,0.00010139,4462456979410139,44624569.79410139,boundary probe
S1,S1,1/20 reduction without a floor,45989999,10139,0.00010139,4462459108579861,44624591.08579861,boundary probe
S1,S1,1/20 reduction without a floor,45990000,9632,0.00009632,4462459108590000,44624591.08590000,boundary probe
S1,S1,1/20 reduction without a floor,45990001,9632,0.00009632,4462459108599632,44624591.08599632,boundary probe
S1,S1,1/20 reduction without a floor,46199999,9632,0.00009632,4462461131300368,44624611.31300368,boundary probe
S1,S1,1/20 reduction without a floor,46200000,9150,0.00009150,4462461131310000,44624611.31310000,boundary probe
S1,S1,1/20 reduction without a floor,46200001,9150,0.00009150,4462461131319150,44624611.31319150,boundary probe
S1,S1,1/20 reduction without a floor,46409999,9150,0.00009150,4462463052800850,44624630.52800850,boundary probe
S1,S1,1/20 reduction without a floor,46410000,8692,0.00008692,4462463052810000,44624630.52810000,boundary probe
S1,S1,1/20 reduction without a floor,46410001,8692,0.00008692,4462463052818692,44624630.52818692,boundary probe
S1,S1,1/20 reduction without a floor,46619999,8692,0.00008692,4462464878121308,44624648.78121308,boundary probe
S1,S1,1/20 reduction without a floor,46620000,8257,0.00008257,4462464878130000,44624648.78130000,boundary probe
S1,S1,1/20 reduction without a floor,46620001,8257,0.00008257,4462464878138257,44624648.78138257,boundary probe
S1,S1,1/20 reduction without a floor,46829999,8257,0.00008257,4462466612091743,44624666.12091743,boundary probe
S1,S1,1/20 reduction without a floor,46830000,7844,0.00007844,4462466612100000,44624666.12100000,boundary probe
S1,S1,1/20 reduction without a floor,46830001,7844,0.00007844,4462466612107844,44624666.12107844,boundary probe
S1,S1,1/20 reduction without a floor,47039999,7844,0.00007844,4462468259332156,44624682.59332156,boundary probe
S1,S1,1/20 reduction without a floor,47040000,7451,0.00007451,4462468259340000,44624682.59340000,boundary probe
S1,S1,1/20 reduction without a floor,47040001,7451,0.00007451,4462468259347451,44624682.59347451,boundary probe
S1,S1,1/20 reduction without a floor,47249999,7451,0.00007451,4462469824042549,44624698.24042549,boundary probe
S1,S1,1/20 reduction without a floor,47250000,7078,0.00007078,4462469824050000,44624698.24050000,boundary probe
S1,S1,1/20 reduction without a floor,47250001,7078,0.00007078,4462469824057078,44624698.24057078,boundary probe
S1,S1,1/20 reduction without a floor,47459999,7078,0.00007078,4462471310422922,44624713.10422922,boundary probe
S1,S1,1/20 reduction without a floor,47460000,6724,0.00006724,4462471310430000,44624713.10430000,boundary probe
S1,S1,1/20 reduction without a floor,47460001,6724,0.00006724,4462471310436724,44624713.10436724,boundary probe
S1,S1,1/20 reduction without a floor,47669999,6724,0.00006724,4462472722463276,44624727.22463276,boundary probe
S1,S1,1/20 reduction without a floor,47670000,6387,0.00006387,4462472722470000,44624727.22470000,boundary probe
S1,S1,1/20 reduction without a floor,47670001,6387,0.00006387,4462472722476387,44624727.22476387,boundary probe
S1,S1,1/20 reduction without a floor,47879999,6387,0.00006387,4462474063733613,44624740.63733613,boundary probe
S1,S1,1/20 reduction without a floor,47880000,6067,0.00006067,4462474063740000,44624740.63740000,boundary probe
S1,S1,1/20 reduction without a floor,47880001,6067,0.00006067,4462474063746067,44624740.63746067,boundary probe
S1,S1,1/20 reduction without a floor,48089999,6067,0.00006067,4462475337803933,44624753.37803933,boundary probe
S1,S1,1/20 reduction without a floor,48090000,5763,0.00005763,4462475337810000,44624753.37810000,boundary probe
S1,S1,1/20 reduction without a floor,48090001,5763,0.00005763,4462475337815763,44624753.37815763,boundary probe
S1,S1,1/20 reduction without a floor,48299999,5763,0.00005763,4462476548034237,44624765.48034237,boundary probe
S1,S1,1/20 reduction without a floor,48300000,5474,0.00005474,4462476548040000,44624765.48040000,boundary probe
S1,S1,1/20 reduction without a floor,48300001,5474,0.00005474,4462476548045474,44624765.48045474,boundary probe
S1,S1,1/20 reduction without a floor,48509999,5474,0.00005474,4462477697574526,44624776.97574526,boundary probe
S1,S1,1/20 reduction without a floor,48510000,5200,0.00005200,4462477697580000,44624776.97580000,boundary probe
S1,S1,1/20 reduction without a floor,48510001,5200,0.00005200,4462477697585200,44624776.97585200,boundary probe
S1,S1,1/20 reduction without a floor,48719999,5200,0.00005200,4462478789574800,44624787.89574800,boundary probe
S1,S1,1/20 reduction without a floor,48720000,4940,0.00004940,4462478789580000,44624787.89580000,boundary probe
S1,S1,1/20 reduction without a floor,48720001,4940,0.00004940,4462478789584940,44624787.89584940,boundary probe
S1,S1,1/20 reduction without a floor,48929999,4940,0.00004940,4462479826975060,44624798.26975060,boundary probe
S1,S1,1/20 reduction without a floor,48930000,4693,0.00004693,4462479826980000,44624798.26980000,boundary probe
S1,S1,1/20 reduction without a floor,48930001,4693,0.00004693,4462479826984693,44624798.26984693,boundary probe
S1,S1,1/20 reduction without a floor,49139999,4693,0.00004693,4462480812505307,44624808.12505307,boundary probe
S1,S1,1/20 reduction without a floor,49140000,4458,0.00004458,4462480812510000,44624808.12510000,boundary probe
S1,S1,1/20 reduction without a floor,49140001,4458,0.00004458,4462480812514458,44624808.12514458,boundary probe
S1,S1,1/20 reduction without a floor,49349999,4458,0.00004458,4462481748685542,44624817.48685542,boundary probe
S1,S1,1/20 reduction without a floor,49350000,4235,0.00004235,4462481748690000,44624817.48690000,boundary probe
S1,S1,1/20 reduction without a floor,49350001,4235,0.00004235,4462481748694235,44624817.48694235,boundary probe
S1,S1,1/20 reduction without a floor,49559999,4235,0.00004235,4462482638035765,44624826.38035765,boundary probe
S1,S1,1/20 reduction without a floor,49560000,4023,0.00004023,4462482638040000,44624826.38040000,boundary probe
S1,S1,1/20 reduction without a floor,49560001,4023,0.00004023,4462482638044023,44624826.38044023,boundary probe
S1,S1,1/20 reduction without a floor,49769999,4023,0.00004023,4462483482865977,44624834.82865977,boundary probe
S1,S1,1/20 reduction without a floor,49770000,3821,0.00003821,4462483482870000,44624834.82870000,boundary probe
S1,S1,1/20 reduction without a floor,49770001,3821,0.00003821,4462483482873821,44624834.82873821,boundary probe
S1,S1,1/20 reduction without a floor,49979999,3821,0.00003821,4462484285276179,44624842.85276179,boundary probe
S1,S1,1/20 reduction without a floor,49980000,3629,0.00003629,4462484285280000,44624842.85280000,boundary probe
S1,S1,1/20 reduction without a floor,49980001,3629,0.00003629,4462484285283629,44624842.85283629,boundary probe
S1,S1,1/20 reduction without a floor,50189999,3629,0.00003629,4462485047366371,44624850.47366371,boundary probe
S1,S1,1/20 reduction without a floor,50190000,3447,0.00003447,4462485047370000,44624850.47370000,boundary probe
S1,S1,1/20 reduction without a floor,50190001,3447,0.00003447,4462485047373447,44624850.47373447,boundary probe
S1,S1,1/20 reduction without a floor,50399999,3447,0.00003447,4462485771236553,44624857.71236553,boundary probe
S1,S1,1/20 reduction without a floor,50400000,3274,0.00003274,4462485771240000,44624857.71240000,boundary probe
S1,S1,1/20 reduction without a floor,50400001,3274,0.00003274,4462485771243274,44624857.71243274,boundary probe
S1,S1,1/20 reduction without a floor,50609999,3274,0.00003274,4462486458776726,44624864.58776726,boundary probe
S1,S1,1/20 reduction without a floor,50610000,3110,0.00003110,4462486458780000,44624864.58780000,boundary probe
S1,S1,1/20 reduction without a floor,50610001,3110,0.00003110,4462486458783110,44624864.58783110,boundary probe
S1,S1,1/20 reduction without a floor,50819999,3110,0.00003110,4462487111876890,44624871.11876890,boundary probe
S1,S1,1/20 reduction without a floor,50820000,2954,0.00002954,4462487111880000,44624871.11880000,boundary probe
S1,S1,1/20 reduction without a floor,50820001,2954,0.00002954,4462487111882954,44624871.11882954,boundary probe
S1,S1,1/20 reduction without a floor,51029999,2954,0.00002954,4462487732217046,44624877.32217046,boundary probe
S1,S1,1/20 reduction without a floor,51030000,2806,0.00002806,4462487732220000,44624877.32220000,boundary probe
S1,S1,1/20 reduction without a floor,51030001,2806,0.00002806,4462487732222806,44624877.32222806,boundary probe
S1,S1,1/20 reduction without a floor,51239999,2806,0.00002806,4462488321477194,44624883.21477194,boundary probe
S1,S1,1/20 reduction without a floor,51240000,2665,0.00002665,4462488321480000,44624883.21480000,boundary probe
S1,S1,1/20 reduction without a floor,51240001,2665,0.00002665,4462488321482665,44624883.21482665,boundary probe
S1,S1,1/20 reduction without a floor,51449999,2665,0.00002665,4462488881127335,44624888.81127335,boundary probe
S1,S1,1/20 reduction without a floor,51450000,2531,0.00002531,4462488881130000,44624888.81130000,boundary probe
S1,S1,1/20 reduction without a floor,51450001,2531,0.00002531,4462488881132531,44624888.81132531,boundary probe
S1,S1,1/20 reduction without a floor,51659999,2531,0.00002531,4462489412637469,44624894.12637469,boundary probe
S1,S1,1/20 reduction without a floor,51660000,2404,0.00002404,4462489412640000,44624894.12640000,boundary probe
S1,S1,1/20 reduction without a floor,51660001,2404,0.00002404,4462489412642404,44624894.12642404,boundary probe
S1,S1,1/20 reduction without a floor,51869999,2404,0.00002404,4462489917477596,44624899.17477596,boundary probe
S1,S1,1/20 reduction without a floor,51870000,2283,0.00002283,4462489917480000,44624899.17480000,boundary probe
S1,S1,1/20 reduction without a floor,51870001,2283,0.00002283,4462489917482283,44624899.17482283,boundary probe
S1,S1,1/20 reduction without a floor,52079999,2283,0.00002283,4462490396907717,44624903.96907717,boundary probe
S1,S1,1/20 reduction without a floor,52080000,2168,0.00002168,4462490396910000,44624903.96910000,boundary probe
S1,S1,1/20 reduction without a floor,52080001,2168,0.00002168,4462490396912168,44624903.96912168,boundary probe
S1,S1,1/20 reduction without a floor,52289999,2168,0.00002168,4462490852187832,44624908.52187832,boundary probe
S1,S1,1/20 reduction without a floor,52290000,2059,0.00002059,4462490852190000,44624908.52190000,boundary probe
S1,S1,1/20 reduction without a floor,52290001,2059,0.00002059,4462490852192059,44624908.52192059,boundary probe
S1,S1,1/20 reduction without a floor,52499999,2059,0.00002059,4462491284577941,44624912.84577941,boundary probe
S1,S1,1/20 reduction without a floor,52500000,1956,0.00001956,4462491284580000,44624912.84580000,boundary probe
S1,S1,1/20 reduction without a floor,52500001,1956,0.00001956,4462491284581956,44624912.84581956,boundary probe
S1,S1,1/20 reduction without a floor,52709999,1956,0.00001956,4462491695338044,44624916.95338044,boundary probe
S1,S1,1/20 reduction without a floor,52710000,1858,0.00001858,4462491695340000,44624916.95340000,boundary probe
S1,S1,1/20 reduction without a floor,52710001,1858,0.00001858,4462491695341858,44624916.95341858,boundary probe
S1,S1,1/20 reduction without a floor,52919999,1858,0.00001858,4462492085518142,44624920.85518142,boundary probe
S1,S1,1/20 reduction without a floor,52920000,1765,0.00001765,4462492085520000,44624920.85520000,boundary probe
S1,S1,1/20 reduction without a floor,52920001,1765,0.00001765,4462492085521765,44624920.85521765,boundary probe
S1,S1,1/20 reduction without a floor,53129999,1765,0.00001765,4462492456168235,44624924.56168235,boundary probe
S1,S1,1/20 reduction without a floor,53130000,1676,0.00001676,4462492456170000,44624924.56170000,boundary probe
S1,S1,1/20 reduction without a floor,53130001,1676,0.00001676,4462492456171676,44624924.56171676,boundary probe
S1,S1,1/20 reduction without a floor,53339999,1676,0.00001676,4462492808128324,44624928.08128324,boundary probe
S1,S1,1/20 reduction without a floor,53340000,1592,0.00001592,4462492808130000,44624928.08130000,boundary probe
S1,S1,1/20 reduction without a floor,53340001,1592,0.00001592,4462492808131592,44624928.08131592,boundary probe
S1,S1,1/20 reduction without a floor,53549999,1592,0.00001592,4462493142448408,44624931.42448408,boundary probe
S1,S1,1/20 reduction without a floor,53550000,1512,0.00001512,4462493142450000,44624931.42450000,boundary probe
S1,S1,1/20 reduction without a floor,53550001,1512,0.00001512,4462493142451512,44624931.42451512,boundary probe
S1,S1,1/20 reduction without a floor,53759999,1512,0.00001512,4462493459968488,44624934.59968488,boundary probe
S1,S1,1/20 reduction without a floor,53760000,1436,0.00001436,4462493459970000,44624934.59970000,boundary probe
S1,S1,1/20 reduction without a floor,53760001,1436,0.00001436,4462493459971436,44624934.59971436,boundary probe
S1,S1,1/20 reduction without a floor,53969999,1436,0.00001436,4462493761528564,44624937.61528564,boundary probe
S1,S1,1/20 reduction without a floor,53970000,1364,0.00001364,4462493761530000,44624937.61530000,boundary probe
S1,S1,1/20 reduction without a floor,53970001,1364,0.00001364,4462493761531364,44624937.61531364,boundary probe
S1,S1,1/20 reduction without a floor,54179999,1364,0.00001364,4462494047968636,44624940.47968636,boundary probe
S1,S1,1/20 reduction without a floor,54180000,1295,0.00001295,4462494047970000,44624940.47970000,boundary probe
S1,S1,1/20 reduction without a floor,54180001,1295,0.00001295,4462494047971295,44624940.47971295,boundary probe
S1,S1,1/20 reduction without a floor,54389999,1295,0.00001295,4462494319918705,44624943.19918705,boundary probe
S1,S1,1/20 reduction without a floor,54390000,1230,0.00001230,4462494319920000,44624943.19920000,boundary probe
S1,S1,1/20 reduction without a floor,54390001,1230,0.00001230,4462494319921230,44624943.19921230,boundary probe
S1,S1,1/20 reduction without a floor,54599999,1230,0.00001230,4462494578218770,44624945.78218770,boundary probe
S1,S1,1/20 reduction without a floor,54600000,1168,0.00001168,4462494578220000,44624945.78220000,boundary probe
S1,S1,1/20 reduction without a floor,54600001,1168,0.00001168,4462494578221168,44624945.78221168,boundary probe
S1,S1,1/20 reduction without a floor,54809999,1168,0.00001168,4462494823498832,44624948.23498832,boundary probe
S1,S1,1/20 reduction without a floor,54810000,1109,0.00001109,4462494823500000,44624948.23500000,boundary probe
S1,S1,1/20 reduction without a floor,54810001,1109,0.00001109,4462494823501109,44624948.23501109,boundary probe
S1,S1,1/20 reduction without a floor,55019999,1109,0.00001109,4462495056388891,44624950.56388891,boundary probe
S1,S1,1/20 reduction without a floor,55020000,1053,0.00001053,4462495056390000,44624950.56390000,boundary probe
S1,S1,1/20 reduction without a floor,55020001,1053,0.00001053,4462495056391053,44624950.56391053,boundary probe
S1,S1,1/20 reduction without a floor,55229999,1053,0.00001053,4462495277518947,44624952.77518947,boundary probe
S1,S1,1/20 reduction without a floor,55230000,1000,0.00001000,4462495277520000,44624952.77520000,boundary probe
S1,S1,1/20 reduction without a floor,55230001,1000,0.00001000,4462495277521000,44624952.77521000,boundary probe
S1,S1,1/20 reduction without a floor,55439999,1000,0.00001000,4462495487519000,44624954.87519000,boundary probe
S1,S1,1/20 reduction without a floor,55440000,950,0.00000950,4462495487520000,44624954.87520000,boundary probe
S1,S1,1/20 reduction without a floor,55440001,950,0.00000950,4462495487520950,44624954.87520950,boundary probe
S1,S1,1/20 reduction without a floor,55649999,950,0.00000950,4462495687019050,44624956.87019050,boundary probe
S1,S1,1/20 reduction without a floor,55650000,902,0.00000902,4462495687020000,44624956.87020000,boundary probe
S1,S1,1/20 reduction without a floor,55650001,902,0.00000902,4462495687020902,44624956.87020902,boundary probe
S1,S1,1/20 reduction without a floor,55859999,902,0.00000902,4462495876439098,44624958.76439098,boundary probe
S1,S1,1/20 reduction without a floor,55860000,856,0.00000856,4462495876440000,44624958.76440000,boundary probe
S1,S1,1/20 reduction without a floor,55860001,856,0.00000856,4462495876440856,44624958.76440856,boundary probe
S1,S1,1/20 reduction without a floor,56069999,856,0.00000856,4462496056199144,44624960.56199144,boundary probe
S1,S1,1/20 reduction without a floor,56070000,813,0.00000813,4462496056200000,44624960.56200000,boundary probe
S1,S1,1/20 reduction without a floor,56070001,813,0.00000813,4462496056200813,44624960.56200813,boundary probe
S1,S1,1/20 reduction without a floor,56279999,813,0.00000813,4462496226929187,44624962.26929187,boundary probe
S1,S1,1/20 reduction without a floor,56280000,772,0.00000772,4462496226930000,44624962.26930000,boundary probe
S1,S1,1/20 reduction without a floor,56280001,772,0.00000772,4462496226930772,44624962.26930772,boundary probe
S1,S1,1/20 reduction without a floor,56489999,772,0.00000772,4462496389049228,44624963.89049228,boundary probe
S1,S1,1/20 reduction without a floor,56490000,733,0.00000733,4462496389050000,44624963.89050000,boundary probe
S1,S1,1/20 reduction without a floor,56490001,733,0.00000733,4462496389050733,44624963.89050733,boundary probe
S1,S1,1/20 reduction without a floor,56699999,733,0.00000733,4462496542979267,44624965.42979267,boundary probe
S1,S1,1/20 reduction without a floor,56700000,696,0.00000696,4462496542980000,44624965.42980000,boundary probe
S1,S1,1/20 reduction without a floor,56700001,696,0.00000696,4462496542980696,44624965.42980696,boundary probe
S1,S1,1/20 reduction without a floor,56909999,696,0.00000696,4462496689139304,44624966.89139304,boundary probe
S1,S1,1/20 reduction without a floor,56910000,661,0.00000661,4462496689140000,44624966.89140000,boundary probe
S1,S1,1/20 reduction without a floor,56910001,661,0.00000661,4462496689140661,44624966.89140661,boundary probe
S1,S1,1/20 reduction without a floor,57119999,661,0.00000661,4462496827949339,44624968.27949339,boundary probe
S1,S1,1/20 reduction without a floor,57120000,627,0.00000627,4462496827950000,44624968.27950000,boundary probe
S1,S1,1/20 reduction without a floor,57120001,627,0.00000627,4462496827950627,44624968.27950627,boundary probe
S1,S1,1/20 reduction without a floor,57329999,627,0.00000627,4462496959619373,44624969.59619373,boundary probe
S1,S1,1/20 reduction without a floor,57330000,595,0.00000595,4462496959620000,44624969.59620000,boundary probe
S1,S1,1/20 reduction without a floor,57330001,595,0.00000595,4462496959620595,44624969.59620595,boundary probe
S1,S1,1/20 reduction without a floor,57539999,595,0.00000595,4462497084569405,44624970.84569405,boundary probe
S1,S1,1/20 reduction without a floor,57540000,565,0.00000565,4462497084570000,44624970.84570000,boundary probe
S1,S1,1/20 reduction without a floor,57540001,565,0.00000565,4462497084570565,44624970.84570565,boundary probe
S1,S1,1/20 reduction without a floor,57749999,565,0.00000565,4462497203219435,44624972.03219435,boundary probe
S1,S1,1/20 reduction without a floor,57750000,536,0.00000536,4462497203220000,44624972.03220000,boundary probe
S1,S1,1/20 reduction without a floor,57750001,536,0.00000536,4462497203220536,44624972.03220536,boundary probe
S1,S1,1/20 reduction without a floor,57959999,536,0.00000536,4462497315779464,44624973.15779464,boundary probe
S1,S1,1/20 reduction without a floor,57960000,509,0.00000509,4462497315780000,44624973.15780000,boundary probe
S1,S1,1/20 reduction without a floor,57960001,509,0.00000509,4462497315780509,44624973.15780509,boundary probe
S1,S1,1/20 reduction without a floor,58169999,509,0.00000509,4462497422669491,44624974.22669491,boundary probe
S1,S1,1/20 reduction without a floor,58170000,483,0.00000483,4462497422670000,44624974.22670000,boundary probe
S1,S1,1/20 reduction without a floor,58170001,483,0.00000483,4462497422670483,44624974.22670483,boundary probe
S1,S1,1/20 reduction without a floor,58379999,483,0.00000483,4462497524099517,44624975.24099517,boundary probe
S1,S1,1/20 reduction without a floor,58380000,458,0.00000458,4462497524100000,44624975.24100000,boundary probe
S1,S1,1/20 reduction without a floor,58380001,458,0.00000458,4462497524100458,44624975.24100458,boundary probe
S1,S1,1/20 reduction without a floor,58589999,458,0.00000458,4462497620279542,44624976.20279542,boundary probe
S1,S1,1/20 reduction without a floor,58590000,435,0.00000435,4462497620280000,44624976.20280000,boundary probe
S1,S1,1/20 reduction without a floor,58590001,435,0.00000435,4462497620280435,44624976.20280435,boundary probe
S1,S1,1/20 reduction without a floor,58799999,435,0.00000435,4462497711629565,44624977.11629565,boundary probe
S1,S1,1/20 reduction without a floor,58800000,413,0.00000413,4462497711630000,44624977.11630000,boundary probe
S1,S1,1/20 reduction without a floor,58800001,413,0.00000413,4462497711630413,44624977.11630413,boundary probe
S1,S1,1/20 reduction without a floor,59009999,413,0.00000413,4462497798359587,44624977.98359587,boundary probe
S1,S1,1/20 reduction without a floor,59010000,392,0.00000392,4462497798360000,44624977.98360000,boundary probe
S1,S1,1/20 reduction without a floor,59010001,392,0.00000392,4462497798360392,44624977.98360392,boundary probe
S1,S1,1/20 reduction without a floor,59219999,392,0.00000392,4462497880679608,44624978.80679608,boundary probe
S1,S1,1/20 reduction without a floor,59220000,372,0.00000372,4462497880680000,44624978.80680000,boundary probe
S1,S1,1/20 reduction without a floor,59220001,372,0.00000372,4462497880680372,44624978.80680372,boundary probe
S1,S1,1/20 reduction without a floor,59429999,372,0.00000372,4462497958799628,44624979.58799628,boundary probe
S1,S1,1/20 reduction without a floor,59430000,353,0.00000353,4462497958800000,44624979.58800000,boundary probe
S1,S1,1/20 reduction without a floor,59430001,353,0.00000353,4462497958800353,44624979.58800353,boundary probe
S1,S1,1/20 reduction without a floor,59639999,353,0.00000353,4462498032929647,44624980.32929647,boundary probe
S1,S1,1/20 reduction without a floor,59640000,335,0.00000335,4462498032930000,44624980.32930000,boundary probe
S1,S1,1/20 reduction without a floor,59640001,335,0.00000335,4462498032930335,44624980.32930335,boundary probe
S1,S1,1/20 reduction without a floor,59849999,335,0.00000335,4462498103279665,44624981.03279665,boundary probe
S1,S1,1/20 reduction without a floor,59850000,318,0.00000318,4462498103280000,44624981.03280000,boundary probe
S1,S1,1/20 reduction without a floor,59850001,318,0.00000318,4462498103280318,44624981.03280318,boundary probe
S1,S1,1/20 reduction without a floor,60059999,318,0.00000318,4462498170059682,44624981.70059682,boundary probe
S1,S1,1/20 reduction without a floor,60060000,302,0.00000302,4462498170060000,44624981.70060000,boundary probe
S1,S1,1/20 reduction without a floor,60060001,302,0.00000302,4462498170060302,44624981.70060302,boundary probe
S1,S1,1/20 reduction without a floor,60269999,302,0.00000302,4462498233479698,44624982.33479698,boundary probe
S1,S1,1/20 reduction without a floor,60270000,286,0.00000286,4462498233480000,44624982.33480000,boundary probe
S1,S1,1/20 reduction without a floor,60270001,286,0.00000286,4462498233480286,44624982.33480286,boundary probe
S1,S1,1/20 reduction without a floor,60479999,286,0.00000286,4462498293539714,44624982.93539714,boundary probe
S1,S1,1/20 reduction without a floor,60480000,271,0.00000271,4462498293540000,44624982.93540000,boundary probe
S1,S1,1/20 reduction without a floor,60480001,271,0.00000271,4462498293540271,44624982.93540271,boundary probe
S1,S1,1/20 reduction without a floor,60689999,271,0.00000271,4462498350449729,44624983.50449729,boundary probe
S1,S1,1/20 reduction without a floor,60690000,257,0.00000257,4462498350450000,44624983.50450000,boundary probe
S1,S1,1/20 reduction without a floor,60690001,257,0.00000257,4462498350450257,44624983.50450257,boundary probe
S1,S1,1/20 reduction without a floor,60899999,257,0.00000257,4462498404419743,44624984.04419743,boundary probe
S1,S1,1/20 reduction without a floor,60900000,244,0.00000244,4462498404420000,44624984.04420000,boundary probe
S1,S1,1/20 reduction without a floor,60900001,244,0.00000244,4462498404420244,44624984.04420244,boundary probe
S1,S1,1/20 reduction without a floor,61109999,244,0.00000244,4462498455659756,44624984.55659756,boundary probe
S1,S1,1/20 reduction without a floor,61110000,231,0.00000231,4462498455660000,44624984.55660000,boundary probe
S1,S1,1/20 reduction without a floor,61110001,231,0.00000231,4462498455660231,44624984.55660231,boundary probe
S1,S1,1/20 reduction without a floor,61319999,231,0.00000231,4462498504169769,44624985.04169769,boundary probe
S1,S1,1/20 reduction without a floor,61320000,219,0.00000219,4462498504170000,44624985.04170000,boundary probe
S1,S1,1/20 reduction without a floor,61320001,219,0.00000219,4462498504170219,44624985.04170219,boundary probe
S1,S1,1/20 reduction without a floor,61529999,219,0.00000219,4462498550159781,44624985.50159781,boundary probe
S1,S1,1/20 reduction without a floor,61530000,208,0.00000208,4462498550160000,44624985.50160000,boundary probe
S1,S1,1/20 reduction without a floor,61530001,208,0.00000208,4462498550160208,44624985.50160208,boundary probe
S1,S1,1/20 reduction without a floor,61739999,208,0.00000208,4462498593839792,44624985.93839792,boundary probe
S1,S1,1/20 reduction without a floor,61740000,197,0.00000197,4462498593840000,44624985.93840000,boundary probe
S1,S1,1/20 reduction without a floor,61740001,197,0.00000197,4462498593840197,44624985.93840197,boundary probe
S1,S1,1/20 reduction without a floor,61949999,197,0.00000197,4462498635209803,44624986.35209803,boundary probe
S1,S1,1/20 reduction without a floor,61950000,187,0.00000187,4462498635210000,44624986.35210000,boundary probe
S1,S1,1/20 reduction without a floor,61950001,187,0.00000187,4462498635210187,44624986.35210187,boundary probe
S1,S1,1/20 reduction without a floor,62159999,187,0.00000187,4462498674479813,44624986.74479813,boundary probe
S1,S1,1/20 reduction without a floor,62160000,177,0.00000177,4462498674480000,44624986.74480000,boundary probe
S1,S1,1/20 reduction without a floor,62160001,177,0.00000177,4462498674480177,44624986.74480177,boundary probe
S1,S1,1/20 reduction without a floor,62369999,177,0.00000177,4462498711649823,44624987.11649823,boundary probe
S1,S1,1/20 reduction without a floor,62370000,168,0.00000168,4462498711650000,44624987.11650000,boundary probe
S1,S1,1/20 reduction without a floor,62370001,168,0.00000168,4462498711650168,44624987.11650168,boundary probe
S1,S1,1/20 reduction without a floor,62579999,168,0.00000168,4462498746929832,44624987.46929832,boundary probe
S1,S1,1/20 reduction without a floor,62580000,159,0.00000159,4462498746930000,44624987.46930000,boundary probe
S1,S1,1/20 reduction without a floor,62580001,159,0.00000159,4462498746930159,44624987.46930159,boundary probe
S1,S1,1/20 reduction without a floor,62789999,159,0.00000159,4462498780319841,44624987.80319841,boundary probe
S1,S1,1/20 reduction without a floor,62790000,151,0.00000151,4462498780320000,44624987.80320000,boundary probe
S1,S1,1/20 reduction without a floor,62790001,151,0.00000151,4462498780320151,44624987.80320151,boundary probe
S1,S1,1/20 reduction without a floor,62999999,151,0.00000151,4462498812029849,44624988.12029849,boundary probe
S1,S1,1/20 reduction without a floor,63000000,143,0.00000143,4462498812030000,44624988.12030000,boundary probe
S1,S1,1/20 reduction without a floor,63000001,143,0.00000143,4462498812030143,44624988.12030143,boundary probe
S1,S1,1/20 reduction without a floor,63209999,143,0.00000143,4462498842059857,44624988.42059857,boundary probe
S1,S1,1/20 reduction without a floor,63210000,135,0.00000135,4462498842060000,44624988.42060000,boundary probe
S1,S1,1/20 reduction without a floor,63210001,135,0.00000135,4462498842060135,44624988.42060135,boundary probe
S1,S1,1/20 reduction without a floor,63419999,135,0.00000135,4462498870409865,44624988.70409865,boundary probe
S1,S1,1/20 reduction without a floor,63420000,128,0.00000128,4462498870410000,44624988.70410000,boundary probe
S1,S1,1/20 reduction without a floor,63420001,128,0.00000128,4462498870410128,44624988.70410128,boundary probe
S1,S1,1/20 reduction without a floor,63629999,128,0.00000128,4462498897289872,44624988.97289872,boundary probe
S1,S1,1/20 reduction without a floor,63630000,121,0.00000121,4462498897290000,44624988.97290000,boundary probe
S1,S1,1/20 reduction without a floor,63630001,121,0.00000121,4462498897290121,44624988.97290121,boundary probe
S1,S1,1/20 reduction without a floor,63839999,121,0.00000121,4462498922699879,44624989.22699879,boundary probe
S1,S1,1/20 reduction without a floor,63840000,114,0.00000114,4462498922700000,44624989.22700000,boundary probe
S1,S1,1/20 reduction without a floor,63840001,114,0.00000114,4462498922700114,44624989.22700114,boundary probe
S1,S1,1/20 reduction without a floor,64049999,114,0.00000114,4462498946639886,44624989.46639886,boundary probe
S1,S1,1/20 reduction without a floor,64050000,108,0.00000108,4462498946640000,44624989.46640000,boundary probe
S1,S1,1/20 reduction without a floor,64050001,108,0.00000108,4462498946640108,44624989.46640108,boundary probe
S1,S1,1/20 reduction without a floor,64259999,108,0.00000108,4462498969319892,44624989.69319892,boundary probe
S1,S1,1/20 reduction without a floor,64260000,102,0.00000102,4462498969320000,44624989.69320000,boundary probe
S1,S1,1/20 reduction without a floor,64260001,102,0.00000102,4462498969320102,44624989.69320102,boundary probe
S1,S1,1/20 reduction without a floor,64469999,102,0.00000102,4462498990739898,44624989.90739898,boundary probe
S1,S1,1/20 reduction without a floor,64470000,96,0.00000096,4462498990740000,44624989.90740000,boundary probe
S1,S1,1/20 reduction without a floor,64470001,96,0.00000096,4462498990740096,44624989.90740096,boundary probe
S1,S1,1/20 reduction without a floor,64679999,96,0.00000096,4462499010899904,44624990.10899904,boundary probe
S1,S1,1/20 reduction without a floor,64680000,91,0.00000091,4462499010900000,44624990.10900000,boundary probe
S1,S1,1/20 reduction without a floor,64680001,91,0.00000091,4462499010900091,44624990.10900091,boundary probe
S1,S1,1/20 reduction without a floor,64889999,91,0.00000091,4462499030009909,44624990.30009909,boundary probe
S1,S1,1/20 reduction without a floor,64890000,86,0.00000086,4462499030010000,44624990.30010000,boundary probe
S1,S1,1/20 reduction without a floor,64890001,86,0.00000086,4462499030010086,44624990.30010086,boundary probe
S1,S1,1/20 reduction without a floor,65099999,86,0.00000086,4462499048069914,44624990.48069914,boundary probe
S1,S1,1/20 reduction without a floor,65100000,81,0.00000081,4462499048070000,44624990.48070000,boundary probe
S1,S1,1/20 reduction without a floor,65100001,81,0.00000081,4462499048070081,44624990.48070081,boundary probe
S1,S1,1/20 reduction without a floor,65309999,81,0.00000081,4462499065079919,44624990.65079919,boundary probe
S1,S1,1/20 reduction without a floor,65310000,76,0.00000076,4462499065080000,44624990.65080000,boundary probe
S1,S1,1/20 reduction without a floor,65310001,76,0.00000076,4462499065080076,44624990.65080076,boundary probe
S1,S1,1/20 reduction without a floor,65519999,76,0.00000076,4462499081039924,44624990.81039924,boundary probe
S1,S1,1/20 reduction without a floor,65520000,72,0.00000072,4462499081040000,44624990.81040000,boundary probe
S1,S1,1/20 reduction without a floor,65520001,72,0.00000072,4462499081040072,44624990.81040072,boundary probe
S1,S1,1/20 reduction without a floor,65729999,72,0.00000072,4462499096159928,44624990.96159928,boundary probe
S1,S1,1/20 reduction without a floor,65730000,68,0.00000068,4462499096160000,44624990.96160000,boundary probe
S1,S1,1/20 reduction without a floor,65730001,68,0.00000068,4462499096160068,44624990.96160068,boundary probe
S1,S1,1/20 reduction without a floor,65939999,68,0.00000068,4462499110439932,44624991.10439932,boundary probe
S1,S1,1/20 reduction without a floor,65940000,64,0.00000064,4462499110440000,44624991.10440000,boundary probe
S1,S1,1/20 reduction without a floor,65940001,64,0.00000064,4462499110440064,44624991.10440064,boundary probe
S1,S1,1/20 reduction without a floor,66149999,64,0.00000064,4462499123879936,44624991.23879936,boundary probe
S1,S1,1/20 reduction without a floor,66150000,60,0.00000060,4462499123880000,44624991.23880000,boundary probe
S1,S1,1/20 reduction without a floor,66150001,60,0.00000060,4462499123880060,44624991.23880060,boundary probe
S1,S1,1/20 reduction without a floor,66359999,60,0.00000060,4462499136479940,44624991.36479940,boundary probe
S1,S1,1/20 reduction without a floor,66360000,57,0.00000057,4462499136480000,44624991.36480000,boundary probe
S1,S1,1/20 reduction without a floor,66360001,57,0.00000057,4462499136480057,44624991.36480057,boundary probe
S1,S1,1/20 reduction without a floor,66569999,57,0.00000057,4462499148449943,44624991.48449943,boundary probe
S1,S1,1/20 reduction without a floor,66570000,54,0.00000054,4462499148450000,44624991.48450000,boundary probe
S1,S1,1/20 reduction without a floor,66570001,54,0.00000054,4462499148450054,44624991.48450054,boundary probe
S1,S1,1/20 reduction without a floor,66779999,54,0.00000054,4462499159789946,44624991.59789946,boundary probe
S1,S1,1/20 reduction without a floor,66780000,51,0.00000051,4462499159790000,44624991.59790000,boundary probe
S1,S1,1/20 reduction without a floor,66780001,51,0.00000051,4462499159790051,44624991.59790051,boundary probe
S1,S1,1/20 reduction without a floor,66989999,51,0.00000051,4462499170499949,44624991.70499949,boundary probe
S1,S1,1/20 reduction without a floor,66990000,48,0.00000048,4462499170500000,44624991.70500000,boundary probe
S1,S1,1/20 reduction without a floor,66990001,48,0.00000048,4462499170500048,44624991.70500048,boundary probe
S1,S1,1/20 reduction without a floor,67199999,48,0.00000048,4462499180579952,44624991.80579952,boundary probe
S1,S1,1/20 reduction without a floor,67200000,45,0.00000045,4462499180580000,44624991.80580000,boundary probe
S1,S1,1/20 reduction without a floor,67200001,45,0.00000045,4462499180580045,44624991.80580045,boundary probe
S1,S1,1/20 reduction without a floor,67409999,45,0.00000045,4462499190029955,44624991.90029955,boundary probe
S1,S1,1/20 reduction without a floor,67410000,42,0.00000042,4462499190030000,44624991.90030000,boundary probe
S1,S1,1/20 reduction without a floor,67410001,42,0.00000042,4462499190030042,44624991.90030042,boundary probe
S1,S1,1/20 reduction without a floor,67619999,42,0.00000042,4462499198849958,44624991.98849958,boundary probe
S1,S1,1/20 reduction without a floor,67620000,39,0.00000039,4462499198850000,44624991.98850000,boundary probe
S1,S1,1/20 reduction without a floor,67620001,39,0.00000039,4462499198850039,44624991.98850039,boundary probe
S1,S1,1/20 reduction without a floor,67829999,39,0.00000039,4462499207039961,44624992.07039961,boundary probe
S1,S1,1/20 reduction without a floor,67830000,37,0.00000037,4462499207040000,44624992.07040000,boundary probe
S1,S1,1/20 reduction without a floor,67830001,37,0.00000037,4462499207040037,44624992.07040037,boundary probe
S1,S1,1/20 reduction without a floor,68039999,37,0.00000037,4462499214809963,44624992.14809963,boundary probe
S1,S1,1/20 reduction without a floor,68040000,35,0.00000035,4462499214810000,44624992.14810000,boundary probe
S1,S1,1/20 reduction without a floor,68040001,35,0.00000035,4462499214810035,44624992.14810035,boundary probe
S1,S1,1/20 reduction without a floor,68249999,35,0.00000035,4462499222159965,44624992.22159965,boundary probe
S1,S1,1/20 reduction without a floor,68250000,33,0.00000033,4462499222160000,44624992.22160000,boundary probe
S1,S1,1/20 reduction without a floor,68250001,33,0.00000033,4462499222160033,44624992.22160033,boundary probe
S1,S1,1/20 reduction without a floor,68459999,33,0.00000033,4462499229089967,44624992.29089967,boundary probe
S1,S1,1/20 reduction without a floor,68460000,31,0.00000031,4462499229090000,44624992.29090000,boundary probe
S1,S1,1/20 reduction without a floor,68460001,31,0.00000031,4462499229090031,44624992.29090031,boundary probe
S1,S1,1/20 reduction without a floor,68669999,31,0.00000031,4462499235599969,44624992.35599969,boundary probe
S1,S1,1/20 reduction without a floor,68670000,29,0.00000029,4462499235600000,44624992.35600000,boundary probe
S1,S1,1/20 reduction without a floor,68670001,29,0.00000029,4462499235600029,44624992.35600029,boundary probe
S1,S1,1/20 reduction without a floor,68879999,29,0.00000029,4462499241689971,44624992.41689971,boundary probe
S1,S1,1/20 reduction without a floor,68880000,27,0.00000027,4462499241690000,44624992.41690000,boundary probe
S1,S1,1/20 reduction without a floor,68880001,27,0.00000027,4462499241690027,44624992.41690027,boundary probe
S1,S1,1/20 reduction without a floor,69089999,27,0.00000027,4462499247359973,44624992.47359973,boundary probe
S1,S1,1/20 reduction without a floor,69090000,25,0.00000025,4462499247360000,44624992.47360000,boundary probe
S1,S1,1/20 reduction without a floor,69090001,25,0.00000025,4462499247360025,44624992.47360025,boundary probe
S1,S1,1/20 reduction without a floor,69299999,25,0.00000025,4462499252609975,44624992.52609975,boundary probe
S1,S1,1/20 reduction without a floor,69300000,23,0.00000023,4462499252610000,44624992.52610000,boundary probe
S1,S1,1/20 reduction without a floor,69300001,23,0.00000023,4462499252610023,44624992.52610023,boundary probe
S1,S1,1/20 reduction without a floor,69509999,23,0.00000023,4462499257439977,44624992.57439977,boundary probe
S1,S1,1/20 reduction without a floor,69510000,21,0.00000021,4462499257440000,44624992.57440000,boundary probe
S1,S1,1/20 reduction without a floor,69510001,21,0.00000021,4462499257440021,44624992.57440021,boundary probe
S1,S1,1/20 reduction without a floor,69719999,21,0.00000021,4462499261849979,44624992.61849979,boundary probe
S1,S1,1/20 reduction without a floor,69720000,19,0.00000019,4462499261850000,44624992.61850000,boundary probe
S1,S1,1/20 reduction without a floor,69720001,19,0.00000019,4462499261850019,44624992.61850019,boundary probe
S1,S1,1/20 reduction without a floor,69929999,19,0.00000019,4462499265839981,44624992.65839981,boundary probe
S1,S1,1/20 reduction without a floor,69930000,18,0.00000018,4462499265840000,44624992.65840000,boundary probe
S1,S1,1/20 reduction without a floor,69930001,18,0.00000018,4462499265840018,44624992.65840018,boundary probe
S1,S1,1/20 reduction without a floor,70139999,18,0.00000018,4462499269619982,44624992.69619982,boundary probe
S1,S1,1/20 reduction without a floor,70140000,17,0.00000017,4462499269620000,44624992.69620000,boundary probe
S1,S1,1/20 reduction without a floor,70140001,17,0.00000017,4462499269620017,44624992.69620017,boundary probe
S1,S1,1/20 reduction without a floor,70349999,17,0.00000017,4462499273189983,44624992.73189983,boundary probe
S1,S1,1/20 reduction without a floor,70350000,16,0.00000016,4462499273190000,44624992.73190000,boundary probe
S1,S1,1/20 reduction without a floor,70350001,16,0.00000016,4462499273190016,44624992.73190016,boundary probe
S1,S1,1/20 reduction without a floor,70559999,16,0.00000016,4462499276549984,44624992.76549984,boundary probe
S1,S1,1/20 reduction without a floor,70560000,15,0.00000015,4462499276550000,44624992.76550000,boundary probe
S1,S1,1/20 reduction without a floor,70560001,15,0.00000015,4462499276550015,44624992.76550015,boundary probe
S1,S1,1/20 reduction without a floor,70769999,15,0.00000015,4462499279699985,44624992.79699985,boundary probe
S1,S1,1/20 reduction without a floor,70770000,14,0.00000014,4462499279700000,44624992.79700000,boundary probe
S1,S1,1/20 reduction without a floor,70770001,14,0.00000014,4462499279700014,44624992.79700014,boundary probe
S1,S1,1/20 reduction without a floor,70979999,14,0.00000014,4462499282639986,44624992.82639986,boundary probe
S1,S1,1/20 reduction without a floor,70980000,13,0.00000013,4462499282640000,44624992.82640000,boundary probe
S1,S1,1/20 reduction without a floor,70980001,13,0.00000013,4462499282640013,44624992.82640013,boundary probe
S1,S1,1/20 reduction without a floor,71189999,13,0.00000013,4462499285369987,44624992.85369987,boundary probe
S1,S1,1/20 reduction without a floor,71190000,12,0.00000012,4462499285370000,44624992.85370000,boundary probe
S1,S1,1/20 reduction without a floor,71190001,12,0.00000012,4462499285370012,44624992.85370012,boundary probe
S1,S1,1/20 reduction without a floor,71399999,12,0.00000012,4462499287889988,44624992.87889988,boundary probe
S1,S1,1/20 reduction without a floor,71400000,11,0.00000011,4462499287890000,44624992.87890000,boundary probe
S1,S1,1/20 reduction without a floor,71400001,11,0.00000011,4462499287890011,44624992.87890011,boundary probe
S1,S1,1/20 reduction without a floor,71609999,11,0.00000011,4462499290199989,44624992.90199989,boundary probe
S1,S1,1/20 reduction without a floor,71610000,10,0.00000010,4462499290200000,44624992.90200000,boundary probe
S1,S1,1/20 reduction without a floor,71610001,10,0.00000010,4462499290200010,44624992.90200010,boundary probe
S1,S1,1/20 reduction without a floor,71819999,10,0.00000010,4462499292299990,44624992.92299990,boundary probe
S1,S1,1/20 reduction without a floor,71820000,9,0.00000009,4462499292300000,44624992.92300000,boundary probe
S1,S1,1/20 reduction without a floor,71820001,9,0.00000009,4462499292300009,44624992.92300009,boundary probe
S1,S1,1/20 reduction without a floor,72029999,9,0.00000009,4462499294189991,44624992.94189991,boundary probe
S1,S1,1/20 reduction without a floor,72030000,8,0.00000008,4462499294190000,44624992.94190000,boundary probe
S1,S1,1/20 reduction without a floor,72030001,8,0.00000008,4462499294190008,44624992.94190008,boundary probe
S1,S1,1/20 reduction without a floor,72239999,8,0.00000008,4462499295869992,44624992.95869992,boundary probe
S1,S1,1/20 reduction without a floor,72240000,7,0.00000007,4462499295870000,44624992.95870000,boundary probe
S1,S1,1/20 reduction without a floor,72240001,7,0.00000007,4462499295870007,44624992.95870007,boundary probe
S1,S1,1/20 reduction without a floor,72449999,7,0.00000007,4462499297339993,44624992.97339993,boundary probe
S1,S1,1/20 reduction without a floor,72450000,6,0.00000006,4462499297340000,44624992.97340000,boundary probe
S1,S1,1/20 reduction without a floor,72450001,6,0.00000006,4462499297340006,44624992.97340006,boundary probe
S1,S1,1/20 reduction without a floor,72659999,6,0.00000006,4462499298599994,44624992.98599994,boundary probe
S1,S1,1/20 reduction without a floor,72660000,5,0.00000005,4462499298600000,44624992.98600000,boundary probe
S1,S1,1/20 reduction without a floor,72660001,5,0.00000005,4462499298600005,44624992.98600005,boundary probe
S1,S1,1/20 reduction without a floor,72869999,5,0.00000005,4462499299649995,44624992.99649995,boundary probe
S1,S1,1/20 reduction without a floor,72870000,4,0.00000004,4462499299650000,44624992.99650000,boundary probe
S1,S1,1/20 reduction without a floor,72870001,4,0.00000004,4462499299650004,44624992.99650004,boundary probe
S1,S1,1/20 reduction without a floor,73079999,4,0.00000004,4462499300489996,44624993.00489996,boundary probe
S1,S1,1/20 reduction without a floor,73080000,3,0.00000003,4462499300490000,44624993.00490000,boundary probe
S1,S1,1/20 reduction without a floor,73080001,3,0.00000003,4462499300490003,44624993.00490003,boundary probe
S1,S1,1/20 reduction without a floor,73289999,3,0.00000003,4462499301119997,44624993.01119997,boundary probe
S1,S1,1/20 reduction without a floor,73290000,2,0.00000002,4462499301120000,44624993.01120000,boundary probe
S1,S1,1/20 reduction without a floor,73290001,2,0.00000002,4462499301120002,44624993.01120002,boundary probe
S1,S1,1/20 reduction without a floor,73499999,2,0.00000002,4462499301539998,44624993.01539998,boundary probe
S1,S1,1/20 reduction without a floor,73500000,1,0.00000001,4462499301540000,44624993.01540000,boundary probe
S1,S1,1/20 reduction without a floor,73500001,1,0.00000001,4462499301540001,44624993.01540001,boundary probe
S1,S1,1/20 reduction without a floor,73709999,1,0.00000001,4462499301749999,44624993.01749999,boundary probe
S1,S1,1/20 reduction without a floor,73710000,0,0.00000000,4462499301750000,44624993.01750000,boundary probe
S1,S1,1/20 reduction without a floor,73710001,0,0.00000000,4462499301750000,44624993.01750000,boundary probe
S2a,S2/a,1/20 reduction with bounded 0.5 RIN phase,0,5000000000,50.00000000,0,0.00000000,boundary probe
S2a,S2/a,1/20 reduction with bounded 0.5 RIN phase,1,5000000000,50.00000000,5000000000,50.00000000,boundary probe
S2a,S2/a,1/20 reduction with bounded 0.5 RIN phase,209999,5000000000,50.00000000,1049995000000000,10499950.00000000,boundary probe
S2a,S2/a,1/20 reduction with bounded 0.5 RIN phase,210000,2500000000,25.00000000,1050000000000000,10500000.00000000,boundary probe
S2a,S2/a,1/20 reduction with bounded 0.5 RIN phase,210001,2500000000,25.00000000,1050002500000000,10500025.00000000,boundary probe
S2a,S2/a,1/20 reduction with bounded 0.5 RIN phase,419999,2500000000,25.00000000,1574997500000000,15749975.00000000,boundary probe
S2a,S2/a,1/20 reduction with bounded 0.5 RIN phase,420000,1250000000,12.50000000,1575000000000000,15750000.00000000,boundary probe
S2a,S2/a,1/20 reduction with bounded 0.5 RIN phase,420001,1250000000,12.50000000,1575001250000000,15750012.50000000,boundary probe
S2a,S2/a,1/20 reduction with bounded 0.5 RIN phase,629999,1250000000,12.50000000,1837498750000000,18374987.50000000,boundary probe
S2a,S2/a,1/20 reduction with bounded 0.5 RIN phase,630000,625000000,6.25000000,1837500000000000,18375000.00000000,boundary probe
S2a,S2/a,1/20 reduction with bounded 0.5 RIN phase,630001,625000000,6.25000000,1837500625000000,18375006.25000000,boundary probe
S2a,S2/a,1/20 reduction with bounded 0.5 RIN phase,839999,625000000,6.25000000,1968749375000000,19687493.75000000,boundary probe
S2a,S2/a,1/20 reduction with bounded 0.5 RIN phase,840000,593750000,5.93750000,1968750000000000,19687500.00000000,boundary probe
S2a,S2/a,1/20 reduction with bounded 0.5 RIN phase,840001,593750000,5.93750000,1968750593750000,19687505.93750000,boundary probe
S2a,S2/a,1/20 reduction with bounded 0.5 RIN phase,1049999,593750000,5.93750000,2093436906250000,20934369.06250000,boundary probe
S2a,S2/a,1/20 reduction with bounded 0.5 RIN phase,1050000,564062500,5.64062500,2093437500000000,20934375.00000000,boundary probe
S2a,S2/a,1/20 reduction with bounded 0.5 RIN phase,1050001,564062500,5.64062500,2093438064062500,20934380.64062500,boundary probe
S2a,S2/a,1/20 reduction with bounded 0.5 RIN phase,1259999,564062500,5.64062500,2211890060937500,22118900.60937500,boundary probe
S2a,S2/a,1/20 reduction with bounded 0.5 RIN phase,1260000,535859375,5.35859375,2211890625000000,22118906.25000000,boundary probe
S2a,S2/a,1/20 reduction with bounded 0.5 RIN phase,1260001,535859375,5.35859375,2211891160859375,22118911.60859375,boundary probe
S2a,S2/a,1/20 reduction with bounded 0.5 RIN phase,1469999,535859375,5.35859375,2324420557890625,23244205.57890625,boundary probe
S2a,S2/a,1/20 reduction with bounded 0.5 RIN phase,1470000,509066406,5.09066406,2324421093750000,23244210.93750000,boundary probe
S2a,S2/a,1/20 reduction with bounded 0.5 RIN phase,1470001,509066406,5.09066406,2324421602816406,23244216.02816406,boundary probe
S2a,S2/a,1/20 reduction with bounded 0.5 RIN phase,1679999,509066406,5.09066406,2431324529943594,24313245.29943594,boundary probe
S2a,S2/a,1/20 reduction with bounded 0.5 RIN phase,1680000,483613085,4.83613085,2431325039010000,24313250.39010000,boundary probe
S2a,S2/a,1/20 reduction with bounded 0.5 RIN phase,1680001,483613085,4.83613085,2431325522623085,24313255.22623085,boundary probe
S2a,S2/a,1/20 reduction with bounded 0.5 RIN phase,1889999,483613085,4.83613085,2532883303246915,25328833.03246915,boundary probe
S2a,S2/a,1/20 reduction with bounded 0.5 RIN phase,1890000,459432430,4.59432430,2532883786860000,25328837.86860000,boundary probe
S2a,S2/a,1/20 reduction with bounded 0.5 RIN phase,1890001,459432430,4.59432430,2532884246292430,25328842.46292430,boundary probe
S2a,S2/a,1/20 reduction with bounded 0.5 RIN phase,2099999,459432430,4.59432430,2629364137727570,26293641.37727570,boundary probe
S2a,S2/a,1/20 reduction with bounded 0.5 RIN phase,2100000,436460808,4.36460808,2629364597160000,26293645.97160000,boundary probe
S2a,S2/a,1/20 reduction with bounded 0.5 RIN phase,2100001,436460808,4.36460808,2629365033620808,26293650.33620808,boundary probe
S2a,S2/a,1/20 reduction with bounded 0.5 RIN phase,2309999,436460808,4.36460808,2721020930379192,27210209.30379192,boundary probe
S2a,S2/a,1/20 reduction with bounded 0.5 RIN phase,2310000,414637767,4.14637767,2721021366840000,27210213.66840000,boundary probe
S2a,S2/a,1/20 reduction with bounded 0.5 RIN phase,2310001,414637767,4.14637767,2721021781477767,27210217.81477767,boundary probe
S2a,S2/a,1/20 reduction with bounded 0.5 RIN phase,2519999,414637767,4.14637767,2808094883272233,28080948.83272233,boundary probe
S2a,S2/a,1/20 reduction with bounded 0.5 RIN phase,2520000,393905878,3.93905878,2808095297910000,28080952.97910000,boundary probe
S2a,S2/a,1/20 reduction with bounded 0.5 RIN phase,2520001,393905878,3.93905878,2808095691815878,28080956.91815878,boundary probe
S2a,S2/a,1/20 reduction with bounded 0.5 RIN phase,2729999,393905878,3.93905878,2890815138384122,28908151.38384122,boundary probe
S2a,S2/a,1/20 reduction with bounded 0.5 RIN phase,2730000,374210584,3.74210584,2890815532290000,28908155.32290000,boundary probe
S2a,S2/a,1/20 reduction with bounded 0.5 RIN phase,2730001,374210584,3.74210584,2890815906500584,28908159.06500584,boundary probe
S2a,S2/a,1/20 reduction with bounded 0.5 RIN phase,2939999,374210584,3.74210584,2969399380719416,29693993.80719416,boundary probe
S2a,S2/a,1/20 reduction with bounded 0.5 RIN phase,2940000,355500054,3.55500054,2969399754930000,29693997.54930000,boundary probe
S2a,S2/a,1/20 reduction with bounded 0.5 RIN phase,2940001,355500054,3.55500054,2969400110430054,29694001.10430054,boundary probe
S2a,S2/a,1/20 reduction with bounded 0.5 RIN phase,3149999,355500054,3.55500054,3044054410769946,30440544.10769946,boundary probe
S2a,S2/a,1/20 reduction with bounded 0.5 RIN phase,3150000,337725051,3.37725051,3044054766270000,30440547.66270000,boundary probe
S2a,S2/a,1/20 reduction with bounded 0.5 RIN phase,3150001,337725051,3.37725051,3044055103995051,30440551.03995051,boundary probe
S2a,S2/a,1/20 reduction with bounded 0.5 RIN phase,3359999,337725051,3.37725051,3114976689254949,31149766.89254949,boundary probe
S2a,S2/a,1/20 reduction with bounded 0.5 RIN phase,3360000,320838798,3.20838798,3114977026980000,31149770.26980000,boundary probe
S2a,S2/a,1/20 reduction with bounded 0.5 RIN phase,3360001,320838798,3.20838798,3114977347818798,31149773.47818798,boundary probe
S2a,S2/a,1/20 reduction with bounded 0.5 RIN phase,3569999,320838798,3.20838798,3182352853721202,31823528.53721202,boundary probe
S2a,S2/a,1/20 reduction with bounded 0.5 RIN phase,3570000,304796858,3.04796858,3182353174560000,31823531.74560000,boundary probe
S2a,S2/a,1/20 reduction with bounded 0.5 RIN phase,3570001,304796858,3.04796858,3182353479356858,31823534.79356858,boundary probe
S2a,S2/a,1/20 reduction with bounded 0.5 RIN phase,3779999,304796858,3.04796858,3246360209943142,32463602.09943142,boundary probe
S2a,S2/a,1/20 reduction with bounded 0.5 RIN phase,3780000,289557015,2.89557015,3246360514740000,32463605.14740000,boundary probe
S2a,S2/a,1/20 reduction with bounded 0.5 RIN phase,3780001,289557015,2.89557015,3246360804297015,32463608.04297015,boundary probe
S2a,S2/a,1/20 reduction with bounded 0.5 RIN phase,3989999,289557015,2.89557015,3307167198332985,33071671.98332985,boundary probe
S2a,S2/a,1/20 reduction with bounded 0.5 RIN phase,3990000,275079164,2.75079164,3307167487890000,33071674.87890000,boundary probe
S2a,S2/a,1/20 reduction with bounded 0.5 RIN phase,3990001,275079164,2.75079164,3307167762969164,33071677.62969164,boundary probe
S2a,S2/a,1/20 reduction with bounded 0.5 RIN phase,4199999,275079164,2.75079164,3364933837250836,33649338.37250836,boundary probe
S2a,S2/a,1/20 reduction with bounded 0.5 RIN phase,4200000,261325205,2.61325205,3364934112330000,33649341.12330000,boundary probe
S2a,S2/a,1/20 reduction with bounded 0.5 RIN phase,4200001,261325205,2.61325205,3364934373655205,33649343.73655205,boundary probe
S2a,S2/a,1/20 reduction with bounded 0.5 RIN phase,4409999,261325205,2.61325205,3419812144054795,34198121.44054795,boundary probe
S2a,S2/a,1/20 reduction with bounded 0.5 RIN phase,4410000,248258944,2.48258944,3419812405380000,34198124.05380000,boundary probe
S2a,S2/a,1/20 reduction with bounded 0.5 RIN phase,4410001,248258944,2.48258944,3419812653638944,34198126.53638944,boundary probe
S2a,S2/a,1/20 reduction with bounded 0.5 RIN phase,4619999,248258944,2.48258944,3471946535361056,34719465.35361056,boundary probe
S2a,S2/a,1/20 reduction with bounded 0.5 RIN phase,4620000,235845996,2.35845996,3471946783620000,34719467.83620000,boundary probe
S2a,S2/a,1/20 reduction with bounded 0.5 RIN phase,4620001,235845996,2.35845996,3471947019465996,34719470.19465996,boundary probe
S2a,S2/a,1/20 reduction with bounded 0.5 RIN phase,4829999,235845996,2.35845996,3521474206934004,35214742.06934004,boundary probe
S2a,S2/a,1/20 reduction with bounded 0.5 RIN phase,4830000,224053696,2.24053696,3521474442780000,35214744.42780000,boundary probe
S2a,S2/a,1/20 reduction with bounded 0.5 RIN phase,4830001,224053696,2.24053696,3521474666833696,35214746.66833696,boundary probe
S2a,S2/a,1/20 reduction with bounded 0.5 RIN phase,5039999,224053696,2.24053696,3568525494886304,35685254.94886304,boundary probe
S2a,S2/a,1/20 reduction with bounded 0.5 RIN phase,5040000,212851011,2.12851011,3568525718940000,35685257.18940000,boundary probe
S2a,S2/a,1/20 reduction with bounded 0.5 RIN phase,5040001,212851011,2.12851011,3568525931791011,35685259.31791011,boundary probe
S2a,S2/a,1/20 reduction with bounded 0.5 RIN phase,5249999,212851011,2.12851011,3613224218398989,36132242.18398989,boundary probe
S2a,S2/a,1/20 reduction with bounded 0.5 RIN phase,5250000,202208460,2.02208460,3613224431250000,36132244.31250000,boundary probe
S2a,S2/a,1/20 reduction with bounded 0.5 RIN phase,5250001,202208460,2.02208460,3613224633458460,36132246.33458460,boundary probe
S2a,S2/a,1/20 reduction with bounded 0.5 RIN phase,5459999,202208460,2.02208460,3655688005641540,36556880.05641540,boundary probe
S2a,S2/a,1/20 reduction with bounded 0.5 RIN phase,5460000,192098037,1.92098037,3655688207850000,36556882.07850000,boundary probe
S2a,S2/a,1/20 reduction with bounded 0.5 RIN phase,5460001,192098037,1.92098037,3655688399948037,36556883.99948037,boundary probe
S2a,S2/a,1/20 reduction with bounded 0.5 RIN phase,5669999,192098037,1.92098037,3696028603521963,36960286.03521963,boundary probe
S2a,S2/a,1/20 reduction with bounded 0.5 RIN phase,5670000,182493135,1.82493135,3696028795620000,36960287.95620000,boundary probe
S2a,S2/a,1/20 reduction with bounded 0.5 RIN phase,5670001,182493135,1.82493135,3696028978113135,36960289.78113135,boundary probe
S2a,S2/a,1/20 reduction with bounded 0.5 RIN phase,5879999,182493135,1.82493135,3734352171476865,37343521.71476865,boundary probe
S2a,S2/a,1/20 reduction with bounded 0.5 RIN phase,5880000,173368478,1.73368478,3734352353970000,37343523.53970000,boundary probe
S2a,S2/a,1/20 reduction with bounded 0.5 RIN phase,5880001,173368478,1.73368478,3734352527338478,37343525.27338478,boundary probe
S2a,S2/a,1/20 reduction with bounded 0.5 RIN phase,6089999,173368478,1.73368478,3770759560981522,37707595.60981522,boundary probe
S2a,S2/a,1/20 reduction with bounded 0.5 RIN phase,6090000,164700054,1.64700054,3770759734350000,37707597.34350000,boundary probe
S2a,S2/a,1/20 reduction with bounded 0.5 RIN phase,6090001,164700054,1.64700054,3770759899050054,37707598.99050054,boundary probe
S2a,S2/a,1/20 reduction with bounded 0.5 RIN phase,6299999,164700054,1.64700054,3805346580989946,38053465.80989946,boundary probe
S2a,S2/a,1/20 reduction with bounded 0.5 RIN phase,6300000,156465051,1.56465051,3805346745690000,38053467.45690000,boundary probe
S2a,S2/a,1/20 reduction with bounded 0.5 RIN phase,6300001,156465051,1.56465051,3805346902155051,38053469.02155051,boundary probe
S2a,S2/a,1/20 reduction with bounded 0.5 RIN phase,6509999,156465051,1.56465051,3838204249934949,38382042.49934949,boundary probe
S2a,S2/a,1/20 reduction with bounded 0.5 RIN phase,6510000,148641798,1.48641798,3838204406400000,38382044.06400000,boundary probe
S2a,S2/a,1/20 reduction with bounded 0.5 RIN phase,6510001,148641798,1.48641798,3838204555041798,38382045.55041798,boundary probe
S2a,S2/a,1/20 reduction with bounded 0.5 RIN phase,6719999,148641798,1.48641798,3869419035338202,38694190.35338202,boundary probe
S2a,S2/a,1/20 reduction with bounded 0.5 RIN phase,6720000,141209708,1.41209708,3869419183980000,38694191.83980000,boundary probe
S2a,S2/a,1/20 reduction with bounded 0.5 RIN phase,6720001,141209708,1.41209708,3869419325189708,38694193.25189708,boundary probe
S2a,S2/a,1/20 reduction with bounded 0.5 RIN phase,6929999,141209708,1.41209708,3899073081450292,38990730.81450292,boundary probe
S2a,S2/a,1/20 reduction with bounded 0.5 RIN phase,6930000,134149222,1.34149222,3899073222660000,38990732.22660000,boundary probe
S2a,S2/a,1/20 reduction with bounded 0.5 RIN phase,6930001,134149222,1.34149222,3899073356809222,38990733.56809222,boundary probe
S2a,S2/a,1/20 reduction with bounded 0.5 RIN phase,7139999,134149222,1.34149222,3927244425130778,39272444.25130778,boundary probe
S2a,S2/a,1/20 reduction with bounded 0.5 RIN phase,7140000,127441760,1.27441760,3927244559280000,39272445.59280000,boundary probe
S2a,S2/a,1/20 reduction with bounded 0.5 RIN phase,7140001,127441760,1.27441760,3927244686721760,39272446.86721760,boundary probe
S2a,S2/a,1/20 reduction with bounded 0.5 RIN phase,7349999,127441760,1.27441760,3954007201438240,39540072.01438240,boundary probe
S2a,S2/a,1/20 reduction with bounded 0.5 RIN phase,7350000,121069672,1.21069672,3954007328880000,39540073.28880000,boundary probe
S2a,S2/a,1/20 reduction with bounded 0.5 RIN phase,7350001,121069672,1.21069672,3954007449949672,39540074.49949672,boundary probe
S2a,S2/a,1/20 reduction with bounded 0.5 RIN phase,7559999,121069672,1.21069672,3979431838930328,39794318.38930328,boundary probe
S2a,S2/a,1/20 reduction with bounded 0.5 RIN phase,7560000,115016188,1.15016188,3979431960000000,39794319.60000000,boundary probe
S2a,S2/a,1/20 reduction with bounded 0.5 RIN phase,7560001,115016188,1.15016188,3979432075016188,39794320.75016188,boundary probe
S2a,S2/a,1/20 reduction with bounded 0.5 RIN phase,7769999,115016188,1.15016188,4003585244463812,40035852.44463812,boundary probe
S2a,S2/a,1/20 reduction with bounded 0.5 RIN phase,7770000,109265378,1.09265378,4003585359480000,40035853.59480000,boundary probe
S2a,S2/a,1/20 reduction with bounded 0.5 RIN phase,7770001,109265378,1.09265378,4003585468745378,40035854.68745378,boundary probe
S2a,S2/a,1/20 reduction with bounded 0.5 RIN phase,7979999,109265378,1.09265378,4026530979594622,40265309.79594622,boundary probe
S2a,S2/a,1/20 reduction with bounded 0.5 RIN phase,7980000,103802109,1.03802109,4026531088860000,40265310.88860000,boundary probe
S2a,S2/a,1/20 reduction with bounded 0.5 RIN phase,7980001,103802109,1.03802109,4026531192662109,40265311.92662109,boundary probe
S2a,S2/a,1/20 reduction with bounded 0.5 RIN phase,8189999,103802109,1.03802109,4048329427947891,40483294.27947891,boundary probe
S2a,S2/a,1/20 reduction with bounded 0.5 RIN phase,8190000,98612003,0.98612003,4048329531750000,40483295.31750000,boundary probe
S2a,S2/a,1/20 reduction with bounded 0.5 RIN phase,8190001,98612003,0.98612003,4048329630362003,40483296.30362003,boundary probe
S2a,S2/a,1/20 reduction with bounded 0.5 RIN phase,8399999,98612003,0.98612003,4069037953767997,40690379.53767997,boundary probe
S2a,S2/a,1/20 reduction with bounded 0.5 RIN phase,8400000,93681402,0.93681402,4069038052380000,40690380.52380000,boundary probe
S2a,S2/a,1/20 reduction with bounded 0.5 RIN phase,8400001,93681402,0.93681402,4069038146061402,40690381.46061402,boundary probe
S2a,S2/a,1/20 reduction with bounded 0.5 RIN phase,8609999,93681402,0.93681402,4088711053118598,40887110.53118598,boundary probe
S2a,S2/a,1/20 reduction with bounded 0.5 RIN phase,8610000,88997331,0.88997331,4088711146800000,40887111.46800000,boundary probe
S2a,S2/a,1/20 reduction with bounded 0.5 RIN phase,8610001,88997331,0.88997331,4088711235797331,40887112.35797331,boundary probe
S2a,S2/a,1/20 reduction with bounded 0.5 RIN phase,8819999,88997331,0.88997331,4107400497312669,41074004.97312669,boundary probe
S2a,S2/a,1/20 reduction with bounded 0.5 RIN phase,8820000,84547464,0.84547464,4107400586310000,41074005.86310000,boundary probe
S2a,S2/a,1/20 reduction with bounded 0.5 RIN phase,8820001,84547464,0.84547464,4107400670857464,41074006.70857464,boundary probe
S2a,S2/a,1/20 reduction with bounded 0.5 RIN phase,9029999,84547464,0.84547464,4125155469202536,41251554.69202536,boundary probe
S2a,S2/a,1/20 reduction with bounded 0.5 RIN phase,9030000,80320090,0.80320090,4125155553750000,41251555.53750000,boundary probe
S2a,S2/a,1/20 reduction with bounded 0.5 RIN phase,9030001,80320090,0.80320090,4125155634070090,41251556.34070090,boundary probe
S2a,S2/a,1/20 reduction with bounded 0.5 RIN phase,9239999,80320090,0.80320090,4142022692329910,41420226.92329910,boundary probe
S2a,S2/a,1/20 reduction with bounded 0.5 RIN phase,9240000,76304085,0.76304085,4142022772650000,41420227.72650000,boundary probe
S2a,S2/a,1/20 reduction with bounded 0.5 RIN phase,9240001,76304085,0.76304085,4142022848954085,41420228.48954085,boundary probe
S2a,S2/a,1/20 reduction with bounded 0.5 RIN phase,9449999,76304085,0.76304085,4158046554195915,41580465.54195915,boundary probe
S2a,S2/a,1/20 reduction with bounded 0.5 RIN phase,9450000,72488880,0.72488880,4158046630500000,41580466.30500000,boundary probe
S2a,S2/a,1/20 reduction with bounded 0.5 RIN phase,9450001,72488880,0.72488880,4158046702988880,41580467.02988880,boundary probe
S2a,S2/a,1/20 reduction with bounded 0.5 RIN phase,9659999,72488880,0.72488880,4173269222811120,41732692.22811120,boundary probe
S2a,S2/a,1/20 reduction with bounded 0.5 RIN phase,9660000,68864436,0.68864436,4173269295300000,41732692.95300000,boundary probe
S2a,S2/a,1/20 reduction with bounded 0.5 RIN phase,9660001,68864436,0.68864436,4173269364164436,41732693.64164436,boundary probe
S2a,S2/a,1/20 reduction with bounded 0.5 RIN phase,9869999,68864436,0.68864436,4187730757995564,41877307.57995564,boundary probe
S2a,S2/a,1/20 reduction with bounded 0.5 RIN phase,9870000,65421214,0.65421214,4187730826860000,41877308.26860000,boundary probe
S2a,S2/a,1/20 reduction with bounded 0.5 RIN phase,9870001,65421214,0.65421214,4187730892281214,41877308.92281214,boundary probe
S2a,S2/a,1/20 reduction with bounded 0.5 RIN phase,10079999,65421214,0.65421214,4201469216378786,42014692.16378786,boundary probe
S2a,S2/a,1/20 reduction with bounded 0.5 RIN phase,10080000,62150153,0.62150153,4201469281800000,42014692.81800000,boundary probe
S2a,S2/a,1/20 reduction with bounded 0.5 RIN phase,10080001,62150153,0.62150153,4201469343950153,42014693.43950153,boundary probe
S2a,S2/a,1/20 reduction with bounded 0.5 RIN phase,10289999,62150153,0.62150153,4214520751779847,42145207.51779847,boundary probe
S2a,S2/a,1/20 reduction with bounded 0.5 RIN phase,10290000,59042645,0.59042645,4214520813930000,42145208.13930000,boundary probe
S2a,S2/a,1/20 reduction with bounded 0.5 RIN phase,10290001,59042645,0.59042645,4214520872972645,42145208.72972645,boundary probe
S2a,S2/a,1/20 reduction with bounded 0.5 RIN phase,10499999,59042645,0.59042645,4226919710337355,42269197.10337355,boundary probe
S2a,S2/a,1/20 reduction with bounded 0.5 RIN phase,10500000,56090512,0.56090512,4226919769380000,42269197.69380000,boundary probe
S2a,S2/a,1/20 reduction with bounded 0.5 RIN phase,10500001,56090512,0.56090512,4226919825470512,42269198.25470512,boundary probe
S2a,S2/a,1/20 reduction with bounded 0.5 RIN phase,10709999,56090512,0.56090512,4238698720809488,42386987.20809488,boundary probe
S2a,S2/a,1/20 reduction with bounded 0.5 RIN phase,10710000,53285986,0.53285986,4238698776900000,42386987.76900000,boundary probe
S2a,S2/a,1/20 reduction with bounded 0.5 RIN phase,10710001,53285986,0.53285986,4238698830185986,42386988.30185986,boundary probe
S2a,S2/a,1/20 reduction with bounded 0.5 RIN phase,10919999,53285986,0.53285986,4249888780674014,42498887.80674014,boundary probe
S2a,S2/a,1/20 reduction with bounded 0.5 RIN phase,10920000,50621686,0.50621686,4249888833960000,42498888.33960000,boundary probe
S2a,S2/a,1/20 reduction with bounded 0.5 RIN phase,10920001,50621686,0.50621686,4249888884581686,42498888.84581686,boundary probe
S2a,S2/a,1/20 reduction with bounded 0.5 RIN phase,11129999,50621686,0.50621686,4260519337398314,42605193.37398314,boundary probe
S2a,S2/a,1/20 reduction with bounded 0.5 RIN phase,11130000,50000000,0.50000000,4260519388020000,42605193.88020000,boundary probe
S2a,S2/a,1/20 reduction with bounded 0.5 RIN phase,11130001,50000000,0.50000000,4260519438020000,42605194.38020000,boundary probe
S2a,S2/a,1/20 reduction with bounded 0.5 RIN phase,261919611,50000000,0.50000000,16799999938020000,167999999.38020000,boundary probe
S2a,S2/a,1/20 reduction with bounded 0.5 RIN phase,261919612,0,0.00000000,16799999988020000,167999999.88020000,boundary probe
S2a,S2/a,1/20 reduction with bounded 0.5 RIN phase,261919613,0,0.00000000,16799999988020000,167999999.88020000,boundary probe
S2b,S2/b,Bounded 1 RIN phase comparator,0,5000000000,50.00000000,0,0.00000000,boundary probe
S2b,S2/b,Bounded 1 RIN phase comparator,1,5000000000,50.00000000,5000000000,50.00000000,boundary probe
S2b,S2/b,Bounded 1 RIN phase comparator,209999,5000000000,50.00000000,1049995000000000,10499950.00000000,boundary probe
S2b,S2/b,Bounded 1 RIN phase comparator,210000,2500000000,25.00000000,1050000000000000,10500000.00000000,boundary probe
S2b,S2/b,Bounded 1 RIN phase comparator,210001,2500000000,25.00000000,1050002500000000,10500025.00000000,boundary probe
S2b,S2/b,Bounded 1 RIN phase comparator,419999,2500000000,25.00000000,1574997500000000,15749975.00000000,boundary probe
S2b,S2/b,Bounded 1 RIN phase comparator,420000,1250000000,12.50000000,1575000000000000,15750000.00000000,boundary probe
S2b,S2/b,Bounded 1 RIN phase comparator,420001,1250000000,12.50000000,1575001250000000,15750012.50000000,boundary probe
S2b,S2/b,Bounded 1 RIN phase comparator,629999,1250000000,12.50000000,1837498750000000,18374987.50000000,boundary probe
S2b,S2/b,Bounded 1 RIN phase comparator,630000,625000000,6.25000000,1837500000000000,18375000.00000000,boundary probe
S2b,S2/b,Bounded 1 RIN phase comparator,630001,625000000,6.25000000,1837500625000000,18375006.25000000,boundary probe
S2b,S2/b,Bounded 1 RIN phase comparator,839999,625000000,6.25000000,1968749375000000,19687493.75000000,boundary probe
S2b,S2/b,Bounded 1 RIN phase comparator,840000,593750000,5.93750000,1968750000000000,19687500.00000000,boundary probe
S2b,S2/b,Bounded 1 RIN phase comparator,840001,593750000,5.93750000,1968750593750000,19687505.93750000,boundary probe
S2b,S2/b,Bounded 1 RIN phase comparator,1049999,593750000,5.93750000,2093436906250000,20934369.06250000,boundary probe
S2b,S2/b,Bounded 1 RIN phase comparator,1050000,564062500,5.64062500,2093437500000000,20934375.00000000,boundary probe
S2b,S2/b,Bounded 1 RIN phase comparator,1050001,564062500,5.64062500,2093438064062500,20934380.64062500,boundary probe
S2b,S2/b,Bounded 1 RIN phase comparator,1259999,564062500,5.64062500,2211890060937500,22118900.60937500,boundary probe
S2b,S2/b,Bounded 1 RIN phase comparator,1260000,535859375,5.35859375,2211890625000000,22118906.25000000,boundary probe
S2b,S2/b,Bounded 1 RIN phase comparator,1260001,535859375,5.35859375,2211891160859375,22118911.60859375,boundary probe
S2b,S2/b,Bounded 1 RIN phase comparator,1469999,535859375,5.35859375,2324420557890625,23244205.57890625,boundary probe
S2b,S2/b,Bounded 1 RIN phase comparator,1470000,509066406,5.09066406,2324421093750000,23244210.93750000,boundary probe
S2b,S2/b,Bounded 1 RIN phase comparator,1470001,509066406,5.09066406,2324421602816406,23244216.02816406,boundary probe
S2b,S2/b,Bounded 1 RIN phase comparator,1679999,509066406,5.09066406,2431324529943594,24313245.29943594,boundary probe
S2b,S2/b,Bounded 1 RIN phase comparator,1680000,483613085,4.83613085,2431325039010000,24313250.39010000,boundary probe
S2b,S2/b,Bounded 1 RIN phase comparator,1680001,483613085,4.83613085,2431325522623085,24313255.22623085,boundary probe
S2b,S2/b,Bounded 1 RIN phase comparator,1889999,483613085,4.83613085,2532883303246915,25328833.03246915,boundary probe
S2b,S2/b,Bounded 1 RIN phase comparator,1890000,459432430,4.59432430,2532883786860000,25328837.86860000,boundary probe
S2b,S2/b,Bounded 1 RIN phase comparator,1890001,459432430,4.59432430,2532884246292430,25328842.46292430,boundary probe
S2b,S2/b,Bounded 1 RIN phase comparator,2099999,459432430,4.59432430,2629364137727570,26293641.37727570,boundary probe
S2b,S2/b,Bounded 1 RIN phase comparator,2100000,436460808,4.36460808,2629364597160000,26293645.97160000,boundary probe
S2b,S2/b,Bounded 1 RIN phase comparator,2100001,436460808,4.36460808,2629365033620808,26293650.33620808,boundary probe
S2b,S2/b,Bounded 1 RIN phase comparator,2309999,436460808,4.36460808,2721020930379192,27210209.30379192,boundary probe
S2b,S2/b,Bounded 1 RIN phase comparator,2310000,414637767,4.14637767,2721021366840000,27210213.66840000,boundary probe
S2b,S2/b,Bounded 1 RIN phase comparator,2310001,414637767,4.14637767,2721021781477767,27210217.81477767,boundary probe
S2b,S2/b,Bounded 1 RIN phase comparator,2519999,414637767,4.14637767,2808094883272233,28080948.83272233,boundary probe
S2b,S2/b,Bounded 1 RIN phase comparator,2520000,393905878,3.93905878,2808095297910000,28080952.97910000,boundary probe
S2b,S2/b,Bounded 1 RIN phase comparator,2520001,393905878,3.93905878,2808095691815878,28080956.91815878,boundary probe
S2b,S2/b,Bounded 1 RIN phase comparator,2729999,393905878,3.93905878,2890815138384122,28908151.38384122,boundary probe
S2b,S2/b,Bounded 1 RIN phase comparator,2730000,374210584,3.74210584,2890815532290000,28908155.32290000,boundary probe
S2b,S2/b,Bounded 1 RIN phase comparator,2730001,374210584,3.74210584,2890815906500584,28908159.06500584,boundary probe
S2b,S2/b,Bounded 1 RIN phase comparator,2939999,374210584,3.74210584,2969399380719416,29693993.80719416,boundary probe
S2b,S2/b,Bounded 1 RIN phase comparator,2940000,355500054,3.55500054,2969399754930000,29693997.54930000,boundary probe
S2b,S2/b,Bounded 1 RIN phase comparator,2940001,355500054,3.55500054,2969400110430054,29694001.10430054,boundary probe
S2b,S2/b,Bounded 1 RIN phase comparator,3149999,355500054,3.55500054,3044054410769946,30440544.10769946,boundary probe
S2b,S2/b,Bounded 1 RIN phase comparator,3150000,337725051,3.37725051,3044054766270000,30440547.66270000,boundary probe
S2b,S2/b,Bounded 1 RIN phase comparator,3150001,337725051,3.37725051,3044055103995051,30440551.03995051,boundary probe
S2b,S2/b,Bounded 1 RIN phase comparator,3359999,337725051,3.37725051,3114976689254949,31149766.89254949,boundary probe
S2b,S2/b,Bounded 1 RIN phase comparator,3360000,320838798,3.20838798,3114977026980000,31149770.26980000,boundary probe
S2b,S2/b,Bounded 1 RIN phase comparator,3360001,320838798,3.20838798,3114977347818798,31149773.47818798,boundary probe
S2b,S2/b,Bounded 1 RIN phase comparator,3569999,320838798,3.20838798,3182352853721202,31823528.53721202,boundary probe
S2b,S2/b,Bounded 1 RIN phase comparator,3570000,304796858,3.04796858,3182353174560000,31823531.74560000,boundary probe
S2b,S2/b,Bounded 1 RIN phase comparator,3570001,304796858,3.04796858,3182353479356858,31823534.79356858,boundary probe
S2b,S2/b,Bounded 1 RIN phase comparator,3779999,304796858,3.04796858,3246360209943142,32463602.09943142,boundary probe
S2b,S2/b,Bounded 1 RIN phase comparator,3780000,289557015,2.89557015,3246360514740000,32463605.14740000,boundary probe
S2b,S2/b,Bounded 1 RIN phase comparator,3780001,289557015,2.89557015,3246360804297015,32463608.04297015,boundary probe
S2b,S2/b,Bounded 1 RIN phase comparator,3989999,289557015,2.89557015,3307167198332985,33071671.98332985,boundary probe
S2b,S2/b,Bounded 1 RIN phase comparator,3990000,275079164,2.75079164,3307167487890000,33071674.87890000,boundary probe
S2b,S2/b,Bounded 1 RIN phase comparator,3990001,275079164,2.75079164,3307167762969164,33071677.62969164,boundary probe
S2b,S2/b,Bounded 1 RIN phase comparator,4199999,275079164,2.75079164,3364933837250836,33649338.37250836,boundary probe
S2b,S2/b,Bounded 1 RIN phase comparator,4200000,261325205,2.61325205,3364934112330000,33649341.12330000,boundary probe
S2b,S2/b,Bounded 1 RIN phase comparator,4200001,261325205,2.61325205,3364934373655205,33649343.73655205,boundary probe
S2b,S2/b,Bounded 1 RIN phase comparator,4409999,261325205,2.61325205,3419812144054795,34198121.44054795,boundary probe
S2b,S2/b,Bounded 1 RIN phase comparator,4410000,248258944,2.48258944,3419812405380000,34198124.05380000,boundary probe
S2b,S2/b,Bounded 1 RIN phase comparator,4410001,248258944,2.48258944,3419812653638944,34198126.53638944,boundary probe
S2b,S2/b,Bounded 1 RIN phase comparator,4619999,248258944,2.48258944,3471946535361056,34719465.35361056,boundary probe
S2b,S2/b,Bounded 1 RIN phase comparator,4620000,235845996,2.35845996,3471946783620000,34719467.83620000,boundary probe
S2b,S2/b,Bounded 1 RIN phase comparator,4620001,235845996,2.35845996,3471947019465996,34719470.19465996,boundary probe
S2b,S2/b,Bounded 1 RIN phase comparator,4829999,235845996,2.35845996,3521474206934004,35214742.06934004,boundary probe
S2b,S2/b,Bounded 1 RIN phase comparator,4830000,224053696,2.24053696,3521474442780000,35214744.42780000,boundary probe
S2b,S2/b,Bounded 1 RIN phase comparator,4830001,224053696,2.24053696,3521474666833696,35214746.66833696,boundary probe
S2b,S2/b,Bounded 1 RIN phase comparator,5039999,224053696,2.24053696,3568525494886304,35685254.94886304,boundary probe
S2b,S2/b,Bounded 1 RIN phase comparator,5040000,212851011,2.12851011,3568525718940000,35685257.18940000,boundary probe
S2b,S2/b,Bounded 1 RIN phase comparator,5040001,212851011,2.12851011,3568525931791011,35685259.31791011,boundary probe
S2b,S2/b,Bounded 1 RIN phase comparator,5249999,212851011,2.12851011,3613224218398989,36132242.18398989,boundary probe
S2b,S2/b,Bounded 1 RIN phase comparator,5250000,202208460,2.02208460,3613224431250000,36132244.31250000,boundary probe
S2b,S2/b,Bounded 1 RIN phase comparator,5250001,202208460,2.02208460,3613224633458460,36132246.33458460,boundary probe
S2b,S2/b,Bounded 1 RIN phase comparator,5459999,202208460,2.02208460,3655688005641540,36556880.05641540,boundary probe
S2b,S2/b,Bounded 1 RIN phase comparator,5460000,192098037,1.92098037,3655688207850000,36556882.07850000,boundary probe
S2b,S2/b,Bounded 1 RIN phase comparator,5460001,192098037,1.92098037,3655688399948037,36556883.99948037,boundary probe
S2b,S2/b,Bounded 1 RIN phase comparator,5669999,192098037,1.92098037,3696028603521963,36960286.03521963,boundary probe
S2b,S2/b,Bounded 1 RIN phase comparator,5670000,182493135,1.82493135,3696028795620000,36960287.95620000,boundary probe
S2b,S2/b,Bounded 1 RIN phase comparator,5670001,182493135,1.82493135,3696028978113135,36960289.78113135,boundary probe
S2b,S2/b,Bounded 1 RIN phase comparator,5879999,182493135,1.82493135,3734352171476865,37343521.71476865,boundary probe
S2b,S2/b,Bounded 1 RIN phase comparator,5880000,173368478,1.73368478,3734352353970000,37343523.53970000,boundary probe
S2b,S2/b,Bounded 1 RIN phase comparator,5880001,173368478,1.73368478,3734352527338478,37343525.27338478,boundary probe
S2b,S2/b,Bounded 1 RIN phase comparator,6089999,173368478,1.73368478,3770759560981522,37707595.60981522,boundary probe
S2b,S2/b,Bounded 1 RIN phase comparator,6090000,164700054,1.64700054,3770759734350000,37707597.34350000,boundary probe
S2b,S2/b,Bounded 1 RIN phase comparator,6090001,164700054,1.64700054,3770759899050054,37707598.99050054,boundary probe
S2b,S2/b,Bounded 1 RIN phase comparator,6299999,164700054,1.64700054,3805346580989946,38053465.80989946,boundary probe
S2b,S2/b,Bounded 1 RIN phase comparator,6300000,156465051,1.56465051,3805346745690000,38053467.45690000,boundary probe
S2b,S2/b,Bounded 1 RIN phase comparator,6300001,156465051,1.56465051,3805346902155051,38053469.02155051,boundary probe
S2b,S2/b,Bounded 1 RIN phase comparator,6509999,156465051,1.56465051,3838204249934949,38382042.49934949,boundary probe
S2b,S2/b,Bounded 1 RIN phase comparator,6510000,148641798,1.48641798,3838204406400000,38382044.06400000,boundary probe
S2b,S2/b,Bounded 1 RIN phase comparator,6510001,148641798,1.48641798,3838204555041798,38382045.55041798,boundary probe
S2b,S2/b,Bounded 1 RIN phase comparator,6719999,148641798,1.48641798,3869419035338202,38694190.35338202,boundary probe
S2b,S2/b,Bounded 1 RIN phase comparator,6720000,141209708,1.41209708,3869419183980000,38694191.83980000,boundary probe
S2b,S2/b,Bounded 1 RIN phase comparator,6720001,141209708,1.41209708,3869419325189708,38694193.25189708,boundary probe
S2b,S2/b,Bounded 1 RIN phase comparator,6929999,141209708,1.41209708,3899073081450292,38990730.81450292,boundary probe
S2b,S2/b,Bounded 1 RIN phase comparator,6930000,134149222,1.34149222,3899073222660000,38990732.22660000,boundary probe
S2b,S2/b,Bounded 1 RIN phase comparator,6930001,134149222,1.34149222,3899073356809222,38990733.56809222,boundary probe
S2b,S2/b,Bounded 1 RIN phase comparator,7139999,134149222,1.34149222,3927244425130778,39272444.25130778,boundary probe
S2b,S2/b,Bounded 1 RIN phase comparator,7140000,127441760,1.27441760,3927244559280000,39272445.59280000,boundary probe
S2b,S2/b,Bounded 1 RIN phase comparator,7140001,127441760,1.27441760,3927244686721760,39272446.86721760,boundary probe
S2b,S2/b,Bounded 1 RIN phase comparator,7349999,127441760,1.27441760,3954007201438240,39540072.01438240,boundary probe
S2b,S2/b,Bounded 1 RIN phase comparator,7350000,121069672,1.21069672,3954007328880000,39540073.28880000,boundary probe
S2b,S2/b,Bounded 1 RIN phase comparator,7350001,121069672,1.21069672,3954007449949672,39540074.49949672,boundary probe
S2b,S2/b,Bounded 1 RIN phase comparator,7559999,121069672,1.21069672,3979431838930328,39794318.38930328,boundary probe
S2b,S2/b,Bounded 1 RIN phase comparator,7560000,115016188,1.15016188,3979431960000000,39794319.60000000,boundary probe
S2b,S2/b,Bounded 1 RIN phase comparator,7560001,115016188,1.15016188,3979432075016188,39794320.75016188,boundary probe
S2b,S2/b,Bounded 1 RIN phase comparator,7769999,115016188,1.15016188,4003585244463812,40035852.44463812,boundary probe
S2b,S2/b,Bounded 1 RIN phase comparator,7770000,109265378,1.09265378,4003585359480000,40035853.59480000,boundary probe
S2b,S2/b,Bounded 1 RIN phase comparator,7770001,109265378,1.09265378,4003585468745378,40035854.68745378,boundary probe
S2b,S2/b,Bounded 1 RIN phase comparator,7979999,109265378,1.09265378,4026530979594622,40265309.79594622,boundary probe
S2b,S2/b,Bounded 1 RIN phase comparator,7980000,103802109,1.03802109,4026531088860000,40265310.88860000,boundary probe
S2b,S2/b,Bounded 1 RIN phase comparator,7980001,103802109,1.03802109,4026531192662109,40265311.92662109,boundary probe
S2b,S2/b,Bounded 1 RIN phase comparator,8189999,103802109,1.03802109,4048329427947891,40483294.27947891,boundary probe
S2b,S2/b,Bounded 1 RIN phase comparator,8190000,100000000,1.00000000,4048329531750000,40483295.31750000,boundary probe
S2b,S2/b,Bounded 1 RIN phase comparator,8190001,100000000,1.00000000,4048329631750000,40483296.31750000,boundary probe
S2b,S2/b,Bounded 1 RIN phase comparator,135706703,100000000,1.00000000,16799999831750000,167999998.31750000,boundary probe
S2b,S2/b,Bounded 1 RIN phase comparator,135706704,0,0.00000000,16799999931750000,167999999.31750000,boundary probe
S2b,S2/b,Bounded 1 RIN phase comparator,135706705,0,0.00000000,16799999931750000,167999999.31750000,boundary probe
S3,S3,Perpetual 0.5 RIN tail-emission comparator,0,5000000000,50.00000000,0,0.00000000,boundary probe
S3,S3,Perpetual 0.5 RIN tail-emission comparator,1,5000000000,50.00000000,5000000000,50.00000000,boundary probe
S3,S3,Perpetual 0.5 RIN tail-emission comparator,209999,5000000000,50.00000000,1049995000000000,10499950.00000000,boundary probe
S3,S3,Perpetual 0.5 RIN tail-emission comparator,210000,2500000000,25.00000000,1050000000000000,10500000.00000000,boundary probe
S3,S3,Perpetual 0.5 RIN tail-emission comparator,210001,2500000000,25.00000000,1050002500000000,10500025.00000000,boundary probe
S3,S3,Perpetual 0.5 RIN tail-emission comparator,419999,2500000000,25.00000000,1574997500000000,15749975.00000000,boundary probe
S3,S3,Perpetual 0.5 RIN tail-emission comparator,420000,1250000000,12.50000000,1575000000000000,15750000.00000000,boundary probe
S3,S3,Perpetual 0.5 RIN tail-emission comparator,420001,1250000000,12.50000000,1575001250000000,15750012.50000000,boundary probe
S3,S3,Perpetual 0.5 RIN tail-emission comparator,629999,1250000000,12.50000000,1837498750000000,18374987.50000000,boundary probe
S3,S3,Perpetual 0.5 RIN tail-emission comparator,630000,625000000,6.25000000,1837500000000000,18375000.00000000,boundary probe
S3,S3,Perpetual 0.5 RIN tail-emission comparator,630001,625000000,6.25000000,1837500625000000,18375006.25000000,boundary probe
S3,S3,Perpetual 0.5 RIN tail-emission comparator,839999,625000000,6.25000000,1968749375000000,19687493.75000000,boundary probe
S3,S3,Perpetual 0.5 RIN tail-emission comparator,840000,593750000,5.93750000,1968750000000000,19687500.00000000,boundary probe
S3,S3,Perpetual 0.5 RIN tail-emission comparator,840001,593750000,5.93750000,1968750593750000,19687505.93750000,boundary probe
S3,S3,Perpetual 0.5 RIN tail-emission comparator,1049999,593750000,5.93750000,2093436906250000,20934369.06250000,boundary probe
S3,S3,Perpetual 0.5 RIN tail-emission comparator,1050000,564062500,5.64062500,2093437500000000,20934375.00000000,boundary probe
S3,S3,Perpetual 0.5 RIN tail-emission comparator,1050001,564062500,5.64062500,2093438064062500,20934380.64062500,boundary probe
S3,S3,Perpetual 0.5 RIN tail-emission comparator,1259999,564062500,5.64062500,2211890060937500,22118900.60937500,boundary probe
S3,S3,Perpetual 0.5 RIN tail-emission comparator,1260000,535859375,5.35859375,2211890625000000,22118906.25000000,boundary probe
S3,S3,Perpetual 0.5 RIN tail-emission comparator,1260001,535859375,5.35859375,2211891160859375,22118911.60859375,boundary probe
S3,S3,Perpetual 0.5 RIN tail-emission comparator,1469999,535859375,5.35859375,2324420557890625,23244205.57890625,boundary probe
S3,S3,Perpetual 0.5 RIN tail-emission comparator,1470000,509066406,5.09066406,2324421093750000,23244210.93750000,boundary probe
S3,S3,Perpetual 0.5 RIN tail-emission comparator,1470001,509066406,5.09066406,2324421602816406,23244216.02816406,boundary probe
S3,S3,Perpetual 0.5 RIN tail-emission comparator,1679999,509066406,5.09066406,2431324529943594,24313245.29943594,boundary probe
S3,S3,Perpetual 0.5 RIN tail-emission comparator,1680000,483613085,4.83613085,2431325039010000,24313250.39010000,boundary probe
S3,S3,Perpetual 0.5 RIN tail-emission comparator,1680001,483613085,4.83613085,2431325522623085,24313255.22623085,boundary probe
S3,S3,Perpetual 0.5 RIN tail-emission comparator,1889999,483613085,4.83613085,2532883303246915,25328833.03246915,boundary probe
S3,S3,Perpetual 0.5 RIN tail-emission comparator,1890000,459432430,4.59432430,2532883786860000,25328837.86860000,boundary probe
S3,S3,Perpetual 0.5 RIN tail-emission comparator,1890001,459432430,4.59432430,2532884246292430,25328842.46292430,boundary probe
S3,S3,Perpetual 0.5 RIN tail-emission comparator,2099999,459432430,4.59432430,2629364137727570,26293641.37727570,boundary probe
S3,S3,Perpetual 0.5 RIN tail-emission comparator,2100000,436460808,4.36460808,2629364597160000,26293645.97160000,boundary probe
S3,S3,Perpetual 0.5 RIN tail-emission comparator,2100001,436460808,4.36460808,2629365033620808,26293650.33620808,boundary probe
S3,S3,Perpetual 0.5 RIN tail-emission comparator,2309999,436460808,4.36460808,2721020930379192,27210209.30379192,boundary probe
S3,S3,Perpetual 0.5 RIN tail-emission comparator,2310000,414637767,4.14637767,2721021366840000,27210213.66840000,boundary probe
S3,S3,Perpetual 0.5 RIN tail-emission comparator,2310001,414637767,4.14637767,2721021781477767,27210217.81477767,boundary probe
S3,S3,Perpetual 0.5 RIN tail-emission comparator,2519999,414637767,4.14637767,2808094883272233,28080948.83272233,boundary probe
S3,S3,Perpetual 0.5 RIN tail-emission comparator,2520000,393905878,3.93905878,2808095297910000,28080952.97910000,boundary probe
S3,S3,Perpetual 0.5 RIN tail-emission comparator,2520001,393905878,3.93905878,2808095691815878,28080956.91815878,boundary probe
S3,S3,Perpetual 0.5 RIN tail-emission comparator,2729999,393905878,3.93905878,2890815138384122,28908151.38384122,boundary probe
S3,S3,Perpetual 0.5 RIN tail-emission comparator,2730000,374210584,3.74210584,2890815532290000,28908155.32290000,boundary probe
S3,S3,Perpetual 0.5 RIN tail-emission comparator,2730001,374210584,3.74210584,2890815906500584,28908159.06500584,boundary probe
S3,S3,Perpetual 0.5 RIN tail-emission comparator,2939999,374210584,3.74210584,2969399380719416,29693993.80719416,boundary probe
S3,S3,Perpetual 0.5 RIN tail-emission comparator,2940000,355500054,3.55500054,2969399754930000,29693997.54930000,boundary probe
S3,S3,Perpetual 0.5 RIN tail-emission comparator,2940001,355500054,3.55500054,2969400110430054,29694001.10430054,boundary probe
S3,S3,Perpetual 0.5 RIN tail-emission comparator,3149999,355500054,3.55500054,3044054410769946,30440544.10769946,boundary probe
S3,S3,Perpetual 0.5 RIN tail-emission comparator,3150000,337725051,3.37725051,3044054766270000,30440547.66270000,boundary probe
S3,S3,Perpetual 0.5 RIN tail-emission comparator,3150001,337725051,3.37725051,3044055103995051,30440551.03995051,boundary probe
S3,S3,Perpetual 0.5 RIN tail-emission comparator,3359999,337725051,3.37725051,3114976689254949,31149766.89254949,boundary probe
S3,S3,Perpetual 0.5 RIN tail-emission comparator,3360000,320838798,3.20838798,3114977026980000,31149770.26980000,boundary probe
S3,S3,Perpetual 0.5 RIN tail-emission comparator,3360001,320838798,3.20838798,3114977347818798,31149773.47818798,boundary probe
S3,S3,Perpetual 0.5 RIN tail-emission comparator,3569999,320838798,3.20838798,3182352853721202,31823528.53721202,boundary probe
S3,S3,Perpetual 0.5 RIN tail-emission comparator,3570000,304796858,3.04796858,3182353174560000,31823531.74560000,boundary probe
S3,S3,Perpetual 0.5 RIN tail-emission comparator,3570001,304796858,3.04796858,3182353479356858,31823534.79356858,boundary probe
S3,S3,Perpetual 0.5 RIN tail-emission comparator,3779999,304796858,3.04796858,3246360209943142,32463602.09943142,boundary probe
S3,S3,Perpetual 0.5 RIN tail-emission comparator,3780000,289557015,2.89557015,3246360514740000,32463605.14740000,boundary probe
S3,S3,Perpetual 0.5 RIN tail-emission comparator,3780001,289557015,2.89557015,3246360804297015,32463608.04297015,boundary probe
S3,S3,Perpetual 0.5 RIN tail-emission comparator,3989999,289557015,2.89557015,3307167198332985,33071671.98332985,boundary probe
S3,S3,Perpetual 0.5 RIN tail-emission comparator,3990000,275079164,2.75079164,3307167487890000,33071674.87890000,boundary probe
S3,S3,Perpetual 0.5 RIN tail-emission comparator,3990001,275079164,2.75079164,3307167762969164,33071677.62969164,boundary probe
S3,S3,Perpetual 0.5 RIN tail-emission comparator,4199999,275079164,2.75079164,3364933837250836,33649338.37250836,boundary probe
S3,S3,Perpetual 0.5 RIN tail-emission comparator,4200000,261325205,2.61325205,3364934112330000,33649341.12330000,boundary probe
S3,S3,Perpetual 0.5 RIN tail-emission comparator,4200001,261325205,2.61325205,3364934373655205,33649343.73655205,boundary probe
S3,S3,Perpetual 0.5 RIN tail-emission comparator,4409999,261325205,2.61325205,3419812144054795,34198121.44054795,boundary probe
S3,S3,Perpetual 0.5 RIN tail-emission comparator,4410000,248258944,2.48258944,3419812405380000,34198124.05380000,boundary probe
S3,S3,Perpetual 0.5 RIN tail-emission comparator,4410001,248258944,2.48258944,3419812653638944,34198126.53638944,boundary probe
S3,S3,Perpetual 0.5 RIN tail-emission comparator,4619999,248258944,2.48258944,3471946535361056,34719465.35361056,boundary probe
S3,S3,Perpetual 0.5 RIN tail-emission comparator,4620000,235845996,2.35845996,3471946783620000,34719467.83620000,boundary probe
S3,S3,Perpetual 0.5 RIN tail-emission comparator,4620001,235845996,2.35845996,3471947019465996,34719470.19465996,boundary probe
S3,S3,Perpetual 0.5 RIN tail-emission comparator,4829999,235845996,2.35845996,3521474206934004,35214742.06934004,boundary probe
S3,S3,Perpetual 0.5 RIN tail-emission comparator,4830000,224053696,2.24053696,3521474442780000,35214744.42780000,boundary probe
S3,S3,Perpetual 0.5 RIN tail-emission comparator,4830001,224053696,2.24053696,3521474666833696,35214746.66833696,boundary probe
S3,S3,Perpetual 0.5 RIN tail-emission comparator,5039999,224053696,2.24053696,3568525494886304,35685254.94886304,boundary probe
S3,S3,Perpetual 0.5 RIN tail-emission comparator,5040000,212851011,2.12851011,3568525718940000,35685257.18940000,boundary probe
S3,S3,Perpetual 0.5 RIN tail-emission comparator,5040001,212851011,2.12851011,3568525931791011,35685259.31791011,boundary probe
S3,S3,Perpetual 0.5 RIN tail-emission comparator,5249999,212851011,2.12851011,3613224218398989,36132242.18398989,boundary probe
S3,S3,Perpetual 0.5 RIN tail-emission comparator,5250000,202208460,2.02208460,3613224431250000,36132244.31250000,boundary probe
S3,S3,Perpetual 0.5 RIN tail-emission comparator,5250001,202208460,2.02208460,3613224633458460,36132246.33458460,boundary probe
S3,S3,Perpetual 0.5 RIN tail-emission comparator,5459999,202208460,2.02208460,3655688005641540,36556880.05641540,boundary probe
S3,S3,Perpetual 0.5 RIN tail-emission comparator,5460000,192098037,1.92098037,3655688207850000,36556882.07850000,boundary probe
S3,S3,Perpetual 0.5 RIN tail-emission comparator,5460001,192098037,1.92098037,3655688399948037,36556883.99948037,boundary probe
S3,S3,Perpetual 0.5 RIN tail-emission comparator,5669999,192098037,1.92098037,3696028603521963,36960286.03521963,boundary probe
S3,S3,Perpetual 0.5 RIN tail-emission comparator,5670000,182493135,1.82493135,3696028795620000,36960287.95620000,boundary probe
S3,S3,Perpetual 0.5 RIN tail-emission comparator,5670001,182493135,1.82493135,3696028978113135,36960289.78113135,boundary probe
S3,S3,Perpetual 0.5 RIN tail-emission comparator,5879999,182493135,1.82493135,3734352171476865,37343521.71476865,boundary probe
S3,S3,Perpetual 0.5 RIN tail-emission comparator,5880000,173368478,1.73368478,3734352353970000,37343523.53970000,boundary probe
S3,S3,Perpetual 0.5 RIN tail-emission comparator,5880001,173368478,1.73368478,3734352527338478,37343525.27338478,boundary probe
S3,S3,Perpetual 0.5 RIN tail-emission comparator,6089999,173368478,1.73368478,3770759560981522,37707595.60981522,boundary probe
S3,S3,Perpetual 0.5 RIN tail-emission comparator,6090000,164700054,1.64700054,3770759734350000,37707597.34350000,boundary probe
S3,S3,Perpetual 0.5 RIN tail-emission comparator,6090001,164700054,1.64700054,3770759899050054,37707598.99050054,boundary probe
S3,S3,Perpetual 0.5 RIN tail-emission comparator,6299999,164700054,1.64700054,3805346580989946,38053465.80989946,boundary probe
S3,S3,Perpetual 0.5 RIN tail-emission comparator,6300000,156465051,1.56465051,3805346745690000,38053467.45690000,boundary probe
S3,S3,Perpetual 0.5 RIN tail-emission comparator,6300001,156465051,1.56465051,3805346902155051,38053469.02155051,boundary probe
S3,S3,Perpetual 0.5 RIN tail-emission comparator,6509999,156465051,1.56465051,3838204249934949,38382042.49934949,boundary probe
S3,S3,Perpetual 0.5 RIN tail-emission comparator,6510000,148641798,1.48641798,3838204406400000,38382044.06400000,boundary probe
S3,S3,Perpetual 0.5 RIN tail-emission comparator,6510001,148641798,1.48641798,3838204555041798,38382045.55041798,boundary probe
S3,S3,Perpetual 0.5 RIN tail-emission comparator,6719999,148641798,1.48641798,3869419035338202,38694190.35338202,boundary probe
S3,S3,Perpetual 0.5 RIN tail-emission comparator,6720000,141209708,1.41209708,3869419183980000,38694191.83980000,boundary probe
S3,S3,Perpetual 0.5 RIN tail-emission comparator,6720001,141209708,1.41209708,3869419325189708,38694193.25189708,boundary probe
S3,S3,Perpetual 0.5 RIN tail-emission comparator,6929999,141209708,1.41209708,3899073081450292,38990730.81450292,boundary probe
S3,S3,Perpetual 0.5 RIN tail-emission comparator,6930000,134149222,1.34149222,3899073222660000,38990732.22660000,boundary probe
S3,S3,Perpetual 0.5 RIN tail-emission comparator,6930001,134149222,1.34149222,3899073356809222,38990733.56809222,boundary probe
S3,S3,Perpetual 0.5 RIN tail-emission comparator,7139999,134149222,1.34149222,3927244425130778,39272444.25130778,boundary probe
S3,S3,Perpetual 0.5 RIN tail-emission comparator,7140000,127441760,1.27441760,3927244559280000,39272445.59280000,boundary probe
S3,S3,Perpetual 0.5 RIN tail-emission comparator,7140001,127441760,1.27441760,3927244686721760,39272446.86721760,boundary probe
S3,S3,Perpetual 0.5 RIN tail-emission comparator,7349999,127441760,1.27441760,3954007201438240,39540072.01438240,boundary probe
S3,S3,Perpetual 0.5 RIN tail-emission comparator,7350000,121069672,1.21069672,3954007328880000,39540073.28880000,boundary probe
S3,S3,Perpetual 0.5 RIN tail-emission comparator,7350001,121069672,1.21069672,3954007449949672,39540074.49949672,boundary probe
S3,S3,Perpetual 0.5 RIN tail-emission comparator,7559999,121069672,1.21069672,3979431838930328,39794318.38930328,boundary probe
S3,S3,Perpetual 0.5 RIN tail-emission comparator,7560000,115016188,1.15016188,3979431960000000,39794319.60000000,boundary probe
S3,S3,Perpetual 0.5 RIN tail-emission comparator,7560001,115016188,1.15016188,3979432075016188,39794320.75016188,boundary probe
S3,S3,Perpetual 0.5 RIN tail-emission comparator,7769999,115016188,1.15016188,4003585244463812,40035852.44463812,boundary probe
S3,S3,Perpetual 0.5 RIN tail-emission comparator,7770000,109265378,1.09265378,4003585359480000,40035853.59480000,boundary probe
S3,S3,Perpetual 0.5 RIN tail-emission comparator,7770001,109265378,1.09265378,4003585468745378,40035854.68745378,boundary probe
S3,S3,Perpetual 0.5 RIN tail-emission comparator,7979999,109265378,1.09265378,4026530979594622,40265309.79594622,boundary probe
S3,S3,Perpetual 0.5 RIN tail-emission comparator,7980000,103802109,1.03802109,4026531088860000,40265310.88860000,boundary probe
S3,S3,Perpetual 0.5 RIN tail-emission comparator,7980001,103802109,1.03802109,4026531192662109,40265311.92662109,boundary probe
S3,S3,Perpetual 0.5 RIN tail-emission comparator,8189999,103802109,1.03802109,4048329427947891,40483294.27947891,boundary probe
S3,S3,Perpetual 0.5 RIN tail-emission comparator,8190000,98612003,0.98612003,4048329531750000,40483295.31750000,boundary probe
S3,S3,Perpetual 0.5 RIN tail-emission comparator,8190001,98612003,0.98612003,4048329630362003,40483296.30362003,boundary probe
S3,S3,Perpetual 0.5 RIN tail-emission comparator,8399999,98612003,0.98612003,4069037953767997,40690379.53767997,boundary probe
S3,S3,Perpetual 0.5 RIN tail-emission comparator,8400000,93681402,0.93681402,4069038052380000,40690380.52380000,boundary probe
S3,S3,Perpetual 0.5 RIN tail-emission comparator,8400001,93681402,0.93681402,4069038146061402,40690381.46061402,boundary probe
S3,S3,Perpetual 0.5 RIN tail-emission comparator,8609999,93681402,0.93681402,4088711053118598,40887110.53118598,boundary probe
S3,S3,Perpetual 0.5 RIN tail-emission comparator,8610000,88997331,0.88997331,4088711146800000,40887111.46800000,boundary probe
S3,S3,Perpetual 0.5 RIN tail-emission comparator,8610001,88997331,0.88997331,4088711235797331,40887112.35797331,boundary probe
S3,S3,Perpetual 0.5 RIN tail-emission comparator,8819999,88997331,0.88997331,4107400497312669,41074004.97312669,boundary probe
S3,S3,Perpetual 0.5 RIN tail-emission comparator,8820000,84547464,0.84547464,4107400586310000,41074005.86310000,boundary probe
S3,S3,Perpetual 0.5 RIN tail-emission comparator,8820001,84547464,0.84547464,4107400670857464,41074006.70857464,boundary probe
S3,S3,Perpetual 0.5 RIN tail-emission comparator,9029999,84547464,0.84547464,4125155469202536,41251554.69202536,boundary probe
S3,S3,Perpetual 0.5 RIN tail-emission comparator,9030000,80320090,0.80320090,4125155553750000,41251555.53750000,boundary probe
S3,S3,Perpetual 0.5 RIN tail-emission comparator,9030001,80320090,0.80320090,4125155634070090,41251556.34070090,boundary probe
S3,S3,Perpetual 0.5 RIN tail-emission comparator,9239999,80320090,0.80320090,4142022692329910,41420226.92329910,boundary probe
S3,S3,Perpetual 0.5 RIN tail-emission comparator,9240000,76304085,0.76304085,4142022772650000,41420227.72650000,boundary probe
S3,S3,Perpetual 0.5 RIN tail-emission comparator,9240001,76304085,0.76304085,4142022848954085,41420228.48954085,boundary probe
S3,S3,Perpetual 0.5 RIN tail-emission comparator,9449999,76304085,0.76304085,4158046554195915,41580465.54195915,boundary probe
S3,S3,Perpetual 0.5 RIN tail-emission comparator,9450000,72488880,0.72488880,4158046630500000,41580466.30500000,boundary probe
S3,S3,Perpetual 0.5 RIN tail-emission comparator,9450001,72488880,0.72488880,4158046702988880,41580467.02988880,boundary probe
S3,S3,Perpetual 0.5 RIN tail-emission comparator,9659999,72488880,0.72488880,4173269222811120,41732692.22811120,boundary probe
S3,S3,Perpetual 0.5 RIN tail-emission comparator,9660000,68864436,0.68864436,4173269295300000,41732692.95300000,boundary probe
S3,S3,Perpetual 0.5 RIN tail-emission comparator,9660001,68864436,0.68864436,4173269364164436,41732693.64164436,boundary probe
S3,S3,Perpetual 0.5 RIN tail-emission comparator,9869999,68864436,0.68864436,4187730757995564,41877307.57995564,boundary probe
S3,S3,Perpetual 0.5 RIN tail-emission comparator,9870000,65421214,0.65421214,4187730826860000,41877308.26860000,boundary probe
S3,S3,Perpetual 0.5 RIN tail-emission comparator,9870001,65421214,0.65421214,4187730892281214,41877308.92281214,boundary probe
S3,S3,Perpetual 0.5 RIN tail-emission comparator,10079999,65421214,0.65421214,4201469216378786,42014692.16378786,boundary probe
S3,S3,Perpetual 0.5 RIN tail-emission comparator,10080000,62150153,0.62150153,4201469281800000,42014692.81800000,boundary probe
S3,S3,Perpetual 0.5 RIN tail-emission comparator,10080001,62150153,0.62150153,4201469343950153,42014693.43950153,boundary probe
S3,S3,Perpetual 0.5 RIN tail-emission comparator,10289999,62150153,0.62150153,4214520751779847,42145207.51779847,boundary probe
S3,S3,Perpetual 0.5 RIN tail-emission comparator,10290000,59042645,0.59042645,4214520813930000,42145208.13930000,boundary probe
S3,S3,Perpetual 0.5 RIN tail-emission comparator,10290001,59042645,0.59042645,4214520872972645,42145208.72972645,boundary probe
S3,S3,Perpetual 0.5 RIN tail-emission comparator,10499999,59042645,0.59042645,4226919710337355,42269197.10337355,boundary probe
S3,S3,Perpetual 0.5 RIN tail-emission comparator,10500000,56090512,0.56090512,4226919769380000,42269197.69380000,boundary probe
S3,S3,Perpetual 0.5 RIN tail-emission comparator,10500001,56090512,0.56090512,4226919825470512,42269198.25470512,boundary probe
S3,S3,Perpetual 0.5 RIN tail-emission comparator,10709999,56090512,0.56090512,4238698720809488,42386987.20809488,boundary probe
S3,S3,Perpetual 0.5 RIN tail-emission comparator,10710000,53285986,0.53285986,4238698776900000,42386987.76900000,boundary probe
S3,S3,Perpetual 0.5 RIN tail-emission comparator,10710001,53285986,0.53285986,4238698830185986,42386988.30185986,boundary probe
S3,S3,Perpetual 0.5 RIN tail-emission comparator,10919999,53285986,0.53285986,4249888780674014,42498887.80674014,boundary probe
S3,S3,Perpetual 0.5 RIN tail-emission comparator,10920000,50621686,0.50621686,4249888833960000,42498888.33960000,boundary probe
S3,S3,Perpetual 0.5 RIN tail-emission comparator,10920001,50621686,0.50621686,4249888884581686,42498888.84581686,boundary probe
S3,S3,Perpetual 0.5 RIN tail-emission comparator,11129999,50621686,0.50621686,4260519337398314,42605193.37398314,boundary probe
S3,S3,Perpetual 0.5 RIN tail-emission comparator,11130000,50000000,0.50000000,4260519388020000,42605193.88020000,boundary probe
S3,S3,Perpetual 0.5 RIN tail-emission comparator,11130001,50000000,0.50000000,4260519438020000,42605194.38020000,boundary probe
S4,S4,Idealized 113/114 cap-derived geometric schedule,0,5000000000,50.00000000,0,0.00000000,boundary probe
S4,S4,Idealized 113/114 cap-derived geometric schedule,1,5000000000,50.00000000,5000000000,50.00000000,boundary probe
S4,S4,Idealized 113/114 cap-derived geometric schedule,209999,5000000000,50.00000000,1049995000000000,10499950.00000000,boundary probe
S4,S4,Idealized 113/114 cap-derived geometric schedule,210000,2500000000,25.00000000,1050000000000000,10500000.00000000,boundary probe
S4,S4,Idealized 113/114 cap-derived geometric schedule,210001,2500000000,25.00000000,1050002500000000,10500025.00000000,boundary probe
S4,S4,Idealized 113/114 cap-derived geometric schedule,419999,2500000000,25.00000000,1574997500000000,15749975.00000000,boundary probe
S4,S4,Idealized 113/114 cap-derived geometric schedule,420000,1250000000,12.50000000,1575000000000000,15750000.00000000,boundary probe
S4,S4,Idealized 113/114 cap-derived geometric schedule,420001,1250000000,12.50000000,1575001250000000,15750012.50000000,boundary probe
S4,S4,Idealized 113/114 cap-derived geometric schedule,629999,1250000000,12.50000000,1837498750000000,18374987.50000000,boundary probe
S4,S4,Idealized 113/114 cap-derived geometric schedule,630000,625000000,6.25000000,1837500000000000,18375000.00000000,boundary probe
S4,S4,Idealized 113/114 cap-derived geometric schedule,630001,625000000,6.25000000,1837500625000000,18375006.25000000,boundary probe
S4,S4,Idealized 113/114 cap-derived geometric schedule,839999,625000000,6.25000000,1968749375000000,19687493.75000000,boundary probe
S4,S4,Idealized 113/114 cap-derived geometric schedule,840000,619517543,6.19517543,1968750000000000,19687500.00000000,boundary probe
S4,S4,Idealized 113/114 cap-derived geometric schedule,840001,619517543,6.19517543,1968750619517543,19687506.19517543,boundary probe
S4,S4,Idealized 113/114 cap-derived geometric schedule,1049999,619517543,6.19517543,2098848064512457,20988480.64512457,boundary probe
S4,S4,Idealized 113/114 cap-derived geometric schedule,1050000,614083178,6.14083178,2098848684030000,20988486.84030000,boundary probe
S4,S4,Idealized 113/114 cap-derived geometric schedule,1050001,614083178,6.14083178,2098849298113178,20988492.98113178,boundary probe
S4,S4,Idealized 113/114 cap-derived geometric schedule,1259999,614083178,6.14083178,2227805537326822,22278055.37326822,boundary probe
S4,S4,Idealized 113/114 cap-derived geometric schedule,1260000,608696483,6.08696483,2227806151410000,22278061.51410000,boundary probe
S4,S4,Idealized 113/114 cap-derived geometric schedule,1260001,608696483,6.08696483,2227806760106483,22278067.60106483,boundary probe
S4,S4,Idealized 113/114 cap-derived geometric schedule,1469999,608696483,6.08696483,2355631804143517,23556318.04143517,boundary probe
S4,S4,Idealized 113/114 cap-derived geometric schedule,1470000,603357040,6.03357040,2355632412840000,23556324.12840000,boundary probe
S4,S4,Idealized 113/114 cap-derived geometric schedule,1470001,603357040,6.03357040,2355633016197040,23556330.16197040,boundary probe
S4,S4,Idealized 113/114 cap-derived geometric schedule,1679999,603357040,6.03357040,2482336787882960,24823367.87882960,boundary probe
S4,S4,Idealized 113/114 cap-derived geometric schedule,1680000,598064434,5.98064434,2482337391240000,24823373.91240000,boundary probe
S4,S4,Idealized 113/114 cap-derived geometric schedule,1680001,598064434,5.98064434,2482337989304434,24823379.89304434,boundary probe
S4,S4,Idealized 113/114 cap-derived geometric schedule,1889999,598064434,5.98064434,2607930324315566,26079303.24315566,boundary probe
S4,S4,Idealized 113/114 cap-derived geometric schedule,1890000,592818254,5.92818254,2607930922380000,26079309.22380000,boundary probe
S4,S4,Idealized 113/114 cap-derived geometric schedule,1890001,592818254,5.92818254,2607931515198254,26079315.15198254,boundary probe
S4,S4,Idealized 113/114 cap-derived geometric schedule,2099999,592818254,5.92818254,2732422162901746,27324221.62901746,boundary probe
S4,S4,Idealized 113/114 cap-derived geometric schedule,2100000,587618093,5.87618093,2732422755720000,27324227.55720000,boundary probe
S4,S4,Idealized 113/114 cap-derived geometric schedule,2100001,587618093,5.87618093,2732423343338093,27324233.43338093,boundary probe
S4,S4,Idealized 113/114 cap-derived geometric schedule,2309999,587618093,5.87618093,2855821967631907,28558219.67631907,boundary probe
S4,S4,Idealized 113/114 cap-derived geometric schedule,2310000,582463548,5.82463548,2855822555250000,28558225.55250000,boundary probe
S4,S4,Idealized 113/114 cap-derived geometric schedule,2310001,582463548,5.82463548,2855823137713548,28558231.37713548,boundary probe
S4,S4,Idealized 113/114 cap-derived geometric schedule,2519999,582463548,5.82463548,2978139317866452,29781393.17866452,boundary probe
S4,S4,Idealized 113/114 cap-derived geometric schedule,2520000,577354218,5.77354218,2978139900330000,29781399.00330000,boundary probe
S4,S4,Idealized 113/114 cap-derived geometric schedule,2520001,577354218,5.77354218,2978140477684218,29781404.77684218,boundary probe
S4,S4,Idealized 113/114 cap-derived geometric schedule,2729999,577354218,5.77354218,3099383708755782,30993837.08755782,boundary probe
S4,S4,Idealized 113/114 cap-derived geometric schedule,2730000,572289707,5.72289707,3099384286110000,30993842.86110000,boundary probe
S4,S4,Idealized 113/114 cap-derived geometric schedule,2730001,572289707,5.72289707,3099384858399707,30993848.58399707,boundary probe
S4,S4,Idealized 113/114 cap-derived geometric schedule,2939999,572289707,5.72289707,3219564552290293,32195645.52290293,boundary probe
S4,S4,Idealized 113/114 cap-derived geometric schedule,2940000,567269621,5.67269621,3219565124580000,32195651.24580000,boundary probe
S4,S4,Idealized 113/114 cap-derived geometric schedule,2940001,567269621,5.67269621,3219565691849621,32195656.91849621,boundary probe
S4,S4,Idealized 113/114 cap-derived geometric schedule,3149999,567269621,5.67269621,3338691177720379,33386911.77720379,boundary probe
S4,S4,Idealized 113/114 cap-derived geometric schedule,3150000,562293571,5.62293571,3338691744990000,33386917.44990000,boundary probe
S4,S4,Idealized 113/114 cap-derived geometric schedule,3150001,562293571,5.62293571,3338692307283571,33386923.07283571,boundary probe
S4,S4,Idealized 113/114 cap-derived geometric schedule,3359999,562293571,5.62293571,3456772832606429,34567728.32606429,boundary probe
S4,S4,Idealized 113/114 cap-derived geometric schedule,3360000,557361171,5.57361171,3456773394900000,34567733.94900000,boundary probe
S4,S4,Idealized 113/114 cap-derived geometric schedule,3360001,557361171,5.57361171,3456773952261171,34567739.52261171,boundary probe
S4,S4,Idealized 113/114 cap-derived geometric schedule,3569999,557361171,5.57361171,3573818683448829,35738186.83448829,boundary probe
S4,S4,Idealized 113/114 cap-derived geometric schedule,3570000,552472037,5.52472037,3573819240810000,35738192.40810000,boundary probe
S4,S4,Idealized 113/114 cap-derived geometric schedule,3570001,552472037,5.52472037,3573819793282037,35738197.93282037,boundary probe
S4,S4,Idealized 113/114 cap-derived geometric schedule,3779999,552472037,5.52472037,3689837816107963,36898378.16107963,boundary probe
S4,S4,Idealized 113/114 cap-derived geometric schedule,3780000,547625791,5.47625791,3689838368580000,36898383.68580000,boundary probe
S4,S4,Idealized 113/114 cap-derived geometric schedule,3780001,547625791,5.47625791,3689838916205791,36898389.16205791,boundary probe
S4,S4,Idealized 113/114 cap-derived geometric schedule,3989999,547625791,5.47625791,3804839237064209,38048392.37064209,boundary probe
S4,S4,Idealized 113/114 cap-derived geometric schedule,3990000,542822055,5.42822055,3804839784690000,38048397.84690000,boundary probe
S4,S4,Idealized 113/114 cap-derived geometric schedule,3990001,542822055,5.42822055,3804840327512055,38048403.27512055,boundary probe
S4,S4,Idealized 113/114 cap-derived geometric schedule,4199999,542822055,5.42822055,3918831873417945,39188318.73417945,boundary probe
S4,S4,Idealized 113/114 cap-derived geometric schedule,4200000,538060458,5.38060458,3918832416240000,39188324.16240000,boundary probe
S4,S4,Idealized 113/114 cap-derived geometric schedule,4200001,538060458,5.38060458,3918832954300458,39188329.54300458,boundary probe
S4,S4,Idealized 113/114 cap-derived geometric schedule,4409999,538060458,5.38060458,4031824574359542,40318245.74359542,boundary probe
S4,S4,Idealized 113/114 cap-derived geometric schedule,4410000,533340629,5.33340629,4031825112420000,40318251.12420000,boundary probe
S4,S4,Idealized 113/114 cap-derived geometric schedule,4410001,533340629,5.33340629,4031825645760629,40318256.45760629,boundary probe
S4,S4,Idealized 113/114 cap-derived geometric schedule,4619999,533340629,5.33340629,4143826111169371,41438261.11169371,boundary probe
S4,S4,Idealized 113/114 cap-derived geometric schedule,4620000,528662202,5.28662202,4143826644510000,41438266.44510000,boundary probe
S4,S4,Idealized 113/114 cap-derived geometric schedule,4620001,528662202,5.28662202,4143827173172202,41438271.73172202,boundary probe
S4,S4,Idealized 113/114 cap-derived geometric schedule,4829999,528662202,5.28662202,4254845178267798,42548451.78267798,boundary probe
S4,S4,Idealized 113/114 cap-derived geometric schedule,4830000,524024814,5.24024814,4254845706930000,42548457.06930000,boundary probe
S4,S4,Idealized 113/114 cap-derived geometric schedule,4830001,524024814,5.24024814,4254846230954814,42548462.30954814,boundary probe
S4,S4,Idealized 113/114 cap-derived geometric schedule,5039999,524024814,5.24024814,4364890393845186,43648903.93845186,boundary probe
S4,S4,Idealized 113/114 cap-derived geometric schedule,5040000,519428105,5.19428105,4364890917870000,43648909.17870000,boundary probe
S4,S4,Idealized 113/114 cap-derived geometric schedule,5040001,519428105,5.19428105,4364891437298105,43648914.37298105,boundary probe
S4,S4,Idealized 113/114 cap-derived geometric schedule,5249999,519428105,5.19428105,4473970300491895,44739703.00491895,boundary probe
S4,S4,Idealized 113/114 cap-derived geometric schedule,5250000,514871718,5.14871718,4473970819920000,44739708.19920000,boundary probe
S4,S4,Idealized 113/114 cap-derived geometric schedule,5250001,514871718,5.14871718,4473971334791718,44739713.34791718,boundary probe
S4,S4,Idealized 113/114 cap-derived geometric schedule,5459999,514871718,5.14871718,4582093365828282,45820933.65828282,boundary probe
S4,S4,Idealized 113/114 cap-derived geometric schedule,5460000,510355299,5.10355299,4582093880700000,45820938.80700000,boundary probe
S4,S4,Idealized 113/114 cap-derived geometric schedule,5460001,510355299,5.10355299,4582094391055299,45820943.91055299,boundary probe
S4,S4,Idealized 113/114 cap-derived geometric schedule,5669999,510355299,5.10355299,4689267983134701,46892679.83134701,boundary probe
S4,S4,Idealized 113/114 cap-derived geometric schedule,5670000,505878498,5.05878498,4689268493490000,46892684.93490000,boundary probe
S4,S4,Idealized 113/114 cap-derived geometric schedule,5670001,505878498,5.05878498,4689268999368498,46892689.99368498,boundary probe
S4,S4,Idealized 113/114 cap-derived geometric schedule,5879999,505878498,5.05878498,4795502472191502,47955024.72191502,boundary probe
S4,S4,Idealized 113/114 cap-derived geometric schedule,5880000,501440967,5.01440967,4795502978070000,47955029.78070000,boundary probe
S4,S4,Idealized 113/114 cap-derived geometric schedule,5880001,501440967,5.01440967,4795503479510967,47955034.79510967,boundary probe
S4,S4,Idealized 113/114 cap-derived geometric schedule,6089999,501440967,5.01440967,4900805079699033,49008050.79699033,boundary probe
S4,S4,Idealized 113/114 cap-derived geometric schedule,6090000,497042362,4.97042362,4900805581140000,49008055.81140000,boundary probe
S4,S4,Idealized 113/114 cap-derived geometric schedule,6090001,497042362,4.97042362,4900806078182362,49008060.78182362,boundary probe
S4,S4,Idealized 113/114 cap-derived geometric schedule,6299999,497042362,4.97042362,5005183980117638,50051839.80117638,boundary probe
S4,S4,Idealized 113/114 cap-derived geometric schedule,6300000,492682341,4.92682341,5005184477160000,50051844.77160000,boundary probe
S4,S4,Idealized 113/114 cap-derived geometric schedule,6300001,492682341,4.92682341,5005184969842341,50051849.69842341,boundary probe
S4,S4,Idealized 113/114 cap-derived geometric schedule,6509999,492682341,4.92682341,5108647276087659,51086472.76087659,boundary probe
S4,S4,Idealized 113/114 cap-derived geometric schedule,6510000,488360566,4.88360566,5108647768770000,51086477.68770000,boundary probe
S4,S4,Idealized 113/114 cap-derived geometric schedule,6510001,488360566,4.88360566,5108648257130566,51086482.57130566,boundary probe
S4,S4,Idealized 113/114 cap-derived geometric schedule,6719999,488360566,4.88360566,5211202999269434,52112029.99269434,boundary probe
S4,S4,Idealized 113/114 cap-derived geometric schedule,6720000,484076701,4.84076701,5211203487630000,52112034.87630000,boundary probe
S4,S4,Idealized 113/114 cap-derived geometric schedule,6720001,484076701,4.84076701,5211203971706701,52112039.71706701,boundary probe
S4,S4,Idealized 113/114 cap-derived geometric schedule,6929999,484076701,4.84076701,5312859110763299,53128591.10763299,boundary probe
S4,S4,Idealized 113/114 cap-derived geometric schedule,6930000,479830414,4.79830414,5312859594840000,53128595.94840000,boundary probe
S4,S4,Idealized 113/114 cap-derived geometric schedule,6930001,479830414,4.79830414,5312860074670414,53128600.74670414,boundary probe
S4,S4,Idealized 113/114 cap-derived geometric schedule,7139999,479830414,4.79830414,5413623501949586,54136235.01949586,boundary probe
S4,S4,Idealized 113/114 cap-derived geometric schedule,7140000,475621375,4.75621375,5413623981780000,54136239.81780000,boundary probe
S4,S4,Idealized 113/114 cap-derived geometric schedule,7140001,475621375,4.75621375,5413624457401375,54136244.57401375,boundary probe
S4,S4,Idealized 113/114 cap-derived geometric schedule,7349999,475621375,4.75621375,5513503994908625,55135039.94908625,boundary probe
S4,S4,Idealized 113/114 cap-derived geometric schedule,7350000,471449257,4.71449257,5513504470530000,55135044.70530000,boundary probe
S4,S4,Idealized 113/114 cap-derived geometric schedule,7350001,471449257,4.71449257,5513504941979257,55135049.41979257,boundary probe
S4,S4,Idealized 113/114 cap-derived geometric schedule,7559999,471449257,4.71449257,5612508343050743,56125083.43050743,boundary probe
S4,S4,Idealized 113/114 cap-derived geometric schedule,7560000,467313737,4.67313737,5612508814500000,56125088.14500000,boundary probe
S4,S4,Idealized 113/114 cap-derived geometric schedule,7560001,467313737,4.67313737,5612509281813737,56125092.81813737,boundary probe
S4,S4,Idealized 113/114 cap-derived geometric schedule,7769999,467313737,4.67313737,5710644231956263,57106442.31956263,boundary probe
S4,S4,Idealized 113/114 cap-derived geometric schedule,7770000,463214493,4.63214493,5710644699270000,57106446.99270000,boundary probe
S4,S4,Idealized 113/114 cap-derived geometric schedule,7770001,463214493,4.63214493,5710645162484493,57106451.62484493,boundary probe
S4,S4,Idealized 113/114 cap-derived geometric schedule,7979999,463214493,4.63214493,5807919279585507,58079192.79585507,boundary probe
S4,S4,Idealized 113/114 cap-derived geometric schedule,7980000,459151207,4.59151207,5807919742800000,58079197.42800000,boundary probe
S4,S4,Idealized 113/114 cap-derived geometric schedule,7980001,459151207,4.59151207,5807920201951207,58079202.01951207,boundary probe
S4,S4,Idealized 113/114 cap-derived geometric schedule,8189999,459151207,4.59151207,5904341037118793,59043410.37118793,boundary probe
S4,S4,Idealized 113/114 cap-derived geometric schedule,8190000,455123564,4.55123564,5904341496270000,59043414.96270000,boundary probe
S4,S4,Idealized 113/114 cap-derived geometric schedule,8190001,455123564,4.55123564,5904341951393564,59043419.51393564,boundary probe
S4,S4,Idealized 113/114 cap-derived geometric schedule,8399999,455123564,4.55123564,5999916989586436,59999169.89586436,boundary probe
S4,S4,Idealized 113/114 cap-derived geometric schedule,8400000,451131252,4.51131252,5999917444710000,59999174.44710000,boundary probe
S4,S4,Idealized 113/114 cap-derived geometric schedule,8400001,451131252,4.51131252,5999917895841252,59999178.95841252,boundary probe
S4,S4,Idealized 113/114 cap-derived geometric schedule,8609999,451131252,4.51131252,6094654556498748,60946545.56498748,boundary probe
S4,S4,Idealized 113/114 cap-derived geometric schedule,8610000,447173960,4.47173960,6094655007630000,60946550.07630000,boundary probe
S4,S4,Idealized 113/114 cap-derived geometric schedule,8610001,447173960,4.47173960,6094655454803960,60946554.54803960,boundary probe
S4,S4,Idealized 113/114 cap-derived geometric schedule,8819999,447173960,4.47173960,6188561092056040,61885610.92056040,boundary probe
S4,S4,Idealized 113/114 cap-derived geometric schedule,8820000,443251381,4.43251381,6188561539230000,61885615.39230000,boundary probe
S4,S4,Idealized 113/114 cap-derived geometric schedule,8820001,443251381,4.43251381,6188561982481381,61885619.82481381,boundary probe
S4,S4,Idealized 113/114 cap-derived geometric schedule,9029999,443251381,4.43251381,6281643885988619,62816438.85988619,boundary probe
S4,S4,Idealized 113/114 cap-derived geometric schedule,9030000,439363210,4.39363210,6281644329240000,62816443.29240000,boundary probe
S4,S4,Idealized 113/114 cap-derived geometric schedule,9030001,439363210,4.39363210,6281644768603210,62816447.68603210,boundary probe
S4,S4,Idealized 113/114 cap-derived geometric schedule,9239999,439363210,4.39363210,6373910163976790,63739101.63976790,boundary probe
S4,S4,Idealized 113/114 cap-derived geometric schedule,9240000,435509146,4.35509146,6373910603340000,63739106.03340000,boundary probe
S4,S4,Idealized 113/114 cap-derived geometric schedule,9240001,435509146,4.35509146,6373911038849146,63739110.38849146,boundary probe
S4,S4,Idealized 113/114 cap-derived geometric schedule,9449999,435509146,4.35509146,6465367088490854,64653670.88490854,boundary probe
S4,S4,Idealized 113/114 cap-derived geometric schedule,9450000,431688890,4.31688890,6465367524000000,64653675.24000000,boundary probe
S4,S4,Idealized 113/114 cap-derived geometric schedule,9450001,431688890,4.31688890,6465367955688890,64653679.55688890,boundary probe
S4,S4,Idealized 113/114 cap-derived geometric schedule,9659999,431688890,4.31688890,6556021759211110,65560217.59211110,boundary probe
S4,S4,Idealized 113/114 cap-derived geometric schedule,9660000,427902145,4.27902145,6556022190900000,65560221.90900000,boundary probe
S4,S4,Idealized 113/114 cap-derived geometric schedule,9660001,427902145,4.27902145,6556022618802145,65560226.18802145,boundary probe
S4,S4,Idealized 113/114 cap-derived geometric schedule,9869999,427902145,4.27902145,6645881213447855,66458812.13447855,boundary probe
S4,S4,Idealized 113/114 cap-derived geometric schedule,9870000,424148617,4.24148617,6645881641350000,66458816.41350000,boundary probe
S4,S4,Idealized 113/114 cap-derived geometric schedule,9870001,424148617,4.24148617,6645882065498617,66458820.65498617,boundary probe
S4,S4,Idealized 113/114 cap-derived geometric schedule,10079999,424148617,4.24148617,6734952426771383,67349524.26771383,boundary probe
S4,S4,Idealized 113/114 cap-derived geometric schedule,10080000,420428015,4.20428015,6734952850920000,67349528.50920000,boundary probe
S4,S4,Idealized 113/114 cap-derived geometric schedule,10080001,420428015,4.20428015,6734953271348015,67349532.71348015,boundary probe
S4,S4,Idealized 113/114 cap-derived geometric schedule,10289999,420428015,4.20428015,6823242313641985,68232423.13641985,boundary probe
S4,S4,Idealized 113/114 cap-derived geometric schedule,10290000,416740049,4.16740049,6823242734070000,68232427.34070000,boundary probe
S4,S4,Idealized 113/114 cap-derived geometric schedule,10290001,416740049,4.16740049,6823243150810049,68232431.50810049,boundary probe
S4,S4,Idealized 113/114 cap-derived geometric schedule,10499999,416740049,4.16740049,6910757727619951,69107577.27619951,boundary probe
S4,S4,Idealized 113/114 cap-derived geometric schedule,10500000,413084434,4.13084434,6910758144360000,69107581.44360000,boundary probe
S4,S4,Idealized 113/114 cap-derived geometric schedule,10500001,413084434,4.13084434,6910758557444434,69107585.57444434,boundary probe
S4,S4,Idealized 113/114 cap-derived geometric schedule,10709999,413084434,4.13084434,6997505462415566,69975054.62415566,boundary probe
S4,S4,Idealized 113/114 cap-derived geometric schedule,10710000,409460886,4.09460886,6997505875500000,69975058.75500000,boundary probe
S4,S4,Idealized 113/114 cap-derived geometric schedule,10710001,409460886,4.09460886,6997506284960886,69975062.84960886,boundary probe
S4,S4,Idealized 113/114 cap-derived geometric schedule,10919999,409460886,4.09460886,7083492252099114,70834922.52099114,boundary probe
S4,S4,Idealized 113/114 cap-derived geometric schedule,10920000,405869123,4.05869123,7083492661560000,70834926.61560000,boundary probe
S4,S4,Idealized 113/114 cap-derived geometric schedule,10920001,405869123,4.05869123,7083493067429123,70834930.67429123,boundary probe
S4,S4,Idealized 113/114 cap-derived geometric schedule,11129999,405869123,4.05869123,7168724771520877,71687247.71520877,boundary probe
S4,S4,Idealized 113/114 cap-derived geometric schedule,11130000,402308867,4.02308867,7168725177390000,71687251.77390000,boundary probe
S4,S4,Idealized 113/114 cap-derived geometric schedule,11130001,402308867,4.02308867,7168725579698867,71687255.79698867,boundary probe
S4,S4,Idealized 113/114 cap-derived geometric schedule,11339999,402308867,4.02308867,7253209637151133,72532096.37151133,boundary probe
S4,S4,Idealized 113/114 cap-derived geometric schedule,11340000,398779841,3.98779841,7253210039460000,72532100.39460000,boundary probe
S4,S4,Idealized 113/114 cap-derived geometric schedule,11340001,398779841,3.98779841,7253210438239841,72532104.38239841,boundary probe
S4,S4,Idealized 113/114 cap-derived geometric schedule,11549999,398779841,3.98779841,7336953407290159,73369534.07290159,boundary probe
S4,S4,Idealized 113/114 cap-derived geometric schedule,11550000,395281772,3.95281772,7336953806070000,73369538.06070000,boundary probe
S4,S4,Idealized 113/114 cap-derived geometric schedule,11550001,395281772,3.95281772,7336954201351772,73369542.01351772,boundary probe
S4,S4,Idealized 113/114 cap-derived geometric schedule,11759999,395281772,3.95281772,7419962582908228,74199625.82908228,boundary probe
S4,S4,Idealized 113/114 cap-derived geometric schedule,11760000,391814388,3.91814388,7419962978190000,74199629.78190000,boundary probe
S4,S4,Idealized 113/114 cap-derived geometric schedule,11760001,391814388,3.91814388,7419963370004388,74199633.70004388,boundary probe
S4,S4,Idealized 113/114 cap-derived geometric schedule,11969999,391814388,3.91814388,7502243607855612,75022436.07855612,boundary probe
S4,S4,Idealized 113/114 cap-derived geometric schedule,11970000,388377419,3.88377419,7502243999670000,75022439.99670000,boundary probe
S4,S4,Idealized 113/114 cap-derived geometric schedule,11970001,388377419,3.88377419,7502244388047419,75022443.88047419,boundary probe
S4,S4,Idealized 113/114 cap-derived geometric schedule,12179999,388377419,3.88377419,7583802869282581,75838028.69282581,boundary probe
S4,S4,Idealized 113/114 cap-derived geometric schedule,12180000,384970599,3.84970599,7583803257660000,75838032.57660000,boundary probe
S4,S4,Idealized 113/114 cap-derived geometric schedule,12180001,384970599,3.84970599,7583803642630599,75838036.42630599,boundary probe
S4,S4,Idealized 113/114 cap-derived geometric schedule,12389999,384970599,3.84970599,7664646698479401,76646466.98479401,boundary probe
S4,S4,Idealized 113/114 cap-derived geometric schedule,12390000,381593663,3.81593663,7664647083450000,76646470.83450000,boundary probe
S4,S4,Idealized 113/114 cap-derived geometric schedule,12390001,381593663,3.81593663,7664647465043663,76646474.65043663,boundary probe
S4,S4,Idealized 113/114 cap-derived geometric schedule,12599999,381593663,3.81593663,7744781371086337,77447813.71086337,boundary probe
S4,S4,Idealized 113/114 cap-derived geometric schedule,12600000,378246350,3.78246350,7744781752680000,77447817.52680000,boundary probe
S4,S4,Idealized 113/114 cap-derived geometric schedule,12600001,378246350,3.78246350,7744782130926350,77447821.30926350,boundary probe
S4,S4,Idealized 113/114 cap-derived geometric schedule,12809999,378246350,3.78246350,7824213107933650,78242131.07933650,boundary probe
S4,S4,Idealized 113/114 cap-derived geometric schedule,12810000,374928399,3.74928399,7824213486180000,78242134.86180000,boundary probe
S4,S4,Idealized 113/114 cap-derived geometric schedule,12810001,374928399,3.74928399,7824213861108399,78242138.61108399,boundary probe
S4,S4,Idealized 113/114 cap-derived geometric schedule,13019999,374928399,3.74928399,7902948075041601,79029480.75041601,boundary probe
S4,S4,Idealized 113/114 cap-derived geometric schedule,13020000,371639553,3.71639553,7902948449970000,79029484.49970000,boundary probe
S4,S4,Idealized 113/114 cap-derived geometric schedule,13020001,371639553,3.71639553,7902948821609553,79029488.21609553,boundary probe
S4,S4,Idealized 113/114 cap-derived geometric schedule,13229999,371639553,3.71639553,7980992384460447,79809923.84460447,boundary probe
S4,S4,Idealized 113/114 cap-derived geometric schedule,13230000,368379556,3.68379556,7980992756100000,79809927.56100000,boundary probe
S4,S4,Idealized 113/114 cap-derived geometric schedule,13230001,368379556,3.68379556,7980993124479556,79809931.24479556,boundary probe
S4,S4,Idealized 113/114 cap-derived geometric schedule,13439999,368379556,3.68379556,8058352094480444,80583520.94480444,boundary probe
S4,S4,Idealized 113/114 cap-derived geometric schedule,13440000,365148156,3.65148156,8058352462860000,80583524.62860000,boundary probe
S4,S4,Idealized 113/114 cap-derived geometric schedule,13440001,365148156,3.65148156,8058352828008156,80583528.28008156,boundary probe
S4,S4,Idealized 113/114 cap-derived geometric schedule,13649999,365148156,3.65148156,8135033210471844,81350332.10471844,boundary probe
S4,S4,Idealized 113/114 cap-derived geometric schedule,13650000,361945102,3.61945102,8135033575620000,81350335.75620000,boundary probe
S4,S4,Idealized 113/114 cap-derived geometric schedule,13650001,361945102,3.61945102,8135033937565102,81350339.37565102,boundary probe
S4,S4,Idealized 113/114 cap-derived geometric schedule,13859999,361945102,3.61945102,8211041685094898,82110416.85094898,boundary probe
S4,S4,Idealized 113/114 cap-derived geometric schedule,13860000,358770144,3.58770144,8211042047040000,82110420.47040000,boundary probe
S4,S4,Idealized 113/114 cap-derived geometric schedule,13860001,358770144,3.58770144,8211042405810144,82110424.05810144,boundary probe
S4,S4,Idealized 113/114 cap-derived geometric schedule,14069999,358770144,3.58770144,8286383418509856,82863834.18509856,boundary probe
S4,S4,Idealized 113/114 cap-derived geometric schedule,14070000,355623037,3.55623037,8286383777280000,82863837.77280000,boundary probe
S4,S4,Idealized 113/114 cap-derived geometric schedule,14070001,355623037,3.55623037,8286384132903037,82863841.32903037,boundary probe
S4,S4,Idealized 113/114 cap-derived geometric schedule,14279999,355623037,3.55623037,8361064259426963,83610642.59426963,boundary probe
S4,S4,Idealized 113/114 cap-derived geometric schedule,14280000,352503536,3.52503536,8361064615050000,83610646.15050000,boundary probe
S4,S4,Idealized 113/114 cap-derived geometric schedule,14280001,352503536,3.52503536,8361064967553536,83610649.67553536,boundary probe
S4,S4,Idealized 113/114 cap-derived geometric schedule,14489999,352503536,3.52503536,8435090005106464,84350900.05106464,boundary probe
S4,S4,Idealized 113/114 cap-derived geometric schedule,14490000,349411399,3.49411399,8435090357610000,84350903.57610000,boundary probe
S4,S4,Idealized 113/114 cap-derived geometric schedule,14490001,349411399,3.49411399,8435090707021399,84350907.07021399,boundary probe
S4,S4,Idealized 113/114 cap-derived geometric schedule,14699999,349411399,3.49411399,8508466401988601,85084664.01988601,boundary probe
S4,S4,Idealized 113/114 cap-derived geometric schedule,14700000,346346386,3.46346386,8508466751400000,85084667.51400000,boundary probe
S4,S4,Idealized 113/114 cap-derived geometric schedule,14700001,346346386,3.46346386,8508467097746386,85084670.97746386,boundary probe
S4,S4,Idealized 113/114 cap-derived geometric schedule,14909999,346346386,3.46346386,8581199146113614,85811991.46113614,boundary probe
S4,S4,Idealized 113/114 cap-derived geometric schedule,14910000,343308259,3.43308259,8581199492460000,85811994.92460000,boundary probe
S4,S4,Idealized 113/114 cap-derived geometric schedule,14910001,343308259,3.43308259,8581199835768259,85811998.35768259,boundary probe
S4,S4,Idealized 113/114 cap-derived geometric schedule,15119999,343308259,3.43308259,8653293883541741,86532938.83541741,boundary probe
S4,S4,Idealized 113/114 cap-derived geometric schedule,15120000,340296783,3.40296783,8653294226850000,86532942.26850000,boundary probe
S4,S4,Idealized 113/114 cap-derived geometric schedule,15120001,340296783,3.40296783,8653294567146783,86532945.67146783,boundary probe
S4,S4,Idealized 113/114 cap-derived geometric schedule,15329999,340296783,3.40296783,8724756210983217,87247562.10983217,boundary probe
S4,S4,Idealized 113/114 cap-derived geometric schedule,15330000,337311723,3.37311723,8724756551280000,87247565.51280000,boundary probe
S4,S4,Idealized 113/114 cap-derived geometric schedule,15330001,337311723,3.37311723,8724756888591723,87247568.88591723,boundary probe
S4,S4,Idealized 113/114 cap-derived geometric schedule,15539999,337311723,3.37311723,8795591675798277,87955916.75798277,boundary probe
S4,S4,Idealized 113/114 cap-derived geometric schedule,15540000,334352848,3.34352848,8795592013110000,87955920.13110000,boundary probe
S4,S4,Idealized 113/114 cap-derived geometric schedule,15540001,334352848,3.34352848,8795592347462848,87955923.47462848,boundary probe
S4,S4,Idealized 113/114 cap-derived geometric schedule,15749999,334352848,3.34352848,8865805776837152,88658057.76837152,boundary probe
S4,S4,Idealized 113/114 cap-derived geometric schedule,15750000,331419928,3.31419928,8865806111190000,88658061.11190000,boundary probe
S4,S4,Idealized 113/114 cap-derived geometric schedule,15750001,331419928,3.31419928,8865806442609928,88658064.42609928,boundary probe
S4,S4,Idealized 113/114 cap-derived geometric schedule,15959999,331419928,3.31419928,8935403964650072,89354039.64650072,boundary probe
S4,S4,Idealized 113/114 cap-derived geometric schedule,15960000,328512735,3.28512735,8935404296070000,89354042.96070000,boundary probe
S4,S4,Idealized 113/114 cap-derived geometric schedule,15960001,328512735,3.28512735,8935404624582735,89354046.24582735,boundary probe
S4,S4,Idealized 113/114 cap-derived geometric schedule,16169999,328512735,3.28512735,9004391641907265,90043916.41907265,boundary probe
S4,S4,Idealized 113/114 cap-derived geometric schedule,16170000,325631044,3.25631044,9004391970420000,90043919.70420000,boundary probe
S4,S4,Idealized 113/114 cap-derived geometric schedule,16170001,325631044,3.25631044,9004392296051044,90043922.96051044,boundary probe
S4,S4,Idealized 113/114 cap-derived geometric schedule,16379999,325631044,3.25631044,9072774164028956,90727741.64028956,boundary probe
S4,S4,Idealized 113/114 cap-derived geometric schedule,16380000,322774631,3.22774631,9072774489660000,90727744.89660000,boundary probe
S4,S4,Idealized 113/114 cap-derived geometric schedule,16380001,322774631,3.22774631,9072774812434631,90727748.12434631,boundary probe
S4,S4,Idealized 113/114 cap-derived geometric schedule,16589999,322774631,3.22774631,9140556839395369,91405568.39395369,boundary probe
S4,S4,Idealized 113/114 cap-derived geometric schedule,16590000,319943274,3.19943274,9140557162170000,91405571.62170000,boundary probe
S4,S4,Idealized 113/114 cap-derived geometric schedule,16590001,319943274,3.19943274,9140557482113274,91405574.82113274,boundary probe
S4,S4,Idealized 113/114 cap-derived geometric schedule,16799999,319943274,3.19943274,9207744929766726,92077449.29766726,boundary probe
S4,S4,Idealized 113/114 cap-derived geometric schedule,16800000,317136754,3.17136754,9207745249710000,92077452.49710000,boundary probe
S4,S4,Idealized 113/114 cap-derived geometric schedule,16800001,317136754,3.17136754,9207745566846754,92077455.66846754,boundary probe
S4,S4,Idealized 113/114 cap-derived geometric schedule,17009999,317136754,3.17136754,9274343650913246,92743436.50913246,boundary probe
S4,S4,Idealized 113/114 cap-derived geometric schedule,17010000,314354852,3.14354852,9274343968050000,92743439.68050000,boundary probe
S4,S4,Idealized 113/114 cap-derived geometric schedule,17010001,314354852,3.14354852,9274344282404852,92743442.82404852,boundary probe
S4,S4,Idealized 113/114 cap-derived geometric schedule,17219999,314354852,3.14354852,9340358172615148,93403581.72615148,boundary probe
S4,S4,Idealized 113/114 cap-derived geometric schedule,17220000,311597353,3.11597353,9340358486970000,93403584.86970000,boundary probe
S4,S4,Idealized 113/114 cap-derived geometric schedule,17220001,311597353,3.11597353,9340358798567353,93403587.98567353,boundary probe
S4,S4,Idealized 113/114 cap-derived geometric schedule,17429999,311597353,3.11597353,9405793619502647,94057936.19502647,boundary probe
S4,S4,Idealized 113/114 cap-derived geometric schedule,17430000,308864042,3.08864042,9405793931100000,94057939.31100000,boundary probe
S4,S4,Idealized 113/114 cap-derived geometric schedule,17430001,308864042,3.08864042,9405794239964042,94057942.39964042,boundary probe
S4,S4,Idealized 113/114 cap-derived geometric schedule,17639999,308864042,3.08864042,9470655071055958,94706550.71055958,boundary probe
S4,S4,Idealized 113/114 cap-derived geometric schedule,17640000,306154708,3.06154708,9470655379920000,94706553.79920000,boundary probe
S4,S4,Idealized 113/114 cap-derived geometric schedule,17640001,306154708,3.06154708,9470655686074708,94706556.86074708,boundary probe
S4,S4,Idealized 113/114 cap-derived geometric schedule,17849999,306154708,3.06154708,9534947562445292,95349475.62445292,boundary probe
S4,S4,Idealized 113/114 cap-derived geometric schedule,17850000,303469140,3.03469140,9534947868600000,95349478.68600000,boundary probe
S4,S4,Idealized 113/114 cap-derived geometric schedule,17850001,303469140,3.03469140,9534948172069140,95349481.72069140,boundary probe
S4,S4,Idealized 113/114 cap-derived geometric schedule,18059999,303469140,3.03469140,9598676084530860,95986760.84530860,boundary probe
S4,S4,Idealized 113/114 cap-derived geometric schedule,18060000,300807130,3.00807130,9598676388000000,95986763.88000000,boundary probe
S4,S4,Idealized 113/114 cap-derived geometric schedule,18060001,300807130,3.00807130,9598676688807130,95986766.88807130,boundary probe
S4,S4,Idealized 113/114 cap-derived geometric schedule,18269999,300807130,3.00807130,9661845584492870,96618455.84492870,boundary probe
S4,S4,Idealized 113/114 cap-derived geometric schedule,18270000,298168470,2.98168470,9661845885300000,96618458.85300000,boundary probe
S4,S4,Idealized 113/114 cap-derived geometric schedule,18270001,298168470,2.98168470,9661846183468470,96618461.83468470,boundary probe
S4,S4,Idealized 113/114 cap-derived geometric schedule,18479999,298168470,2.98168470,9724460965831530,97244609.65831530,boundary probe
S4,S4,Idealized 113/114 cap-derived geometric schedule,18480000,295552957,2.95552957,9724461264000000,97244612.64000000,boundary probe
S4,S4,Idealized 113/114 cap-derived geometric schedule,18480001,295552957,2.95552957,9724461559552957,97244615.59552957,boundary probe
S4,S4,Idealized 113/114 cap-derived geometric schedule,18689999,295552957,2.95552957,9786527089417043,97865270.89417043,boundary probe
S4,S4,Idealized 113/114 cap-derived geometric schedule,18690000,292960387,2.92960387,9786527384970000,97865273.84970000,boundary probe
S4,S4,Idealized 113/114 cap-derived geometric schedule,18690001,292960387,2.92960387,9786527677930387,97865276.77930387,boundary probe
S4,S4,Idealized 113/114 cap-derived geometric schedule,18899999,292960387,2.92960387,9848048773279613,98480487.73279613,boundary probe
S4,S4,Idealized 113/114 cap-derived geometric schedule,18900000,290390559,2.90390559,9848049066240000,98480490.66240000,boundary probe
S4,S4,Idealized 113/114 cap-derived geometric schedule,18900001,290390559,2.90390559,9848049356630559,98480493.56630559,boundary probe
S4,S4,Idealized 113/114 cap-derived geometric schedule,19109999,290390559,2.90390559,9909030793239441,99090307.93239441,boundary probe
S4,S4,Idealized 113/114 cap-derived geometric schedule,19110000,287843273,2.87843273,9909031083630000,99090310.83630000,boundary probe
S4,S4,Idealized 113/114 cap-derived geometric schedule,19110001,287843273,2.87843273,9909031371473273,99090313.71473273,boundary probe
S4,S4,Idealized 113/114 cap-derived geometric schedule,19319999,287843273,2.87843273,9969477883116727,99694778.83116727,boundary probe
S4,S4,Idealized 113/114 cap-derived geometric schedule,19320000,285318332,2.85318332,9969478170960000,99694781.70960000,boundary probe
S4,S4,Idealized 113/114 cap-derived geometric schedule,19320001,285318332,2.85318332,9969478456278332,99694784.56278332,boundary probe
S4,S4,Idealized 113/114 cap-derived geometric schedule,19529999,285318332,2.85318332,10029394735361668,100293947.35361668,boundary probe
S4,S4,Idealized 113/114 cap-derived geometric schedule,19530000,282815539,2.82815539,10029395020680000,100293950.20680000,boundary probe
S4,S4,Idealized 113/114 cap-derived geometric schedule,19530001,282815539,2.82815539,10029395303495539,100293953.03495539,boundary probe
S4,S4,Idealized 113/114 cap-derived geometric schedule,19739999,282815539,2.82815539,10088786001054461,100887860.01054461,boundary probe
S4,S4,Idealized 113/114 cap-derived geometric schedule,19740000,280334700,2.80334700,10088786283870000,100887862.83870000,boundary probe
S4,S4,Idealized 113/114 cap-derived geometric schedule,19740001,280334700,2.80334700,10088786564204700,100887865.64204700,boundary probe
S4,S4,Idealized 113/114 cap-derived geometric schedule,19949999,280334700,2.80334700,10147656290535300,101476562.90535300,boundary probe
S4,S4,Idealized 113/114 cap-derived geometric schedule,19950000,277875623,2.77875623,10147656570870000,101476565.70870000,boundary probe
S4,S4,Idealized 113/114 cap-derived geometric schedule,19950001,277875623,2.77875623,10147656848745623,101476568.48745623,boundary probe
S4,S4,Idealized 113/114 cap-derived geometric schedule,20159999,277875623,2.77875623,10206010173824377,102060101.73824377,boundary probe
S4,S4,Idealized 113/114 cap-derived geometric schedule,20160000,275438117,2.75438117,10206010451700000,102060104.51700000,boundary probe
S4,S4,Idealized 113/114 cap-derived geometric schedule,20160001,275438117,2.75438117,10206010727138117,102060107.27138117,boundary probe
S4,S4,Idealized 113/114 cap-derived geometric schedule,20369999,275438117,2.75438117,10263852180831883,102638521.80831883,boundary probe
S4,S4,Idealized 113/114 cap-derived geometric schedule,20370000,273021993,2.73021993,10263852456270000,102638524.56270000,boundary probe
S4,S4,Idealized 113/114 cap-derived geometric schedule,20370001,273021993,2.73021993,10263852729291993,102638527.29291993,boundary probe
S4,S4,Idealized 113/114 cap-derived geometric schedule,20579999,273021993,2.73021993,10321186801778007,103211868.01778007,boundary probe
S4,S4,Idealized 113/114 cap-derived geometric schedule,20580000,270627063,2.70627063,10321187074800000,103211870.74800000,boundary probe
S4,S4,Idealized 113/114 cap-derived geometric schedule,20580001,270627063,2.70627063,10321187345427063,103211873.45427063,boundary probe
S4,S4,Idealized 113/114 cap-derived geometric schedule,20789999,270627063,2.70627063,10378018487402937,103780184.87402937,boundary probe
S4,S4,Idealized 113/114 cap-derived geometric schedule,20790000,268253141,2.68253141,10378018758030000,103780187.58030000,boundary probe
S4,S4,Idealized 113/114 cap-derived geometric schedule,20790001,268253141,2.68253141,10378019026283141,103780190.26283141,boundary probe
S4,S4,Idealized 113/114 cap-derived geometric schedule,20999999,268253141,2.68253141,10434351649386859,104343516.49386859,boundary probe
S4,S4,Idealized 113/114 cap-derived geometric schedule,21000000,265900043,2.65900043,10434351917640000,104343519.17640000,boundary probe
S4,S4,Idealized 113/114 cap-derived geometric schedule,21000001,265900043,2.65900043,10434352183540043,104343521.83540043,boundary probe
S4,S4,Idealized 113/114 cap-derived geometric schedule,21209999,265900043,2.65900043,10490190660769957,104901906.60769957,boundary probe
S4,S4,Idealized 113/114 cap-derived geometric schedule,21210000,263567586,2.63567586,10490190926670000,104901909.26670000,boundary probe
S4,S4,Idealized 113/114 cap-derived geometric schedule,21210001,263567586,2.63567586,10490191190237586,104901911.90237586,boundary probe
S4,S4,Idealized 113/114 cap-derived geometric schedule,21419999,263567586,2.63567586,10545539856162414,105455398.56162414,boundary probe
S4,S4,Idealized 113/114 cap-derived geometric schedule,21420000,261255589,2.61255589,10545540119730000,105455401.19730000,boundary probe
S4,S4,Idealized 113/114 cap-derived geometric schedule,21420001,261255589,2.61255589,10545540380985589,105455403.80985589,boundary probe
S4,S4,Idealized 113/114 cap-derived geometric schedule,21629999,261255589,2.61255589,10600403532164411,106004035.32164411,boundary probe
S4,S4,Idealized 113/114 cap-derived geometric schedule,21630000,258963873,2.58963873,10600403793420000,106004037.93420000,boundary probe
S4,S4,Idealized 113/114 cap-derived geometric schedule,21630001,258963873,2.58963873,10600404052383873,106004040.52383873,boundary probe
S4,S4,Idealized 113/114 cap-derived geometric schedule,21839999,258963873,2.58963873,10654785947786127,106547859.47786127,boundary probe
S4,S4,Idealized 113/114 cap-derived geometric schedule,21840000,256692260,2.56692260,10654786206750000,106547862.06750000,boundary probe
S4,S4,Idealized 113/114 cap-derived geometric schedule,21840001,256692260,2.56692260,10654786463442260,106547864.63442260,boundary probe
S4,S4,Idealized 113/114 cap-derived geometric schedule,22049999,256692260,2.56692260,10708691324657740,107086913.24657740,boundary probe
S4,S4,Idealized 113/114 cap-derived geometric schedule,22050000,254440573,2.54440573,10708691581350000,107086915.81350000,boundary probe
S4,S4,Idealized 113/114 cap-derived geometric schedule,22050001,254440573,2.54440573,10708691835790573,107086918.35790573,boundary probe
S4,S4,Idealized 113/114 cap-derived geometric schedule,22259999,254440573,2.54440573,10762123847239427,107621238.47239427,boundary probe
S4,S4,Idealized 113/114 cap-derived geometric schedule,22260000,252208638,2.52208638,10762124101680000,107621241.01680000,boundary probe
S4,S4,Idealized 113/114 cap-derived geometric schedule,22260001,252208638,2.52208638,10762124353888638,107621243.53888638,boundary probe
S4,S4,Idealized 113/114 cap-derived geometric schedule,22469999,252208638,2.52208638,10815087663451362,108150876.63451362,boundary probe
S4,S4,Idealized 113/114 cap-derived geometric schedule,22470000,249996281,2.49996281,10815087915660000,108150879.15660000,boundary probe
S4,S4,Idealized 113/114 cap-derived geometric schedule,22470001,249996281,2.49996281,10815088165656281,108150881.65656281,boundary probe
S4,S4,Idealized 113/114 cap-derived geometric schedule,22679999,249996281,2.49996281,10867586884673719,108675868.84673719,boundary probe
S4,S4,Idealized 113/114 cap-derived geometric schedule,22680000,247803331,2.47803331,10867587134670000,108675871.34670000,boundary probe
S4,S4,Idealized 113/114 cap-derived geometric schedule,22680001,247803331,2.47803331,10867587382473331,108675873.82473331,boundary probe
S4,S4,Idealized 113/114 cap-derived geometric schedule,22889999,247803331,2.47803331,10919625586376669,109196255.86376669,boundary probe
S4,S4,Idealized 113/114 cap-derived geometric schedule,22890000,245629617,2.45629617,10919625834180000,109196258.34180000,boundary probe
S4,S4,Idealized 113/114 cap-derived geometric schedule,22890001,245629617,2.45629617,10919626079809617,109196260.79809617,boundary probe
S4,S4,Idealized 113/114 cap-derived geometric schedule,23099999,245629617,2.45629617,10971207808120383,109712078.08120383,boundary probe
S4,S4,Idealized 113/114 cap-derived geometric schedule,23100000,243474971,2.43474971,10971208053750000,109712080.53750000,boundary probe
S4,S4,Idealized 113/114 cap-derived geometric schedule,23100001,243474971,2.43474971,10971208297224971,109712082.97224971,boundary probe
S4,S4,Idealized 113/114 cap-derived geometric schedule,23309999,243474971,2.43474971,11022337554185029,110223375.54185029,boundary probe
S4,S4,Idealized 113/114 cap-derived geometric schedule,23310000,241339225,2.41339225,11022337797660000,110223377.97660000,boundary probe
S4,S4,Idealized 113/114 cap-derived geometric schedule,23310001,241339225,2.41339225,11022338038999225,110223380.38999225,boundary probe
S4,S4,Idealized 113/114 cap-derived geometric schedule,23519999,241339225,2.41339225,11073018793570775,110730187.93570775,boundary probe
S4,S4,Idealized 113/114 cap-derived geometric schedule,23520000,239222214,2.39222214,11073019034910000,110730190.34910000,boundary probe
S4,S4,Idealized 113/114 cap-derived geometric schedule,23520001,239222214,2.39222214,11073019274132214,110730192.74132214,boundary probe
S4,S4,Idealized 113/114 cap-derived geometric schedule,23729999,239222214,2.39222214,11123255460627786,111232554.60627786,boundary probe
S4,S4,Idealized 113/114 cap-derived geometric schedule,23730000,237123773,2.37123773,11123255699850000,111232556.99850000,boundary probe
S4,S4,Idealized 113/114 cap-derived geometric schedule,23730001,237123773,2.37123773,11123255936973773,111232559.36973773,boundary probe
S4,S4,Idealized 113/114 cap-derived geometric schedule,23939999,237123773,2.37123773,11173051455056227,111730514.55056227,boundary probe
S4,S4,Idealized 113/114 cap-derived geometric schedule,23940000,235043739,2.35043739,11173051692180000,111730516.92180000,boundary probe
S4,S4,Idealized 113/114 cap-derived geometric schedule,23940001,235043739,2.35043739,11173051927223739,111730519.27223739,boundary probe
S4,S4,Idealized 113/114 cap-derived geometric schedule,24149999,235043739,2.35043739,11222410642326261,112224106.42326261,boundary probe
S4,S4,Idealized 113/114 cap-derived geometric schedule,24150000,232981951,2.32981951,11222410877370000,112224108.77370000,boundary probe
S4,S4,Idealized 113/114 cap-derived geometric schedule,24150001,232981951,2.32981951,11222411110351951,112224111.10351951,boundary probe
S4,S4,Idealized 113/114 cap-derived geometric schedule,24359999,232981951,2.32981951,11271336854098049,112713368.54098049,boundary probe
S4,S4,Idealized 113/114 cap-derived geometric schedule,24360000,230938249,2.30938249,11271337087080000,112713370.87080000,boundary probe
S4,S4,Idealized 113/114 cap-derived geometric schedule,24360001,230938249,2.30938249,11271337318018249,112713373.18018249,boundary probe
S4,S4,Idealized 113/114 cap-derived geometric schedule,24569999,230938249,2.30938249,11319833888431751,113198338.88431751,boundary probe
S4,S4,Idealized 113/114 cap-derived geometric schedule,24570000,228912474,2.28912474,11319834119370000,113198341.19370000,boundary probe
S4,S4,Idealized 113/114 cap-derived geometric schedule,24570001,228912474,2.28912474,11319834348282474,113198343.48282474,boundary probe
S4,S4,Idealized 113/114 cap-derived geometric schedule,24779999,228912474,2.28912474,11367905509997526,113679055.09997526,boundary probe
S4,S4,Idealized 113/114 cap-derived geometric schedule,24780000,226904469,2.26904469,11367905738910000,113679057.38910000,boundary probe
S4,S4,Idealized 113/114 cap-derived geometric schedule,24780001,226904469,2.26904469,11367905965814469,113679059.65814469,boundary probe
S4,S4,Idealized 113/114 cap-derived geometric schedule,24989999,226904469,2.26904469,11415555450495531,114155554.50495531,boundary probe
S4,S4,Idealized 113/114 cap-derived geometric schedule,24990000,224914078,2.24914078,11415555677400000,114155556.77400000,boundary probe
S4,S4,Idealized 113/114 cap-derived geometric schedule,24990001,224914078,2.24914078,11415555902314078,114155559.02314078,boundary probe
S4,S4,Idealized 113/114 cap-derived geometric schedule,25199999,224914078,2.24914078,11462787408865922,114627874.08865922,boundary probe
S4,S4,Idealized 113/114 cap-derived geometric schedule,25200000,222941147,2.22941147,11462787633780000,114627876.33780000,boundary probe
S4,S4,Idealized 113/114 cap-derived geometric schedule,25200001,222941147,2.22941147,11462787856721147,114627878.56721147,boundary probe
S4,S4,Idealized 113/114 cap-derived geometric schedule,25409999,222941147,2.22941147,11509605051708853,115096050.51708853,boundary probe
S4,S4,Idealized 113/114 cap-derived geometric schedule,25410000,220985522,2.20985522,11509605274650000,115096052.74650000,boundary probe
S4,S4,Idealized 113/114 cap-derived geometric schedule,25410001,220985522,2.20985522,11509605495635522,115096054.95635522,boundary probe
S4,S4,Idealized 113/114 cap-derived geometric schedule,25619999,220985522,2.20985522,11556012013284478,115560120.13284478,boundary probe
S4,S4,Idealized 113/114 cap-derived geometric schedule,25620000,219047052,2.19047052,11556012234270000,115560122.34270000,boundary probe
S4,S4,Idealized 113/114 cap-derived geometric schedule,25620001,219047052,2.19047052,11556012453317052,115560124.53317052,boundary probe
S4,S4,Idealized 113/114 cap-derived geometric schedule,25829999,219047052,2.19047052,11602011896142948,116020118.96142948,boundary probe
S4,S4,Idealized 113/114 cap-derived geometric schedule,25830000,217125586,2.17125586,11602012115190000,116020121.15190000,boundary probe
S4,S4,Idealized 113/114 cap-derived geometric schedule,25830001,217125586,2.17125586,11602012332315586,116020123.32315586,boundary probe
S4,S4,Idealized 113/114 cap-derived geometric schedule,26039999,217125586,2.17125586,11647608271124414,116476082.71124414,boundary probe
S4,S4,Idealized 113/114 cap-derived geometric schedule,26040000,215220975,2.15220975,11647608488250000,116476084.88250000,boundary probe
S4,S4,Idealized 113/114 cap-derived geometric schedule,26040001,215220975,2.15220975,11647608703470975,116476087.03470975,boundary probe
S4,S4,Idealized 113/114 cap-derived geometric schedule,26249999,215220975,2.15220975,11692804677779025,116928046.77779025,boundary probe
S4,S4,Idealized 113/114 cap-derived geometric schedule,26250000,213333071,2.13333071,11692804893000000,116928048.93000000,boundary probe
S4,S4,Idealized 113/114 cap-derived geometric schedule,26250001,213333071,2.13333071,11692805106333071,116928051.06333071,boundary probe
S4,S4,Idealized 113/114 cap-derived geometric schedule,26459999,213333071,2.13333071,11737604624576929,117376046.24576929,boundary probe
S4,S4,Idealized 113/114 cap-derived geometric schedule,26460000,211461728,2.11461728,11737604837910000,117376048.37910000,boundary probe
S4,S4,Idealized 113/114 cap-derived geometric schedule,26460001,211461728,2.11461728,11737605049371728,117376050.49371728,boundary probe
S4,S4,Idealized 113/114 cap-derived geometric schedule,26669999,211461728,2.11461728,11782011589328272,117820115.89328272,boundary probe
S4,S4,Idealized 113/114 cap-derived geometric schedule,26670000,209606800,2.09606800,11782011800790000,117820118.00790000,boundary probe
S4,S4,Idealized 113/114 cap-derived geometric schedule,26670001,209606800,2.09606800,11782012010396800,117820120.10396800,boundary probe
S4,S4,Idealized 113/114 cap-derived geometric schedule,26879999,209606800,2.09606800,11826029019183200,118260290.19183200,boundary probe
S4,S4,Idealized 113/114 cap-derived geometric schedule,26880000,207768143,2.07768143,11826029228790000,118260292.28790000,boundary probe
S4,S4,Idealized 113/114 cap-derived geometric schedule,26880001,207768143,2.07768143,11826029436558143,118260294.36558143,boundary probe
S4,S4,Idealized 113/114 cap-derived geometric schedule,27089999,207768143,2.07768143,11869660331051857,118696603.31051857,boundary probe
S4,S4,Idealized 113/114 cap-derived geometric schedule,27090000,205945615,2.05945615,11869660538820000,118696605.38820000,boundary probe
S4,S4,Idealized 113/114 cap-derived geometric schedule,27090001,205945615,2.05945615,11869660744765615,118696607.44765615,boundary probe
S4,S4,Idealized 113/114 cap-derived geometric schedule,27299999,205945615,2.05945615,11912908912024385,119129089.12024385,boundary probe
S4,S4,Idealized 113/114 cap-derived geometric schedule,27300000,204139074,2.04139074,11912909117970000,119129091.17970000,boundary probe
S4,S4,Idealized 113/114 cap-derived geometric schedule,27300001,204139074,2.04139074,11912909322109074,119129093.22109074,boundary probe
S4,S4,Idealized 113/114 cap-derived geometric schedule,27509999,204139074,2.04139074,11955778119370926,119557781.19370926,boundary probe
S4,S4,Idealized 113/114 cap-derived geometric schedule,27510000,202348380,2.02348380,11955778323510000,119557783.23510000,boundary probe
S4,S4,Idealized 113/114 cap-derived geometric schedule,27510001,202348380,2.02348380,11955778525858380,119557785.25858380,boundary probe
S4,S4,Idealized 113/114 cap-derived geometric schedule,27719999,202348380,2.02348380,11998271280961620,119982712.80961620,boundary probe
S4,S4,Idealized 113/114 cap-derived geometric schedule,27720000,200573394,2.00573394,11998271483310000,119982714.83310000,boundary probe
S4,S4,Idealized 113/114 cap-derived geometric schedule,27720001,200573394,2.00573394,11998271683883394,119982716.83883394,boundary probe
S4,S4,Idealized 113/114 cap-derived geometric schedule,27929999,200573394,2.00573394,12040391695476606,120403916.95476606,boundary probe
S4,S4,Idealized 113/114 cap-derived geometric schedule,27930000,198813978,1.98813978,12040391896050000,120403918.96050000,boundary probe
S4,S4,Idealized 113/114 cap-derived geometric schedule,27930001,198813978,1.98813978,12040392094863978,120403920.94863978,boundary probe
S4,S4,Idealized 113/114 cap-derived geometric schedule,28139999,198813978,1.98813978,12082142632616022,120821426.32616022,boundary probe
S4,S4,Idealized 113/114 cap-derived geometric schedule,28140000,197069995,1.97069995,12082142831430000,120821428.31430000,boundary probe
S4,S4,Idealized 113/114 cap-derived geometric schedule,28140001,197069995,1.97069995,12082143028499995,120821430.28499995,boundary probe
S4,S4,Idealized 113/114 cap-derived geometric schedule,28349999,197069995,1.97069995,12123527333310005,121235273.33310005,boundary probe
S4,S4,Idealized 113/114 cap-derived geometric schedule,28350000,195341310,1.95341310,12123527530380000,121235275.30380000,boundary probe
S4,S4,Idealized 113/114 cap-derived geometric schedule,28350001,195341310,1.95341310,12123527725721310,121235277.25721310,boundary probe
S4,S4,Idealized 113/114 cap-derived geometric schedule,28559999,195341310,1.95341310,12164549010138690,121645490.10138690,boundary probe
S4,S4,Idealized 113/114 cap-derived geometric schedule,28560000,193627789,1.93627789,12164549205480000,121645492.05480000,boundary probe
S4,S4,Idealized 113/114 cap-derived geometric schedule,28560001,193627789,1.93627789,12164549399107789,121645493.99107789,boundary probe
S4,S4,Idealized 113/114 cap-derived geometric schedule,28769999,193627789,1.93627789,12205210847542211,122052108.47542211,boundary probe
S4,S4,Idealized 113/114 cap-derived geometric schedule,28770000,191929299,1.91929299,12205211041170000,122052110.41170000,boundary probe
S4,S4,Idealized 113/114 cap-derived geometric schedule,28770001,191929299,1.91929299,12205211233099299,122052112.33099299,boundary probe
S4,S4,Idealized 113/114 cap-derived geometric schedule,28979999,191929299,1.91929299,12245516002030701,122455160.02030701,boundary probe
S4,S4,Idealized 113/114 cap-derived geometric schedule,28980000,190245708,1.90245708,12245516193960000,122455161.93960000,boundary probe
S4,S4,Idealized 113/114 cap-derived geometric schedule,28980001,190245708,1.90245708,12245516384205708,122455163.84205708,boundary probe
S4,S4,Idealized 113/114 cap-derived geometric schedule,29189999,190245708,1.90245708,12285467602394292,122854676.02394292,boundary probe
S4,S4,Idealized 113/114 cap-derived geometric schedule,29190000,188576886,1.88576886,12285467792640000,122854677.92640000,boundary probe
S4,S4,Idealized 113/114 cap-derived geometric schedule,29190001,188576886,1.88576886,12285467981216886,122854679.81216886,boundary probe
S4,S4,Idealized 113/114 cap-derived geometric schedule,29399999,188576886,1.88576886,12325068750123114,123250687.50123114,boundary probe
S4,S4,Idealized 113/114 cap-derived geometric schedule,29400000,186922702,1.86922702,12325068938700000,123250689.38700000,boundary probe
S4,S4,Idealized 113/114 cap-derived geometric schedule,29400001,186922702,1.86922702,12325069125622702,123250691.25622702,boundary probe
S4,S4,Idealized 113/114 cap-derived geometric schedule,29609999,186922702,1.86922702,12364322519197298,123643225.19197298,boundary probe
S4,S4,Idealized 113/114 cap-derived geometric schedule,29610000,185283029,1.85283029,12364322706120000,123643227.06120000,boundary probe
S4,S4,Idealized 113/114 cap-derived geometric schedule,29610001,185283029,1.85283029,12364322891403029,123643228.91403029,boundary probe
S4,S4,Idealized 113/114 cap-derived geometric schedule,29819999,185283029,1.85283029,12403231956926971,124032319.56926971,boundary probe
S4,S4,Idealized 113/114 cap-derived geometric schedule,29820000,183657739,1.83657739,12403232142210000,124032321.42210000,boundary probe
S4,S4,Idealized 113/114 cap-derived geometric schedule,29820001,183657739,1.83657739,12403232325867739,124032323.25867739,boundary probe
S4,S4,Idealized 113/114 cap-derived geometric schedule,30029999,183657739,1.83657739,12441800083742261,124418000.83742261,boundary probe
S4,S4,Idealized 113/114 cap-derived geometric schedule,30030000,182046706,1.82046706,12441800267400000,124418002.67400000,boundary probe
S4,S4,Idealized 113/114 cap-derived geometric schedule,30030001,182046706,1.82046706,12441800449446706,124418004.49446706,boundary probe
S4,S4,Idealized 113/114 cap-derived geometric schedule,30239999,182046706,1.82046706,12480029893613294,124800298.93613294,boundary probe
S4,S4,Idealized 113/114 cap-derived geometric schedule,30240000,180449805,1.80449805,12480030075660000,124800300.75660000,boundary probe
S4,S4,Idealized 113/114 cap-derived geometric schedule,30240001,180449805,1.80449805,12480030256109805,124800302.56109805,boundary probe
S4,S4,Idealized 113/114 cap-derived geometric schedule,30449999,180449805,1.80449805,12517924354260195,125179243.54260195,boundary probe
S4,S4,Idealized 113/114 cap-derived geometric schedule,30450000,178866911,1.78866911,12517924534710000,125179245.34710000,boundary probe
S4,S4,Idealized 113/114 cap-derived geometric schedule,30450001,178866911,1.78866911,12517924713576911,125179247.13576911,boundary probe
S4,S4,Idealized 113/114 cap-derived geometric schedule,30659999,178866911,1.78866911,12555486407153089,125554864.07153089,boundary probe
S4,S4,Idealized 113/114 cap-derived geometric schedule,30660000,177297903,1.77297903,12555486586020000,125554865.86020000,boundary probe
S4,S4,Idealized 113/114 cap-derived geometric schedule,30660001,177297903,1.77297903,12555486763317903,125554867.63317903,boundary probe
S4,S4,Idealized 113/114 cap-derived geometric schedule,30869999,177297903,1.77297903,12592718968352097,125927189.68352097,boundary probe
S4,S4,Idealized 113/114 cap-derived geometric schedule,30870000,175742658,1.75742658,12592719145650000,125927191.45650000,boundary probe
S4,S4,Idealized 113/114 cap-derived geometric schedule,30870001,175742658,1.75742658,12592719321392658,125927193.21392658,boundary probe
S4,S4,Idealized 113/114 cap-derived geometric schedule,31079999,175742658,1.75742658,12629624928087342,126296249.28087342,boundary probe
S4,S4,Idealized 113/114 cap-derived geometric schedule,31080000,174201055,1.74201055,12629625103830000,126296251.03830000,boundary probe
S4,S4,Idealized 113/114 cap-derived geometric schedule,31080001,174201055,1.74201055,12629625278031055,126296252.78031055,boundary probe
S4,S4,Idealized 113/114 cap-derived geometric schedule,31289999,174201055,1.74201055,12666207151178945,126662071.51178945,boundary probe
S4,S4,Idealized 113/114 cap-derived geometric schedule,31290000,172672975,1.72672975,12666207325380000,126662073.25380000,boundary probe
S4,S4,Idealized 113/114 cap-derived geometric schedule,31290001,172672975,1.72672975,12666207498052975,126662074.98052975,boundary probe
S4,S4,Idealized 113/114 cap-derived geometric schedule,31499999,172672975,1.72672975,12702468477457025,127024684.77457025,boundary probe
S4,S4,Idealized 113/114 cap-derived geometric schedule,31500000,171158299,1.71158299,12702468650130000,127024686.50130000,boundary probe
S4,S4,Idealized 113/114 cap-derived geometric schedule,31500001,171158299,1.71158299,12702468821288299,127024688.21288299,boundary probe
S4,S4,Idealized 113/114 cap-derived geometric schedule,31709999,171158299,1.71158299,12738411721761701,127384117.21761701,boundary probe
S4,S4,Idealized 113/114 cap-derived geometric schedule,31710000,169656910,1.69656910,12738411892920000,127384118.92920000,boundary probe
S4,S4,Idealized 113/114 cap-derived geometric schedule,31710001,169656910,1.69656910,12738412062576910,127384120.62576910,boundary probe
S4,S4,Idealized 113/114 cap-derived geometric schedule,31919999,169656910,1.69656910,12774039674363090,127740396.74363090,boundary probe
S4,S4,Idealized 113/114 cap-derived geometric schedule,31920000,168168691,1.68168691,12774039844020000,127740398.44020000,boundary probe
S4,S4,Idealized 113/114 cap-derived geometric schedule,31920001,168168691,1.68168691,12774040012188691,127740400.12188691,boundary probe
S4,S4,Idealized 113/114 cap-derived geometric schedule,32129999,168168691,1.68168691,12809355100961309,128093551.00961309,boundary probe
S4,S4,Idealized 113/114 cap-derived geometric schedule,32130000,166693527,1.66693527,12809355269130000,128093552.69130000,boundary probe
S4,S4,Idealized 113/114 cap-derived geometric schedule,32130001,166693527,1.66693527,12809355435823527,128093554.35823527,boundary probe
S4,S4,Idealized 113/114 cap-derived geometric schedule,32339999,166693527,1.66693527,12844360743106473,128443607.43106473,boundary probe
S4,S4,Idealized 113/114 cap-derived geometric schedule,32340000,165231303,1.65231303,12844360909800000,128443609.09800000,boundary probe
S4,S4,Idealized 113/114 cap-derived geometric schedule,32340001,165231303,1.65231303,12844361075031303,128443610.75031303,boundary probe
S4,S4,Idealized 113/114 cap-derived geometric schedule,32549999,165231303,1.65231303,12879059318198697,128790593.18198697,boundary probe
S4,S4,Idealized 113/114 cap-derived geometric schedule,32550000,163781905,1.63781905,12879059483430000,128790594.83430000,boundary probe
S4,S4,Idealized 113/114 cap-derived geometric schedule,32550001,163781905,1.63781905,12879059647211905,128790596.47211905,boundary probe
S4,S4,Idealized 113/114 cap-derived geometric schedule,32759999,163781905,1.63781905,12913453519698095,129134535.19698095,boundary probe
S4,S4,Idealized 113/114 cap-derived geometric schedule,32760000,162345221,1.62345221,12913453683480000,129134536.83480000,boundary probe
S4,S4,Idealized 113/114 cap-derived geometric schedule,32760001,162345221,1.62345221,12913453845825221,129134538.45825221,boundary probe
S4,S4,Idealized 113/114 cap-derived geometric schedule,32969999,162345221,1.62345221,12947546017544779,129475460.17544779,boundary probe
S4,S4,Idealized 113/114 cap-derived geometric schedule,32970000,160921140,1.60921140,12947546179890000,129475461.79890000,boundary probe
S4,S4,Idealized 113/114 cap-derived geometric schedule,32970001,160921140,1.60921140,12947546340811140,129475463.40811140,boundary probe
S4,S4,Idealized 113/114 cap-derived geometric schedule,33179999,160921140,1.60921140,12981339458368860,129813394.58368860,boundary probe
S4,S4,Idealized 113/114 cap-derived geometric schedule,33180000,159509551,1.59509551,12981339619290000,129813396.19290000,boundary probe
S4,S4,Idealized 113/114 cap-derived geometric schedule,33180001,159509551,1.59509551,12981339778799551,129813397.78799551,boundary probe
S4,S4,Idealized 113/114 cap-derived geometric schedule,33389999,159509551,1.59509551,13014836465490449,130148364.65490449,boundary probe
S4,S4,Idealized 113/114 cap-derived geometric schedule,33390000,158110344,1.58110344,13014836625000000,130148366.25000000,boundary probe
S4,S4,Idealized 113/114 cap-derived geometric schedule,33390001,158110344,1.58110344,13014836783110344,130148367.83110344,boundary probe
S4,S4,Idealized 113/114 cap-derived geometric schedule,33599999,158110344,1.58110344,13048039639129656,130480396.39129656,boundary probe
S4,S4,Idealized 113/114 cap-derived geometric schedule,33600000,156723411,1.56723411,13048039797240000,130480397.97240000,boundary probe
S4,S4,Idealized 113/114 cap-derived geometric schedule,33600001,156723411,1.56723411,13048039953963411,130480399.53963411,boundary probe
S4,S4,Idealized 113/114 cap-derived geometric schedule,33809999,156723411,1.56723411,13080951556826589,130809515.56826589,boundary probe
S4,S4,Idealized 113/114 cap-derived geometric schedule,33810000,155348644,1.55348644,13080951713550000,130809517.13550000,boundary probe
S4,S4,Idealized 113/114 cap-derived geometric schedule,33810001,155348644,1.55348644,13080951868898644,130809518.68898644,boundary probe
S4,S4,Idealized 113/114 cap-derived geometric schedule,34019999,155348644,1.55348644,13113574773441356,131135747.73441356,boundary probe
S4,S4,Idealized 113/114 cap-derived geometric schedule,34020000,153985936,1.53985936,13113574928790000,131135749.28790000,boundary probe
S4,S4,Idealized 113/114 cap-derived geometric schedule,34020001,153985936,1.53985936,13113575082775936,131135750.82775936,boundary probe
S4,S4,Idealized 113/114 cap-derived geometric schedule,34229999,153985936,1.53985936,13145911821364064,131459118.21364064,boundary probe
S4,S4,Idealized 113/114 cap-derived geometric schedule,34230000,152635182,1.52635182,13145911975350000,131459119.75350000,boundary probe
S4,S4,Idealized 113/114 cap-derived geometric schedule,34230001,152635182,1.52635182,13145912127985182,131459121.27985182,boundary probe
S4,S4,Idealized 113/114 cap-derived geometric schedule,34439999,152635182,1.52635182,13177965210934818,131779652.10934818,boundary probe
S4,S4,Idealized 113/114 cap-derived geometric schedule,34440000,151296276,1.51296276,13177965363570000,131779653.63570000,boundary probe
S4,S4,Idealized 113/114 cap-derived geometric schedule,34440001,151296276,1.51296276,13177965514866276,131779655.14866276,boundary probe
S4,S4,Idealized 113/114 cap-derived geometric schedule,34649999,151296276,1.51296276,13209737430233724,132097374.30233724,boundary probe
S4,S4,Idealized 113/114 cap-derived geometric schedule,34650000,149969115,1.49969115,13209737581530000,132097375.81530000,boundary probe
S4,S4,Idealized 113/114 cap-derived geometric schedule,34650001,149969115,1.49969115,13209737731499115,132097377.31499115,boundary probe
S4,S4,Idealized 113/114 cap-derived geometric schedule,34859999,149969115,1.49969115,13241230945710885,132412309.45710885,boundary probe
S4,S4,Idealized 113/114 cap-derived geometric schedule,34860000,148653596,1.48653596,13241231095680000,132412310.95680000,boundary probe
S4,S4,Idealized 113/114 cap-derived geometric schedule,34860001,148653596,1.48653596,13241231244333596,132412312.44333596,boundary probe
S4,S4,Idealized 113/114 cap-derived geometric schedule,35069999,148653596,1.48653596,13272448202186404,132724482.02186404,boundary probe
S4,S4,Idealized 113/114 cap-derived geometric schedule,35070000,147349617,1.47349617,13272448350840000,132724483.50840000,boundary probe
S4,S4,Idealized 113/114 cap-derived geometric schedule,35070001,147349617,1.47349617,13272448498189617,132724484.98189617,boundary probe
S4,S4,Idealized 113/114 cap-derived geometric schedule,35279999,147349617,1.47349617,13303391623060383,133033916.23060383,boundary probe
S4,S4,Idealized 113/114 cap-derived geometric schedule,35280000,146057076,1.46057076,13303391770410000,133033917.70410000,boundary probe
S4,S4,Idealized 113/114 cap-derived geometric schedule,35280001,146057076,1.46057076,13303391916467076,133033919.16467076,boundary probe
S4,S4,Idealized 113/114 cap-derived geometric schedule,35489999,146057076,1.46057076,13334063610312924,133340636.10312924,boundary probe
S4,S4,Idealized 113/114 cap-derived geometric schedule,35490000,144775873,1.44775873,13334063756370000,133340637.56370000,boundary probe
S4,S4,Idealized 113/114 cap-derived geometric schedule,35490001,144775873,1.44775873,13334063901145873,133340639.01145873,boundary probe
S4,S4,Idealized 113/114 cap-derived geometric schedule,35699999,144775873,1.44775873,13364466544924127,133644665.44924127,boundary probe
S4,S4,Idealized 113/114 cap-derived geometric schedule,35700000,143505909,1.43505909,13364466689700000,133644666.89700000,boundary probe
S4,S4,Idealized 113/114 cap-derived geometric schedule,35700001,143505909,1.43505909,13364466833205909,133644668.33205909,boundary probe
S4,S4,Idealized 113/114 cap-derived geometric schedule,35909999,143505909,1.43505909,13394602787084091,133946027.87084091,boundary probe
S4,S4,Idealized 113/114 cap-derived geometric schedule,35910000,142247085,1.42247085,13394602930590000,133946029.30590000,boundary probe
S4,S4,Idealized 113/114 cap-derived geometric schedule,35910001,142247085,1.42247085,13394603072837085,133946030.72837085,boundary probe
S4,S4,Idealized 113/114 cap-derived geometric schedule,36119999,142247085,1.42247085,13424474676192915,134244746.76192915,boundary probe
S4,S4,Idealized 113/114 cap-derived geometric schedule,36120000,140999303,1.40999303,13424474818440000,134244748.18440000,boundary probe
S4,S4,Idealized 113/114 cap-derived geometric schedule,36120001,140999303,1.40999303,13424474959439303,134244749.59439303,boundary probe
S4,S4,Idealized 113/114 cap-derived geometric schedule,36329999,140999303,1.40999303,13454084531070697,134540845.31070697,boundary probe
S4,S4,Idealized 113/114 cap-derived geometric schedule,36330000,139762467,1.39762467,13454084672070000,134540846.72070000,boundary probe
S4,S4,Idealized 113/114 cap-derived geometric schedule,36330001,139762467,1.39762467,13454084811832467,134540848.11832467,boundary probe
S4,S4,Idealized 113/114 cap-derived geometric schedule,36539999,139762467,1.39762467,13483434650377533,134834346.50377533,boundary probe
S4,S4,Idealized 113/114 cap-derived geometric schedule,36540000,138536480,1.38536480,13483434790140000,134834347.90140000,boundary probe
S4,S4,Idealized 113/114 cap-derived geometric schedule,36540001,138536480,1.38536480,13483434928676480,134834349.28676480,boundary probe
S4,S4,Idealized 113/114 cap-derived geometric schedule,36749999,138536480,1.38536480,13512527312403520,135125273.12403520,boundary probe
S4,S4,Idealized 113/114 cap-derived geometric schedule,36750000,137321247,1.37321247,13512527450940000,135125274.50940000,boundary probe
S4,S4,Idealized 113/114 cap-derived geometric schedule,36750001,137321247,1.37321247,13512527588261247,135125275.88261247,boundary probe
S4,S4,Idealized 113/114 cap-derived geometric schedule,36959999,137321247,1.37321247,13541364775488753,135413647.75488753,boundary probe
S4,S4,Idealized 113/114 cap-derived geometric schedule,36960000,136116674,1.36116674,13541364912810000,135413649.12810000,boundary probe
S4,S4,Idealized 113/114 cap-derived geometric schedule,36960001,136116674,1.36116674,13541365048926674,135413650.48926674,boundary probe
S4,S4,Idealized 113/114 cap-derived geometric schedule,37169999,136116674,1.36116674,13569949278233326,135699492.78233326,boundary probe
S4,S4,Idealized 113/114 cap-derived geometric schedule,37170000,134922668,1.34922668,13569949414350000,135699494.14350000,boundary probe
S4,S4,Idealized 113/114 cap-derived geometric schedule,37170001,134922668,1.34922668,13569949549272668,135699495.49272668,boundary probe
S4,S4,Idealized 113/114 cap-derived geometric schedule,37379999,134922668,1.34922668,13598283039707332,135982830.39707332,boundary probe
S4,S4,Idealized 113/114 cap-derived geometric schedule,37380000,133739135,1.33739135,13598283174630000,135982831.74630000,boundary probe
S4,S4,Idealized 113/114 cap-derived geometric schedule,37380001,133739135,1.33739135,13598283308369135,135982833.08369135,boundary probe
S4,S4,Idealized 113/114 cap-derived geometric schedule,37589999,133739135,1.33739135,13626368259240865,136263682.59240865,boundary probe
S4,S4,Idealized 113/114 cap-derived geometric schedule,37590000,132565984,1.32565984,13626368392980000,136263683.92980000,boundary probe
S4,S4,Idealized 113/114 cap-derived geometric schedule,37590001,132565984,1.32565984,13626368525545984,136263685.25545984,boundary probe
S4,S4,Idealized 113/114 cap-derived geometric schedule,37799999,132565984,1.32565984,13654207117054016,136542071.17054016,boundary probe
S4,S4,Idealized 113/114 cap-derived geometric schedule,37800000,131403124,1.31403124,13654207249620000,136542072.49620000,boundary probe
S4,S4,Idealized 113/114 cap-derived geometric schedule,37800001,131403124,1.31403124,13654207381023124,136542073.81023124,boundary probe
S4,S4,Idealized 113/114 cap-derived geometric schedule,38009999,131403124,1.31403124,13681801774256876,136818017.74256876,boundary probe
S4,S4,Idealized 113/114 cap-derived geometric schedule,38010000,130250465,1.30250465,13681801905660000,136818019.05660000,boundary probe
S4,S4,Idealized 113/114 cap-derived geometric schedule,38010001,130250465,1.30250465,13681802035910465,136818020.35910465,boundary probe
S4,S4,Idealized 113/114 cap-derived geometric schedule,38219999,130250465,1.30250465,13709154373059535,137091543.73059535,boundary probe
S4,S4,Idealized 113/114 cap-derived geometric schedule,38220000,129107917,1.29107917,13709154503310000,137091545.03310000,boundary probe
S4,S4,Idealized 113/114 cap-derived geometric schedule,38220001,129107917,1.29107917,13709154632417917,137091546.32417917,boundary probe
S4,S4,Idealized 113/114 cap-derived geometric schedule,38429999,129107917,1.29107917,13736267036772083,137362670.36772083,boundary probe
S4,S4,Idealized 113/114 cap-derived geometric schedule,38430000,127975391,1.27975391,13736267165880000,137362671.65880000,boundary probe
S4,S4,Idealized 113/114 cap-derived geometric schedule,38430001,127975391,1.27975391,13736267293855391,137362672.93855391,boundary probe
S4,S4,Idealized 113/114 cap-derived geometric schedule,38639999,127975391,1.27975391,13763141870014609,137631418.70014609,boundary probe
S4,S4,Idealized 113/114 cap-derived geometric schedule,38640000,126852799,1.26852799,13763141997990000,137631419.97990000,boundary probe
S4,S4,Idealized 113/114 cap-derived geometric schedule,38640001,126852799,1.26852799,13763142124842799,137631421.24842799,boundary probe
S4,S4,Idealized 113/114 cap-derived geometric schedule,38849999,126852799,1.26852799,13789780958927201,137897809.58927201,boundary probe
S4,S4,Idealized 113/114 cap-derived geometric schedule,38850000,125740055,1.25740055,13789781085780000,137897810.85780000,boundary probe
S4,S4,Idealized 113/114 cap-derived geometric schedule,38850001,125740055,1.25740055,13789781211520055,137897812.11520055,boundary probe
S4,S4,Idealized 113/114 cap-derived geometric schedule,39059999,125740055,1.25740055,13816186371589945,138161863.71589945,boundary probe
S4,S4,Idealized 113/114 cap-derived geometric schedule,39060000,124637072,1.24637072,13816186497330000,138161864.97330000,boundary probe
S4,S4,Idealized 113/114 cap-derived geometric schedule,39060001,124637072,1.24637072,13816186621967072,138161866.21967072,boundary probe
S4,S4,Idealized 113/114 cap-derived geometric schedule,39269999,124637072,1.24637072,13842360157812928,138423601.57812928,boundary probe
S4,S4,Idealized 113/114 cap-derived geometric schedule,39270000,123543764,1.23543764,13842360282450000,138423602.82450000,boundary probe
S4,S4,Idealized 113/114 cap-derived geometric schedule,39270001,123543764,1.23543764,13842360405993764,138423604.05993764,boundary probe
S4,S4,Idealized 113/114 cap-derived geometric schedule,39479999,123543764,1.23543764,13868304349346236,138683043.49346236,boundary probe
S4,S4,Idealized 113/114 cap-derived geometric schedule,39480000,122460046,1.22460046,13868304472890000,138683044.72890000,boundary probe
S4,S4,Idealized 113/114 cap-derived geometric schedule,39480001,122460046,1.22460046,13868304595350046,138683045.95350046,boundary probe
S4,S4,Idealized 113/114 cap-derived geometric schedule,39689999,122460046,1.22460046,13894020960089954,138940209.60089954,boundary probe
S4,S4,Idealized 113/114 cap-derived geometric schedule,39690000,121385835,1.21385835,13894021082550000,138940210.82550000,boundary probe
S4,S4,Idealized 113/114 cap-derived geometric schedule,39690001,121385835,1.21385835,13894021203935835,138940212.03935835,boundary probe
S4,S4,Idealized 113/114 cap-derived geometric schedule,39899999,121385835,1.21385835,13919511986514165,139195119.86514165,boundary probe
S4,S4,Idealized 113/114 cap-derived geometric schedule,39900000,120321046,1.20321046,13919512107900000,139195121.07900000,boundary probe
S4,S4,Idealized 113/114 cap-derived geometric schedule,39900001,120321046,1.20321046,13919512228221046,139195122.28221046,boundary probe
S4,S4,Idealized 113/114 cap-derived geometric schedule,40109999,120321046,1.20321046,13944779407238954,139447794.07238954,boundary probe
S4,S4,Idealized 113/114 cap-derived geometric schedule,40110000,119265598,1.19265598,13944779527560000,139447795.27560000,boundary probe
S4,S4,Idealized 113/114 cap-derived geometric schedule,40110001,119265598,1.19265598,13944779646825598,139447796.46825598,boundary probe
S4,S4,Idealized 113/114 cap-derived geometric schedule,40319999,119265598,1.19265598,13969825183874402,139698251.83874402,boundary probe
S4,S4,Idealized 113/114 cap-derived geometric schedule,40320000,118219408,1.18219408,13969825303140000,139698253.03140000,boundary probe
S4,S4,Idealized 113/114 cap-derived geometric schedule,40320001,118219408,1.18219408,13969825421359408,139698254.21359408,boundary probe
S4,S4,Idealized 113/114 cap-derived geometric schedule,40529999,118219408,1.18219408,13994651260600592,139946512.60600592,boundary probe
S4,S4,Idealized 113/114 cap-derived geometric schedule,40530000,117182395,1.17182395,13994651378820000,139946513.78820000,boundary probe
S4,S4,Idealized 113/114 cap-derived geometric schedule,40530001,117182395,1.17182395,13994651496002395,139946514.96002395,boundary probe
S4,S4,Idealized 113/114 cap-derived geometric schedule,40739999,117182395,1.17182395,14019259564587605,140192595.64587605,boundary probe
S4,S4,Idealized 113/114 cap-derived geometric schedule,40740000,116154479,1.16154479,14019259681770000,140192596.81770000,boundary probe
S4,S4,Idealized 113/114 cap-derived geometric schedule,40740001,116154479,1.16154479,14019259797924479,140192597.97924479,boundary probe
S4,S4,Idealized 113/114 cap-derived geometric schedule,40949999,116154479,1.16154479,14043652006205521,140436520.06205521,boundary probe
S4,S4,Idealized 113/114 cap-derived geometric schedule,40950000,115135580,1.15135580,14043652122360000,140436521.22360000,boundary probe
S4,S4,Idealized 113/114 cap-derived geometric schedule,40950001,115135580,1.15135580,14043652237495580,140436522.37495580,boundary probe
S4,S4,Idealized 113/114 cap-derived geometric schedule,41159999,115135580,1.15135580,14067830479024420,140678304.79024420,boundary probe
S4,S4,Idealized 113/114 cap-derived geometric schedule,41160000,114125618,1.14125618,14067830594160000,140678305.94160000,boundary probe
S4,S4,Idealized 113/114 cap-derived geometric schedule,41160001,114125618,1.14125618,14067830708285618,140678307.08285618,boundary probe
S4,S4,Idealized 113/114 cap-derived geometric schedule,41369999,114125618,1.14125618,14091796859814382,140917968.59814382,boundary probe
S4,S4,Idealized 113/114 cap-derived geometric schedule,41370000,113124516,1.13124516,14091796973940000,140917969.73940000,boundary probe
S4,S4,Idealized 113/114 cap-derived geometric schedule,41370001,113124516,1.13124516,14091797087064516,140917970.87064516,boundary probe
S4,S4,Idealized 113/114 cap-derived geometric schedule,41579999,113124516,1.13124516,14115553009175484,141155530.09175484,boundary probe
S4,S4,Idealized 113/114 cap-derived geometric schedule,41580000,112132195,1.12132195,14115553122300000,141155531.22300000,boundary probe
S4,S4,Idealized 113/114 cap-derived geometric schedule,41580001,112132195,1.12132195,14115553234432195,141155532.34432195,boundary probe
S4,S4,Idealized 113/114 cap-derived geometric schedule,41789999,112132195,1.12132195,14139100771117805,141391007.71117805,boundary probe
S4,S4,Idealized 113/114 cap-derived geometric schedule,41790000,111148579,1.11148579,14139100883250000,141391008.83250000,boundary probe
S4,S4,Idealized 113/114 cap-derived geometric schedule,41790001,111148579,1.11148579,14139100994398579,141391009.94398579,boundary probe
S4,S4,Idealized 113/114 cap-derived geometric schedule,41999999,111148579,1.11148579,14162441973691421,141624419.73691421,boundary probe
S4,S4,Idealized 113/114 cap-derived geometric schedule,42000000,110173591,1.10173591,14162442084840000,141624420.84840000,boundary probe
S4,S4,Idealized 113/114 cap-derived geometric schedule,42000001,110173591,1.10173591,14162442195013591,141624421.95013591,boundary probe
S4,S4,Idealized 113/114 cap-derived geometric schedule,42209999,110173591,1.10173591,14185578428776409,141855784.28776409,boundary probe
S4,S4,Idealized 113/114 cap-derived geometric schedule,42210000,109207155,1.09207155,14185578538950000,141855785.38950000,boundary probe
S4,S4,Idealized 113/114 cap-derived geometric schedule,42210001,109207155,1.09207155,14185578648157155,141855786.48157155,boundary probe
S4,S4,Idealized 113/114 cap-derived geometric schedule,42419999,109207155,1.09207155,14208511932292845,142085119.32292845,boundary probe
S4,S4,Idealized 113/114 cap-derived geometric schedule,42420000,108249197,1.08249197,14208512041500000,142085120.41500000,boundary probe
S4,S4,Idealized 113/114 cap-derived geometric schedule,42420001,108249197,1.08249197,14208512149749197,142085121.49749197,boundary probe
S4,S4,Idealized 113/114 cap-derived geometric schedule,42629999,108249197,1.08249197,14231244264620803,142312442.64620803,boundary probe
S4,S4,Idealized 113/114 cap-derived geometric schedule,42630000,107299642,1.07299642,14231244372870000,142312443.72870000,boundary probe
S4,S4,Idealized 113/114 cap-derived geometric schedule,42630001,107299642,1.07299642,14231244480169642,142312444.80169642,boundary probe
S4,S4,Idealized 113/114 cap-derived geometric schedule,42839999,107299642,1.07299642,14253777190390358,142537771.90390358,boundary probe
S4,S4,Idealized 113/114 cap-derived geometric schedule,42840000,106358417,1.06358417,14253777297690000,142537772.97690000,boundary probe
S4,S4,Idealized 113/114 cap-derived geometric schedule,42840001,106358417,1.06358417,14253777404048417,142537774.04048417,boundary probe
S4,S4,Idealized 113/114 cap-derived geometric schedule,43049999,106358417,1.06358417,14276112458901583,142761124.58901583,boundary probe
S4,S4,Idealized 113/114 cap-derived geometric schedule,43050000,105425448,1.05425448,14276112565260000,142761125.65260000,boundary probe
S4,S4,Idealized 113/114 cap-derived geometric schedule,43050001,105425448,1.05425448,14276112670685448,142761126.70685448,boundary probe
S4,S4,Idealized 113/114 cap-derived geometric schedule,43259999,105425448,1.05425448,14298251803914552,142982518.03914552,boundary probe
S4,S4,Idealized 113/114 cap-derived geometric schedule,43260000,104500663,1.04500663,14298251909340000,142982519.09340000,boundary probe
S4,S4,Idealized 113/114 cap-derived geometric schedule,43260001,104500663,1.04500663,14298252013840663,142982520.13840663,boundary probe
S4,S4,Idealized 113/114 cap-derived geometric schedule,43469999,104500663,1.04500663,14320196944069337,143201969.44069337,boundary probe
S4,S4,Idealized 113/114 cap-derived geometric schedule,43470000,103583990,1.03583990,14320197048570000,143201970.48570000,boundary probe
S4,S4,Idealized 113/114 cap-derived geometric schedule,43470001,103583990,1.03583990,14320197152153990,143201971.52153990,boundary probe
S4,S4,Idealized 113/114 cap-derived geometric schedule,43679999,103583990,1.03583990,14341949582886010,143419495.82886010,boundary probe
S4,S4,Idealized 113/114 cap-derived geometric schedule,43680000,102675358,1.02675358,14341949686470000,143419496.86470000,boundary probe
S4,S4,Idealized 113/114 cap-derived geometric schedule,43680001,102675358,1.02675358,14341949789145358,143419497.89145358,boundary probe
S4,S4,Idealized 113/114 cap-derived geometric schedule,43889999,102675358,1.02675358,14363511408974642,143635114.08974642,boundary probe
S4,S4,Idealized 113/114 cap-derived geometric schedule,43890000,101774696,1.01774696,14363511511650000,143635115.11650000,boundary probe
S4,S4,Idealized 113/114 cap-derived geometric schedule,43890001,101774696,1.01774696,14363511613424696,143635116.13424696,boundary probe
S4,S4,Idealized 113/114 cap-derived geometric schedule,44099999,101774696,1.01774696,14384884096035304,143848840.96035304,boundary probe
S4,S4,Idealized 113/114 cap-derived geometric schedule,44100000,100881935,1.00881935,14384884197810000,143848841.97810000,boundary probe
S4,S4,Idealized 113/114 cap-derived geometric schedule,44100001,100881935,1.00881935,14384884298691935,143848842.98691935,boundary probe
S4,S4,Idealized 113/114 cap-derived geometric schedule,44309999,100881935,1.00881935,14406069303278065,144060693.03278065,boundary probe
S4,S4,Idealized 113/114 cap-derived geometric schedule,44310000,99997005,0.99997005,14406069404160000,144060694.04160000,boundary probe
S4,S4,Idealized 113/114 cap-derived geometric schedule,44310001,99997005,0.99997005,14406069504157005,144060695.04157005,boundary probe
S4,S4,Idealized 113/114 cap-derived geometric schedule,44519999,99997005,0.99997005,14427068675212995,144270686.75212995,boundary probe
S4,S4,Idealized 113/114 cap-derived geometric schedule,44520000,99119838,0.99119838,14427068775210000,144270687.75210000,boundary probe
S4,S4,Idealized 113/114 cap-derived geometric schedule,44520001,99119838,0.99119838,14427068874329838,144270688.74329838,boundary probe
S4,S4,Idealized 113/114 cap-derived geometric schedule,44729999,99119838,0.99119838,14447883842070162,144478838.42070162,boundary probe
S4,S4,Idealized 113/114 cap-derived geometric schedule,44730000,98250365,0.98250365,14447883941190000,144478839.41190000,boundary probe
S4,S4,Idealized 113/114 cap-derived geometric schedule,44730001,98250365,0.98250365,14447884039440365,144478840.39440365,boundary probe
S4,S4,Idealized 113/114 cap-derived geometric schedule,44939999,98250365,0.98250365,14468516419589635,144685164.19589635,boundary probe
S4,S4,Idealized 113/114 cap-derived geometric schedule,44940000,97388519,0.97388519,14468516517840000,144685165.17840000,boundary probe
S4,S4,Idealized 113/114 cap-derived geometric schedule,44940001,97388519,0.97388519,14468516615228519,144685166.15228519,boundary probe
S4,S4,Idealized 113/114 cap-derived geometric schedule,45149999,97388519,0.97388519,14488968009441481,144889680.09441481,boundary probe
S4,S4,Idealized 113/114 cap-derived geometric schedule,45150000,96534233,0.96534233,14488968106830000,144889681.06830000,boundary probe
S4,S4,Idealized 113/114 cap-derived geometric schedule,45150001,96534233,0.96534233,14488968203364233,144889682.03364233,boundary probe
S4,S4,Idealized 113/114 cap-derived geometric schedule,45359999,96534233,0.96534233,14509240199225767,145092401.99225767,boundary probe
S4,S4,Idealized 113/114 cap-derived geometric schedule,45360000,95687441,0.95687441,14509240295760000,145092402.95760000,boundary probe
S4,S4,Idealized 113/114 cap-derived geometric schedule,45360001,95687441,0.95687441,14509240391447441,145092403.91447441,boundary probe
S4,S4,Idealized 113/114 cap-derived geometric schedule,45569999,95687441,0.95687441,14529334562682559,145293345.62682559,boundary probe
S4,S4,Idealized 113/114 cap-derived geometric schedule,45570000,94848077,0.94848077,14529334658370000,145293346.58370000,boundary probe
S4,S4,Idealized 113/114 cap-derived geometric schedule,45570001,94848077,0.94848077,14529334753218077,145293347.53218077,boundary probe
S4,S4,Idealized 113/114 cap-derived geometric schedule,45779999,94848077,0.94848077,14549252659691923,145492526.59691923,boundary probe
S4,S4,Idealized 113/114 cap-derived geometric schedule,45780000,94016076,0.94016076,14549252754540000,145492527.54540000,boundary probe
S4,S4,Idealized 113/114 cap-derived geometric schedule,45780001,94016076,0.94016076,14549252848556076,145492528.48556076,boundary probe
S4,S4,Idealized 113/114 cap-derived geometric schedule,45989999,94016076,0.94016076,14568996036483924,145689960.36483924,boundary probe
S4,S4,Idealized 113/114 cap-derived geometric schedule,45990000,93191373,0.93191373,14568996130500000,145689961.30500000,boundary probe
S4,S4,Idealized 113/114 cap-derived geometric schedule,45990001,93191373,0.93191373,14568996223691373,145689962.23691373,boundary probe
S4,S4,Idealized 113/114 cap-derived geometric schedule,46199999,93191373,0.93191373,14588566225638627,145885662.25638627,boundary probe
S4,S4,Idealized 113/114 cap-derived geometric schedule,46200000,92373904,0.92373904,14588566318830000,145885663.18830000,boundary probe
S4,S4,Idealized 113/114 cap-derived geometric schedule,46200001,92373904,0.92373904,14588566411203904,145885664.11203904,boundary probe
S4,S4,Idealized 113/114 cap-derived geometric schedule,46409999,92373904,0.92373904,14607964746296096,146079647.46296096,boundary probe
S4,S4,Idealized 113/114 cap-derived geometric schedule,46410000,91563606,0.91563606,14607964838670000,146079648.38670000,boundary probe
S4,S4,Idealized 113/114 cap-derived geometric schedule,46410001,91563606,0.91563606,14607964930233606,146079649.30233606,boundary probe
S4,S4,Idealized 113/114 cap-derived geometric schedule,46619999,91563606,0.91563606,14627193104366394,146271931.04366394,boundary probe
S4,S4,Idealized 113/114 cap-derived geometric schedule,46620000,90760416,0.90760416,14627193195930000,146271931.95930000,boundary probe
S4,S4,Idealized 113/114 cap-derived geometric schedule,46620001,90760416,0.90760416,14627193286690416,146271932.86690416,boundary probe
S4,S4,Idealized 113/114 cap-derived geometric schedule,46829999,90760416,0.90760416,14646252792529584,146462527.92529584,boundary probe
S4,S4,Idealized 113/114 cap-derived geometric schedule,46830000,89964272,0.89964272,14646252883290000,146462528.83290000,boundary probe
S4,S4,Idealized 113/114 cap-derived geometric schedule,46830001,89964272,0.89964272,14646252973254272,146462529.73254272,boundary probe
S4,S4,Idealized 113/114 cap-derived geometric schedule,47039999,89964272,0.89964272,14665145290445728,146651452.90445728,boundary probe
S4,S4,Idealized 113/114 cap-derived geometric schedule,47040000,89175111,0.89175111,14665145380410000,146651453.80410000,boundary probe
S4,S4,Idealized 113/114 cap-derived geometric schedule,47040001,89175111,0.89175111,14665145469585111,146651454.69585111,boundary probe
S4,S4,Idealized 113/114 cap-derived geometric schedule,47249999,89175111,0.89175111,14683872064544889,146838720.64544889,boundary probe
S4,S4,Idealized 113/114 cap-derived geometric schedule,47250000,88392873,0.88392873,14683872153720000,146838721.53720000,boundary probe
S4,S4,Idealized 113/114 cap-derived geometric schedule,47250001,88392873,0.88392873,14683872242112873,146838722.42112873,boundary probe
S4,S4,Idealized 113/114 cap-derived geometric schedule,47459999,88392873,0.88392873,14702434568657127,147024345.68657127,boundary probe
S4,S4,Idealized 113/114 cap-derived geometric schedule,47460000,87617496,0.87617496,14702434657050000,147024346.57050000,boundary probe
S4,S4,Idealized 113/114 cap-derived geometric schedule,47460001,87617496,0.87617496,14702434744667496,147024347.44667496,boundary probe
S4,S4,Idealized 113/114 cap-derived geometric schedule,47669999,87617496,0.87617496,14720834243592504,147208342.43592504,boundary probe
S4,S4,Idealized 113/114 cap-derived geometric schedule,47670000,86848921,0.86848921,14720834331210000,147208343.31210000,boundary probe
S4,S4,Idealized 113/114 cap-derived geometric schedule,47670001,86848921,0.86848921,14720834418058921,147208344.18058921,boundary probe
S4,S4,Idealized 113/114 cap-derived geometric schedule,47879999,86848921,0.86848921,14739072517771079,147390725.17771079,boundary probe
S4,S4,Idealized 113/114 cap-derived geometric schedule,47880000,86087088,0.86087088,14739072604620000,147390726.04620000,boundary probe
S4,S4,Idealized 113/114 cap-derived geometric schedule,47880001,86087088,0.86087088,14739072690707088,147390726.90707088,boundary probe
S4,S4,Idealized 113/114 cap-derived geometric schedule,48089999,86087088,0.86087088,14757150807012912,147571508.07012912,boundary probe
S4,S4,Idealized 113/114 cap-derived geometric schedule,48090000,85331938,0.85331938,14757150893100000,147571508.93100000,boundary probe
S4,S4,Idealized 113/114 cap-derived geometric schedule,48090001,85331938,0.85331938,14757150978431938,147571509.78431938,boundary probe
S4,S4,Idealized 113/114 cap-derived geometric schedule,48299999,85331938,0.85331938,14775070514748062,147750705.14748062,boundary probe
S4,S4,Idealized 113/114 cap-derived geometric schedule,48300000,84583412,0.84583412,14775070600080000,147750706.00080000,boundary probe
S4,S4,Idealized 113/114 cap-derived geometric schedule,48300001,84583412,0.84583412,14775070684663412,147750706.84663412,boundary probe
S4,S4,Idealized 113/114 cap-derived geometric schedule,48509999,84583412,0.84583412,14792833032016588,147928330.32016588,boundary probe
S4,S4,Idealized 113/114 cap-derived geometric schedule,48510000,83841452,0.83841452,14792833116600000,147928331.16600000,boundary probe
S4,S4,Idealized 113/114 cap-derived geometric schedule,48510001,83841452,0.83841452,14792833200441452,147928332.00441452,boundary probe
S4,S4,Idealized 113/114 cap-derived geometric schedule,48719999,83841452,0.83841452,14810439737678548,148104397.37678548,boundary probe
S4,S4,Idealized 113/114 cap-derived geometric schedule,48720000,83106000,0.83106000,14810439821520000,148104398.21520000,boundary probe
S4,S4,Idealized 113/114 cap-derived geometric schedule,48720001,83106000,0.83106000,14810439904626000,148104399.04626000,boundary probe
S4,S4,Idealized 113/114 cap-derived geometric schedule,48929999,83106000,0.83106000,14827891998414000,148278919.98414000,boundary probe
S4,S4,Idealized 113/114 cap-derived geometric schedule,48930000,82377000,0.82377000,14827892081520000,148278920.81520000,boundary probe
S4,S4,Idealized 113/114 cap-derived geometric schedule,48930001,82377000,0.82377000,14827892163897000,148278921.63897000,boundary probe
S4,S4,Idealized 113/114 cap-derived geometric schedule,49139999,82377000,0.82377000,14845191169143000,148451911.69143000,boundary probe
S4,S4,Idealized 113/114 cap-derived geometric schedule,49140000,81654394,0.81654394,14845191251520000,148451912.51520000,boundary probe
S4,S4,Idealized 113/114 cap-derived geometric schedule,49140001,81654394,0.81654394,14845191333174394,148451913.33174394,boundary probe
S4,S4,Idealized 113/114 cap-derived geometric schedule,49349999,81654394,0.81654394,14862338592605606,148623385.92605606,boundary probe
S4,S4,Idealized 113/114 cap-derived geometric schedule,49350000,80938127,0.80938127,14862338674260000,148623386.74260000,boundary probe
S4,S4,Idealized 113/114 cap-derived geometric schedule,49350001,80938127,0.80938127,14862338755198127,148623387.55198127,boundary probe
S4,S4,Idealized 113/114 cap-derived geometric schedule,49559999,80938127,0.80938127,14879335599991873,148793355.99991873,boundary probe
S4,S4,Idealized 113/114 cap-derived geometric schedule,49560000,80228143,0.80228143,14879335680930000,148793356.80930000,boundary probe
S4,S4,Idealized 113/114 cap-derived geometric schedule,49560001,80228143,0.80228143,14879335761158143,148793357.61158143,boundary probe
S4,S4,Idealized 113/114 cap-derived geometric schedule,49769999,80228143,0.80228143,14896183510731857,148961835.10731857,boundary probe
S4,S4,Idealized 113/114 cap-derived geometric schedule,49770000,79524387,0.79524387,14896183590960000,148961835.90960000,boundary probe
S4,S4,Idealized 113/114 cap-derived geometric schedule,49770001,79524387,0.79524387,14896183670484387,148961836.70484387,boundary probe
S4,S4,Idealized 113/114 cap-derived geometric schedule,49979999,79524387,0.79524387,14912883632705613,149128836.32705613,boundary probe
S4,S4,Idealized 113/114 cap-derived geometric schedule,49980000,78826804,0.78826804,14912883712230000,149128837.12230000,boundary probe
S4,S4,Idealized 113/114 cap-derived geometric schedule,49980001,78826804,0.78826804,14912883791056804,149128837.91056804,boundary probe
S4,S4,Idealized 113/114 cap-derived geometric schedule,50189999,78826804,0.78826804,14929437262243196,149294372.62243196,boundary probe
S4,S4,Idealized 113/114 cap-derived geometric schedule,50190000,78135340,0.78135340,14929437341070000,149294373.41070000,boundary probe
S4,S4,Idealized 113/114 cap-derived geometric schedule,50190001,78135340,0.78135340,14929437419205340,149294374.19205340,boundary probe
S4,S4,Idealized 113/114 cap-derived geometric schedule,50399999,78135340,0.78135340,14945845684334660,149458456.84334660,boundary probe
S4,S4,Idealized 113/114 cap-derived geometric schedule,50400000,77449942,0.77449942,14945845762470000,149458457.62470000,boundary probe
S4,S4,Idealized 113/114 cap-derived geometric schedule,50400001,77449942,0.77449942,14945845839919942,149458458.39919942,boundary probe
S4,S4,Idealized 113/114 cap-derived geometric schedule,50609999,77449942,0.77449942,14962110172840058,149621101.72840058,boundary probe
S4,S4,Idealized 113/114 cap-derived geometric schedule,50610000,76770556,0.76770556,14962110250290000,149621102.50290000,boundary probe
S4,S4,Idealized 113/114 cap-derived geometric schedule,50610001,76770556,0.76770556,14962110327060556,149621103.27060556,boundary probe
S4,S4,Idealized 113/114 cap-derived geometric schedule,50819999,76770556,0.76770556,14978231990279444,149782319.90279444,boundary probe
S4,S4,Idealized 113/114 cap-derived geometric schedule,50820000,76097130,0.76097130,14978232067050000,149782320.67050000,boundary probe
S4,S4,Idealized 113/114 cap-derived geometric schedule,50820001,76097130,0.76097130,14978232143147130,149782321.43147130,boundary probe
S4,S4,Idealized 113/114 cap-derived geometric schedule,51029999,76097130,0.76097130,14994212388252870,149942123.88252870,boundary probe
S4,S4,Idealized 113/114 cap-derived geometric schedule,51030000,75429611,0.75429611,14994212464350000,149942124.64350000,boundary probe
S4,S4,Idealized 113/114 cap-derived geometric schedule,51030001,75429611,0.75429611,14994212539779611,149942125.39779611,boundary probe
S4,S4,Idealized 113/114 cap-derived geometric schedule,51239999,75429611,0.75429611,15010052607230389,150100526.07230389,boundary probe
S4,S4,Idealized 113/114 cap-derived geometric schedule,51240000,74767947,0.74767947,15010052682660000,150100526.82660000,boundary probe
S4,S4,Idealized 113/114 cap-derived geometric schedule,51240001,74767947,0.74767947,15010052757427947,150100527.57427947,boundary probe
S4,S4,Idealized 113/114 cap-derived geometric schedule,51449999,74767947,0.74767947,15025753876762053,150257538.76762053,boundary probe
S4,S4,Idealized 113/114 cap-derived geometric schedule,51450000,74112087,0.74112087,15025753951530000,150257539.51530000,boundary probe
S4,S4,Idealized 113/114 cap-derived geometric schedule,51450001,74112087,0.74112087,15025754025642087,150257540.25642087,boundary probe
S4,S4,Idealized 113/114 cap-derived geometric schedule,51659999,74112087,0.74112087,15041317415687913,150413174.15687913,boundary probe
S4,S4,Idealized 113/114 cap-derived geometric schedule,51660000,73461980,0.73461980,15041317489800000,150413174.89800000,boundary probe
S4,S4,Idealized 113/114 cap-derived geometric schedule,51660001,73461980,0.73461980,15041317563261980,150413175.63261980,boundary probe
S4,S4,Idealized 113/114 cap-derived geometric schedule,51869999,73461980,0.73461980,15056744432138020,150567444.32138020,boundary probe
S4,S4,Idealized 113/114 cap-derived geometric schedule,51870000,72817576,0.72817576,15056744505600000,150567445.05600000,boundary probe
S4,S4,Idealized 113/114 cap-derived geometric schedule,51870001,72817576,0.72817576,15056744578417576,150567445.78417576,boundary probe
S4,S4,Idealized 113/114 cap-derived geometric schedule,52079999,72817576,0.72817576,15072036123742424,150720361.23742424,boundary probe
S4,S4,Idealized 113/114 cap-derived geometric schedule,52080000,72178825,0.72178825,15072036196560000,150720361.96560000,boundary probe
S4,S4,Idealized 113/114 cap-derived geometric schedule,52080001,72178825,0.72178825,15072036268738825,150720362.68738825,boundary probe
S4,S4,Idealized 113/114 cap-derived geometric schedule,52289999,72178825,0.72178825,15087193677631175,150871936.77631175,boundary probe
S4,S4,Idealized 113/114 cap-derived geometric schedule,52290000,71545677,0.71545677,15087193749810000,150871937.49810000,boundary probe
S4,S4,Idealized 113/114 cap-derived geometric schedule,52290001,71545677,0.71545677,15087193821355677,150871938.21355677,boundary probe
S4,S4,Idealized 113/114 cap-derived geometric schedule,52499999,71545677,0.71545677,15102218270434323,151022182.70434323,boundary probe
S4,S4,Idealized 113/114 cap-derived geometric schedule,52500000,70918083,0.70918083,15102218341980000,151022183.41980000,boundary probe
S4,S4,Idealized 113/114 cap-derived geometric schedule,52500001,70918083,0.70918083,15102218412898083,151022184.12898083,boundary probe
S4,S4,Idealized 113/114 cap-derived geometric schedule,52709999,70918083,0.70918083,15117111068491917,151171110.68491917,boundary probe
S4,S4,Idealized 113/114 cap-derived geometric schedule,52710000,70295994,0.70295994,15117111139410000,151171111.39410000,boundary probe
S4,S4,Idealized 113/114 cap-derived geometric schedule,52710001,70295994,0.70295994,15117111209705994,151171112.09705994,boundary probe
S4,S4,Idealized 113/114 cap-derived geometric schedule,52919999,70295994,0.70295994,15131873227854006,151318732.27854006,boundary probe
S4,S4,Idealized 113/114 cap-derived geometric schedule,52920000,69679362,0.69679362,15131873298150000,151318732.98150000,boundary probe
S4,S4,Idealized 113/114 cap-derived geometric schedule,52920001,69679362,0.69679362,15131873367829362,151318733.67829362,boundary probe
S4,S4,Idealized 113/114 cap-derived geometric schedule,53129999,69679362,0.69679362,15146505894490638,151465058.94490638,boundary probe
S4,S4,Idealized 113/114 cap-derived geometric schedule,53130000,69068139,0.69068139,15146505964170000,151465059.64170000,boundary probe
S4,S4,Idealized 113/114 cap-derived geometric schedule,53130001,69068139,0.69068139,15146506033238139,151465060.33238139,boundary probe
S4,S4,Idealized 113/114 cap-derived geometric schedule,53339999,69068139,0.69068139,15161010204291861,151610102.04291861,boundary probe
S4,S4,Idealized 113/114 cap-derived geometric schedule,53340000,68462278,0.68462278,15161010273360000,151610102.73360000,boundary probe
S4,S4,Idealized 113/114 cap-derived geometric schedule,53340001,68462278,0.68462278,15161010341822278,151610103.41822278,boundary probe
S4,S4,Idealized 113/114 cap-derived geometric schedule,53549999,68462278,0.68462278,15175387283277722,151753872.83277722,boundary probe
S4,S4,Idealized 113/114 cap-derived geometric schedule,53550000,67861731,0.67861731,15175387351740000,151753873.51740000,boundary probe
S4,S4,Idealized 113/114 cap-derived geometric schedule,53550001,67861731,0.67861731,15175387419601731,151753874.19601731,boundary probe
S4,S4,Idealized 113/114 cap-derived geometric schedule,53759999,67861731,0.67861731,15189638247388269,151896382.47388269,boundary probe
S4,S4,Idealized 113/114 cap-derived geometric schedule,53760000,67266452,0.67266452,15189638315250000,151896383.15250000,boundary probe
S4,S4,Idealized 113/114 cap-derived geometric schedule,53760001,67266452,0.67266452,15189638382516452,151896383.82516452,boundary probe
S4,S4,Idealized 113/114 cap-derived geometric schedule,53969999,67266452,0.67266452,15203764202903548,152037642.02903548,boundary probe
S4,S4,Idealized 113/114 cap-derived geometric schedule,53970000,66676395,0.66676395,15203764270170000,152037642.70170000,boundary probe
S4,S4,Idealized 113/114 cap-derived geometric schedule,53970001,66676395,0.66676395,15203764336846395,152037643.36846395,boundary probe
S4,S4,Idealized 113/114 cap-derived geometric schedule,54179999,66676395,0.66676395,15217766246443605,152177662.46443605,boundary probe
S4,S4,Idealized 113/114 cap-derived geometric schedule,54180000,66091514,0.66091514,15217766313120000,152177663.13120000,boundary probe
S4,S4,Idealized 113/114 cap-derived geometric schedule,54180001,66091514,0.66091514,15217766379211514,152177663.79211514,boundary probe
S4,S4,Idealized 113/114 cap-derived geometric schedule,54389999,66091514,0.66091514,15231645464968486,152316454.64968486,boundary probe
S4,S4,Idealized 113/114 cap-derived geometric schedule,54390000,65511763,0.65511763,15231645531060000,152316455.31060000,boundary probe
S4,S4,Idealized 113/114 cap-derived geometric schedule,54390001,65511763,0.65511763,15231645596571763,152316455.96571763,boundary probe
S4,S4,Idealized 113/114 cap-derived geometric schedule,54599999,65511763,0.65511763,15245402935778237,152454029.35778237,boundary probe
S4,S4,Idealized 113/114 cap-derived geometric schedule,54600000,64937098,0.64937098,15245403001290000,152454030.01290000,boundary probe
S4,S4,Idealized 113/114 cap-derived geometric schedule,54600001,64937098,0.64937098,15245403066227098,152454030.66227098,boundary probe
S4,S4,Idealized 113/114 cap-derived geometric schedule,54809999,64937098,0.64937098,15259039726932902,152590397.26932902,boundary probe
S4,S4,Idealized 113/114 cap-derived geometric schedule,54810000,64367474,0.64367474,15259039791870000,152590397.91870000,boundary probe
S4,S4,Idealized 113/114 cap-derived geometric schedule,54810001,64367474,0.64367474,15259039856237474,152590398.56237474,boundary probe
S4,S4,Idealized 113/114 cap-derived geometric schedule,55019999,64367474,0.64367474,15272556897042526,152725568.97042526,boundary probe
S4,S4,Idealized 113/114 cap-derived geometric schedule,55020000,63802847,0.63802847,15272556961410000,152725569.61410000,boundary probe
S4,S4,Idealized 113/114 cap-derived geometric schedule,55020001,63802847,0.63802847,15272557025212847,152725570.25212847,boundary probe
S4,S4,Idealized 113/114 cap-derived geometric schedule,55229999,63802847,0.63802847,15285955495477153,152859554.95477153,boundary probe
S4,S4,Idealized 113/114 cap-derived geometric schedule,55230000,63243172,0.63243172,15285955559280000,152859555.59280000,boundary probe
S4,S4,Idealized 113/114 cap-derived geometric schedule,55230001,63243172,0.63243172,15285955622523172,152859556.22523172,boundary probe
S4,S4,Idealized 113/114 cap-derived geometric schedule,55439999,63243172,0.63243172,15299236562156828,152992365.62156828,boundary probe
S4,S4,Idealized 113/114 cap-derived geometric schedule,55440000,62688407,0.62688407,15299236625400000,152992366.25400000,boundary probe
S4,S4,Idealized 113/114 cap-derived geometric schedule,55440001,62688407,0.62688407,15299236688088407,152992366.88088407,boundary probe
S4,S4,Idealized 113/114 cap-derived geometric schedule,55649999,62688407,0.62688407,15312401128181593,153124011.28181593,boundary probe
S4,S4,Idealized 113/114 cap-derived geometric schedule,55650000,62138508,0.62138508,15312401190870000,153124011.90870000,boundary probe
S4,S4,Idealized 113/114 cap-derived geometric schedule,55650001,62138508,0.62138508,15312401253008508,153124012.53008508,boundary probe
S4,S4,Idealized 113/114 cap-derived geometric schedule,55859999,62138508,0.62138508,15325450215411492,153254502.15411492,boundary probe
S4,S4,Idealized 113/114 cap-derived geometric schedule,55860000,61593433,0.61593433,15325450277550000,153254502.77550000,boundary probe
S4,S4,Idealized 113/114 cap-derived geometric schedule,55860001,61593433,0.61593433,15325450339143433,153254503.39143433,boundary probe
S4,S4,Idealized 113/114 cap-derived geometric schedule,56069999,61593433,0.61593433,15338384836886567,153383848.36886567,boundary probe
S4,S4,Idealized 113/114 cap-derived geometric schedule,56070000,61053139,0.61053139,15338384898480000,153383848.98480000,boundary probe
S4,S4,Idealized 113/114 cap-derived geometric schedule,56070001,61053139,0.61053139,15338384959533139,153383849.59533139,boundary probe
S4,S4,Idealized 113/114 cap-derived geometric schedule,56279999,61053139,0.61053139,15351205996616861,153512059.96616861,boundary probe
S4,S4,Idealized 113/114 cap-derived geometric schedule,56280000,60517585,0.60517585,15351206057670000,153512060.57670000,boundary probe
S4,S4,Idealized 113/114 cap-derived geometric schedule,56280001,60517585,0.60517585,15351206118187585,153512061.18187585,boundary probe
S4,S4,Idealized 113/114 cap-derived geometric schedule,56489999,60517585,0.60517585,15363914690002415,153639146.90002415,boundary probe
S4,S4,Idealized 113/114 cap-derived geometric schedule,56490000,59986728,0.59986728,15363914750520000,153639147.50520000,boundary probe
S4,S4,Idealized 113/114 cap-derived geometric schedule,56490001,59986728,0.59986728,15363914810506728,153639148.10506728,boundary probe
S4,S4,Idealized 113/114 cap-derived geometric schedule,56699999,59986728,0.59986728,15376511903413272,153765119.03413272,boundary probe
S4,S4,Idealized 113/114 cap-derived geometric schedule,56700000,59460528,0.59460528,15376511963400000,153765119.63400000,boundary probe
S4,S4,Idealized 113/114 cap-derived geometric schedule,56700001,59460528,0.59460528,15376512022860528,153765120.22860528,boundary probe
S4,S4,Idealized 113/114 cap-derived geometric schedule,56909999,59460528,0.59460528,15388998614819472,153889986.14819472,boundary probe
S4,S4,Idealized 113/114 cap-derived geometric schedule,56910000,58938944,0.58938944,15388998674280000,153889986.74280000,boundary probe
S4,S4,Idealized 113/114 cap-derived geometric schedule,56910001,58938944,0.58938944,15388998733218944,153889987.33218944,boundary probe
S4,S4,Idealized 113/114 cap-derived geometric schedule,57119999,58938944,0.58938944,15401375793581056,154013757.93581056,boundary probe
S4,S4,Idealized 113/114 cap-derived geometric schedule,57120000,58421935,0.58421935,15401375852520000,154013758.52520000,boundary probe
S4,S4,Idealized 113/114 cap-derived geometric schedule,57120001,58421935,0.58421935,15401375910941935,154013759.10941935,boundary probe
S4,S4,Idealized 113/114 cap-derived geometric schedule,57329999,58421935,0.58421935,15413644400448065,154136444.00448065,boundary probe
S4,S4,Idealized 113/114 cap-derived geometric schedule,57330000,57909461,0.57909461,15413644458870000,154136444.58870000,boundary probe
S4,S4,Idealized 113/114 cap-derived geometric schedule,57330001,57909461,0.57909461,15413644516779461,154136445.16779461,boundary probe
S4,S4,Idealized 113/114 cap-derived geometric schedule,57539999,57909461,0.57909461,15425805387770539,154258053.87770539,boundary probe
S4,S4,Idealized 113/114 cap-derived geometric schedule,57540000,57401483,0.57401483,15425805445680000,154258054.45680000,boundary probe
S4,S4,Idealized 113/114 cap-derived geometric schedule,57540001,57401483,0.57401483,15425805503081483,154258055.03081483,boundary probe
S4,S4,Idealized 113/114 cap-derived geometric schedule,57749999,57401483,0.57401483,15437859699708517,154378596.99708517,boundary probe
S4,S4,Idealized 113/114 cap-derived geometric schedule,57750000,56897961,0.56897961,15437859757110000,154378597.57110000,boundary probe
S4,S4,Idealized 113/114 cap-derived geometric schedule,57750001,56897961,0.56897961,15437859814007961,154378598.14007961,boundary probe
S4,S4,Idealized 113/114 cap-derived geometric schedule,57959999,56897961,0.56897961,15449808272022039,154498082.72022039,boundary probe
S4,S4,Idealized 113/114 cap-derived geometric schedule,57960000,56398856,0.56398856,15449808328920000,154498083.28920000,boundary probe
S4,S4,Idealized 113/114 cap-derived geometric schedule,57960001,56398856,0.56398856,15449808385318856,154498083.85318856,boundary probe
S4,S4,Idealized 113/114 cap-derived geometric schedule,58169999,56398856,0.56398856,15461652032281144,154616520.32281144,boundary probe
S4,S4,Idealized 113/114 cap-derived geometric schedule,58170000,55904129,0.55904129,15461652088680000,154616520.88680000,boundary probe
S4,S4,Idealized 113/114 cap-derived geometric schedule,58170001,55904129,0.55904129,15461652144584129,154616521.44584129,boundary probe
S4,S4,Idealized 113/114 cap-derived geometric schedule,58379999,55904129,0.55904129,15473391899865871,154733918.99865871,boundary probe
S4,S4,Idealized 113/114 cap-derived geometric schedule,58380000,55413741,0.55413741,15473391955770000,154733919.55770000,boundary probe
S4,S4,Idealized 113/114 cap-derived geometric schedule,58380001,55413741,0.55413741,15473392011183741,154733920.11183741,boundary probe
S4,S4,Idealized 113/114 cap-derived geometric schedule,58589999,55413741,0.55413741,15485028785966259,154850287.85966259,boundary probe
S4,S4,Idealized 113/114 cap-derived geometric schedule,58590000,54927655,0.54927655,15485028841380000,154850288.41380000,boundary probe
S4,S4,Idealized 113/114 cap-derived geometric schedule,58590001,54927655,0.54927655,15485028896307655,154850288.96307655,boundary probe
S4,S4,Idealized 113/114 cap-derived geometric schedule,58799999,54927655,0.54927655,15496563594002345,154965635.94002345,boundary probe
S4,S4,Idealized 113/114 cap-derived geometric schedule,58800000,54445833,0.54445833,15496563648930000,154965636.48930000,boundary probe
S4,S4,Idealized 113/114 cap-derived geometric schedule,58800001,54445833,0.54445833,15496563703375833,154965637.03375833,boundary probe
S4,S4,Idealized 113/114 cap-derived geometric schedule,59009999,54445833,0.54445833,15507997219414167,155079972.19414167,boundary probe
S4,S4,Idealized 113/114 cap-derived geometric schedule,59010000,53968237,0.53968237,15507997273860000,155079972.73860000,boundary probe
S4,S4,Idealized 113/114 cap-derived geometric schedule,59010001,53968237,0.53968237,15507997327828237,155079973.27828237,boundary probe
S4,S4,Idealized 113/114 cap-derived geometric schedule,59219999,53968237,0.53968237,15519330549661763,155193305.49661763,boundary probe
S4,S4,Idealized 113/114 cap-derived geometric schedule,59220000,53494831,0.53494831,15519330603630000,155193306.03630000,boundary probe
S4,S4,Idealized 113/114 cap-derived geometric schedule,59220001,53494831,0.53494831,15519330657124831,155193306.57124831,boundary probe
S4,S4,Idealized 113/114 cap-derived geometric schedule,59429999,53494831,0.53494831,15530564464645169,155305644.64645169,boundary probe
S4,S4,Idealized 113/114 cap-derived geometric schedule,59430000,53025578,0.53025578,15530564518140000,155305645.18140000,boundary probe
S4,S4,Idealized 113/114 cap-derived geometric schedule,59430001,53025578,0.53025578,15530564571165578,155305645.71165578,boundary probe
S4,S4,Idealized 113/114 cap-derived geometric schedule,59639999,53025578,0.53025578,15541699836494422,155416998.36494422,boundary probe
S4,S4,Idealized 113/114 cap-derived geometric schedule,59640000,52560441,0.52560441,15541699889520000,155416998.89520000,boundary probe
S4,S4,Idealized 113/114 cap-derived geometric schedule,59640001,52560441,0.52560441,15541699942080441,155416999.42080441,boundary probe
S4,S4,Idealized 113/114 cap-derived geometric schedule,59849999,52560441,0.52560441,15552737529569559,155527375.29569559,boundary probe
S4,S4,Idealized 113/114 cap-derived geometric schedule,59850000,52099384,0.52099384,15552737582130000,155527375.82130000,boundary probe
S4,S4,Idealized 113/114 cap-derived geometric schedule,59850001,52099384,0.52099384,15552737634229384,155527376.34229384,boundary probe
S4,S4,Idealized 113/114 cap-derived geometric schedule,60059999,52099384,0.52099384,15563678400670616,155636784.00670616,boundary probe
S4,S4,Idealized 113/114 cap-derived geometric schedule,60060000,51642371,0.51642371,15563678452770000,155636784.52770000,boundary probe
S4,S4,Idealized 113/114 cap-derived geometric schedule,60060001,51642371,0.51642371,15563678504412371,155636785.04412371,boundary probe
S4,S4,Idealized 113/114 cap-derived geometric schedule,60269999,51642371,0.51642371,15574523299037629,155745232.99037629,boundary probe
S4,S4,Idealized 113/114 cap-derived geometric schedule,60270000,51189367,0.51189367,15574523350680000,155745233.50680000,boundary probe
S4,S4,Idealized 113/114 cap-derived geometric schedule,60270001,51189367,0.51189367,15574523401869367,155745234.01869367,boundary probe
S4,S4,Idealized 113/114 cap-derived geometric schedule,60479999,51189367,0.51189367,15585273066560633,155852730.66560633,boundary probe
S4,S4,Idealized 113/114 cap-derived geometric schedule,60480000,50740337,0.50740337,15585273117750000,155852731.17750000,boundary probe
S4,S4,Idealized 113/114 cap-derived geometric schedule,60480001,50740337,0.50740337,15585273168490337,155852731.68490337,boundary probe
S4,S4,Idealized 113/114 cap-derived geometric schedule,60689999,50740337,0.50740337,15595928537779663,155959285.37779663,boundary probe
S4,S4,Idealized 113/114 cap-derived geometric schedule,60690000,50295246,0.50295246,15595928588520000,155959285.88520000,boundary probe
S4,S4,Idealized 113/114 cap-derived geometric schedule,60690001,50295246,0.50295246,15595928638815246,155959286.38815246,boundary probe
S4,S4,Idealized 113/114 cap-derived geometric schedule,60899999,50295246,0.50295246,15606490539884754,156064905.39884754,boundary probe
S4,S4,Idealized 113/114 cap-derived geometric schedule,60900000,49854059,0.49854059,15606490590180000,156064905.90180000,boundary probe
S4,S4,Idealized 113/114 cap-derived geometric schedule,60900001,49854059,0.49854059,15606490640034059,156064906.40034059,boundary probe
S4,S4,Idealized 113/114 cap-derived geometric schedule,61109999,49854059,0.49854059,15616959892715941,156169598.92715941,boundary probe
S4,S4,Idealized 113/114 cap-derived geometric schedule,61110000,49416742,0.49416742,15616959942570000,156169599.42570000,boundary probe
S4,S4,Idealized 113/114 cap-derived geometric schedule,61110001,49416742,0.49416742,15616959991986742,156169599.91986742,boundary probe
S4,S4,Idealized 113/114 cap-derived geometric schedule,61319999,49416742,0.49416742,15627337408973258,156273374.08973258,boundary probe
S4,S4,Idealized 113/114 cap-derived geometric schedule,61320000,48983261,0.48983261,15627337458390000,156273374.58390000,boundary probe
S4,S4,Idealized 113/114 cap-derived geometric schedule,61320001,48983261,0.48983261,15627337507373261,156273375.07373261,boundary probe
S4,S4,Idealized 113/114 cap-derived geometric schedule,61529999,48983261,0.48983261,15637623894216739,156376238.94216739,boundary probe
S4,S4,Idealized 113/114 cap-derived geometric schedule,61530000,48553583,0.48553583,15637623943200000,156376239.43200000,boundary probe
S4,S4,Idealized 113/114 cap-derived geometric schedule,61530001,48553583,0.48553583,15637623991753583,156376239.91753583,boundary probe
S4,S4,Idealized 113/114 cap-derived geometric schedule,61739999,48553583,0.48553583,15647820147076417,156478201.47076417,boundary probe
S4,S4,Idealized 113/114 cap-derived geometric schedule,61740000,48127674,0.48127674,15647820195630000,156478201.95630000,boundary probe
S4,S4,Idealized 113/114 cap-derived geometric schedule,61740001,48127674,0.48127674,15647820243757674,156478202.43757674,boundary probe
S4,S4,Idealized 113/114 cap-derived geometric schedule,61949999,48127674,0.48127674,15657926959042326,156579269.59042326,boundary probe
S4,S4,Idealized 113/114 cap-derived geometric schedule,61950000,47705501,0.47705501,15657927007170000,156579270.07170000,boundary probe
S4,S4,Idealized 113/114 cap-derived geometric schedule,61950001,47705501,0.47705501,15657927054875501,156579270.54875501,boundary probe
S4,S4,Idealized 113/114 cap-derived geometric schedule,62159999,47705501,0.47705501,15667945114674499,156679451.14674499,boundary probe
S4,S4,Idealized 113/114 cap-derived geometric schedule,62160000,47287031,0.47287031,15667945162380000,156679451.62380000,boundary probe
S4,S4,Idealized 113/114 cap-derived geometric schedule,62160001,47287031,0.47287031,15667945209667031,156679452.09667031,boundary probe
S4,S4,Idealized 113/114 cap-derived geometric schedule,62369999,47287031,0.47287031,15677875391602969,156778753.91602969,boundary probe
S4,S4,Idealized 113/114 cap-derived geometric schedule,62370000,46872232,0.46872232,15677875438890000,156778754.38890000,boundary probe
S4,S4,Idealized 113/114 cap-derived geometric schedule,62370001,46872232,0.46872232,15677875485762232,156778754.85762232,boundary probe
S4,S4,Idealized 113/114 cap-derived geometric schedule,62579999,46872232,0.46872232,15687718560737768,156877185.60737768,boundary probe
S4,S4,Idealized 113/114 cap-derived geometric schedule,62580000,46461072,0.46461072,15687718607610000,156877186.07610000,boundary probe
S4,S4,Idealized 113/114 cap-derived geometric schedule,62580001,46461072,0.46461072,15687718654071072,156877186.54071072,boundary probe
S4,S4,Idealized 113/114 cap-derived geometric schedule,62789999,46461072,0.46461072,15697475386268928,156974753.86268928,boundary probe
S4,S4,Idealized 113/114 cap-derived geometric schedule,62790000,46053518,0.46053518,15697475432730000,156974754.32730000,boundary probe
S4,S4,Idealized 113/114 cap-derived geometric schedule,62790001,46053518,0.46053518,15697475478783518,156974754.78783518,boundary probe
S4,S4,Idealized 113/114 cap-derived geometric schedule,62999999,46053518,0.46053518,15707146625456482,157071466.25456482,boundary probe
S4,S4,Idealized 113/114 cap-derived geometric schedule,63000000,45649539,0.45649539,15707146671510000,157071466.71510000,boundary probe
S4,S4,Idealized 113/114 cap-derived geometric schedule,63000001,45649539,0.45649539,15707146717159539,157071467.17159539,boundary probe
S4,S4,Idealized 113/114 cap-derived geometric schedule,63209999,45649539,0.45649539,15716733029050461,157167330.29050461,boundary probe
S4,S4,Idealized 113/114 cap-derived geometric schedule,63210000,45249104,0.45249104,15716733074700000,157167330.74700000,boundary probe
S4,S4,Idealized 113/114 cap-derived geometric schedule,63210001,45249104,0.45249104,15716733119949104,157167331.19949104,boundary probe
S4,S4,Idealized 113/114 cap-derived geometric schedule,63419999,45249104,0.45249104,15726235341290896,157262353.41290896,boundary probe
S4,S4,Idealized 113/114 cap-derived geometric schedule,63420000,44852182,0.44852182,15726235386540000,157262353.86540000,boundary probe
S4,S4,Idealized 113/114 cap-derived geometric schedule,63420001,44852182,0.44852182,15726235431392182,157262354.31392182,boundary probe
S4,S4,Idealized 113/114 cap-derived geometric schedule,63629999,44852182,0.44852182,15735654299907818,157356542.99907818,boundary probe
S4,S4,Idealized 113/114 cap-derived geometric schedule,63630000,44458741,0.44458741,15735654344760000,157356543.44760000,boundary probe
S4,S4,Idealized 113/114 cap-derived geometric schedule,63630001,44458741,0.44458741,15735654389218741,157356543.89218741,boundary probe
S4,S4,Idealized 113/114 cap-derived geometric schedule,63839999,44458741,0.44458741,15744990635911259,157449906.35911259,boundary probe
S4,S4,Idealized 113/114 cap-derived geometric schedule,63840000,44068752,0.44068752,15744990680370000,157449906.80370000,boundary probe
S4,S4,Idealized 113/114 cap-derived geometric schedule,63840001,44068752,0.44068752,15744990724438752,157449907.24438752,boundary probe
S4,S4,Idealized 113/114 cap-derived geometric schedule,64049999,44068752,0.44068752,15754245074221248,157542450.74221248,boundary probe
S4,S4,Idealized 113/114 cap-derived geometric schedule,64050000,43682184,0.43682184,15754245118290000,157542451.18290000,boundary probe
S4,S4,Idealized 113/114 cap-derived geometric schedule,64050001,43682184,0.43682184,15754245161972184,157542451.61972184,boundary probe
S4,S4,Idealized 113/114 cap-derived geometric schedule,64259999,43682184,0.43682184,15763418333247816,157634183.33247816,boundary probe
S4,S4,Idealized 113/114 cap-derived geometric schedule,64260000,43299006,0.43299006,15763418376930000,157634183.76930000,boundary probe
S4,S4,Idealized 113/114 cap-derived geometric schedule,64260001,43299006,0.43299006,15763418420229006,157634184.20229006,boundary probe
S4,S4,Idealized 113/114 cap-derived geometric schedule,64469999,43299006,0.43299006,15772511124890994,157725111.24890994,boundary probe
S4,S4,Idealized 113/114 cap-derived geometric schedule,64470000,42919190,0.42919190,15772511168190000,157725111.68190000,boundary probe
S4,S4,Idealized 113/114 cap-derived geometric schedule,64470001,42919190,0.42919190,15772511211109190,157725112.11109190,boundary probe
S4,S4,Idealized 113/114 cap-derived geometric schedule,64679999,42919190,0.42919190,15781524155170810,157815241.55170810,boundary probe
S4,S4,Idealized 113/114 cap-derived geometric schedule,64680000,42542705,0.42542705,15781524198090000,157815241.98090000,boundary probe
S4,S4,Idealized 113/114 cap-derived geometric schedule,64680001,42542705,0.42542705,15781524240632705,157815242.40632705,boundary probe
S4,S4,Idealized 113/114 cap-derived geometric schedule,64889999,42542705,0.42542705,15790458123597295,157904581.23597295,boundary probe
S4,S4,Idealized 113/114 cap-derived geometric schedule,64890000,42169523,0.42169523,15790458166140000,157904581.66140000,boundary probe
S4,S4,Idealized 113/114 cap-derived geometric schedule,64890001,42169523,0.42169523,15790458208309523,157904582.08309523,boundary probe
S4,S4,Idealized 113/114 cap-derived geometric schedule,65099999,42169523,0.42169523,15799313723800477,157993137.23800477,boundary probe
S4,S4,Idealized 113/114 cap-derived geometric schedule,65100000,41799614,0.41799614,15799313765970000,157993137.65970000,boundary probe
S4,S4,Idealized 113/114 cap-derived geometric schedule,65100001,41799614,0.41799614,15799313807769614,157993138.07769614,boundary probe
S4,S4,Idealized 113/114 cap-derived geometric schedule,65309999,41799614,0.41799614,15808091643110386,158080916.43110386,boundary probe
S4,S4,Idealized 113/114 cap-derived geometric schedule,65310000,41432950,0.41432950,15808091684910000,158080916.84910000,boundary probe
S4,S4,Idealized 113/114 cap-derived geometric schedule,65310001,41432950,0.41432950,15808091726342950,158080917.26342950,boundary probe
S4,S4,Idealized 113/114 cap-derived geometric schedule,65519999,41432950,0.41432950,15816792562977050,158167925.62977050,boundary probe
S4,S4,Idealized 113/114 cap-derived geometric schedule,65520000,41069503,0.41069503,15816792604410000,158167926.04410000,boundary probe
S4,S4,Idealized 113/114 cap-derived geometric schedule,65520001,41069503,0.41069503,15816792645479503,158167926.45479503,boundary probe
S4,S4,Idealized 113/114 cap-derived geometric schedule,65729999,41069503,0.41069503,15825417158970497,158254171.58970497,boundary probe
S4,S4,Idealized 113/114 cap-derived geometric schedule,65730000,40709244,0.40709244,15825417200040000,158254172.00040000,boundary probe
S4,S4,Idealized 113/114 cap-derived geometric schedule,65730001,40709244,0.40709244,15825417240749244,158254172.40749244,boundary probe
S4,S4,Idealized 113/114 cap-derived geometric schedule,65939999,40709244,0.40709244,15833966100570756,158339661.00570756,boundary probe
S4,S4,Idealized 113/114 cap-derived geometric schedule,65940000,40352145,0.40352145,15833966141280000,158339661.41280000,boundary probe
S4,S4,Idealized 113/114 cap-derived geometric schedule,65940001,40352145,0.40352145,15833966181632145,158339661.81632145,boundary probe
S4,S4,Idealized 113/114 cap-derived geometric schedule,66149999,40352145,0.40352145,15842440051377855,158424400.51377855,boundary probe
S4,S4,Idealized 113/114 cap-derived geometric schedule,66150000,39998178,0.39998178,15842440091730000,158424400.91730000,boundary probe
S4,S4,Idealized 113/114 cap-derived geometric schedule,66150001,39998178,0.39998178,15842440131728178,158424401.31728178,boundary probe
S4,S4,Idealized 113/114 cap-derived geometric schedule,66359999,39998178,0.39998178,15850839669111822,158508396.69111822,boundary probe
S4,S4,Idealized 113/114 cap-derived geometric schedule,66360000,39647316,0.39647316,15850839709110000,158508397.09110000,boundary probe
S4,S4,Idealized 113/114 cap-derived geometric schedule,66360001,39647316,0.39647316,15850839748757316,158508397.48757316,boundary probe
S4,S4,Idealized 113/114 cap-derived geometric schedule,66569999,39647316,0.39647316,15859165605822684,158591656.05822684,boundary probe
S4,S4,Idealized 113/114 cap-derived geometric schedule,66570000,39299532,0.39299532,15859165645470000,158591656.45470000,boundary probe
S4,S4,Idealized 113/114 cap-derived geometric schedule,66570001,39299532,0.39299532,15859165684769532,158591656.84769532,boundary probe
S4,S4,Idealized 113/114 cap-derived geometric schedule,66779999,39299532,0.39299532,15867418507890468,158674185.07890468,boundary probe
S4,S4,Idealized 113/114 cap-derived geometric schedule,66780000,38954799,0.38954799,15867418547190000,158674185.47190000,boundary probe
S4,S4,Idealized 113/114 cap-derived geometric schedule,66780001,38954799,0.38954799,15867418586144799,158674185.86144799,boundary probe
S4,S4,Idealized 113/114 cap-derived geometric schedule,66989999,38954799,0.38954799,15875599016025201,158755990.16025201,boundary probe
S4,S4,Idealized 113/114 cap-derived geometric schedule,66990000,38613090,0.38613090,15875599054980000,158755990.54980000,boundary probe
S4,S4,Idealized 113/114 cap-derived geometric schedule,66990001,38613090,0.38613090,15875599093593090,158755990.93593090,boundary probe
S4,S4,Idealized 113/114 cap-derived geometric schedule,67199999,38613090,0.38613090,15883707765266910,158837077.65266910,boundary probe
S4,S4,Idealized 113/114 cap-derived geometric schedule,67200000,38274378,0.38274378,15883707803880000,158837078.03880000,boundary probe
S4,S4,Idealized 113/114 cap-derived geometric schedule,67200001,38274378,0.38274378,15883707842154378,158837078.42154378,boundary probe
S4,S4,Idealized 113/114 cap-derived geometric schedule,67409999,38274378,0.38274378,15891745384985622,158917453.84985622,boundary probe
S4,S4,Idealized 113/114 cap-derived geometric schedule,67410000,37938637,0.37938637,15891745423260000,158917454.23260000,boundary probe
S4,S4,Idealized 113/114 cap-derived geometric schedule,67410001,37938637,0.37938637,15891745461198637,158917454.61198637,boundary probe
S4,S4,Idealized 113/114 cap-derived geometric schedule,67619999,37938637,0.37938637,15899712499091363,158997124.99091363,boundary probe
S4,S4,Idealized 113/114 cap-derived geometric schedule,67620000,37605841,0.37605841,15899712537030000,158997125.37030000,boundary probe
S4,S4,Idealized 113/114 cap-derived geometric schedule,67620001,37605841,0.37605841,15899712574635841,158997125.74635841,boundary probe
S4,S4,Idealized 113/114 cap-derived geometric schedule,67829999,37605841,0.37605841,15907609726034159,159076097.26034159,boundary probe
S4,S4,Idealized 113/114 cap-derived geometric schedule,67830000,37275965,0.37275965,15907609763640000,159076097.63640000,boundary probe
S4,S4,Idealized 113/114 cap-derived geometric schedule,67830001,37275965,0.37275965,15907609800915965,159076098.00915965,boundary probe
S4,S4,Idealized 113/114 cap-derived geometric schedule,68039999,37275965,0.37275965,15915437679014035,159154376.79014035,boundary probe
S4,S4,Idealized 113/114 cap-derived geometric schedule,68040000,36948982,0.36948982,15915437716290000,159154377.16290000,boundary probe
S4,S4,Idealized 113/114 cap-derived geometric schedule,68040001,36948982,0.36948982,15915437753238982,159154377.53238982,boundary probe
S4,S4,Idealized 113/114 cap-derived geometric schedule,68249999,36948982,0.36948982,15923196965561018,159231969.65561018,boundary probe
S4,S4,Idealized 113/114 cap-derived geometric schedule,68250000,36624868,0.36624868,15923197002510000,159231970.02510000,boundary probe
S4,S4,Idealized 113/114 cap-derived geometric schedule,68250001,36624868,0.36624868,15923197039134868,159231970.39134868,boundary probe
S4,S4,Idealized 113/114 cap-derived geometric schedule,68459999,36624868,0.36624868,15930888188165132,159308881.88165132,boundary probe
S4,S4,Idealized 113/114 cap-derived geometric schedule,68460000,36303597,0.36303597,15930888224790000,159308882.24790000,boundary probe
S4,S4,Idealized 113/114 cap-derived geometric schedule,68460001,36303597,0.36303597,15930888261093597,159308882.61093597,boundary probe
S4,S4,Idealized 113/114 cap-derived geometric schedule,68669999,36303597,0.36303597,15938511943856403,159385119.43856403,boundary probe
S4,S4,Idealized 113/114 cap-derived geometric schedule,68670000,35985144,0.35985144,15938511980160000,159385119.80160000,boundary probe
S4,S4,Idealized 113/114 cap-derived geometric schedule,68670001,35985144,0.35985144,15938512016145144,159385120.16145144,boundary probe
S4,S4,Idealized 113/114 cap-derived geometric schedule,68879999,35985144,0.35985144,15946068824414856,159460688.24414856,boundary probe
S4,S4,Idealized 113/114 cap-derived geometric schedule,68880000,35669484,0.35669484,15946068860400000,159460688.60400000,boundary probe
S4,S4,Idealized 113/114 cap-derived geometric schedule,68880001,35669484,0.35669484,15946068896069484,159460688.96069484,boundary probe
S4,S4,Idealized 113/114 cap-derived geometric schedule,69089999,35669484,0.35669484,15953559416370516,159535594.16370516,boundary probe
S4,S4,Idealized 113/114 cap-derived geometric schedule,69090000,35356593,0.35356593,15953559452040000,159535594.52040000,boundary probe
S4,S4,Idealized 113/114 cap-derived geometric schedule,69090001,35356593,0.35356593,15953559487396593,159535594.87396593,boundary probe
S4,S4,Idealized 113/114 cap-derived geometric schedule,69299999,35356593,0.35356593,15960984301213407,159609843.01213407,boundary probe
S4,S4,Idealized 113/114 cap-derived geometric schedule,69300000,35046447,0.35046447,15960984336570000,159609843.36570000,boundary probe
S4,S4,Idealized 113/114 cap-derived geometric schedule,69300001,35046447,0.35046447,15960984371616447,159609843.71616447,boundary probe
S4,S4,Idealized 113/114 cap-derived geometric schedule,69509999,35046447,0.35046447,15968344055393553,159683440.55393553,boundary probe
S4,S4,Idealized 113/114 cap-derived geometric schedule,69510000,34739022,0.34739022,15968344090440000,159683440.90440000,boundary probe
S4,S4,Idealized 113/114 cap-derived geometric schedule,69510001,34739022,0.34739022,15968344125179022,159683441.25179022,boundary probe
S4,S4,Idealized 113/114 cap-derived geometric schedule,69719999,34739022,0.34739022,15975639250320978,159756392.50320978,boundary probe
S4,S4,Idealized 113/114 cap-derived geometric schedule,69720000,34434293,0.34434293,15975639285060000,159756392.85060000,boundary probe
S4,S4,Idealized 113/114 cap-derived geometric schedule,69720001,34434293,0.34434293,15975639319494293,159756393.19494293,boundary probe
S4,S4,Idealized 113/114 cap-derived geometric schedule,69929999,34434293,0.34434293,15982870452155707,159828704.52155707,boundary probe
S4,S4,Idealized 113/114 cap-derived geometric schedule,69930000,34132237,0.34132237,15982870486590000,159828704.86590000,boundary probe
S4,S4,Idealized 113/114 cap-derived geometric schedule,69930001,34132237,0.34132237,15982870520722237,159828705.20722237,boundary probe
S4,S4,Idealized 113/114 cap-derived geometric schedule,70139999,34132237,0.34132237,15990038222227763,159900382.22227763,boundary probe
S4,S4,Idealized 113/114 cap-derived geometric schedule,70140000,33832831,0.33832831,15990038256360000,159900382.56360000,boundary probe
S4,S4,Idealized 113/114 cap-derived geometric schedule,70140001,33832831,0.33832831,15990038290192831,159900382.90192831,boundary probe
S4,S4,Idealized 113/114 cap-derived geometric schedule,70349999,33832831,0.33832831,15997143117037169,159971431.17037169,boundary probe
S4,S4,Idealized 113/114 cap-derived geometric schedule,70350000,33536051,0.33536051,15997143150870000,159971431.50870000,boundary probe
S4,S4,Idealized 113/114 cap-derived geometric schedule,70350001,33536051,0.33536051,15997143184406051,159971431.84406051,boundary probe
S4,S4,Idealized 113/114 cap-derived geometric schedule,70559999,33536051,0.33536051,16004185688043949,160041856.88043949,boundary probe
S4,S4,Idealized 113/114 cap-derived geometric schedule,70560000,33241875,0.33241875,16004185721580000,160041857.21580000,boundary probe
S4,S4,Idealized 113/114 cap-derived geometric schedule,70560001,33241875,0.33241875,16004185754821875,160041857.54821875,boundary probe
S4,S4,Idealized 113/114 cap-derived geometric schedule,70769999,33241875,0.33241875,16011166482088125,160111664.82088125,boundary probe
S4,S4,Idealized 113/114 cap-derived geometric schedule,70770000,32950279,0.32950279,16011166515330000,160111665.15330000,boundary probe
S4,S4,Idealized 113/114 cap-derived geometric schedule,70770001,32950279,0.32950279,16011166548280279,160111665.48280279,boundary probe
S4,S4,Idealized 113/114 cap-derived geometric schedule,70979999,32950279,0.32950279,16018086040969721,160180860.40969721,boundary probe
S4,S4,Idealized 113/114 cap-derived geometric schedule,70980000,32661241,0.32661241,16018086073920000,160180860.73920000,boundary probe
S4,S4,Idealized 113/114 cap-derived geometric schedule,70980001,32661241,0.32661241,16018086106581241,160180861.06581241,boundary probe
S4,S4,Idealized 113/114 cap-derived geometric schedule,71189999,32661241,0.32661241,16024944901868759,160249449.01868759,boundary probe
S4,S4,Idealized 113/114 cap-derived geometric schedule,71190000,32374738,0.32374738,16024944934530000,160249449.34530000,boundary probe
S4,S4,Idealized 113/114 cap-derived geometric schedule,71190001,32374738,0.32374738,16024944966904738,160249449.66904738,boundary probe
S4,S4,Idealized 113/114 cap-derived geometric schedule,71399999,32374738,0.32374738,16031743597135262,160317435.97135262,boundary probe
S4,S4,Idealized 113/114 cap-derived geometric schedule,71400000,32090749,0.32090749,16031743629510000,160317436.29510000,boundary probe
S4,S4,Idealized 113/114 cap-derived geometric schedule,71400001,32090749,0.32090749,16031743661600749,160317436.61600749,boundary probe
S4,S4,Idealized 113/114 cap-derived geometric schedule,71609999,32090749,0.32090749,16038482654709251,160384826.54709251,boundary probe
S4,S4,Idealized 113/114 cap-derived geometric schedule,71610000,31809251,0.31809251,16038482686800000,160384826.86800000,boundary probe
S4,S4,Idealized 113/114 cap-derived geometric schedule,71610001,31809251,0.31809251,16038482718609251,160384827.18609251,boundary probe
S4,S4,Idealized 113/114 cap-derived geometric schedule,71819999,31809251,0.31809251,16045162597700749,160451625.97700749,boundary probe
S4,S4,Idealized 113/114 cap-derived geometric schedule,71820000,31530222,0.31530222,16045162629510000,160451626.29510000,boundary probe
S4,S4,Idealized 113/114 cap-derived geometric schedule,71820001,31530222,0.31530222,16045162661040222,160451626.61040222,boundary probe
S4,S4,Idealized 113/114 cap-derived geometric schedule,72029999,31530222,0.31530222,16051783944599778,160517839.44599778,boundary probe
S4,S4,Idealized 113/114 cap-derived geometric schedule,72030000,31253641,0.31253641,16051783976130000,160517839.76130000,boundary probe
S4,S4,Idealized 113/114 cap-derived geometric schedule,72030001,31253641,0.31253641,16051784007383641,160517840.07383641,boundary probe
S4,S4,Idealized 113/114 cap-derived geometric schedule,72239999,31253641,0.31253641,16058347209486359,160583472.09486359,boundary probe
S4,S4,Idealized 113/114 cap-derived geometric schedule,72240000,30979486,0.30979486,16058347240740000,160583472.40740000,boundary probe
S4,S4,Idealized 113/114 cap-derived geometric schedule,72240001,30979486,0.30979486,16058347271719486,160583472.71719486,boundary probe
S4,S4,Idealized 113/114 cap-derived geometric schedule,72449999,30979486,0.30979486,16064852901820514,160648529.01820514,boundary probe
S4,S4,Idealized 113/114 cap-derived geometric schedule,72450000,30707736,0.30707736,16064852932800000,160648529.32800000,boundary probe
S4,S4,Idealized 113/114 cap-derived geometric schedule,72450001,30707736,0.30707736,16064852963507736,160648529.63507736,boundary probe
S4,S4,Idealized 113/114 cap-derived geometric schedule,72659999,30707736,0.30707736,16071301526652264,160713015.26652264,boundary probe
S4,S4,Idealized 113/114 cap-derived geometric schedule,72660000,30438369,0.30438369,16071301557360000,160713015.57360000,boundary probe
S4,S4,Idealized 113/114 cap-derived geometric schedule,72660001,30438369,0.30438369,16071301587798369,160713015.87798369,boundary probe
S4,S4,Idealized 113/114 cap-derived geometric schedule,72869999,30438369,0.30438369,16077693584411631,160776935.84411631,boundary probe
S4,S4,Idealized 113/114 cap-derived geometric schedule,72870000,30171365,0.30171365,16077693614850000,160776936.14850000,boundary probe
S4,S4,Idealized 113/114 cap-derived geometric schedule,72870001,30171365,0.30171365,16077693645021365,160776936.45021365,boundary probe
S4,S4,Idealized 113/114 cap-derived geometric schedule,73079999,30171365,0.30171365,16084029571328635,160840295.71328635,boundary probe
S4,S4,Idealized 113/114 cap-derived geometric schedule,73080000,29906703,0.29906703,16084029601500000,160840296.01500000,boundary probe
S4,S4,Idealized 113/114 cap-derived geometric schedule,73080001,29906703,0.29906703,16084029631406703,160840296.31406703,boundary probe
S4,S4,Idealized 113/114 cap-derived geometric schedule,73289999,29906703,0.29906703,16090309979223297,160903099.79223297,boundary probe
S4,S4,Idealized 113/114 cap-derived geometric schedule,73290000,29644363,0.29644363,16090310009130000,160903100.09130000,boundary probe
S4,S4,Idealized 113/114 cap-derived geometric schedule,73290001,29644363,0.29644363,16090310038774363,160903100.38774363,boundary probe
S4,S4,Idealized 113/114 cap-derived geometric schedule,73499999,29644363,0.29644363,16096535295715637,160965352.95715637,boundary probe
S4,S4,Idealized 113/114 cap-derived geometric schedule,73500000,29384324,0.29384324,16096535325360000,160965353.25360000,boundary probe
S4,S4,Idealized 113/114 cap-derived geometric schedule,73500001,29384324,0.29384324,16096535354744324,160965353.54744324,boundary probe
S4,S4,Idealized 113/114 cap-derived geometric schedule,73709999,29384324,0.29384324,16102706004015676,161027060.04015676,boundary probe
S4,S4,Idealized 113/114 cap-derived geometric schedule,73710000,29126566,0.29126566,16102706033400000,161027060.33400000,boundary probe
S4,S4,Idealized 113/114 cap-derived geometric schedule,73710001,29126566,0.29126566,16102706062526566,161027060.62526566,boundary probe
S4,S4,Idealized 113/114 cap-derived geometric schedule,73919999,29126566,0.29126566,16108822583133434,161088225.83133434,boundary probe
S4,S4,Idealized 113/114 cap-derived geometric schedule,73920000,28871069,0.28871069,16108822612260000,161088226.12260000,boundary probe
S4,S4,Idealized 113/114 cap-derived geometric schedule,73920001,28871069,0.28871069,16108822641131069,161088226.41131069,boundary probe
S4,S4,Idealized 113/114 cap-derived geometric schedule,74129999,28871069,0.28871069,16114885507878931,161148855.07878931,boundary probe
S4,S4,Idealized 113/114 cap-derived geometric schedule,74130000,28617814,0.28617814,16114885536750000,161148855.36750000,boundary probe
S4,S4,Idealized 113/114 cap-derived geometric schedule,74130001,28617814,0.28617814,16114885565367814,161148855.65367814,boundary probe
S4,S4,Idealized 113/114 cap-derived geometric schedule,74339999,28617814,0.28617814,16120895249072186,161208952.49072186,boundary probe
S4,S4,Idealized 113/114 cap-derived geometric schedule,74340000,28366780,0.28366780,16120895277690000,161208952.77690000,boundary probe
S4,S4,Idealized 113/114 cap-derived geometric schedule,74340001,28366780,0.28366780,16120895306056780,161208953.06056780,boundary probe
S4,S4,Idealized 113/114 cap-derived geometric schedule,74549999,28366780,0.28366780,16126852273123220,161268522.73123220,boundary probe
S4,S4,Idealized 113/114 cap-derived geometric schedule,74550000,28117948,0.28117948,16126852301490000,161268523.01490000,boundary probe
S4,S4,Idealized 113/114 cap-derived geometric schedule,74550001,28117948,0.28117948,16126852329607948,161268523.29607948,boundary probe
S4,S4,Idealized 113/114 cap-derived geometric schedule,74759999,28117948,0.28117948,16132757042452052,161327570.42452052,boundary probe
S4,S4,Idealized 113/114 cap-derived geometric schedule,74760000,27871299,0.27871299,16132757070570000,161327570.70570000,boundary probe
S4,S4,Idealized 113/114 cap-derived geometric schedule,74760001,27871299,0.27871299,16132757098441299,161327570.98441299,boundary probe
S4,S4,Idealized 113/114 cap-derived geometric schedule,74969999,27871299,0.27871299,16138610015488701,161386100.15488701,boundary probe
S4,S4,Idealized 113/114 cap-derived geometric schedule,74970000,27626813,0.27626813,16138610043360000,161386100.43360000,boundary probe
S4,S4,Idealized 113/114 cap-derived geometric schedule,74970001,27626813,0.27626813,16138610070986813,161386100.70986813,boundary probe
S4,S4,Idealized 113/114 cap-derived geometric schedule,75179999,27626813,0.27626813,16144411646463187,161444116.46463187,boundary probe
S4,S4,Idealized 113/114 cap-derived geometric schedule,75180000,27384472,0.27384472,16144411674090000,161444116.74090000,boundary probe
S4,S4,Idealized 113/114 cap-derived geometric schedule,75180001,27384472,0.27384472,16144411701474472,161444117.01474472,boundary probe
S4,S4,Idealized 113/114 cap-derived geometric schedule,75389999,27384472,0.27384472,16150162385825528,161501623.85825528,boundary probe
S4,S4,Idealized 113/114 cap-derived geometric schedule,75390000,27144257,0.27144257,16150162413210000,161501624.13210000,boundary probe
S4,S4,Idealized 113/114 cap-derived geometric schedule,75390001,27144257,0.27144257,16150162440354257,161501624.40354257,boundary probe
S4,S4,Idealized 113/114 cap-derived geometric schedule,75599999,27144257,0.27144257,16155862680035743,161558626.80035743,boundary probe
S4,S4,Idealized 113/114 cap-derived geometric schedule,75600000,26906149,0.26906149,16155862707180000,161558627.07180000,boundary probe
S4,S4,Idealized 113/114 cap-derived geometric schedule,75600001,26906149,0.26906149,16155862734086149,161558627.34086149,boundary probe
S4,S4,Idealized 113/114 cap-derived geometric schedule,75809999,26906149,0.26906149,16161512971563851,161615129.71563851,boundary probe
S4,S4,Idealized 113/114 cap-derived geometric schedule,75810000,26670130,0.26670130,16161512998470000,161615129.98470000,boundary probe
S4,S4,Idealized 113/114 cap-derived geometric schedule,75810001,26670130,0.26670130,16161513025140130,161615130.25140130,boundary probe
S4,S4,Idealized 113/114 cap-derived geometric schedule,76019999,26670130,0.26670130,16167113699099870,161671136.99099870,boundary probe
S4,S4,Idealized 113/114 cap-derived geometric schedule,76020000,26436181,0.26436181,16167113725770000,161671137.25770000,boundary probe
S4,S4,Idealized 113/114 cap-derived geometric schedule,76020001,26436181,0.26436181,16167113752206181,161671137.52206181,boundary probe
S4,S4,Idealized 113/114 cap-derived geometric schedule,76229999,26436181,0.26436181,16172665297343819,161726652.97343819,boundary probe
S4,S4,Idealized 113/114 cap-derived geometric schedule,76230000,26204284,0.26204284,16172665323780000,161726653.23780000,boundary probe
S4,S4,Idealized 113/114 cap-derived geometric schedule,76230001,26204284,0.26204284,16172665349984284,161726653.49984284,boundary probe
S4,S4,Idealized 113/114 cap-derived geometric schedule,76439999,26204284,0.26204284,16178168197215716,161781681.97215716,boundary probe
S4,S4,Idealized 113/114 cap-derived geometric schedule,76440000,25974421,0.25974421,16178168223420000,161781682.23420000,boundary probe
S4,S4,Idealized 113/114 cap-derived geometric schedule,76440001,25974421,0.25974421,16178168249394421,161781682.49394421,boundary probe
S4,S4,Idealized 113/114 cap-derived geometric schedule,76649999,25974421,0.25974421,16183622825855579,161836228.25855579,boundary probe
S4,S4,Idealized 113/114 cap-derived geometric schedule,76650000,25746575,0.25746575,16183622851830000,161836228.51830000,boundary probe
S4,S4,Idealized 113/114 cap-derived geometric schedule,76650001,25746575,0.25746575,16183622877576575,161836228.77576575,boundary probe
S4,S4,Idealized 113/114 cap-derived geometric schedule,76859999,25746575,0.25746575,16189029606833425,161890296.06833425,boundary probe
S4,S4,Idealized 113/114 cap-derived geometric schedule,76860000,25520727,0.25520727,16189029632580000,161890296.32580000,boundary probe
S4,S4,Idealized 113/114 cap-derived geometric schedule,76860001,25520727,0.25520727,16189029658100727,161890296.58100727,boundary probe
S4,S4,Idealized 113/114 cap-derived geometric schedule,77069999,25520727,0.25520727,16194388959729273,161943889.59729273,boundary probe
S4,S4,Idealized 113/114 cap-derived geometric schedule,77070000,25296860,0.25296860,16194388985250000,161943889.85250000,boundary probe
S4,S4,Idealized 113/114 cap-derived geometric schedule,77070001,25296860,0.25296860,16194389010546860,161943890.10546860,boundary probe
S4,S4,Idealized 113/114 cap-derived geometric schedule,77279999,25296860,0.25296860,16199701300553140,161997013.00553140,boundary probe
S4,S4,Idealized 113/114 cap-derived geometric schedule,77280000,25074957,0.25074957,16199701325850000,161997013.25850000,boundary probe
S4,S4,Idealized 113/114 cap-derived geometric schedule,77280001,25074957,0.25074957,16199701350924957,161997013.50924957,boundary probe
S4,S4,Idealized 113/114 cap-derived geometric schedule,77489999,25074957,0.25074957,16204967041745043,162049670.41745043,boundary probe
S4,S4,Idealized 113/114 cap-derived geometric schedule,77490000,24855001,0.24855001,16204967066820000,162049670.66820000,boundary probe
S4,S4,Idealized 113/114 cap-derived geometric schedule,77490001,24855001,0.24855001,16204967091675001,162049670.91675001,boundary probe
S4,S4,Idealized 113/114 cap-derived geometric schedule,77699999,24855001,0.24855001,16210186592174999,162101865.92174999,boundary probe
S4,S4,Idealized 113/114 cap-derived geometric schedule,77700000,24636974,0.24636974,16210186617030000,162101866.17030000,boundary probe
S4,S4,Idealized 113/114 cap-derived geometric schedule,77700001,24636974,0.24636974,16210186641666974,162101866.41666974,boundary probe
S4,S4,Idealized 113/114 cap-derived geometric schedule,77909999,24636974,0.24636974,16215360356933026,162153603.56933026,boundary probe
S4,S4,Idealized 113/114 cap-derived geometric schedule,77910000,24420860,0.24420860,16215360381570000,162153603.81570000,boundary probe
S4,S4,Idealized 113/114 cap-derived geometric schedule,77910001,24420860,0.24420860,16215360405990860,162153604.05990860,boundary probe
S4,S4,Idealized 113/114 cap-derived geometric schedule,78119999,24420860,0.24420860,16220488737749140,162204887.37749140,boundary probe
S4,S4,Idealized 113/114 cap-derived geometric schedule,78120000,24206641,0.24206641,16220488762170000,162204887.62170000,boundary probe
S4,S4,Idealized 113/114 cap-derived geometric schedule,78120001,24206641,0.24206641,16220488786376641,162204887.86376641,boundary probe
S4,S4,Idealized 113/114 cap-derived geometric schedule,78329999,24206641,0.24206641,16225572132573359,162255721.32573359,boundary probe
S4,S4,Idealized 113/114 cap-derived geometric schedule,78330000,23994302,0.23994302,16225572156780000,162255721.56780000,boundary probe
S4,S4,Idealized 113/114 cap-derived geometric schedule,78330001,23994302,0.23994302,16225572180774302,162255721.80774302,boundary probe
S4,S4,Idealized 113/114 cap-derived geometric schedule,78539999,23994302,0.23994302,16230610936205698,162306109.36205698,boundary probe
S4,S4,Idealized 113/114 cap-derived geometric schedule,78540000,23783825,0.23783825,16230610960200000,162306109.60200000,boundary probe
S4,S4,Idealized 113/114 cap-derived geometric schedule,78540001,23783825,0.23783825,16230610983983825,162306109.83983825,boundary probe
S4,S4,Idealized 113/114 cap-derived geometric schedule,78749999,23783825,0.23783825,16235605539666175,162356055.39666175,boundary probe
S4,S4,Idealized 113/114 cap-derived geometric schedule,78750000,23575194,0.23575194,16235605563450000,162356055.63450000,boundary probe
S4,S4,Idealized 113/114 cap-derived geometric schedule,78750001,23575194,0.23575194,16235605587025194,162356055.87025194,boundary probe
S4,S4,Idealized 113/114 cap-derived geometric schedule,78959999,23575194,0.23575194,16240556330614806,162405563.30614806,boundary probe
S4,S4,Idealized 113/114 cap-derived geometric schedule,78960000,23368394,0.23368394,16240556354190000,162405563.54190000,boundary probe
S4,S4,Idealized 113/114 cap-derived geometric schedule,78960001,23368394,0.23368394,16240556377558394,162405563.77558394,boundary probe
S4,S4,Idealized 113/114 cap-derived geometric schedule,79169999,23368394,0.23368394,16245463693561606,162454636.93561606,boundary probe
S4,S4,Idealized 113/114 cap-derived geometric schedule,79170000,23163408,0.23163408,16245463716930000,162454637.16930000,boundary probe
S4,S4,Idealized 113/114 cap-derived geometric schedule,79170001,23163408,0.23163408,16245463740093408,162454637.40093408,boundary probe
S4,S4,Idealized 113/114 cap-derived geometric schedule,79379999,23163408,0.23163408,16250328009446592,162503280.09446592,boundary probe
S4,S4,Idealized 113/114 cap-derived geometric schedule,79380000,22960220,0.22960220,16250328032610000,162503280.32610000,boundary probe
S4,S4,Idealized 113/114 cap-derived geometric schedule,79380001,22960220,0.22960220,16250328055570220,162503280.55570220,boundary probe
S4,S4,Idealized 113/114 cap-derived geometric schedule,79589999,22960220,0.22960220,16255149655849780,162551496.55849780,boundary probe
S4,S4,Idealized 113/114 cap-derived geometric schedule,79590000,22758814,0.22758814,16255149678810000,162551496.78810000,boundary probe
S4,S4,Idealized 113/114 cap-derived geometric schedule,79590001,22758814,0.22758814,16255149701568814,162551497.01568814,boundary probe
S4,S4,Idealized 113/114 cap-derived geometric schedule,79799999,22758814,0.22758814,16259929006991186,162599290.06991186,boundary probe
S4,S4,Idealized 113/114 cap-derived geometric schedule,79800000,22559175,0.22559175,16259929029750000,162599290.29750000,boundary probe
S4,S4,Idealized 113/114 cap-derived geometric schedule,79800001,22559175,0.22559175,16259929052309175,162599290.52309175,boundary probe
S4,S4,Idealized 113/114 cap-derived geometric schedule,80009999,22559175,0.22559175,16264666433940825,162646664.33940825,boundary probe
S4,S4,Idealized 113/114 cap-derived geometric schedule,80010000,22361287,0.22361287,16264666456500000,162646664.56500000,boundary probe
S4,S4,Idealized 113/114 cap-derived geometric schedule,80010001,22361287,0.22361287,16264666478861287,162646664.78861287,boundary probe
S4,S4,Idealized 113/114 cap-derived geometric schedule,80219999,22361287,0.22361287,16269362304408713,162693623.04408713,boundary probe
S4,S4,Idealized 113/114 cap-derived geometric schedule,80220000,22165135,0.22165135,16269362326770000,162693623.26770000,boundary probe
S4,S4,Idealized 113/114 cap-derived geometric schedule,80220001,22165135,0.22165135,16269362348935135,162693623.48935135,boundary probe
S4,S4,Idealized 113/114 cap-derived geometric schedule,80429999,22165135,0.22165135,16274016982954865,162740169.82954865,boundary probe
S4,S4,Idealized 113/114 cap-derived geometric schedule,80430000,21970703,0.21970703,16274017005120000,162740170.05120000,boundary probe
S4,S4,Idealized 113/114 cap-derived geometric schedule,80430001,21970703,0.21970703,16274017027090703,162740170.27090703,boundary probe
S4,S4,Idealized 113/114 cap-derived geometric schedule,80639999,21970703,0.21970703,16278630830779297,162786308.30779297,boundary probe
S4,S4,Idealized 113/114 cap-derived geometric schedule,80640000,21777977,0.21777977,16278630852750000,162786308.52750000,boundary probe
S4,S4,Idealized 113/114 cap-derived geometric schedule,80640001,21777977,0.21777977,16278630874527977,162786308.74527977,boundary probe
S4,S4,Idealized 113/114 cap-derived geometric schedule,80849999,21777977,0.21777977,16283204206142023,162832042.06142023,boundary probe
S4,S4,Idealized 113/114 cap-derived geometric schedule,80850000,21586942,0.21586942,16283204227920000,162832042.27920000,boundary probe
S4,S4,Idealized 113/114 cap-derived geometric schedule,80850001,21586942,0.21586942,16283204249506942,162832042.49506942,boundary probe
S4,S4,Idealized 113/114 cap-derived geometric schedule,81059999,21586942,0.21586942,16287737464153058,162877374.64153058,boundary probe
S4,S4,Idealized 113/114 cap-derived geometric schedule,81060000,21397582,0.21397582,16287737485740000,162877374.85740000,boundary probe
S4,S4,Idealized 113/114 cap-derived geometric schedule,81060001,21397582,0.21397582,16287737507137582,162877375.07137582,boundary probe
S4,S4,Idealized 113/114 cap-derived geometric schedule,81269999,21397582,0.21397582,16292230956562418,162922309.56562418,boundary probe
S4,S4,Idealized 113/114 cap-derived geometric schedule,81270000,21209883,0.21209883,16292230977960000,162922309.77960000,boundary probe
S4,S4,Idealized 113/114 cap-derived geometric schedule,81270001,21209883,0.21209883,16292230999169883,162922309.99169883,boundary probe
S4,S4,Idealized 113/114 cap-derived geometric schedule,81479999,21209883,0.21209883,16296685032180117,162966850.32180117,boundary probe
S4,S4,Idealized 113/114 cap-derived geometric schedule,81480000,21023831,0.21023831,16296685053390000,162966850.53390000,boundary probe
S4,S4,Idealized 113/114 cap-derived geometric schedule,81480001,21023831,0.21023831,16296685074413831,162966850.74413831,boundary probe
S4,S4,Idealized 113/114 cap-derived geometric schedule,81689999,21023831,0.21023831,16301100036876169,163011000.36876169,boundary probe
S4,S4,Idealized 113/114 cap-derived geometric schedule,81690000,20839411,0.20839411,16301100057900000,163011000.57900000,boundary probe
S4,S4,Idealized 113/114 cap-derived geometric schedule,81690001,20839411,0.20839411,16301100078739411,163011000.78739411,boundary probe
S4,S4,Idealized 113/114 cap-derived geometric schedule,81899999,20839411,0.20839411,16305476313370589,163054763.13370589,boundary probe
S4,S4,Idealized 113/114 cap-derived geometric schedule,81900000,20656609,0.20656609,16305476334210000,163054763.34210000,boundary probe
S4,S4,Idealized 113/114 cap-derived geometric schedule,81900001,20656609,0.20656609,16305476354866609,163054763.54866609,boundary probe
S4,S4,Idealized 113/114 cap-derived geometric schedule,82109999,20656609,0.20656609,16309814201443391,163098142.01443391,boundary probe
S4,S4,Idealized 113/114 cap-derived geometric schedule,82110000,20475410,0.20475410,16309814222100000,163098142.22100000,boundary probe
S4,S4,Idealized 113/114 cap-derived geometric schedule,82110001,20475410,0.20475410,16309814242575410,163098142.42575410,boundary probe
S4,S4,Idealized 113/114 cap-derived geometric schedule,82319999,20475410,0.20475410,16314114037724590,163141140.37724590,boundary probe
S4,S4,Idealized 113/114 cap-derived geometric schedule,82320000,20295801,0.20295801,16314114058200000,163141140.58200000,boundary probe
S4,S4,Idealized 113/114 cap-derived geometric schedule,82320001,20295801,0.20295801,16314114078495801,163141140.78495801,boundary probe
S4,S4,Idealized 113/114 cap-derived geometric schedule,82529999,20295801,0.20295801,16318376156114199,163183761.56114199,boundary probe
S4,S4,Idealized 113/114 cap-derived geometric schedule,82530000,20117767,0.20117767,16318376176410000,163183761.76410000,boundary probe
S4,S4,Idealized 113/114 cap-derived geometric schedule,82530001,20117767,0.20117767,16318376196527767,163183761.96527767,boundary probe
S4,S4,Idealized 113/114 cap-derived geometric schedule,82739999,20117767,0.20117767,16322600887362233,163226008.87362233,boundary probe
S4,S4,Idealized 113/114 cap-derived geometric schedule,82740000,19941295,0.19941295,16322600907480000,163226009.07480000,boundary probe
S4,S4,Idealized 113/114 cap-derived geometric schedule,82740001,19941295,0.19941295,16322600927421295,163226009.27421295,boundary probe
S4,S4,Idealized 113/114 cap-derived geometric schedule,82949999,19941295,0.19941295,16326788559488705,163267885.59488705,boundary probe
S4,S4,Idealized 113/114 cap-derived geometric schedule,82950000,19766371,0.19766371,16326788579430000,163267885.79430000,boundary probe
S4,S4,Idealized 113/114 cap-derived geometric schedule,82950001,19766371,0.19766371,16326788599196371,163267885.99196371,boundary probe
S4,S4,Idealized 113/114 cap-derived geometric schedule,83159999,19766371,0.19766371,16330939497573629,163309394.97573629,boundary probe
S4,S4,Idealized 113/114 cap-derived geometric schedule,83160000,19592981,0.19592981,16330939517340000,163309395.17340000,boundary probe
S4,S4,Idealized 113/114 cap-derived geometric schedule,83160001,19592981,0.19592981,16330939536932981,163309395.36932981,boundary probe
S4,S4,Idealized 113/114 cap-derived geometric schedule,83369999,19592981,0.19592981,16335054023757019,163350540.23757019,boundary probe
S4,S4,Idealized 113/114 cap-derived geometric schedule,83370000,19421112,0.19421112,16335054043350000,163350540.43350000,boundary probe
S4,S4,Idealized 113/114 cap-derived geometric schedule,83370001,19421112,0.19421112,16335054062771112,163350540.62771112,boundary probe
S4,S4,Idealized 113/114 cap-derived geometric schedule,83579999,19421112,0.19421112,16339132457448888,163391324.57448888,boundary probe
S4,S4,Idealized 113/114 cap-derived geometric schedule,83580000,19250751,0.19250751,16339132476870000,163391324.76870000,boundary probe
S4,S4,Idealized 113/114 cap-derived geometric schedule,83580001,19250751,0.19250751,16339132496120751,163391324.96120751,boundary probe
S4,S4,Idealized 113/114 cap-derived geometric schedule,83789999,19250751,0.19250751,16343175115329249,163431751.15329249,boundary probe
S4,S4,Idealized 113/114 cap-derived geometric schedule,83790000,19081884,0.19081884,16343175134580000,163431751.34580000,boundary probe
S4,S4,Idealized 113/114 cap-derived geometric schedule,83790001,19081884,0.19081884,16343175153661884,163431751.53661884,boundary probe
S4,S4,Idealized 113/114 cap-derived geometric schedule,83999999,19081884,0.19081884,16347182311138116,163471823.11138116,boundary probe
S4,S4,Idealized 113/114 cap-derived geometric schedule,84000000,18914499,0.18914499,16347182330220000,163471823.30220000,boundary probe
S4,S4,Idealized 113/114 cap-derived geometric schedule,84000001,18914499,0.18914499,16347182349134499,163471823.49134499,boundary probe
S4,S4,Idealized 113/114 cap-derived geometric schedule,84209999,18914499,0.18914499,16351154356095501,163511543.56095501,boundary probe
S4,S4,Idealized 113/114 cap-derived geometric schedule,84210000,18748582,0.18748582,16351154375010000,163511543.75010000,boundary probe
S4,S4,Idealized 113/114 cap-derived geometric schedule,84210001,18748582,0.18748582,16351154393758582,163511543.93758582,boundary probe
S4,S4,Idealized 113/114 cap-derived geometric schedule,84419999,18748582,0.18748582,16355091558481418,163550915.58481418,boundary probe
S4,S4,Idealized 113/114 cap-derived geometric schedule,84420000,18584120,0.18584120,16355091577230000,163550915.77230000,boundary probe
S4,S4,Idealized 113/114 cap-derived geometric schedule,84420001,18584120,0.18584120,16355091595814120,163550915.95814120,boundary probe
S4,S4,Idealized 113/114 cap-derived geometric schedule,84629999,18584120,0.18584120,16358994223845880,163589942.23845880,boundary probe
S4,S4,Idealized 113/114 cap-derived geometric schedule,84630000,18421101,0.18421101,16358994242430000,163589942.42430000,boundary probe
S4,S4,Idealized 113/114 cap-derived geometric schedule,84630001,18421101,0.18421101,16358994260851101,163589942.60851101,boundary probe
S4,S4,Idealized 113/114 cap-derived geometric schedule,84839999,18421101,0.18421101,16362862655218899,163628626.55218899,boundary probe
S4,S4,Idealized 113/114 cap-derived geometric schedule,84840000,18259512,0.18259512,16362862673640000,163628626.73640000,boundary probe
S4,S4,Idealized 113/114 cap-derived geometric schedule,84840001,18259512,0.18259512,16362862691899512,163628626.91899512,boundary probe
S4,S4,Idealized 113/114 cap-derived geometric schedule,85049999,18259512,0.18259512,16366697152900488,163666971.52900488,boundary probe
S4,S4,Idealized 113/114 cap-derived geometric schedule,85050000,18099340,0.18099340,16366697171160000,163666971.71160000,boundary probe
S4,S4,Idealized 113/114 cap-derived geometric schedule,85050001,18099340,0.18099340,16366697189259340,163666971.89259340,boundary probe
S4,S4,Idealized 113/114 cap-derived geometric schedule,85259999,18099340,0.18099340,16370498014460660,163704980.14460660,boundary probe
S4,S4,Idealized 113/114 cap-derived geometric schedule,85260000,17940573,0.17940573,16370498032560000,163704980.32560000,boundary probe
S4,S4,Idealized 113/114 cap-derived geometric schedule,85260001,17940573,0.17940573,16370498050500573,163704980.50500573,boundary probe
S4,S4,Idealized 113/114 cap-derived geometric schedule,85469999,17940573,0.17940573,16374265534949427,163742655.34949427,boundary probe
S4,S4,Idealized 113/114 cap-derived geometric schedule,85470000,17783199,0.17783199,16374265552890000,163742655.52890000,boundary probe
S4,S4,Idealized 113/114 cap-derived geometric schedule,85470001,17783199,0.17783199,16374265570673199,163742655.70673199,boundary probe
S4,S4,Idealized 113/114 cap-derived geometric schedule,85679999,17783199,0.17783199,16378000006896801,163780000.06896801,boundary probe
S4,S4,Idealized 113/114 cap-derived geometric schedule,85680000,17627206,0.17627206,16378000024680000,163780000.24680000,boundary probe
S4,S4,Idealized 113/114 cap-derived geometric schedule,85680001,17627206,0.17627206,16378000042307206,163780000.42307206,boundary probe
S4,S4,Idealized 113/114 cap-derived geometric schedule,85889999,17627206,0.17627206,16381701720312794,163817017.20312794,boundary probe
S4,S4,Idealized 113/114 cap-derived geometric schedule,85890000,17472581,0.17472581,16381701737940000,163817017.37940000,boundary probe
S4,S4,Idealized 113/114 cap-derived geometric schedule,85890001,17472581,0.17472581,16381701755412581,163817017.55412581,boundary probe
S4,S4,Idealized 113/114 cap-derived geometric schedule,86099999,17472581,0.17472581,16385370962477419,163853709.62477419,boundary probe
S4,S4,Idealized 113/114 cap-derived geometric schedule,86100000,17319312,0.17319312,16385370979950000,163853709.79950000,boundary probe
S4,S4,Idealized 113/114 cap-derived geometric schedule,86100001,17319312,0.17319312,16385370997269312,163853709.97269312,boundary probe
S4,S4,Idealized 113/114 cap-derived geometric schedule,86309999,17319312,0.17319312,16389008018150688,163890080.18150688,boundary probe
S4,S4,Idealized 113/114 cap-derived geometric schedule,86310000,17167388,0.17167388,16389008035470000,163890080.35470000,boundary probe
S4,S4,Idealized 113/114 cap-derived geometric schedule,86310001,17167388,0.17167388,16389008052637388,163890080.52637388,boundary probe
S4,S4,Idealized 113/114 cap-derived geometric schedule,86519999,17167388,0.17167388,16392613169782612,163926131.69782612,boundary probe
S4,S4,Idealized 113/114 cap-derived geometric schedule,86520000,17016796,0.17016796,16392613186950000,163926131.86950000,boundary probe
S4,S4,Idealized 113/114 cap-derived geometric schedule,86520001,17016796,0.17016796,16392613203966796,163926132.03966796,boundary probe
S4,S4,Idealized 113/114 cap-derived geometric schedule,86729999,17016796,0.17016796,16396186697093204,163961866.97093204,boundary probe
S4,S4,Idealized 113/114 cap-derived geometric schedule,86730000,16867525,0.16867525,16396186714110000,163961867.14110000,boundary probe
S4,S4,Idealized 113/114 cap-derived geometric schedule,86730001,16867525,0.16867525,16396186730977525,163961867.30977525,boundary probe
S4,S4,Idealized 113/114 cap-derived geometric schedule,86939999,16867525,0.16867525,16399728877492475,163997288.77492475,boundary probe
S4,S4,Idealized 113/114 cap-derived geometric schedule,86940000,16719564,0.16719564,16399728894360000,163997288.94360000,boundary probe
S4,S4,Idealized 113/114 cap-derived geometric schedule,86940001,16719564,0.16719564,16399728911079564,163997289.11079564,boundary probe
S4,S4,Idealized 113/114 cap-derived geometric schedule,87149999,16719564,0.16719564,16403239986080436,164032399.86080436,boundary probe
S4,S4,Idealized 113/114 cap-derived geometric schedule,87150000,16572901,0.16572901,16403240002800000,164032400.02800000,boundary probe
S4,S4,Idealized 113/114 cap-derived geometric schedule,87150001,16572901,0.16572901,16403240019372901,164032400.19372901,boundary probe
S4,S4,Idealized 113/114 cap-derived geometric schedule,87359999,16572901,0.16572901,16406720295437099,164067202.95437099,boundary probe
S4,S4,Idealized 113/114 cap-derived geometric schedule,87360000,16427524,0.16427524,16406720312010000,164067203.12010000,boundary probe
S4,S4,Idealized 113/114 cap-derived geometric schedule,87360001,16427524,0.16427524,16406720328437524,164067203.28437524,boundary probe
S4,S4,Idealized 113/114 cap-derived geometric schedule,87569999,16427524,0.16427524,16410170075622476,164101700.75622476,boundary probe
S4,S4,Idealized 113/114 cap-derived geometric schedule,87570000,16283422,0.16283422,16410170092050000,164101700.92050000,boundary probe
S4,S4,Idealized 113/114 cap-derived geometric schedule,87570001,16283422,0.16283422,16410170108333422,164101701.08333422,boundary probe
S4,S4,Idealized 113/114 cap-derived geometric schedule,87779999,16283422,0.16283422,16413589594386578,164135895.94386578,boundary probe
S4,S4,Idealized 113/114 cap-derived geometric schedule,87780000,16140584,0.16140584,16413589610670000,164135896.10670000,boundary probe
S4,S4,Idealized 113/114 cap-derived geometric schedule,87780001,16140584,0.16140584,16413589626810584,164135896.26810584,boundary probe
S4,S4,Idealized 113/114 cap-derived geometric schedule,87989999,16140584,0.16140584,16416979117169416,164169791.17169416,boundary probe
S4,S4,Idealized 113/114 cap-derived geometric schedule,87990000,15998999,0.15998999,16416979133310000,164169791.33310000,boundary probe
S4,S4,Idealized 113/114 cap-derived geometric schedule,87990001,15998999,0.15998999,16416979149308999,164169791.49308999,boundary probe
S4,S4,Idealized 113/114 cap-derived geometric schedule,88199999,15998999,0.15998999,16420338907101001,164203389.07101001,boundary probe
S4,S4,Idealized 113/114 cap-derived geometric schedule,88200000,15858656,0.15858656,16420338923100000,164203389.23100000,boundary probe
S4,S4,Idealized 113/114 cap-derived geometric schedule,88200001,15858656,0.15858656,16420338938958656,164203389.38958656,boundary probe
S4,S4,Idealized 113/114 cap-derived geometric schedule,88409999,15858656,0.15858656,16423669225001344,164236692.25001344,boundary probe
S4,S4,Idealized 113/114 cap-derived geometric schedule,88410000,15719544,0.15719544,16423669240860000,164236692.40860000,boundary probe
S4,S4,Idealized 113/114 cap-derived geometric schedule,88410001,15719544,0.15719544,16423669256579544,164236692.56579544,boundary probe
S4,S4,Idealized 113/114 cap-derived geometric schedule,88619999,15719544,0.15719544,16426970329380456,164269703.29380456,boundary probe
S4,S4,Idealized 113/114 cap-derived geometric schedule,88620000,15581653,0.15581653,16426970345100000,164269703.45100000,boundary probe
S4,S4,Idealized 113/114 cap-derived geometric schedule,88620001,15581653,0.15581653,16426970360681653,164269703.60681653,boundary probe
S4,S4,Idealized 113/114 cap-derived geometric schedule,88829999,15581653,0.15581653,16430242476648347,164302424.76648347,boundary probe
S4,S4,Idealized 113/114 cap-derived geometric schedule,88830000,15444971,0.15444971,16430242492230000,164302424.92230000,boundary probe
S4,S4,Idealized 113/114 cap-derived geometric schedule,88830001,15444971,0.15444971,16430242507674971,164302425.07674971,boundary probe
S4,S4,Idealized 113/114 cap-derived geometric schedule,89039999,15444971,0.15444971,16433485920695029,164334859.20695029,boundary probe
S4,S4,Idealized 113/114 cap-derived geometric schedule,89040000,15309488,0.15309488,16433485936140000,164334859.36140000,boundary probe
S4,S4,Idealized 113/114 cap-derived geometric schedule,89040001,15309488,0.15309488,16433485951449488,164334859.51449488,boundary probe
S4,S4,Idealized 113/114 cap-derived geometric schedule,89249999,15309488,0.15309488,16436700913310512,164367009.13310512,boundary probe
S4,S4,Idealized 113/114 cap-derived geometric schedule,89250000,15175194,0.15175194,16436700928620000,164367009.28620000,boundary probe
S4,S4,Idealized 113/114 cap-derived geometric schedule,89250001,15175194,0.15175194,16436700943795194,164367009.43795194,boundary probe
S4,S4,Idealized 113/114 cap-derived geometric schedule,89459999,15175194,0.15175194,16439887704184806,164398877.04184806,boundary probe
S4,S4,Idealized 113/114 cap-derived geometric schedule,89460000,15042078,0.15042078,16439887719360000,164398877.19360000,boundary probe
S4,S4,Idealized 113/114 cap-derived geometric schedule,89460001,15042078,0.15042078,16439887734402078,164398877.34402078,boundary probe
S4,S4,Idealized 113/114 cap-derived geometric schedule,89669999,15042078,0.15042078,16443046540697922,164430465.40697922,boundary probe
S4,S4,Idealized 113/114 cap-derived geometric schedule,89670000,14910129,0.14910129,16443046555740000,164430465.55740000,boundary probe
S4,S4,Idealized 113/114 cap-derived geometric schedule,89670001,14910129,0.14910129,16443046570650129,164430465.70650129,boundary probe
S4,S4,Idealized 113/114 cap-derived geometric schedule,89879999,14910129,0.14910129,16446177667919871,164461776.67919871,boundary probe
S4,S4,Idealized 113/114 cap-derived geometric schedule,89880000,14779338,0.14779338,16446177682830000,164461776.82830000,boundary probe
S4,S4,Idealized 113/114 cap-derived geometric schedule,89880001,14779338,0.14779338,16446177697609338,164461776.97609338,boundary probe
S4,S4,Idealized 113/114 cap-derived geometric schedule,90089999,14779338,0.14779338,16449281329030662,164492813.29030662,boundary probe
S4,S4,Idealized 113/114 cap-derived geometric schedule,90090000,14649694,0.14649694,16449281343810000,164492813.43810000,boundary probe
S4,S4,Idealized 113/114 cap-derived geometric schedule,90090001,14649694,0.14649694,16449281358459694,164492813.58459694,boundary probe
S4,S4,Idealized 113/114 cap-derived geometric schedule,90299999,14649694,0.14649694,16452357764900306,164523577.64900306,boundary probe
S4,S4,Idealized 113/114 cap-derived geometric schedule,90300000,14521187,0.14521187,16452357779550000,164523577.79550000,boundary probe
S4,S4,Idealized 113/114 cap-derived geometric schedule,90300001,14521187,0.14521187,16452357794071187,164523577.94071187,boundary probe
S4,S4,Idealized 113/114 cap-derived geometric schedule,90509999,14521187,0.14521187,16455407214298813,164554072.14298813,boundary probe
S4,S4,Idealized 113/114 cap-derived geometric schedule,90510000,14393808,0.14393808,16455407228820000,164554072.28820000,boundary probe
S4,S4,Idealized 113/114 cap-derived geometric schedule,90510001,14393808,0.14393808,16455407243213808,164554072.43213808,boundary probe
S4,S4,Idealized 113/114 cap-derived geometric schedule,90719999,14393808,0.14393808,16458429914106192,164584299.14106192,boundary probe
S4,S4,Idealized 113/114 cap-derived geometric schedule,90720000,14267546,0.14267546,16458429928500000,164584299.28500000,boundary probe
S4,S4,Idealized 113/114 cap-derived geometric schedule,90720001,14267546,0.14267546,16458429942767546,164584299.42767546,boundary probe
S4,S4,Idealized 113/114 cap-derived geometric schedule,90929999,14267546,0.14267546,16461426098892454,164614260.98892454,boundary probe
S4,S4,Idealized 113/114 cap-derived geometric schedule,90930000,14142392,0.14142392,16461426113160000,164614261.13160000,boundary probe
S4,S4,Idealized 113/114 cap-derived geometric schedule,90930001,14142392,0.14142392,16461426127302392,164614261.27302392,boundary probe
S4,S4,Idealized 113/114 cap-derived geometric schedule,91139999,14142392,0.14142392,16464396001337608,164643960.01337608,boundary probe
S4,S4,Idealized 113/114 cap-derived geometric schedule,91140000,14018335,0.14018335,16464396015480000,164643960.15480000,boundary probe
S4,S4,Idealized 113/114 cap-derived geometric schedule,91140001,14018335,0.14018335,16464396029498335,164643960.29498335,boundary probe
S4,S4,Idealized 113/114 cap-derived geometric schedule,91349999,14018335,0.14018335,16467339851811665,164673398.51811665,boundary probe
S4,S4,Idealized 113/114 cap-derived geometric schedule,91350000,13895367,0.13895367,16467339865830000,164673398.65830000,boundary probe
S4,S4,Idealized 113/114 cap-derived geometric schedule,91350001,13895367,0.13895367,16467339879725367,164673398.79725367,boundary probe
S4,S4,Idealized 113/114 cap-derived geometric schedule,91559999,13895367,0.13895367,16470257879004633,164702578.79004633,boundary probe
S4,S4,Idealized 113/114 cap-derived geometric schedule,91560000,13773477,0.13773477,16470257892900000,164702578.92900000,boundary probe
S4,S4,Idealized 113/114 cap-derived geometric schedule,91560001,13773477,0.13773477,16470257906673477,164702579.06673477,boundary probe
S4,S4,Idealized 113/114 cap-derived geometric schedule,91769999,13773477,0.13773477,16473150309296523,164731503.09296523,boundary probe
S4,S4,Idealized 113/114 cap-derived geometric schedule,91770000,13652657,0.13652657,16473150323070000,164731503.23070000,boundary probe
S4,S4,Idealized 113/114 cap-derived geometric schedule,91770001,13652657,0.13652657,16473150336722657,164731503.36722657,boundary probe
S4,S4,Idealized 113/114 cap-derived geometric schedule,91979999,13652657,0.13652657,16476017367387343,164760173.67387343,boundary probe
S4,S4,Idealized 113/114 cap-derived geometric schedule,91980000,13532896,0.13532896,16476017381040000,164760173.81040000,boundary probe
S4,S4,Idealized 113/114 cap-derived geometric schedule,91980001,13532896,0.13532896,16476017394572896,164760173.94572896,boundary probe
S4,S4,Idealized 113/114 cap-derived geometric schedule,92189999,13532896,0.13532896,16478859275667104,164788592.75667104,boundary probe
S4,S4,Idealized 113/114 cap-derived geometric schedule,92190000,13414186,0.13414186,16478859289200000,164788592.89200000,boundary probe
S4,S4,Idealized 113/114 cap-derived geometric schedule,92190001,13414186,0.13414186,16478859302614186,164788593.02614186,boundary probe
S4,S4,Idealized 113/114 cap-derived geometric schedule,92399999,13414186,0.13414186,16481676254845814,164816762.54845814,boundary probe
S4,S4,Idealized 113/114 cap-derived geometric schedule,92400000,13296517,0.13296517,16481676268260000,164816762.68260000,boundary probe
S4,S4,Idealized 113/114 cap-derived geometric schedule,92400001,13296517,0.13296517,16481676281556517,164816762.81556517,boundary probe
S4,S4,Idealized 113/114 cap-derived geometric schedule,92609999,13296517,0.13296517,16484468523533483,164844685.23533483,boundary probe
S4,S4,Idealized 113/114 cap-derived geometric schedule,92610000,13179880,0.13179880,16484468536830000,164844685.36830000,boundary probe
S4,S4,Idealized 113/114 cap-derived geometric schedule,92610001,13179880,0.13179880,16484468550009880,164844685.50009880,boundary probe
S4,S4,Idealized 113/114 cap-derived geometric schedule,92819999,13179880,0.13179880,16487236298450120,164872362.98450120,boundary probe
S4,S4,Idealized 113/114 cap-derived geometric schedule,92820000,13064267,0.13064267,16487236311630000,164872363.11630000,boundary probe
S4,S4,Idealized 113/114 cap-derived geometric schedule,92820001,13064267,0.13064267,16487236324694267,164872363.24694267,boundary probe
S4,S4,Idealized 113/114 cap-derived geometric schedule,93029999,13064267,0.13064267,16489979794635733,164899797.94635733,boundary probe
S4,S4,Idealized 113/114 cap-derived geometric schedule,93030000,12949668,0.12949668,16489979807700000,164899798.07700000,boundary probe
S4,S4,Idealized 113/114 cap-derived geometric schedule,93030001,12949668,0.12949668,16489979820649668,164899798.20649668,boundary probe
S4,S4,Idealized 113/114 cap-derived geometric schedule,93239999,12949668,0.12949668,16492699225030332,164926992.25030332,boundary probe
S4,S4,Idealized 113/114 cap-derived geometric schedule,93240000,12836074,0.12836074,16492699237980000,164926992.37980000,boundary probe
S4,S4,Idealized 113/114 cap-derived geometric schedule,93240001,12836074,0.12836074,16492699250816074,164926992.50816074,boundary probe
S4,S4,Idealized 113/114 cap-derived geometric schedule,93449999,12836074,0.12836074,16495394800683926,164953948.00683926,boundary probe
S4,S4,Idealized 113/114 cap-derived geometric schedule,93450000,12723476,0.12723476,16495394813520000,164953948.13520000,boundary probe
S4,S4,Idealized 113/114 cap-derived geometric schedule,93450001,12723476,0.12723476,16495394826243476,164953948.26243476,boundary probe
S4,S4,Idealized 113/114 cap-derived geometric schedule,93659999,12723476,0.12723476,16498066730756524,164980667.30756524,boundary probe
S4,S4,Idealized 113/114 cap-derived geometric schedule,93660000,12611866,0.12611866,16498066743480000,164980667.43480000,boundary probe
S4,S4,Idealized 113/114 cap-derived geometric schedule,93660001,12611866,0.12611866,16498066756091866,164980667.56091866,boundary probe
S4,S4,Idealized 113/114 cap-derived geometric schedule,93869999,12611866,0.12611866,16500715222728134,165007152.22728134,boundary probe
S4,S4,Idealized 113/114 cap-derived geometric schedule,93870000,12501235,0.12501235,16500715235340000,165007152.35340000,boundary probe
S4,S4,Idealized 113/114 cap-derived geometric schedule,93870001,12501235,0.12501235,16500715247841235,165007152.47841235,boundary probe
S4,S4,Idealized 113/114 cap-derived geometric schedule,94079999,12501235,0.12501235,16503340482188765,165033404.82188765,boundary probe
S4,S4,Idealized 113/114 cap-derived geometric schedule,94080000,12391575,0.12391575,16503340494690000,165033404.94690000,boundary probe
S4,S4,Idealized 113/114 cap-derived geometric schedule,94080001,12391575,0.12391575,16503340507081575,165033405.07081575,boundary probe
S4,S4,Idealized 113/114 cap-derived geometric schedule,94289999,12391575,0.12391575,16505942713048425,165059427.13048425,boundary probe
S4,S4,Idealized 113/114 cap-derived geometric schedule,94290000,12282876,0.12282876,16505942725440000,165059427.25440000,boundary probe
S4,S4,Idealized 113/114 cap-derived geometric schedule,94290001,12282876,0.12282876,16505942737722876,165059427.37722876,boundary probe
S4,S4,Idealized 113/114 cap-derived geometric schedule,94499999,12282876,0.12282876,16508522117117124,165085221.17117124,boundary probe
S4,S4,Idealized 113/114 cap-derived geometric schedule,94500000,12175131,0.12175131,16508522129400000,165085221.29400000,boundary probe
S4,S4,Idealized 113/114 cap-derived geometric schedule,94500001,12175131,0.12175131,16508522141575131,165085221.41575131,boundary probe
S4,S4,Idealized 113/114 cap-derived geometric schedule,94709999,12175131,0.12175131,16511078894734869,165110788.94734869,boundary probe
S4,S4,Idealized 113/114 cap-derived geometric schedule,94710000,12068331,0.12068331,16511078906910000,165110789.06910000,boundary probe
S4,S4,Idealized 113/114 cap-derived geometric schedule,94710001,12068331,0.12068331,16511078918978331,165110789.18978331,boundary probe
S4,S4,Idealized 113/114 cap-derived geometric schedule,94919999,12068331,0.12068331,16513613244351669,165136132.44351669,boundary probe
S4,S4,Idealized 113/114 cap-derived geometric schedule,94920000,11962468,0.11962468,16513613256420000,165136132.56420000,boundary probe
S4,S4,Idealized 113/114 cap-derived geometric schedule,94920001,11962468,0.11962468,16513613268382468,165136132.68382468,boundary probe
S4,S4,Idealized 113/114 cap-derived geometric schedule,95129999,11962468,0.11962468,16516125362737532,165161253.62737532,boundary probe
S4,S4,Idealized 113/114 cap-derived geometric schedule,95130000,11857534,0.11857534,16516125374700000,165161253.74700000,boundary probe
S4,S4,Idealized 113/114 cap-derived geometric schedule,95130001,11857534,0.11857534,16516125386557534,165161253.86557534,boundary probe
S4,S4,Idealized 113/114 cap-derived geometric schedule,95339999,11857534,0.11857534,16518615444982466,165186154.44982466,boundary probe
S4,S4,Idealized 113/114 cap-derived geometric schedule,95340000,11753520,0.11753520,16518615456840000,165186154.56840000,boundary probe
S4,S4,Idealized 113/114 cap-derived geometric schedule,95340001,11753520,0.11753520,16518615468593520,165186154.68593520,boundary probe
S4,S4,Idealized 113/114 cap-derived geometric schedule,95549999,11753520,0.11753520,16521083684286480,165210836.84286480,boundary probe
S4,S4,Idealized 113/114 cap-derived geometric schedule,95550000,11650418,0.11650418,16521083696040000,165210836.96040000,boundary probe
S4,S4,Idealized 113/114 cap-derived geometric schedule,95550001,11650418,0.11650418,16521083707690418,165210837.07690418,boundary probe
S4,S4,Idealized 113/114 cap-derived geometric schedule,95759999,11650418,0.11650418,16523530272169582,165235302.72169582,boundary probe
S4,S4,Idealized 113/114 cap-derived geometric schedule,95760000,11548221,0.11548221,16523530283820000,165235302.83820000,boundary probe
S4,S4,Idealized 113/114 cap-derived geometric schedule,95760001,11548221,0.11548221,16523530295368221,165235302.95368221,boundary probe
S4,S4,Idealized 113/114 cap-derived geometric schedule,95969999,11548221,0.11548221,16525955398681779,165259553.98681779,boundary probe
S4,S4,Idealized 113/114 cap-derived geometric schedule,95970000,11446920,0.11446920,16525955410230000,165259554.10230000,boundary probe
S4,S4,Idealized 113/114 cap-derived geometric schedule,95970001,11446920,0.11446920,16525955421676920,165259554.21676920,boundary probe
S4,S4,Idealized 113/114 cap-derived geometric schedule,96179999,11446920,0.11446920,16528359251983080,165283592.51983080,boundary probe
S4,S4,Idealized 113/114 cap-derived geometric schedule,96180000,11346508,0.11346508,16528359263430000,165283592.63430000,boundary probe
S4,S4,Idealized 113/114 cap-derived geometric schedule,96180001,11346508,0.11346508,16528359274776508,165283592.74776508,boundary probe
S4,S4,Idealized 113/114 cap-derived geometric schedule,96389999,11346508,0.11346508,16530742018763492,165307420.18763492,boundary probe
S4,S4,Idealized 113/114 cap-derived geometric schedule,96390000,11246977,0.11246977,16530742030110000,165307420.30110000,boundary probe
S4,S4,Idealized 113/114 cap-derived geometric schedule,96390001,11246977,0.11246977,16530742041356977,165307420.41356977,boundary probe
S4,S4,Idealized 113/114 cap-derived geometric schedule,96599999,11246977,0.11246977,16533103884033023,165331038.84033023,boundary probe
S4,S4,Idealized 113/114 cap-derived geometric schedule,96600000,11148319,0.11148319,16533103895280000,165331038.95280000,boundary probe
S4,S4,Idealized 113/114 cap-derived geometric schedule,96600001,11148319,0.11148319,16533103906428319,165331039.06428319,boundary probe
S4,S4,Idealized 113/114 cap-derived geometric schedule,96809999,11148319,0.11148319,16535445031121681,165354450.31121681,boundary probe
S4,S4,Idealized 113/114 cap-derived geometric schedule,96810000,11050526,0.11050526,16535445042270000,165354450.42270000,boundary probe
S4,S4,Idealized 113/114 cap-derived geometric schedule,96810001,11050526,0.11050526,16535445053320526,165354450.53320526,boundary probe
S4,S4,Idealized 113/114 cap-derived geometric schedule,97019999,11050526,0.11050526,16537765641679474,165377656.41679474,boundary probe
S4,S4,Idealized 113/114 cap-derived geometric schedule,97020000,10953591,0.10953591,16537765652730000,165377656.52730000,boundary probe
S4,S4,Idealized 113/114 cap-derived geometric schedule,97020001,10953591,0.10953591,16537765663683591,165377656.63683591,boundary probe
S4,S4,Idealized 113/114 cap-derived geometric schedule,97229999,10953591,0.10953591,16540065895886409,165400658.95886409,boundary probe
S4,S4,Idealized 113/114 cap-derived geometric schedule,97230000,10857506,0.10857506,16540065906840000,165400659.06840000,boundary probe
S4,S4,Idealized 113/114 cap-derived geometric schedule,97230001,10857506,0.10857506,16540065917697506,165400659.17697506,boundary probe
S4,S4,Idealized 113/114 cap-derived geometric schedule,97439999,10857506,0.10857506,16542345972242494,165423459.72242494,boundary probe
S4,S4,Idealized 113/114 cap-derived geometric schedule,97440000,10762264,0.10762264,16542345983100000,165423459.83100000,boundary probe
S4,S4,Idealized 113/114 cap-derived geometric schedule,97440001,10762264,0.10762264,16542345993862264,165423459.93862264,boundary probe
S4,S4,Idealized 113/114 cap-derived geometric schedule,97649999,10762264,0.10762264,16544606047777736,165446060.47777736,boundary probe
S4,S4,Idealized 113/114 cap-derived geometric schedule,97650000,10667858,0.10667858,16544606058540000,165446060.58540000,boundary probe
S4,S4,Idealized 113/114 cap-derived geometric schedule,97650001,10667858,0.10667858,16544606069207858,165446060.69207858,boundary probe
S4,S4,Idealized 113/114 cap-derived geometric schedule,97859999,10667858,0.10667858,16546846298052142,165468462.98052142,boundary probe
S4,S4,Idealized 113/114 cap-derived geometric schedule,97860000,10574280,0.10574280,16546846308720000,165468463.08720000,boundary probe
S4,S4,Idealized 113/114 cap-derived geometric schedule,97860001,10574280,0.10574280,16546846319294280,165468463.19294280,boundary probe
S4,S4,Idealized 113/114 cap-derived geometric schedule,98069999,10574280,0.10574280,16549066896945720,165490668.96945720,boundary probe
S4,S4,Idealized 113/114 cap-derived geometric schedule,98070000,10481523,0.10481523,16549066907520000,165490669.07520000,boundary probe
S4,S4,Idealized 113/114 cap-derived geometric schedule,98070001,10481523,0.10481523,16549066918001523,165490669.18001523,boundary probe
S4,S4,Idealized 113/114 cap-derived geometric schedule,98279999,10481523,0.10481523,16551268016868477,165512680.16868477,boundary probe
S4,S4,Idealized 113/114 cap-derived geometric schedule,98280000,10389579,0.10389579,16551268027350000,165512680.27350000,boundary probe
S4,S4,Idealized 113/114 cap-derived geometric schedule,98280001,10389579,0.10389579,16551268037739579,165512680.37739579,boundary probe
S4,S4,Idealized 113/114 cap-derived geometric schedule,98489999,10389579,0.10389579,16553449828550421,165534498.28550421,boundary probe
S4,S4,Idealized 113/114 cap-derived geometric schedule,98490000,10298442,0.10298442,16553449838940000,165534498.38940000,boundary probe
S4,S4,Idealized 113/114 cap-derived geometric schedule,98490001,10298442,0.10298442,16553449849238442,165534498.49238442,boundary probe
S4,S4,Idealized 113/114 cap-derived geometric schedule,98699999,10298442,0.10298442,16555612501461558,165556125.01461558,boundary probe
S4,S4,Idealized 113/114 cap-derived geometric schedule,98700000,10208104,0.10208104,16555612511760000,165556125.11760000,boundary probe
S4,S4,Idealized 113/114 cap-derived geometric schedule,98700001,10208104,0.10208104,16555612521968104,165556125.21968104,boundary probe
S4,S4,Idealized 113/114 cap-derived geometric schedule,98909999,10208104,0.10208104,16557756203391896,165577562.03391896,boundary probe
S4,S4,Idealized 113/114 cap-derived geometric schedule,98910000,10118559,0.10118559,16557756213600000,165577562.13600000,boundary probe
S4,S4,Idealized 113/114 cap-derived geometric schedule,98910001,10118559,0.10118559,16557756223718559,165577562.23718559,boundary probe
S4,S4,Idealized 113/114 cap-derived geometric schedule,99119999,10118559,0.10118559,16559881100871441,165598811.00871441,boundary probe
S4,S4,Idealized 113/114 cap-derived geometric schedule,99120000,10029799,0.10029799,16559881110990000,165598811.10990000,boundary probe
S4,S4,Idealized 113/114 cap-derived geometric schedule,99120001,10029799,0.10029799,16559881121019799,165598811.21019799,boundary probe
S4,S4,Idealized 113/114 cap-derived geometric schedule,99329999,10029799,0.10029799,16561987358750201,165619873.58750201,boundary probe
S4,S4,Idealized 113/114 cap-derived geometric schedule,99330000,9941818,0.09941818,16561987368780000,165619873.68780000,boundary probe
S4,S4,Idealized 113/114 cap-derived geometric schedule,99330001,9941818,0.09941818,16561987378721818,165619873.78721818,boundary probe
S4,S4,Idealized 113/114 cap-derived geometric schedule,99539999,9941818,0.09941818,16564075140618182,165640751.40618182,boundary probe
S4,S4,Idealized 113/114 cap-derived geometric schedule,99540000,9854609,0.09854609,16564075150560000,165640751.50560000,boundary probe
S4,S4,Idealized 113/114 cap-derived geometric schedule,99540001,9854609,0.09854609,16564075160414609,165640751.60414609,boundary probe
S4,S4,Idealized 113/114 cap-derived geometric schedule,99749999,9854609,0.09854609,16566144608595391,165661446.08595391,boundary probe
S4,S4,Idealized 113/114 cap-derived geometric schedule,99750000,9768165,0.09768165,16566144618450000,165661446.18450000,boundary probe
S4,S4,Idealized 113/114 cap-derived geometric schedule,99750001,9768165,0.09768165,16566144628218165,165661446.28218165,boundary probe
S4,S4,Idealized 113/114 cap-derived geometric schedule,99959999,9768165,0.09768165,16568195923331835,165681959.23331835,boundary probe
S4,S4,Idealized 113/114 cap-derived geometric schedule,99960000,9682479,0.09682479,16568195933100000,165681959.33100000,boundary probe
S4,S4,Idealized 113/114 cap-derived geometric schedule,99960001,9682479,0.09682479,16568195942782479,165681959.42782479,boundary probe
S4,S4,Idealized 113/114 cap-derived geometric schedule,100169999,9682479,0.09682479,16570229244007521,165702292.44007521,boundary probe
S4,S4,Idealized 113/114 cap-derived geometric schedule,100170000,9597544,0.09597544,16570229253690000,165702292.53690000,boundary probe
S4,S4,Idealized 113/114 cap-derived geometric schedule,100170001,9597544,0.09597544,16570229263287544,165702292.63287544,boundary probe
S4,S4,Idealized 113/114 cap-derived geometric schedule,100379999,9597544,0.09597544,16572244728332456,165722447.28332456,boundary probe
S4,S4,Idealized 113/114 cap-derived geometric schedule,100380000,9513355,0.09513355,16572244737930000,165722447.37930000,boundary probe
S4,S4,Idealized 113/114 cap-derived geometric schedule,100380001,9513355,0.09513355,16572244747443355,165722447.47443355,boundary probe
S4,S4,Idealized 113/114 cap-derived geometric schedule,100589999,9513355,0.09513355,16574242532966645,165742425.32966645,boundary probe
S4,S4,Idealized 113/114 cap-derived geometric schedule,100590000,9429904,0.09429904,16574242542480000,165742425.42480000,boundary probe
S4,S4,Idealized 113/114 cap-derived geometric schedule,100590001,9429904,0.09429904,16574242551909904,165742425.51909904,boundary probe
S4,S4,Idealized 113/114 cap-derived geometric schedule,100799999,9429904,0.09429904,16576222812890096,165762228.12890096,boundary probe
S4,S4,Idealized 113/114 cap-derived geometric schedule,100800000,9347185,0.09347185,16576222822320000,165762228.22320000,boundary probe
S4,S4,Idealized 113/114 cap-derived geometric schedule,100800001,9347185,0.09347185,16576222831667185,165762228.31667185,boundary probe
S4,S4,Idealized 113/114 cap-derived geometric schedule,101009999,9347185,0.09347185,16578185721822815,165781857.21822815,boundary probe
S4,S4,Idealized 113/114 cap-derived geometric schedule,101010000,9265192,0.09265192,16578185731170000,165781857.31170000,boundary probe
S4,S4,Idealized 113/114 cap-derived geometric schedule,101010001,9265192,0.09265192,16578185740435192,165781857.40435192,boundary probe
S4,S4,Idealized 113/114 cap-derived geometric schedule,101219999,9265192,0.09265192,16580131412224808,165801314.12224808,boundary probe
S4,S4,Idealized 113/114 cap-derived geometric schedule,101220000,9183918,0.09183918,16580131421490000,165801314.21490000,boundary probe
S4,S4,Idealized 113/114 cap-derived geometric schedule,101220001,9183918,0.09183918,16580131430673918,165801314.30673918,boundary probe
S4,S4,Idealized 113/114 cap-derived geometric schedule,101429999,9183918,0.09183918,16582060035086082,165820600.35086082,boundary probe
S4,S4,Idealized 113/114 cap-derived geometric schedule,101430000,9103357,0.09103357,16582060044270000,165820600.44270000,boundary probe
S4,S4,Idealized 113/114 cap-derived geometric schedule,101430001,9103357,0.09103357,16582060053373357,165820600.53373357,boundary probe
S4,S4,Idealized 113/114 cap-derived geometric schedule,101639999,9103357,0.09103357,16583971740136643,165839717.40136643,boundary probe
S4,S4,Idealized 113/114 cap-derived geometric schedule,101640000,9023502,0.09023502,16583971749240000,165839717.49240000,boundary probe
S4,S4,Idealized 113/114 cap-derived geometric schedule,101640001,9023502,0.09023502,16583971758263502,165839717.58263502,boundary probe
S4,S4,Idealized 113/114 cap-derived geometric schedule,101849999,9023502,0.09023502,16585866675636498,165858666.75636498,boundary probe
S4,S4,Idealized 113/114 cap-derived geometric schedule,101850000,8944348,0.08944348,16585866684660000,165858666.84660000,boundary probe
S4,S4,Idealized 113/114 cap-derived geometric schedule,101850001,8944348,0.08944348,16585866693604348,165858666.93604348,boundary probe
S4,S4,Idealized 113/114 cap-derived geometric schedule,102059999,8944348,0.08944348,16587744988795652,165877449.88795652,boundary probe
S4,S4,Idealized 113/114 cap-derived geometric schedule,102060000,8865888,0.08865888,16587744997740000,165877449.97740000,boundary probe
S4,S4,Idealized 113/114 cap-derived geometric schedule,102060001,8865888,0.08865888,16587745006605888,165877450.06605888,boundary probe
S4,S4,Idealized 113/114 cap-derived geometric schedule,102269999,8865888,0.08865888,16589606825354112,165896068.25354112,boundary probe
S4,S4,Idealized 113/114 cap-derived geometric schedule,102270000,8788117,0.08788117,16589606834220000,165896068.34220000,boundary probe
S4,S4,Idealized 113/114 cap-derived geometric schedule,102270001,8788117,0.08788117,16589606843008117,165896068.43008117,boundary probe
S4,S4,Idealized 113/114 cap-derived geometric schedule,102479999,8788117,0.08788117,16591452330001883,165914523.30001883,boundary probe
S4,S4,Idealized 113/114 cap-derived geometric schedule,102480000,8711028,0.08711028,16591452338790000,165914523.38790000,boundary probe
S4,S4,Idealized 113/114 cap-derived geometric schedule,102480001,8711028,0.08711028,16591452347501028,165914523.47501028,boundary probe
S4,S4,Idealized 113/114 cap-derived geometric schedule,102689999,8711028,0.08711028,16593281645958972,165932816.45958972,boundary probe
S4,S4,Idealized 113/114 cap-derived geometric schedule,102690000,8634615,0.08634615,16593281654670000,165932816.54670000,boundary probe
S4,S4,Idealized 113/114 cap-derived geometric schedule,102690001,8634615,0.08634615,16593281663304615,165932816.63304615,boundary probe
S4,S4,Idealized 113/114 cap-derived geometric schedule,102899999,8634615,0.08634615,16595094915185385,165950949.15185385,boundary probe
S4,S4,Idealized 113/114 cap-derived geometric schedule,102900000,8558872,0.08558872,16595094923820000,165950949.23820000,boundary probe
S4,S4,Idealized 113/114 cap-derived geometric schedule,102900001,8558872,0.08558872,16595094932378872,165950949.32378872,boundary probe
S4,S4,Idealized 113/114 cap-derived geometric schedule,103109999,8558872,0.08558872,16596892278381128,165968922.78381128,boundary probe
S4,S4,Idealized 113/114 cap-derived geometric schedule,103110000,8483794,0.08483794,16596892286940000,165968922.86940000,boundary probe
S4,S4,Idealized 113/114 cap-derived geometric schedule,103110001,8483794,0.08483794,16596892295423794,165968922.95423794,boundary probe
S4,S4,Idealized 113/114 cap-derived geometric schedule,103319999,8483794,0.08483794,16598673875196206,165986738.75196206,boundary probe
S4,S4,Idealized 113/114 cap-derived geometric schedule,103320000,8409374,0.08409374,16598673883680000,165986738.83680000,boundary probe
S4,S4,Idealized 113/114 cap-derived geometric schedule,103320001,8409374,0.08409374,16598673892089374,165986738.92089374,boundary probe
S4,S4,Idealized 113/114 cap-derived geometric schedule,103529999,8409374,0.08409374,16600439843810626,166004398.43810626,boundary probe
S4,S4,Idealized 113/114 cap-derived geometric schedule,103530000,8335607,0.08335607,16600439852220000,166004398.52220000,boundary probe
S4,S4,Idealized 113/114 cap-derived geometric schedule,103530001,8335607,0.08335607,16600439860555607,166004398.60555607,boundary probe
S4,S4,Idealized 113/114 cap-derived geometric schedule,103739999,8335607,0.08335607,16602190321354393,166021903.21354393,boundary probe
S4,S4,Idealized 113/114 cap-derived geometric schedule,103740000,8262487,0.08262487,16602190329690000,166021903.29690000,boundary probe
S4,S4,Idealized 113/114 cap-derived geometric schedule,103740001,8262487,0.08262487,16602190337952487,166021903.37952487,boundary probe
S4,S4,Idealized 113/114 cap-derived geometric schedule,103949999,8262487,0.08262487,16603925443697513,166039254.43697513,boundary probe
S4,S4,Idealized 113/114 cap-derived geometric schedule,103950000,8190009,0.08190009,16603925451960000,166039254.51960000,boundary probe
S4,S4,Idealized 113/114 cap-derived geometric schedule,103950001,8190009,0.08190009,16603925460150009,166039254.60150009,boundary probe
S4,S4,Idealized 113/114 cap-derived geometric schedule,104159999,8190009,0.08190009,16605645345659991,166056453.45659991,boundary probe
S4,S4,Idealized 113/114 cap-derived geometric schedule,104160000,8118166,0.08118166,16605645353850000,166056453.53850000,boundary probe
S4,S4,Idealized 113/114 cap-derived geometric schedule,104160001,8118166,0.08118166,16605645361968166,166056453.61968166,boundary probe
S4,S4,Idealized 113/114 cap-derived geometric schedule,104369999,8118166,0.08118166,16607350160591834,166073501.60591834,boundary probe
S4,S4,Idealized 113/114 cap-derived geometric schedule,104370000,8046954,0.08046954,16607350168710000,166073501.68710000,boundary probe
S4,S4,Idealized 113/114 cap-derived geometric schedule,104370001,8046954,0.08046954,16607350176756954,166073501.76756954,boundary probe
S4,S4,Idealized 113/114 cap-derived geometric schedule,104579999,8046954,0.08046954,16609040021003046,166090400.21003046,boundary probe
S4,S4,Idealized 113/114 cap-derived geometric schedule,104580000,7976366,0.07976366,16609040029050000,166090400.29050000,boundary probe
S4,S4,Idealized 113/114 cap-derived geometric schedule,104580001,7976366,0.07976366,16609040037026366,166090400.37026366,boundary probe
S4,S4,Idealized 113/114 cap-derived geometric schedule,104789999,7976366,0.07976366,16610715057933634,166107150.57933634,boundary probe
S4,S4,Idealized 113/114 cap-derived geometric schedule,104790000,7906397,0.07906397,16610715065910000,166107150.65910000,boundary probe
S4,S4,Idealized 113/114 cap-derived geometric schedule,104790001,7906397,0.07906397,16610715073816397,166107150.73816397,boundary probe
S4,S4,Idealized 113/114 cap-derived geometric schedule,104999999,7906397,0.07906397,16612375401373603,166123754.01373603,boundary probe
S4,S4,Idealized 113/114 cap-derived geometric schedule,105000000,7837042,0.07837042,16612375409280000,166123754.09280000,boundary probe
S4,S4,Idealized 113/114 cap-derived geometric schedule,105000001,7837042,0.07837042,16612375417117042,166123754.17117042,boundary probe
S4,S4,Idealized 113/114 cap-derived geometric schedule,105209999,7837042,0.07837042,16614021180262958,166140211.80262958,boundary probe
S4,S4,Idealized 113/114 cap-derived geometric schedule,105210000,7768296,0.07768296,16614021188100000,166140211.88100000,boundary probe
S4,S4,Idealized 113/114 cap-derived geometric schedule,105210001,7768296,0.07768296,16614021195868296,166140211.95868296,boundary probe
S4,S4,Idealized 113/114 cap-derived geometric schedule,105419999,7768296,0.07768296,16615652522491704,166156525.22491704,boundary probe
S4,S4,Idealized 113/114 cap-derived geometric schedule,105420000,7700153,0.07700153,16615652530260000,166156525.30260000,boundary probe
S4,S4,Idealized 113/114 cap-derived geometric schedule,105420001,7700153,0.07700153,16615652537960153,166156525.37960153,boundary probe
S4,S4,Idealized 113/114 cap-derived geometric schedule,105629999,7700153,0.07700153,16617269554689847,166172695.54689847,boundary probe
S4,S4,Idealized 113/114 cap-derived geometric schedule,105630000,7632607,0.07632607,16617269562390000,166172695.62390000,boundary probe
S4,S4,Idealized 113/114 cap-derived geometric schedule,105630001,7632607,0.07632607,16617269570022607,166172695.70022607,boundary probe
S4,S4,Idealized 113/114 cap-derived geometric schedule,105839999,7632607,0.07632607,16618872402227393,166188724.02227393,boundary probe
S4,S4,Idealized 113/114 cap-derived geometric schedule,105840000,7565654,0.07565654,16618872409860000,166188724.09860000,boundary probe
S4,S4,Idealized 113/114 cap-derived geometric schedule,105840001,7565654,0.07565654,16618872417425654,166188724.17425654,boundary probe
S4,S4,Idealized 113/114 cap-derived geometric schedule,106049999,7565654,0.07565654,16620461189634346,166204611.89634346,boundary probe
S4,S4,Idealized 113/114 cap-derived geometric schedule,106050000,7499288,0.07499288,16620461197200000,166204611.97200000,boundary probe
S4,S4,Idealized 113/114 cap-derived geometric schedule,106050001,7499288,0.07499288,16620461204699288,166204612.04699288,boundary probe
S4,S4,Idealized 113/114 cap-derived geometric schedule,106259999,7499288,0.07499288,16622036040180712,166220360.40180712,boundary probe
S4,S4,Idealized 113/114 cap-derived geometric schedule,106260000,7433504,0.07433504,16622036047680000,166220360.47680000,boundary probe
S4,S4,Idealized 113/114 cap-derived geometric schedule,106260001,7433504,0.07433504,16622036055113504,166220360.55113504,boundary probe
S4,S4,Idealized 113/114 cap-derived geometric schedule,106469999,7433504,0.07433504,16623597076086496,166235970.76086496,boundary probe
S4,S4,Idealized 113/114 cap-derived geometric schedule,106470000,7368297,0.07368297,16623597083520000,166235970.83520000,boundary probe
S4,S4,Idealized 113/114 cap-derived geometric schedule,106470001,7368297,0.07368297,16623597090888297,166235970.90888297,boundary probe
S4,S4,Idealized 113/114 cap-derived geometric schedule,106679999,7368297,0.07368297,16625144418521703,166251444.18521703,boundary probe
S4,S4,Idealized 113/114 cap-derived geometric schedule,106680000,7303662,0.07303662,16625144425890000,166251444.25890000,boundary probe
S4,S4,Idealized 113/114 cap-derived geometric schedule,106680001,7303662,0.07303662,16625144433193662,166251444.33193662,boundary probe
S4,S4,Idealized 113/114 cap-derived geometric schedule,106889999,7303662,0.07303662,16626678187606338,166266781.87606338,boundary probe
S4,S4,Idealized 113/114 cap-derived geometric schedule,106890000,7239594,0.07239594,16626678194910000,166266781.94910000,boundary probe
S4,S4,Idealized 113/114 cap-derived geometric schedule,106890001,7239594,0.07239594,16626678202149594,166266782.02149594,boundary probe
S4,S4,Idealized 113/114 cap-derived geometric schedule,107099999,7239594,0.07239594,16628198502410406,166281985.02410406,boundary probe
S4,S4,Idealized 113/114 cap-derived geometric schedule,107100000,7176088,0.07176088,16628198509650000,166281985.09650000,boundary probe
S4,S4,Idealized 113/114 cap-derived geometric schedule,107100001,7176088,0.07176088,16628198516826088,166281985.16826088,boundary probe
S4,S4,Idealized 113/114 cap-derived geometric schedule,107309999,7176088,0.07176088,16629705480953912,166297054.80953912,boundary probe
S4,S4,Idealized 113/114 cap-derived geometric schedule,107310000,7113139,0.07113139,16629705488130000,166297054.88130000,boundary probe
S4,S4,Idealized 113/114 cap-derived geometric schedule,107310001,7113139,0.07113139,16629705495243139,166297054.95243139,boundary probe
S4,S4,Idealized 113/114 cap-derived geometric schedule,107519999,7113139,0.07113139,16631199240206861,166311992.40206861,boundary probe
S4,S4,Idealized 113/114 cap-derived geometric schedule,107520000,7050743,0.07050743,16631199247320000,166311992.47320000,boundary probe
S4,S4,Idealized 113/114 cap-derived geometric schedule,107520001,7050743,0.07050743,16631199254370743,166311992.54370743,boundary probe
S4,S4,Idealized 113/114 cap-derived geometric schedule,107729999,7050743,0.07050743,16632679896299257,166326798.96299257,boundary probe
S4,S4,Idealized 113/114 cap-derived geometric schedule,107730000,6988894,0.06988894,16632679903350000,166326799.03350000,boundary probe
S4,S4,Idealized 113/114 cap-derived geometric schedule,107730001,6988894,0.06988894,16632679910338894,166326799.10338894,boundary probe
S4,S4,Idealized 113/114 cap-derived geometric schedule,107939999,6988894,0.06988894,16634147564101106,166341475.64101106,boundary probe
S4,S4,Idealized 113/114 cap-derived geometric schedule,107940000,6927587,0.06927587,16634147571090000,166341475.71090000,boundary probe
S4,S4,Idealized 113/114 cap-derived geometric schedule,107940001,6927587,0.06927587,16634147578017587,166341475.78017587,boundary probe
S4,S4,Idealized 113/114 cap-derived geometric schedule,108149999,6927587,0.06927587,16635602357432413,166356023.57432413,boundary probe
S4,S4,Idealized 113/114 cap-derived geometric schedule,108150000,6866818,0.06866818,16635602364360000,166356023.64360000,boundary probe
S4,S4,Idealized 113/114 cap-derived geometric schedule,108150001,6866818,0.06866818,16635602371226818,166356023.71226818,boundary probe
S4,S4,Idealized 113/114 cap-derived geometric schedule,108359999,6866818,0.06866818,16637044389273182,166370443.89273182,boundary probe
S4,S4,Idealized 113/114 cap-derived geometric schedule,108360000,6806582,0.06806582,16637044396140000,166370443.96140000,boundary probe
S4,S4,Idealized 113/114 cap-derived geometric schedule,108360001,6806582,0.06806582,16637044402946582,166370444.02946582,boundary probe
S4,S4,Idealized 113/114 cap-derived geometric schedule,108569999,6806582,0.06806582,16638473771553418,166384737.71553418,boundary probe
S4,S4,Idealized 113/114 cap-derived geometric schedule,108570000,6746875,0.06746875,16638473778360000,166384737.78360000,boundary probe
S4,S4,Idealized 113/114 cap-derived geometric schedule,108570001,6746875,0.06746875,16638473785106875,166384737.85106875,boundary probe
S4,S4,Idealized 113/114 cap-derived geometric schedule,108779999,6746875,0.06746875,16639890615363125,166398906.15363125,boundary probe
S4,S4,Idealized 113/114 cap-derived geometric schedule,108780000,6687691,0.06687691,16639890622110000,166398906.22110000,boundary probe
S4,S4,Idealized 113/114 cap-derived geometric schedule,108780001,6687691,0.06687691,16639890628797691,166398906.28797691,boundary probe
S4,S4,Idealized 113/114 cap-derived geometric schedule,108989999,6687691,0.06687691,16641295030532309,166412950.30532309,boundary probe
S4,S4,Idealized 113/114 cap-derived geometric schedule,108990000,6629027,0.06629027,16641295037220000,166412950.37220000,boundary probe
S4,S4,Idealized 113/114 cap-derived geometric schedule,108990001,6629027,0.06629027,16641295043849027,166412950.43849027,boundary probe
S4,S4,Idealized 113/114 cap-derived geometric schedule,109199999,6629027,0.06629027,16642687126260973,166426871.26260973,boundary probe
S4,S4,Idealized 113/114 cap-derived geometric schedule,109200000,6570877,0.06570877,16642687132890000,166426871.32890000,boundary probe
S4,S4,Idealized 113/114 cap-derived geometric schedule,109200001,6570877,0.06570877,16642687139460877,166426871.39460877,boundary probe
S4,S4,Idealized 113/114 cap-derived geometric schedule,109409999,6570877,0.06570877,16644067010489123,166440670.10489123,boundary probe
S4,S4,Idealized 113/114 cap-derived geometric schedule,109410000,6513237,0.06513237,16644067017060000,166440670.17060000,boundary probe
S4,S4,Idealized 113/114 cap-derived geometric schedule,109410001,6513237,0.06513237,16644067023573237,166440670.23573237,boundary probe
S4,S4,Idealized 113/114 cap-derived geometric schedule,109619999,6513237,0.06513237,16645434790316763,166454347.90316763,boundary probe
S4,S4,Idealized 113/114 cap-derived geometric schedule,109620000,6456103,0.06456103,16645434796830000,166454347.96830000,boundary probe
S4,S4,Idealized 113/114 cap-derived geometric schedule,109620001,6456103,0.06456103,16645434803286103,166454348.03286103,boundary probe
S4,S4,Idealized 113/114 cap-derived geometric schedule,109829999,6456103,0.06456103,16646790572003897,166467905.72003897,boundary probe
S4,S4,Idealized 113/114 cap-derived geometric schedule,109830000,6399470,0.06399470,16646790578460000,166467905.78460000,boundary probe
S4,S4,Idealized 113/114 cap-derived geometric schedule,109830001,6399470,0.06399470,16646790584859470,166467905.84859470,boundary probe
S4,S4,Idealized 113/114 cap-derived geometric schedule,110039999,6399470,0.06399470,16648134460760530,166481344.60760530,boundary probe
S4,S4,Idealized 113/114 cap-derived geometric schedule,110040000,6343334,0.06343334,16648134467160000,166481344.67160000,boundary probe
S4,S4,Idealized 113/114 cap-derived geometric schedule,110040001,6343334,0.06343334,16648134473503334,166481344.73503334,boundary probe
S4,S4,Idealized 113/114 cap-derived geometric schedule,110249999,6343334,0.06343334,16649466560956666,166494665.60956666,boundary probe
S4,S4,Idealized 113/114 cap-derived geometric schedule,110250000,6287690,0.06287690,16649466567300000,166494665.67300000,boundary probe
S4,S4,Idealized 113/114 cap-derived geometric schedule,110250001,6287690,0.06287690,16649466573587690,166494665.73587690,boundary probe
S4,S4,Idealized 113/114 cap-derived geometric schedule,110459999,6287690,0.06287690,16650786975912310,166507869.75912310,boundary probe
S4,S4,Idealized 113/114 cap-derived geometric schedule,110460000,6232534,0.06232534,16650786982200000,166507869.82200000,boundary probe
S4,S4,Idealized 113/114 cap-derived geometric schedule,110460001,6232534,0.06232534,16650786988432534,166507869.88432534,boundary probe
S4,S4,Idealized 113/114 cap-derived geometric schedule,110669999,6232534,0.06232534,16652095808107466,166520958.08107466,boundary probe
S4,S4,Idealized 113/114 cap-derived geometric schedule,110670000,6177862,0.06177862,16652095814340000,166520958.14340000,boundary probe
S4,S4,Idealized 113/114 cap-derived geometric schedule,110670001,6177862,0.06177862,16652095820517862,166520958.20517862,boundary probe
S4,S4,Idealized 113/114 cap-derived geometric schedule,110879999,6177862,0.06177862,16653393159182138,166533931.59182138,boundary probe
S4,S4,Idealized 113/114 cap-derived geometric schedule,110880000,6123670,0.06123670,16653393165360000,166533931.65360000,boundary probe
S4,S4,Idealized 113/114 cap-derived geometric schedule,110880001,6123670,0.06123670,16653393171483670,166533931.71483670,boundary probe
S4,S4,Idealized 113/114 cap-derived geometric schedule,111089999,6123670,0.06123670,16654679129936330,166546791.29936330,boundary probe
S4,S4,Idealized 113/114 cap-derived geometric schedule,111090000,6069953,0.06069953,16654679136060000,166546791.36060000,boundary probe
S4,S4,Idealized 113/114 cap-derived geometric schedule,111090001,6069953,0.06069953,16654679142129953,166546791.42129953,boundary probe
S4,S4,Idealized 113/114 cap-derived geometric schedule,111299999,6069953,0.06069953,16655953820120047,166559538.20120047,boundary probe
S4,S4,Idealized 113/114 cap-derived geometric schedule,111300000,6016707,0.06016707,16655953826190000,166559538.26190000,boundary probe
S4,S4,Idealized 113/114 cap-derived geometric schedule,111300001,6016707,0.06016707,16655953832206707,166559538.32206707,boundary probe
S4,S4,Idealized 113/114 cap-derived geometric schedule,111509999,6016707,0.06016707,16657217328643293,166572173.28643293,boundary probe
S4,S4,Idealized 113/114 cap-derived geometric schedule,111510000,5963928,0.05963928,16657217334660000,166572173.34660000,boundary probe
S4,S4,Idealized 113/114 cap-derived geometric schedule,111510001,5963928,0.05963928,16657217340623928,166572173.40623928,boundary probe
S4,S4,Idealized 113/114 cap-derived geometric schedule,111719999,5963928,0.05963928,16658469753576072,166584697.53576072,boundary probe
S4,S4,Idealized 113/114 cap-derived geometric schedule,111720000,5911612,0.05911612,16658469759540000,166584697.59540000,boundary probe
S4,S4,Idealized 113/114 cap-derived geometric schedule,111720001,5911612,0.05911612,16658469765451612,166584697.65451612,boundary probe
S4,S4,Idealized 113/114 cap-derived geometric schedule,111929999,5911612,0.05911612,16659711192148388,166597111.92148388,boundary probe
S4,S4,Idealized 113/114 cap-derived geometric schedule,111930000,5859755,0.05859755,16659711198060000,166597111.98060000,boundary probe
S4,S4,Idealized 113/114 cap-derived geometric schedule,111930001,5859755,0.05859755,16659711203919755,166597112.03919755,boundary probe
S4,S4,Idealized 113/114 cap-derived geometric schedule,112139999,5859755,0.05859755,16660941740750245,166609417.40750245,boundary probe
S4,S4,Idealized 113/114 cap-derived geometric schedule,112140000,5808353,0.05808353,16660941746610000,166609417.46610000,boundary probe
S4,S4,Idealized 113/114 cap-derived geometric schedule,112140001,5808353,0.05808353,16660941752418353,166609417.52418353,boundary probe
S4,S4,Idealized 113/114 cap-derived geometric schedule,112349999,5808353,0.05808353,16662161494931647,166621614.94931647,boundary probe
S4,S4,Idealized 113/114 cap-derived geometric schedule,112350000,5757402,0.05757402,16662161500740000,166621615.00740000,boundary probe
S4,S4,Idealized 113/114 cap-derived geometric schedule,112350001,5757402,0.05757402,16662161506497402,166621615.06497402,boundary probe
S4,S4,Idealized 113/114 cap-derived geometric schedule,112559999,5757402,0.05757402,16663370549402598,166633705.49402598,boundary probe
S4,S4,Idealized 113/114 cap-derived geometric schedule,112560000,5706898,0.05706898,16663370555160000,166633705.55160000,boundary probe
S4,S4,Idealized 113/114 cap-derived geometric schedule,112560001,5706898,0.05706898,16663370560866898,166633705.60866898,boundary probe
S4,S4,Idealized 113/114 cap-derived geometric schedule,112769999,5706898,0.05706898,16664568998033102,166645689.98033102,boundary probe
S4,S4,Idealized 113/114 cap-derived geometric schedule,112770000,5656837,0.05656837,16664569003740000,166645690.03740000,boundary probe
S4,S4,Idealized 113/114 cap-derived geometric schedule,112770001,5656837,0.05656837,16664569009396837,166645690.09396837,boundary probe
S4,S4,Idealized 113/114 cap-derived geometric schedule,112979999,5656837,0.05656837,16665756933853163,166657569.33853163,boundary probe
S4,S4,Idealized 113/114 cap-derived geometric schedule,112980000,5607215,0.05607215,16665756939510000,166657569.39510000,boundary probe
S4,S4,Idealized 113/114 cap-derived geometric schedule,112980001,5607215,0.05607215,16665756945117215,166657569.45117215,boundary probe
S4,S4,Idealized 113/114 cap-derived geometric schedule,113189999,5607215,0.05607215,16666934449052785,166669344.49052785,boundary probe
S4,S4,Idealized 113/114 cap-derived geometric schedule,113190000,5558028,0.05558028,16666934454660000,166669344.54660000,boundary probe
S4,S4,Idealized 113/114 cap-derived geometric schedule,113190001,5558028,0.05558028,16666934460218028,166669344.60218028,boundary probe
S4,S4,Idealized 113/114 cap-derived geometric schedule,113399999,5558028,0.05558028,16668101634981972,166681016.34981972,boundary probe
S4,S4,Idealized 113/114 cap-derived geometric schedule,113400000,5509273,0.05509273,16668101640540000,166681016.40540000,boundary probe
S4,S4,Idealized 113/114 cap-derived geometric schedule,113400001,5509273,0.05509273,16668101646049273,166681016.46049273,boundary probe
S4,S4,Idealized 113/114 cap-derived geometric schedule,113609999,5509273,0.05509273,16669258582360727,166692585.82360727,boundary probe
S4,S4,Idealized 113/114 cap-derived geometric schedule,113610000,5460946,0.05460946,16669258587870000,166692585.87870000,boundary probe
S4,S4,Idealized 113/114 cap-derived geometric schedule,113610001,5460946,0.05460946,16669258593330946,166692585.93330946,boundary probe
S4,S4,Idealized 113/114 cap-derived geometric schedule,113819999,5460946,0.05460946,16670405381069054,166704053.81069054,boundary probe
S4,S4,Idealized 113/114 cap-derived geometric schedule,113820000,5413042,0.05413042,16670405386530000,166704053.86530000,boundary probe
S4,S4,Idealized 113/114 cap-derived geometric schedule,113820001,5413042,0.05413042,16670405391943042,166704053.91943042,boundary probe
S4,S4,Idealized 113/114 cap-derived geometric schedule,114029999,5413042,0.05413042,16671542119936958,166715421.19936958,boundary probe
S4,S4,Idealized 113/114 cap-derived geometric schedule,114030000,5365559,0.05365559,16671542125350000,166715421.25350000,boundary probe
S4,S4,Idealized 113/114 cap-derived geometric schedule,114030001,5365559,0.05365559,16671542130715559,166715421.30715559,boundary probe
S4,S4,Idealized 113/114 cap-derived geometric schedule,114239999,5365559,0.05365559,16672668887374441,166726688.87374441,boundary probe
S4,S4,Idealized 113/114 cap-derived geometric schedule,114240000,5318492,0.05318492,16672668892740000,166726688.92740000,boundary probe
S4,S4,Idealized 113/114 cap-derived geometric schedule,114240001,5318492,0.05318492,16672668898058492,166726688.98058492,boundary probe
S4,S4,Idealized 113/114 cap-derived geometric schedule,114449999,5318492,0.05318492,16673785770741508,166737857.70741508,boundary probe
S4,S4,Idealized 113/114 cap-derived geometric schedule,114450000,5271838,0.05271838,16673785776060000,166737857.76060000,boundary probe
S4,S4,Idealized 113/114 cap-derived geometric schedule,114450001,5271838,0.05271838,16673785781331838,166737857.81331838,boundary probe
S4,S4,Idealized 113/114 cap-derived geometric schedule,114659999,5271838,0.05271838,16674892856768162,166748928.56768162,boundary probe
S4,S4,Idealized 113/114 cap-derived geometric schedule,114660000,5225593,0.05225593,16674892862040000,166748928.62040000,boundary probe
S4,S4,Idealized 113/114 cap-derived geometric schedule,114660001,5225593,0.05225593,16674892867265593,166748928.67265593,boundary probe
S4,S4,Idealized 113/114 cap-derived geometric schedule,114869999,5225593,0.05225593,16675990231344407,166759902.31344407,boundary probe
S4,S4,Idealized 113/114 cap-derived geometric schedule,114870000,5179754,0.05179754,16675990236570000,166759902.36570000,boundary probe
S4,S4,Idealized 113/114 cap-derived geometric schedule,114870001,5179754,0.05179754,16675990241749754,166759902.41749754,boundary probe
S4,S4,Idealized 113/114 cap-derived geometric schedule,115079999,5179754,0.05179754,16677077979730246,166770779.79730246,boundary probe
S4,S4,Idealized 113/114 cap-derived geometric schedule,115080000,5134317,0.05134317,16677077984910000,166770779.84910000,boundary probe
S4,S4,Idealized 113/114 cap-derived geometric schedule,115080001,5134317,0.05134317,16677077990044317,166770779.90044317,boundary probe
S4,S4,Idealized 113/114 cap-derived geometric schedule,115289999,5134317,0.05134317,16678156186345683,166781561.86345683,boundary probe
S4,S4,Idealized 113/114 cap-derived geometric schedule,115290000,5089279,0.05089279,16678156191480000,166781561.91480000,boundary probe
S4,S4,Idealized 113/114 cap-derived geometric schedule,115290001,5089279,0.05089279,16678156196569279,166781561.96569279,boundary probe
S4,S4,Idealized 113/114 cap-derived geometric schedule,115499999,5089279,0.05089279,16679224934980721,166792249.34980721,boundary probe
S4,S4,Idealized 113/114 cap-derived geometric schedule,115500000,5044636,0.05044636,16679224940070000,166792249.40070000,boundary probe
S4,S4,Idealized 113/114 cap-derived geometric schedule,115500001,5044636,0.05044636,16679224945114636,166792249.45114636,boundary probe
S4,S4,Idealized 113/114 cap-derived geometric schedule,115709999,5044636,0.05044636,16680284308585364,166802843.08585364,boundary probe
S4,S4,Idealized 113/114 cap-derived geometric schedule,115710000,5000384,0.05000384,16680284313630000,166802843.13630000,boundary probe
S4,S4,Idealized 113/114 cap-derived geometric schedule,115710001,5000384,0.05000384,16680284318630384,166802843.18630384,boundary probe
S4,S4,Idealized 113/114 cap-derived geometric schedule,115919999,5000384,0.05000384,16681334389269616,166813343.89269616,boundary probe
S4,S4,Idealized 113/114 cap-derived geometric schedule,115920000,4956520,0.04956520,16681334394270000,166813343.94270000,boundary probe
S4,S4,Idealized 113/114 cap-derived geometric schedule,115920001,4956520,0.04956520,16681334399226520,166813343.99226520,boundary probe
S4,S4,Idealized 113/114 cap-derived geometric schedule,116129999,4956520,0.04956520,16682375258513480,166823752.58513480,boundary probe
S4,S4,Idealized 113/114 cap-derived geometric schedule,116130000,4913041,0.04913041,16682375263470000,166823752.63470000,boundary probe
S4,S4,Idealized 113/114 cap-derived geometric schedule,116130001,4913041,0.04913041,16682375268383041,166823752.68383041,boundary probe
S4,S4,Idealized 113/114 cap-derived geometric schedule,116339999,4913041,0.04913041,16683406997166959,166834069.97166959,boundary probe
S4,S4,Idealized 113/114 cap-derived geometric schedule,116340000,4869944,0.04869944,16683407002080000,166834070.02080000,boundary probe
S4,S4,Idealized 113/114 cap-derived geometric schedule,116340001,4869944,0.04869944,16683407006949944,166834070.06949944,boundary probe
S4,S4,Idealized 113/114 cap-derived geometric schedule,116549999,4869944,0.04869944,16684429685450056,166844296.85450056,boundary probe
S4,S4,Idealized 113/114 cap-derived geometric schedule,116550000,4827225,0.04827225,16684429690320000,166844296.90320000,boundary probe
S4,S4,Idealized 113/114 cap-derived geometric schedule,116550001,4827225,0.04827225,16684429695147225,166844296.95147225,boundary probe
S4,S4,Idealized 113/114 cap-derived geometric schedule,116759999,4827225,0.04827225,16685443402742775,166854434.02742775,boundary probe
S4,S4,Idealized 113/114 cap-derived geometric schedule,116760000,4784880,0.04784880,16685443407570000,166854434.07570000,boundary probe
S4,S4,Idealized 113/114 cap-derived geometric schedule,116760001,4784880,0.04784880,16685443412354880,166854434.12354880,boundary probe
S4,S4,Idealized 113/114 cap-derived geometric schedule,116969999,4784880,0.04784880,16686448227585120,166864482.27585120,boundary probe
S4,S4,Idealized 113/114 cap-derived geometric schedule,116970000,4742907,0.04742907,16686448232370000,166864482.32370000,boundary probe
S4,S4,Idealized 113/114 cap-derived geometric schedule,116970001,4742907,0.04742907,16686448237112907,166864482.37112907,boundary probe
S4,S4,Idealized 113/114 cap-derived geometric schedule,117179999,4742907,0.04742907,16687444238097093,166874442.38097093,boundary probe
S4,S4,Idealized 113/114 cap-derived geometric schedule,117180000,4701302,0.04701302,16687444242840000,166874442.42840000,boundary probe
S4,S4,Idealized 113/114 cap-derived geometric schedule,117180001,4701302,0.04701302,16687444247541302,166874442.47541302,boundary probe
S4,S4,Idealized 113/114 cap-derived geometric schedule,117389999,4701302,0.04701302,16688431511558698,166884315.11558698,boundary probe
S4,S4,Idealized 113/114 cap-derived geometric schedule,117390000,4660062,0.04660062,16688431516260000,166884315.16260000,boundary probe
S4,S4,Idealized 113/114 cap-derived geometric schedule,117390001,4660062,0.04660062,16688431520920062,166884315.20920062,boundary probe
S4,S4,Idealized 113/114 cap-derived geometric schedule,117599999,4660062,0.04660062,16689410124619938,166894101.24619938,boundary probe
S4,S4,Idealized 113/114 cap-derived geometric schedule,117600000,4619184,0.04619184,16689410129280000,166894101.29280000,boundary probe
S4,S4,Idealized 113/114 cap-derived geometric schedule,117600001,4619184,0.04619184,16689410133899184,166894101.33899184,boundary probe
S4,S4,Idealized 113/114 cap-derived geometric schedule,117809999,4619184,0.04619184,16690380153300816,166903801.53300816,boundary probe
S4,S4,Idealized 113/114 cap-derived geometric schedule,117810000,4578664,0.04578664,16690380157920000,166903801.57920000,boundary probe
S4,S4,Idealized 113/114 cap-derived geometric schedule,117810001,4578664,0.04578664,16690380162498664,166903801.62498664,boundary probe
S4,S4,Idealized 113/114 cap-derived geometric schedule,118019999,4578664,0.04578664,16691341672781336,166913416.72781336,boundary probe
S4,S4,Idealized 113/114 cap-derived geometric schedule,118020000,4538500,0.04538500,16691341677360000,166913416.77360000,boundary probe
S4,S4,Idealized 113/114 cap-derived geometric schedule,118020001,4538500,0.04538500,16691341681898500,166913416.81898500,boundary probe
S4,S4,Idealized 113/114 cap-derived geometric schedule,118229999,4538500,0.04538500,16692294757821500,166922947.57821500,boundary probe
S4,S4,Idealized 113/114 cap-derived geometric schedule,118230000,4498688,0.04498688,16692294762360000,166922947.62360000,boundary probe
S4,S4,Idealized 113/114 cap-derived geometric schedule,118230001,4498688,0.04498688,16692294766858688,166922947.66858688,boundary probe
S4,S4,Idealized 113/114 cap-derived geometric schedule,118439999,4498688,0.04498688,16693239482341312,166932394.82341312,boundary probe
S4,S4,Idealized 113/114 cap-derived geometric schedule,118440000,4459225,0.04459225,16693239486840000,166932394.86840000,boundary probe
S4,S4,Idealized 113/114 cap-derived geometric schedule,118440001,4459225,0.04459225,16693239491299225,166932394.91299225,boundary probe
S4,S4,Idealized 113/114 cap-derived geometric schedule,118649999,4459225,0.04459225,16694175919630775,166941759.19630775,boundary probe
S4,S4,Idealized 113/114 cap-derived geometric schedule,118650000,4420108,0.04420108,16694175924090000,166941759.24090000,boundary probe
S4,S4,Idealized 113/114 cap-derived geometric schedule,118650001,4420108,0.04420108,16694175928510108,166941759.28510108,boundary probe
S4,S4,Idealized 113/114 cap-derived geometric schedule,118859999,4420108,0.04420108,16695104142349892,166951041.42349892,boundary probe
S4,S4,Idealized 113/114 cap-derived geometric schedule,118860000,4381335,0.04381335,16695104146770000,166951041.46770000,boundary probe
S4,S4,Idealized 113/114 cap-derived geometric schedule,118860001,4381335,0.04381335,16695104151151335,166951041.51151335,boundary probe
S4,S4,Idealized 113/114 cap-derived geometric schedule,119069999,4381335,0.04381335,16696024222738665,166960242.22738665,boundary probe
S4,S4,Idealized 113/114 cap-derived geometric schedule,119070000,4342902,0.04342902,16696024227120000,166960242.27120000,boundary probe
S4,S4,Idealized 113/114 cap-derived geometric schedule,119070001,4342902,0.04342902,16696024231462902,166960242.31462902,boundary probe
S4,S4,Idealized 113/114 cap-derived geometric schedule,119279999,4342902,0.04342902,16696936232197098,166969362.32197098,boundary probe
S4,S4,Idealized 113/114 cap-derived geometric schedule,119280000,4304806,0.04304806,16696936236540000,166969362.36540000,boundary probe
S4,S4,Idealized 113/114 cap-derived geometric schedule,119280001,4304806,0.04304806,16696936240844806,166969362.40844806,boundary probe
S4,S4,Idealized 113/114 cap-derived geometric schedule,119489999,4304806,0.04304806,16697840241495194,166978402.41495194,boundary probe
S4,S4,Idealized 113/114 cap-derived geometric schedule,119490000,4267044,0.04267044,16697840245800000,166978402.45800000,boundary probe
S4,S4,Idealized 113/114 cap-derived geometric schedule,119490001,4267044,0.04267044,16697840250067044,166978402.50067044,boundary probe
S4,S4,Idealized 113/114 cap-derived geometric schedule,119699999,4267044,0.04267044,16698736320772956,166987363.20772956,boundary probe
S4,S4,Idealized 113/114 cap-derived geometric schedule,119700000,4229613,0.04229613,16698736325040000,166987363.25040000,boundary probe
S4,S4,Idealized 113/114 cap-derived geometric schedule,119700001,4229613,0.04229613,16698736329269613,166987363.29269613,boundary probe
S4,S4,Idealized 113/114 cap-derived geometric schedule,119909999,4229613,0.04229613,16699624539540387,166996245.39540387,boundary probe
S4,S4,Idealized 113/114 cap-derived geometric schedule,119910000,4192511,0.04192511,16699624543770000,166996245.43770000,boundary probe
S4,S4,Idealized 113/114 cap-derived geometric schedule,119910001,4192511,0.04192511,16699624547962511,166996245.47962511,boundary probe
S4,S4,Idealized 113/114 cap-derived geometric schedule,120119999,4192511,0.04192511,16700504966887489,167005049.66887489,boundary probe
S4,S4,Idealized 113/114 cap-derived geometric schedule,120120000,4155734,0.04155734,16700504971080000,167005049.71080000,boundary probe
S4,S4,Idealized 113/114 cap-derived geometric schedule,120120001,4155734,0.04155734,16700504975235734,167005049.75235734,boundary probe
S4,S4,Idealized 113/114 cap-derived geometric schedule,120329999,4155734,0.04155734,16701377671064266,167013776.71064266,boundary probe
S4,S4,Idealized 113/114 cap-derived geometric schedule,120330000,4119280,0.04119280,16701377675220000,167013776.75220000,boundary probe
S4,S4,Idealized 113/114 cap-derived geometric schedule,120330001,4119280,0.04119280,16701377679339280,167013776.79339280,boundary probe
S4,S4,Idealized 113/114 cap-derived geometric schedule,120539999,4119280,0.04119280,16702242719900720,167022427.19900720,boundary probe
S4,S4,Idealized 113/114 cap-derived geometric schedule,120540000,4083145,0.04083145,16702242724020000,167022427.24020000,boundary probe
S4,S4,Idealized 113/114 cap-derived geometric schedule,120540001,4083145,0.04083145,16702242728103145,167022427.28103145,boundary probe
S4,S4,Idealized 113/114 cap-derived geometric schedule,120749999,4083145,0.04083145,16703100180386855,167031001.80386855,boundary probe
S4,S4,Idealized 113/114 cap-derived geometric schedule,120750000,4047327,0.04047327,16703100184470000,167031001.84470000,boundary probe
S4,S4,Idealized 113/114 cap-derived geometric schedule,120750001,4047327,0.04047327,16703100188517327,167031001.88517327,boundary probe
S4,S4,Idealized 113/114 cap-derived geometric schedule,120959999,4047327,0.04047327,16703950119092673,167039501.19092673,boundary probe
S4,S4,Idealized 113/114 cap-derived geometric schedule,120960000,4011824,0.04011824,16703950123140000,167039501.23140000,boundary probe
S4,S4,Idealized 113/114 cap-derived geometric schedule,120960001,4011824,0.04011824,16703950127151824,167039501.27151824,boundary probe
S4,S4,Idealized 113/114 cap-derived geometric schedule,121169999,4011824,0.04011824,16704792602168176,167047926.02168176,boundary probe
S4,S4,Idealized 113/114 cap-derived geometric schedule,121170000,3976632,0.03976632,16704792606180000,167047926.06180000,boundary probe
S4,S4,Idealized 113/114 cap-derived geometric schedule,121170001,3976632,0.03976632,16704792610156632,167047926.10156632,boundary probe
S4,S4,Idealized 113/114 cap-derived geometric schedule,121379999,3976632,0.03976632,16705627694923368,167056276.94923368,boundary probe
S4,S4,Idealized 113/114 cap-derived geometric schedule,121380000,3941749,0.03941749,16705627698900000,167056276.98900000,boundary probe
S4,S4,Idealized 113/114 cap-derived geometric schedule,121380001,3941749,0.03941749,16705627702841749,167056277.02841749,boundary probe
S4,S4,Idealized 113/114 cap-derived geometric schedule,121589999,3941749,0.03941749,16706455462248251,167064554.62248251,boundary probe
S4,S4,Idealized 113/114 cap-derived geometric schedule,121590000,3907172,0.03907172,16706455466190000,167064554.66190000,boundary probe
S4,S4,Idealized 113/114 cap-derived geometric schedule,121590001,3907172,0.03907172,16706455470097172,167064554.70097172,boundary probe
S4,S4,Idealized 113/114 cap-derived geometric schedule,121799999,3907172,0.03907172,16707275968402828,167072759.68402828,boundary probe
S4,S4,Idealized 113/114 cap-derived geometric schedule,121800000,3872898,0.03872898,16707275972310000,167072759.72310000,boundary probe
S4,S4,Idealized 113/114 cap-derived geometric schedule,121800001,3872898,0.03872898,16707275976182898,167072759.76182898,boundary probe
S4,S4,Idealized 113/114 cap-derived geometric schedule,122009999,3872898,0.03872898,16708089277017102,167080892.77017102,boundary probe
S4,S4,Idealized 113/114 cap-derived geometric schedule,122010000,3838925,0.03838925,16708089280890000,167080892.80890000,boundary probe
S4,S4,Idealized 113/114 cap-derived geometric schedule,122010001,3838925,0.03838925,16708089284728925,167080892.84728925,boundary probe
S4,S4,Idealized 113/114 cap-derived geometric schedule,122219999,3838925,0.03838925,16708895451301075,167088954.51301075,boundary probe
S4,S4,Idealized 113/114 cap-derived geometric schedule,122220000,3805250,0.03805250,16708895455140000,167088954.55140000,boundary probe
S4,S4,Idealized 113/114 cap-derived geometric schedule,122220001,3805250,0.03805250,16708895458945250,167088954.58945250,boundary probe
S4,S4,Idealized 113/114 cap-derived geometric schedule,122429999,3805250,0.03805250,16709694553834750,167096945.53834750,boundary probe
S4,S4,Idealized 113/114 cap-derived geometric schedule,122430000,3771870,0.03771870,16709694557640000,167096945.57640000,boundary probe
S4,S4,Idealized 113/114 cap-derived geometric schedule,122430001,3771870,0.03771870,16709694561411870,167096945.61411870,boundary probe
S4,S4,Idealized 113/114 cap-derived geometric schedule,122639999,3771870,0.03771870,16710486646568130,167104866.46568130,boundary probe
S4,S4,Idealized 113/114 cap-derived geometric schedule,122640000,3738783,0.03738783,16710486650340000,167104866.50340000,boundary probe
S4,S4,Idealized 113/114 cap-derived geometric schedule,122640001,3738783,0.03738783,16710486654078783,167104866.54078783,boundary probe
S4,S4,Idealized 113/114 cap-derived geometric schedule,122849999,3738783,0.03738783,16711271791031217,167112717.91031217,boundary probe
S4,S4,Idealized 113/114 cap-derived geometric schedule,122850000,3705986,0.03705986,16711271794770000,167112717.94770000,boundary probe
S4,S4,Idealized 113/114 cap-derived geometric schedule,122850001,3705986,0.03705986,16711271798475986,167112717.98475986,boundary probe
S4,S4,Idealized 113/114 cap-derived geometric schedule,123059999,3705986,0.03705986,16712050048124014,167120500.48124014,boundary probe
S4,S4,Idealized 113/114 cap-derived geometric schedule,123060000,3673477,0.03673477,16712050051830000,167120500.51830000,boundary probe
S4,S4,Idealized 113/114 cap-derived geometric schedule,123060001,3673477,0.03673477,16712050055503477,167120500.55503477,boundary probe
S4,S4,Idealized 113/114 cap-derived geometric schedule,123269999,3673477,0.03673477,16712821478326523,167128214.78326523,boundary probe
S4,S4,Idealized 113/114 cap-derived geometric schedule,123270000,3641253,0.03641253,16712821482000000,167128214.82000000,boundary probe
S4,S4,Idealized 113/114 cap-derived geometric schedule,123270001,3641253,0.03641253,16712821485641253,167128214.85641253,boundary probe
S4,S4,Idealized 113/114 cap-derived geometric schedule,123479999,3641253,0.03641253,16713586141488747,167135861.41488747,boundary probe
S4,S4,Idealized 113/114 cap-derived geometric schedule,123480000,3609312,0.03609312,16713586145130000,167135861.45130000,boundary probe
S4,S4,Idealized 113/114 cap-derived geometric schedule,123480001,3609312,0.03609312,16713586148739312,167135861.48739312,boundary probe
S4,S4,Idealized 113/114 cap-derived geometric schedule,123689999,3609312,0.03609312,16714344097040688,167143440.97040688,boundary probe
S4,S4,Idealized 113/114 cap-derived geometric schedule,123690000,3577651,0.03577651,16714344100650000,167143441.00650000,boundary probe
S4,S4,Idealized 113/114 cap-derived geometric schedule,123690001,3577651,0.03577651,16714344104227651,167143441.04227651,boundary probe
S4,S4,Idealized 113/114 cap-derived geometric schedule,123899999,3577651,0.03577651,16715095403782349,167150954.03782349,boundary probe
S4,S4,Idealized 113/114 cap-derived geometric schedule,123900000,3546268,0.03546268,16715095407360000,167150954.07360000,boundary probe
S4,S4,Idealized 113/114 cap-derived geometric schedule,123900001,3546268,0.03546268,16715095410906268,167150954.10906268,boundary probe
S4,S4,Idealized 113/114 cap-derived geometric schedule,124109999,3546268,0.03546268,16715840120093732,167158401.20093732,boundary probe
S4,S4,Idealized 113/114 cap-derived geometric schedule,124110000,3515160,0.03515160,16715840123640000,167158401.23640000,boundary probe
S4,S4,Idealized 113/114 cap-derived geometric schedule,124110001,3515160,0.03515160,16715840127155160,167158401.27155160,boundary probe
S4,S4,Idealized 113/114 cap-derived geometric schedule,124319999,3515160,0.03515160,16716578303724840,167165783.03724840,boundary probe
S4,S4,Idealized 113/114 cap-derived geometric schedule,124320000,3484325,0.03484325,16716578307240000,167165783.07240000,boundary probe
S4,S4,Idealized 113/114 cap-derived geometric schedule,124320001,3484325,0.03484325,16716578310724325,167165783.10724325,boundary probe
S4,S4,Idealized 113/114 cap-derived geometric schedule,124529999,3484325,0.03484325,16717310012005675,167173100.12005675,boundary probe
S4,S4,Idealized 113/114 cap-derived geometric schedule,124530000,3453760,0.03453760,16717310015490000,167173100.15490000,boundary probe
S4,S4,Idealized 113/114 cap-derived geometric schedule,124530001,3453760,0.03453760,16717310018943760,167173100.18943760,boundary probe
S4,S4,Idealized 113/114 cap-derived geometric schedule,124739999,3453760,0.03453760,16718035301636240,167180353.01636240,boundary probe
S4,S4,Idealized 113/114 cap-derived geometric schedule,124740000,3423463,0.03423463,16718035305090000,167180353.05090000,boundary probe
S4,S4,Idealized 113/114 cap-derived geometric schedule,124740001,3423463,0.03423463,16718035308513463,167180353.08513463,boundary probe
S4,S4,Idealized 113/114 cap-derived geometric schedule,124949999,3423463,0.03423463,16718754228896537,167187542.28896537,boundary probe
S4,S4,Idealized 113/114 cap-derived geometric schedule,124950000,3393432,0.03393432,16718754232320000,167187542.32320000,boundary probe
S4,S4,Idealized 113/114 cap-derived geometric schedule,124950001,3393432,0.03393432,16718754235713432,167187542.35713432,boundary probe
S4,S4,Idealized 113/114 cap-derived geometric schedule,125159999,3393432,0.03393432,16719466849646568,167194668.49646568,boundary probe
S4,S4,Idealized 113/114 cap-derived geometric schedule,125160000,3363665,0.03363665,16719466853040000,167194668.53040000,boundary probe
S4,S4,Idealized 113/114 cap-derived geometric schedule,125160001,3363665,0.03363665,16719466856403665,167194668.56403665,boundary probe
S4,S4,Idealized 113/114 cap-derived geometric schedule,125369999,3363665,0.03363665,16720173219326335,167201732.19326335,boundary probe
S4,S4,Idealized 113/114 cap-derived geometric schedule,125370000,3334159,0.03334159,16720173222690000,167201732.22690000,boundary probe
S4,S4,Idealized 113/114 cap-derived geometric schedule,125370001,3334159,0.03334159,16720173226024159,167201732.26024159,boundary probe
S4,S4,Idealized 113/114 cap-derived geometric schedule,125579999,3334159,0.03334159,16720873392745841,167208733.92745841,boundary probe
S4,S4,Idealized 113/114 cap-derived geometric schedule,125580000,3304911,0.03304911,16720873396080000,167208733.96080000,boundary probe
S4,S4,Idealized 113/114 cap-derived geometric schedule,125580001,3304911,0.03304911,16720873399384911,167208733.99384911,boundary probe
S4,S4,Idealized 113/114 cap-derived geometric schedule,125789999,3304911,0.03304911,16721567424085089,167215674.24085089,boundary probe
S4,S4,Idealized 113/114 cap-derived geometric schedule,125790000,3275920,0.03275920,16721567427390000,167215674.27390000,boundary probe
S4,S4,Idealized 113/114 cap-derived geometric schedule,125790001,3275920,0.03275920,16721567430665920,167215674.30665920,boundary probe
S4,S4,Idealized 113/114 cap-derived geometric schedule,125999999,3275920,0.03275920,16722255367314080,167222553.67314080,boundary probe
S4,S4,Idealized 113/114 cap-derived geometric schedule,126000000,3247183,0.03247183,16722255370590000,167222553.70590000,boundary probe
S4,S4,Idealized 113/114 cap-derived geometric schedule,126000001,3247183,0.03247183,16722255373837183,167222553.73837183,boundary probe
S4,S4,Idealized 113/114 cap-derived geometric schedule,126209999,3247183,0.03247183,16722937275772817,167229372.75772817,boundary probe
S4,S4,Idealized 113/114 cap-derived geometric schedule,126210000,3218698,0.03218698,16722937279020000,167229372.79020000,boundary probe
S4,S4,Idealized 113/114 cap-derived geometric schedule,126210001,3218698,0.03218698,16722937282238698,167229372.82238698,boundary probe
S4,S4,Idealized 113/114 cap-derived geometric schedule,126419999,3218698,0.03218698,16723613202381302,167236132.02381302,boundary probe
S4,S4,Idealized 113/114 cap-derived geometric schedule,126420000,3190463,0.03190463,16723613205600000,167236132.05600000,boundary probe
S4,S4,Idealized 113/114 cap-derived geometric schedule,126420001,3190463,0.03190463,16723613208790463,167236132.08790463,boundary probe
S4,S4,Idealized 113/114 cap-derived geometric schedule,126629999,3190463,0.03190463,16724283199639537,167242831.99639537,boundary probe
S4,S4,Idealized 113/114 cap-derived geometric schedule,126630000,3162476,0.03162476,16724283202830000,167242832.02830000,boundary probe
S4,S4,Idealized 113/114 cap-derived geometric schedule,126630001,3162476,0.03162476,16724283205992476,167242832.05992476,boundary probe
S4,S4,Idealized 113/114 cap-derived geometric schedule,126839999,3162476,0.03162476,16724947319627524,167249473.19627524,boundary probe
S4,S4,Idealized 113/114 cap-derived geometric schedule,126840000,3134734,0.03134734,16724947322790000,167249473.22790000,boundary probe
S4,S4,Idealized 113/114 cap-derived geometric schedule,126840001,3134734,0.03134734,16724947325924734,167249473.25924734,boundary probe
S4,S4,Idealized 113/114 cap-derived geometric schedule,127049999,3134734,0.03134734,16725605613795266,167256056.13795266,boundary probe
S4,S4,Idealized 113/114 cap-derived geometric schedule,127050000,3107236,0.03107236,16725605616930000,167256056.16930000,boundary probe
S4,S4,Idealized 113/114 cap-derived geometric schedule,127050001,3107236,0.03107236,16725605620037236,167256056.20037236,boundary probe
S4,S4,Idealized 113/114 cap-derived geometric schedule,127259999,3107236,0.03107236,16726258133382764,167262581.33382764,boundary probe
S4,S4,Idealized 113/114 cap-derived geometric schedule,127260000,3079979,0.03079979,16726258136490000,167262581.36490000,boundary probe
S4,S4,Idealized 113/114 cap-derived geometric schedule,127260001,3079979,0.03079979,16726258139569979,167262581.39569979,boundary probe
S4,S4,Idealized 113/114 cap-derived geometric schedule,127469999,3079979,0.03079979,16726904929000021,167269049.29000021,boundary probe
S4,S4,Idealized 113/114 cap-derived geometric schedule,127470000,3052961,0.03052961,16726904932080000,167269049.32080000,boundary probe
S4,S4,Idealized 113/114 cap-derived geometric schedule,127470001,3052961,0.03052961,16726904935132961,167269049.35132961,boundary probe
S4,S4,Idealized 113/114 cap-derived geometric schedule,127679999,3052961,0.03052961,16727546050837039,167275460.50837039,boundary probe
S4,S4,Idealized 113/114 cap-derived geometric schedule,127680000,3026180,0.03026180,16727546053890000,167275460.53890000,boundary probe
S4,S4,Idealized 113/114 cap-derived geometric schedule,127680001,3026180,0.03026180,16727546056916180,167275460.56916180,boundary probe
S4,S4,Idealized 113/114 cap-derived geometric schedule,127889999,3026180,0.03026180,16728181548663820,167281815.48663820,boundary probe
S4,S4,Idealized 113/114 cap-derived geometric schedule,127890000,2999634,0.02999634,16728181551690000,167281815.51690000,boundary probe
S4,S4,Idealized 113/114 cap-derived geometric schedule,127890001,2999634,0.02999634,16728181554689634,167281815.54689634,boundary probe
S4,S4,Idealized 113/114 cap-derived geometric schedule,128099999,2999634,0.02999634,16728811471830366,167288114.71830366,boundary probe
S4,S4,Idealized 113/114 cap-derived geometric schedule,128100000,2973321,0.02973321,16728811474830000,167288114.74830000,boundary probe
S4,S4,Idealized 113/114 cap-derived geometric schedule,128100001,2973321,0.02973321,16728811477803321,167288114.77803321,boundary probe
S4,S4,Idealized 113/114 cap-derived geometric schedule,128309999,2973321,0.02973321,16729435869266679,167294358.69266679,boundary probe
S4,S4,Idealized 113/114 cap-derived geometric schedule,128310000,2947239,0.02947239,16729435872240000,167294358.72240000,boundary probe
S4,S4,Idealized 113/114 cap-derived geometric schedule,128310001,2947239,0.02947239,16729435875187239,167294358.75187239,boundary probe
S4,S4,Idealized 113/114 cap-derived geometric schedule,128519999,2947239,0.02947239,16730054789482761,167300547.89482761,boundary probe
S4,S4,Idealized 113/114 cap-derived geometric schedule,128520000,2921386,0.02921386,16730054792430000,167300547.92430000,boundary probe
S4,S4,Idealized 113/114 cap-derived geometric schedule,128520001,2921386,0.02921386,16730054795351386,167300547.95351386,boundary probe
S4,S4,Idealized 113/114 cap-derived geometric schedule,128729999,2921386,0.02921386,16730668280568614,167306682.80568614,boundary probe
S4,S4,Idealized 113/114 cap-derived geometric schedule,128730000,2895759,0.02895759,16730668283490000,167306682.83490000,boundary probe
S4,S4,Idealized 113/114 cap-derived geometric schedule,128730001,2895759,0.02895759,16730668286385759,167306682.86385759,boundary probe
S4,S4,Idealized 113/114 cap-derived geometric schedule,128939999,2895759,0.02895759,16731276389984241,167312763.89984241,boundary probe
S4,S4,Idealized 113/114 cap-derived geometric schedule,128940000,2870357,0.02870357,16731276392880000,167312763.92880000,boundary probe
S4,S4,Idealized 113/114 cap-derived geometric schedule,128940001,2870357,0.02870357,16731276395750357,167312763.95750357,boundary probe
S4,S4,Idealized 113/114 cap-derived geometric schedule,129149999,2870357,0.02870357,16731879164979643,167318791.64979643,boundary probe
S4,S4,Idealized 113/114 cap-derived geometric schedule,129150000,2845178,0.02845178,16731879167850000,167318791.67850000,boundary probe
S4,S4,Idealized 113/114 cap-derived geometric schedule,129150001,2845178,0.02845178,16731879170695178,167318791.70695178,boundary probe
S4,S4,Idealized 113/114 cap-derived geometric schedule,129359999,2845178,0.02845178,16732476652384822,167324766.52384822,boundary probe
S4,S4,Idealized 113/114 cap-derived geometric schedule,129360000,2820220,0.02820220,16732476655230000,167324766.55230000,boundary probe
S4,S4,Idealized 113/114 cap-derived geometric schedule,129360001,2820220,0.02820220,16732476658050220,167324766.58050220,boundary probe
S4,S4,Idealized 113/114 cap-derived geometric schedule,129569999,2820220,0.02820220,16733068898609780,167330688.98609780,boundary probe
S4,S4,Idealized 113/114 cap-derived geometric schedule,129570000,2795481,0.02795481,16733068901430000,167330689.01430000,boundary probe
S4,S4,Idealized 113/114 cap-derived geometric schedule,129570001,2795481,0.02795481,16733068904225481,167330689.04225481,boundary probe
S4,S4,Idealized 113/114 cap-derived geometric schedule,129779999,2795481,0.02795481,16733655949644519,167336559.49644519,boundary probe
S4,S4,Idealized 113/114 cap-derived geometric schedule,129780000,2770959,0.02770959,16733655952440000,167336559.52440000,boundary probe
S4,S4,Idealized 113/114 cap-derived geometric schedule,129780001,2770959,0.02770959,16733655955210959,167336559.55210959,boundary probe
S4,S4,Idealized 113/114 cap-derived geometric schedule,129989999,2770959,0.02770959,16734237851059041,167342378.51059041,boundary probe
S4,S4,Idealized 113/114 cap-derived geometric schedule,129990000,2746652,0.02746652,16734237853830000,167342378.53830000,boundary probe
S4,S4,Idealized 113/114 cap-derived geometric schedule,129990001,2746652,0.02746652,16734237856576652,167342378.56576652,boundary probe
S4,S4,Idealized 113/114 cap-derived geometric schedule,130199999,2746652,0.02746652,16734814648003348,167348146.48003348,boundary probe
S4,S4,Idealized 113/114 cap-derived geometric schedule,130200000,2722558,0.02722558,16734814650750000,167348146.50750000,boundary probe
S4,S4,Idealized 113/114 cap-derived geometric schedule,130200001,2722558,0.02722558,16734814653472558,167348146.53472558,boundary probe
S4,S4,Idealized 113/114 cap-derived geometric schedule,130409999,2722558,0.02722558,16735386385207442,167353863.85207442,boundary probe
S4,S4,Idealized 113/114 cap-derived geometric schedule,130410000,2698675,0.02698675,16735386387930000,167353863.87930000,boundary probe
S4,S4,Idealized 113/114 cap-derived geometric schedule,130410001,2698675,0.02698675,16735386390628675,167353863.90628675,boundary probe
S4,S4,Idealized 113/114 cap-derived geometric schedule,130619999,2698675,0.02698675,16735953106981325,167359531.06981325,boundary probe
S4,S4,Idealized 113/114 cap-derived geometric schedule,130620000,2675002,0.02675002,16735953109680000,167359531.09680000,boundary probe
S4,S4,Idealized 113/114 cap-derived geometric schedule,130620001,2675002,0.02675002,16735953112355002,167359531.12355002,boundary probe
S4,S4,Idealized 113/114 cap-derived geometric schedule,130829999,2675002,0.02675002,16736514857424998,167365148.57424998,boundary probe
S4,S4,Idealized 113/114 cap-derived geometric schedule,130830000,2651537,0.02651537,16736514860100000,167365148.60100000,boundary probe
S4,S4,Idealized 113/114 cap-derived geometric schedule,130830001,2651537,0.02651537,16736514862751537,167365148.62751537,boundary probe
S4,S4,Idealized 113/114 cap-derived geometric schedule,131039999,2651537,0.02651537,16737071680218463,167370716.80218463,boundary probe
S4,S4,Idealized 113/114 cap-derived geometric schedule,131040000,2628277,0.02628277,16737071682870000,167370716.82870000,boundary probe
S4,S4,Idealized 113/114 cap-derived geometric schedule,131040001,2628277,0.02628277,16737071685498277,167370716.85498277,boundary probe
S4,S4,Idealized 113/114 cap-derived geometric schedule,131249999,2628277,0.02628277,16737623618411723,167376236.18411723,boundary probe
S4,S4,Idealized 113/114 cap-derived geometric schedule,131250000,2605221,0.02605221,16737623621040000,167376236.21040000,boundary probe
S4,S4,Idealized 113/114 cap-derived geometric schedule,131250001,2605221,0.02605221,16737623623645221,167376236.23645221,boundary probe
S4,S4,Idealized 113/114 cap-derived geometric schedule,131459999,2605221,0.02605221,16738170714844779,167381707.14844779,boundary probe
S4,S4,Idealized 113/114 cap-derived geometric schedule,131460000,2582368,0.02582368,16738170717450000,167381707.17450000,boundary probe
S4,S4,Idealized 113/114 cap-derived geometric schedule,131460001,2582368,0.02582368,16738170720032368,167381707.20032368,boundary probe
S4,S4,Idealized 113/114 cap-derived geometric schedule,131669999,2582368,0.02582368,16738713012147632,167387130.12147632,boundary probe
S4,S4,Idealized 113/114 cap-derived geometric schedule,131670000,2559715,0.02559715,16738713014730000,167387130.14730000,boundary probe
S4,S4,Idealized 113/114 cap-derived geometric schedule,131670001,2559715,0.02559715,16738713017289715,167387130.17289715,boundary probe
S4,S4,Idealized 113/114 cap-derived geometric schedule,131879999,2559715,0.02559715,16739250552320285,167392505.52320285,boundary probe
S4,S4,Idealized 113/114 cap-derived geometric schedule,131880000,2537261,0.02537261,16739250554880000,167392505.54880000,boundary probe
S4,S4,Idealized 113/114 cap-derived geometric schedule,131880001,2537261,0.02537261,16739250557417261,167392505.57417261,boundary probe
S4,S4,Idealized 113/114 cap-derived geometric schedule,132089999,2537261,0.02537261,16739783377152739,167397833.77152739,boundary probe
S4,S4,Idealized 113/114 cap-derived geometric schedule,132090000,2515004,0.02515004,16739783379690000,167397833.79690000,boundary probe
S4,S4,Idealized 113/114 cap-derived geometric schedule,132090001,2515004,0.02515004,16739783382205004,167397833.82205004,boundary probe
S4,S4,Idealized 113/114 cap-derived geometric schedule,132299999,2515004,0.02515004,16740311528014996,167403115.28014996,boundary probe
S4,S4,Idealized 113/114 cap-derived geometric schedule,132300000,2492942,0.02492942,16740311530530000,167403115.30530000,boundary probe
S4,S4,Idealized 113/114 cap-derived geometric schedule,132300001,2492942,0.02492942,16740311533022942,167403115.33022942,boundary probe
S4,S4,Idealized 113/114 cap-derived geometric schedule,132509999,2492942,0.02492942,16740835045857058,167408350.45857058,boundary probe
S4,S4,Idealized 113/114 cap-derived geometric schedule,132510000,2471074,0.02471074,16740835048350000,167408350.48350000,boundary probe
S4,S4,Idealized 113/114 cap-derived geometric schedule,132510001,2471074,0.02471074,16740835050821074,167408350.50821074,boundary probe
S4,S4,Idealized 113/114 cap-derived geometric schedule,132719999,2471074,0.02471074,16741353971418926,167413539.71418926,boundary probe
S4,S4,Idealized 113/114 cap-derived geometric schedule,132720000,2449397,0.02449397,16741353973890000,167413539.73890000,boundary probe
S4,S4,Idealized 113/114 cap-derived geometric schedule,132720001,2449397,0.02449397,16741353976339397,167413539.76339397,boundary probe
S4,S4,Idealized 113/114 cap-derived geometric schedule,132929999,2449397,0.02449397,16741868344810603,167418683.44810603,boundary probe
S4,S4,Idealized 113/114 cap-derived geometric schedule,132930000,2427911,0.02427911,16741868347260000,167418683.47260000,boundary probe
S4,S4,Idealized 113/114 cap-derived geometric schedule,132930001,2427911,0.02427911,16741868349687911,167418683.49687911,boundary probe
S4,S4,Idealized 113/114 cap-derived geometric schedule,133139999,2427911,0.02427911,16742378206142089,167423782.06142089,boundary probe
S4,S4,Idealized 113/114 cap-derived geometric schedule,133140000,2406613,0.02406613,16742378208570000,167423782.08570000,boundary probe
S4,S4,Idealized 113/114 cap-derived geometric schedule,133140001,2406613,0.02406613,16742378210976613,167423782.10976613,boundary probe
S4,S4,Idealized 113/114 cap-derived geometric schedule,133349999,2406613,0.02406613,16742883594893387,167428835.94893387,boundary probe
S4,S4,Idealized 113/114 cap-derived geometric schedule,133350000,2385502,0.02385502,16742883597300000,167428835.97300000,boundary probe
S4,S4,Idealized 113/114 cap-derived geometric schedule,133350001,2385502,0.02385502,16742883599685502,167428835.99685502,boundary probe
S4,S4,Idealized 113/114 cap-derived geometric schedule,133559999,2385502,0.02385502,16743384550334498,167433845.50334498,boundary probe
S4,S4,Idealized 113/114 cap-derived geometric schedule,133560000,2364576,0.02364576,16743384552720000,167433845.52720000,boundary probe
S4,S4,Idealized 113/114 cap-derived geometric schedule,133560001,2364576,0.02364576,16743384555084576,167433845.55084576,boundary probe
S4,S4,Idealized 113/114 cap-derived geometric schedule,133769999,2364576,0.02364576,16743881111315424,167438811.11315424,boundary probe
S4,S4,Idealized 113/114 cap-derived geometric schedule,133770000,2343834,0.02343834,16743881113680000,167438811.13680000,boundary probe
S4,S4,Idealized 113/114 cap-derived geometric schedule,133770001,2343834,0.02343834,16743881116023834,167438811.16023834,boundary probe
S4,S4,Idealized 113/114 cap-derived geometric schedule,133979999,2343834,0.02343834,16744373316476166,167443733.16476166,boundary probe
S4,S4,Idealized 113/114 cap-derived geometric schedule,133980000,2323274,0.02323274,16744373318820000,167443733.18820000,boundary probe
S4,S4,Idealized 113/114 cap-derived geometric schedule,133980001,2323274,0.02323274,16744373321143274,167443733.21143274,boundary probe
S4,S4,Idealized 113/114 cap-derived geometric schedule,134189999,2323274,0.02323274,16744861204036726,167448612.04036726,boundary probe
S4,S4,Idealized 113/114 cap-derived geometric schedule,134190000,2302894,0.02302894,16744861206360000,167448612.06360000,boundary probe
S4,S4,Idealized 113/114 cap-derived geometric schedule,134190001,2302894,0.02302894,16744861208662894,167448612.08662894,boundary probe
S4,S4,Idealized 113/114 cap-derived geometric schedule,134399999,2302894,0.02302894,16745344811797106,167453448.11797106,boundary probe
S4,S4,Idealized 113/114 cap-derived geometric schedule,134400000,2282693,0.02282693,16745344814100000,167453448.14100000,boundary probe
S4,S4,Idealized 113/114 cap-derived geometric schedule,134400001,2282693,0.02282693,16745344816382693,167453448.16382693,boundary probe
S4,S4,Idealized 113/114 cap-derived geometric schedule,134609999,2282693,0.02282693,16745824177347307,167458241.77347307,boundary probe
S4,S4,Idealized 113/114 cap-derived geometric schedule,134610000,2262669,0.02262669,16745824179630000,167458241.79630000,boundary probe
S4,S4,Idealized 113/114 cap-derived geometric schedule,134610001,2262669,0.02262669,16745824181892669,167458241.81892669,boundary probe
S4,S4,Idealized 113/114 cap-derived geometric schedule,134819999,2262669,0.02262669,16746299337857331,167462993.37857331,boundary probe
S4,S4,Idealized 113/114 cap-derived geometric schedule,134820000,2242821,0.02242821,16746299340120000,167462993.40120000,boundary probe
S4,S4,Idealized 113/114 cap-derived geometric schedule,134820001,2242821,0.02242821,16746299342362821,167462993.42362821,boundary probe
S4,S4,Idealized 113/114 cap-derived geometric schedule,135029999,2242821,0.02242821,16746770330287179,167467703.30287179,boundary probe
S4,S4,Idealized 113/114 cap-derived geometric schedule,135030000,2223147,0.02223147,16746770332530000,167467703.32530000,boundary probe
S4,S4,Idealized 113/114 cap-derived geometric schedule,135030001,2223147,0.02223147,16746770334753147,167467703.34753147,boundary probe
S4,S4,Idealized 113/114 cap-derived geometric schedule,135239999,2223147,0.02223147,16747237191176853,167472371.91176853,boundary probe
S4,S4,Idealized 113/114 cap-derived geometric schedule,135240000,2203645,0.02203645,16747237193400000,167472371.93400000,boundary probe
S4,S4,Idealized 113/114 cap-derived geometric schedule,135240001,2203645,0.02203645,16747237195603645,167472371.95603645,boundary probe
S4,S4,Idealized 113/114 cap-derived geometric schedule,135449999,2203645,0.02203645,16747699956646355,167476999.56646355,boundary probe
S4,S4,Idealized 113/114 cap-derived geometric schedule,135450000,2184314,0.02184314,16747699958850000,167476999.58850000,boundary probe
S4,S4,Idealized 113/114 cap-derived geometric schedule,135450001,2184314,0.02184314,16747699961034314,167476999.61034314,boundary probe
S4,S4,Idealized 113/114 cap-derived geometric schedule,135659999,2184314,0.02184314,16748158662605686,167481586.62605686,boundary probe
S4,S4,Idealized 113/114 cap-derived geometric schedule,135660000,2165153,0.02165153,16748158664790000,167481586.64790000,boundary probe
S4,S4,Idealized 113/114 cap-derived geometric schedule,135660001,2165153,0.02165153,16748158666955153,167481586.66955153,boundary probe
S4,S4,Idealized 113/114 cap-derived geometric schedule,135869999,2165153,0.02165153,16748613344754847,167486133.44754847,boundary probe
S4,S4,Idealized 113/114 cap-derived geometric schedule,135870000,2146160,0.02146160,16748613346920000,167486133.46920000,boundary probe
S4,S4,Idealized 113/114 cap-derived geometric schedule,135870001,2146160,0.02146160,16748613349066160,167486133.49066160,boundary probe
S4,S4,Idealized 113/114 cap-derived geometric schedule,136079999,2146160,0.02146160,16749064038373840,167490640.38373840,boundary probe
S4,S4,Idealized 113/114 cap-derived geometric schedule,136080000,2127334,0.02127334,16749064040520000,167490640.40520000,boundary probe
S4,S4,Idealized 113/114 cap-derived geometric schedule,136080001,2127334,0.02127334,16749064042647334,167490640.42647334,boundary probe
S4,S4,Idealized 113/114 cap-derived geometric schedule,136289999,2127334,0.02127334,16749510778532666,167495107.78532666,boundary probe
S4,S4,Idealized 113/114 cap-derived geometric schedule,136290000,2108673,0.02108673,16749510780660000,167495107.80660000,boundary probe
S4,S4,Idealized 113/114 cap-derived geometric schedule,136290001,2108673,0.02108673,16749510782768673,167495107.82768673,boundary probe
S4,S4,Idealized 113/114 cap-derived geometric schedule,136499999,2108673,0.02108673,16749953599881327,167499535.99881327,boundary probe
S4,S4,Idealized 113/114 cap-derived geometric schedule,136500000,2090175,0.02090175,16749953601990000,167499536.01990000,boundary probe
S4,S4,Idealized 113/114 cap-derived geometric schedule,136500001,2090175,0.02090175,16749953604080175,167499536.04080175,boundary probe
S4,S4,Idealized 113/114 cap-derived geometric schedule,136709999,2090175,0.02090175,16750392536649825,167503925.36649825,boundary probe
S4,S4,Idealized 113/114 cap-derived geometric schedule,136710000,2071840,0.02071840,16750392538740000,167503925.38740000,boundary probe
S4,S4,Idealized 113/114 cap-derived geometric schedule,136710001,2071840,0.02071840,16750392540811840,167503925.40811840,boundary probe
S4,S4,Idealized 113/114 cap-derived geometric schedule,136919999,2071840,0.02071840,16750827623068160,167508276.23068160,boundary probe
S4,S4,Idealized 113/114 cap-derived geometric schedule,136920000,2053665,0.02053665,16750827625140000,167508276.25140000,boundary probe
S4,S4,Idealized 113/114 cap-derived geometric schedule,136920001,2053665,0.02053665,16750827627193665,167508276.27193665,boundary probe
S4,S4,Idealized 113/114 cap-derived geometric schedule,137129999,2053665,0.02053665,16751258892736335,167512588.92736335,boundary probe
S4,S4,Idealized 113/114 cap-derived geometric schedule,137130000,2035650,0.02035650,16751258894790000,167512588.94790000,boundary probe
S4,S4,Idealized 113/114 cap-derived geometric schedule,137130001,2035650,0.02035650,16751258896825650,167512588.96825650,boundary probe
S4,S4,Idealized 113/114 cap-derived geometric schedule,137339999,2035650,0.02035650,16751686379254350,167516863.79254350,boundary probe
S4,S4,Idealized 113/114 cap-derived geometric schedule,137340000,2017793,0.02017793,16751686381290000,167516863.81290000,boundary probe
S4,S4,Idealized 113/114 cap-derived geometric schedule,137340001,2017793,0.02017793,16751686383307793,167516863.83307793,boundary probe
S4,S4,Idealized 113/114 cap-derived geometric schedule,137549999,2017793,0.02017793,16752110115802207,167521101.15802207,boundary probe
S4,S4,Idealized 113/114 cap-derived geometric schedule,137550000,2000093,0.02000093,16752110117820000,167521101.17820000,boundary probe
S4,S4,Idealized 113/114 cap-derived geometric schedule,137550001,2000093,0.02000093,16752110119820093,167521101.19820093,boundary probe
S4,S4,Idealized 113/114 cap-derived geometric schedule,137759999,2000093,0.02000093,16752530135349907,167525301.35349907,boundary probe
S4,S4,Idealized 113/114 cap-derived geometric schedule,137760000,1982548,0.01982548,16752530137350000,167525301.37350000,boundary probe
S4,S4,Idealized 113/114 cap-derived geometric schedule,137760001,1982548,0.01982548,16752530139332548,167525301.39332548,boundary probe
S4,S4,Idealized 113/114 cap-derived geometric schedule,137969999,1982548,0.01982548,16752946470447452,167529464.70447452,boundary probe
S4,S4,Idealized 113/114 cap-derived geometric schedule,137970000,1965157,0.01965157,16752946472430000,167529464.72430000,boundary probe
S4,S4,Idealized 113/114 cap-derived geometric schedule,137970001,1965157,0.01965157,16752946474395157,167529464.74395157,boundary probe
S4,S4,Idealized 113/114 cap-derived geometric schedule,138179999,1965157,0.01965157,16753359153434843,167533591.53434843,boundary probe
S4,S4,Idealized 113/114 cap-derived geometric schedule,138180000,1947918,0.01947918,16753359155400000,167533591.55400000,boundary probe
S4,S4,Idealized 113/114 cap-derived geometric schedule,138180001,1947918,0.01947918,16753359157347918,167533591.57347918,boundary probe
S4,S4,Idealized 113/114 cap-derived geometric schedule,138389999,1947918,0.01947918,16753768216232082,167537682.16232082,boundary probe
S4,S4,Idealized 113/114 cap-derived geometric schedule,138390000,1930831,0.01930831,16753768218180000,167537682.18180000,boundary probe
S4,S4,Idealized 113/114 cap-derived geometric schedule,138390001,1930831,0.01930831,16753768220110831,167537682.20110831,boundary probe
S4,S4,Idealized 113/114 cap-derived geometric schedule,138599999,1930831,0.01930831,16754173690759169,167541736.90759169,boundary probe
S4,S4,Idealized 113/114 cap-derived geometric schedule,138600000,1913893,0.01913893,16754173692690000,167541736.92690000,boundary probe
S4,S4,Idealized 113/114 cap-derived geometric schedule,138600001,1913893,0.01913893,16754173694603893,167541736.94603893,boundary probe
S4,S4,Idealized 113/114 cap-derived geometric schedule,138809999,1913893,0.01913893,16754575608306107,167545756.08306107,boundary probe
S4,S4,Idealized 113/114 cap-derived geometric schedule,138810000,1897104,0.01897104,16754575610220000,167545756.10220000,boundary probe
S4,S4,Idealized 113/114 cap-derived geometric schedule,138810001,1897104,0.01897104,16754575612117104,167545756.12117104,boundary probe
S4,S4,Idealized 113/114 cap-derived geometric schedule,139019999,1897104,0.01897104,16754974000162896,167549740.00162896,boundary probe
S4,S4,Idealized 113/114 cap-derived geometric schedule,139020000,1880462,0.01880462,16754974002060000,167549740.02060000,boundary probe
S4,S4,Idealized 113/114 cap-derived geometric schedule,139020001,1880462,0.01880462,16754974003940462,167549740.03940462,boundary probe
S4,S4,Idealized 113/114 cap-derived geometric schedule,139229999,1880462,0.01880462,16755368897199538,167553688.97199538,boundary probe
S4,S4,Idealized 113/114 cap-derived geometric schedule,139230000,1863966,0.01863966,16755368899080000,167553688.99080000,boundary probe
S4,S4,Idealized 113/114 cap-derived geometric schedule,139230001,1863966,0.01863966,16755368900943966,167553689.00943966,boundary probe
S4,S4,Idealized 113/114 cap-derived geometric schedule,139439999,1863966,0.01863966,16755760330076034,167557603.30076034,boundary probe
S4,S4,Idealized 113/114 cap-derived geometric schedule,139440000,1847615,0.01847615,16755760331940000,167557603.31940000,boundary probe
S4,S4,Idealized 113/114 cap-derived geometric schedule,139440001,1847615,0.01847615,16755760333787615,167557603.33787615,boundary probe
S4,S4,Idealized 113/114 cap-derived geometric schedule,139649999,1847615,0.01847615,16756148329242385,167561483.29242385,boundary probe
S4,S4,Idealized 113/114 cap-derived geometric schedule,139650000,1831407,0.01831407,16756148331090000,167561483.31090000,boundary probe
S4,S4,Idealized 113/114 cap-derived geometric schedule,139650001,1831407,0.01831407,16756148332921407,167561483.32921407,boundary probe
S4,S4,Idealized 113/114 cap-derived geometric schedule,139859999,1831407,0.01831407,16756532924728593,167565329.24728593,boundary probe
S4,S4,Idealized 113/114 cap-derived geometric schedule,139860000,1815342,0.01815342,16756532926560000,167565329.26560000,boundary probe
S4,S4,Idealized 113/114 cap-derived geometric schedule,139860001,1815342,0.01815342,16756532928375342,167565329.28375342,boundary probe
S4,S4,Idealized 113/114 cap-derived geometric schedule,140069999,1815342,0.01815342,16756914146564658,167569141.46564658,boundary probe
S4,S4,Idealized 113/114 cap-derived geometric schedule,140070000,1799417,0.01799417,16756914148380000,167569141.48380000,boundary probe
S4,S4,Idealized 113/114 cap-derived geometric schedule,140070001,1799417,0.01799417,16756914150179417,167569141.50179417,boundary probe
S4,S4,Idealized 113/114 cap-derived geometric schedule,140279999,1799417,0.01799417,16757292024150583,167572920.24150583,boundary probe
S4,S4,Idealized 113/114 cap-derived geometric schedule,140280000,1783632,0.01783632,16757292025950000,167572920.25950000,boundary probe
S4,S4,Idealized 113/114 cap-derived geometric schedule,140280001,1783632,0.01783632,16757292027733632,167572920.27733632,boundary probe
S4,S4,Idealized 113/114 cap-derived geometric schedule,140489999,1783632,0.01783632,16757666586886368,167576665.86886368,boundary probe
S4,S4,Idealized 113/114 cap-derived geometric schedule,140490000,1767986,0.01767986,16757666588670000,167576665.88670000,boundary probe
S4,S4,Idealized 113/114 cap-derived geometric schedule,140490001,1767986,0.01767986,16757666590437986,167576665.90437986,boundary probe
S4,S4,Idealized 113/114 cap-derived geometric schedule,140699999,1767986,0.01767986,16758037863962014,167580378.63962014,boundary probe
S4,S4,Idealized 113/114 cap-derived geometric schedule,140700000,1752477,0.01752477,16758037865730000,167580378.65730000,boundary probe
S4,S4,Idealized 113/114 cap-derived geometric schedule,140700001,1752477,0.01752477,16758037867482477,167580378.67482477,boundary probe
S4,S4,Idealized 113/114 cap-derived geometric schedule,140909999,1752477,0.01752477,16758405884147523,167584058.84147523,boundary probe
S4,S4,Idealized 113/114 cap-derived geometric schedule,140910000,1737104,0.01737104,16758405885900000,167584058.85900000,boundary probe
S4,S4,Idealized 113/114 cap-derived geometric schedule,140910001,1737104,0.01737104,16758405887637104,167584058.87637104,boundary probe
S4,S4,Idealized 113/114 cap-derived geometric schedule,141119999,1737104,0.01737104,16758770676002896,167587706.76002896,boundary probe
S4,S4,Idealized 113/114 cap-derived geometric schedule,141120000,1721866,0.01721866,16758770677740000,167587706.77740000,boundary probe
S4,S4,Idealized 113/114 cap-derived geometric schedule,141120001,1721866,0.01721866,16758770679461866,167587706.79461866,boundary probe
S4,S4,Idealized 113/114 cap-derived geometric schedule,141329999,1721866,0.01721866,16759132267878134,167591322.67878134,boundary probe
S4,S4,Idealized 113/114 cap-derived geometric schedule,141330000,1706761,0.01706761,16759132269600000,167591322.69600000,boundary probe
S4,S4,Idealized 113/114 cap-derived geometric schedule,141330001,1706761,0.01706761,16759132271306761,167591322.71306761,boundary probe
S4,S4,Idealized 113/114 cap-derived geometric schedule,141539999,1706761,0.01706761,16759490687703239,167594906.87703239,boundary probe
S4,S4,Idealized 113/114 cap-derived geometric schedule,141540000,1691789,0.01691789,16759490689410000,167594906.89410000,boundary probe
S4,S4,Idealized 113/114 cap-derived geometric schedule,141540001,1691789,0.01691789,16759490691101789,167594906.91101789,boundary probe
S4,S4,Idealized 113/114 cap-derived geometric schedule,141749999,1691789,0.01691789,16759845963408211,167598459.63408211,boundary probe
S4,S4,Idealized 113/114 cap-derived geometric schedule,141750000,1676948,0.01676948,16759845965100000,167598459.65100000,boundary probe
S4,S4,Idealized 113/114 cap-derived geometric schedule,141750001,1676948,0.01676948,16759845966776948,167598459.66776948,boundary probe
S4,S4,Idealized 113/114 cap-derived geometric schedule,141959999,1676948,0.01676948,16760198122503052,167601981.22503052,boundary probe
S4,S4,Idealized 113/114 cap-derived geometric schedule,141960000,1662237,0.01662237,16760198124180000,167601981.24180000,boundary probe
S4,S4,Idealized 113/114 cap-derived geometric schedule,141960001,1662237,0.01662237,16760198125842237,167601981.25842237,boundary probe
S4,S4,Idealized 113/114 cap-derived geometric schedule,142169999,1662237,0.01662237,16760547192287763,167605471.92287763,boundary probe
S4,S4,Idealized 113/114 cap-derived geometric schedule,142170000,1647655,0.01647655,16760547193950000,167605471.93950000,boundary probe
S4,S4,Idealized 113/114 cap-derived geometric schedule,142170001,1647655,0.01647655,16760547195597655,167605471.95597655,boundary probe
S4,S4,Idealized 113/114 cap-derived geometric schedule,142379999,1647655,0.01647655,16760893199852345,167608931.99852345,boundary probe
S4,S4,Idealized 113/114 cap-derived geometric schedule,142380000,1633201,0.01633201,16760893201500000,167608932.01500000,boundary probe
S4,S4,Idealized 113/114 cap-derived geometric schedule,142380001,1633201,0.01633201,16760893203133201,167608932.03133201,boundary probe
S4,S4,Idealized 113/114 cap-derived geometric schedule,142589999,1633201,0.01633201,16761236172076799,167612361.72076799,boundary probe
S4,S4,Idealized 113/114 cap-derived geometric schedule,142590000,1618874,0.01618874,16761236173710000,167612361.73710000,boundary probe
S4,S4,Idealized 113/114 cap-derived geometric schedule,142590001,1618874,0.01618874,16761236175328874,167612361.75328874,boundary probe
S4,S4,Idealized 113/114 cap-derived geometric schedule,142799999,1618874,0.01618874,16761576135631126,167615761.35631126,boundary probe
S4,S4,Idealized 113/114 cap-derived geometric schedule,142800000,1604673,0.01604673,16761576137250000,167615761.37250000,boundary probe
S4,S4,Idealized 113/114 cap-derived geometric schedule,142800001,1604673,0.01604673,16761576138854673,167615761.38854673,boundary probe
S4,S4,Idealized 113/114 cap-derived geometric schedule,143009999,1604673,0.01604673,16761913116975327,167619131.16975327,boundary probe
S4,S4,Idealized 113/114 cap-derived geometric schedule,143010000,1590596,0.01590596,16761913118580000,167619131.18580000,boundary probe
S4,S4,Idealized 113/114 cap-derived geometric schedule,143010001,1590596,0.01590596,16761913120170596,167619131.20170596,boundary probe
S4,S4,Idealized 113/114 cap-derived geometric schedule,143219999,1590596,0.01590596,16762247142149404,167622471.42149404,boundary probe
S4,S4,Idealized 113/114 cap-derived geometric schedule,143220000,1576643,0.01576643,16762247143740000,167622471.43740000,boundary probe
S4,S4,Idealized 113/114 cap-derived geometric schedule,143220001,1576643,0.01576643,16762247145316643,167622471.45316643,boundary probe
S4,S4,Idealized 113/114 cap-derived geometric schedule,143429999,1576643,0.01576643,16762578237193357,167625782.37193357,boundary probe
S4,S4,Idealized 113/114 cap-derived geometric schedule,143430000,1562812,0.01562812,16762578238770000,167625782.38770000,boundary probe
S4,S4,Idealized 113/114 cap-derived geometric schedule,143430001,1562812,0.01562812,16762578240332812,167625782.40332812,boundary probe
S4,S4,Idealized 113/114 cap-derived geometric schedule,143639999,1562812,0.01562812,16762906427727188,167629064.27727188,boundary probe
S4,S4,Idealized 113/114 cap-derived geometric schedule,143640000,1549103,0.01549103,16762906429290000,167629064.29290000,boundary probe
S4,S4,Idealized 113/114 cap-derived geometric schedule,143640001,1549103,0.01549103,16762906430839103,167629064.30839103,boundary probe
S4,S4,Idealized 113/114 cap-derived geometric schedule,143849999,1549103,0.01549103,16763231739370897,167632317.39370897,boundary probe
S4,S4,Idealized 113/114 cap-derived geometric schedule,143850000,1535514,0.01535514,16763231740920000,167632317.40920000,boundary probe
S4,S4,Idealized 113/114 cap-derived geometric schedule,143850001,1535514,0.01535514,16763231742455514,167632317.42455514,boundary probe
S4,S4,Idealized 113/114 cap-derived geometric schedule,144059999,1535514,0.01535514,16763554197324486,167635541.97324486,boundary probe
S4,S4,Idealized 113/114 cap-derived geometric schedule,144060000,1522044,0.01522044,16763554198860000,167635541.98860000,boundary probe
S4,S4,Idealized 113/114 cap-derived geometric schedule,144060001,1522044,0.01522044,16763554200382044,167635542.00382044,boundary probe
S4,S4,Idealized 113/114 cap-derived geometric schedule,144269999,1522044,0.01522044,16763873826577956,167638738.26577956,boundary probe
S4,S4,Idealized 113/114 cap-derived geometric schedule,144270000,1508692,0.01508692,16763873828100000,167638738.28100000,boundary probe
S4,S4,Idealized 113/114 cap-derived geometric schedule,144270001,1508692,0.01508692,16763873829608692,167638738.29608692,boundary probe
S4,S4,Idealized 113/114 cap-derived geometric schedule,144479999,1508692,0.01508692,16764190651911308,167641906.51911308,boundary probe
S4,S4,Idealized 113/114 cap-derived geometric schedule,144480000,1495457,0.01495457,16764190653420000,167641906.53420000,boundary probe
S4,S4,Idealized 113/114 cap-derived geometric schedule,144480001,1495457,0.01495457,16764190654915457,167641906.54915457,boundary probe
S4,S4,Idealized 113/114 cap-derived geometric schedule,144689999,1495457,0.01495457,16764504697894543,167645046.97894543,boundary probe
S4,S4,Idealized 113/114 cap-derived geometric schedule,144690000,1482338,0.01482338,16764504699390000,167645046.99390000,boundary probe
S4,S4,Idealized 113/114 cap-derived geometric schedule,144690001,1482338,0.01482338,16764504700872338,167645047.00872338,boundary probe
S4,S4,Idealized 113/114 cap-derived geometric schedule,144899999,1482338,0.01482338,16764815988887662,167648159.88887662,boundary probe
S4,S4,Idealized 113/114 cap-derived geometric schedule,144900000,1469335,0.01469335,16764815990370000,167648159.90370000,boundary probe
S4,S4,Idealized 113/114 cap-derived geometric schedule,144900001,1469335,0.01469335,16764815991839335,167648159.91839335,boundary probe
S4,S4,Idealized 113/114 cap-derived geometric schedule,145109999,1469335,0.01469335,16765124549250665,167651245.49250665,boundary probe
S4,S4,Idealized 113/114 cap-derived geometric schedule,145110000,1456446,0.01456446,16765124550720000,167651245.50720000,boundary probe
S4,S4,Idealized 113/114 cap-derived geometric schedule,145110001,1456446,0.01456446,16765124552176446,167651245.52176446,boundary probe
S4,S4,Idealized 113/114 cap-derived geometric schedule,145319999,1456446,0.01456446,16765430402923554,167654304.02923554,boundary probe
S4,S4,Idealized 113/114 cap-derived geometric schedule,145320000,1443670,0.01443670,16765430404380000,167654304.04380000,boundary probe
S4,S4,Idealized 113/114 cap-derived geometric schedule,145320001,1443670,0.01443670,16765430405823670,167654304.05823670,boundary probe
S4,S4,Idealized 113/114 cap-derived geometric schedule,145529999,1443670,0.01443670,16765733573636330,167657335.73636330,boundary probe
S4,S4,Idealized 113/114 cap-derived geometric schedule,145530000,1431006,0.01431006,16765733575080000,167657335.75080000,boundary probe
S4,S4,Idealized 113/114 cap-derived geometric schedule,145530001,1431006,0.01431006,16765733576511006,167657335.76511006,boundary probe
S4,S4,Idealized 113/114 cap-derived geometric schedule,145739999,1431006,0.01431006,16766034084908994,167660340.84908994,boundary probe
S4,S4,Idealized 113/114 cap-derived geometric schedule,145740000,1418453,0.01418453,16766034086340000,167660340.86340000,boundary probe
S4,S4,Idealized 113/114 cap-derived geometric schedule,145740001,1418453,0.01418453,16766034087758453,167660340.87758453,boundary probe
S4,S4,Idealized 113/114 cap-derived geometric schedule,145949999,1418453,0.01418453,16766331960051547,167663319.60051547,boundary probe
S4,S4,Idealized 113/114 cap-derived geometric schedule,145950000,1406010,0.01406010,16766331961470000,167663319.61470000,boundary probe
S4,S4,Idealized 113/114 cap-derived geometric schedule,145950001,1406010,0.01406010,16766331962876010,167663319.62876010,boundary probe
S4,S4,Idealized 113/114 cap-derived geometric schedule,146159999,1406010,0.01406010,16766627222163990,167666272.22163990,boundary probe
S4,S4,Idealized 113/114 cap-derived geometric schedule,146160000,1393676,0.01393676,16766627223570000,167666272.23570000,boundary probe
S4,S4,Idealized 113/114 cap-derived geometric schedule,146160001,1393676,0.01393676,16766627224963676,167666272.24963676,boundary probe
S4,S4,Idealized 113/114 cap-derived geometric schedule,146369999,1393676,0.01393676,16766919894136324,167669198.94136324,boundary probe
S4,S4,Idealized 113/114 cap-derived geometric schedule,146370000,1381450,0.01381450,16766919895530000,167669198.95530000,boundary probe
S4,S4,Idealized 113/114 cap-derived geometric schedule,146370001,1381450,0.01381450,16766919896911450,167669198.96911450,boundary probe
S4,S4,Idealized 113/114 cap-derived geometric schedule,146579999,1381450,0.01381450,16767209998648550,167672099.98648550,boundary probe
S4,S4,Idealized 113/114 cap-derived geometric schedule,146580000,1369332,0.01369332,16767210000030000,167672100.00030000,boundary probe
S4,S4,Idealized 113/114 cap-derived geometric schedule,146580001,1369332,0.01369332,16767210001399332,167672100.01399332,boundary probe
S4,S4,Idealized 113/114 cap-derived geometric schedule,146789999,1369332,0.01369332,16767497558380668,167674975.58380668,boundary probe
S4,S4,Idealized 113/114 cap-derived geometric schedule,146790000,1357320,0.01357320,16767497559750000,167674975.59750000,boundary probe
S4,S4,Idealized 113/114 cap-derived geometric schedule,146790001,1357320,0.01357320,16767497561107320,167674975.61107320,boundary probe
S4,S4,Idealized 113/114 cap-derived geometric schedule,146999999,1357320,0.01357320,16767782595592680,167677825.95592680,boundary probe
S4,S4,Idealized 113/114 cap-derived geometric schedule,147000000,1345413,0.01345413,16767782596950000,167677825.96950000,boundary probe
S4,S4,Idealized 113/114 cap-derived geometric schedule,147000001,1345413,0.01345413,16767782598295413,167677825.98295413,boundary probe
S4,S4,Idealized 113/114 cap-derived geometric schedule,147209999,1345413,0.01345413,16768065132334587,167680651.32334587,boundary probe
S4,S4,Idealized 113/114 cap-derived geometric schedule,147210000,1333611,0.01333611,16768065133680000,167680651.33680000,boundary probe
S4,S4,Idealized 113/114 cap-derived geometric schedule,147210001,1333611,0.01333611,16768065135013611,167680651.35013611,boundary probe
S4,S4,Idealized 113/114 cap-derived geometric schedule,147419999,1333611,0.01333611,16768345190656389,167683451.90656389,boundary probe
S4,S4,Idealized 113/114 cap-derived geometric schedule,147420000,1321912,0.01321912,16768345191990000,167683451.91990000,boundary probe
S4,S4,Idealized 113/114 cap-derived geometric schedule,147420001,1321912,0.01321912,16768345193311912,167683451.93311912,boundary probe
S4,S4,Idealized 113/114 cap-derived geometric schedule,147629999,1321912,0.01321912,16768622792188088,167686227.92188088,boundary probe
S4,S4,Idealized 113/114 cap-derived geometric schedule,147630000,1310316,0.01310316,16768622793510000,167686227.93510000,boundary probe
S4,S4,Idealized 113/114 cap-derived geometric schedule,147630001,1310316,0.01310316,16768622794820316,167686227.94820316,boundary probe
S4,S4,Idealized 113/114 cap-derived geometric schedule,147839999,1310316,0.01310316,16768897958559684,167688979.58559684,boundary probe
S4,S4,Idealized 113/114 cap-derived geometric schedule,147840000,1298822,0.01298822,16768897959870000,167688979.59870000,boundary probe
S4,S4,Idealized 113/114 cap-derived geometric schedule,147840001,1298822,0.01298822,16768897961168822,167688979.61168822,boundary probe
S4,S4,Idealized 113/114 cap-derived geometric schedule,148049999,1298822,0.01298822,16769170711191178,167691707.11191178,boundary probe
S4,S4,Idealized 113/114 cap-derived geometric schedule,148050000,1287428,0.01287428,16769170712490000,167691707.12490000,boundary probe
S4,S4,Idealized 113/114 cap-derived geometric schedule,148050001,1287428,0.01287428,16769170713777428,167691707.13777428,boundary probe
S4,S4,Idealized 113/114 cap-derived geometric schedule,148259999,1287428,0.01287428,16769441071082572,167694410.71082572,boundary probe
S4,S4,Idealized 113/114 cap-derived geometric schedule,148260000,1276134,0.01276134,16769441072370000,167694410.72370000,boundary probe
S4,S4,Idealized 113/114 cap-derived geometric schedule,148260001,1276134,0.01276134,16769441073646134,167694410.73646134,boundary probe
S4,S4,Idealized 113/114 cap-derived geometric schedule,148469999,1276134,0.01276134,16769709059233866,167697090.59233866,boundary probe
S4,S4,Idealized 113/114 cap-derived geometric schedule,148470000,1264939,0.01264939,16769709060510000,167697090.60510000,boundary probe
S4,S4,Idealized 113/114 cap-derived geometric schedule,148470001,1264939,0.01264939,16769709061774939,167697090.61774939,boundary probe
S4,S4,Idealized 113/114 cap-derived geometric schedule,148679999,1264939,0.01264939,16769974696435061,167699746.96435061,boundary probe
S4,S4,Idealized 113/114 cap-derived geometric schedule,148680000,1253843,0.01253843,16769974697700000,167699746.97700000,boundary probe
S4,S4,Idealized 113/114 cap-derived geometric schedule,148680001,1253843,0.01253843,16769974698953843,167699746.98953843,boundary probe
S4,S4,Idealized 113/114 cap-derived geometric schedule,148889999,1253843,0.01253843,16770238003476157,167702380.03476157,boundary probe
S4,S4,Idealized 113/114 cap-derived geometric schedule,148890000,1242844,0.01242844,16770238004730000,167702380.04730000,boundary probe
S4,S4,Idealized 113/114 cap-derived geometric schedule,148890001,1242844,0.01242844,16770238005972844,167702380.05972844,boundary probe
S4,S4,Idealized 113/114 cap-derived geometric schedule,149099999,1242844,0.01242844,16770499000727156,167704990.00727156,boundary probe
S4,S4,Idealized 113/114 cap-derived geometric schedule,149100000,1231941,0.01231941,16770499001970000,167704990.01970000,boundary probe
S4,S4,Idealized 113/114 cap-derived geometric schedule,149100001,1231941,0.01231941,16770499003201941,167704990.03201941,boundary probe
S4,S4,Idealized 113/114 cap-derived geometric schedule,149309999,1231941,0.01231941,16770757708348059,167707577.08348059,boundary probe
S4,S4,Idealized 113/114 cap-derived geometric schedule,149310000,1221134,0.01221134,16770757709580000,167707577.09580000,boundary probe
S4,S4,Idealized 113/114 cap-derived geometric schedule,149310001,1221134,0.01221134,16770757710801134,167707577.10801134,boundary probe
S4,S4,Idealized 113/114 cap-derived geometric schedule,149519999,1221134,0.01221134,16771014146498866,167710141.46498866,boundary probe
S4,S4,Idealized 113/114 cap-derived geometric schedule,149520000,1210422,0.01210422,16771014147720000,167710141.47720000,boundary probe
S4,S4,Idealized 113/114 cap-derived geometric schedule,149520001,1210422,0.01210422,16771014148930422,167710141.48930422,boundary probe
S4,S4,Idealized 113/114 cap-derived geometric schedule,149729999,1210422,0.01210422,16771268335129578,167712683.35129578,boundary probe
S4,S4,Idealized 113/114 cap-derived geometric schedule,149730000,1199804,0.01199804,16771268336340000,167712683.36340000,boundary probe
S4,S4,Idealized 113/114 cap-derived geometric schedule,149730001,1199804,0.01199804,16771268337539804,167712683.37539804,boundary probe
S4,S4,Idealized 113/114 cap-derived geometric schedule,149939999,1199804,0.01199804,16771520293980196,167715202.93980196,boundary probe
S4,S4,Idealized 113/114 cap-derived geometric schedule,149940000,1189279,0.01189279,16771520295180000,167715202.95180000,boundary probe
S4,S4,Idealized 113/114 cap-derived geometric schedule,149940001,1189279,0.01189279,16771520296369279,167715202.96369279,boundary probe
S4,S4,Idealized 113/114 cap-derived geometric schedule,150149999,1189279,0.01189279,16771770042580721,167717700.42580721,boundary probe
S4,S4,Idealized 113/114 cap-derived geometric schedule,150150000,1178846,0.01178846,16771770043770000,167717700.43770000,boundary probe
S4,S4,Idealized 113/114 cap-derived geometric schedule,150150001,1178846,0.01178846,16771770044948846,167717700.44948846,boundary probe
S4,S4,Idealized 113/114 cap-derived geometric schedule,150359999,1178846,0.01178846,16772017600251154,167720176.00251154,boundary probe
S4,S4,Idealized 113/114 cap-derived geometric schedule,150360000,1168505,0.01168505,16772017601430000,167720176.01430000,boundary probe
S4,S4,Idealized 113/114 cap-derived geometric schedule,150360001,1168505,0.01168505,16772017602598505,167720176.02598505,boundary probe
S4,S4,Idealized 113/114 cap-derived geometric schedule,150569999,1168505,0.01168505,16772262986311495,167722629.86311495,boundary probe
S4,S4,Idealized 113/114 cap-derived geometric schedule,150570000,1158254,0.01158254,16772262987480000,167722629.87480000,boundary probe
S4,S4,Idealized 113/114 cap-derived geometric schedule,150570001,1158254,0.01158254,16772262988638254,167722629.88638254,boundary probe
S4,S4,Idealized 113/114 cap-derived geometric schedule,150779999,1158254,0.01158254,16772506219661746,167725062.19661746,boundary probe
S4,S4,Idealized 113/114 cap-derived geometric schedule,150780000,1148093,0.01148093,16772506220820000,167725062.20820000,boundary probe
S4,S4,Idealized 113/114 cap-derived geometric schedule,150780001,1148093,0.01148093,16772506221968093,167725062.21968093,boundary probe
S4,S4,Idealized 113/114 cap-derived geometric schedule,150989999,1148093,0.01148093,16772747319201907,167727473.19201907,boundary probe
S4,S4,Idealized 113/114 cap-derived geometric schedule,150990000,1138022,0.01138022,16772747320350000,167727473.20350000,boundary probe
S4,S4,Idealized 113/114 cap-derived geometric schedule,150990001,1138022,0.01138022,16772747321488022,167727473.21488022,boundary probe
S4,S4,Idealized 113/114 cap-derived geometric schedule,151199999,1138022,0.01138022,16772986303831978,167729863.03831978,boundary probe
S4,S4,Idealized 113/114 cap-derived geometric schedule,151200000,1128039,0.01128039,16772986304970000,167729863.04970000,boundary probe
S4,S4,Idealized 113/114 cap-derived geometric schedule,151200001,1128039,0.01128039,16772986306098039,167729863.06098039,boundary probe
S4,S4,Idealized 113/114 cap-derived geometric schedule,151409999,1128039,0.01128039,16773223192031961,167732231.92031961,boundary probe
S4,S4,Idealized 113/114 cap-derived geometric schedule,151410000,1118143,0.01118143,16773223193160000,167732231.93160000,boundary probe
S4,S4,Idealized 113/114 cap-derived geometric schedule,151410001,1118143,0.01118143,16773223194278143,167732231.94278143,boundary probe
S4,S4,Idealized 113/114 cap-derived geometric schedule,151619999,1118143,0.01118143,16773458002071857,167734580.02071857,boundary probe
S4,S4,Idealized 113/114 cap-derived geometric schedule,151620000,1108334,0.01108334,16773458003190000,167734580.03190000,boundary probe
S4,S4,Idealized 113/114 cap-derived geometric schedule,151620001,1108334,0.01108334,16773458004298334,167734580.04298334,boundary probe
S4,S4,Idealized 113/114 cap-derived geometric schedule,151829999,1108334,0.01108334,16773690752221666,167736907.52221666,boundary probe
S4,S4,Idealized 113/114 cap-derived geometric schedule,151830000,1098611,0.01098611,16773690753330000,167736907.53330000,boundary probe
S4,S4,Idealized 113/114 cap-derived geometric schedule,151830001,1098611,0.01098611,16773690754428611,167736907.54428611,boundary probe
S4,S4,Idealized 113/114 cap-derived geometric schedule,152039999,1098611,0.01098611,16773921460541389,167739214.60541389,boundary probe
S4,S4,Idealized 113/114 cap-derived geometric schedule,152040000,1088974,0.01088974,16773921461640000,167739214.61640000,boundary probe
S4,S4,Idealized 113/114 cap-derived geometric schedule,152040001,1088974,0.01088974,16773921462728974,167739214.62728974,boundary probe
S4,S4,Idealized 113/114 cap-derived geometric schedule,152249999,1088974,0.01088974,16774150145091026,167741501.45091026,boundary probe
S4,S4,Idealized 113/114 cap-derived geometric schedule,152250000,1079421,0.01079421,16774150146180000,167741501.46180000,boundary probe
S4,S4,Idealized 113/114 cap-derived geometric schedule,152250001,1079421,0.01079421,16774150147259421,167741501.47259421,boundary probe
S4,S4,Idealized 113/114 cap-derived geometric schedule,152459999,1079421,0.01079421,16774376823510579,167743768.23510579,boundary probe
S4,S4,Idealized 113/114 cap-derived geometric schedule,152460000,1069952,0.01069952,16774376824590000,167743768.24590000,boundary probe
S4,S4,Idealized 113/114 cap-derived geometric schedule,152460001,1069952,0.01069952,16774376825659952,167743768.25659952,boundary probe
S4,S4,Idealized 113/114 cap-derived geometric schedule,152669999,1069952,0.01069952,16774601513440048,167746015.13440048,boundary probe
S4,S4,Idealized 113/114 cap-derived geometric schedule,152670000,1060566,0.01060566,16774601514510000,167746015.14510000,boundary probe
S4,S4,Idealized 113/114 cap-derived geometric schedule,152670001,1060566,0.01060566,16774601515570566,167746015.15570566,boundary probe
S4,S4,Idealized 113/114 cap-derived geometric schedule,152879999,1060566,0.01060566,16774824232309434,167748242.32309434,boundary probe
S4,S4,Idealized 113/114 cap-derived geometric schedule,152880000,1051262,0.01051262,16774824233370000,167748242.33370000,boundary probe
S4,S4,Idealized 113/114 cap-derived geometric schedule,152880001,1051262,0.01051262,16774824234421262,167748242.34421262,boundary probe
S4,S4,Idealized 113/114 cap-derived geometric schedule,153089999,1051262,0.01051262,16775044997338738,167750449.97338738,boundary probe
S4,S4,Idealized 113/114 cap-derived geometric schedule,153090000,1042040,0.01042040,16775044998390000,167750449.98390000,boundary probe
S4,S4,Idealized 113/114 cap-derived geometric schedule,153090001,1042040,0.01042040,16775044999432040,167750449.99432040,boundary probe
S4,S4,Idealized 113/114 cap-derived geometric schedule,153299999,1042040,0.01042040,16775263825747960,167752638.25747960,boundary probe
S4,S4,Idealized 113/114 cap-derived geometric schedule,153300000,1032899,0.01032899,16775263826790000,167752638.26790000,boundary probe
S4,S4,Idealized 113/114 cap-derived geometric schedule,153300001,1032899,0.01032899,16775263827822899,167752638.27822899,boundary probe
S4,S4,Idealized 113/114 cap-derived geometric schedule,153509999,1032899,0.01032899,16775480734547101,167754807.34547101,boundary probe
S4,S4,Idealized 113/114 cap-derived geometric schedule,153510000,1023838,0.01023838,16775480735580000,167754807.35580000,boundary probe
S4,S4,Idealized 113/114 cap-derived geometric schedule,153510001,1023838,0.01023838,16775480736603838,167754807.36603838,boundary probe
S4,S4,Idealized 113/114 cap-derived geometric schedule,153719999,1023838,0.01023838,16775695740536162,167756957.40536162,boundary probe
S4,S4,Idealized 113/114 cap-derived geometric schedule,153720000,1014856,0.01014856,16775695741560000,167756957.41560000,boundary probe
S4,S4,Idealized 113/114 cap-derived geometric schedule,153720001,1014856,0.01014856,16775695742574856,167756957.42574856,boundary probe
S4,S4,Idealized 113/114 cap-derived geometric schedule,153929999,1014856,0.01014856,16775908860305144,167759088.60305144,boundary probe
S4,S4,Idealized 113/114 cap-derived geometric schedule,153930000,1005953,0.01005953,16775908861320000,167759088.61320000,boundary probe
S4,S4,Idealized 113/114 cap-derived geometric schedule,153930001,1005953,0.01005953,16775908862325953,167759088.62325953,boundary probe
S4,S4,Idealized 113/114 cap-derived geometric schedule,154139999,1005953,0.01005953,16776120110444047,167761201.10444047,boundary probe
S4,S4,Idealized 113/114 cap-derived geometric schedule,154140000,997128,0.00997128,16776120111450000,167761201.11450000,boundary probe
S4,S4,Idealized 113/114 cap-derived geometric schedule,154140001,997128,0.00997128,16776120112447128,167761201.12447128,boundary probe
S4,S4,Idealized 113/114 cap-derived geometric schedule,154349999,997128,0.00997128,16776329507332872,167763295.07332872,boundary probe
S4,S4,Idealized 113/114 cap-derived geometric schedule,154350000,988381,0.00988381,16776329508330000,167763295.08330000,boundary probe
S4,S4,Idealized 113/114 cap-derived geometric schedule,154350001,988381,0.00988381,16776329509318381,167763295.09318381,boundary probe
S4,S4,Idealized 113/114 cap-derived geometric schedule,154559999,988381,0.00988381,16776537067351619,167765370.67351619,boundary probe
S4,S4,Idealized 113/114 cap-derived geometric schedule,154560000,979710,0.00979710,16776537068340000,167765370.68340000,boundary probe
S4,S4,Idealized 113/114 cap-derived geometric schedule,154560001,979710,0.00979710,16776537069319710,167765370.69319710,boundary probe
S4,S4,Idealized 113/114 cap-derived geometric schedule,154769999,979710,0.00979710,16776742806460290,167767428.06460290,boundary probe
S4,S4,Idealized 113/114 cap-derived geometric schedule,154770000,971116,0.00971116,16776742807440000,167767428.07440000,boundary probe
S4,S4,Idealized 113/114 cap-derived geometric schedule,154770001,971116,0.00971116,16776742808411116,167767428.08411116,boundary probe
S4,S4,Idealized 113/114 cap-derived geometric schedule,154979999,971116,0.00971116,16776946740828884,167769467.40828884,boundary probe
S4,S4,Idealized 113/114 cap-derived geometric schedule,154980000,962597,0.00962597,16776946741800000,167769467.41800000,boundary probe
S4,S4,Idealized 113/114 cap-derived geometric schedule,154980001,962597,0.00962597,16776946742762597,167769467.42762597,boundary probe
S4,S4,Idealized 113/114 cap-derived geometric schedule,155189999,962597,0.00962597,16777148886207403,167771488.86207403,boundary probe
S4,S4,Idealized 113/114 cap-derived geometric schedule,155190000,954153,0.00954153,16777148887170000,167771488.87170000,boundary probe
S4,S4,Idealized 113/114 cap-derived geometric schedule,155190001,954153,0.00954153,16777148888124153,167771488.88124153,boundary probe
S4,S4,Idealized 113/114 cap-derived geometric schedule,155399999,954153,0.00954153,16777349258345847,167773492.58345847,boundary probe
S4,S4,Idealized 113/114 cap-derived geometric schedule,155400000,945783,0.00945783,16777349259300000,167773492.59300000,boundary probe
S4,S4,Idealized 113/114 cap-derived geometric schedule,155400001,945783,0.00945783,16777349260245783,167773492.60245783,boundary probe
S4,S4,Idealized 113/114 cap-derived geometric schedule,155609999,945783,0.00945783,16777547872784217,167775478.72784217,boundary probe
S4,S4,Idealized 113/114 cap-derived geometric schedule,155610000,937486,0.00937486,16777547873730000,167775478.73730000,boundary probe
S4,S4,Idealized 113/114 cap-derived geometric schedule,155610001,937486,0.00937486,16777547874667486,167775478.74667486,boundary probe
S4,S4,Idealized 113/114 cap-derived geometric schedule,155819999,937486,0.00937486,16777744744852514,167777447.44852514,boundary probe
S4,S4,Idealized 113/114 cap-derived geometric schedule,155820000,929262,0.00929262,16777744745790000,167777447.45790000,boundary probe
S4,S4,Idealized 113/114 cap-derived geometric schedule,155820001,929262,0.00929262,16777744746719262,167777447.46719262,boundary probe
S4,S4,Idealized 113/114 cap-derived geometric schedule,156029999,929262,0.00929262,16777939889880738,167779398.89880738,boundary probe
S4,S4,Idealized 113/114 cap-derived geometric schedule,156030000,921110,0.00921110,16777939890810000,167779398.90810000,boundary probe
S4,S4,Idealized 113/114 cap-derived geometric schedule,156030001,921110,0.00921110,16777939891731110,167779398.91731110,boundary probe
S4,S4,Idealized 113/114 cap-derived geometric schedule,156239999,921110,0.00921110,16778133322988890,167781333.22988890,boundary probe
S4,S4,Idealized 113/114 cap-derived geometric schedule,156240000,913030,0.00913030,16778133323910000,167781333.23910000,boundary probe
S4,S4,Idealized 113/114 cap-derived geometric schedule,156240001,913030,0.00913030,16778133324823030,167781333.24823030,boundary probe
S4,S4,Idealized 113/114 cap-derived geometric schedule,156449999,913030,0.00913030,16778325059296970,167783250.59296970,boundary probe
S4,S4,Idealized 113/114 cap-derived geometric schedule,156450000,905020,0.00905020,16778325060210000,167783250.60210000,boundary probe
S4,S4,Idealized 113/114 cap-derived geometric schedule,156450001,905020,0.00905020,16778325061115020,167783250.61115020,boundary probe
S4,S4,Idealized 113/114 cap-derived geometric schedule,156659999,905020,0.00905020,16778515113504980,167785151.13504980,boundary probe
S4,S4,Idealized 113/114 cap-derived geometric schedule,156660000,897081,0.00897081,16778515114410000,167785151.14410000,boundary probe
S4,S4,Idealized 113/114 cap-derived geometric schedule,156660001,897081,0.00897081,16778515115307081,167785151.15307081,boundary probe
S4,S4,Idealized 113/114 cap-derived geometric schedule,156869999,897081,0.00897081,16778703500522919,167787035.00522919,boundary probe
S4,S4,Idealized 113/114 cap-derived geometric schedule,156870000,889211,0.00889211,16778703501420000,167787035.01420000,boundary probe
S4,S4,Idealized 113/114 cap-derived geometric schedule,156870001,889211,0.00889211,16778703502309211,167787035.02309211,boundary probe
S4,S4,Idealized 113/114 cap-derived geometric schedule,157079999,889211,0.00889211,16778890234840789,167788902.34840789,boundary probe
S4,S4,Idealized 113/114 cap-derived geometric schedule,157080000,881410,0.00881410,16778890235730000,167788902.35730000,boundary probe
S4,S4,Idealized 113/114 cap-derived geometric schedule,157080001,881410,0.00881410,16778890236611410,167788902.36611410,boundary probe
S4,S4,Idealized 113/114 cap-derived geometric schedule,157289999,881410,0.00881410,16779075330948590,167790753.30948590,boundary probe
S4,S4,Idealized 113/114 cap-derived geometric schedule,157290000,873678,0.00873678,16779075331830000,167790753.31830000,boundary probe
S4,S4,Idealized 113/114 cap-derived geometric schedule,157290001,873678,0.00873678,16779075332703678,167790753.32703678,boundary probe
S4,S4,Idealized 113/114 cap-derived geometric schedule,157499999,873678,0.00873678,16779258803336322,167792588.03336322,boundary probe
S4,S4,Idealized 113/114 cap-derived geometric schedule,157500000,866014,0.00866014,16779258804210000,167792588.04210000,boundary probe
S4,S4,Idealized 113/114 cap-derived geometric schedule,157500001,866014,0.00866014,16779258805076014,167792588.05076014,boundary probe
S4,S4,Idealized 113/114 cap-derived geometric schedule,157709999,866014,0.00866014,16779440666283986,167794406.66283986,boundary probe
S4,S4,Idealized 113/114 cap-derived geometric schedule,157710000,858417,0.00858417,16779440667150000,167794406.67150000,boundary probe
S4,S4,Idealized 113/114 cap-derived geometric schedule,157710001,858417,0.00858417,16779440668008417,167794406.68008417,boundary probe
S4,S4,Idealized 113/114 cap-derived geometric schedule,157919999,858417,0.00858417,16779620933861583,167796209.33861583,boundary probe
S4,S4,Idealized 113/114 cap-derived geometric schedule,157920000,850887,0.00850887,16779620934720000,167796209.34720000,boundary probe
S4,S4,Idealized 113/114 cap-derived geometric schedule,157920001,850887,0.00850887,16779620935570887,167796209.35570887,boundary probe
S4,S4,Idealized 113/114 cap-derived geometric schedule,158129999,850887,0.00850887,16779799620139113,167797996.20139113,boundary probe
S4,S4,Idealized 113/114 cap-derived geometric schedule,158130000,843423,0.00843423,16779799620990000,167797996.20990000,boundary probe
S4,S4,Idealized 113/114 cap-derived geometric schedule,158130001,843423,0.00843423,16779799621833423,167797996.21833423,boundary probe
S4,S4,Idealized 113/114 cap-derived geometric schedule,158339999,843423,0.00843423,16779976738976577,167799767.38976577,boundary probe
S4,S4,Idealized 113/114 cap-derived geometric schedule,158340000,836024,0.00836024,16779976739820000,167799767.39820000,boundary probe
S4,S4,Idealized 113/114 cap-derived geometric schedule,158340001,836024,0.00836024,16779976740656024,167799767.40656024,boundary probe
S4,S4,Idealized 113/114 cap-derived geometric schedule,158549999,836024,0.00836024,16780152304023976,167801523.04023976,boundary probe
S4,S4,Idealized 113/114 cap-derived geometric schedule,158550000,828690,0.00828690,16780152304860000,167801523.04860000,boundary probe
S4,S4,Idealized 113/114 cap-derived geometric schedule,158550001,828690,0.00828690,16780152305688690,167801523.05688690,boundary probe
S4,S4,Idealized 113/114 cap-derived geometric schedule,158759999,828690,0.00828690,16780326328931310,167803263.28931310,boundary probe
S4,S4,Idealized 113/114 cap-derived geometric schedule,158760000,821420,0.00821420,16780326329760000,167803263.29760000,boundary probe
S4,S4,Idealized 113/114 cap-derived geometric schedule,158760001,821420,0.00821420,16780326330581420,167803263.30581420,boundary probe
S4,S4,Idealized 113/114 cap-derived geometric schedule,158969999,821420,0.00821420,16780498827138580,167804988.27138580,boundary probe
S4,S4,Idealized 113/114 cap-derived geometric schedule,158970000,814214,0.00814214,16780498827960000,167804988.27960000,boundary probe
S4,S4,Idealized 113/114 cap-derived geometric schedule,158970001,814214,0.00814214,16780498828774214,167804988.28774214,boundary probe
S4,S4,Idealized 113/114 cap-derived geometric schedule,159179999,814214,0.00814214,16780669812085786,167806698.12085786,boundary probe
S4,S4,Idealized 113/114 cap-derived geometric schedule,159180000,807071,0.00807071,16780669812900000,167806698.12900000,boundary probe
S4,S4,Idealized 113/114 cap-derived geometric schedule,159180001,807071,0.00807071,16780669813707071,167806698.13707071,boundary probe
S4,S4,Idealized 113/114 cap-derived geometric schedule,159389999,807071,0.00807071,16780839297002929,167808392.97002929,boundary probe
S4,S4,Idealized 113/114 cap-derived geometric schedule,159390000,799991,0.00799991,16780839297810000,167808392.97810000,boundary probe
S4,S4,Idealized 113/114 cap-derived geometric schedule,159390001,799991,0.00799991,16780839298609991,167808392.98609991,boundary probe
S4,S4,Idealized 113/114 cap-derived geometric schedule,159599999,799991,0.00799991,16781007295120009,167810072.95120009,boundary probe
S4,S4,Idealized 113/114 cap-derived geometric schedule,159600000,792973,0.00792973,16781007295920000,167810072.95920000,boundary probe
S4,S4,Idealized 113/114 cap-derived geometric schedule,159600001,792973,0.00792973,16781007296712973,167810072.96712973,boundary probe
S4,S4,Idealized 113/114 cap-derived geometric schedule,159809999,792973,0.00792973,16781173819457027,167811738.19457027,boundary probe
S4,S4,Idealized 113/114 cap-derived geometric schedule,159810000,786017,0.00786017,16781173820250000,167811738.20250000,boundary probe
S4,S4,Idealized 113/114 cap-derived geometric schedule,159810001,786017,0.00786017,16781173821036017,167811738.21036017,boundary probe
S4,S4,Idealized 113/114 cap-derived geometric schedule,160019999,786017,0.00786017,16781338883033983,167813388.83033983,boundary probe
S4,S4,Idealized 113/114 cap-derived geometric schedule,160020000,779122,0.00779122,16781338883820000,167813388.83820000,boundary probe
S4,S4,Idealized 113/114 cap-derived geometric schedule,160020001,779122,0.00779122,16781338884599122,167813388.84599122,boundary probe
S4,S4,Idealized 113/114 cap-derived geometric schedule,160229999,779122,0.00779122,16781502498660878,167815024.98660878,boundary probe
S4,S4,Idealized 113/114 cap-derived geometric schedule,160230000,772287,0.00772287,16781502499440000,167815024.99440000,boundary probe
S4,S4,Idealized 113/114 cap-derived geometric schedule,160230001,772287,0.00772287,16781502500212287,167815025.00212287,boundary probe
S4,S4,Idealized 113/114 cap-derived geometric schedule,160439999,772287,0.00772287,16781664678937713,167816646.78937713,boundary probe
S4,S4,Idealized 113/114 cap-derived geometric schedule,160440000,765512,0.00765512,16781664679710000,167816646.79710000,boundary probe
S4,S4,Idealized 113/114 cap-derived geometric schedule,160440001,765512,0.00765512,16781664680475512,167816646.80475512,boundary probe
S4,S4,Idealized 113/114 cap-derived geometric schedule,160649999,765512,0.00765512,16781825436464488,167818254.36464488,boundary probe
S4,S4,Idealized 113/114 cap-derived geometric schedule,160650000,758796,0.00758796,16781825437230000,167818254.37230000,boundary probe
S4,S4,Idealized 113/114 cap-derived geometric schedule,160650001,758796,0.00758796,16781825437988796,167818254.37988796,boundary probe
S4,S4,Idealized 113/114 cap-derived geometric schedule,160859999,758796,0.00758796,16781984783631204,167819847.83631204,boundary probe
S4,S4,Idealized 113/114 cap-derived geometric schedule,160860000,752139,0.00752139,16781984784390000,167819847.84390000,boundary probe
S4,S4,Idealized 113/114 cap-derived geometric schedule,160860001,752139,0.00752139,16781984785142139,167819847.85142139,boundary probe
S4,S4,Idealized 113/114 cap-derived geometric schedule,161069999,752139,0.00752139,16782142732827861,167821427.32827861,boundary probe
S4,S4,Idealized 113/114 cap-derived geometric schedule,161070000,745541,0.00745541,16782142733580000,167821427.33580000,boundary probe
S4,S4,Idealized 113/114 cap-derived geometric schedule,161070001,745541,0.00745541,16782142734325541,167821427.34325541,boundary probe
S4,S4,Idealized 113/114 cap-derived geometric schedule,161279999,745541,0.00745541,16782299296444459,167822992.96444459,boundary probe
S4,S4,Idealized 113/114 cap-derived geometric schedule,161280000,739001,0.00739001,16782299297190000,167822992.97190000,boundary probe
S4,S4,Idealized 113/114 cap-derived geometric schedule,161280001,739001,0.00739001,16782299297929001,167822992.97929001,boundary probe
S4,S4,Idealized 113/114 cap-derived geometric schedule,161489999,739001,0.00739001,16782454486660999,167824544.86660999,boundary probe
S4,S4,Idealized 113/114 cap-derived geometric schedule,161490000,732518,0.00732518,16782454487400000,167824544.87400000,boundary probe
S4,S4,Idealized 113/114 cap-derived geometric schedule,161490001,732518,0.00732518,16782454488132518,167824544.88132518,boundary probe
S4,S4,Idealized 113/114 cap-derived geometric schedule,161699999,732518,0.00732518,16782608315447482,167826083.15447482,boundary probe
S4,S4,Idealized 113/114 cap-derived geometric schedule,161700000,726092,0.00726092,16782608316180000,167826083.16180000,boundary probe
S4,S4,Idealized 113/114 cap-derived geometric schedule,161700001,726092,0.00726092,16782608316906092,167826083.16906092,boundary probe
S4,S4,Idealized 113/114 cap-derived geometric schedule,161909999,726092,0.00726092,16782760794773908,167827607.94773908,boundary probe
S4,S4,Idealized 113/114 cap-derived geometric schedule,161910000,719722,0.00719722,16782760795500000,167827607.95500000,boundary probe
S4,S4,Idealized 113/114 cap-derived geometric schedule,161910001,719722,0.00719722,16782760796219722,167827607.96219722,boundary probe
S4,S4,Idealized 113/114 cap-derived geometric schedule,162119999,719722,0.00719722,16782911936400278,167829119.36400278,boundary probe
S4,S4,Idealized 113/114 cap-derived geometric schedule,162120000,713408,0.00713408,16782911937120000,167829119.37120000,boundary probe
S4,S4,Idealized 113/114 cap-derived geometric schedule,162120001,713408,0.00713408,16782911937833408,167829119.37833408,boundary probe
S4,S4,Idealized 113/114 cap-derived geometric schedule,162329999,713408,0.00713408,16783061752086592,167830617.52086592,boundary probe
S4,S4,Idealized 113/114 cap-derived geometric schedule,162330000,707150,0.00707150,16783061752800000,167830617.52800000,boundary probe
S4,S4,Idealized 113/114 cap-derived geometric schedule,162330001,707150,0.00707150,16783061753507150,167830617.53507150,boundary probe
S4,S4,Idealized 113/114 cap-derived geometric schedule,162539999,707150,0.00707150,16783210253592850,167832102.53592850,boundary probe
S4,S4,Idealized 113/114 cap-derived geometric schedule,162540000,700946,0.00700946,16783210254300000,167832102.54300000,boundary probe
S4,S4,Idealized 113/114 cap-derived geometric schedule,162540001,700946,0.00700946,16783210255000946,167832102.55000946,boundary probe
S4,S4,Idealized 113/114 cap-derived geometric schedule,162749999,700946,0.00700946,16783357452259054,167833574.52259054,boundary probe
S4,S4,Idealized 113/114 cap-derived geometric schedule,162750000,694797,0.00694797,16783357452960000,167833574.52960000,boundary probe
S4,S4,Idealized 113/114 cap-derived geometric schedule,162750001,694797,0.00694797,16783357453654797,167833574.53654797,boundary probe
S4,S4,Idealized 113/114 cap-derived geometric schedule,162959999,694797,0.00694797,16783503359635203,167835033.59635203,boundary probe
S4,S4,Idealized 113/114 cap-derived geometric schedule,162960000,688702,0.00688702,16783503360330000,167835033.60330000,boundary probe
S4,S4,Idealized 113/114 cap-derived geometric schedule,162960001,688702,0.00688702,16783503361018702,167835033.61018702,boundary probe
S4,S4,Idealized 113/114 cap-derived geometric schedule,163169999,688702,0.00688702,16783647987061298,167836479.87061298,boundary probe
S4,S4,Idealized 113/114 cap-derived geometric schedule,163170000,682660,0.00682660,16783647987750000,167836479.87750000,boundary probe
S4,S4,Idealized 113/114 cap-derived geometric schedule,163170001,682660,0.00682660,16783647988432660,167836479.88432660,boundary probe
S4,S4,Idealized 113/114 cap-derived geometric schedule,163379999,682660,0.00682660,16783791345667340,167837913.45667340,boundary probe
S4,S4,Idealized 113/114 cap-derived geometric schedule,163380000,676671,0.00676671,16783791346350000,167837913.46350000,boundary probe
S4,S4,Idealized 113/114 cap-derived geometric schedule,163380001,676671,0.00676671,16783791347026671,167837913.47026671,boundary probe
S4,S4,Idealized 113/114 cap-derived geometric schedule,163589999,676671,0.00676671,16783933446583329,167839334.46583329,boundary probe
S4,S4,Idealized 113/114 cap-derived geometric schedule,163590000,670735,0.00670735,16783933447260000,167839334.47260000,boundary probe
S4,S4,Idealized 113/114 cap-derived geometric schedule,163590001,670735,0.00670735,16783933447930735,167839334.47930735,boundary probe
S4,S4,Idealized 113/114 cap-derived geometric schedule,163799999,670735,0.00670735,16784074300939265,167840743.00939265,boundary probe
S4,S4,Idealized 113/114 cap-derived geometric schedule,163800000,664851,0.00664851,16784074301610000,167840743.01610000,boundary probe
S4,S4,Idealized 113/114 cap-derived geometric schedule,163800001,664851,0.00664851,16784074302274851,167840743.02274851,boundary probe
S4,S4,Idealized 113/114 cap-derived geometric schedule,164009999,664851,0.00664851,16784213919655149,167842139.19655149,boundary probe
S4,S4,Idealized 113/114 cap-derived geometric schedule,164010000,659018,0.00659018,16784213920320000,167842139.20320000,boundary probe
S4,S4,Idealized 113/114 cap-derived geometric schedule,164010001,659018,0.00659018,16784213920979018,167842139.20979018,boundary probe
S4,S4,Idealized 113/114 cap-derived geometric schedule,164219999,659018,0.00659018,16784352313440982,167843523.13440982,boundary probe
S4,S4,Idealized 113/114 cap-derived geometric schedule,164220000,653237,0.00653237,16784352314100000,167843523.14100000,boundary probe
S4,S4,Idealized 113/114 cap-derived geometric schedule,164220001,653237,0.00653237,16784352314753237,167843523.14753237,boundary probe
S4,S4,Idealized 113/114 cap-derived geometric schedule,164429999,653237,0.00653237,16784489493216763,167844894.93216763,boundary probe
S4,S4,Idealized 113/114 cap-derived geometric schedule,164430000,647506,0.00647506,16784489493870000,167844894.93870000,boundary probe
S4,S4,Idealized 113/114 cap-derived geometric schedule,164430001,647506,0.00647506,16784489494517506,167844894.94517506,boundary probe
S4,S4,Idealized 113/114 cap-derived geometric schedule,164639999,647506,0.00647506,16784625469482494,167846254.69482494,boundary probe
S4,S4,Idealized 113/114 cap-derived geometric schedule,164640000,641826,0.00641826,16784625470130000,167846254.70130000,boundary probe
S4,S4,Idealized 113/114 cap-derived geometric schedule,164640001,641826,0.00641826,16784625470771826,167846254.70771826,boundary probe
S4,S4,Idealized 113/114 cap-derived geometric schedule,164849999,641826,0.00641826,16784760252948174,167847602.52948174,boundary probe
S4,S4,Idealized 113/114 cap-derived geometric schedule,164850000,636195,0.00636195,16784760253590000,167847602.53590000,boundary probe
S4,S4,Idealized 113/114 cap-derived geometric schedule,164850001,636195,0.00636195,16784760254226195,167847602.54226195,boundary probe
S4,S4,Idealized 113/114 cap-derived geometric schedule,165059999,636195,0.00636195,16784893853903805,167848938.53903805,boundary probe
S4,S4,Idealized 113/114 cap-derived geometric schedule,165060000,630614,0.00630614,16784893854540000,167848938.54540000,boundary probe
S4,S4,Idealized 113/114 cap-derived geometric schedule,165060001,630614,0.00630614,16784893855170614,167848938.55170614,boundary probe
S4,S4,Idealized 113/114 cap-derived geometric schedule,165269999,630614,0.00630614,16785026282849386,167850262.82849386,boundary probe
S4,S4,Idealized 113/114 cap-derived geometric schedule,165270000,625082,0.00625082,16785026283480000,167850262.83480000,boundary probe
S4,S4,Idealized 113/114 cap-derived geometric schedule,165270001,625082,0.00625082,16785026284105082,167850262.84105082,boundary probe
S4,S4,Idealized 113/114 cap-derived geometric schedule,165479999,625082,0.00625082,16785157550074918,167851575.50074918,boundary probe
S4,S4,Idealized 113/114 cap-derived geometric schedule,165480000,619598,0.00619598,16785157550700000,167851575.50700000,boundary probe
S4,S4,Idealized 113/114 cap-derived geometric schedule,165480001,619598,0.00619598,16785157551319598,167851575.51319598,boundary probe
S4,S4,Idealized 113/114 cap-derived geometric schedule,165689999,619598,0.00619598,16785287665660402,167852876.65660402,boundary probe
S4,S4,Idealized 113/114 cap-derived geometric schedule,165690000,614162,0.00614162,16785287666280000,167852876.66280000,boundary probe
S4,S4,Idealized 113/114 cap-derived geometric schedule,165690001,614162,0.00614162,16785287666894162,167852876.66894162,boundary probe
S4,S4,Idealized 113/114 cap-derived geometric schedule,165899999,614162,0.00614162,16785416639685838,167854166.39685838,boundary probe
S4,S4,Idealized 113/114 cap-derived geometric schedule,165900000,608774,0.00608774,16785416640300000,167854166.40300000,boundary probe
S4,S4,Idealized 113/114 cap-derived geometric schedule,165900001,608774,0.00608774,16785416640908774,167854166.40908774,boundary probe
S4,S4,Idealized 113/114 cap-derived geometric schedule,166109999,608774,0.00608774,16785544482231226,167855444.82231226,boundary probe
S4,S4,Idealized 113/114 cap-derived geometric schedule,166110000,603433,0.00603433,16785544482840000,167855444.82840000,boundary probe
S4,S4,Idealized 113/114 cap-derived geometric schedule,166110001,603433,0.00603433,16785544483443433,167855444.83443433,boundary probe
S4,S4,Idealized 113/114 cap-derived geometric schedule,166319999,603433,0.00603433,16785671203166567,167856712.03166567,boundary probe
S4,S4,Idealized 113/114 cap-derived geometric schedule,166320000,598139,0.00598139,16785671203770000,167856712.03770000,boundary probe
S4,S4,Idealized 113/114 cap-derived geometric schedule,166320001,598139,0.00598139,16785671204368139,167856712.04368139,boundary probe
S4,S4,Idealized 113/114 cap-derived geometric schedule,166529999,598139,0.00598139,16785796812361861,167857968.12361861,boundary probe
S4,S4,Idealized 113/114 cap-derived geometric schedule,166530000,592892,0.00592892,16785796812960000,167857968.12960000,boundary probe
S4,S4,Idealized 113/114 cap-derived geometric schedule,166530001,592892,0.00592892,16785796813552892,167857968.13552892,boundary probe
S4,S4,Idealized 113/114 cap-derived geometric schedule,166739999,592892,0.00592892,16785921319687108,167859213.19687108,boundary probe
S4,S4,Idealized 113/114 cap-derived geometric schedule,166740000,587691,0.00587691,16785921320280000,167859213.20280000,boundary probe
S4,S4,Idealized 113/114 cap-derived geometric schedule,166740001,587691,0.00587691,16785921320867691,167859213.20867691,boundary probe
S4,S4,Idealized 113/114 cap-derived geometric schedule,166949999,587691,0.00587691,16786044734802309,167860447.34802309,boundary probe
S4,S4,Idealized 113/114 cap-derived geometric schedule,166950000,582535,0.00582535,16786044735390000,167860447.35390000,boundary probe
S4,S4,Idealized 113/114 cap-derived geometric schedule,166950001,582535,0.00582535,16786044735972535,167860447.35972535,boundary probe
S4,S4,Idealized 113/114 cap-derived geometric schedule,167159999,582535,0.00582535,16786167067157465,167861670.67157465,boundary probe
S4,S4,Idealized 113/114 cap-derived geometric schedule,167160000,577425,0.00577425,16786167067740000,167861670.67740000,boundary probe
S4,S4,Idealized 113/114 cap-derived geometric schedule,167160001,577425,0.00577425,16786167068317425,167861670.68317425,boundary probe
S4,S4,Idealized 113/114 cap-derived geometric schedule,167369999,577425,0.00577425,16786288326412575,167862883.26412575,boundary probe
S4,S4,Idealized 113/114 cap-derived geometric schedule,167370000,572359,0.00572359,16786288326990000,167862883.26990000,boundary probe
S4,S4,Idealized 113/114 cap-derived geometric schedule,167370001,572359,0.00572359,16786288327562359,167862883.27562359,boundary probe
S4,S4,Idealized 113/114 cap-derived geometric schedule,167579999,572359,0.00572359,16786408521807641,167864085.21807641,boundary probe
S4,S4,Idealized 113/114 cap-derived geometric schedule,167580000,567338,0.00567338,16786408522380000,167864085.22380000,boundary probe
S4,S4,Idealized 113/114 cap-derived geometric schedule,167580001,567338,0.00567338,16786408522947338,167864085.22947338,boundary probe
S4,S4,Idealized 113/114 cap-derived geometric schedule,167789999,567338,0.00567338,16786527662792662,167865276.62792662,boundary probe
S4,S4,Idealized 113/114 cap-derived geometric schedule,167790000,562361,0.00562361,16786527663360000,167865276.63360000,boundary probe
S4,S4,Idealized 113/114 cap-derived geometric schedule,167790001,562361,0.00562361,16786527663922361,167865276.63922361,boundary probe
S4,S4,Idealized 113/114 cap-derived geometric schedule,167999999,562361,0.00562361,16786645758607639,167866457.58607639,boundary probe
S4,S4,Idealized 113/114 cap-derived geometric schedule,168000000,557428,0.00557428,16786645759170000,167866457.59170000,boundary probe
S4,S4,Idealized 113/114 cap-derived geometric schedule,168000001,557428,0.00557428,16786645759727428,167866457.59727428,boundary probe
S4,S4,Idealized 113/114 cap-derived geometric schedule,168209999,557428,0.00557428,16786762818492572,167867628.18492572,boundary probe
S4,S4,Idealized 113/114 cap-derived geometric schedule,168210000,552538,0.00552538,16786762819050000,167867628.19050000,boundary probe
S4,S4,Idealized 113/114 cap-derived geometric schedule,168210001,552538,0.00552538,16786762819602538,167867628.19602538,boundary probe
S4,S4,Idealized 113/114 cap-derived geometric schedule,168419999,552538,0.00552538,16786878851477462,167868788.51477462,boundary probe
S4,S4,Idealized 113/114 cap-derived geometric schedule,168420000,547691,0.00547691,16786878852030000,167868788.52030000,boundary probe
S4,S4,Idealized 113/114 cap-derived geometric schedule,168420001,547691,0.00547691,16786878852577691,167868788.52577691,boundary probe
S4,S4,Idealized 113/114 cap-derived geometric schedule,168629999,547691,0.00547691,16786993866592309,167869938.66592309,boundary probe
S4,S4,Idealized 113/114 cap-derived geometric schedule,168630000,542886,0.00542886,16786993867140000,167869938.67140000,boundary probe
S4,S4,Idealized 113/114 cap-derived geometric schedule,168630001,542886,0.00542886,16786993867682886,167869938.67682886,boundary probe
S4,S4,Idealized 113/114 cap-derived geometric schedule,168839999,542886,0.00542886,16787107872657114,167871078.72657114,boundary probe
S4,S4,Idealized 113/114 cap-derived geometric schedule,168840000,538123,0.00538123,16787107873200000,167871078.73200000,boundary probe
S4,S4,Idealized 113/114 cap-derived geometric schedule,168840001,538123,0.00538123,16787107873738123,167871078.73738123,boundary probe
S4,S4,Idealized 113/114 cap-derived geometric schedule,169049999,538123,0.00538123,16787220878491877,167872208.78491877,boundary probe
S4,S4,Idealized 113/114 cap-derived geometric schedule,169050000,533402,0.00533402,16787220879030000,167872208.79030000,boundary probe
S4,S4,Idealized 113/114 cap-derived geometric schedule,169050001,533402,0.00533402,16787220879563402,167872208.79563402,boundary probe
S4,S4,Idealized 113/114 cap-derived geometric schedule,169259999,533402,0.00533402,16787332892916598,167873328.92916598,boundary probe
S4,S4,Idealized 113/114 cap-derived geometric schedule,169260000,528723,0.00528723,16787332893450000,167873328.93450000,boundary probe
S4,S4,Idealized 113/114 cap-derived geometric schedule,169260001,528723,0.00528723,16787332893978723,167873328.93978723,boundary probe
S4,S4,Idealized 113/114 cap-derived geometric schedule,169469999,528723,0.00528723,16787443924751277,167874439.24751277,boundary probe
S4,S4,Idealized 113/114 cap-derived geometric schedule,169470000,524085,0.00524085,16787443925280000,167874439.25280000,boundary probe
S4,S4,Idealized 113/114 cap-derived geometric schedule,169470001,524085,0.00524085,16787443925804085,167874439.25804085,boundary probe
S4,S4,Idealized 113/114 cap-derived geometric schedule,169679999,524085,0.00524085,16787553982605915,167875539.82605915,boundary probe
S4,S4,Idealized 113/114 cap-derived geometric schedule,169680000,519487,0.00519487,16787553983130000,167875539.83130000,boundary probe
S4,S4,Idealized 113/114 cap-derived geometric schedule,169680001,519487,0.00519487,16787553983649487,167875539.83649487,boundary probe
S4,S4,Idealized 113/114 cap-derived geometric schedule,169889999,519487,0.00519487,16787663074880513,167876630.74880513,boundary probe
S4,S4,Idealized 113/114 cap-derived geometric schedule,169890000,514930,0.00514930,16787663075400000,167876630.75400000,boundary probe
S4,S4,Idealized 113/114 cap-derived geometric schedule,169890001,514930,0.00514930,16787663075914930,167876630.75914930,boundary probe
S4,S4,Idealized 113/114 cap-derived geometric schedule,170099999,514930,0.00514930,16787771210185070,167877712.10185070,boundary probe
S4,S4,Idealized 113/114 cap-derived geometric schedule,170100000,510413,0.00510413,16787771210700000,167877712.10700000,boundary probe
S4,S4,Idealized 113/114 cap-derived geometric schedule,170100001,510413,0.00510413,16787771211210413,167877712.11210413,boundary probe
S4,S4,Idealized 113/114 cap-derived geometric schedule,170309999,510413,0.00510413,16787878396919587,167878783.96919587,boundary probe
S4,S4,Idealized 113/114 cap-derived geometric schedule,170310000,505935,0.00505935,16787878397430000,167878783.97430000,boundary probe
S4,S4,Idealized 113/114 cap-derived geometric schedule,170310001,505935,0.00505935,16787878397935935,167878783.97935935,boundary probe
S4,S4,Idealized 113/114 cap-derived geometric schedule,170519999,505935,0.00505935,16787984643274065,167879846.43274065,boundary probe
S4,S4,Idealized 113/114 cap-derived geometric schedule,170520000,501496,0.00501496,16787984643780000,167879846.43780000,boundary probe
S4,S4,Idealized 113/114 cap-derived geometric schedule,170520001,501496,0.00501496,16787984644281496,167879846.44281496,boundary probe
S4,S4,Idealized 113/114 cap-derived geometric schedule,170729999,501496,0.00501496,16788089957438504,167880899.57438504,boundary probe
S4,S4,Idealized 113/114 cap-derived geometric schedule,170730000,497096,0.00497096,16788089957940000,167880899.57940000,boundary probe
S4,S4,Idealized 113/114 cap-derived geometric schedule,170730001,497096,0.00497096,16788089958437096,167880899.58437096,boundary probe
S4,S4,Idealized 113/114 cap-derived geometric schedule,170939999,497096,0.00497096,16788194347602904,167881943.47602904,boundary probe
S4,S4,Idealized 113/114 cap-derived geometric schedule,170940000,492735,0.00492735,16788194348100000,167881943.48100000,boundary probe
S4,S4,Idealized 113/114 cap-derived geometric schedule,170940001,492735,0.00492735,16788194348592735,167881943.48592735,boundary probe
S4,S4,Idealized 113/114 cap-derived geometric schedule,171149999,492735,0.00492735,16788297821957265,167882978.21957265,boundary probe
S4,S4,Idealized 113/114 cap-derived geometric schedule,171150000,488412,0.00488412,16788297822450000,167882978.22450000,boundary probe
S4,S4,Idealized 113/114 cap-derived geometric schedule,171150001,488412,0.00488412,16788297822938412,167882978.22938412,boundary probe
S4,S4,Idealized 113/114 cap-derived geometric schedule,171359999,488412,0.00488412,16788400388481588,167884003.88481588,boundary probe
S4,S4,Idealized 113/114 cap-derived geometric schedule,171360000,484127,0.00484127,16788400388970000,167884003.88970000,boundary probe
S4,S4,Idealized 113/114 cap-derived geometric schedule,171360001,484127,0.00484127,16788400389454127,167884003.89454127,boundary probe
S4,S4,Idealized 113/114 cap-derived geometric schedule,171569999,484127,0.00484127,16788502055155873,167885020.55155873,boundary probe
S4,S4,Idealized 113/114 cap-derived geometric schedule,171570000,479880,0.00479880,16788502055640000,167885020.55640000,boundary probe
S4,S4,Idealized 113/114 cap-derived geometric schedule,171570001,479880,0.00479880,16788502056119880,167885020.56119880,boundary probe
S4,S4,Idealized 113/114 cap-derived geometric schedule,171779999,479880,0.00479880,16788602829960120,167886028.29960120,boundary probe
S4,S4,Idealized 113/114 cap-derived geometric schedule,171780000,475670,0.00475670,16788602830440000,167886028.30440000,boundary probe
S4,S4,Idealized 113/114 cap-derived geometric schedule,171780001,475670,0.00475670,16788602830915670,167886028.30915670,boundary probe
S4,S4,Idealized 113/114 cap-derived geometric schedule,171989999,475670,0.00475670,16788702720664330,167887027.20664330,boundary probe
S4,S4,Idealized 113/114 cap-derived geometric schedule,171990000,471497,0.00471497,16788702721140000,167887027.21140000,boundary probe
S4,S4,Idealized 113/114 cap-derived geometric schedule,171990001,471497,0.00471497,16788702721611497,167887027.21611497,boundary probe
S4,S4,Idealized 113/114 cap-derived geometric schedule,172199999,471497,0.00471497,16788801735038503,167888017.35038503,boundary probe
S4,S4,Idealized 113/114 cap-derived geometric schedule,172200000,467361,0.00467361,16788801735510000,167888017.35510000,boundary probe
S4,S4,Idealized 113/114 cap-derived geometric schedule,172200001,467361,0.00467361,16788801735977361,167888017.35977361,boundary probe
S4,S4,Idealized 113/114 cap-derived geometric schedule,172409999,467361,0.00467361,16788899880852639,167888998.80852639,boundary probe
S4,S4,Idealized 113/114 cap-derived geometric schedule,172410000,463261,0.00463261,16788899881320000,167888998.81320000,boundary probe
S4,S4,Idealized 113/114 cap-derived geometric schedule,172410001,463261,0.00463261,16788899881783261,167888998.81783261,boundary probe
S4,S4,Idealized 113/114 cap-derived geometric schedule,172619999,463261,0.00463261,16788997165666739,167889971.65666739,boundary probe
S4,S4,Idealized 113/114 cap-derived geometric schedule,172620000,459197,0.00459197,16788997166130000,167889971.66130000,boundary probe
S4,S4,Idealized 113/114 cap-derived geometric schedule,172620001,459197,0.00459197,16788997166589197,167889971.66589197,boundary probe
S4,S4,Idealized 113/114 cap-derived geometric schedule,172829999,459197,0.00459197,16789093597040803,167890935.97040803,boundary probe
S4,S4,Idealized 113/114 cap-derived geometric schedule,172830000,455168,0.00455168,16789093597500000,167890935.97500000,boundary probe
S4,S4,Idealized 113/114 cap-derived geometric schedule,172830001,455168,0.00455168,16789093597955168,167890935.97955168,boundary probe
S4,S4,Idealized 113/114 cap-derived geometric schedule,173039999,455168,0.00455168,16789189182324832,167891891.82324832,boundary probe
S4,S4,Idealized 113/114 cap-derived geometric schedule,173040000,451175,0.00451175,16789189182780000,167891891.82780000,boundary probe
S4,S4,Idealized 113/114 cap-derived geometric schedule,173040001,451175,0.00451175,16789189183231175,167891891.83231175,boundary probe
S4,S4,Idealized 113/114 cap-derived geometric schedule,173249999,451175,0.00451175,16789283929078825,167892839.29078825,boundary probe
S4,S4,Idealized 113/114 cap-derived geometric schedule,173250000,447217,0.00447217,16789283929530000,167892839.29530000,boundary probe
S4,S4,Idealized 113/114 cap-derived geometric schedule,173250001,447217,0.00447217,16789283929977217,167892839.29977217,boundary probe
S4,S4,Idealized 113/114 cap-derived geometric schedule,173459999,447217,0.00447217,16789377844652783,167893778.44652783,boundary probe
S4,S4,Idealized 113/114 cap-derived geometric schedule,173460000,443294,0.00443294,16789377845100000,167893778.45100000,boundary probe
S4,S4,Idealized 113/114 cap-derived geometric schedule,173460001,443294,0.00443294,16789377845543294,167893778.45543294,boundary probe
S4,S4,Idealized 113/114 cap-derived geometric schedule,173669999,443294,0.00443294,16789470936396706,167894709.36396706,boundary probe
S4,S4,Idealized 113/114 cap-derived geometric schedule,173670000,439405,0.00439405,16789470936840000,167894709.36840000,boundary probe
S4,S4,Idealized 113/114 cap-derived geometric schedule,173670001,439405,0.00439405,16789470937279405,167894709.37279405,boundary probe
S4,S4,Idealized 113/114 cap-derived geometric schedule,173879999,439405,0.00439405,16789563211450595,167895632.11450595,boundary probe
S4,S4,Idealized 113/114 cap-derived geometric schedule,173880000,435550,0.00435550,16789563211890000,167895632.11890000,boundary probe
S4,S4,Idealized 113/114 cap-derived geometric schedule,173880001,435550,0.00435550,16789563212325550,167895632.12325550,boundary probe
S4,S4,Idealized 113/114 cap-derived geometric schedule,174089999,435550,0.00435550,16789654676954450,167896546.76954450,boundary probe
S4,S4,Idealized 113/114 cap-derived geometric schedule,174090000,431729,0.00431729,16789654677390000,167896546.77390000,boundary probe
S4,S4,Idealized 113/114 cap-derived geometric schedule,174090001,431729,0.00431729,16789654677821729,167896546.77821729,boundary probe
S4,S4,Idealized 113/114 cap-derived geometric schedule,174299999,431729,0.00431729,16789745340048271,167897453.40048271,boundary probe
S4,S4,Idealized 113/114 cap-derived geometric schedule,174300000,427941,0.00427941,16789745340480000,167897453.40480000,boundary probe
S4,S4,Idealized 113/114 cap-derived geometric schedule,174300001,427941,0.00427941,16789745340907941,167897453.40907941,boundary probe
S4,S4,Idealized 113/114 cap-derived geometric schedule,174509999,427941,0.00427941,16789835207662059,167898352.07662059,boundary probe
S4,S4,Idealized 113/114 cap-derived geometric schedule,174510000,424187,0.00424187,16789835208090000,167898352.08090000,boundary probe
S4,S4,Idealized 113/114 cap-derived geometric schedule,174510001,424187,0.00424187,16789835208514187,167898352.08514187,boundary probe
S4,S4,Idealized 113/114 cap-derived geometric schedule,174719999,424187,0.00424187,16789924286935813,167899242.86935813,boundary probe
S4,S4,Idealized 113/114 cap-derived geometric schedule,174720000,420466,0.00420466,16789924287360000,167899242.87360000,boundary probe
S4,S4,Idealized 113/114 cap-derived geometric schedule,174720001,420466,0.00420466,16789924287780466,167899242.87780466,boundary probe
S4,S4,Idealized 113/114 cap-derived geometric schedule,174929999,420466,0.00420466,16790012584799534,167900125.84799534,boundary probe
S4,S4,Idealized 113/114 cap-derived geometric schedule,174930000,416777,0.00416777,16790012585220000,167900125.85220000,boundary probe
S4,S4,Idealized 113/114 cap-derived geometric schedule,174930001,416777,0.00416777,16790012585636777,167900125.85636777,boundary probe
S4,S4,Idealized 113/114 cap-derived geometric schedule,175139999,416777,0.00416777,16790100107973223,167901001.07973223,boundary probe
S4,S4,Idealized 113/114 cap-derived geometric schedule,175140000,413121,0.00413121,16790100108390000,167901001.08390000,boundary probe
S4,S4,Idealized 113/114 cap-derived geometric schedule,175140001,413121,0.00413121,16790100108803121,167901001.08803121,boundary probe
S4,S4,Idealized 113/114 cap-derived geometric schedule,175349999,413121,0.00413121,16790186863386879,167901868.63386879,boundary probe
S4,S4,Idealized 113/114 cap-derived geometric schedule,175350000,409497,0.00409497,16790186863800000,167901868.63800000,boundary probe
S4,S4,Idealized 113/114 cap-derived geometric schedule,175350001,409497,0.00409497,16790186864209497,167901868.64209497,boundary probe
S4,S4,Idealized 113/114 cap-derived geometric schedule,175559999,409497,0.00409497,16790272857760503,167902728.57760503,boundary probe
S4,S4,Idealized 113/114 cap-derived geometric schedule,175560000,405904,0.00405904,16790272858170000,167902728.58170000,boundary probe
S4,S4,Idealized 113/114 cap-derived geometric schedule,175560001,405904,0.00405904,16790272858575904,167902728.58575904,boundary probe
S4,S4,Idealized 113/114 cap-derived geometric schedule,175769999,405904,0.00405904,16790358097604096,167903580.97604096,boundary probe
S4,S4,Idealized 113/114 cap-derived geometric schedule,175770000,402343,0.00402343,16790358098010000,167903580.98010000,boundary probe
S4,S4,Idealized 113/114 cap-derived geometric schedule,175770001,402343,0.00402343,16790358098412343,167903580.98412343,boundary probe
S4,S4,Idealized 113/114 cap-derived geometric schedule,175979999,402343,0.00402343,16790442589637657,167904425.89637657,boundary probe
S4,S4,Idealized 113/114 cap-derived geometric schedule,175980000,398813,0.00398813,16790442590040000,167904425.90040000,boundary probe
S4,S4,Idealized 113/114 cap-derived geometric schedule,175980001,398813,0.00398813,16790442590438813,167904425.90438813,boundary probe
S4,S4,Idealized 113/114 cap-derived geometric schedule,176189999,398813,0.00398813,16790526340371187,167905263.40371187,boundary probe
S4,S4,Idealized 113/114 cap-derived geometric schedule,176190000,395314,0.00395314,16790526340770000,167905263.40770000,boundary probe
S4,S4,Idealized 113/114 cap-derived geometric schedule,176190001,395314,0.00395314,16790526341165314,167905263.41165314,boundary probe
S4,S4,Idealized 113/114 cap-derived geometric schedule,176399999,395314,0.00395314,16790609356314686,167906093.56314686,boundary probe
S4,S4,Idealized 113/114 cap-derived geometric schedule,176400000,391846,0.00391846,16790609356710000,167906093.56710000,boundary probe
S4,S4,Idealized 113/114 cap-derived geometric schedule,176400001,391846,0.00391846,16790609357101846,167906093.57101846,boundary probe
S4,S4,Idealized 113/114 cap-derived geometric schedule,176609999,391846,0.00391846,16790691643978154,167906916.43978154,boundary probe
S4,S4,Idealized 113/114 cap-derived geometric schedule,176610000,388408,0.00388408,16790691644370000,167906916.44370000,boundary probe
S4,S4,Idealized 113/114 cap-derived geometric schedule,176610001,388408,0.00388408,16790691644758408,167906916.44758408,boundary probe
S4,S4,Idealized 113/114 cap-derived geometric schedule,176819999,388408,0.00388408,16790773209661592,167907732.09661592,boundary probe
S4,S4,Idealized 113/114 cap-derived geometric schedule,176820000,385000,0.00385000,16790773210050000,167907732.10050000,boundary probe
S4,S4,Idealized 113/114 cap-derived geometric schedule,176820001,385000,0.00385000,16790773210435000,167907732.10435000,boundary probe
S4,S4,Idealized 113/114 cap-derived geometric schedule,177029999,385000,0.00385000,16790854059665000,167908540.59665000,boundary probe
S4,S4,Idealized 113/114 cap-derived geometric schedule,177030000,381622,0.00381622,16790854060050000,167908540.60050000,boundary probe
S4,S4,Idealized 113/114 cap-derived geometric schedule,177030001,381622,0.00381622,16790854060431622,167908540.60431622,boundary probe
S4,S4,Idealized 113/114 cap-derived geometric schedule,177239999,381622,0.00381622,16790934200288378,167909342.00288378,boundary probe
S4,S4,Idealized 113/114 cap-derived geometric schedule,177240000,378274,0.00378274,16790934200670000,167909342.00670000,boundary probe
S4,S4,Idealized 113/114 cap-derived geometric schedule,177240001,378274,0.00378274,16790934201048274,167909342.01048274,boundary probe
S4,S4,Idealized 113/114 cap-derived geometric schedule,177449999,378274,0.00378274,16791013637831726,167910136.37831726,boundary probe
S4,S4,Idealized 113/114 cap-derived geometric schedule,177450000,374955,0.00374955,16791013638210000,167910136.38210000,boundary probe
S4,S4,Idealized 113/114 cap-derived geometric schedule,177450001,374955,0.00374955,16791013638584955,167910136.38584955,boundary probe
S4,S4,Idealized 113/114 cap-derived geometric schedule,177659999,374955,0.00374955,16791092378385045,167910923.78385045,boundary probe
S4,S4,Idealized 113/114 cap-derived geometric schedule,177660000,371665,0.00371665,16791092378760000,167910923.78760000,boundary probe
S4,S4,Idealized 113/114 cap-derived geometric schedule,177660001,371665,0.00371665,16791092379131665,167910923.79131665,boundary probe
S4,S4,Idealized 113/114 cap-derived geometric schedule,177869999,371665,0.00371665,16791170428038335,167911704.28038335,boundary probe
S4,S4,Idealized 113/114 cap-derived geometric schedule,177870000,368404,0.00368404,16791170428410000,167911704.28410000,boundary probe
S4,S4,Idealized 113/114 cap-derived geometric schedule,177870001,368404,0.00368404,16791170428778404,167911704.28778404,boundary probe
S4,S4,Idealized 113/114 cap-derived geometric schedule,178079999,368404,0.00368404,16791247792881596,167912477.92881596,boundary probe
S4,S4,Idealized 113/114 cap-derived geometric schedule,178080000,365172,0.00365172,16791247793250000,167912477.93250000,boundary probe
S4,S4,Idealized 113/114 cap-derived geometric schedule,178080001,365172,0.00365172,16791247793615172,167912477.93615172,boundary probe
S4,S4,Idealized 113/114 cap-derived geometric schedule,178289999,365172,0.00365172,16791324479004828,167913244.79004828,boundary probe
S4,S4,Idealized 113/114 cap-derived geometric schedule,178290000,361968,0.00361968,16791324479370000,167913244.79370000,boundary probe
S4,S4,Idealized 113/114 cap-derived geometric schedule,178290001,361968,0.00361968,16791324479731968,167913244.79731968,boundary probe
S4,S4,Idealized 113/114 cap-derived geometric schedule,178499999,361968,0.00361968,16791400492288032,167914004.92288032,boundary probe
S4,S4,Idealized 113/114 cap-derived geometric schedule,178500000,358792,0.00358792,16791400492650000,167914004.92650000,boundary probe
S4,S4,Idealized 113/114 cap-derived geometric schedule,178500001,358792,0.00358792,16791400493008792,167914004.93008792,boundary probe
S4,S4,Idealized 113/114 cap-derived geometric schedule,178709999,358792,0.00358792,16791475838611208,167914758.38611208,boundary probe
S4,S4,Idealized 113/114 cap-derived geometric schedule,178710000,355644,0.00355644,16791475838970000,167914758.38970000,boundary probe
S4,S4,Idealized 113/114 cap-derived geometric schedule,178710001,355644,0.00355644,16791475839325644,167914758.39325644,boundary probe
S4,S4,Idealized 113/114 cap-derived geometric schedule,178919999,355644,0.00355644,16791550523854356,167915505.23854356,boundary probe
S4,S4,Idealized 113/114 cap-derived geometric schedule,178920000,352524,0.00352524,16791550524210000,167915505.24210000,boundary probe
S4,S4,Idealized 113/114 cap-derived geometric schedule,178920001,352524,0.00352524,16791550524562524,167915505.24562524,boundary probe
S4,S4,Idealized 113/114 cap-derived geometric schedule,179129999,352524,0.00352524,16791624553897476,167916245.53897476,boundary probe
S4,S4,Idealized 113/114 cap-derived geometric schedule,179130000,349431,0.00349431,16791624554250000,167916245.54250000,boundary probe
S4,S4,Idealized 113/114 cap-derived geometric schedule,179130001,349431,0.00349431,16791624554599431,167916245.54599431,boundary probe
S4,S4,Idealized 113/114 cap-derived geometric schedule,179339999,349431,0.00349431,16791697934410569,167916979.34410569,boundary probe
S4,S4,Idealized 113/114 cap-derived geometric schedule,179340000,346365,0.00346365,16791697934760000,167916979.34760000,boundary probe
S4,S4,Idealized 113/114 cap-derived geometric schedule,179340001,346365,0.00346365,16791697935106365,167916979.35106365,boundary probe
S4,S4,Idealized 113/114 cap-derived geometric schedule,179549999,346365,0.00346365,16791770671063635,167917706.71063635,boundary probe
S4,S4,Idealized 113/114 cap-derived geometric schedule,179550000,343326,0.00343326,16791770671410000,167917706.71410000,boundary probe
S4,S4,Idealized 113/114 cap-derived geometric schedule,179550001,343326,0.00343326,16791770671753326,167917706.71753326,boundary probe
S4,S4,Idealized 113/114 cap-derived geometric schedule,179759999,343326,0.00343326,16791842769526674,167918427.69526674,boundary probe
S4,S4,Idealized 113/114 cap-derived geometric schedule,179760000,340314,0.00340314,16791842769870000,167918427.69870000,boundary probe
S4,S4,Idealized 113/114 cap-derived geometric schedule,179760001,340314,0.00340314,16791842770210314,167918427.70210314,boundary probe
S4,S4,Idealized 113/114 cap-derived geometric schedule,179969999,340314,0.00340314,16791914235469686,167919142.35469686,boundary probe
S4,S4,Idealized 113/114 cap-derived geometric schedule,179970000,337328,0.00337328,16791914235810000,167919142.35810000,boundary probe
S4,S4,Idealized 113/114 cap-derived geometric schedule,179970001,337328,0.00337328,16791914236147328,167919142.36147328,boundary probe
S4,S4,Idealized 113/114 cap-derived geometric schedule,180179999,337328,0.00337328,16791985074352672,167919850.74352672,boundary probe
S4,S4,Idealized 113/114 cap-derived geometric schedule,180180000,334368,0.00334368,16791985074690000,167919850.74690000,boundary probe
S4,S4,Idealized 113/114 cap-derived geometric schedule,180180001,334368,0.00334368,16791985075024368,167919850.75024368,boundary probe
S4,S4,Idealized 113/114 cap-derived geometric schedule,180389999,334368,0.00334368,16792055291635632,167920552.91635632,boundary probe
S4,S4,Idealized 113/114 cap-derived geometric schedule,180390000,331434,0.00331434,16792055291970000,167920552.91970000,boundary probe
S4,S4,Idealized 113/114 cap-derived geometric schedule,180390001,331434,0.00331434,16792055292301434,167920552.92301434,boundary probe
S4,S4,Idealized 113/114 cap-derived geometric schedule,180599999,331434,0.00331434,16792124892778566,167921248.92778566,boundary probe
S4,S4,Idealized 113/114 cap-derived geometric schedule,180600000,328526,0.00328526,16792124893110000,167921248.93110000,boundary probe
S4,S4,Idealized 113/114 cap-derived geometric schedule,180600001,328526,0.00328526,16792124893438526,167921248.93438526,boundary probe
S4,S4,Idealized 113/114 cap-derived geometric schedule,180809999,328526,0.00328526,16792193883241474,167921938.83241474,boundary probe
S4,S4,Idealized 113/114 cap-derived geometric schedule,180810000,325644,0.00325644,16792193883570000,167921938.83570000,boundary probe
S4,S4,Idealized 113/114 cap-derived geometric schedule,180810001,325644,0.00325644,16792193883895644,167921938.83895644,boundary probe
S4,S4,Idealized 113/114 cap-derived geometric schedule,181019999,325644,0.00325644,16792262268484356,167922622.68484356,boundary probe
S4,S4,Idealized 113/114 cap-derived geometric schedule,181020000,322787,0.00322787,16792262268810000,167922622.68810000,boundary probe
S4,S4,Idealized 113/114 cap-derived geometric schedule,181020001,322787,0.00322787,16792262269132787,167922622.69132787,boundary probe
S4,S4,Idealized 113/114 cap-derived geometric schedule,181229999,322787,0.00322787,16792330053757213,167923300.53757213,boundary probe
S4,S4,Idealized 113/114 cap-derived geometric schedule,181230000,319955,0.00319955,16792330054080000,167923300.54080000,boundary probe
S4,S4,Idealized 113/114 cap-derived geometric schedule,181230001,319955,0.00319955,16792330054399955,167923300.54399955,boundary probe
S4,S4,Idealized 113/114 cap-derived geometric schedule,181439999,319955,0.00319955,16792397244310045,167923972.44310045,boundary probe
S4,S4,Idealized 113/114 cap-derived geometric schedule,181440000,317148,0.00317148,16792397244630000,167923972.44630000,boundary probe
S4,S4,Idealized 113/114 cap-derived geometric schedule,181440001,317148,0.00317148,16792397244947148,167923972.44947148,boundary probe
S4,S4,Idealized 113/114 cap-derived geometric schedule,181649999,317148,0.00317148,16792463845392852,167924638.45392852,boundary probe
S4,S4,Idealized 113/114 cap-derived geometric schedule,181650000,314366,0.00314366,16792463845710000,167924638.45710000,boundary probe
S4,S4,Idealized 113/114 cap-derived geometric schedule,181650001,314366,0.00314366,16792463846024366,167924638.46024366,boundary probe
S4,S4,Idealized 113/114 cap-derived geometric schedule,181859999,314366,0.00314366,16792529862255634,167925298.62255634,boundary probe
S4,S4,Idealized 113/114 cap-derived geometric schedule,181860000,311608,0.00311608,16792529862570000,167925298.62570000,boundary probe
S4,S4,Idealized 113/114 cap-derived geometric schedule,181860001,311608,0.00311608,16792529862881608,167925298.62881608,boundary probe
S4,S4,Idealized 113/114 cap-derived geometric schedule,182069999,311608,0.00311608,16792595299938392,167925952.99938392,boundary probe
S4,S4,Idealized 113/114 cap-derived geometric schedule,182070000,308874,0.00308874,16792595300250000,167925953.00250000,boundary probe
S4,S4,Idealized 113/114 cap-derived geometric schedule,182070001,308874,0.00308874,16792595300558874,167925953.00558874,boundary probe
S4,S4,Idealized 113/114 cap-derived geometric schedule,182279999,308874,0.00308874,16792660163481126,167926601.63481126,boundary probe
S4,S4,Idealized 113/114 cap-derived geometric schedule,182280000,306164,0.00306164,16792660163790000,167926601.63790000,boundary probe
S4,S4,Idealized 113/114 cap-derived geometric schedule,182280001,306164,0.00306164,16792660164096164,167926601.64096164,boundary probe
S4,S4,Idealized 113/114 cap-derived geometric schedule,182489999,306164,0.00306164,16792724457923836,167927244.57923836,boundary probe
S4,S4,Idealized 113/114 cap-derived geometric schedule,182490000,303478,0.00303478,16792724458230000,167927244.58230000,boundary probe
S4,S4,Idealized 113/114 cap-derived geometric schedule,182490001,303478,0.00303478,16792724458533478,167927244.58533478,boundary probe
S4,S4,Idealized 113/114 cap-derived geometric schedule,182699999,303478,0.00303478,16792788188306522,167927881.88306522,boundary probe
S4,S4,Idealized 113/114 cap-derived geometric schedule,182700000,300815,0.00300815,16792788188610000,167927881.88610000,boundary probe
S4,S4,Idealized 113/114 cap-derived geometric schedule,182700001,300815,0.00300815,16792788188910815,167927881.88910815,boundary probe
S4,S4,Idealized 113/114 cap-derived geometric schedule,182909999,300815,0.00300815,16792851359459185,167928513.59459185,boundary probe
S4,S4,Idealized 113/114 cap-derived geometric schedule,182910000,298176,0.00298176,16792851359760000,167928513.59760000,boundary probe
S4,S4,Idealized 113/114 cap-derived geometric schedule,182910001,298176,0.00298176,16792851360058176,167928513.60058176,boundary probe
S4,S4,Idealized 113/114 cap-derived geometric schedule,183119999,298176,0.00298176,16792913976421824,167929139.76421824,boundary probe
S4,S4,Idealized 113/114 cap-derived geometric schedule,183120000,295560,0.00295560,16792913976720000,167929139.76720000,boundary probe
S4,S4,Idealized 113/114 cap-derived geometric schedule,183120001,295560,0.00295560,16792913977015560,167929139.77015560,boundary probe
S4,S4,Idealized 113/114 cap-derived geometric schedule,183329999,295560,0.00295560,16792976044024440,167929760.44024440,boundary probe
S4,S4,Idealized 113/114 cap-derived geometric schedule,183330000,292967,0.00292967,16792976044320000,167929760.44320000,boundary probe
S4,S4,Idealized 113/114 cap-derived geometric schedule,183330001,292967,0.00292967,16792976044612967,167929760.44612967,boundary probe
S4,S4,Idealized 113/114 cap-derived geometric schedule,183539999,292967,0.00292967,16793037567097033,167930375.67097033,boundary probe
S4,S4,Idealized 113/114 cap-derived geometric schedule,183540000,290397,0.00290397,16793037567390000,167930375.67390000,boundary probe
S4,S4,Idealized 113/114 cap-derived geometric schedule,183540001,290397,0.00290397,16793037567680397,167930375.67680397,boundary probe
S4,S4,Idealized 113/114 cap-derived geometric schedule,183749999,290397,0.00290397,16793098550469603,167930985.50469603,boundary probe
S4,S4,Idealized 113/114 cap-derived geometric schedule,183750000,287849,0.00287849,16793098550760000,167930985.50760000,boundary probe
S4,S4,Idealized 113/114 cap-derived geometric schedule,183750001,287849,0.00287849,16793098551047849,167930985.51047849,boundary probe
S4,S4,Idealized 113/114 cap-derived geometric schedule,183959999,287849,0.00287849,16793158998762151,167931589.98762151,boundary probe
S4,S4,Idealized 113/114 cap-derived geometric schedule,183960000,285324,0.00285324,16793158999050000,167931589.99050000,boundary probe
S4,S4,Idealized 113/114 cap-derived geometric schedule,183960001,285324,0.00285324,16793158999335324,167931589.99335324,boundary probe
S4,S4,Idealized 113/114 cap-derived geometric schedule,184169999,285324,0.00285324,16793218916804676,167932189.16804676,boundary probe
S4,S4,Idealized 113/114 cap-derived geometric schedule,184170000,282821,0.00282821,16793218917090000,167932189.17090000,boundary probe
S4,S4,Idealized 113/114 cap-derived geometric schedule,184170001,282821,0.00282821,16793218917372821,167932189.17372821,boundary probe
S4,S4,Idealized 113/114 cap-derived geometric schedule,184379999,282821,0.00282821,16793278309217179,167932783.09217179,boundary probe
S4,S4,Idealized 113/114 cap-derived geometric schedule,184380000,280340,0.00280340,16793278309500000,167932783.09500000,boundary probe
S4,S4,Idealized 113/114 cap-derived geometric schedule,184380001,280340,0.00280340,16793278309780340,167932783.09780340,boundary probe
S4,S4,Idealized 113/114 cap-derived geometric schedule,184589999,280340,0.00280340,16793337180619660,167933371.80619660,boundary probe
S4,S4,Idealized 113/114 cap-derived geometric schedule,184590000,277880,0.00277880,16793337180900000,167933371.80900000,boundary probe
S4,S4,Idealized 113/114 cap-derived geometric schedule,184590001,277880,0.00277880,16793337181177880,167933371.81177880,boundary probe
S4,S4,Idealized 113/114 cap-derived geometric schedule,184799999,277880,0.00277880,16793395535422120,167933955.35422120,boundary probe
S4,S4,Idealized 113/114 cap-derived geometric schedule,184800000,275442,0.00275442,16793395535700000,167933955.35700000,boundary probe
S4,S4,Idealized 113/114 cap-derived geometric schedule,184800001,275442,0.00275442,16793395535975442,167933955.35975442,boundary probe
S4,S4,Idealized 113/114 cap-derived geometric schedule,185009999,275442,0.00275442,16793453378244558,167934533.78244558,boundary probe
S4,S4,Idealized 113/114 cap-derived geometric schedule,185010000,273025,0.00273025,16793453378520000,167934533.78520000,boundary probe
S4,S4,Idealized 113/114 cap-derived geometric schedule,185010001,273025,0.00273025,16793453378793025,167934533.78793025,boundary probe
S4,S4,Idealized 113/114 cap-derived geometric schedule,185219999,273025,0.00273025,16793510713496975,167935107.13496975,boundary probe
S4,S4,Idealized 113/114 cap-derived geometric schedule,185220000,270630,0.00270630,16793510713770000,167935107.13770000,boundary probe
S4,S4,Idealized 113/114 cap-derived geometric schedule,185220001,270630,0.00270630,16793510714040630,167935107.14040630,boundary probe
S4,S4,Idealized 113/114 cap-derived geometric schedule,185429999,270630,0.00270630,16793567545799370,167935675.45799370,boundary probe
S4,S4,Idealized 113/114 cap-derived geometric schedule,185430000,268256,0.00268256,16793567546070000,167935675.46070000,boundary probe
S4,S4,Idealized 113/114 cap-derived geometric schedule,185430001,268256,0.00268256,16793567546338256,167935675.46338256,boundary probe
S4,S4,Idealized 113/114 cap-derived geometric schedule,185639999,268256,0.00268256,16793623879561744,167936238.79561744,boundary probe
S4,S4,Idealized 113/114 cap-derived geometric schedule,185640000,265902,0.00265902,16793623879830000,167936238.79830000,boundary probe
S4,S4,Idealized 113/114 cap-derived geometric schedule,185640001,265902,0.00265902,16793623880095902,167936238.80095902,boundary probe
S4,S4,Idealized 113/114 cap-derived geometric schedule,185849999,265902,0.00265902,16793679718984098,167936797.18984098,boundary probe
S4,S4,Idealized 113/114 cap-derived geometric schedule,185850000,263569,0.00263569,16793679719250000,167936797.19250000,boundary probe
S4,S4,Idealized 113/114 cap-derived geometric schedule,185850001,263569,0.00263569,16793679719513569,167936797.19513569,boundary probe
S4,S4,Idealized 113/114 cap-derived geometric schedule,186059999,263569,0.00263569,16793735068476431,167937350.68476431,boundary probe
S4,S4,Idealized 113/114 cap-derived geometric schedule,186060000,261256,0.00261256,16793735068740000,167937350.68740000,boundary probe
S4,S4,Idealized 113/114 cap-derived geometric schedule,186060001,261256,0.00261256,16793735069001256,167937350.69001256,boundary probe
S4,S4,Idealized 113/114 cap-derived geometric schedule,186269999,261256,0.00261256,16793789932238744,167937899.32238744,boundary probe
S4,S4,Idealized 113/114 cap-derived geometric schedule,186270000,258964,0.00258964,16793789932500000,167937899.32500000,boundary probe
S4,S4,Idealized 113/114 cap-derived geometric schedule,186270001,258964,0.00258964,16793789932758964,167937899.32758964,boundary probe
S4,S4,Idealized 113/114 cap-derived geometric schedule,186479999,258964,0.00258964,16793844314681036,167938443.14681036,boundary probe
S4,S4,Idealized 113/114 cap-derived geometric schedule,186480000,256692,0.00256692,16793844314940000,167938443.14940000,boundary probe
S4,S4,Idealized 113/114 cap-derived geometric schedule,186480001,256692,0.00256692,16793844315196692,167938443.15196692,boundary probe
S4,S4,Idealized 113/114 cap-derived geometric schedule,186689999,256692,0.00256692,16793898220003308,167938982.20003308,boundary probe
S4,S4,Idealized 113/114 cap-derived geometric schedule,186690000,254440,0.00254440,16793898220260000,167938982.20260000,boundary probe
S4,S4,Idealized 113/114 cap-derived geometric schedule,186690001,254440,0.00254440,16793898220514440,167938982.20514440,boundary probe
S4,S4,Idealized 113/114 cap-derived geometric schedule,186899999,254440,0.00254440,16793951652405560,167939516.52405560,boundary probe
S4,S4,Idealized 113/114 cap-derived geometric schedule,186900000,252208,0.00252208,16793951652660000,167939516.52660000,boundary probe
S4,S4,Idealized 113/114 cap-derived geometric schedule,186900001,252208,0.00252208,16793951652912208,167939516.52912208,boundary probe
S4,S4,Idealized 113/114 cap-derived geometric schedule,187109999,252208,0.00252208,16794004616087792,167940046.16087792,boundary probe
S4,S4,Idealized 113/114 cap-derived geometric schedule,187110000,249995,0.00249995,16794004616340000,167940046.16340000,boundary probe
S4,S4,Idealized 113/114 cap-derived geometric schedule,187110001,249995,0.00249995,16794004616589995,167940046.16589995,boundary probe
S4,S4,Idealized 113/114 cap-derived geometric schedule,187319999,249995,0.00249995,16794057115040005,167940571.15040005,boundary probe
S4,S4,Idealized 113/114 cap-derived geometric schedule,187320000,247802,0.00247802,16794057115290000,167940571.15290000,boundary probe
S4,S4,Idealized 113/114 cap-derived geometric schedule,187320001,247802,0.00247802,16794057115537802,167940571.15537802,boundary probe
S4,S4,Idealized 113/114 cap-derived geometric schedule,187529999,247802,0.00247802,16794109153462198,167941091.53462198,boundary probe
S4,S4,Idealized 113/114 cap-derived geometric schedule,187530000,245628,0.00245628,16794109153710000,167941091.53710000,boundary probe
S4,S4,Idealized 113/114 cap-derived geometric schedule,187530001,245628,0.00245628,16794109153955628,167941091.53955628,boundary probe
S4,S4,Idealized 113/114 cap-derived geometric schedule,187739999,245628,0.00245628,16794160735344372,167941607.35344372,boundary probe
S4,S4,Idealized 113/114 cap-derived geometric schedule,187740000,243473,0.00243473,16794160735590000,167941607.35590000,boundary probe
S4,S4,Idealized 113/114 cap-derived geometric schedule,187740001,243473,0.00243473,16794160735833473,167941607.35833473,boundary probe
S4,S4,Idealized 113/114 cap-derived geometric schedule,187949999,243473,0.00243473,16794211864676527,167942118.64676527,boundary probe
S4,S4,Idealized 113/114 cap-derived geometric schedule,187950000,241337,0.00241337,16794211864920000,167942118.64920000,boundary probe
S4,S4,Idealized 113/114 cap-derived geometric schedule,187950001,241337,0.00241337,16794211865161337,167942118.65161337,boundary probe
S4,S4,Idealized 113/114 cap-derived geometric schedule,188159999,241337,0.00241337,16794262545448663,167942625.45448663,boundary probe
S4,S4,Idealized 113/114 cap-derived geometric schedule,188160000,239220,0.00239220,16794262545690000,167942625.45690000,boundary probe
S4,S4,Idealized 113/114 cap-derived geometric schedule,188160001,239220,0.00239220,16794262545929220,167942625.45929220,boundary probe
S4,S4,Idealized 113/114 cap-derived geometric schedule,188369999,239220,0.00239220,16794312781650780,167943127.81650780,boundary probe
S4,S4,Idealized 113/114 cap-derived geometric schedule,188370000,237121,0.00237121,16794312781890000,167943127.81890000,boundary probe
S4,S4,Idealized 113/114 cap-derived geometric schedule,188370001,237121,0.00237121,16794312782127121,167943127.82127121,boundary probe
S4,S4,Idealized 113/114 cap-derived geometric schedule,188579999,237121,0.00237121,16794362577062879,167943625.77062879,boundary probe
S4,S4,Idealized 113/114 cap-derived geometric schedule,188580000,235040,0.00235040,16794362577300000,167943625.77300000,boundary probe
S4,S4,Idealized 113/114 cap-derived geometric schedule,188580001,235040,0.00235040,16794362577535040,167943625.77535040,boundary probe
S4,S4,Idealized 113/114 cap-derived geometric schedule,188789999,235040,0.00235040,16794411935464960,167944119.35464960,boundary probe
S4,S4,Idealized 113/114 cap-derived geometric schedule,188790000,232978,0.00232978,16794411935700000,167944119.35700000,boundary probe
S4,S4,Idealized 113/114 cap-derived geometric schedule,188790001,232978,0.00232978,16794411935932978,167944119.35932978,boundary probe
S4,S4,Idealized 113/114 cap-derived geometric schedule,188999999,232978,0.00232978,16794460860847022,167944608.60847022,boundary probe
S4,S4,Idealized 113/114 cap-derived geometric schedule,189000000,230934,0.00230934,16794460861080000,167944608.61080000,boundary probe
S4,S4,Idealized 113/114 cap-derived geometric schedule,189000001,230934,0.00230934,16794460861310934,167944608.61310934,boundary probe
S4,S4,Idealized 113/114 cap-derived geometric schedule,189209999,230934,0.00230934,16794509356989066,167945093.56989066,boundary probe
S4,S4,Idealized 113/114 cap-derived geometric schedule,189210000,228908,0.00228908,16794509357220000,167945093.57220000,boundary probe
S4,S4,Idealized 113/114 cap-derived geometric schedule,189210001,228908,0.00228908,16794509357448908,167945093.57448908,boundary probe
S4,S4,Idealized 113/114 cap-derived geometric schedule,189419999,228908,0.00228908,16794557427671092,167945574.27671092,boundary probe
S4,S4,Idealized 113/114 cap-derived geometric schedule,189420000,226900,0.00226900,16794557427900000,167945574.27900000,boundary probe
S4,S4,Idealized 113/114 cap-derived geometric schedule,189420001,226900,0.00226900,16794557428126900,167945574.28126900,boundary probe
S4,S4,Idealized 113/114 cap-derived geometric schedule,189629999,226900,0.00226900,16794605076673100,167946050.76673100,boundary probe
S4,S4,Idealized 113/114 cap-derived geometric schedule,189630000,224909,0.00224909,16794605076900000,167946050.76900000,boundary probe
S4,S4,Idealized 113/114 cap-derived geometric schedule,189630001,224909,0.00224909,16794605077124909,167946050.77124909,boundary probe
S4,S4,Idealized 113/114 cap-derived geometric schedule,189839999,224909,0.00224909,16794652307565091,167946523.07565091,boundary probe
S4,S4,Idealized 113/114 cap-derived geometric schedule,189840000,222936,0.00222936,16794652307790000,167946523.07790000,boundary probe
S4,S4,Idealized 113/114 cap-derived geometric schedule,189840001,222936,0.00222936,16794652308012936,167946523.08012936,boundary probe
S4,S4,Idealized 113/114 cap-derived geometric schedule,190049999,222936,0.00222936,16794699124127064,167946991.24127064,boundary probe
S4,S4,Idealized 113/114 cap-derived geometric schedule,190050000,220980,0.00220980,16794699124350000,167946991.24350000,boundary probe
S4,S4,Idealized 113/114 cap-derived geometric schedule,190050001,220980,0.00220980,16794699124570980,167946991.24570980,boundary probe
S4,S4,Idealized 113/114 cap-derived geometric schedule,190259999,220980,0.00220980,16794745529929020,167947455.29929020,boundary probe
S4,S4,Idealized 113/114 cap-derived geometric schedule,190260000,219041,0.00219041,16794745530150000,167947455.30150000,boundary probe
S4,S4,Idealized 113/114 cap-derived geometric schedule,190260001,219041,0.00219041,16794745530369041,167947455.30369041,boundary probe
S4,S4,Idealized 113/114 cap-derived geometric schedule,190469999,219041,0.00219041,16794791528540959,167947915.28540959,boundary probe
S4,S4,Idealized 113/114 cap-derived geometric schedule,190470000,217119,0.00217119,16794791528760000,167947915.28760000,boundary probe
S4,S4,Idealized 113/114 cap-derived geometric schedule,190470001,217119,0.00217119,16794791528977119,167947915.28977119,boundary probe
S4,S4,Idealized 113/114 cap-derived geometric schedule,190679999,217119,0.00217119,16794837123532881,167948371.23532881,boundary probe
S4,S4,Idealized 113/114 cap-derived geometric schedule,190680000,215214,0.00215214,16794837123750000,167948371.23750000,boundary probe
S4,S4,Idealized 113/114 cap-derived geometric schedule,190680001,215214,0.00215214,16794837123965214,167948371.23965214,boundary probe
S4,S4,Idealized 113/114 cap-derived geometric schedule,190889999,215214,0.00215214,16794882318474786,167948823.18474786,boundary probe
S4,S4,Idealized 113/114 cap-derived geometric schedule,190890000,213326,0.00213326,16794882318690000,167948823.18690000,boundary probe
S4,S4,Idealized 113/114 cap-derived geometric schedule,190890001,213326,0.00213326,16794882318903326,167948823.18903326,boundary probe
S4,S4,Idealized 113/114 cap-derived geometric schedule,191099999,213326,0.00213326,16794927116936674,167949271.16936674,boundary probe
S4,S4,Idealized 113/114 cap-derived geometric schedule,191100000,211454,0.00211454,16794927117150000,167949271.17150000,boundary probe
S4,S4,Idealized 113/114 cap-derived geometric schedule,191100001,211454,0.00211454,16794927117361454,167949271.17361454,boundary probe
S4,S4,Idealized 113/114 cap-derived geometric schedule,191309999,211454,0.00211454,16794971522278546,167949715.22278546,boundary probe
S4,S4,Idealized 113/114 cap-derived geometric schedule,191310000,209599,0.00209599,16794971522490000,167949715.22490000,boundary probe
S4,S4,Idealized 113/114 cap-derived geometric schedule,191310001,209599,0.00209599,16794971522699599,167949715.22699599,boundary probe
S4,S4,Idealized 113/114 cap-derived geometric schedule,191519999,209599,0.00209599,16795015538070401,167950155.38070401,boundary probe
S4,S4,Idealized 113/114 cap-derived geometric schedule,191520000,207760,0.00207760,16795015538280000,167950155.38280000,boundary probe
S4,S4,Idealized 113/114 cap-derived geometric schedule,191520001,207760,0.00207760,16795015538487760,167950155.38487760,boundary probe
S4,S4,Idealized 113/114 cap-derived geometric schedule,191729999,207760,0.00207760,16795059167672240,167950591.67672240,boundary probe
S4,S4,Idealized 113/114 cap-derived geometric schedule,191730000,205937,0.00205937,16795059167880000,167950591.67880000,boundary probe
S4,S4,Idealized 113/114 cap-derived geometric schedule,191730001,205937,0.00205937,16795059168085937,167950591.68085937,boundary probe
S4,S4,Idealized 113/114 cap-derived geometric schedule,191939999,205937,0.00205937,16795102414444063,167951024.14444063,boundary probe
S4,S4,Idealized 113/114 cap-derived geometric schedule,191940000,204130,0.00204130,16795102414650000,167951024.14650000,boundary probe
S4,S4,Idealized 113/114 cap-derived geometric schedule,191940001,204130,0.00204130,16795102414854130,167951024.14854130,boundary probe
S4,S4,Idealized 113/114 cap-derived geometric schedule,192149999,204130,0.00204130,16795145281745870,167951452.81745870,boundary probe
S4,S4,Idealized 113/114 cap-derived geometric schedule,192150000,202339,0.00202339,16795145281950000,167951452.81950000,boundary probe
S4,S4,Idealized 113/114 cap-derived geometric schedule,192150001,202339,0.00202339,16795145282152339,167951452.82152339,boundary probe
S4,S4,Idealized 113/114 cap-derived geometric schedule,192359999,202339,0.00202339,16795187772937661,167951877.72937661,boundary probe
S4,S4,Idealized 113/114 cap-derived geometric schedule,192360000,200564,0.00200564,16795187773140000,167951877.73140000,boundary probe
S4,S4,Idealized 113/114 cap-derived geometric schedule,192360001,200564,0.00200564,16795187773340564,167951877.73340564,boundary probe
S4,S4,Idealized 113/114 cap-derived geometric schedule,192569999,200564,0.00200564,16795229891379436,167952298.91379436,boundary probe
S4,S4,Idealized 113/114 cap-derived geometric schedule,192570000,198804,0.00198804,16795229891580000,167952298.91580000,boundary probe
S4,S4,Idealized 113/114 cap-derived geometric schedule,192570001,198804,0.00198804,16795229891778804,167952298.91778804,boundary probe
S4,S4,Idealized 113/114 cap-derived geometric schedule,192779999,198804,0.00198804,16795271640221196,167952716.40221196,boundary probe
S4,S4,Idealized 113/114 cap-derived geometric schedule,192780000,197060,0.00197060,16795271640420000,167952716.40420000,boundary probe
S4,S4,Idealized 113/114 cap-derived geometric schedule,192780001,197060,0.00197060,16795271640617060,167952716.40617060,boundary probe
S4,S4,Idealized 113/114 cap-derived geometric schedule,192989999,197060,0.00197060,16795313022822940,167953130.22822940,boundary probe
S4,S4,Idealized 113/114 cap-derived geometric schedule,192990000,195331,0.00195331,16795313023020000,167953130.23020000,boundary probe
S4,S4,Idealized 113/114 cap-derived geometric schedule,192990001,195331,0.00195331,16795313023215331,167953130.23215331,boundary probe
S4,S4,Idealized 113/114 cap-derived geometric schedule,193199999,195331,0.00195331,16795354042334669,167953540.42334669,boundary probe
S4,S4,Idealized 113/114 cap-derived geometric schedule,193200000,193617,0.00193617,16795354042530000,167953540.42530000,boundary probe
S4,S4,Idealized 113/114 cap-derived geometric schedule,193200001,193617,0.00193617,16795354042723617,167953540.42723617,boundary probe
S4,S4,Idealized 113/114 cap-derived geometric schedule,193409999,193617,0.00193617,16795394701906383,167953947.01906383,boundary probe
S4,S4,Idealized 113/114 cap-derived geometric schedule,193410000,191918,0.00191918,16795394702100000,167953947.02100000,boundary probe
S4,S4,Idealized 113/114 cap-derived geometric schedule,193410001,191918,0.00191918,16795394702291918,167953947.02291918,boundary probe
S4,S4,Idealized 113/114 cap-derived geometric schedule,193619999,191918,0.00191918,16795435004688082,167954350.04688082,boundary probe
S4,S4,Idealized 113/114 cap-derived geometric schedule,193620000,190234,0.00190234,16795435004880000,167954350.04880000,boundary probe
S4,S4,Idealized 113/114 cap-derived geometric schedule,193620001,190234,0.00190234,16795435005070234,167954350.05070234,boundary probe
S4,S4,Idealized 113/114 cap-derived geometric schedule,193829999,190234,0.00190234,16795474953829766,167954749.53829766,boundary probe
S4,S4,Idealized 113/114 cap-derived geometric schedule,193830000,188565,0.00188565,16795474954020000,167954749.54020000,boundary probe
S4,S4,Idealized 113/114 cap-derived geometric schedule,193830001,188565,0.00188565,16795474954208565,167954749.54208565,boundary probe
S4,S4,Idealized 113/114 cap-derived geometric schedule,194039999,188565,0.00188565,16795514552481435,167955145.52481435,boundary probe
S4,S4,Idealized 113/114 cap-derived geometric schedule,194040000,186910,0.00186910,16795514552670000,167955145.52670000,boundary probe
S4,S4,Idealized 113/114 cap-derived geometric schedule,194040001,186910,0.00186910,16795514552856910,167955145.52856910,boundary probe
S4,S4,Idealized 113/114 cap-derived geometric schedule,194249999,186910,0.00186910,16795553803583090,167955538.03583090,boundary probe
S4,S4,Idealized 113/114 cap-derived geometric schedule,194250000,185270,0.00185270,16795553803770000,167955538.03770000,boundary probe
S4,S4,Idealized 113/114 cap-derived geometric schedule,194250001,185270,0.00185270,16795553803955270,167955538.03955270,boundary probe
S4,S4,Idealized 113/114 cap-derived geometric schedule,194459999,185270,0.00185270,16795592710284730,167955927.10284730,boundary probe
S4,S4,Idealized 113/114 cap-derived geometric schedule,194460000,183644,0.00183644,16795592710470000,167955927.10470000,boundary probe
S4,S4,Idealized 113/114 cap-derived geometric schedule,194460001,183644,0.00183644,16795592710653644,167955927.10653644,boundary probe
S4,S4,Idealized 113/114 cap-derived geometric schedule,194669999,183644,0.00183644,16795631275526356,167956312.75526356,boundary probe
S4,S4,Idealized 113/114 cap-derived geometric schedule,194670000,182033,0.00182033,16795631275710000,167956312.75710000,boundary probe
S4,S4,Idealized 113/114 cap-derived geometric schedule,194670001,182033,0.00182033,16795631275892033,167956312.75892033,boundary probe
S4,S4,Idealized 113/114 cap-derived geometric schedule,194879999,182033,0.00182033,16795669502457967,167956695.02457967,boundary probe
S4,S4,Idealized 113/114 cap-derived geometric schedule,194880000,180436,0.00180436,16795669502640000,167956695.02640000,boundary probe
S4,S4,Idealized 113/114 cap-derived geometric schedule,194880001,180436,0.00180436,16795669502820436,167956695.02820436,boundary probe
S4,S4,Idealized 113/114 cap-derived geometric schedule,195089999,180436,0.00180436,16795707394019564,167957073.94019564,boundary probe
S4,S4,Idealized 113/114 cap-derived geometric schedule,195090000,178853,0.00178853,16795707394200000,167957073.94200000,boundary probe
S4,S4,Idealized 113/114 cap-derived geometric schedule,195090001,178853,0.00178853,16795707394378853,167957073.94378853,boundary probe
S4,S4,Idealized 113/114 cap-derived geometric schedule,195299999,178853,0.00178853,16795744953151147,167957449.53151147,boundary probe
S4,S4,Idealized 113/114 cap-derived geometric schedule,195300000,177284,0.00177284,16795744953330000,167957449.53330000,boundary probe
S4,S4,Idealized 113/114 cap-derived geometric schedule,195300001,177284,0.00177284,16795744953507284,167957449.53507284,boundary probe
S4,S4,Idealized 113/114 cap-derived geometric schedule,195509999,177284,0.00177284,16795782182792716,167957821.82792716,boundary probe
S4,S4,Idealized 113/114 cap-derived geometric schedule,195510000,175728,0.00175728,16795782182970000,167957821.82970000,boundary probe
S4,S4,Idealized 113/114 cap-derived geometric schedule,195510001,175728,0.00175728,16795782183145728,167957821.83145728,boundary probe
S4,S4,Idealized 113/114 cap-derived geometric schedule,195719999,175728,0.00175728,16795819085674272,167958190.85674272,boundary probe
S4,S4,Idealized 113/114 cap-derived geometric schedule,195720000,174186,0.00174186,16795819085850000,167958190.85850000,boundary probe
S4,S4,Idealized 113/114 cap-derived geometric schedule,195720001,174186,0.00174186,16795819086024186,167958190.86024186,boundary probe
S4,S4,Idealized 113/114 cap-derived geometric schedule,195929999,174186,0.00174186,16795855664735814,167958556.64735814,boundary probe
S4,S4,Idealized 113/114 cap-derived geometric schedule,195930000,172658,0.00172658,16795855664910000,167958556.64910000,boundary probe
S4,S4,Idealized 113/114 cap-derived geometric schedule,195930001,172658,0.00172658,16795855665082658,167958556.65082658,boundary probe
S4,S4,Idealized 113/114 cap-derived geometric schedule,196139999,172658,0.00172658,16795891922917342,167958919.22917342,boundary probe
S4,S4,Idealized 113/114 cap-derived geometric schedule,196140000,171143,0.00171143,16795891923090000,167958919.23090000,boundary probe
S4,S4,Idealized 113/114 cap-derived geometric schedule,196140001,171143,0.00171143,16795891923261143,167958919.23261143,boundary probe
S4,S4,Idealized 113/114 cap-derived geometric schedule,196349999,171143,0.00171143,16795927862948857,167959278.62948857,boundary probe
S4,S4,Idealized 113/114 cap-derived geometric schedule,196350000,169641,0.00169641,16795927863120000,167959278.63120000,boundary probe
S4,S4,Idealized 113/114 cap-derived geometric schedule,196350001,169641,0.00169641,16795927863289641,167959278.63289641,boundary probe
S4,S4,Idealized 113/114 cap-derived geometric schedule,196559999,169641,0.00169641,16795963487560359,167959634.87560359,boundary probe
S4,S4,Idealized 113/114 cap-derived geometric schedule,196560000,168152,0.00168152,16795963487730000,167959634.87730000,boundary probe
S4,S4,Idealized 113/114 cap-derived geometric schedule,196560001,168152,0.00168152,16795963487898152,167959634.87898152,boundary probe
S4,S4,Idealized 113/114 cap-derived geometric schedule,196769999,168152,0.00168152,16795998799481848,167959987.99481848,boundary probe
S4,S4,Idealized 113/114 cap-derived geometric schedule,196770000,166676,0.00166676,16795998799650000,167959987.99650000,boundary probe
S4,S4,Idealized 113/114 cap-derived geometric schedule,196770001,166676,0.00166676,16795998799816676,167959987.99816676,boundary probe
S4,S4,Idealized 113/114 cap-derived geometric schedule,196979999,166676,0.00166676,16796033801443324,167960338.01443324,boundary probe
S4,S4,Idealized 113/114 cap-derived geometric schedule,196980000,165213,0.00165213,16796033801610000,167960338.01610000,boundary probe
S4,S4,Idealized 113/114 cap-derived geometric schedule,196980001,165213,0.00165213,16796033801775213,167960338.01775213,boundary probe
S4,S4,Idealized 113/114 cap-derived geometric schedule,197189999,165213,0.00165213,16796068496174787,167960684.96174787,boundary probe
S4,S4,Idealized 113/114 cap-derived geometric schedule,197190000,163763,0.00163763,16796068496340000,167960684.96340000,boundary probe
S4,S4,Idealized 113/114 cap-derived geometric schedule,197190001,163763,0.00163763,16796068496503763,167960684.96503763,boundary probe
S4,S4,Idealized 113/114 cap-derived geometric schedule,197399999,163763,0.00163763,16796102886406237,167961028.86406237,boundary probe
S4,S4,Idealized 113/114 cap-derived geometric schedule,197400000,162326,0.00162326,16796102886570000,167961028.86570000,boundary probe
S4,S4,Idealized 113/114 cap-derived geometric schedule,197400001,162326,0.00162326,16796102886732326,167961028.86732326,boundary probe
S4,S4,Idealized 113/114 cap-derived geometric schedule,197609999,162326,0.00162326,16796136974867674,167961369.74867674,boundary probe
S4,S4,Idealized 113/114 cap-derived geometric schedule,197610000,160902,0.00160902,16796136975030000,167961369.75030000,boundary probe
S4,S4,Idealized 113/114 cap-derived geometric schedule,197610001,160902,0.00160902,16796136975190902,167961369.75190902,boundary probe
S4,S4,Idealized 113/114 cap-derived geometric schedule,197819999,160902,0.00160902,16796170764289098,167961707.64289098,boundary probe
S4,S4,Idealized 113/114 cap-derived geometric schedule,197820000,159490,0.00159490,16796170764450000,167961707.64450000,boundary probe
S4,S4,Idealized 113/114 cap-derived geometric schedule,197820001,159490,0.00159490,16796170764609490,167961707.64609490,boundary probe
S4,S4,Idealized 113/114 cap-derived geometric schedule,198029999,159490,0.00159490,16796204257190510,167962042.57190510,boundary probe
S4,S4,Idealized 113/114 cap-derived geometric schedule,198030000,158090,0.00158090,16796204257350000,167962042.57350000,boundary probe
S4,S4,Idealized 113/114 cap-derived geometric schedule,198030001,158090,0.00158090,16796204257508090,167962042.57508090,boundary probe
S4,S4,Idealized 113/114 cap-derived geometric schedule,198239999,158090,0.00158090,16796237456091910,167962374.56091910,boundary probe
S4,S4,Idealized 113/114 cap-derived geometric schedule,198240000,156703,0.00156703,16796237456250000,167962374.56250000,boundary probe
S4,S4,Idealized 113/114 cap-derived geometric schedule,198240001,156703,0.00156703,16796237456406703,167962374.56406703,boundary probe
S4,S4,Idealized 113/114 cap-derived geometric schedule,198449999,156703,0.00156703,16796270363723297,167962703.63723297,boundary probe
S4,S4,Idealized 113/114 cap-derived geometric schedule,198450000,155328,0.00155328,16796270363880000,167962703.63880000,boundary probe
S4,S4,Idealized 113/114 cap-derived geometric schedule,198450001,155328,0.00155328,16796270364035328,167962703.64035328,boundary probe
S4,S4,Idealized 113/114 cap-derived geometric schedule,198659999,155328,0.00155328,16796302982604672,167963029.82604672,boundary probe
S4,S4,Idealized 113/114 cap-derived geometric schedule,198660000,153965,0.00153965,16796302982760000,167963029.82760000,boundary probe
S4,S4,Idealized 113/114 cap-derived geometric schedule,198660001,153965,0.00153965,16796302982913965,167963029.82913965,boundary probe
S4,S4,Idealized 113/114 cap-derived geometric schedule,198869999,153965,0.00153965,16796335315256035,167963353.15256035,boundary probe
S4,S4,Idealized 113/114 cap-derived geometric schedule,198870000,152614,0.00152614,16796335315410000,167963353.15410000,boundary probe
S4,S4,Idealized 113/114 cap-derived geometric schedule,198870001,152614,0.00152614,16796335315562614,167963353.15562614,boundary probe
S4,S4,Idealized 113/114 cap-derived geometric schedule,199079999,152614,0.00152614,16796367364197386,167963673.64197386,boundary probe
S4,S4,Idealized 113/114 cap-derived geometric schedule,199080000,151275,0.00151275,16796367364350000,167963673.64350000,boundary probe
S4,S4,Idealized 113/114 cap-derived geometric schedule,199080001,151275,0.00151275,16796367364501275,167963673.64501275,boundary probe
S4,S4,Idealized 113/114 cap-derived geometric schedule,199289999,151275,0.00151275,16796399131948725,167963991.31948725,boundary probe
S4,S4,Idealized 113/114 cap-derived geometric schedule,199290000,149948,0.00149948,16796399132100000,167963991.32100000,boundary probe
S4,S4,Idealized 113/114 cap-derived geometric schedule,199290001,149948,0.00149948,16796399132249948,167963991.32249948,boundary probe
S4,S4,Idealized 113/114 cap-derived geometric schedule,199499999,149948,0.00149948,16796430621030052,167964306.21030052,boundary probe
S4,S4,Idealized 113/114 cap-derived geometric schedule,199500000,148632,0.00148632,16796430621180000,167964306.21180000,boundary probe
S4,S4,Idealized 113/114 cap-derived geometric schedule,199500001,148632,0.00148632,16796430621328632,167964306.21328632,boundary probe
S4,S4,Idealized 113/114 cap-derived geometric schedule,199709999,148632,0.00148632,16796461833751368,167964618.33751368,boundary probe
S4,S4,Idealized 113/114 cap-derived geometric schedule,199710000,147328,0.00147328,16796461833900000,167964618.33900000,boundary probe
S4,S4,Idealized 113/114 cap-derived geometric schedule,199710001,147328,0.00147328,16796461834047328,167964618.34047328,boundary probe
S4,S4,Idealized 113/114 cap-derived geometric schedule,199919999,147328,0.00147328,16796492772632672,167964927.72632672,boundary probe
S4,S4,Idealized 113/114 cap-derived geometric schedule,199920000,146035,0.00146035,16796492772780000,167964927.72780000,boundary probe
S4,S4,Idealized 113/114 cap-derived geometric schedule,199920001,146035,0.00146035,16796492772926035,167964927.72926035,boundary probe
S4,S4,Idealized 113/114 cap-derived geometric schedule,200129999,146035,0.00146035,16796523439983965,167965234.39983965,boundary probe
S4,S4,Idealized 113/114 cap-derived geometric schedule,200130000,144753,0.00144753,16796523440130000,167965234.40130000,boundary probe
S4,S4,Idealized 113/114 cap-derived geometric schedule,200130001,144753,0.00144753,16796523440274753,167965234.40274753,boundary probe
S4,S4,Idealized 113/114 cap-derived geometric schedule,200339999,144753,0.00144753,16796553838115247,167965538.38115247,boundary probe
S4,S4,Idealized 113/114 cap-derived geometric schedule,200340000,143483,0.00143483,16796553838260000,167965538.38260000,boundary probe
S4,S4,Idealized 113/114 cap-derived geometric schedule,200340001,143483,0.00143483,16796553838403483,167965538.38403483,boundary probe
S4,S4,Idealized 113/114 cap-derived geometric schedule,200549999,143483,0.00143483,16796583969546517,167965839.69546517,boundary probe
S4,S4,Idealized 113/114 cap-derived geometric schedule,200550000,142224,0.00142224,16796583969690000,167965839.69690000,boundary probe
S4,S4,Idealized 113/114 cap-derived geometric schedule,200550001,142224,0.00142224,16796583969832224,167965839.69832224,boundary probe
S4,S4,Idealized 113/114 cap-derived geometric schedule,200759999,142224,0.00142224,16796613836587776,167966138.36587776,boundary probe
S4,S4,Idealized 113/114 cap-derived geometric schedule,200760000,140976,0.00140976,16796613836730000,167966138.36730000,boundary probe
S4,S4,Idealized 113/114 cap-derived geometric schedule,200760001,140976,0.00140976,16796613836870976,167966138.36870976,boundary probe
S4,S4,Idealized 113/114 cap-derived geometric schedule,200969999,140976,0.00140976,16796643441549024,167966434.41549024,boundary probe
S4,S4,Idealized 113/114 cap-derived geometric schedule,200970000,139739,0.00139739,16796643441690000,167966434.41690000,boundary probe
S4,S4,Idealized 113/114 cap-derived geometric schedule,200970001,139739,0.00139739,16796643441829739,167966434.41829739,boundary probe
S4,S4,Idealized 113/114 cap-derived geometric schedule,201179999,139739,0.00139739,16796672786740261,167966727.86740261,boundary probe
S4,S4,Idealized 113/114 cap-derived geometric schedule,201180000,138513,0.00138513,16796672786880000,167966727.86880000,boundary probe
S4,S4,Idealized 113/114 cap-derived geometric schedule,201180001,138513,0.00138513,16796672787018513,167966727.87018513,boundary probe
S4,S4,Idealized 113/114 cap-derived geometric schedule,201389999,138513,0.00138513,16796701874471487,167967018.74471487,boundary probe
S4,S4,Idealized 113/114 cap-derived geometric schedule,201390000,137297,0.00137297,16796701874610000,167967018.74610000,boundary probe
S4,S4,Idealized 113/114 cap-derived geometric schedule,201390001,137297,0.00137297,16796701874747297,167967018.74747297,boundary probe
S4,S4,Idealized 113/114 cap-derived geometric schedule,201599999,137297,0.00137297,16796730706842703,167967307.06842703,boundary probe
S4,S4,Idealized 113/114 cap-derived geometric schedule,201600000,136092,0.00136092,16796730706980000,167967307.06980000,boundary probe
S4,S4,Idealized 113/114 cap-derived geometric schedule,201600001,136092,0.00136092,16796730707116092,167967307.07116092,boundary probe
S4,S4,Idealized 113/114 cap-derived geometric schedule,201809999,136092,0.00136092,16796759286163908,167967592.86163908,boundary probe
S4,S4,Idealized 113/114 cap-derived geometric schedule,201810000,134898,0.00134898,16796759286300000,167967592.86300000,boundary probe
S4,S4,Idealized 113/114 cap-derived geometric schedule,201810001,134898,0.00134898,16796759286434898,167967592.86434898,boundary probe
S4,S4,Idealized 113/114 cap-derived geometric schedule,202019999,134898,0.00134898,16796787614745102,167967876.14745102,boundary probe
S4,S4,Idealized 113/114 cap-derived geometric schedule,202020000,133714,0.00133714,16796787614880000,167967876.14880000,boundary probe
S4,S4,Idealized 113/114 cap-derived geometric schedule,202020001,133714,0.00133714,16796787615013714,167967876.15013714,boundary probe
S4,S4,Idealized 113/114 cap-derived geometric schedule,202229999,133714,0.00133714,16796815694686286,167968156.94686286,boundary probe
S4,S4,Idealized 113/114 cap-derived geometric schedule,202230000,132541,0.00132541,16796815694820000,167968156.94820000,boundary probe
S4,S4,Idealized 113/114 cap-derived geometric schedule,202230001,132541,0.00132541,16796815694952541,167968156.94952541,boundary probe
S4,S4,Idealized 113/114 cap-derived geometric schedule,202439999,132541,0.00132541,16796843528297459,167968435.28297459,boundary probe
S4,S4,Idealized 113/114 cap-derived geometric schedule,202440000,131378,0.00131378,16796843528430000,167968435.28430000,boundary probe
S4,S4,Idealized 113/114 cap-derived geometric schedule,202440001,131378,0.00131378,16796843528561378,167968435.28561378,boundary probe
S4,S4,Idealized 113/114 cap-derived geometric schedule,202649999,131378,0.00131378,16796871117678622,167968711.17678622,boundary probe
S4,S4,Idealized 113/114 cap-derived geometric schedule,202650000,130225,0.00130225,16796871117810000,167968711.17810000,boundary probe
S4,S4,Idealized 113/114 cap-derived geometric schedule,202650001,130225,0.00130225,16796871117940225,167968711.17940225,boundary probe
S4,S4,Idealized 113/114 cap-derived geometric schedule,202859999,130225,0.00130225,16796898464929775,167968984.64929775,boundary probe
S4,S4,Idealized 113/114 cap-derived geometric schedule,202860000,129082,0.00129082,16796898465060000,167968984.65060000,boundary probe
S4,S4,Idealized 113/114 cap-derived geometric schedule,202860001,129082,0.00129082,16796898465189082,167968984.65189082,boundary probe
S4,S4,Idealized 113/114 cap-derived geometric schedule,203069999,129082,0.00129082,16796925572150918,167969255.72150918,boundary probe
S4,S4,Idealized 113/114 cap-derived geometric schedule,203070000,127949,0.00127949,16796925572280000,167969255.72280000,boundary probe
S4,S4,Idealized 113/114 cap-derived geometric schedule,203070001,127949,0.00127949,16796925572407949,167969255.72407949,boundary probe
S4,S4,Idealized 113/114 cap-derived geometric schedule,203279999,127949,0.00127949,16796952441442051,167969524.41442051,boundary probe
S4,S4,Idealized 113/114 cap-derived geometric schedule,203280000,126826,0.00126826,16796952441570000,167969524.41570000,boundary probe
S4,S4,Idealized 113/114 cap-derived geometric schedule,203280001,126826,0.00126826,16796952441696826,167969524.41696826,boundary probe
S4,S4,Idealized 113/114 cap-derived geometric schedule,203489999,126826,0.00126826,16796979074903174,167969790.74903174,boundary probe
S4,S4,Idealized 113/114 cap-derived geometric schedule,203490000,125713,0.00125713,16796979075030000,167969790.75030000,boundary probe
S4,S4,Idealized 113/114 cap-derived geometric schedule,203490001,125713,0.00125713,16796979075155713,167969790.75155713,boundary probe
S4,S4,Idealized 113/114 cap-derived geometric schedule,203699999,125713,0.00125713,16797005474634287,167970054.74634287,boundary probe
S4,S4,Idealized 113/114 cap-derived geometric schedule,203700000,124610,0.00124610,16797005474760000,167970054.74760000,boundary probe
S4,S4,Idealized 113/114 cap-derived geometric schedule,203700001,124610,0.00124610,16797005474884610,167970054.74884610,boundary probe
S4,S4,Idealized 113/114 cap-derived geometric schedule,203909999,124610,0.00124610,16797031642735390,167970316.42735390,boundary probe
S4,S4,Idealized 113/114 cap-derived geometric schedule,203910000,123516,0.00123516,16797031642860000,167970316.42860000,boundary probe
S4,S4,Idealized 113/114 cap-derived geometric schedule,203910001,123516,0.00123516,16797031642983516,167970316.42983516,boundary probe
S4,S4,Idealized 113/114 cap-derived geometric schedule,204119999,123516,0.00123516,16797057581096484,167970575.81096484,boundary probe
S4,S4,Idealized 113/114 cap-derived geometric schedule,204120000,122432,0.00122432,16797057581220000,167970575.81220000,boundary probe
S4,S4,Idealized 113/114 cap-derived geometric schedule,204120001,122432,0.00122432,16797057581342432,167970575.81342432,boundary probe
S4,S4,Idealized 113/114 cap-derived geometric schedule,204329999,122432,0.00122432,16797083291817568,167970832.91817568,boundary probe
S4,S4,Idealized 113/114 cap-derived geometric schedule,204330000,121358,0.00121358,16797083291940000,167970832.91940000,boundary probe
S4,S4,Idealized 113/114 cap-derived geometric schedule,204330001,121358,0.00121358,16797083292061358,167970832.92061358,boundary probe
S4,S4,Idealized 113/114 cap-derived geometric schedule,204539999,121358,0.00121358,16797108776998642,167971087.76998642,boundary probe
S4,S4,Idealized 113/114 cap-derived geometric schedule,204540000,120293,0.00120293,16797108777120000,167971087.77120000,boundary probe
S4,S4,Idealized 113/114 cap-derived geometric schedule,204540001,120293,0.00120293,16797108777240293,167971087.77240293,boundary probe
S4,S4,Idealized 113/114 cap-derived geometric schedule,204749999,120293,0.00120293,16797134038529707,167971340.38529707,boundary probe
S4,S4,Idealized 113/114 cap-derived geometric schedule,204750000,119237,0.00119237,16797134038650000,167971340.38650000,boundary probe
S4,S4,Idealized 113/114 cap-derived geometric schedule,204750001,119237,0.00119237,16797134038769237,167971340.38769237,boundary probe
S4,S4,Idealized 113/114 cap-derived geometric schedule,204959999,119237,0.00119237,16797159078300763,167971590.78300763,boundary probe
S4,S4,Idealized 113/114 cap-derived geometric schedule,204960000,118191,0.00118191,16797159078420000,167971590.78420000,boundary probe
S4,S4,Idealized 113/114 cap-derived geometric schedule,204960001,118191,0.00118191,16797159078538191,167971590.78538191,boundary probe
S4,S4,Idealized 113/114 cap-derived geometric schedule,205169999,118191,0.00118191,16797183898411809,167971838.98411809,boundary probe
S4,S4,Idealized 113/114 cap-derived geometric schedule,205170000,117154,0.00117154,16797183898530000,167971838.98530000,boundary probe
S4,S4,Idealized 113/114 cap-derived geometric schedule,205170001,117154,0.00117154,16797183898647154,167971838.98647154,boundary probe
S4,S4,Idealized 113/114 cap-derived geometric schedule,205379999,117154,0.00117154,16797208500752846,167972085.00752846,boundary probe
S4,S4,Idealized 113/114 cap-derived geometric schedule,205380000,116126,0.00116126,16797208500870000,167972085.00870000,boundary probe
S4,S4,Idealized 113/114 cap-derived geometric schedule,205380001,116126,0.00116126,16797208500986126,167972085.00986126,boundary probe
S4,S4,Idealized 113/114 cap-derived geometric schedule,205589999,116126,0.00116126,16797232887213874,167972328.87213874,boundary probe
S4,S4,Idealized 113/114 cap-derived geometric schedule,205590000,115107,0.00115107,16797232887330000,167972328.87330000,boundary probe
S4,S4,Idealized 113/114 cap-derived geometric schedule,205590001,115107,0.00115107,16797232887445107,167972328.87445107,boundary probe
S4,S4,Idealized 113/114 cap-derived geometric schedule,205799999,115107,0.00115107,16797257059684893,167972570.59684893,boundary probe
S4,S4,Idealized 113/114 cap-derived geometric schedule,205800000,114097,0.00114097,16797257059800000,167972570.59800000,boundary probe
S4,S4,Idealized 113/114 cap-derived geometric schedule,205800001,114097,0.00114097,16797257059914097,167972570.59914097,boundary probe
S4,S4,Idealized 113/114 cap-derived geometric schedule,206009999,114097,0.00114097,16797281020055903,167972810.20055903,boundary probe
S4,S4,Idealized 113/114 cap-derived geometric schedule,206010000,113096,0.00113096,16797281020170000,167972810.20170000,boundary probe
S4,S4,Idealized 113/114 cap-derived geometric schedule,206010001,113096,0.00113096,16797281020283096,167972810.20283096,boundary probe
S4,S4,Idealized 113/114 cap-derived geometric schedule,206219999,113096,0.00113096,16797304770216904,167973047.70216904,boundary probe
S4,S4,Idealized 113/114 cap-derived geometric schedule,206220000,112103,0.00112103,16797304770330000,167973047.70330000,boundary probe
S4,S4,Idealized 113/114 cap-derived geometric schedule,206220001,112103,0.00112103,16797304770442103,167973047.70442103,boundary probe
S4,S4,Idealized 113/114 cap-derived geometric schedule,206429999,112103,0.00112103,16797328311847897,167973283.11847897,boundary probe
S4,S4,Idealized 113/114 cap-derived geometric schedule,206430000,111119,0.00111119,16797328311960000,167973283.11960000,boundary probe
S4,S4,Idealized 113/114 cap-derived geometric schedule,206430001,111119,0.00111119,16797328312071119,167973283.12071119,boundary probe
S4,S4,Idealized 113/114 cap-derived geometric schedule,206639999,111119,0.00111119,16797351646838881,167973516.46838881,boundary probe
S4,S4,Idealized 113/114 cap-derived geometric schedule,206640000,110144,0.00110144,16797351646950000,167973516.46950000,boundary probe
S4,S4,Idealized 113/114 cap-derived geometric schedule,206640001,110144,0.00110144,16797351647060144,167973516.47060144,boundary probe
S4,S4,Idealized 113/114 cap-derived geometric schedule,206849999,110144,0.00110144,16797374777079856,167973747.77079856,boundary probe
S4,S4,Idealized 113/114 cap-derived geometric schedule,206850000,109177,0.00109177,16797374777190000,167973747.77190000,boundary probe
S4,S4,Idealized 113/114 cap-derived geometric schedule,206850001,109177,0.00109177,16797374777299177,167973747.77299177,boundary probe
S4,S4,Idealized 113/114 cap-derived geometric schedule,207059999,109177,0.00109177,16797397704250823,167973977.04250823,boundary probe
S4,S4,Idealized 113/114 cap-derived geometric schedule,207060000,108219,0.00108219,16797397704360000,167973977.04360000,boundary probe
S4,S4,Idealized 113/114 cap-derived geometric schedule,207060001,108219,0.00108219,16797397704468219,167973977.04468219,boundary probe
S4,S4,Idealized 113/114 cap-derived geometric schedule,207269999,108219,0.00108219,16797420430241781,167974204.30241781,boundary probe
S4,S4,Idealized 113/114 cap-derived geometric schedule,207270000,107269,0.00107269,16797420430350000,167974204.30350000,boundary probe
S4,S4,Idealized 113/114 cap-derived geometric schedule,207270001,107269,0.00107269,16797420430457269,167974204.30457269,boundary probe
S4,S4,Idealized 113/114 cap-derived geometric schedule,207479999,107269,0.00107269,16797442956732731,167974429.56732731,boundary probe
S4,S4,Idealized 113/114 cap-derived geometric schedule,207480000,106328,0.00106328,16797442956840000,167974429.56840000,boundary probe
S4,S4,Idealized 113/114 cap-derived geometric schedule,207480001,106328,0.00106328,16797442956946328,167974429.56946328,boundary probe
S4,S4,Idealized 113/114 cap-derived geometric schedule,207689999,106328,0.00106328,16797465285613672,167974652.85613672,boundary probe
S4,S4,Idealized 113/114 cap-derived geometric schedule,207690000,105395,0.00105395,16797465285720000,167974652.85720000,boundary probe
S4,S4,Idealized 113/114 cap-derived geometric schedule,207690001,105395,0.00105395,16797465285825395,167974652.85825395,boundary probe
S4,S4,Idealized 113/114 cap-derived geometric schedule,207899999,105395,0.00105395,16797487418564605,167974874.18564605,boundary probe
S4,S4,Idealized 113/114 cap-derived geometric schedule,207900000,104470,0.00104470,16797487418670000,167974874.18670000,boundary probe
S4,S4,Idealized 113/114 cap-derived geometric schedule,207900001,104470,0.00104470,16797487418774470,167974874.18774470,boundary probe
S4,S4,Idealized 113/114 cap-derived geometric schedule,208109999,104470,0.00104470,16797509357265530,167975093.57265530,boundary probe
S4,S4,Idealized 113/114 cap-derived geometric schedule,208110000,103553,0.00103553,16797509357370000,167975093.57370000,boundary probe
S4,S4,Idealized 113/114 cap-derived geometric schedule,208110001,103553,0.00103553,16797509357473553,167975093.57473553,boundary probe
S4,S4,Idealized 113/114 cap-derived geometric schedule,208319999,103553,0.00103553,16797531103396447,167975311.03396447,boundary probe
S4,S4,Idealized 113/114 cap-derived geometric schedule,208320000,102644,0.00102644,16797531103500000,167975311.03500000,boundary probe
S4,S4,Idealized 113/114 cap-derived geometric schedule,208320001,102644,0.00102644,16797531103602644,167975311.03602644,boundary probe
S4,S4,Idealized 113/114 cap-derived geometric schedule,208529999,102644,0.00102644,16797552658637356,167975526.58637356,boundary probe
S4,S4,Idealized 113/114 cap-derived geometric schedule,208530000,101743,0.00101743,16797552658740000,167975526.58740000,boundary probe
S4,S4,Idealized 113/114 cap-derived geometric schedule,208530001,101743,0.00101743,16797552658841743,167975526.58841743,boundary probe
S4,S4,Idealized 113/114 cap-derived geometric schedule,208739999,101743,0.00101743,16797574024668257,167975740.24668257,boundary probe
S4,S4,Idealized 113/114 cap-derived geometric schedule,208740000,100850,0.00100850,16797574024770000,167975740.24770000,boundary probe
S4,S4,Idealized 113/114 cap-derived geometric schedule,208740001,100850,0.00100850,16797574024870850,167975740.24870850,boundary probe
S4,S4,Idealized 113/114 cap-derived geometric schedule,208949999,100850,0.00100850,16797595203169150,167975952.03169150,boundary probe
S4,S4,Idealized 113/114 cap-derived geometric schedule,208950000,99965,0.00099965,16797595203270000,167975952.03270000,boundary probe
S4,S4,Idealized 113/114 cap-derived geometric schedule,208950001,99965,0.00099965,16797595203369965,167975952.03369965,boundary probe
S4,S4,Idealized 113/114 cap-derived geometric schedule,209159999,99965,0.00099965,16797616195820035,167976161.95820035,boundary probe
S4,S4,Idealized 113/114 cap-derived geometric schedule,209160000,99088,0.00099088,16797616195920000,167976161.95920000,boundary probe
S4,S4,Idealized 113/114 cap-derived geometric schedule,209160001,99088,0.00099088,16797616196019088,167976161.96019088,boundary probe
S4,S4,Idealized 113/114 cap-derived geometric schedule,209369999,99088,0.00099088,16797637004300912,167976370.04300912,boundary probe
S4,S4,Idealized 113/114 cap-derived geometric schedule,209370000,98218,0.00098218,16797637004400000,167976370.04400000,boundary probe
S4,S4,Idealized 113/114 cap-derived geometric schedule,209370001,98218,0.00098218,16797637004498218,167976370.04498218,boundary probe
S4,S4,Idealized 113/114 cap-derived geometric schedule,209579999,98218,0.00098218,16797657630081782,167976576.30081782,boundary probe
S4,S4,Idealized 113/114 cap-derived geometric schedule,209580000,97356,0.00097356,16797657630180000,167976576.30180000,boundary probe
S4,S4,Idealized 113/114 cap-derived geometric schedule,209580001,97356,0.00097356,16797657630277356,167976576.30277356,boundary probe
S4,S4,Idealized 113/114 cap-derived geometric schedule,209789999,97356,0.00097356,16797678074842644,167976780.74842644,boundary probe
S4,S4,Idealized 113/114 cap-derived geometric schedule,209790000,96502,0.00096502,16797678074940000,167976780.74940000,boundary probe
S4,S4,Idealized 113/114 cap-derived geometric schedule,209790001,96502,0.00096502,16797678075036502,167976780.75036502,boundary probe
S4,S4,Idealized 113/114 cap-derived geometric schedule,209999999,96502,0.00096502,16797698340263498,167976983.40263498,boundary probe
S4,S4,Idealized 113/114 cap-derived geometric schedule,210000000,95655,0.00095655,16797698340360000,167976983.40360000,boundary probe
S4,S4,Idealized 113/114 cap-derived geometric schedule,210000001,95655,0.00095655,16797698340455655,167976983.40455655,boundary probe
S4,S4,Idealized 113/114 cap-derived geometric schedule,210209999,95655,0.00095655,16797718427814345,167977184.27814345,boundary probe
S4,S4,Idealized 113/114 cap-derived geometric schedule,210210000,94815,0.00094815,16797718427910000,167977184.27910000,boundary probe
S4,S4,Idealized 113/114 cap-derived geometric schedule,210210001,94815,0.00094815,16797718428004815,167977184.28004815,boundary probe
S4,S4,Idealized 113/114 cap-derived geometric schedule,210419999,94815,0.00094815,16797738338965185,167977383.38965185,boundary probe
S4,S4,Idealized 113/114 cap-derived geometric schedule,210420000,93983,0.00093983,16797738339060000,167977383.39060000,boundary probe
S4,S4,Idealized 113/114 cap-derived geometric schedule,210420001,93983,0.00093983,16797738339153983,167977383.39153983,boundary probe
S4,S4,Idealized 113/114 cap-derived geometric schedule,210629999,93983,0.00093983,16797758075396017,167977580.75396017,boundary probe
S4,S4,Idealized 113/114 cap-derived geometric schedule,210630000,93158,0.00093158,16797758075490000,167977580.75490000,boundary probe
S4,S4,Idealized 113/114 cap-derived geometric schedule,210630001,93158,0.00093158,16797758075583158,167977580.75583158,boundary probe
S4,S4,Idealized 113/114 cap-derived geometric schedule,210839999,93158,0.00093158,16797777638576842,167977776.38576842,boundary probe
S4,S4,Idealized 113/114 cap-derived geometric schedule,210840000,92340,0.00092340,16797777638670000,167977776.38670000,boundary probe
S4,S4,Idealized 113/114 cap-derived geometric schedule,210840001,92340,0.00092340,16797777638762340,167977776.38762340,boundary probe
S4,S4,Idealized 113/114 cap-derived geometric schedule,211049999,92340,0.00092340,16797797029977660,167977970.29977660,boundary probe
S4,S4,Idealized 113/114 cap-derived geometric schedule,211050000,91530,0.00091530,16797797030070000,167977970.30070000,boundary probe
S4,S4,Idealized 113/114 cap-derived geometric schedule,211050001,91530,0.00091530,16797797030161530,167977970.30161530,boundary probe
S4,S4,Idealized 113/114 cap-derived geometric schedule,211259999,91530,0.00091530,16797816251278470,167978162.51278470,boundary probe
S4,S4,Idealized 113/114 cap-derived geometric schedule,211260000,90727,0.00090727,16797816251370000,167978162.51370000,boundary probe
S4,S4,Idealized 113/114 cap-derived geometric schedule,211260001,90727,0.00090727,16797816251460727,167978162.51460727,boundary probe
S4,S4,Idealized 113/114 cap-derived geometric schedule,211469999,90727,0.00090727,16797835303949273,167978353.03949273,boundary probe
S4,S4,Idealized 113/114 cap-derived geometric schedule,211470000,89931,0.00089931,16797835304040000,167978353.04040000,boundary probe
S4,S4,Idealized 113/114 cap-derived geometric schedule,211470001,89931,0.00089931,16797835304129931,167978353.04129931,boundary probe
S4,S4,Idealized 113/114 cap-derived geometric schedule,211679999,89931,0.00089931,16797854189460069,167978541.89460069,boundary probe
S4,S4,Idealized 113/114 cap-derived geometric schedule,211680000,89142,0.00089142,16797854189550000,167978541.89550000,boundary probe
S4,S4,Idealized 113/114 cap-derived geometric schedule,211680001,89142,0.00089142,16797854189639142,167978541.89639142,boundary probe
S4,S4,Idealized 113/114 cap-derived geometric schedule,211889999,89142,0.00089142,16797872909280858,167978729.09280858,boundary probe
S4,S4,Idealized 113/114 cap-derived geometric schedule,211890000,88360,0.00088360,16797872909370000,167978729.09370000,boundary probe
S4,S4,Idealized 113/114 cap-derived geometric schedule,211890001,88360,0.00088360,16797872909458360,167978729.09458360,boundary probe
S4,S4,Idealized 113/114 cap-derived geometric schedule,212099999,88360,0.00088360,16797891464881640,167978914.64881640,boundary probe
S4,S4,Idealized 113/114 cap-derived geometric schedule,212100000,87584,0.00087584,16797891464970000,167978914.64970000,boundary probe
S4,S4,Idealized 113/114 cap-derived geometric schedule,212100001,87584,0.00087584,16797891465057584,167978914.65057584,boundary probe
S4,S4,Idealized 113/114 cap-derived geometric schedule,212309999,87584,0.00087584,16797909857522416,167979098.57522416,boundary probe
S4,S4,Idealized 113/114 cap-derived geometric schedule,212310000,86815,0.00086815,16797909857610000,167979098.57610000,boundary probe
S4,S4,Idealized 113/114 cap-derived geometric schedule,212310001,86815,0.00086815,16797909857696815,167979098.57696815,boundary probe
S4,S4,Idealized 113/114 cap-derived geometric schedule,212519999,86815,0.00086815,16797928088673185,167979280.88673185,boundary probe
S4,S4,Idealized 113/114 cap-derived geometric schedule,212520000,86053,0.00086053,16797928088760000,167979280.88760000,boundary probe
S4,S4,Idealized 113/114 cap-derived geometric schedule,212520001,86053,0.00086053,16797928088846053,167979280.88846053,boundary probe
S4,S4,Idealized 113/114 cap-derived geometric schedule,212729999,86053,0.00086053,16797946159803947,167979461.59803947,boundary probe
S4,S4,Idealized 113/114 cap-derived geometric schedule,212730000,85298,0.00085298,16797946159890000,167979461.59890000,boundary probe
S4,S4,Idealized 113/114 cap-derived geometric schedule,212730001,85298,0.00085298,16797946159975298,167979461.59975298,boundary probe
S4,S4,Idealized 113/114 cap-derived geometric schedule,212939999,85298,0.00085298,16797964072384702,167979640.72384702,boundary probe
S4,S4,Idealized 113/114 cap-derived geometric schedule,212940000,84549,0.00084549,16797964072470000,167979640.72470000,boundary probe
S4,S4,Idealized 113/114 cap-derived geometric schedule,212940001,84549,0.00084549,16797964072554549,167979640.72554549,boundary probe
S4,S4,Idealized 113/114 cap-derived geometric schedule,213149999,84549,0.00084549,16797981827675451,167979818.27675451,boundary probe
S4,S4,Idealized 113/114 cap-derived geometric schedule,213150000,83807,0.00083807,16797981827760000,167979818.27760000,boundary probe
S4,S4,Idealized 113/114 cap-derived geometric schedule,213150001,83807,0.00083807,16797981827843807,167979818.27843807,boundary probe
S4,S4,Idealized 113/114 cap-derived geometric schedule,213359999,83807,0.00083807,16797999427146193,167979994.27146193,boundary probe
S4,S4,Idealized 113/114 cap-derived geometric schedule,213360000,83071,0.00083071,16797999427230000,167979994.27230000,boundary probe
S4,S4,Idealized 113/114 cap-derived geometric schedule,213360001,83071,0.00083071,16797999427313071,167979994.27313071,boundary probe
S4,S4,Idealized 113/114 cap-derived geometric schedule,213569999,83071,0.00083071,16798016872056929,167980168.72056929,boundary probe
S4,S4,Idealized 113/114 cap-derived geometric schedule,213570000,82342,0.00082342,16798016872140000,167980168.72140000,boundary probe
S4,S4,Idealized 113/114 cap-derived geometric schedule,213570001,82342,0.00082342,16798016872222342,167980168.72222342,boundary probe
S4,S4,Idealized 113/114 cap-derived geometric schedule,213779999,82342,0.00082342,16798034163877658,167980341.63877658,boundary probe
S4,S4,Idealized 113/114 cap-derived geometric schedule,213780000,81619,0.00081619,16798034163960000,167980341.63960000,boundary probe
S4,S4,Idealized 113/114 cap-derived geometric schedule,213780001,81619,0.00081619,16798034164041619,167980341.64041619,boundary probe
S4,S4,Idealized 113/114 cap-derived geometric schedule,213989999,81619,0.00081619,16798051303868381,167980513.03868381,boundary probe
S4,S4,Idealized 113/114 cap-derived geometric schedule,213990000,80903,0.00080903,16798051303950000,167980513.03950000,boundary probe
S4,S4,Idealized 113/114 cap-derived geometric schedule,213990001,80903,0.00080903,16798051304030903,167980513.04030903,boundary probe
S4,S4,Idealized 113/114 cap-derived geometric schedule,214199999,80903,0.00080903,16798068293499097,167980682.93499097,boundary probe
S4,S4,Idealized 113/114 cap-derived geometric schedule,214200000,80193,0.00080193,16798068293580000,167980682.93580000,boundary probe
S4,S4,Idealized 113/114 cap-derived geometric schedule,214200001,80193,0.00080193,16798068293660193,167980682.93660193,boundary probe
S4,S4,Idealized 113/114 cap-derived geometric schedule,214409999,80193,0.00080193,16798085134029807,167980851.34029807,boundary probe
S4,S4,Idealized 113/114 cap-derived geometric schedule,214410000,79489,0.00079489,16798085134110000,167980851.34110000,boundary probe
S4,S4,Idealized 113/114 cap-derived geometric schedule,214410001,79489,0.00079489,16798085134189489,167980851.34189489,boundary probe
S4,S4,Idealized 113/114 cap-derived geometric schedule,214619999,79489,0.00079489,16798101826720511,167981018.26720511,boundary probe
S4,S4,Idealized 113/114 cap-derived geometric schedule,214620000,78791,0.00078791,16798101826800000,167981018.26800000,boundary probe
S4,S4,Idealized 113/114 cap-derived geometric schedule,214620001,78791,0.00078791,16798101826878791,167981018.26878791,boundary probe
S4,S4,Idealized 113/114 cap-derived geometric schedule,214829999,78791,0.00078791,16798118372831209,167981183.72831209,boundary probe
S4,S4,Idealized 113/114 cap-derived geometric schedule,214830000,78099,0.00078099,16798118372910000,167981183.72910000,boundary probe
S4,S4,Idealized 113/114 cap-derived geometric schedule,214830001,78099,0.00078099,16798118372988099,167981183.72988099,boundary probe
S4,S4,Idealized 113/114 cap-derived geometric schedule,215039999,78099,0.00078099,16798134773621901,167981347.73621901,boundary probe
S4,S4,Idealized 113/114 cap-derived geometric schedule,215040000,77413,0.00077413,16798134773700000,167981347.73700000,boundary probe
S4,S4,Idealized 113/114 cap-derived geometric schedule,215040001,77413,0.00077413,16798134773777413,167981347.73777413,boundary probe
S4,S4,Idealized 113/114 cap-derived geometric schedule,215249999,77413,0.00077413,16798151030352587,167981510.30352587,boundary probe
S4,S4,Idealized 113/114 cap-derived geometric schedule,215250000,76733,0.00076733,16798151030430000,167981510.30430000,boundary probe
S4,S4,Idealized 113/114 cap-derived geometric schedule,215250001,76733,0.00076733,16798151030506733,167981510.30506733,boundary probe
S4,S4,Idealized 113/114 cap-derived geometric schedule,215459999,76733,0.00076733,16798167144283267,167981671.44283267,boundary probe
S4,S4,Idealized 113/114 cap-derived geometric schedule,215460000,76059,0.00076059,16798167144360000,167981671.44360000,boundary probe
S4,S4,Idealized 113/114 cap-derived geometric schedule,215460001,76059,0.00076059,16798167144436059,167981671.44436059,boundary probe
S4,S4,Idealized 113/114 cap-derived geometric schedule,215669999,76059,0.00076059,16798183116673941,167981831.16673941,boundary probe
S4,S4,Idealized 113/114 cap-derived geometric schedule,215670000,75391,0.00075391,16798183116750000,167981831.16750000,boundary probe
S4,S4,Idealized 113/114 cap-derived geometric schedule,215670001,75391,0.00075391,16798183116825391,167981831.16825391,boundary probe
S4,S4,Idealized 113/114 cap-derived geometric schedule,215879999,75391,0.00075391,16798198948784609,167981989.48784609,boundary probe
S4,S4,Idealized 113/114 cap-derived geometric schedule,215880000,74729,0.00074729,16798198948860000,167981989.48860000,boundary probe
S4,S4,Idealized 113/114 cap-derived geometric schedule,215880001,74729,0.00074729,16798198948934729,167981989.48934729,boundary probe
S4,S4,Idealized 113/114 cap-derived geometric schedule,216089999,74729,0.00074729,16798214641875271,167982146.41875271,boundary probe
S4,S4,Idealized 113/114 cap-derived geometric schedule,216090000,74073,0.00074073,16798214641950000,167982146.41950000,boundary probe
S4,S4,Idealized 113/114 cap-derived geometric schedule,216090001,74073,0.00074073,16798214642024073,167982146.42024073,boundary probe
S4,S4,Idealized 113/114 cap-derived geometric schedule,216299999,74073,0.00074073,16798230197205927,167982301.97205927,boundary probe
S4,S4,Idealized 113/114 cap-derived geometric schedule,216300000,73423,0.00073423,16798230197280000,167982301.97280000,boundary probe
S4,S4,Idealized 113/114 cap-derived geometric schedule,216300001,73423,0.00073423,16798230197353423,167982301.97353423,boundary probe
S4,S4,Idealized 113/114 cap-derived geometric schedule,216509999,73423,0.00073423,16798245616036577,167982456.16036577,boundary probe
S4,S4,Idealized 113/114 cap-derived geometric schedule,216510000,72778,0.00072778,16798245616110000,167982456.16110000,boundary probe
S4,S4,Idealized 113/114 cap-derived geometric schedule,216510001,72778,0.00072778,16798245616182778,167982456.16182778,boundary probe
S4,S4,Idealized 113/114 cap-derived geometric schedule,216719999,72778,0.00072778,16798260899417222,167982608.99417222,boundary probe
S4,S4,Idealized 113/114 cap-derived geometric schedule,216720000,72139,0.00072139,16798260899490000,167982608.99490000,boundary probe
S4,S4,Idealized 113/114 cap-derived geometric schedule,216720001,72139,0.00072139,16798260899562139,167982608.99562139,boundary probe
S4,S4,Idealized 113/114 cap-derived geometric schedule,216929999,72139,0.00072139,16798276048607861,167982760.48607861,boundary probe
S4,S4,Idealized 113/114 cap-derived geometric schedule,216930000,71506,0.00071506,16798276048680000,167982760.48680000,boundary probe
S4,S4,Idealized 113/114 cap-derived geometric schedule,216930001,71506,0.00071506,16798276048751506,167982760.48751506,boundary probe
S4,S4,Idealized 113/114 cap-derived geometric schedule,217139999,71506,0.00071506,16798291064868494,167982910.64868494,boundary probe
S4,S4,Idealized 113/114 cap-derived geometric schedule,217140000,70878,0.00070878,16798291064940000,167982910.64940000,boundary probe
S4,S4,Idealized 113/114 cap-derived geometric schedule,217140001,70878,0.00070878,16798291065010878,167982910.65010878,boundary probe
S4,S4,Idealized 113/114 cap-derived geometric schedule,217349999,70878,0.00070878,16798305949249122,167983059.49249122,boundary probe
S4,S4,Idealized 113/114 cap-derived geometric schedule,217350000,70256,0.00070256,16798305949320000,167983059.49320000,boundary probe
S4,S4,Idealized 113/114 cap-derived geometric schedule,217350001,70256,0.00070256,16798305949390256,167983059.49390256,boundary probe
S4,S4,Idealized 113/114 cap-derived geometric schedule,217559999,70256,0.00070256,16798320703009744,167983207.03009744,boundary probe
S4,S4,Idealized 113/114 cap-derived geometric schedule,217560000,69639,0.00069639,16798320703080000,167983207.03080000,boundary probe
S4,S4,Idealized 113/114 cap-derived geometric schedule,217560001,69639,0.00069639,16798320703149639,167983207.03149639,boundary probe
S4,S4,Idealized 113/114 cap-derived geometric schedule,217769999,69639,0.00069639,16798335327200361,167983353.27200361,boundary probe
S4,S4,Idealized 113/114 cap-derived geometric schedule,217770000,69028,0.00069028,16798335327270000,167983353.27270000,boundary probe
S4,S4,Idealized 113/114 cap-derived geometric schedule,217770001,69028,0.00069028,16798335327339028,167983353.27339028,boundary probe
S4,S4,Idealized 113/114 cap-derived geometric schedule,217979999,69028,0.00069028,16798349823080972,167983498.23080972,boundary probe
S4,S4,Idealized 113/114 cap-derived geometric schedule,217980000,68422,0.00068422,16798349823150000,167983498.23150000,boundary probe
S4,S4,Idealized 113/114 cap-derived geometric schedule,217980001,68422,0.00068422,16798349823218422,167983498.23218422,boundary probe
S4,S4,Idealized 113/114 cap-derived geometric schedule,218189999,68422,0.00068422,16798364191701578,167983641.91701578,boundary probe
S4,S4,Idealized 113/114 cap-derived geometric schedule,218190000,67821,0.00067821,16798364191770000,167983641.91770000,boundary probe
S4,S4,Idealized 113/114 cap-derived geometric schedule,218190001,67821,0.00067821,16798364191837821,167983641.91837821,boundary probe
S4,S4,Idealized 113/114 cap-derived geometric schedule,218399999,67821,0.00067821,16798378434112179,167983784.34112179,boundary probe
S4,S4,Idealized 113/114 cap-derived geometric schedule,218400000,67226,0.00067226,16798378434180000,167983784.34180000,boundary probe
S4,S4,Idealized 113/114 cap-derived geometric schedule,218400001,67226,0.00067226,16798378434247226,167983784.34247226,boundary probe
S4,S4,Idealized 113/114 cap-derived geometric schedule,218609999,67226,0.00067226,16798392551572774,167983925.51572774,boundary probe
S4,S4,Idealized 113/114 cap-derived geometric schedule,218610000,66636,0.00066636,16798392551640000,167983925.51640000,boundary probe
S4,S4,Idealized 113/114 cap-derived geometric schedule,218610001,66636,0.00066636,16798392551706636,167983925.51706636,boundary probe
S4,S4,Idealized 113/114 cap-derived geometric schedule,218819999,66636,0.00066636,16798406545133364,167984065.45133364,boundary probe
S4,S4,Idealized 113/114 cap-derived geometric schedule,218820000,66051,0.00066051,16798406545200000,167984065.45200000,boundary probe
S4,S4,Idealized 113/114 cap-derived geometric schedule,218820001,66051,0.00066051,16798406545266051,167984065.45266051,boundary probe
S4,S4,Idealized 113/114 cap-derived geometric schedule,219029999,66051,0.00066051,16798420415843949,167984204.15843949,boundary probe
S4,S4,Idealized 113/114 cap-derived geometric schedule,219030000,65471,0.00065471,16798420415910000,167984204.15910000,boundary probe
S4,S4,Idealized 113/114 cap-derived geometric schedule,219030001,65471,0.00065471,16798420415975471,167984204.15975471,boundary probe
S4,S4,Idealized 113/114 cap-derived geometric schedule,219239999,65471,0.00065471,16798434164754529,167984341.64754529,boundary probe
S4,S4,Idealized 113/114 cap-derived geometric schedule,219240000,64896,0.00064896,16798434164820000,167984341.64820000,boundary probe
S4,S4,Idealized 113/114 cap-derived geometric schedule,219240001,64896,0.00064896,16798434164884896,167984341.64884896,boundary probe
S4,S4,Idealized 113/114 cap-derived geometric schedule,219449999,64896,0.00064896,16798447792915104,167984477.92915104,boundary probe
S4,S4,Idealized 113/114 cap-derived geometric schedule,219450000,64326,0.00064326,16798447792980000,167984477.92980000,boundary probe
S4,S4,Idealized 113/114 cap-derived geometric schedule,219450001,64326,0.00064326,16798447793044326,167984477.93044326,boundary probe
S4,S4,Idealized 113/114 cap-derived geometric schedule,219659999,64326,0.00064326,16798461301375674,167984613.01375674,boundary probe
S4,S4,Idealized 113/114 cap-derived geometric schedule,219660000,63761,0.00063761,16798461301440000,167984613.01440000,boundary probe
S4,S4,Idealized 113/114 cap-derived geometric schedule,219660001,63761,0.00063761,16798461301503761,167984613.01503761,boundary probe
S4,S4,Idealized 113/114 cap-derived geometric schedule,219869999,63761,0.00063761,16798474691186239,167984746.91186239,boundary probe
S4,S4,Idealized 113/114 cap-derived geometric schedule,219870000,63201,0.00063201,16798474691250000,167984746.91250000,boundary probe
S4,S4,Idealized 113/114 cap-derived geometric schedule,219870001,63201,0.00063201,16798474691313201,167984746.91313201,boundary probe
S4,S4,Idealized 113/114 cap-derived geometric schedule,220079999,63201,0.00063201,16798487963396799,167984879.63396799,boundary probe
S4,S4,Idealized 113/114 cap-derived geometric schedule,220080000,62646,0.00062646,16798487963460000,167984879.63460000,boundary probe
S4,S4,Idealized 113/114 cap-derived geometric schedule,220080001,62646,0.00062646,16798487963522646,167984879.63522646,boundary probe
S4,S4,Idealized 113/114 cap-derived geometric schedule,220289999,62646,0.00062646,16798501119057354,167985011.19057354,boundary probe
S4,S4,Idealized 113/114 cap-derived geometric schedule,220290000,62096,0.00062096,16798501119120000,167985011.19120000,boundary probe
S4,S4,Idealized 113/114 cap-derived geometric schedule,220290001,62096,0.00062096,16798501119182096,167985011.19182096,boundary probe
S4,S4,Idealized 113/114 cap-derived geometric schedule,220499999,62096,0.00062096,16798514159217904,167985141.59217904,boundary probe
S4,S4,Idealized 113/114 cap-derived geometric schedule,220500000,61551,0.00061551,16798514159280000,167985141.59280000,boundary probe
S4,S4,Idealized 113/114 cap-derived geometric schedule,220500001,61551,0.00061551,16798514159341551,167985141.59341551,boundary probe
S4,S4,Idealized 113/114 cap-derived geometric schedule,220709999,61551,0.00061551,16798527084928449,167985270.84928449,boundary probe
S4,S4,Idealized 113/114 cap-derived geometric schedule,220710000,61011,0.00061011,16798527084990000,167985270.84990000,boundary probe
S4,S4,Idealized 113/114 cap-derived geometric schedule,220710001,61011,0.00061011,16798527085051011,167985270.85051011,boundary probe
S4,S4,Idealized 113/114 cap-derived geometric schedule,220919999,61011,0.00061011,16798539897238989,167985398.97238989,boundary probe
S4,S4,Idealized 113/114 cap-derived geometric schedule,220920000,60475,0.00060475,16798539897300000,167985398.97300000,boundary probe
S4,S4,Idealized 113/114 cap-derived geometric schedule,220920001,60475,0.00060475,16798539897360475,167985398.97360475,boundary probe
S4,S4,Idealized 113/114 cap-derived geometric schedule,221129999,60475,0.00060475,16798552596989525,167985525.96989525,boundary probe
S4,S4,Idealized 113/114 cap-derived geometric schedule,221130000,59944,0.00059944,16798552597050000,167985525.97050000,boundary probe
S4,S4,Idealized 113/114 cap-derived geometric schedule,221130001,59944,0.00059944,16798552597109944,167985525.97109944,boundary probe
S4,S4,Idealized 113/114 cap-derived geometric schedule,221339999,59944,0.00059944,16798565185230056,167985651.85230056,boundary probe
S4,S4,Idealized 113/114 cap-derived geometric schedule,221340000,59418,0.00059418,16798565185290000,167985651.85290000,boundary probe
S4,S4,Idealized 113/114 cap-derived geometric schedule,221340001,59418,0.00059418,16798565185349418,167985651.85349418,boundary probe
S4,S4,Idealized 113/114 cap-derived geometric schedule,221549999,59418,0.00059418,16798577663010582,167985776.63010582,boundary probe
S4,S4,Idealized 113/114 cap-derived geometric schedule,221550000,58896,0.00058896,16798577663070000,167985776.63070000,boundary probe
S4,S4,Idealized 113/114 cap-derived geometric schedule,221550001,58896,0.00058896,16798577663128896,167985776.63128896,boundary probe
S4,S4,Idealized 113/114 cap-derived geometric schedule,221759999,58896,0.00058896,16798590031171104,167985900.31171104,boundary probe
S4,S4,Idealized 113/114 cap-derived geometric schedule,221760000,58379,0.00058379,16798590031230000,167985900.31230000,boundary probe
S4,S4,Idealized 113/114 cap-derived geometric schedule,221760001,58379,0.00058379,16798590031288379,167985900.31288379,boundary probe
S4,S4,Idealized 113/114 cap-derived geometric schedule,221969999,58379,0.00058379,16798602290761621,167986022.90761621,boundary probe
S4,S4,Idealized 113/114 cap-derived geometric schedule,221970000,57866,0.00057866,16798602290820000,167986022.90820000,boundary probe
S4,S4,Idealized 113/114 cap-derived geometric schedule,221970001,57866,0.00057866,16798602290877866,167986022.90877866,boundary probe
S4,S4,Idealized 113/114 cap-derived geometric schedule,222179999,57866,0.00057866,16798614442622134,167986144.42622134,boundary probe
S4,S4,Idealized 113/114 cap-derived geometric schedule,222180000,57358,0.00057358,16798614442680000,167986144.42680000,boundary probe
S4,S4,Idealized 113/114 cap-derived geometric schedule,222180001,57358,0.00057358,16798614442737358,167986144.42737358,boundary probe
S4,S4,Idealized 113/114 cap-derived geometric schedule,222389999,57358,0.00057358,16798626487802642,167986264.87802642,boundary probe
S4,S4,Idealized 113/114 cap-derived geometric schedule,222390000,56854,0.00056854,16798626487860000,167986264.87860000,boundary probe
S4,S4,Idealized 113/114 cap-derived geometric schedule,222390001,56854,0.00056854,16798626487916854,167986264.87916854,boundary probe
S4,S4,Idealized 113/114 cap-derived geometric schedule,222599999,56854,0.00056854,16798638427143146,167986384.27143146,boundary probe
S4,S4,Idealized 113/114 cap-derived geometric schedule,222600000,56355,0.00056355,16798638427200000,167986384.27200000,boundary probe
S4,S4,Idealized 113/114 cap-derived geometric schedule,222600001,56355,0.00056355,16798638427256355,167986384.27256355,boundary probe
S4,S4,Idealized 113/114 cap-derived geometric schedule,222809999,56355,0.00056355,16798650261693645,167986502.61693645,boundary probe
S4,S4,Idealized 113/114 cap-derived geometric schedule,222810000,55860,0.00055860,16798650261750000,167986502.61750000,boundary probe
S4,S4,Idealized 113/114 cap-derived geometric schedule,222810001,55860,0.00055860,16798650261805860,167986502.61805860,boundary probe
S4,S4,Idealized 113/114 cap-derived geometric schedule,223019999,55860,0.00055860,16798661992294140,167986619.92294140,boundary probe
S4,S4,Idealized 113/114 cap-derived geometric schedule,223020000,55370,0.00055370,16798661992350000,167986619.92350000,boundary probe
S4,S4,Idealized 113/114 cap-derived geometric schedule,223020001,55370,0.00055370,16798661992405370,167986619.92405370,boundary probe
S4,S4,Idealized 113/114 cap-derived geometric schedule,223229999,55370,0.00055370,16798673619994630,167986736.19994630,boundary probe
S4,S4,Idealized 113/114 cap-derived geometric schedule,223230000,54884,0.00054884,16798673620050000,167986736.20050000,boundary probe
S4,S4,Idealized 113/114 cap-derived geometric schedule,223230001,54884,0.00054884,16798673620104884,167986736.20104884,boundary probe
S4,S4,Idealized 113/114 cap-derived geometric schedule,223439999,54884,0.00054884,16798685145635116,167986851.45635116,boundary probe
S4,S4,Idealized 113/114 cap-derived geometric schedule,223440000,54402,0.00054402,16798685145690000,167986851.45690000,boundary probe
S4,S4,Idealized 113/114 cap-derived geometric schedule,223440001,54402,0.00054402,16798685145744402,167986851.45744402,boundary probe
S4,S4,Idealized 113/114 cap-derived geometric schedule,223649999,54402,0.00054402,16798696570055598,167986965.70055598,boundary probe
S4,S4,Idealized 113/114 cap-derived geometric schedule,223650000,53924,0.00053924,16798696570110000,167986965.70110000,boundary probe
S4,S4,Idealized 113/114 cap-derived geometric schedule,223650001,53924,0.00053924,16798696570163924,167986965.70163924,boundary probe
S4,S4,Idealized 113/114 cap-derived geometric schedule,223859999,53924,0.00053924,16798707894096076,167987078.94096076,boundary probe
S4,S4,Idealized 113/114 cap-derived geometric schedule,223860000,53450,0.00053450,16798707894150000,167987078.94150000,boundary probe
S4,S4,Idealized 113/114 cap-derived geometric schedule,223860001,53450,0.00053450,16798707894203450,167987078.94203450,boundary probe
S4,S4,Idealized 113/114 cap-derived geometric schedule,224069999,53450,0.00053450,16798719118596550,167987191.18596550,boundary probe
S4,S4,Idealized 113/114 cap-derived geometric schedule,224070000,52981,0.00052981,16798719118650000,167987191.18650000,boundary probe
S4,S4,Idealized 113/114 cap-derived geometric schedule,224070001,52981,0.00052981,16798719118702981,167987191.18702981,boundary probe
S4,S4,Idealized 113/114 cap-derived geometric schedule,224279999,52981,0.00052981,16798730244607019,167987302.44607019,boundary probe
S4,S4,Idealized 113/114 cap-derived geometric schedule,224280000,52516,0.00052516,16798730244660000,167987302.44660000,boundary probe
S4,S4,Idealized 113/114 cap-derived geometric schedule,224280001,52516,0.00052516,16798730244712516,167987302.44712516,boundary probe
S4,S4,Idealized 113/114 cap-derived geometric schedule,224489999,52516,0.00052516,16798741272967484,167987412.72967484,boundary probe
S4,S4,Idealized 113/114 cap-derived geometric schedule,224490000,52055,0.00052055,16798741273020000,167987412.73020000,boundary probe
S4,S4,Idealized 113/114 cap-derived geometric schedule,224490001,52055,0.00052055,16798741273072055,167987412.73072055,boundary probe
S4,S4,Idealized 113/114 cap-derived geometric schedule,224699999,52055,0.00052055,16798752204517945,167987522.04517945,boundary probe
S4,S4,Idealized 113/114 cap-derived geometric schedule,224700000,51598,0.00051598,16798752204570000,167987522.04570000,boundary probe
S4,S4,Idealized 113/114 cap-derived geometric schedule,224700001,51598,0.00051598,16798752204621598,167987522.04621598,boundary probe
S4,S4,Idealized 113/114 cap-derived geometric schedule,224909999,51598,0.00051598,16798763040098402,167987630.40098402,boundary probe
S4,S4,Idealized 113/114 cap-derived geometric schedule,224910000,51145,0.00051145,16798763040150000,167987630.40150000,boundary probe
S4,S4,Idealized 113/114 cap-derived geometric schedule,224910001,51145,0.00051145,16798763040201145,167987630.40201145,boundary probe
S4,S4,Idealized 113/114 cap-derived geometric schedule,225119999,51145,0.00051145,16798773780548855,167987737.80548855,boundary probe
S4,S4,Idealized 113/114 cap-derived geometric schedule,225120000,50696,0.00050696,16798773780600000,167987737.80600000,boundary probe
S4,S4,Idealized 113/114 cap-derived geometric schedule,225120001,50696,0.00050696,16798773780650696,167987737.80650696,boundary probe
S4,S4,Idealized 113/114 cap-derived geometric schedule,225329999,50696,0.00050696,16798784426709304,167987844.26709304,boundary probe
S4,S4,Idealized 113/114 cap-derived geometric schedule,225330000,50251,0.00050251,16798784426760000,167987844.26760000,boundary probe
S4,S4,Idealized 113/114 cap-derived geometric schedule,225330001,50251,0.00050251,16798784426810251,167987844.26810251,boundary probe
S4,S4,Idealized 113/114 cap-derived geometric schedule,225539999,50251,0.00050251,16798794979419749,167987949.79419749,boundary probe
S4,S4,Idealized 113/114 cap-derived geometric schedule,225540000,49810,0.00049810,16798794979470000,167987949.79470000,boundary probe
S4,S4,Idealized 113/114 cap-derived geometric schedule,225540001,49810,0.00049810,16798794979519810,167987949.79519810,boundary probe
S4,S4,Idealized 113/114 cap-derived geometric schedule,225749999,49810,0.00049810,16798805439520190,167988054.39520190,boundary probe
S4,S4,Idealized 113/114 cap-derived geometric schedule,225750000,49373,0.00049373,16798805439570000,167988054.39570000,boundary probe
S4,S4,Idealized 113/114 cap-derived geometric schedule,225750001,49373,0.00049373,16798805439619373,167988054.39619373,boundary probe
S4,S4,Idealized 113/114 cap-derived geometric schedule,225959999,49373,0.00049373,16798815807850627,167988158.07850627,boundary probe
S4,S4,Idealized 113/114 cap-derived geometric schedule,225960000,48939,0.00048939,16798815807900000,167988158.07900000,boundary probe
S4,S4,Idealized 113/114 cap-derived geometric schedule,225960001,48939,0.00048939,16798815807948939,167988158.07948939,boundary probe
S4,S4,Idealized 113/114 cap-derived geometric schedule,226169999,48939,0.00048939,16798826085041061,167988260.85041061,boundary probe
S4,S4,Idealized 113/114 cap-derived geometric schedule,226170000,48509,0.00048509,16798826085090000,167988260.85090000,boundary probe
S4,S4,Idealized 113/114 cap-derived geometric schedule,226170001,48509,0.00048509,16798826085138509,167988260.85138509,boundary probe
S4,S4,Idealized 113/114 cap-derived geometric schedule,226379999,48509,0.00048509,16798836271931491,167988362.71931491,boundary probe
S4,S4,Idealized 113/114 cap-derived geometric schedule,226380000,48083,0.00048083,16798836271980000,167988362.71980000,boundary probe
S4,S4,Idealized 113/114 cap-derived geometric schedule,226380001,48083,0.00048083,16798836272028083,167988362.72028083,boundary probe
S4,S4,Idealized 113/114 cap-derived geometric schedule,226589999,48083,0.00048083,16798846369361917,167988463.69361917,boundary probe
S4,S4,Idealized 113/114 cap-derived geometric schedule,226590000,47661,0.00047661,16798846369410000,167988463.69410000,boundary probe
S4,S4,Idealized 113/114 cap-derived geometric schedule,226590001,47661,0.00047661,16798846369457661,167988463.69457661,boundary probe
S4,S4,Idealized 113/114 cap-derived geometric schedule,226799999,47661,0.00047661,16798856378172339,167988563.78172339,boundary probe
S4,S4,Idealized 113/114 cap-derived geometric schedule,226800000,47242,0.00047242,16798856378220000,167988563.78220000,boundary probe
S4,S4,Idealized 113/114 cap-derived geometric schedule,226800001,47242,0.00047242,16798856378267242,167988563.78267242,boundary probe
S4,S4,Idealized 113/114 cap-derived geometric schedule,227009999,47242,0.00047242,16798866298992758,167988662.98992758,boundary probe
S4,S4,Idealized 113/114 cap-derived geometric schedule,227010000,46827,0.00046827,16798866299040000,167988662.99040000,boundary probe
S4,S4,Idealized 113/114 cap-derived geometric schedule,227010001,46827,0.00046827,16798866299086827,167988662.99086827,boundary probe
S4,S4,Idealized 113/114 cap-derived geometric schedule,227219999,46827,0.00046827,16798876132663173,167988761.32663173,boundary probe
S4,S4,Idealized 113/114 cap-derived geometric schedule,227220000,46416,0.00046416,16798876132710000,167988761.32710000,boundary probe
S4,S4,Idealized 113/114 cap-derived geometric schedule,227220001,46416,0.00046416,16798876132756416,167988761.32756416,boundary probe
S4,S4,Idealized 113/114 cap-derived geometric schedule,227429999,46416,0.00046416,16798885880023584,167988858.80023584,boundary probe
S4,S4,Idealized 113/114 cap-derived geometric schedule,227430000,46008,0.00046008,16798885880070000,167988858.80070000,boundary probe
S4,S4,Idealized 113/114 cap-derived geometric schedule,227430001,46008,0.00046008,16798885880116008,167988858.80116008,boundary probe
S4,S4,Idealized 113/114 cap-derived geometric schedule,227639999,46008,0.00046008,16798895541703992,167988955.41703992,boundary probe
S4,S4,Idealized 113/114 cap-derived geometric schedule,227640000,45604,0.00045604,16798895541750000,167988955.41750000,boundary probe
S4,S4,Idealized 113/114 cap-derived geometric schedule,227640001,45604,0.00045604,16798895541795604,167988955.41795604,boundary probe
S4,S4,Idealized 113/114 cap-derived geometric schedule,227849999,45604,0.00045604,16798905118544396,167989051.18544396,boundary probe
S4,S4,Idealized 113/114 cap-derived geometric schedule,227850000,45203,0.00045203,16798905118590000,167989051.18590000,boundary probe
S4,S4,Idealized 113/114 cap-derived geometric schedule,227850001,45203,0.00045203,16798905118635203,167989051.18635203,boundary probe
S4,S4,Idealized 113/114 cap-derived geometric schedule,228059999,45203,0.00045203,16798914611174797,167989146.11174797,boundary probe
S4,S4,Idealized 113/114 cap-derived geometric schedule,228060000,44806,0.00044806,16798914611220000,167989146.11220000,boundary probe
S4,S4,Idealized 113/114 cap-derived geometric schedule,228060001,44806,0.00044806,16798914611264806,167989146.11264806,boundary probe
S4,S4,Idealized 113/114 cap-derived geometric schedule,228269999,44806,0.00044806,16798924020435194,167989240.20435194,boundary probe
S4,S4,Idealized 113/114 cap-derived geometric schedule,228270000,44412,0.00044412,16798924020480000,167989240.20480000,boundary probe
S4,S4,Idealized 113/114 cap-derived geometric schedule,228270001,44412,0.00044412,16798924020524412,167989240.20524412,boundary probe
S4,S4,Idealized 113/114 cap-derived geometric schedule,228479999,44412,0.00044412,16798933346955588,167989333.46955588,boundary probe
S4,S4,Idealized 113/114 cap-derived geometric schedule,228480000,44022,0.00044022,16798933347000000,167989333.47000000,boundary probe
S4,S4,Idealized 113/114 cap-derived geometric schedule,228480001,44022,0.00044022,16798933347044022,167989333.47044022,boundary probe
S4,S4,Idealized 113/114 cap-derived geometric schedule,228689999,44022,0.00044022,16798942591575978,167989425.91575978,boundary probe
S4,S4,Idealized 113/114 cap-derived geometric schedule,228690000,43635,0.00043635,16798942591620000,167989425.91620000,boundary probe
S4,S4,Idealized 113/114 cap-derived geometric schedule,228690001,43635,0.00043635,16798942591663635,167989425.91663635,boundary probe
S4,S4,Idealized 113/114 cap-derived geometric schedule,228899999,43635,0.00043635,16798951754926365,167989517.54926365,boundary probe
S4,S4,Idealized 113/114 cap-derived geometric schedule,228900000,43252,0.00043252,16798951754970000,167989517.54970000,boundary probe
S4,S4,Idealized 113/114 cap-derived geometric schedule,228900001,43252,0.00043252,16798951755013252,167989517.55013252,boundary probe
S4,S4,Idealized 113/114 cap-derived geometric schedule,229109999,43252,0.00043252,16798960837846748,167989608.37846748,boundary probe
S4,S4,Idealized 113/114 cap-derived geometric schedule,229110000,42872,0.00042872,16798960837890000,167989608.37890000,boundary probe
S4,S4,Idealized 113/114 cap-derived geometric schedule,229110001,42872,0.00042872,16798960837932872,167989608.37932872,boundary probe
S4,S4,Idealized 113/114 cap-derived geometric schedule,229319999,42872,0.00042872,16798969840967128,167989698.40967128,boundary probe
S4,S4,Idealized 113/114 cap-derived geometric schedule,229320000,42495,0.00042495,16798969841010000,167989698.41010000,boundary probe
S4,S4,Idealized 113/114 cap-derived geometric schedule,229320001,42495,0.00042495,16798969841052495,167989698.41052495,boundary probe
S4,S4,Idealized 113/114 cap-derived geometric schedule,229529999,42495,0.00042495,16798978764917505,167989787.64917505,boundary probe
S4,S4,Idealized 113/114 cap-derived geometric schedule,229530000,42122,0.00042122,16798978764960000,167989787.64960000,boundary probe
S4,S4,Idealized 113/114 cap-derived geometric schedule,229530001,42122,0.00042122,16798978765002122,167989787.65002122,boundary probe
S4,S4,Idealized 113/114 cap-derived geometric schedule,229739999,42122,0.00042122,16798987610537878,167989876.10537878,boundary probe
S4,S4,Idealized 113/114 cap-derived geometric schedule,229740000,41752,0.00041752,16798987610580000,167989876.10580000,boundary probe
S4,S4,Idealized 113/114 cap-derived geometric schedule,229740001,41752,0.00041752,16798987610621752,167989876.10621752,boundary probe
S4,S4,Idealized 113/114 cap-derived geometric schedule,229949999,41752,0.00041752,16798996378458248,167989963.78458248,boundary probe
S4,S4,Idealized 113/114 cap-derived geometric schedule,229950000,41385,0.00041385,16798996378500000,167989963.78500000,boundary probe
S4,S4,Idealized 113/114 cap-derived geometric schedule,229950001,41385,0.00041385,16798996378541385,167989963.78541385,boundary probe
S4,S4,Idealized 113/114 cap-derived geometric schedule,230159999,41385,0.00041385,16799005069308615,167990050.69308615,boundary probe
S4,S4,Idealized 113/114 cap-derived geometric schedule,230160000,41021,0.00041021,16799005069350000,167990050.69350000,boundary probe
S4,S4,Idealized 113/114 cap-derived geometric schedule,230160001,41021,0.00041021,16799005069391021,167990050.69391021,boundary probe
S4,S4,Idealized 113/114 cap-derived geometric schedule,230369999,41021,0.00041021,16799013683718979,167990136.83718979,boundary probe
S4,S4,Idealized 113/114 cap-derived geometric schedule,230370000,40661,0.00040661,16799013683760000,167990136.83760000,boundary probe
S4,S4,Idealized 113/114 cap-derived geometric schedule,230370001,40661,0.00040661,16799013683800661,167990136.83800661,boundary probe
S4,S4,Idealized 113/114 cap-derived geometric schedule,230579999,40661,0.00040661,16799022222529339,167990222.22529339,boundary probe
S4,S4,Idealized 113/114 cap-derived geometric schedule,230580000,40304,0.00040304,16799022222570000,167990222.22570000,boundary probe
S4,S4,Idealized 113/114 cap-derived geometric schedule,230580001,40304,0.00040304,16799022222610304,167990222.22610304,boundary probe
S4,S4,Idealized 113/114 cap-derived geometric schedule,230789999,40304,0.00040304,16799030686369696,167990306.86369696,boundary probe
S4,S4,Idealized 113/114 cap-derived geometric schedule,230790000,39950,0.00039950,16799030686410000,167990306.86410000,boundary probe
S4,S4,Idealized 113/114 cap-derived geometric schedule,230790001,39950,0.00039950,16799030686449950,167990306.86449950,boundary probe
S4,S4,Idealized 113/114 cap-derived geometric schedule,230999999,39950,0.00039950,16799039075870050,167990390.75870050,boundary probe
S4,S4,Idealized 113/114 cap-derived geometric schedule,231000000,39599,0.00039599,16799039075910000,167990390.75910000,boundary probe
S4,S4,Idealized 113/114 cap-derived geometric schedule,231000001,39599,0.00039599,16799039075949599,167990390.75949599,boundary probe
S4,S4,Idealized 113/114 cap-derived geometric schedule,231209999,39599,0.00039599,16799047391660401,167990473.91660401,boundary probe
S4,S4,Idealized 113/114 cap-derived geometric schedule,231210000,39251,0.00039251,16799047391700000,167990473.91700000,boundary probe
S4,S4,Idealized 113/114 cap-derived geometric schedule,231210001,39251,0.00039251,16799047391739251,167990473.91739251,boundary probe
S4,S4,Idealized 113/114 cap-derived geometric schedule,231419999,39251,0.00039251,16799055634370749,167990556.34370749,boundary probe
S4,S4,Idealized 113/114 cap-derived geometric schedule,231420000,38906,0.00038906,16799055634410000,167990556.34410000,boundary probe
S4,S4,Idealized 113/114 cap-derived geometric schedule,231420001,38906,0.00038906,16799055634448906,167990556.34448906,boundary probe
S4,S4,Idealized 113/114 cap-derived geometric schedule,231629999,38906,0.00038906,16799063804631094,167990638.04631094,boundary probe
S4,S4,Idealized 113/114 cap-derived geometric schedule,231630000,38564,0.00038564,16799063804670000,167990638.04670000,boundary probe
S4,S4,Idealized 113/114 cap-derived geometric schedule,231630001,38564,0.00038564,16799063804708564,167990638.04708564,boundary probe
S4,S4,Idealized 113/114 cap-derived geometric schedule,231839999,38564,0.00038564,16799071903071436,167990719.03071436,boundary probe
S4,S4,Idealized 113/114 cap-derived geometric schedule,231840000,38225,0.00038225,16799071903110000,167990719.03110000,boundary probe
S4,S4,Idealized 113/114 cap-derived geometric schedule,231840001,38225,0.00038225,16799071903148225,167990719.03148225,boundary probe
S4,S4,Idealized 113/114 cap-derived geometric schedule,232049999,38225,0.00038225,16799079930321775,167990799.30321775,boundary probe
S4,S4,Idealized 113/114 cap-derived geometric schedule,232050000,37889,0.00037889,16799079930360000,167990799.30360000,boundary probe
S4,S4,Idealized 113/114 cap-derived geometric schedule,232050001,37889,0.00037889,16799079930397889,167990799.30397889,boundary probe
S4,S4,Idealized 113/114 cap-derived geometric schedule,232259999,37889,0.00037889,16799087887012111,167990878.87012111,boundary probe
S4,S4,Idealized 113/114 cap-derived geometric schedule,232260000,37556,0.00037556,16799087887050000,167990878.87050000,boundary probe
S4,S4,Idealized 113/114 cap-derived geometric schedule,232260001,37556,0.00037556,16799087887087556,167990878.87087556,boundary probe
S4,S4,Idealized 113/114 cap-derived geometric schedule,232469999,37556,0.00037556,16799095773772444,167990957.73772444,boundary probe
S4,S4,Idealized 113/114 cap-derived geometric schedule,232470000,37226,0.00037226,16799095773810000,167990957.73810000,boundary probe
S4,S4,Idealized 113/114 cap-derived geometric schedule,232470001,37226,0.00037226,16799095773847226,167990957.73847226,boundary probe
S4,S4,Idealized 113/114 cap-derived geometric schedule,232679999,37226,0.00037226,16799103591232774,167991035.91232774,boundary probe
S4,S4,Idealized 113/114 cap-derived geometric schedule,232680000,36899,0.00036899,16799103591270000,167991035.91270000,boundary probe
S4,S4,Idealized 113/114 cap-derived geometric schedule,232680001,36899,0.00036899,16799103591306899,167991035.91306899,boundary probe
S4,S4,Idealized 113/114 cap-derived geometric schedule,232889999,36899,0.00036899,16799111340023101,167991113.40023101,boundary probe
S4,S4,Idealized 113/114 cap-derived geometric schedule,232890000,36575,0.00036575,16799111340060000,167991113.40060000,boundary probe
S4,S4,Idealized 113/114 cap-derived geometric schedule,232890001,36575,0.00036575,16799111340096575,167991113.40096575,boundary probe
S4,S4,Idealized 113/114 cap-derived geometric schedule,233099999,36575,0.00036575,16799119020773425,167991190.20773425,boundary probe
S4,S4,Idealized 113/114 cap-derived geometric schedule,233100000,36254,0.00036254,16799119020810000,167991190.20810000,boundary probe
S4,S4,Idealized 113/114 cap-derived geometric schedule,233100001,36254,0.00036254,16799119020846254,167991190.20846254,boundary probe
S4,S4,Idealized 113/114 cap-derived geometric schedule,233309999,36254,0.00036254,16799126634113746,167991266.34113746,boundary probe
S4,S4,Idealized 113/114 cap-derived geometric schedule,233310000,35935,0.00035935,16799126634150000,167991266.34150000,boundary probe
S4,S4,Idealized 113/114 cap-derived geometric schedule,233310001,35935,0.00035935,16799126634185935,167991266.34185935,boundary probe
S4,S4,Idealized 113/114 cap-derived geometric schedule,233519999,35935,0.00035935,16799134180464065,167991341.80464065,boundary probe
S4,S4,Idealized 113/114 cap-derived geometric schedule,233520000,35619,0.00035619,16799134180500000,167991341.80500000,boundary probe
S4,S4,Idealized 113/114 cap-derived geometric schedule,233520001,35619,0.00035619,16799134180535619,167991341.80535619,boundary probe
S4,S4,Idealized 113/114 cap-derived geometric schedule,233729999,35619,0.00035619,16799141660454381,167991416.60454381,boundary probe
S4,S4,Idealized 113/114 cap-derived geometric schedule,233730000,35306,0.00035306,16799141660490000,167991416.60490000,boundary probe
S4,S4,Idealized 113/114 cap-derived geometric schedule,233730001,35306,0.00035306,16799141660525306,167991416.60525306,boundary probe
S4,S4,Idealized 113/114 cap-derived geometric schedule,233939999,35306,0.00035306,16799149074714694,167991490.74714694,boundary probe
S4,S4,Idealized 113/114 cap-derived geometric schedule,233940000,34996,0.00034996,16799149074750000,167991490.74750000,boundary probe
S4,S4,Idealized 113/114 cap-derived geometric schedule,233940001,34996,0.00034996,16799149074784996,167991490.74784996,boundary probe
S4,S4,Idealized 113/114 cap-derived geometric schedule,234149999,34996,0.00034996,16799156423875004,167991564.23875004,boundary probe
S4,S4,Idealized 113/114 cap-derived geometric schedule,234150000,34689,0.00034689,16799156423910000,167991564.23910000,boundary probe
S4,S4,Idealized 113/114 cap-derived geometric schedule,234150001,34689,0.00034689,16799156423944689,167991564.23944689,boundary probe
S4,S4,Idealized 113/114 cap-derived geometric schedule,234359999,34689,0.00034689,16799163708565311,167991637.08565311,boundary probe
S4,S4,Idealized 113/114 cap-derived geometric schedule,234360000,34384,0.00034384,16799163708600000,167991637.08600000,boundary probe
S4,S4,Idealized 113/114 cap-derived geometric schedule,234360001,34384,0.00034384,16799163708634384,167991637.08634384,boundary probe
S4,S4,Idealized 113/114 cap-derived geometric schedule,234569999,34384,0.00034384,16799170929205616,167991709.29205616,boundary probe
S4,S4,Idealized 113/114 cap-derived geometric schedule,234570000,34082,0.00034082,16799170929240000,167991709.29240000,boundary probe
S4,S4,Idealized 113/114 cap-derived geometric schedule,234570001,34082,0.00034082,16799170929274082,167991709.29274082,boundary probe
S4,S4,Idealized 113/114 cap-derived geometric schedule,234779999,34082,0.00034082,16799178086425918,167991780.86425918,boundary probe
S4,S4,Idealized 113/114 cap-derived geometric schedule,234780000,33783,0.00033783,16799178086460000,167991780.86460000,boundary probe
S4,S4,Idealized 113/114 cap-derived geometric schedule,234780001,33783,0.00033783,16799178086493783,167991780.86493783,boundary probe
S4,S4,Idealized 113/114 cap-derived geometric schedule,234989999,33783,0.00033783,16799185180856217,167991851.80856217,boundary probe
S4,S4,Idealized 113/114 cap-derived geometric schedule,234990000,33486,0.00033486,16799185180890000,167991851.80890000,boundary probe
S4,S4,Idealized 113/114 cap-derived geometric schedule,234990001,33486,0.00033486,16799185180923486,167991851.80923486,boundary probe
S4,S4,Idealized 113/114 cap-derived geometric schedule,235199999,33486,0.00033486,16799192212916514,167991922.12916514,boundary probe
S4,S4,Idealized 113/114 cap-derived geometric schedule,235200000,33192,0.00033192,16799192212950000,167991922.12950000,boundary probe
S4,S4,Idealized 113/114 cap-derived geometric schedule,235200001,33192,0.00033192,16799192212983192,167991922.12983192,boundary probe
S4,S4,Idealized 113/114 cap-derived geometric schedule,235409999,33192,0.00033192,16799199183236808,167991991.83236808,boundary probe
S4,S4,Idealized 113/114 cap-derived geometric schedule,235410000,32900,0.00032900,16799199183270000,167991991.83270000,boundary probe
S4,S4,Idealized 113/114 cap-derived geometric schedule,235410001,32900,0.00032900,16799199183302900,167991991.83302900,boundary probe
S4,S4,Idealized 113/114 cap-derived geometric schedule,235619999,32900,0.00032900,16799206092237100,167992060.92237100,boundary probe
S4,S4,Idealized 113/114 cap-derived geometric schedule,235620000,32611,0.00032611,16799206092270000,167992060.92270000,boundary probe
S4,S4,Idealized 113/114 cap-derived geometric schedule,235620001,32611,0.00032611,16799206092302611,167992060.92302611,boundary probe
S4,S4,Idealized 113/114 cap-derived geometric schedule,235829999,32611,0.00032611,16799212940547389,167992129.40547389,boundary probe
S4,S4,Idealized 113/114 cap-derived geometric schedule,235830000,32324,0.00032324,16799212940580000,167992129.40580000,boundary probe
S4,S4,Idealized 113/114 cap-derived geometric schedule,235830001,32324,0.00032324,16799212940612324,167992129.40612324,boundary probe
S4,S4,Idealized 113/114 cap-derived geometric schedule,236039999,32324,0.00032324,16799219728587676,167992197.28587676,boundary probe
S4,S4,Idealized 113/114 cap-derived geometric schedule,236040000,32040,0.00032040,16799219728620000,167992197.28620000,boundary probe
S4,S4,Idealized 113/114 cap-derived geometric schedule,236040001,32040,0.00032040,16799219728652040,167992197.28652040,boundary probe
S4,S4,Idealized 113/114 cap-derived geometric schedule,236249999,32040,0.00032040,16799226456987960,167992264.56987960,boundary probe
S4,S4,Idealized 113/114 cap-derived geometric schedule,236250000,31758,0.00031758,16799226457020000,167992264.57020000,boundary probe
S4,S4,Idealized 113/114 cap-derived geometric schedule,236250001,31758,0.00031758,16799226457051758,167992264.57051758,boundary probe
S4,S4,Idealized 113/114 cap-derived geometric schedule,236459999,31758,0.00031758,16799233126168242,167992331.26168242,boundary probe
S4,S4,Idealized 113/114 cap-derived geometric schedule,236460000,31479,0.00031479,16799233126200000,167992331.26200000,boundary probe
S4,S4,Idealized 113/114 cap-derived geometric schedule,236460001,31479,0.00031479,16799233126231479,167992331.26231479,boundary probe
S4,S4,Idealized 113/114 cap-derived geometric schedule,236669999,31479,0.00031479,16799239736758521,167992397.36758521,boundary probe
S4,S4,Idealized 113/114 cap-derived geometric schedule,236670000,31202,0.00031202,16799239736790000,167992397.36790000,boundary probe
S4,S4,Idealized 113/114 cap-derived geometric schedule,236670001,31202,0.00031202,16799239736821202,167992397.36821202,boundary probe
S4,S4,Idealized 113/114 cap-derived geometric schedule,236879999,31202,0.00031202,16799246289178798,167992462.89178798,boundary probe
S4,S4,Idealized 113/114 cap-derived geometric schedule,236880000,30928,0.00030928,16799246289210000,167992462.89210000,boundary probe
S4,S4,Idealized 113/114 cap-derived geometric schedule,236880001,30928,0.00030928,16799246289240928,167992462.89240928,boundary probe
S4,S4,Idealized 113/114 cap-derived geometric schedule,237089999,30928,0.00030928,16799252784059072,167992527.84059072,boundary probe
S4,S4,Idealized 113/114 cap-derived geometric schedule,237090000,30656,0.00030656,16799252784090000,167992527.84090000,boundary probe
S4,S4,Idealized 113/114 cap-derived geometric schedule,237090001,30656,0.00030656,16799252784120656,167992527.84120656,boundary probe
S4,S4,Idealized 113/114 cap-derived geometric schedule,237299999,30656,0.00030656,16799259221819344,167992592.21819344,boundary probe
S4,S4,Idealized 113/114 cap-derived geometric schedule,237300000,30387,0.00030387,16799259221850000,167992592.21850000,boundary probe
S4,S4,Idealized 113/114 cap-derived geometric schedule,237300001,30387,0.00030387,16799259221880387,167992592.21880387,boundary probe
S4,S4,Idealized 113/114 cap-derived geometric schedule,237509999,30387,0.00030387,16799265603089613,167992656.03089613,boundary probe
S4,S4,Idealized 113/114 cap-derived geometric schedule,237510000,30120,0.00030120,16799265603120000,167992656.03120000,boundary probe
S4,S4,Idealized 113/114 cap-derived geometric schedule,237510001,30120,0.00030120,16799265603150120,167992656.03150120,boundary probe
S4,S4,Idealized 113/114 cap-derived geometric schedule,237719999,30120,0.00030120,16799271928289880,167992719.28289880,boundary probe
S4,S4,Idealized 113/114 cap-derived geometric schedule,237720000,29855,0.00029855,16799271928320000,167992719.28320000,boundary probe
S4,S4,Idealized 113/114 cap-derived geometric schedule,237720001,29855,0.00029855,16799271928349855,167992719.28349855,boundary probe
S4,S4,Idealized 113/114 cap-derived geometric schedule,237929999,29855,0.00029855,16799278197840145,167992781.97840145,boundary probe
S4,S4,Idealized 113/114 cap-derived geometric schedule,237930000,29593,0.00029593,16799278197870000,167992781.97870000,boundary probe
S4,S4,Idealized 113/114 cap-derived geometric schedule,237930001,29593,0.00029593,16799278197899593,167992781.97899593,boundary probe
S4,S4,Idealized 113/114 cap-derived geometric schedule,238139999,29593,0.00029593,16799284412370407,167992844.12370407,boundary probe
S4,S4,Idealized 113/114 cap-derived geometric schedule,238140000,29333,0.00029333,16799284412400000,167992844.12400000,boundary probe
S4,S4,Idealized 113/114 cap-derived geometric schedule,238140001,29333,0.00029333,16799284412429333,167992844.12429333,boundary probe
S4,S4,Idealized 113/114 cap-derived geometric schedule,238349999,29333,0.00029333,16799290572300667,167992905.72300667,boundary probe
S4,S4,Idealized 113/114 cap-derived geometric schedule,238350000,29075,0.00029075,16799290572330000,167992905.72330000,boundary probe
S4,S4,Idealized 113/114 cap-derived geometric schedule,238350001,29075,0.00029075,16799290572359075,167992905.72359075,boundary probe
S4,S4,Idealized 113/114 cap-derived geometric schedule,238559999,29075,0.00029075,16799296678050925,167992966.78050925,boundary probe
S4,S4,Idealized 113/114 cap-derived geometric schedule,238560000,28819,0.00028819,16799296678080000,167992966.78080000,boundary probe
S4,S4,Idealized 113/114 cap-derived geometric schedule,238560001,28819,0.00028819,16799296678108819,167992966.78108819,boundary probe
S4,S4,Idealized 113/114 cap-derived geometric schedule,238769999,28819,0.00028819,16799302730041181,167993027.30041181,boundary probe
S4,S4,Idealized 113/114 cap-derived geometric schedule,238770000,28566,0.00028566,16799302730070000,167993027.30070000,boundary probe
S4,S4,Idealized 113/114 cap-derived geometric schedule,238770001,28566,0.00028566,16799302730098566,167993027.30098566,boundary probe
S4,S4,Idealized 113/114 cap-derived geometric schedule,238979999,28566,0.00028566,16799308728901434,167993087.28901434,boundary probe
S4,S4,Idealized 113/114 cap-derived geometric schedule,238980000,28315,0.00028315,16799308728930000,167993087.28930000,boundary probe
S4,S4,Idealized 113/114 cap-derived geometric schedule,238980001,28315,0.00028315,16799308728958315,167993087.28958315,boundary probe
S4,S4,Idealized 113/114 cap-derived geometric schedule,239189999,28315,0.00028315,16799314675051685,167993146.75051685,boundary probe
S4,S4,Idealized 113/114 cap-derived geometric schedule,239190000,28066,0.00028066,16799314675080000,167993146.75080000,boundary probe
S4,S4,Idealized 113/114 cap-derived geometric schedule,239190001,28066,0.00028066,16799314675108066,167993146.75108066,boundary probe
S4,S4,Idealized 113/114 cap-derived geometric schedule,239399999,28066,0.00028066,16799320568911934,167993205.68911934,boundary probe
S4,S4,Idealized 113/114 cap-derived geometric schedule,239400000,27819,0.00027819,16799320568940000,167993205.68940000,boundary probe
S4,S4,Idealized 113/114 cap-derived geometric schedule,239400001,27819,0.00027819,16799320568967819,167993205.68967819,boundary probe
S4,S4,Idealized 113/114 cap-derived geometric schedule,239609999,27819,0.00027819,16799326410902181,167993264.10902181,boundary probe
S4,S4,Idealized 113/114 cap-derived geometric schedule,239610000,27574,0.00027574,16799326410930000,167993264.10930000,boundary probe
S4,S4,Idealized 113/114 cap-derived geometric schedule,239610001,27574,0.00027574,16799326410957574,167993264.10957574,boundary probe
S4,S4,Idealized 113/114 cap-derived geometric schedule,239819999,27574,0.00027574,16799332201442426,167993322.01442426,boundary probe
S4,S4,Idealized 113/114 cap-derived geometric schedule,239820000,27332,0.00027332,16799332201470000,167993322.01470000,boundary probe
S4,S4,Idealized 113/114 cap-derived geometric schedule,239820001,27332,0.00027332,16799332201497332,167993322.01497332,boundary probe
S4,S4,Idealized 113/114 cap-derived geometric schedule,240029999,27332,0.00027332,16799337941162668,167993379.41162668,boundary probe
S4,S4,Idealized 113/114 cap-derived geometric schedule,240030000,27092,0.00027092,16799337941190000,167993379.41190000,boundary probe
S4,S4,Idealized 113/114 cap-derived geometric schedule,240030001,27092,0.00027092,16799337941217092,167993379.41217092,boundary probe
S4,S4,Idealized 113/114 cap-derived geometric schedule,240239999,27092,0.00027092,16799343630482908,167993436.30482908,boundary probe
S4,S4,Idealized 113/114 cap-derived geometric schedule,240240000,26854,0.00026854,16799343630510000,167993436.30510000,boundary probe
S4,S4,Idealized 113/114 cap-derived geometric schedule,240240001,26854,0.00026854,16799343630536854,167993436.30536854,boundary probe
S4,S4,Idealized 113/114 cap-derived geometric schedule,240449999,26854,0.00026854,16799349269823146,167993492.69823146,boundary probe
S4,S4,Idealized 113/114 cap-derived geometric schedule,240450000,26618,0.00026618,16799349269850000,167993492.69850000,boundary probe
S4,S4,Idealized 113/114 cap-derived geometric schedule,240450001,26618,0.00026618,16799349269876618,167993492.69876618,boundary probe
S4,S4,Idealized 113/114 cap-derived geometric schedule,240659999,26618,0.00026618,16799354859603382,167993548.59603382,boundary probe
S4,S4,Idealized 113/114 cap-derived geometric schedule,240660000,26384,0.00026384,16799354859630000,167993548.59630000,boundary probe
S4,S4,Idealized 113/114 cap-derived geometric schedule,240660001,26384,0.00026384,16799354859656384,167993548.59656384,boundary probe
S4,S4,Idealized 113/114 cap-derived geometric schedule,240869999,26384,0.00026384,16799360400243616,167993604.00243616,boundary probe
S4,S4,Idealized 113/114 cap-derived geometric schedule,240870000,26152,0.00026152,16799360400270000,167993604.00270000,boundary probe
S4,S4,Idealized 113/114 cap-derived geometric schedule,240870001,26152,0.00026152,16799360400296152,167993604.00296152,boundary probe
S4,S4,Idealized 113/114 cap-derived geometric schedule,241079999,26152,0.00026152,16799365892163848,167993658.92163848,boundary probe
S4,S4,Idealized 113/114 cap-derived geometric schedule,241080000,25922,0.00025922,16799365892190000,167993658.92190000,boundary probe
S4,S4,Idealized 113/114 cap-derived geometric schedule,241080001,25922,0.00025922,16799365892215922,167993658.92215922,boundary probe
S4,S4,Idealized 113/114 cap-derived geometric schedule,241289999,25922,0.00025922,16799371335784078,167993713.35784078,boundary probe
S4,S4,Idealized 113/114 cap-derived geometric schedule,241290000,25694,0.00025694,16799371335810000,167993713.35810000,boundary probe
S4,S4,Idealized 113/114 cap-derived geometric schedule,241290001,25694,0.00025694,16799371335835694,167993713.35835694,boundary probe
S4,S4,Idealized 113/114 cap-derived geometric schedule,241499999,25694,0.00025694,16799376731524306,167993767.31524306,boundary probe
S4,S4,Idealized 113/114 cap-derived geometric schedule,241500000,25468,0.00025468,16799376731550000,167993767.31550000,boundary probe
S4,S4,Idealized 113/114 cap-derived geometric schedule,241500001,25468,0.00025468,16799376731575468,167993767.31575468,boundary probe
S4,S4,Idealized 113/114 cap-derived geometric schedule,241709999,25468,0.00025468,16799382079804532,167993820.79804532,boundary probe
S4,S4,Idealized 113/114 cap-derived geometric schedule,241710000,25244,0.00025244,16799382079830000,167993820.79830000,boundary probe
S4,S4,Idealized 113/114 cap-derived geometric schedule,241710001,25244,0.00025244,16799382079855244,167993820.79855244,boundary probe
S4,S4,Idealized 113/114 cap-derived geometric schedule,241919999,25244,0.00025244,16799387381044756,167993873.81044756,boundary probe
S4,S4,Idealized 113/114 cap-derived geometric schedule,241920000,25022,0.00025022,16799387381070000,167993873.81070000,boundary probe
S4,S4,Idealized 113/114 cap-derived geometric schedule,241920001,25022,0.00025022,16799387381095022,167993873.81095022,boundary probe
S4,S4,Idealized 113/114 cap-derived geometric schedule,242129999,25022,0.00025022,16799392635664978,167993926.35664978,boundary probe
S4,S4,Idealized 113/114 cap-derived geometric schedule,242130000,24802,0.00024802,16799392635690000,167993926.35690000,boundary probe
S4,S4,Idealized 113/114 cap-derived geometric schedule,242130001,24802,0.00024802,16799392635714802,167993926.35714802,boundary probe
S4,S4,Idealized 113/114 cap-derived geometric schedule,242339999,24802,0.00024802,16799397844085198,167993978.44085198,boundary probe
S4,S4,Idealized 113/114 cap-derived geometric schedule,242340000,24584,0.00024584,16799397844110000,167993978.44110000,boundary probe
S4,S4,Idealized 113/114 cap-derived geometric schedule,242340001,24584,0.00024584,16799397844134584,167993978.44134584,boundary probe
S4,S4,Idealized 113/114 cap-derived geometric schedule,242549999,24584,0.00024584,16799403006725416,167994030.06725416,boundary probe
S4,S4,Idealized 113/114 cap-derived geometric schedule,242550000,24368,0.00024368,16799403006750000,167994030.06750000,boundary probe
S4,S4,Idealized 113/114 cap-derived geometric schedule,242550001,24368,0.00024368,16799403006774368,167994030.06774368,boundary probe
S4,S4,Idealized 113/114 cap-derived geometric schedule,242759999,24368,0.00024368,16799408124005632,167994081.24005632,boundary probe
S4,S4,Idealized 113/114 cap-derived geometric schedule,242760000,24154,0.00024154,16799408124030000,167994081.24030000,boundary probe
S4,S4,Idealized 113/114 cap-derived geometric schedule,242760001,24154,0.00024154,16799408124054154,167994081.24054154,boundary probe
S4,S4,Idealized 113/114 cap-derived geometric schedule,242969999,24154,0.00024154,16799413196345846,167994131.96345846,boundary probe
S4,S4,Idealized 113/114 cap-derived geometric schedule,242970000,23942,0.00023942,16799413196370000,167994131.96370000,boundary probe
S4,S4,Idealized 113/114 cap-derived geometric schedule,242970001,23942,0.00023942,16799413196393942,167994131.96393942,boundary probe
S4,S4,Idealized 113/114 cap-derived geometric schedule,243179999,23942,0.00023942,16799418224166058,167994182.24166058,boundary probe
S4,S4,Idealized 113/114 cap-derived geometric schedule,243180000,23731,0.00023731,16799418224190000,167994182.24190000,boundary probe
S4,S4,Idealized 113/114 cap-derived geometric schedule,243180001,23731,0.00023731,16799418224213731,167994182.24213731,boundary probe
S4,S4,Idealized 113/114 cap-derived geometric schedule,243389999,23731,0.00023731,16799423207676269,167994232.07676269,boundary probe
S4,S4,Idealized 113/114 cap-derived geometric schedule,243390000,23522,0.00023522,16799423207700000,167994232.07700000,boundary probe
S4,S4,Idealized 113/114 cap-derived geometric schedule,243390001,23522,0.00023522,16799423207723522,167994232.07723522,boundary probe
S4,S4,Idealized 113/114 cap-derived geometric schedule,243599999,23522,0.00023522,16799428147296478,167994281.47296478,boundary probe
S4,S4,Idealized 113/114 cap-derived geometric schedule,243600000,23315,0.00023315,16799428147320000,167994281.47320000,boundary probe
S4,S4,Idealized 113/114 cap-derived geometric schedule,243600001,23315,0.00023315,16799428147343315,167994281.47343315,boundary probe
S4,S4,Idealized 113/114 cap-derived geometric schedule,243809999,23315,0.00023315,16799433043446685,167994330.43446685,boundary probe
S4,S4,Idealized 113/114 cap-derived geometric schedule,243810000,23110,0.00023110,16799433043470000,167994330.43470000,boundary probe
S4,S4,Idealized 113/114 cap-derived geometric schedule,243810001,23110,0.00023110,16799433043493110,167994330.43493110,boundary probe
S4,S4,Idealized 113/114 cap-derived geometric schedule,244019999,23110,0.00023110,16799437896546890,167994378.96546890,boundary probe
S4,S4,Idealized 113/114 cap-derived geometric schedule,244020000,22907,0.00022907,16799437896570000,167994378.96570000,boundary probe
S4,S4,Idealized 113/114 cap-derived geometric schedule,244020001,22907,0.00022907,16799437896592907,167994378.96592907,boundary probe
S4,S4,Idealized 113/114 cap-derived geometric schedule,244229999,22907,0.00022907,16799442707017093,167994427.07017093,boundary probe
S4,S4,Idealized 113/114 cap-derived geometric schedule,244230000,22706,0.00022706,16799442707040000,167994427.07040000,boundary probe
S4,S4,Idealized 113/114 cap-derived geometric schedule,244230001,22706,0.00022706,16799442707062706,167994427.07062706,boundary probe
S4,S4,Idealized 113/114 cap-derived geometric schedule,244439999,22706,0.00022706,16799447475277294,167994474.75277294,boundary probe
S4,S4,Idealized 113/114 cap-derived geometric schedule,244440000,22506,0.00022506,16799447475300000,167994474.75300000,boundary probe
S4,S4,Idealized 113/114 cap-derived geometric schedule,244440001,22506,0.00022506,16799447475322506,167994474.75322506,boundary probe
S4,S4,Idealized 113/114 cap-derived geometric schedule,244649999,22506,0.00022506,16799452201537494,167994522.01537494,boundary probe
S4,S4,Idealized 113/114 cap-derived geometric schedule,244650000,22308,0.00022308,16799452201560000,167994522.01560000,boundary probe
S4,S4,Idealized 113/114 cap-derived geometric schedule,244650001,22308,0.00022308,16799452201582308,167994522.01582308,boundary probe
S4,S4,Idealized 113/114 cap-derived geometric schedule,244859999,22308,0.00022308,16799456886217692,167994568.86217692,boundary probe
S4,S4,Idealized 113/114 cap-derived geometric schedule,244860000,22112,0.00022112,16799456886240000,167994568.86240000,boundary probe
S4,S4,Idealized 113/114 cap-derived geometric schedule,244860001,22112,0.00022112,16799456886262112,167994568.86262112,boundary probe
S4,S4,Idealized 113/114 cap-derived geometric schedule,245069999,22112,0.00022112,16799461529737888,167994615.29737888,boundary probe
S4,S4,Idealized 113/114 cap-derived geometric schedule,245070000,21918,0.00021918,16799461529760000,167994615.29760000,boundary probe
S4,S4,Idealized 113/114 cap-derived geometric schedule,245070001,21918,0.00021918,16799461529781918,167994615.29781918,boundary probe
S4,S4,Idealized 113/114 cap-derived geometric schedule,245279999,21918,0.00021918,16799466132518082,167994661.32518082,boundary probe
S4,S4,Idealized 113/114 cap-derived geometric schedule,245280000,21725,0.00021725,16799466132540000,167994661.32540000,boundary probe
S4,S4,Idealized 113/114 cap-derived geometric schedule,245280001,21725,0.00021725,16799466132561725,167994661.32561725,boundary probe
S4,S4,Idealized 113/114 cap-derived geometric schedule,245489999,21725,0.00021725,16799470694768275,167994706.94768275,boundary probe
S4,S4,Idealized 113/114 cap-derived geometric schedule,245490000,21534,0.00021534,16799470694790000,167994706.94790000,boundary probe
S4,S4,Idealized 113/114 cap-derived geometric schedule,245490001,21534,0.00021534,16799470694811534,167994706.94811534,boundary probe
S4,S4,Idealized 113/114 cap-derived geometric schedule,245699999,21534,0.00021534,16799475216908466,167994752.16908466,boundary probe
S4,S4,Idealized 113/114 cap-derived geometric schedule,245700000,21345,0.00021345,16799475216930000,167994752.16930000,boundary probe
S4,S4,Idealized 113/114 cap-derived geometric schedule,245700001,21345,0.00021345,16799475216951345,167994752.16951345,boundary probe
S4,S4,Idealized 113/114 cap-derived geometric schedule,245909999,21345,0.00021345,16799479699358655,167994796.99358655,boundary probe
S4,S4,Idealized 113/114 cap-derived geometric schedule,245910000,21157,0.00021157,16799479699380000,167994796.99380000,boundary probe
S4,S4,Idealized 113/114 cap-derived geometric schedule,245910001,21157,0.00021157,16799479699401157,167994796.99401157,boundary probe
S4,S4,Idealized 113/114 cap-derived geometric schedule,246119999,21157,0.00021157,16799484142328843,167994841.42328843,boundary probe
S4,S4,Idealized 113/114 cap-derived geometric schedule,246120000,20971,0.00020971,16799484142350000,167994841.42350000,boundary probe
S4,S4,Idealized 113/114 cap-derived geometric schedule,246120001,20971,0.00020971,16799484142370971,167994841.42370971,boundary probe
S4,S4,Idealized 113/114 cap-derived geometric schedule,246329999,20971,0.00020971,16799488546239029,167994885.46239029,boundary probe
S4,S4,Idealized 113/114 cap-derived geometric schedule,246330000,20787,0.00020787,16799488546260000,167994885.46260000,boundary probe
S4,S4,Idealized 113/114 cap-derived geometric schedule,246330001,20787,0.00020787,16799488546280787,167994885.46280787,boundary probe
S4,S4,Idealized 113/114 cap-derived geometric schedule,246539999,20787,0.00020787,16799492911509213,167994929.11509213,boundary probe
S4,S4,Idealized 113/114 cap-derived geometric schedule,246540000,20604,0.00020604,16799492911530000,167994929.11530000,boundary probe
S4,S4,Idealized 113/114 cap-derived geometric schedule,246540001,20604,0.00020604,16799492911550604,167994929.11550604,boundary probe
S4,S4,Idealized 113/114 cap-derived geometric schedule,246749999,20604,0.00020604,16799497238349396,167994972.38349396,boundary probe
S4,S4,Idealized 113/114 cap-derived geometric schedule,246750000,20423,0.00020423,16799497238370000,167994972.38370000,boundary probe
S4,S4,Idealized 113/114 cap-derived geometric schedule,246750001,20423,0.00020423,16799497238390423,167994972.38390423,boundary probe
S4,S4,Idealized 113/114 cap-derived geometric schedule,246959999,20423,0.00020423,16799501527179577,167995015.27179577,boundary probe
S4,S4,Idealized 113/114 cap-derived geometric schedule,246960000,20243,0.00020243,16799501527200000,167995015.27200000,boundary probe
S4,S4,Idealized 113/114 cap-derived geometric schedule,246960001,20243,0.00020243,16799501527220243,167995015.27220243,boundary probe
S4,S4,Idealized 113/114 cap-derived geometric schedule,247169999,20243,0.00020243,16799505778209757,167995057.78209757,boundary probe
S4,S4,Idealized 113/114 cap-derived geometric schedule,247170000,20065,0.00020065,16799505778230000,167995057.78230000,boundary probe
S4,S4,Idealized 113/114 cap-derived geometric schedule,247170001,20065,0.00020065,16799505778250065,167995057.78250065,boundary probe
S4,S4,Idealized 113/114 cap-derived geometric schedule,247379999,20065,0.00020065,16799509991859935,167995099.91859935,boundary probe
S4,S4,Idealized 113/114 cap-derived geometric schedule,247380000,19888,0.00019888,16799509991880000,167995099.91880000,boundary probe
S4,S4,Idealized 113/114 cap-derived geometric schedule,247380001,19888,0.00019888,16799509991899888,167995099.91899888,boundary probe
S4,S4,Idealized 113/114 cap-derived geometric schedule,247589999,19888,0.00019888,16799514168340112,167995141.68340112,boundary probe
S4,S4,Idealized 113/114 cap-derived geometric schedule,247590000,19713,0.00019713,16799514168360000,167995141.68360000,boundary probe
S4,S4,Idealized 113/114 cap-derived geometric schedule,247590001,19713,0.00019713,16799514168379713,167995141.68379713,boundary probe
S4,S4,Idealized 113/114 cap-derived geometric schedule,247799999,19713,0.00019713,16799518308070287,167995183.08070287,boundary probe
S4,S4,Idealized 113/114 cap-derived geometric schedule,247800000,19540,0.00019540,16799518308090000,167995183.08090000,boundary probe
S4,S4,Idealized 113/114 cap-derived geometric schedule,247800001,19540,0.00019540,16799518308109540,167995183.08109540,boundary probe
S4,S4,Idealized 113/114 cap-derived geometric schedule,248009999,19540,0.00019540,16799522411470460,167995224.11470460,boundary probe
S4,S4,Idealized 113/114 cap-derived geometric schedule,248010000,19368,0.00019368,16799522411490000,167995224.11490000,boundary probe
S4,S4,Idealized 113/114 cap-derived geometric schedule,248010001,19368,0.00019368,16799522411509368,167995224.11509368,boundary probe
S4,S4,Idealized 113/114 cap-derived geometric schedule,248219999,19368,0.00019368,16799526478750632,167995264.78750632,boundary probe
S4,S4,Idealized 113/114 cap-derived geometric schedule,248220000,19198,0.00019198,16799526478770000,167995264.78770000,boundary probe
S4,S4,Idealized 113/114 cap-derived geometric schedule,248220001,19198,0.00019198,16799526478789198,167995264.78789198,boundary probe
S4,S4,Idealized 113/114 cap-derived geometric schedule,248429999,19198,0.00019198,16799530510330802,167995305.10330802,boundary probe
S4,S4,Idealized 113/114 cap-derived geometric schedule,248430000,19029,0.00019029,16799530510350000,167995305.10350000,boundary probe
S4,S4,Idealized 113/114 cap-derived geometric schedule,248430001,19029,0.00019029,16799530510369029,167995305.10369029,boundary probe
S4,S4,Idealized 113/114 cap-derived geometric schedule,248639999,19029,0.00019029,16799534506420971,167995345.06420971,boundary probe
S4,S4,Idealized 113/114 cap-derived geometric schedule,248640000,18862,0.00018862,16799534506440000,167995345.06440000,boundary probe
S4,S4,Idealized 113/114 cap-derived geometric schedule,248640001,18862,0.00018862,16799534506458862,167995345.06458862,boundary probe
S4,S4,Idealized 113/114 cap-derived geometric schedule,248849999,18862,0.00018862,16799538467441138,167995384.67441138,boundary probe
S4,S4,Idealized 113/114 cap-derived geometric schedule,248850000,18696,0.00018696,16799538467460000,167995384.67460000,boundary probe
S4,S4,Idealized 113/114 cap-derived geometric schedule,248850001,18696,0.00018696,16799538467478696,167995384.67478696,boundary probe
S4,S4,Idealized 113/114 cap-derived geometric schedule,249059999,18696,0.00018696,16799542393601304,167995423.93601304,boundary probe
S4,S4,Idealized 113/114 cap-derived geometric schedule,249060000,18532,0.00018532,16799542393620000,167995423.93620000,boundary probe
S4,S4,Idealized 113/114 cap-derived geometric schedule,249060001,18532,0.00018532,16799542393638532,167995423.93638532,boundary probe
S4,S4,Idealized 113/114 cap-derived geometric schedule,249269999,18532,0.00018532,16799546285321468,167995462.85321468,boundary probe
S4,S4,Idealized 113/114 cap-derived geometric schedule,249270000,18369,0.00018369,16799546285340000,167995462.85340000,boundary probe
S4,S4,Idealized 113/114 cap-derived geometric schedule,249270001,18369,0.00018369,16799546285358369,167995462.85358369,boundary probe
S4,S4,Idealized 113/114 cap-derived geometric schedule,249479999,18369,0.00018369,16799550142811631,167995501.42811631,boundary probe
S4,S4,Idealized 113/114 cap-derived geometric schedule,249480000,18207,0.00018207,16799550142830000,167995501.42830000,boundary probe
S4,S4,Idealized 113/114 cap-derived geometric schedule,249480001,18207,0.00018207,16799550142848207,167995501.42848207,boundary probe
S4,S4,Idealized 113/114 cap-derived geometric schedule,249689999,18207,0.00018207,16799553966281793,167995539.66281793,boundary probe
S4,S4,Idealized 113/114 cap-derived geometric schedule,249690000,18047,0.00018047,16799553966300000,167995539.66300000,boundary probe
S4,S4,Idealized 113/114 cap-derived geometric schedule,249690001,18047,0.00018047,16799553966318047,167995539.66318047,boundary probe
S4,S4,Idealized 113/114 cap-derived geometric schedule,249899999,18047,0.00018047,16799557756151953,167995577.56151953,boundary probe
S4,S4,Idealized 113/114 cap-derived geometric schedule,249900000,17888,0.00017888,16799557756170000,167995577.56170000,boundary probe
S4,S4,Idealized 113/114 cap-derived geometric schedule,249900001,17888,0.00017888,16799557756187888,167995577.56187888,boundary probe
S4,S4,Idealized 113/114 cap-derived geometric schedule,250109999,17888,0.00017888,16799561512632112,167995615.12632112,boundary probe
S4,S4,Idealized 113/114 cap-derived geometric schedule,250110000,17731,0.00017731,16799561512650000,167995615.12650000,boundary probe
S4,S4,Idealized 113/114 cap-derived geometric schedule,250110001,17731,0.00017731,16799561512667731,167995615.12667731,boundary probe
S4,S4,Idealized 113/114 cap-derived geometric schedule,250319999,17731,0.00017731,16799565236142269,167995652.36142269,boundary probe
S4,S4,Idealized 113/114 cap-derived geometric schedule,250320000,17575,0.00017575,16799565236160000,167995652.36160000,boundary probe
S4,S4,Idealized 113/114 cap-derived geometric schedule,250320001,17575,0.00017575,16799565236177575,167995652.36177575,boundary probe
S4,S4,Idealized 113/114 cap-derived geometric schedule,250529999,17575,0.00017575,16799568926892425,167995689.26892425,boundary probe
S4,S4,Idealized 113/114 cap-derived geometric schedule,250530000,17420,0.00017420,16799568926910000,167995689.26910000,boundary probe
S4,S4,Idealized 113/114 cap-derived geometric schedule,250530001,17420,0.00017420,16799568926927420,167995689.26927420,boundary probe
S4,S4,Idealized 113/114 cap-derived geometric schedule,250739999,17420,0.00017420,16799572585092580,167995725.85092580,boundary probe
S4,S4,Idealized 113/114 cap-derived geometric schedule,250740000,17267,0.00017267,16799572585110000,167995725.85110000,boundary probe
S4,S4,Idealized 113/114 cap-derived geometric schedule,250740001,17267,0.00017267,16799572585127267,167995725.85127267,boundary probe
S4,S4,Idealized 113/114 cap-derived geometric schedule,250949999,17267,0.00017267,16799576211162733,167995762.11162733,boundary probe
S4,S4,Idealized 113/114 cap-derived geometric schedule,250950000,17115,0.00017115,16799576211180000,167995762.11180000,boundary probe
S4,S4,Idealized 113/114 cap-derived geometric schedule,250950001,17115,0.00017115,16799576211197115,167995762.11197115,boundary probe
S4,S4,Idealized 113/114 cap-derived geometric schedule,251159999,17115,0.00017115,16799579805312885,167995798.05312885,boundary probe
S4,S4,Idealized 113/114 cap-derived geometric schedule,251160000,16964,0.00016964,16799579805330000,167995798.05330000,boundary probe
S4,S4,Idealized 113/114 cap-derived geometric schedule,251160001,16964,0.00016964,16799579805346964,167995798.05346964,boundary probe
S4,S4,Idealized 113/114 cap-derived geometric schedule,251369999,16964,0.00016964,16799583367753036,167995833.67753036,boundary probe
S4,S4,Idealized 113/114 cap-derived geometric schedule,251370000,16815,0.00016815,16799583367770000,167995833.67770000,boundary probe
S4,S4,Idealized 113/114 cap-derived geometric schedule,251370001,16815,0.00016815,16799583367786815,167995833.67786815,boundary probe
S4,S4,Idealized 113/114 cap-derived geometric schedule,251579999,16815,0.00016815,16799586898903185,167995868.98903185,boundary probe
S4,S4,Idealized 113/114 cap-derived geometric schedule,251580000,16667,0.00016667,16799586898920000,167995868.98920000,boundary probe
S4,S4,Idealized 113/114 cap-derived geometric schedule,251580001,16667,0.00016667,16799586898936667,167995868.98936667,boundary probe
S4,S4,Idealized 113/114 cap-derived geometric schedule,251789999,16667,0.00016667,16799590398973333,167995903.98973333,boundary probe
S4,S4,Idealized 113/114 cap-derived geometric schedule,251790000,16520,0.00016520,16799590398990000,167995903.98990000,boundary probe
S4,S4,Idealized 113/114 cap-derived geometric schedule,251790001,16520,0.00016520,16799590399006520,167995903.99006520,boundary probe
S4,S4,Idealized 113/114 cap-derived geometric schedule,251999999,16520,0.00016520,16799593868173480,167995938.68173480,boundary probe
S4,S4,Idealized 113/114 cap-derived geometric schedule,252000000,16375,0.00016375,16799593868190000,167995938.68190000,boundary probe
S4,S4,Idealized 113/114 cap-derived geometric schedule,252000001,16375,0.00016375,16799593868206375,167995938.68206375,boundary probe
S4,S4,Idealized 113/114 cap-derived geometric schedule,252209999,16375,0.00016375,16799597306923625,167995973.06923625,boundary probe
S4,S4,Idealized 113/114 cap-derived geometric schedule,252210000,16231,0.00016231,16799597306940000,167995973.06940000,boundary probe
S4,S4,Idealized 113/114 cap-derived geometric schedule,252210001,16231,0.00016231,16799597306956231,167995973.06956231,boundary probe
S4,S4,Idealized 113/114 cap-derived geometric schedule,252419999,16231,0.00016231,16799600715433769,167996007.15433769,boundary probe
S4,S4,Idealized 113/114 cap-derived geometric schedule,252420000,16088,0.00016088,16799600715450000,167996007.15450000,boundary probe
S4,S4,Idealized 113/114 cap-derived geometric schedule,252420001,16088,0.00016088,16799600715466088,167996007.15466088,boundary probe
S4,S4,Idealized 113/114 cap-derived geometric schedule,252629999,16088,0.00016088,16799604093913912,167996040.93913912,boundary probe
S4,S4,Idealized 113/114 cap-derived geometric schedule,252630000,15946,0.00015946,16799604093930000,167996040.93930000,boundary probe
S4,S4,Idealized 113/114 cap-derived geometric schedule,252630001,15946,0.00015946,16799604093945946,167996040.93945946,boundary probe
S4,S4,Idealized 113/114 cap-derived geometric schedule,252839999,15946,0.00015946,16799607442574054,167996074.42574054,boundary probe
S4,S4,Idealized 113/114 cap-derived geometric schedule,252840000,15806,0.00015806,16799607442590000,167996074.42590000,boundary probe
S4,S4,Idealized 113/114 cap-derived geometric schedule,252840001,15806,0.00015806,16799607442605806,167996074.42605806,boundary probe
S4,S4,Idealized 113/114 cap-derived geometric schedule,253049999,15806,0.00015806,16799610761834194,167996107.61834194,boundary probe
S4,S4,Idealized 113/114 cap-derived geometric schedule,253050000,15667,0.00015667,16799610761850000,167996107.61850000,boundary probe
S4,S4,Idealized 113/114 cap-derived geometric schedule,253050001,15667,0.00015667,16799610761865667,167996107.61865667,boundary probe
S4,S4,Idealized 113/114 cap-derived geometric schedule,253259999,15667,0.00015667,16799614051904333,167996140.51904333,boundary probe
S4,S4,Idealized 113/114 cap-derived geometric schedule,253260000,15529,0.00015529,16799614051920000,167996140.51920000,boundary probe
S4,S4,Idealized 113/114 cap-derived geometric schedule,253260001,15529,0.00015529,16799614051935529,167996140.51935529,boundary probe
S4,S4,Idealized 113/114 cap-derived geometric schedule,253469999,15529,0.00015529,16799617312994471,167996173.12994471,boundary probe
S4,S4,Idealized 113/114 cap-derived geometric schedule,253470000,15392,0.00015392,16799617313010000,167996173.13010000,boundary probe
S4,S4,Idealized 113/114 cap-derived geometric schedule,253470001,15392,0.00015392,16799617313025392,167996173.13025392,boundary probe
S4,S4,Idealized 113/114 cap-derived geometric schedule,253679999,15392,0.00015392,16799620545314608,167996205.45314608,boundary probe
S4,S4,Idealized 113/114 cap-derived geometric schedule,253680000,15256,0.00015256,16799620545330000,167996205.45330000,boundary probe
S4,S4,Idealized 113/114 cap-derived geometric schedule,253680001,15256,0.00015256,16799620545345256,167996205.45345256,boundary probe
S4,S4,Idealized 113/114 cap-derived geometric schedule,253889999,15256,0.00015256,16799623749074744,167996237.49074744,boundary probe
S4,S4,Idealized 113/114 cap-derived geometric schedule,253890000,15122,0.00015122,16799623749090000,167996237.49090000,boundary probe
S4,S4,Idealized 113/114 cap-derived geometric schedule,253890001,15122,0.00015122,16799623749105122,167996237.49105122,boundary probe
S4,S4,Idealized 113/114 cap-derived geometric schedule,254099999,15122,0.00015122,16799626924694878,167996269.24694878,boundary probe
S4,S4,Idealized 113/114 cap-derived geometric schedule,254100000,14989,0.00014989,16799626924710000,167996269.24710000,boundary probe
S4,S4,Idealized 113/114 cap-derived geometric schedule,254100001,14989,0.00014989,16799626924724989,167996269.24724989,boundary probe
S4,S4,Idealized 113/114 cap-derived geometric schedule,254309999,14989,0.00014989,16799630072385011,167996300.72385011,boundary probe
S4,S4,Idealized 113/114 cap-derived geometric schedule,254310000,14857,0.00014857,16799630072400000,167996300.72400000,boundary probe
S4,S4,Idealized 113/114 cap-derived geometric schedule,254310001,14857,0.00014857,16799630072414857,167996300.72414857,boundary probe
S4,S4,Idealized 113/114 cap-derived geometric schedule,254519999,14857,0.00014857,16799633192355143,167996331.92355143,boundary probe
S4,S4,Idealized 113/114 cap-derived geometric schedule,254520000,14726,0.00014726,16799633192370000,167996331.92370000,boundary probe
S4,S4,Idealized 113/114 cap-derived geometric schedule,254520001,14726,0.00014726,16799633192384726,167996331.92384726,boundary probe
S4,S4,Idealized 113/114 cap-derived geometric schedule,254729999,14726,0.00014726,16799636284815274,167996362.84815274,boundary probe
S4,S4,Idealized 113/114 cap-derived geometric schedule,254730000,14596,0.00014596,16799636284830000,167996362.84830000,boundary probe
S4,S4,Idealized 113/114 cap-derived geometric schedule,254730001,14596,0.00014596,16799636284844596,167996362.84844596,boundary probe
S4,S4,Idealized 113/114 cap-derived geometric schedule,254939999,14596,0.00014596,16799639349975404,167996393.49975404,boundary probe
S4,S4,Idealized 113/114 cap-derived geometric schedule,254940000,14467,0.00014467,16799639349990000,167996393.49990000,boundary probe
S4,S4,Idealized 113/114 cap-derived geometric schedule,254940001,14467,0.00014467,16799639350004467,167996393.50004467,boundary probe
S4,S4,Idealized 113/114 cap-derived geometric schedule,255149999,14467,0.00014467,16799642388045533,167996423.88045533,boundary probe
S4,S4,Idealized 113/114 cap-derived geometric schedule,255150000,14340,0.00014340,16799642388060000,167996423.88060000,boundary probe
S4,S4,Idealized 113/114 cap-derived geometric schedule,255150001,14340,0.00014340,16799642388074340,167996423.88074340,boundary probe
S4,S4,Idealized 113/114 cap-derived geometric schedule,255359999,14340,0.00014340,16799645399445660,167996453.99445660,boundary probe
S4,S4,Idealized 113/114 cap-derived geometric schedule,255360000,14214,0.00014214,16799645399460000,167996453.99460000,boundary probe
S4,S4,Idealized 113/114 cap-derived geometric schedule,255360001,14214,0.00014214,16799645399474214,167996453.99474214,boundary probe
S4,S4,Idealized 113/114 cap-derived geometric schedule,255569999,14214,0.00014214,16799648384385786,167996483.84385786,boundary probe
S4,S4,Idealized 113/114 cap-derived geometric schedule,255570000,14089,0.00014089,16799648384400000,167996483.84400000,boundary probe
S4,S4,Idealized 113/114 cap-derived geometric schedule,255570001,14089,0.00014089,16799648384414089,167996483.84414089,boundary probe
S4,S4,Idealized 113/114 cap-derived geometric schedule,255779999,14089,0.00014089,16799651343075911,167996513.43075911,boundary probe
S4,S4,Idealized 113/114 cap-derived geometric schedule,255780000,13965,0.00013965,16799651343090000,167996513.43090000,boundary probe
S4,S4,Idealized 113/114 cap-derived geometric schedule,255780001,13965,0.00013965,16799651343103965,167996513.43103965,boundary probe
S4,S4,Idealized 113/114 cap-derived geometric schedule,255989999,13965,0.00013965,16799654275726035,167996542.75726035,boundary probe
S4,S4,Idealized 113/114 cap-derived geometric schedule,255990000,13842,0.00013842,16799654275740000,167996542.75740000,boundary probe
S4,S4,Idealized 113/114 cap-derived geometric schedule,255990001,13842,0.00013842,16799654275753842,167996542.75753842,boundary probe
S4,S4,Idealized 113/114 cap-derived geometric schedule,256199999,13842,0.00013842,16799657182546158,167996571.82546158,boundary probe
S4,S4,Idealized 113/114 cap-derived geometric schedule,256200000,13720,0.00013720,16799657182560000,167996571.82560000,boundary probe
S4,S4,Idealized 113/114 cap-derived geometric schedule,256200001,13720,0.00013720,16799657182573720,167996571.82573720,boundary probe
S4,S4,Idealized 113/114 cap-derived geometric schedule,256409999,13720,0.00013720,16799660063746280,167996600.63746280,boundary probe
S4,S4,Idealized 113/114 cap-derived geometric schedule,256410000,13599,0.00013599,16799660063760000,167996600.63760000,boundary probe
S4,S4,Idealized 113/114 cap-derived geometric schedule,256410001,13599,0.00013599,16799660063773599,167996600.63773599,boundary probe
S4,S4,Idealized 113/114 cap-derived geometric schedule,256619999,13599,0.00013599,16799662919536401,167996629.19536401,boundary probe
S4,S4,Idealized 113/114 cap-derived geometric schedule,256620000,13479,0.00013479,16799662919550000,167996629.19550000,boundary probe
S4,S4,Idealized 113/114 cap-derived geometric schedule,256620001,13479,0.00013479,16799662919563479,167996629.19563479,boundary probe
S4,S4,Idealized 113/114 cap-derived geometric schedule,256829999,13479,0.00013479,16799665750126521,167996657.50126521,boundary probe
S4,S4,Idealized 113/114 cap-derived geometric schedule,256830000,13360,0.00013360,16799665750140000,167996657.50140000,boundary probe
S4,S4,Idealized 113/114 cap-derived geometric schedule,256830001,13360,0.00013360,16799665750153360,167996657.50153360,boundary probe
S4,S4,Idealized 113/114 cap-derived geometric schedule,257039999,13360,0.00013360,16799668555726640,167996685.55726640,boundary probe
S4,S4,Idealized 113/114 cap-derived geometric schedule,257040000,13242,0.00013242,16799668555740000,167996685.55740000,boundary probe
S4,S4,Idealized 113/114 cap-derived geometric schedule,257040001,13242,0.00013242,16799668555753242,167996685.55753242,boundary probe
S4,S4,Idealized 113/114 cap-derived geometric schedule,257249999,13242,0.00013242,16799671336546758,167996713.36546758,boundary probe
S4,S4,Idealized 113/114 cap-derived geometric schedule,257250000,13125,0.00013125,16799671336560000,167996713.36560000,boundary probe
S4,S4,Idealized 113/114 cap-derived geometric schedule,257250001,13125,0.00013125,16799671336573125,167996713.36573125,boundary probe
S4,S4,Idealized 113/114 cap-derived geometric schedule,257459999,13125,0.00013125,16799674092796875,167996740.92796875,boundary probe
S4,S4,Idealized 113/114 cap-derived geometric schedule,257460000,13009,0.00013009,16799674092810000,167996740.92810000,boundary probe
S4,S4,Idealized 113/114 cap-derived geometric schedule,257460001,13009,0.00013009,16799674092823009,167996740.92823009,boundary probe
S4,S4,Idealized 113/114 cap-derived geometric schedule,257669999,13009,0.00013009,16799676824686991,167996768.24686991,boundary probe
S4,S4,Idealized 113/114 cap-derived geometric schedule,257670000,12894,0.00012894,16799676824700000,167996768.24700000,boundary probe
S4,S4,Idealized 113/114 cap-derived geometric schedule,257670001,12894,0.00012894,16799676824712894,167996768.24712894,boundary probe
S4,S4,Idealized 113/114 cap-derived geometric schedule,257879999,12894,0.00012894,16799679532427106,167996795.32427106,boundary probe
S4,S4,Idealized 113/114 cap-derived geometric schedule,257880000,12780,0.00012780,16799679532440000,167996795.32440000,boundary probe
S4,S4,Idealized 113/114 cap-derived geometric schedule,257880001,12780,0.00012780,16799679532452780,167996795.32452780,boundary probe
S4,S4,Idealized 113/114 cap-derived geometric schedule,258089999,12780,0.00012780,16799682216227220,167996822.16227220,boundary probe
S4,S4,Idealized 113/114 cap-derived geometric schedule,258090000,12667,0.00012667,16799682216240000,167996822.16240000,boundary probe
S4,S4,Idealized 113/114 cap-derived geometric schedule,258090001,12667,0.00012667,16799682216252667,167996822.16252667,boundary probe
S4,S4,Idealized 113/114 cap-derived geometric schedule,258299999,12667,0.00012667,16799684876297333,167996848.76297333,boundary probe
S4,S4,Idealized 113/114 cap-derived geometric schedule,258300000,12555,0.00012555,16799684876310000,167996848.76310000,boundary probe
S4,S4,Idealized 113/114 cap-derived geometric schedule,258300001,12555,0.00012555,16799684876322555,167996848.76322555,boundary probe
S4,S4,Idealized 113/114 cap-derived geometric schedule,258509999,12555,0.00012555,16799687512847445,167996875.12847445,boundary probe
S4,S4,Idealized 113/114 cap-derived geometric schedule,258510000,12444,0.00012444,16799687512860000,167996875.12860000,boundary probe
S4,S4,Idealized 113/114 cap-derived geometric schedule,258510001,12444,0.00012444,16799687512872444,167996875.12872444,boundary probe
S4,S4,Idealized 113/114 cap-derived geometric schedule,258719999,12444,0.00012444,16799690126087556,167996901.26087556,boundary probe
S4,S4,Idealized 113/114 cap-derived geometric schedule,258720000,12334,0.00012334,16799690126100000,167996901.26100000,boundary probe
S4,S4,Idealized 113/114 cap-derived geometric schedule,258720001,12334,0.00012334,16799690126112334,167996901.26112334,boundary probe
S4,S4,Idealized 113/114 cap-derived geometric schedule,258929999,12334,0.00012334,16799692716227666,167996927.16227666,boundary probe
S4,S4,Idealized 113/114 cap-derived geometric schedule,258930000,12225,0.00012225,16799692716240000,167996927.16240000,boundary probe
S4,S4,Idealized 113/114 cap-derived geometric schedule,258930001,12225,0.00012225,16799692716252225,167996927.16252225,boundary probe
S4,S4,Idealized 113/114 cap-derived geometric schedule,259139999,12225,0.00012225,16799695283477775,167996952.83477775,boundary probe
S4,S4,Idealized 113/114 cap-derived geometric schedule,259140000,12117,0.00012117,16799695283490000,167996952.83490000,boundary probe
S4,S4,Idealized 113/114 cap-derived geometric schedule,259140001,12117,0.00012117,16799695283502117,167996952.83502117,boundary probe
S4,S4,Idealized 113/114 cap-derived geometric schedule,259349999,12117,0.00012117,16799697828047883,167996978.28047883,boundary probe
S4,S4,Idealized 113/114 cap-derived geometric schedule,259350000,12010,0.00012010,16799697828060000,167996978.28060000,boundary probe
S4,S4,Idealized 113/114 cap-derived geometric schedule,259350001,12010,0.00012010,16799697828072010,167996978.28072010,boundary probe
S4,S4,Idealized 113/114 cap-derived geometric schedule,259559999,12010,0.00012010,16799700350147990,167997003.50147990,boundary probe
S4,S4,Idealized 113/114 cap-derived geometric schedule,259560000,11904,0.00011904,16799700350160000,167997003.50160000,boundary probe
S4,S4,Idealized 113/114 cap-derived geometric schedule,259560001,11904,0.00011904,16799700350171904,167997003.50171904,boundary probe
S4,S4,Idealized 113/114 cap-derived geometric schedule,259769999,11904,0.00011904,16799702849988096,167997028.49988096,boundary probe
S4,S4,Idealized 113/114 cap-derived geometric schedule,259770000,11799,0.00011799,16799702850000000,167997028.50000000,boundary probe
S4,S4,Idealized 113/114 cap-derived geometric schedule,259770001,11799,0.00011799,16799702850011799,167997028.50011799,boundary probe
S4,S4,Idealized 113/114 cap-derived geometric schedule,259979999,11799,0.00011799,16799705327778201,167997053.27778201,boundary probe
S4,S4,Idealized 113/114 cap-derived geometric schedule,259980000,11695,0.00011695,16799705327790000,167997053.27790000,boundary probe
S4,S4,Idealized 113/114 cap-derived geometric schedule,259980001,11695,0.00011695,16799705327801695,167997053.27801695,boundary probe
S4,S4,Idealized 113/114 cap-derived geometric schedule,260189999,11695,0.00011695,16799707783728305,167997077.83728305,boundary probe
S4,S4,Idealized 113/114 cap-derived geometric schedule,260190000,11592,0.00011592,16799707783740000,167997077.83740000,boundary probe
S4,S4,Idealized 113/114 cap-derived geometric schedule,260190001,11592,0.00011592,16799707783751592,167997077.83751592,boundary probe
S4,S4,Idealized 113/114 cap-derived geometric schedule,260399999,11592,0.00011592,16799710218048408,167997102.18048408,boundary probe
S4,S4,Idealized 113/114 cap-derived geometric schedule,260400000,11490,0.00011490,16799710218060000,167997102.18060000,boundary probe
S4,S4,Idealized 113/114 cap-derived geometric schedule,260400001,11490,0.00011490,16799710218071490,167997102.18071490,boundary probe
S4,S4,Idealized 113/114 cap-derived geometric schedule,260609999,11490,0.00011490,16799712630948510,167997126.30948510,boundary probe
S4,S4,Idealized 113/114 cap-derived geometric schedule,260610000,11389,0.00011389,16799712630960000,167997126.30960000,boundary probe
S4,S4,Idealized 113/114 cap-derived geometric schedule,260610001,11389,0.00011389,16799712630971389,167997126.30971389,boundary probe
S4,S4,Idealized 113/114 cap-derived geometric schedule,260819999,11389,0.00011389,16799715022638611,167997150.22638611,boundary probe
S4,S4,Idealized 113/114 cap-derived geometric schedule,260820000,11289,0.00011289,16799715022650000,167997150.22650000,boundary probe
S4,S4,Idealized 113/114 cap-derived geometric schedule,260820001,11289,0.00011289,16799715022661289,167997150.22661289,boundary probe
S4,S4,Idealized 113/114 cap-derived geometric schedule,261029999,11289,0.00011289,16799717393328711,167997173.93328711,boundary probe
S4,S4,Idealized 113/114 cap-derived geometric schedule,261030000,11189,0.00011189,16799717393340000,167997173.93340000,boundary probe
S4,S4,Idealized 113/114 cap-derived geometric schedule,261030001,11189,0.00011189,16799717393351189,167997173.93351189,boundary probe
S4,S4,Idealized 113/114 cap-derived geometric schedule,261239999,11189,0.00011189,16799719743018811,167997197.43018811,boundary probe
S4,S4,Idealized 113/114 cap-derived geometric schedule,261240000,11090,0.00011090,16799719743030000,167997197.43030000,boundary probe
S4,S4,Idealized 113/114 cap-derived geometric schedule,261240001,11090,0.00011090,16799719743041090,167997197.43041090,boundary probe
S4,S4,Idealized 113/114 cap-derived geometric schedule,261449999,11090,0.00011090,16799722071918910,167997220.71918910,boundary probe
S4,S4,Idealized 113/114 cap-derived geometric schedule,261450000,10992,0.00010992,16799722071930000,167997220.71930000,boundary probe
S4,S4,Idealized 113/114 cap-derived geometric schedule,261450001,10992,0.00010992,16799722071940992,167997220.71940992,boundary probe
S4,S4,Idealized 113/114 cap-derived geometric schedule,261659999,10992,0.00010992,16799724380239008,167997243.80239008,boundary probe
S4,S4,Idealized 113/114 cap-derived geometric schedule,261660000,10895,0.00010895,16799724380250000,167997243.80250000,boundary probe
S4,S4,Idealized 113/114 cap-derived geometric schedule,261660001,10895,0.00010895,16799724380260895,167997243.80260895,boundary probe
S4,S4,Idealized 113/114 cap-derived geometric schedule,261869999,10895,0.00010895,16799726668189105,167997266.68189105,boundary probe
S4,S4,Idealized 113/114 cap-derived geometric schedule,261870000,10799,0.00010799,16799726668200000,167997266.68200000,boundary probe
S4,S4,Idealized 113/114 cap-derived geometric schedule,261870001,10799,0.00010799,16799726668210799,167997266.68210799,boundary probe
S4,S4,Idealized 113/114 cap-derived geometric schedule,262079999,10799,0.00010799,16799728935979201,167997289.35979201,boundary probe
S4,S4,Idealized 113/114 cap-derived geometric schedule,262080000,10704,0.00010704,16799728935990000,167997289.35990000,boundary probe
S4,S4,Idealized 113/114 cap-derived geometric schedule,262080001,10704,0.00010704,16799728936000704,167997289.36000704,boundary probe
S4,S4,Idealized 113/114 cap-derived geometric schedule,262289999,10704,0.00010704,16799731183819296,167997311.83819296,boundary probe
S4,S4,Idealized 113/114 cap-derived geometric schedule,262290000,10610,0.00010610,16799731183830000,167997311.83830000,boundary probe
S4,S4,Idealized 113/114 cap-derived geometric schedule,262290001,10610,0.00010610,16799731183840610,167997311.83840610,boundary probe
S4,S4,Idealized 113/114 cap-derived geometric schedule,262499999,10610,0.00010610,16799733411919390,167997334.11919390,boundary probe
S4,S4,Idealized 113/114 cap-derived geometric schedule,262500000,10516,0.00010516,16799733411930000,167997334.11930000,boundary probe
S4,S4,Idealized 113/114 cap-derived geometric schedule,262500001,10516,0.00010516,16799733411940516,167997334.11940516,boundary probe
S4,S4,Idealized 113/114 cap-derived geometric schedule,262709999,10516,0.00010516,16799735620279484,167997356.20279484,boundary probe
S4,S4,Idealized 113/114 cap-derived geometric schedule,262710000,10423,0.00010423,16799735620290000,167997356.20290000,boundary probe
S4,S4,Idealized 113/114 cap-derived geometric schedule,262710001,10423,0.00010423,16799735620300423,167997356.20300423,boundary probe
S4,S4,Idealized 113/114 cap-derived geometric schedule,262919999,10423,0.00010423,16799737809109577,167997378.09109577,boundary probe
S4,S4,Idealized 113/114 cap-derived geometric schedule,262920000,10331,0.00010331,16799737809120000,167997378.09120000,boundary probe
S4,S4,Idealized 113/114 cap-derived geometric schedule,262920001,10331,0.00010331,16799737809130331,167997378.09130331,boundary probe
S4,S4,Idealized 113/114 cap-derived geometric schedule,263129999,10331,0.00010331,16799739978619669,167997399.78619669,boundary probe
S4,S4,Idealized 113/114 cap-derived geometric schedule,263130000,10240,0.00010240,16799739978630000,167997399.78630000,boundary probe
S4,S4,Idealized 113/114 cap-derived geometric schedule,263130001,10240,0.00010240,16799739978640240,167997399.78640240,boundary probe
S4,S4,Idealized 113/114 cap-derived geometric schedule,263339999,10240,0.00010240,16799742129019760,167997421.29019760,boundary probe
S4,S4,Idealized 113/114 cap-derived geometric schedule,263340000,10150,0.00010150,16799742129030000,167997421.29030000,boundary probe
S4,S4,Idealized 113/114 cap-derived geometric schedule,263340001,10150,0.00010150,16799742129040150,167997421.29040150,boundary probe
S4,S4,Idealized 113/114 cap-derived geometric schedule,263549999,10150,0.00010150,16799744260519850,167997442.60519850,boundary probe
S4,S4,Idealized 113/114 cap-derived geometric schedule,263550000,10060,0.00010060,16799744260530000,167997442.60530000,boundary probe
S4,S4,Idealized 113/114 cap-derived geometric schedule,263550001,10060,0.00010060,16799744260540060,167997442.60540060,boundary probe
S4,S4,Idealized 113/114 cap-derived geometric schedule,263759999,10060,0.00010060,16799746373119940,167997463.73119940,boundary probe
S4,S4,Idealized 113/114 cap-derived geometric schedule,263760000,9971,0.00009971,16799746373130000,167997463.73130000,boundary probe
S4,S4,Idealized 113/114 cap-derived geometric schedule,263760001,9971,0.00009971,16799746373139971,167997463.73139971,boundary probe
S4,S4,Idealized 113/114 cap-derived geometric schedule,263969999,9971,0.00009971,16799748467030029,167997484.67030029,boundary probe
S4,S4,Idealized 113/114 cap-derived geometric schedule,263970000,9883,0.00009883,16799748467040000,167997484.67040000,boundary probe
S4,S4,Idealized 113/114 cap-derived geometric schedule,263970001,9883,0.00009883,16799748467049883,167997484.67049883,boundary probe
S4,S4,Idealized 113/114 cap-derived geometric schedule,264179999,9883,0.00009883,16799750542460117,167997505.42460117,boundary probe
S4,S4,Idealized 113/114 cap-derived geometric schedule,264180000,9796,0.00009796,16799750542470000,167997505.42470000,boundary probe
S4,S4,Idealized 113/114 cap-derived geometric schedule,264180001,9796,0.00009796,16799750542479796,167997505.42479796,boundary probe
S4,S4,Idealized 113/114 cap-derived geometric schedule,264389999,9796,0.00009796,16799752599620204,167997525.99620204,boundary probe
S4,S4,Idealized 113/114 cap-derived geometric schedule,264390000,9710,0.00009710,16799752599630000,167997525.99630000,boundary probe
S4,S4,Idealized 113/114 cap-derived geometric schedule,264390001,9710,0.00009710,16799752599639710,167997525.99639710,boundary probe
S4,S4,Idealized 113/114 cap-derived geometric schedule,264599999,9710,0.00009710,16799754638720290,167997546.38720290,boundary probe
S4,S4,Idealized 113/114 cap-derived geometric schedule,264600000,9624,0.00009624,16799754638730000,167997546.38730000,boundary probe
S4,S4,Idealized 113/114 cap-derived geometric schedule,264600001,9624,0.00009624,16799754638739624,167997546.38739624,boundary probe
S4,S4,Idealized 113/114 cap-derived geometric schedule,264809999,9624,0.00009624,16799756659760376,167997566.59760376,boundary probe
S4,S4,Idealized 113/114 cap-derived geometric schedule,264810000,9539,0.00009539,16799756659770000,167997566.59770000,boundary probe
S4,S4,Idealized 113/114 cap-derived geometric schedule,264810001,9539,0.00009539,16799756659779539,167997566.59779539,boundary probe
S4,S4,Idealized 113/114 cap-derived geometric schedule,265019999,9539,0.00009539,16799758662950461,167997586.62950461,boundary probe
S4,S4,Idealized 113/114 cap-derived geometric schedule,265020000,9455,0.00009455,16799758662960000,167997586.62960000,boundary probe
S4,S4,Idealized 113/114 cap-derived geometric schedule,265020001,9455,0.00009455,16799758662969455,167997586.62969455,boundary probe
S4,S4,Idealized 113/114 cap-derived geometric schedule,265229999,9455,0.00009455,16799760648500545,167997606.48500545,boundary probe
S4,S4,Idealized 113/114 cap-derived geometric schedule,265230000,9372,0.00009372,16799760648510000,167997606.48510000,boundary probe
S4,S4,Idealized 113/114 cap-derived geometric schedule,265230001,9372,0.00009372,16799760648519372,167997606.48519372,boundary probe
S4,S4,Idealized 113/114 cap-derived geometric schedule,265439999,9372,0.00009372,16799762616620628,167997626.16620628,boundary probe
S4,S4,Idealized 113/114 cap-derived geometric schedule,265440000,9289,0.00009289,16799762616630000,167997626.16630000,boundary probe
S4,S4,Idealized 113/114 cap-derived geometric schedule,265440001,9289,0.00009289,16799762616639289,167997626.16639289,boundary probe
S4,S4,Idealized 113/114 cap-derived geometric schedule,265649999,9289,0.00009289,16799764567310711,167997645.67310711,boundary probe
S4,S4,Idealized 113/114 cap-derived geometric schedule,265650000,9207,0.00009207,16799764567320000,167997645.67320000,boundary probe
S4,S4,Idealized 113/114 cap-derived geometric schedule,265650001,9207,0.00009207,16799764567329207,167997645.67329207,boundary probe
S4,S4,Idealized 113/114 cap-derived geometric schedule,265859999,9207,0.00009207,16799766500780793,167997665.00780793,boundary probe
S4,S4,Idealized 113/114 cap-derived geometric schedule,265860000,9126,0.00009126,16799766500790000,167997665.00790000,boundary probe
S4,S4,Idealized 113/114 cap-derived geometric schedule,265860001,9126,0.00009126,16799766500799126,167997665.00799126,boundary probe
S4,S4,Idealized 113/114 cap-derived geometric schedule,266069999,9126,0.00009126,16799768417240874,167997684.17240874,boundary probe
S4,S4,Idealized 113/114 cap-derived geometric schedule,266070000,9045,0.00009045,16799768417250000,167997684.17250000,boundary probe
S4,S4,Idealized 113/114 cap-derived geometric schedule,266070001,9045,0.00009045,16799768417259045,167997684.17259045,boundary probe
S4,S4,Idealized 113/114 cap-derived geometric schedule,266279999,9045,0.00009045,16799770316690955,167997703.16690955,boundary probe
S4,S4,Idealized 113/114 cap-derived geometric schedule,266280000,8965,0.00008965,16799770316700000,167997703.16700000,boundary probe
S4,S4,Idealized 113/114 cap-derived geometric schedule,266280001,8965,0.00008965,16799770316708965,167997703.16708965,boundary probe
S4,S4,Idealized 113/114 cap-derived geometric schedule,266489999,8965,0.00008965,16799772199341035,167997721.99341035,boundary probe
S4,S4,Idealized 113/114 cap-derived geometric schedule,266490000,8886,0.00008886,16799772199350000,167997721.99350000,boundary probe
S4,S4,Idealized 113/114 cap-derived geometric schedule,266490001,8886,0.00008886,16799772199358886,167997721.99358886,boundary probe
S4,S4,Idealized 113/114 cap-derived geometric schedule,266699999,8886,0.00008886,16799774065401114,167997740.65401114,boundary probe
S4,S4,Idealized 113/114 cap-derived geometric schedule,266700000,8808,0.00008808,16799774065410000,167997740.65410000,boundary probe
S4,S4,Idealized 113/114 cap-derived geometric schedule,266700001,8808,0.00008808,16799774065418808,167997740.65418808,boundary probe
S4,S4,Idealized 113/114 cap-derived geometric schedule,266909999,8808,0.00008808,16799775915081192,167997759.15081192,boundary probe
S4,S4,Idealized 113/114 cap-derived geometric schedule,266910000,8730,0.00008730,16799775915090000,167997759.15090000,boundary probe
S4,S4,Idealized 113/114 cap-derived geometric schedule,266910001,8730,0.00008730,16799775915098730,167997759.15098730,boundary probe
S4,S4,Idealized 113/114 cap-derived geometric schedule,267119999,8730,0.00008730,16799777748381270,167997777.48381270,boundary probe
S4,S4,Idealized 113/114 cap-derived geometric schedule,267120000,8653,0.00008653,16799777748390000,167997777.48390000,boundary probe
S4,S4,Idealized 113/114 cap-derived geometric schedule,267120001,8653,0.00008653,16799777748398653,167997777.48398653,boundary probe
S4,S4,Idealized 113/114 cap-derived geometric schedule,267329999,8653,0.00008653,16799779565511347,167997795.65511347,boundary probe
S4,S4,Idealized 113/114 cap-derived geometric schedule,267330000,8577,0.00008577,16799779565520000,167997795.65520000,boundary probe
S4,S4,Idealized 113/114 cap-derived geometric schedule,267330001,8577,0.00008577,16799779565528577,167997795.65528577,boundary probe
S4,S4,Idealized 113/114 cap-derived geometric schedule,267539999,8577,0.00008577,16799781366681423,167997813.66681423,boundary probe
S4,S4,Idealized 113/114 cap-derived geometric schedule,267540000,8501,0.00008501,16799781366690000,167997813.66690000,boundary probe
S4,S4,Idealized 113/114 cap-derived geometric schedule,267540001,8501,0.00008501,16799781366698501,167997813.66698501,boundary probe
S4,S4,Idealized 113/114 cap-derived geometric schedule,267749999,8501,0.00008501,16799783151891499,167997831.51891499,boundary probe
S4,S4,Idealized 113/114 cap-derived geometric schedule,267750000,8426,0.00008426,16799783151900000,167997831.51900000,boundary probe
S4,S4,Idealized 113/114 cap-derived geometric schedule,267750001,8426,0.00008426,16799783151908426,167997831.51908426,boundary probe
S4,S4,Idealized 113/114 cap-derived geometric schedule,267959999,8426,0.00008426,16799784921351574,167997849.21351574,boundary probe
S4,S4,Idealized 113/114 cap-derived geometric schedule,267960000,8352,0.00008352,16799784921360000,167997849.21360000,boundary probe
S4,S4,Idealized 113/114 cap-derived geometric schedule,267960001,8352,0.00008352,16799784921368352,167997849.21368352,boundary probe
S4,S4,Idealized 113/114 cap-derived geometric schedule,268169999,8352,0.00008352,16799786675271648,167997866.75271648,boundary probe
S4,S4,Idealized 113/114 cap-derived geometric schedule,268170000,8278,0.00008278,16799786675280000,167997866.75280000,boundary probe
S4,S4,Idealized 113/114 cap-derived geometric schedule,268170001,8278,0.00008278,16799786675288278,167997866.75288278,boundary probe
S4,S4,Idealized 113/114 cap-derived geometric schedule,268379999,8278,0.00008278,16799788413651722,167997884.13651722,boundary probe
S4,S4,Idealized 113/114 cap-derived geometric schedule,268380000,8205,0.00008205,16799788413660000,167997884.13660000,boundary probe
S4,S4,Idealized 113/114 cap-derived geometric schedule,268380001,8205,0.00008205,16799788413668205,167997884.13668205,boundary probe
S4,S4,Idealized 113/114 cap-derived geometric schedule,268589999,8205,0.00008205,16799790136701795,167997901.36701795,boundary probe
S4,S4,Idealized 113/114 cap-derived geometric schedule,268590000,8133,0.00008133,16799790136710000,167997901.36710000,boundary probe
S4,S4,Idealized 113/114 cap-derived geometric schedule,268590001,8133,0.00008133,16799790136718133,167997901.36718133,boundary probe
S4,S4,Idealized 113/114 cap-derived geometric schedule,268799999,8133,0.00008133,16799791844631867,167997918.44631867,boundary probe
S4,S4,Idealized 113/114 cap-derived geometric schedule,268800000,8061,0.00008061,16799791844640000,167997918.44640000,boundary probe
S4,S4,Idealized 113/114 cap-derived geometric schedule,268800001,8061,0.00008061,16799791844648061,167997918.44648061,boundary probe
S4,S4,Idealized 113/114 cap-derived geometric schedule,269009999,8061,0.00008061,16799793537441939,167997935.37441939,boundary probe
S4,S4,Idealized 113/114 cap-derived geometric schedule,269010000,7990,0.00007990,16799793537450000,167997935.37450000,boundary probe
S4,S4,Idealized 113/114 cap-derived geometric schedule,269010001,7990,0.00007990,16799793537457990,167997935.37457990,boundary probe
S4,S4,Idealized 113/114 cap-derived geometric schedule,269219999,7990,0.00007990,16799795215342010,167997952.15342010,boundary probe
S4,S4,Idealized 113/114 cap-derived geometric schedule,269220000,7919,0.00007919,16799795215350000,167997952.15350000,boundary probe
S4,S4,Idealized 113/114 cap-derived geometric schedule,269220001,7919,0.00007919,16799795215357919,167997952.15357919,boundary probe
S4,S4,Idealized 113/114 cap-derived geometric schedule,269429999,7919,0.00007919,16799796878332081,167997968.78332081,boundary probe
S4,S4,Idealized 113/114 cap-derived geometric schedule,269430000,7849,0.00007849,16799796878340000,167997968.78340000,boundary probe
S4,S4,Idealized 113/114 cap-derived geometric schedule,269430001,7849,0.00007849,16799796878347849,167997968.78347849,boundary probe
S4,S4,Idealized 113/114 cap-derived geometric schedule,269639999,7849,0.00007849,16799798526622151,167997985.26622151,boundary probe
S4,S4,Idealized 113/114 cap-derived geometric schedule,269640000,7780,0.00007780,16799798526630000,167997985.26630000,boundary probe
S4,S4,Idealized 113/114 cap-derived geometric schedule,269640001,7780,0.00007780,16799798526637780,167997985.26637780,boundary probe
S4,S4,Idealized 113/114 cap-derived geometric schedule,269849999,7780,0.00007780,16799800160422220,167998001.60422220,boundary probe
S4,S4,Idealized 113/114 cap-derived geometric schedule,269850000,7711,0.00007711,16799800160430000,167998001.60430000,boundary probe
S4,S4,Idealized 113/114 cap-derived geometric schedule,269850001,7711,0.00007711,16799800160437711,167998001.60437711,boundary probe
S4,S4,Idealized 113/114 cap-derived geometric schedule,270059999,7711,0.00007711,16799801779732289,167998017.79732289,boundary probe
S4,S4,Idealized 113/114 cap-derived geometric schedule,270060000,7643,0.00007643,16799801779740000,167998017.79740000,boundary probe
S4,S4,Idealized 113/114 cap-derived geometric schedule,270060001,7643,0.00007643,16799801779747643,167998017.79747643,boundary probe
S4,S4,Idealized 113/114 cap-derived geometric schedule,270269999,7643,0.00007643,16799803384762357,167998033.84762357,boundary probe
S4,S4,Idealized 113/114 cap-derived geometric schedule,270270000,7575,0.00007575,16799803384770000,167998033.84770000,boundary probe
S4,S4,Idealized 113/114 cap-derived geometric schedule,270270001,7575,0.00007575,16799803384777575,167998033.84777575,boundary probe
S4,S4,Idealized 113/114 cap-derived geometric schedule,270479999,7575,0.00007575,16799804975512425,167998049.75512425,boundary probe
S4,S4,Idealized 113/114 cap-derived geometric schedule,270480000,7508,0.00007508,16799804975520000,167998049.75520000,boundary probe
S4,S4,Idealized 113/114 cap-derived geometric schedule,270480001,7508,0.00007508,16799804975527508,167998049.75527508,boundary probe
S4,S4,Idealized 113/114 cap-derived geometric schedule,270689999,7508,0.00007508,16799806552192492,167998065.52192492,boundary probe
S4,S4,Idealized 113/114 cap-derived geometric schedule,270690000,7442,0.00007442,16799806552200000,167998065.52200000,boundary probe
S4,S4,Idealized 113/114 cap-derived geometric schedule,270690001,7442,0.00007442,16799806552207442,167998065.52207442,boundary probe
S4,S4,Idealized 113/114 cap-derived geometric schedule,270899999,7442,0.00007442,16799808115012558,167998081.15012558,boundary probe
S4,S4,Idealized 113/114 cap-derived geometric schedule,270900000,7376,0.00007376,16799808115020000,167998081.15020000,boundary probe
S4,S4,Idealized 113/114 cap-derived geometric schedule,270900001,7376,0.00007376,16799808115027376,167998081.15027376,boundary probe
S4,S4,Idealized 113/114 cap-derived geometric schedule,271109999,7376,0.00007376,16799809663972624,167998096.63972624,boundary probe
S4,S4,Idealized 113/114 cap-derived geometric schedule,271110000,7311,0.00007311,16799809663980000,167998096.63980000,boundary probe
S4,S4,Idealized 113/114 cap-derived geometric schedule,271110001,7311,0.00007311,16799809663987311,167998096.63987311,boundary probe
S4,S4,Idealized 113/114 cap-derived geometric schedule,271319999,7311,0.00007311,16799811199282689,167998111.99282689,boundary probe
S4,S4,Idealized 113/114 cap-derived geometric schedule,271320000,7246,0.00007246,16799811199290000,167998111.99290000,boundary probe
S4,S4,Idealized 113/114 cap-derived geometric schedule,271320001,7246,0.00007246,16799811199297246,167998111.99297246,boundary probe
S4,S4,Idealized 113/114 cap-derived geometric schedule,271529999,7246,0.00007246,16799812720942754,167998127.20942754,boundary probe
S4,S4,Idealized 113/114 cap-derived geometric schedule,271530000,7182,0.00007182,16799812720950000,167998127.20950000,boundary probe
S4,S4,Idealized 113/114 cap-derived geometric schedule,271530001,7182,0.00007182,16799812720957182,167998127.20957182,boundary probe
S4,S4,Idealized 113/114 cap-derived geometric schedule,271739999,7182,0.00007182,16799814229162818,167998142.29162818,boundary probe
S4,S4,Idealized 113/114 cap-derived geometric schedule,271740000,7119,0.00007119,16799814229170000,167998142.29170000,boundary probe
S4,S4,Idealized 113/114 cap-derived geometric schedule,271740001,7119,0.00007119,16799814229177119,167998142.29177119,boundary probe
S4,S4,Idealized 113/114 cap-derived geometric schedule,271949999,7119,0.00007119,16799815724152881,167998157.24152881,boundary probe
S4,S4,Idealized 113/114 cap-derived geometric schedule,271950000,7056,0.00007056,16799815724160000,167998157.24160000,boundary probe
S4,S4,Idealized 113/114 cap-derived geometric schedule,271950001,7056,0.00007056,16799815724167056,167998157.24167056,boundary probe
S4,S4,Idealized 113/114 cap-derived geometric schedule,272159999,7056,0.00007056,16799817205912944,167998172.05912944,boundary probe
S4,S4,Idealized 113/114 cap-derived geometric schedule,272160000,6994,0.00006994,16799817205920000,167998172.05920000,boundary probe
S4,S4,Idealized 113/114 cap-derived geometric schedule,272160001,6994,0.00006994,16799817205926994,167998172.05926994,boundary probe
S4,S4,Idealized 113/114 cap-derived geometric schedule,272369999,6994,0.00006994,16799818674653006,167998186.74653006,boundary probe
S4,S4,Idealized 113/114 cap-derived geometric schedule,272370000,6932,0.00006932,16799818674660000,167998186.74660000,boundary probe
S4,S4,Idealized 113/114 cap-derived geometric schedule,272370001,6932,0.00006932,16799818674666932,167998186.74666932,boundary probe
S4,S4,Idealized 113/114 cap-derived geometric schedule,272579999,6932,0.00006932,16799820130373068,167998201.30373068,boundary probe
S4,S4,Idealized 113/114 cap-derived geometric schedule,272580000,6871,0.00006871,16799820130380000,167998201.30380000,boundary probe
S4,S4,Idealized 113/114 cap-derived geometric schedule,272580001,6871,0.00006871,16799820130386871,167998201.30386871,boundary probe
S4,S4,Idealized 113/114 cap-derived geometric schedule,272789999,6871,0.00006871,16799821573283129,167998215.73283129,boundary probe
S4,S4,Idealized 113/114 cap-derived geometric schedule,272790000,6810,0.00006810,16799821573290000,167998215.73290000,boundary probe
S4,S4,Idealized 113/114 cap-derived geometric schedule,272790001,6810,0.00006810,16799821573296810,167998215.73296810,boundary probe
S4,S4,Idealized 113/114 cap-derived geometric schedule,272999999,6810,0.00006810,16799823003383190,167998230.03383190,boundary probe
S4,S4,Idealized 113/114 cap-derived geometric schedule,273000000,6750,0.00006750,16799823003390000,167998230.03390000,boundary probe
S4,S4,Idealized 113/114 cap-derived geometric schedule,273000001,6750,0.00006750,16799823003396750,167998230.03396750,boundary probe
S4,S4,Idealized 113/114 cap-derived geometric schedule,273209999,6750,0.00006750,16799824420883250,167998244.20883250,boundary probe
S4,S4,Idealized 113/114 cap-derived geometric schedule,273210000,6690,0.00006690,16799824420890000,167998244.20890000,boundary probe
S4,S4,Idealized 113/114 cap-derived geometric schedule,273210001,6690,0.00006690,16799824420896690,167998244.20896690,boundary probe
S4,S4,Idealized 113/114 cap-derived geometric schedule,273419999,6690,0.00006690,16799825825783310,167998258.25783310,boundary probe
S4,S4,Idealized 113/114 cap-derived geometric schedule,273420000,6631,0.00006631,16799825825790000,167998258.25790000,boundary probe
S4,S4,Idealized 113/114 cap-derived geometric schedule,273420001,6631,0.00006631,16799825825796631,167998258.25796631,boundary probe
S4,S4,Idealized 113/114 cap-derived geometric schedule,273629999,6631,0.00006631,16799827218293369,167998272.18293369,boundary probe
S4,S4,Idealized 113/114 cap-derived geometric schedule,273630000,6572,0.00006572,16799827218300000,167998272.18300000,boundary probe
S4,S4,Idealized 113/114 cap-derived geometric schedule,273630001,6572,0.00006572,16799827218306572,167998272.18306572,boundary probe
S4,S4,Idealized 113/114 cap-derived geometric schedule,273839999,6572,0.00006572,16799828598413428,167998285.98413428,boundary probe
S4,S4,Idealized 113/114 cap-derived geometric schedule,273840000,6514,0.00006514,16799828598420000,167998285.98420000,boundary probe
S4,S4,Idealized 113/114 cap-derived geometric schedule,273840001,6514,0.00006514,16799828598426514,167998285.98426514,boundary probe
S4,S4,Idealized 113/114 cap-derived geometric schedule,274049999,6514,0.00006514,16799829966353486,167998299.66353486,boundary probe
S4,S4,Idealized 113/114 cap-derived geometric schedule,274050000,6456,0.00006456,16799829966360000,167998299.66360000,boundary probe
S4,S4,Idealized 113/114 cap-derived geometric schedule,274050001,6456,0.00006456,16799829966366456,167998299.66366456,boundary probe
S4,S4,Idealized 113/114 cap-derived geometric schedule,274259999,6456,0.00006456,16799831322113544,167998313.22113544,boundary probe
S4,S4,Idealized 113/114 cap-derived geometric schedule,274260000,6399,0.00006399,16799831322120000,167998313.22120000,boundary probe
S4,S4,Idealized 113/114 cap-derived geometric schedule,274260001,6399,0.00006399,16799831322126399,167998313.22126399,boundary probe
S4,S4,Idealized 113/114 cap-derived geometric schedule,274469999,6399,0.00006399,16799832665903601,167998326.65903601,boundary probe
S4,S4,Idealized 113/114 cap-derived geometric schedule,274470000,6342,0.00006342,16799832665910000,167998326.65910000,boundary probe
S4,S4,Idealized 113/114 cap-derived geometric schedule,274470001,6342,0.00006342,16799832665916342,167998326.65916342,boundary probe
S4,S4,Idealized 113/114 cap-derived geometric schedule,274679999,6342,0.00006342,16799833997723658,167998339.97723658,boundary probe
S4,S4,Idealized 113/114 cap-derived geometric schedule,274680000,6286,0.00006286,16799833997730000,167998339.97730000,boundary probe
S4,S4,Idealized 113/114 cap-derived geometric schedule,274680001,6286,0.00006286,16799833997736286,167998339.97736286,boundary probe
S4,S4,Idealized 113/114 cap-derived geometric schedule,274889999,6286,0.00006286,16799835317783714,167998353.17783714,boundary probe
S4,S4,Idealized 113/114 cap-derived geometric schedule,274890000,6230,0.00006230,16799835317790000,167998353.17790000,boundary probe
S4,S4,Idealized 113/114 cap-derived geometric schedule,274890001,6230,0.00006230,16799835317796230,167998353.17796230,boundary probe
S4,S4,Idealized 113/114 cap-derived geometric schedule,275099999,6230,0.00006230,16799836626083770,167998366.26083770,boundary probe
S4,S4,Idealized 113/114 cap-derived geometric schedule,275100000,6175,0.00006175,16799836626090000,167998366.26090000,boundary probe
S4,S4,Idealized 113/114 cap-derived geometric schedule,275100001,6175,0.00006175,16799836626096175,167998366.26096175,boundary probe
S4,S4,Idealized 113/114 cap-derived geometric schedule,275309999,6175,0.00006175,16799837922833825,167998379.22833825,boundary probe
S4,S4,Idealized 113/114 cap-derived geometric schedule,275310000,6120,0.00006120,16799837922840000,167998379.22840000,boundary probe
S4,S4,Idealized 113/114 cap-derived geometric schedule,275310001,6120,0.00006120,16799837922846120,167998379.22846120,boundary probe
S4,S4,Idealized 113/114 cap-derived geometric schedule,275519999,6120,0.00006120,16799839208033880,167998392.08033880,boundary probe
S4,S4,Idealized 113/114 cap-derived geometric schedule,275520000,6066,0.00006066,16799839208040000,167998392.08040000,boundary probe
S4,S4,Idealized 113/114 cap-derived geometric schedule,275520001,6066,0.00006066,16799839208046066,167998392.08046066,boundary probe
S4,S4,Idealized 113/114 cap-derived geometric schedule,275729999,6066,0.00006066,16799840481893934,167998404.81893934,boundary probe
S4,S4,Idealized 113/114 cap-derived geometric schedule,275730000,6012,0.00006012,16799840481900000,167998404.81900000,boundary probe
S4,S4,Idealized 113/114 cap-derived geometric schedule,275730001,6012,0.00006012,16799840481906012,167998404.81906012,boundary probe
S4,S4,Idealized 113/114 cap-derived geometric schedule,275939999,6012,0.00006012,16799841744413988,167998417.44413988,boundary probe
S4,S4,Idealized 113/114 cap-derived geometric schedule,275940000,5959,0.00005959,16799841744420000,167998417.44420000,boundary probe
S4,S4,Idealized 113/114 cap-derived geometric schedule,275940001,5959,0.00005959,16799841744425959,167998417.44425959,boundary probe
S4,S4,Idealized 113/114 cap-derived geometric schedule,276149999,5959,0.00005959,16799842995804041,167998429.95804041,boundary probe
S4,S4,Idealized 113/114 cap-derived geometric schedule,276150000,5906,0.00005906,16799842995810000,167998429.95810000,boundary probe
S4,S4,Idealized 113/114 cap-derived geometric schedule,276150001,5906,0.00005906,16799842995815906,167998429.95815906,boundary probe
S4,S4,Idealized 113/114 cap-derived geometric schedule,276359999,5906,0.00005906,16799844236064094,167998442.36064094,boundary probe
S4,S4,Idealized 113/114 cap-derived geometric schedule,276360000,5854,0.00005854,16799844236070000,167998442.36070000,boundary probe
S4,S4,Idealized 113/114 cap-derived geometric schedule,276360001,5854,0.00005854,16799844236075854,167998442.36075854,boundary probe
S4,S4,Idealized 113/114 cap-derived geometric schedule,276569999,5854,0.00005854,16799845465404146,167998454.65404146,boundary probe
S4,S4,Idealized 113/114 cap-derived geometric schedule,276570000,5802,0.00005802,16799845465410000,167998454.65410000,boundary probe
S4,S4,Idealized 113/114 cap-derived geometric schedule,276570001,5802,0.00005802,16799845465415802,167998454.65415802,boundary probe
S4,S4,Idealized 113/114 cap-derived geometric schedule,276779999,5802,0.00005802,16799846683824198,167998466.83824198,boundary probe
S4,S4,Idealized 113/114 cap-derived geometric schedule,276780000,5751,0.00005751,16799846683830000,167998466.83830000,boundary probe
S4,S4,Idealized 113/114 cap-derived geometric schedule,276780001,5751,0.00005751,16799846683835751,167998466.83835751,boundary probe
S4,S4,Idealized 113/114 cap-derived geometric schedule,276989999,5751,0.00005751,16799847891534249,167998478.91534249,boundary probe
S4,S4,Idealized 113/114 cap-derived geometric schedule,276990000,5700,0.00005700,16799847891540000,167998478.91540000,boundary probe
S4,S4,Idealized 113/114 cap-derived geometric schedule,276990001,5700,0.00005700,16799847891545700,167998478.91545700,boundary probe
S4,S4,Idealized 113/114 cap-derived geometric schedule,277199999,5700,0.00005700,16799849088534300,167998490.88534300,boundary probe
S4,S4,Idealized 113/114 cap-derived geometric schedule,277200000,5650,0.00005650,16799849088540000,167998490.88540000,boundary probe
S4,S4,Idealized 113/114 cap-derived geometric schedule,277200001,5650,0.00005650,16799849088545650,167998490.88545650,boundary probe
S4,S4,Idealized 113/114 cap-derived geometric schedule,277409999,5650,0.00005650,16799850275034350,167998502.75034350,boundary probe
S4,S4,Idealized 113/114 cap-derived geometric schedule,277410000,5600,0.00005600,16799850275040000,167998502.75040000,boundary probe
S4,S4,Idealized 113/114 cap-derived geometric schedule,277410001,5600,0.00005600,16799850275045600,167998502.75045600,boundary probe
S4,S4,Idealized 113/114 cap-derived geometric schedule,277619999,5600,0.00005600,16799851451034400,167998514.51034400,boundary probe
S4,S4,Idealized 113/114 cap-derived geometric schedule,277620000,5550,0.00005550,16799851451040000,167998514.51040000,boundary probe
S4,S4,Idealized 113/114 cap-derived geometric schedule,277620001,5550,0.00005550,16799851451045550,167998514.51045550,boundary probe
S4,S4,Idealized 113/114 cap-derived geometric schedule,277829999,5550,0.00005550,16799852616534450,167998526.16534450,boundary probe
S4,S4,Idealized 113/114 cap-derived geometric schedule,277830000,5501,0.00005501,16799852616540000,167998526.16540000,boundary probe
S4,S4,Idealized 113/114 cap-derived geometric schedule,277830001,5501,0.00005501,16799852616545501,167998526.16545501,boundary probe
S4,S4,Idealized 113/114 cap-derived geometric schedule,278039999,5501,0.00005501,16799853771744499,167998537.71744499,boundary probe
S4,S4,Idealized 113/114 cap-derived geometric schedule,278040000,5452,0.00005452,16799853771750000,167998537.71750000,boundary probe
S4,S4,Idealized 113/114 cap-derived geometric schedule,278040001,5452,0.00005452,16799853771755452,167998537.71755452,boundary probe
S4,S4,Idealized 113/114 cap-derived geometric schedule,278249999,5452,0.00005452,16799854916664548,167998549.16664548,boundary probe
S4,S4,Idealized 113/114 cap-derived geometric schedule,278250000,5404,0.00005404,16799854916670000,167998549.16670000,boundary probe
S4,S4,Idealized 113/114 cap-derived geometric schedule,278250001,5404,0.00005404,16799854916675404,167998549.16675404,boundary probe
S4,S4,Idealized 113/114 cap-derived geometric schedule,278459999,5404,0.00005404,16799856051504596,167998560.51504596,boundary probe
S4,S4,Idealized 113/114 cap-derived geometric schedule,278460000,5356,0.00005356,16799856051510000,167998560.51510000,boundary probe
S4,S4,Idealized 113/114 cap-derived geometric schedule,278460001,5356,0.00005356,16799856051515356,167998560.51515356,boundary probe
S4,S4,Idealized 113/114 cap-derived geometric schedule,278669999,5356,0.00005356,16799857176264644,167998571.76264644,boundary probe
S4,S4,Idealized 113/114 cap-derived geometric schedule,278670000,5309,0.00005309,16799857176270000,167998571.76270000,boundary probe
S4,S4,Idealized 113/114 cap-derived geometric schedule,278670001,5309,0.00005309,16799857176275309,167998571.76275309,boundary probe
S4,S4,Idealized 113/114 cap-derived geometric schedule,278879999,5309,0.00005309,16799858291154691,167998582.91154691,boundary probe
S4,S4,Idealized 113/114 cap-derived geometric schedule,278880000,5262,0.00005262,16799858291160000,167998582.91160000,boundary probe
S4,S4,Idealized 113/114 cap-derived geometric schedule,278880001,5262,0.00005262,16799858291165262,167998582.91165262,boundary probe
S4,S4,Idealized 113/114 cap-derived geometric schedule,279089999,5262,0.00005262,16799859396174738,167998593.96174738,boundary probe
S4,S4,Idealized 113/114 cap-derived geometric schedule,279090000,5215,0.00005215,16799859396180000,167998593.96180000,boundary probe
S4,S4,Idealized 113/114 cap-derived geometric schedule,279090001,5215,0.00005215,16799859396185215,167998593.96185215,boundary probe
S4,S4,Idealized 113/114 cap-derived geometric schedule,279299999,5215,0.00005215,16799860491324785,167998604.91324785,boundary probe
S4,S4,Idealized 113/114 cap-derived geometric schedule,279300000,5169,0.00005169,16799860491330000,167998604.91330000,boundary probe
S4,S4,Idealized 113/114 cap-derived geometric schedule,279300001,5169,0.00005169,16799860491335169,167998604.91335169,boundary probe
S4,S4,Idealized 113/114 cap-derived geometric schedule,279509999,5169,0.00005169,16799861576814831,167998615.76814831,boundary probe
S4,S4,Idealized 113/114 cap-derived geometric schedule,279510000,5123,0.00005123,16799861576820000,167998615.76820000,boundary probe
S4,S4,Idealized 113/114 cap-derived geometric schedule,279510001,5123,0.00005123,16799861576825123,167998615.76825123,boundary probe
S4,S4,Idealized 113/114 cap-derived geometric schedule,279719999,5123,0.00005123,16799862652644877,167998626.52644877,boundary probe
S4,S4,Idealized 113/114 cap-derived geometric schedule,279720000,5078,0.00005078,16799862652650000,167998626.52650000,boundary probe
S4,S4,Idealized 113/114 cap-derived geometric schedule,279720001,5078,0.00005078,16799862652655078,167998626.52655078,boundary probe
S4,S4,Idealized 113/114 cap-derived geometric schedule,279929999,5078,0.00005078,16799863719024922,167998637.19024922,boundary probe
S4,S4,Idealized 113/114 cap-derived geometric schedule,279930000,5033,0.00005033,16799863719030000,167998637.19030000,boundary probe
S4,S4,Idealized 113/114 cap-derived geometric schedule,279930001,5033,0.00005033,16799863719035033,167998637.19035033,boundary probe
S4,S4,Idealized 113/114 cap-derived geometric schedule,280139999,5033,0.00005033,16799864775954967,167998647.75954967,boundary probe
S4,S4,Idealized 113/114 cap-derived geometric schedule,280140000,4988,0.00004988,16799864775960000,167998647.75960000,boundary probe
S4,S4,Idealized 113/114 cap-derived geometric schedule,280140001,4988,0.00004988,16799864775964988,167998647.75964988,boundary probe
S4,S4,Idealized 113/114 cap-derived geometric schedule,280349999,4988,0.00004988,16799865823435012,167998658.23435012,boundary probe
S4,S4,Idealized 113/114 cap-derived geometric schedule,280350000,4944,0.00004944,16799865823440000,167998658.23440000,boundary probe
S4,S4,Idealized 113/114 cap-derived geometric schedule,280350001,4944,0.00004944,16799865823444944,167998658.23444944,boundary probe
S4,S4,Idealized 113/114 cap-derived geometric schedule,280559999,4944,0.00004944,16799866861675056,167998668.61675056,boundary probe
S4,S4,Idealized 113/114 cap-derived geometric schedule,280560000,4900,0.00004900,16799866861680000,167998668.61680000,boundary probe
S4,S4,Idealized 113/114 cap-derived geometric schedule,280560001,4900,0.00004900,16799866861684900,167998668.61684900,boundary probe
S4,S4,Idealized 113/114 cap-derived geometric schedule,280769999,4900,0.00004900,16799867890675100,167998678.90675100,boundary probe
S4,S4,Idealized 113/114 cap-derived geometric schedule,280770000,4857,0.00004857,16799867890680000,167998678.90680000,boundary probe
S4,S4,Idealized 113/114 cap-derived geometric schedule,280770001,4857,0.00004857,16799867890684857,167998678.90684857,boundary probe
S4,S4,Idealized 113/114 cap-derived geometric schedule,280979999,4857,0.00004857,16799868910645143,167998689.10645143,boundary probe
S4,S4,Idealized 113/114 cap-derived geometric schedule,280980000,4814,0.00004814,16799868910650000,167998689.10650000,boundary probe
S4,S4,Idealized 113/114 cap-derived geometric schedule,280980001,4814,0.00004814,16799868910654814,167998689.10654814,boundary probe
S4,S4,Idealized 113/114 cap-derived geometric schedule,281189999,4814,0.00004814,16799869921585186,167998699.21585186,boundary probe
S4,S4,Idealized 113/114 cap-derived geometric schedule,281190000,4771,0.00004771,16799869921590000,167998699.21590000,boundary probe
S4,S4,Idealized 113/114 cap-derived geometric schedule,281190001,4771,0.00004771,16799869921594771,167998699.21594771,boundary probe
S4,S4,Idealized 113/114 cap-derived geometric schedule,281399999,4771,0.00004771,16799870923495229,167998709.23495229,boundary probe
S4,S4,Idealized 113/114 cap-derived geometric schedule,281400000,4729,0.00004729,16799870923500000,167998709.23500000,boundary probe
S4,S4,Idealized 113/114 cap-derived geometric schedule,281400001,4729,0.00004729,16799870923504729,167998709.23504729,boundary probe
S4,S4,Idealized 113/114 cap-derived geometric schedule,281609999,4729,0.00004729,16799871916585271,167998719.16585271,boundary probe
S4,S4,Idealized 113/114 cap-derived geometric schedule,281610000,4687,0.00004687,16799871916590000,167998719.16590000,boundary probe
S4,S4,Idealized 113/114 cap-derived geometric schedule,281610001,4687,0.00004687,16799871916594687,167998719.16594687,boundary probe
S4,S4,Idealized 113/114 cap-derived geometric schedule,281819999,4687,0.00004687,16799872900855313,167998729.00855313,boundary probe
S4,S4,Idealized 113/114 cap-derived geometric schedule,281820000,4645,0.00004645,16799872900860000,167998729.00860000,boundary probe
S4,S4,Idealized 113/114 cap-derived geometric schedule,281820001,4645,0.00004645,16799872900864645,167998729.00864645,boundary probe
S4,S4,Idealized 113/114 cap-derived geometric schedule,282029999,4645,0.00004645,16799873876305355,167998738.76305355,boundary probe
S4,S4,Idealized 113/114 cap-derived geometric schedule,282030000,4604,0.00004604,16799873876310000,167998738.76310000,boundary probe
S4,S4,Idealized 113/114 cap-derived geometric schedule,282030001,4604,0.00004604,16799873876314604,167998738.76314604,boundary probe
S4,S4,Idealized 113/114 cap-derived geometric schedule,282239999,4604,0.00004604,16799874843145396,167998748.43145396,boundary probe
S4,S4,Idealized 113/114 cap-derived geometric schedule,282240000,4563,0.00004563,16799874843150000,167998748.43150000,boundary probe
S4,S4,Idealized 113/114 cap-derived geometric schedule,282240001,4563,0.00004563,16799874843154563,167998748.43154563,boundary probe
S4,S4,Idealized 113/114 cap-derived geometric schedule,282449999,4563,0.00004563,16799875801375437,167998758.01375437,boundary probe
S4,S4,Idealized 113/114 cap-derived geometric schedule,282450000,4522,0.00004522,16799875801380000,167998758.01380000,boundary probe
S4,S4,Idealized 113/114 cap-derived geometric schedule,282450001,4522,0.00004522,16799875801384522,167998758.01384522,boundary probe
S4,S4,Idealized 113/114 cap-derived geometric schedule,282659999,4522,0.00004522,16799876750995478,167998767.50995478,boundary probe
S4,S4,Idealized 113/114 cap-derived geometric schedule,282660000,4482,0.00004482,16799876751000000,167998767.51000000,boundary probe
S4,S4,Idealized 113/114 cap-derived geometric schedule,282660001,4482,0.00004482,16799876751004482,167998767.51004482,boundary probe
S4,S4,Idealized 113/114 cap-derived geometric schedule,282869999,4482,0.00004482,16799877692215518,167998776.92215518,boundary probe
S4,S4,Idealized 113/114 cap-derived geometric schedule,282870000,4442,0.00004442,16799877692220000,167998776.92220000,boundary probe
S4,S4,Idealized 113/114 cap-derived geometric schedule,282870001,4442,0.00004442,16799877692224442,167998776.92224442,boundary probe
S4,S4,Idealized 113/114 cap-derived geometric schedule,283079999,4442,0.00004442,16799878625035558,167998786.25035558,boundary probe
S4,S4,Idealized 113/114 cap-derived geometric schedule,283080000,4403,0.00004403,16799878625040000,167998786.25040000,boundary probe
S4,S4,Idealized 113/114 cap-derived geometric schedule,283080001,4403,0.00004403,16799878625044403,167998786.25044403,boundary probe
S4,S4,Idealized 113/114 cap-derived geometric schedule,283289999,4403,0.00004403,16799879549665597,167998795.49665597,boundary probe
S4,S4,Idealized 113/114 cap-derived geometric schedule,283290000,4364,0.00004364,16799879549670000,167998795.49670000,boundary probe
S4,S4,Idealized 113/114 cap-derived geometric schedule,283290001,4364,0.00004364,16799879549674364,167998795.49674364,boundary probe
S4,S4,Idealized 113/114 cap-derived geometric schedule,283499999,4364,0.00004364,16799880466105636,167998804.66105636,boundary probe
S4,S4,Idealized 113/114 cap-derived geometric schedule,283500000,4325,0.00004325,16799880466110000,167998804.66110000,boundary probe
S4,S4,Idealized 113/114 cap-derived geometric schedule,283500001,4325,0.00004325,16799880466114325,167998804.66114325,boundary probe
S4,S4,Idealized 113/114 cap-derived geometric schedule,283709999,4325,0.00004325,16799881374355675,167998813.74355675,boundary probe
S4,S4,Idealized 113/114 cap-derived geometric schedule,283710000,4287,0.00004287,16799881374360000,167998813.74360000,boundary probe
S4,S4,Idealized 113/114 cap-derived geometric schedule,283710001,4287,0.00004287,16799881374364287,167998813.74364287,boundary probe
S4,S4,Idealized 113/114 cap-derived geometric schedule,283919999,4287,0.00004287,16799882274625713,167998822.74625713,boundary probe
S4,S4,Idealized 113/114 cap-derived geometric schedule,283920000,4249,0.00004249,16799882274630000,167998822.74630000,boundary probe
S4,S4,Idealized 113/114 cap-derived geometric schedule,283920001,4249,0.00004249,16799882274634249,167998822.74634249,boundary probe
S4,S4,Idealized 113/114 cap-derived geometric schedule,284129999,4249,0.00004249,16799883166915751,167998831.66915751,boundary probe
S4,S4,Idealized 113/114 cap-derived geometric schedule,284130000,4211,0.00004211,16799883166920000,167998831.66920000,boundary probe
S4,S4,Idealized 113/114 cap-derived geometric schedule,284130001,4211,0.00004211,16799883166924211,167998831.66924211,boundary probe
S4,S4,Idealized 113/114 cap-derived geometric schedule,284339999,4211,0.00004211,16799884051225789,167998840.51225789,boundary probe
S4,S4,Idealized 113/114 cap-derived geometric schedule,284340000,4174,0.00004174,16799884051230000,167998840.51230000,boundary probe
S4,S4,Idealized 113/114 cap-derived geometric schedule,284340001,4174,0.00004174,16799884051234174,167998840.51234174,boundary probe
S4,S4,Idealized 113/114 cap-derived geometric schedule,284549999,4174,0.00004174,16799884927765826,167998849.27765826,boundary probe
S4,S4,Idealized 113/114 cap-derived geometric schedule,284550000,4137,0.00004137,16799884927770000,167998849.27770000,boundary probe
S4,S4,Idealized 113/114 cap-derived geometric schedule,284550001,4137,0.00004137,16799884927774137,167998849.27774137,boundary probe
S4,S4,Idealized 113/114 cap-derived geometric schedule,284759999,4137,0.00004137,16799885796535863,167998857.96535863,boundary probe
S4,S4,Idealized 113/114 cap-derived geometric schedule,284760000,4100,0.00004100,16799885796540000,167998857.96540000,boundary probe
S4,S4,Idealized 113/114 cap-derived geometric schedule,284760001,4100,0.00004100,16799885796544100,167998857.96544100,boundary probe
S4,S4,Idealized 113/114 cap-derived geometric schedule,284969999,4100,0.00004100,16799886657535900,167998866.57535900,boundary probe
S4,S4,Idealized 113/114 cap-derived geometric schedule,284970000,4064,0.00004064,16799886657540000,167998866.57540000,boundary probe
S4,S4,Idealized 113/114 cap-derived geometric schedule,284970001,4064,0.00004064,16799886657544064,167998866.57544064,boundary probe
S4,S4,Idealized 113/114 cap-derived geometric schedule,285179999,4064,0.00004064,16799887510975936,167998875.10975936,boundary probe
S4,S4,Idealized 113/114 cap-derived geometric schedule,285180000,4028,0.00004028,16799887510980000,167998875.10980000,boundary probe
S4,S4,Idealized 113/114 cap-derived geometric schedule,285180001,4028,0.00004028,16799887510984028,167998875.10984028,boundary probe
S4,S4,Idealized 113/114 cap-derived geometric schedule,285389999,4028,0.00004028,16799888356855972,167998883.56855972,boundary probe
S4,S4,Idealized 113/114 cap-derived geometric schedule,285390000,3992,0.00003992,16799888356860000,167998883.56860000,boundary probe
S4,S4,Idealized 113/114 cap-derived geometric schedule,285390001,3992,0.00003992,16799888356863992,167998883.56863992,boundary probe
S4,S4,Idealized 113/114 cap-derived geometric schedule,285599999,3992,0.00003992,16799889195176008,167998891.95176008,boundary probe
S4,S4,Idealized 113/114 cap-derived geometric schedule,285600000,3956,0.00003956,16799889195180000,167998891.95180000,boundary probe
S4,S4,Idealized 113/114 cap-derived geometric schedule,285600001,3956,0.00003956,16799889195183956,167998891.95183956,boundary probe
S4,S4,Idealized 113/114 cap-derived geometric schedule,285809999,3956,0.00003956,16799890025936044,167998900.25936044,boundary probe
S4,S4,Idealized 113/114 cap-derived geometric schedule,285810000,3921,0.00003921,16799890025940000,167998900.25940000,boundary probe
S4,S4,Idealized 113/114 cap-derived geometric schedule,285810001,3921,0.00003921,16799890025943921,167998900.25943921,boundary probe
S4,S4,Idealized 113/114 cap-derived geometric schedule,286019999,3921,0.00003921,16799890849346079,167998908.49346079,boundary probe
S4,S4,Idealized 113/114 cap-derived geometric schedule,286020000,3886,0.00003886,16799890849350000,167998908.49350000,boundary probe
S4,S4,Idealized 113/114 cap-derived geometric schedule,286020001,3886,0.00003886,16799890849353886,167998908.49353886,boundary probe
S4,S4,Idealized 113/114 cap-derived geometric schedule,286229999,3886,0.00003886,16799891665406114,167998916.65406114,boundary probe
S4,S4,Idealized 113/114 cap-derived geometric schedule,286230000,3851,0.00003851,16799891665410000,167998916.65410000,boundary probe
S4,S4,Idealized 113/114 cap-derived geometric schedule,286230001,3851,0.00003851,16799891665413851,167998916.65413851,boundary probe
S4,S4,Idealized 113/114 cap-derived geometric schedule,286439999,3851,0.00003851,16799892474116149,167998924.74116149,boundary probe
S4,S4,Idealized 113/114 cap-derived geometric schedule,286440000,3817,0.00003817,16799892474120000,167998924.74120000,boundary probe
S4,S4,Idealized 113/114 cap-derived geometric schedule,286440001,3817,0.00003817,16799892474123817,167998924.74123817,boundary probe
S4,S4,Idealized 113/114 cap-derived geometric schedule,286649999,3817,0.00003817,16799893275686183,167998932.75686183,boundary probe
S4,S4,Idealized 113/114 cap-derived geometric schedule,286650000,3783,0.00003783,16799893275690000,167998932.75690000,boundary probe
S4,S4,Idealized 113/114 cap-derived geometric schedule,286650001,3783,0.00003783,16799893275693783,167998932.75693783,boundary probe
S4,S4,Idealized 113/114 cap-derived geometric schedule,286859999,3783,0.00003783,16799894070116217,167998940.70116217,boundary probe
S4,S4,Idealized 113/114 cap-derived geometric schedule,286860000,3749,0.00003749,16799894070120000,167998940.70120000,boundary probe
S4,S4,Idealized 113/114 cap-derived geometric schedule,286860001,3749,0.00003749,16799894070123749,167998940.70123749,boundary probe
S4,S4,Idealized 113/114 cap-derived geometric schedule,287069999,3749,0.00003749,16799894857406251,167998948.57406251,boundary probe
S4,S4,Idealized 113/114 cap-derived geometric schedule,287070000,3716,0.00003716,16799894857410000,167998948.57410000,boundary probe
S4,S4,Idealized 113/114 cap-derived geometric schedule,287070001,3716,0.00003716,16799894857413716,167998948.57413716,boundary probe
S4,S4,Idealized 113/114 cap-derived geometric schedule,287279999,3716,0.00003716,16799895637766284,167998956.37766284,boundary probe
S4,S4,Idealized 113/114 cap-derived geometric schedule,287280000,3683,0.00003683,16799895637770000,167998956.37770000,boundary probe
S4,S4,Idealized 113/114 cap-derived geometric schedule,287280001,3683,0.00003683,16799895637773683,167998956.37773683,boundary probe
S4,S4,Idealized 113/114 cap-derived geometric schedule,287489999,3683,0.00003683,16799896411196317,167998964.11196317,boundary probe
S4,S4,Idealized 113/114 cap-derived geometric schedule,287490000,3650,0.00003650,16799896411200000,167998964.11200000,boundary probe
S4,S4,Idealized 113/114 cap-derived geometric schedule,287490001,3650,0.00003650,16799896411203650,167998964.11203650,boundary probe
S4,S4,Idealized 113/114 cap-derived geometric schedule,287699999,3650,0.00003650,16799897177696350,167998971.77696350,boundary probe
S4,S4,Idealized 113/114 cap-derived geometric schedule,287700000,3617,0.00003617,16799897177700000,167998971.77700000,boundary probe
S4,S4,Idealized 113/114 cap-derived geometric schedule,287700001,3617,0.00003617,16799897177703617,167998971.77703617,boundary probe
S4,S4,Idealized 113/114 cap-derived geometric schedule,287909999,3617,0.00003617,16799897937266383,167998979.37266383,boundary probe
S4,S4,Idealized 113/114 cap-derived geometric schedule,287910000,3585,0.00003585,16799897937270000,167998979.37270000,boundary probe
S4,S4,Idealized 113/114 cap-derived geometric schedule,287910001,3585,0.00003585,16799897937273585,167998979.37273585,boundary probe
S4,S4,Idealized 113/114 cap-derived geometric schedule,288119999,3585,0.00003585,16799898690116415,167998986.90116415,boundary probe
S4,S4,Idealized 113/114 cap-derived geometric schedule,288120000,3553,0.00003553,16799898690120000,167998986.90120000,boundary probe
S4,S4,Idealized 113/114 cap-derived geometric schedule,288120001,3553,0.00003553,16799898690123553,167998986.90123553,boundary probe
S4,S4,Idealized 113/114 cap-derived geometric schedule,288329999,3553,0.00003553,16799899436246447,167998994.36246447,boundary probe
S4,S4,Idealized 113/114 cap-derived geometric schedule,288330000,3521,0.00003521,16799899436250000,167998994.36250000,boundary probe
S4,S4,Idealized 113/114 cap-derived geometric schedule,288330001,3521,0.00003521,16799899436253521,167998994.36253521,boundary probe
S4,S4,Idealized 113/114 cap-derived geometric schedule,288539999,3521,0.00003521,16799900175656479,167999001.75656479,boundary probe
S4,S4,Idealized 113/114 cap-derived geometric schedule,288540000,3490,0.00003490,16799900175660000,167999001.75660000,boundary probe
S4,S4,Idealized 113/114 cap-derived geometric schedule,288540001,3490,0.00003490,16799900175663490,167999001.75663490,boundary probe
S4,S4,Idealized 113/114 cap-derived geometric schedule,288749999,3490,0.00003490,16799900908556510,167999009.08556510,boundary probe
S4,S4,Idealized 113/114 cap-derived geometric schedule,288750000,3459,0.00003459,16799900908560000,167999009.08560000,boundary probe
S4,S4,Idealized 113/114 cap-derived geometric schedule,288750001,3459,0.00003459,16799900908563459,167999009.08563459,boundary probe
S4,S4,Idealized 113/114 cap-derived geometric schedule,288959999,3459,0.00003459,16799901634946541,167999016.34946541,boundary probe
S4,S4,Idealized 113/114 cap-derived geometric schedule,288960000,3428,0.00003428,16799901634950000,167999016.34950000,boundary probe
S4,S4,Idealized 113/114 cap-derived geometric schedule,288960001,3428,0.00003428,16799901634953428,167999016.34953428,boundary probe
S4,S4,Idealized 113/114 cap-derived geometric schedule,289169999,3428,0.00003428,16799902354826572,167999023.54826572,boundary probe
S4,S4,Idealized 113/114 cap-derived geometric schedule,289170000,3397,0.00003397,16799902354830000,167999023.54830000,boundary probe
S4,S4,Idealized 113/114 cap-derived geometric schedule,289170001,3397,0.00003397,16799902354833397,167999023.54833397,boundary probe
S4,S4,Idealized 113/114 cap-derived geometric schedule,289379999,3397,0.00003397,16799903068196603,167999030.68196603,boundary probe
S4,S4,Idealized 113/114 cap-derived geometric schedule,289380000,3367,0.00003367,16799903068200000,167999030.68200000,boundary probe
S4,S4,Idealized 113/114 cap-derived geometric schedule,289380001,3367,0.00003367,16799903068203367,167999030.68203367,boundary probe
S4,S4,Idealized 113/114 cap-derived geometric schedule,289589999,3367,0.00003367,16799903775266633,167999037.75266633,boundary probe
S4,S4,Idealized 113/114 cap-derived geometric schedule,289590000,3337,0.00003337,16799903775270000,167999037.75270000,boundary probe
S4,S4,Idealized 113/114 cap-derived geometric schedule,289590001,3337,0.00003337,16799903775273337,167999037.75273337,boundary probe
S4,S4,Idealized 113/114 cap-derived geometric schedule,289799999,3337,0.00003337,16799904476036663,167999044.76036663,boundary probe
S4,S4,Idealized 113/114 cap-derived geometric schedule,289800000,3307,0.00003307,16799904476040000,167999044.76040000,boundary probe
S4,S4,Idealized 113/114 cap-derived geometric schedule,289800001,3307,0.00003307,16799904476043307,167999044.76043307,boundary probe
S4,S4,Idealized 113/114 cap-derived geometric schedule,290009999,3307,0.00003307,16799905170506693,167999051.70506693,boundary probe
S4,S4,Idealized 113/114 cap-derived geometric schedule,290010000,3277,0.00003277,16799905170510000,167999051.70510000,boundary probe
S4,S4,Idealized 113/114 cap-derived geometric schedule,290010001,3277,0.00003277,16799905170513277,167999051.70513277,boundary probe
S4,S4,Idealized 113/114 cap-derived geometric schedule,290219999,3277,0.00003277,16799905858676723,167999058.58676723,boundary probe
S4,S4,Idealized 113/114 cap-derived geometric schedule,290220000,3248,0.00003248,16799905858680000,167999058.58680000,boundary probe
S4,S4,Idealized 113/114 cap-derived geometric schedule,290220001,3248,0.00003248,16799905858683248,167999058.58683248,boundary probe
S4,S4,Idealized 113/114 cap-derived geometric schedule,290429999,3248,0.00003248,16799906540756752,167999065.40756752,boundary probe
S4,S4,Idealized 113/114 cap-derived geometric schedule,290430000,3219,0.00003219,16799906540760000,167999065.40760000,boundary probe
S4,S4,Idealized 113/114 cap-derived geometric schedule,290430001,3219,0.00003219,16799906540763219,167999065.40763219,boundary probe
S4,S4,Idealized 113/114 cap-derived geometric schedule,290639999,3219,0.00003219,16799907216746781,167999072.16746781,boundary probe
S4,S4,Idealized 113/114 cap-derived geometric schedule,290640000,3190,0.00003190,16799907216750000,167999072.16750000,boundary probe
S4,S4,Idealized 113/114 cap-derived geometric schedule,290640001,3190,0.00003190,16799907216753190,167999072.16753190,boundary probe
S4,S4,Idealized 113/114 cap-derived geometric schedule,290849999,3190,0.00003190,16799907886646810,167999078.86646810,boundary probe
S4,S4,Idealized 113/114 cap-derived geometric schedule,290850000,3162,0.00003162,16799907886650000,167999078.86650000,boundary probe
S4,S4,Idealized 113/114 cap-derived geometric schedule,290850001,3162,0.00003162,16799907886653162,167999078.86653162,boundary probe
S4,S4,Idealized 113/114 cap-derived geometric schedule,291059999,3162,0.00003162,16799908550666838,167999085.50666838,boundary probe
S4,S4,Idealized 113/114 cap-derived geometric schedule,291060000,3134,0.00003134,16799908550670000,167999085.50670000,boundary probe
S4,S4,Idealized 113/114 cap-derived geometric schedule,291060001,3134,0.00003134,16799908550673134,167999085.50673134,boundary probe
S4,S4,Idealized 113/114 cap-derived geometric schedule,291269999,3134,0.00003134,16799909208806866,167999092.08806866,boundary probe
S4,S4,Idealized 113/114 cap-derived geometric schedule,291270000,3106,0.00003106,16799909208810000,167999092.08810000,boundary probe
S4,S4,Idealized 113/114 cap-derived geometric schedule,291270001,3106,0.00003106,16799909208813106,167999092.08813106,boundary probe
S4,S4,Idealized 113/114 cap-derived geometric schedule,291479999,3106,0.00003106,16799909861066894,167999098.61066894,boundary probe
S4,S4,Idealized 113/114 cap-derived geometric schedule,291480000,3078,0.00003078,16799909861070000,167999098.61070000,boundary probe
S4,S4,Idealized 113/114 cap-derived geometric schedule,291480001,3078,0.00003078,16799909861073078,167999098.61073078,boundary probe
S4,S4,Idealized 113/114 cap-derived geometric schedule,291689999,3078,0.00003078,16799910507446922,167999105.07446922,boundary probe
S4,S4,Idealized 113/114 cap-derived geometric schedule,291690000,3051,0.00003051,16799910507450000,167999105.07450000,boundary probe
S4,S4,Idealized 113/114 cap-derived geometric schedule,291690001,3051,0.00003051,16799910507453051,167999105.07453051,boundary probe
S4,S4,Idealized 113/114 cap-derived geometric schedule,291899999,3051,0.00003051,16799911148156949,167999111.48156949,boundary probe
S4,S4,Idealized 113/114 cap-derived geometric schedule,291900000,3024,0.00003024,16799911148160000,167999111.48160000,boundary probe
S4,S4,Idealized 113/114 cap-derived geometric schedule,291900001,3024,0.00003024,16799911148163024,167999111.48163024,boundary probe
S4,S4,Idealized 113/114 cap-derived geometric schedule,292109999,3024,0.00003024,16799911783196976,167999117.83196976,boundary probe
S4,S4,Idealized 113/114 cap-derived geometric schedule,292110000,2997,0.00002997,16799911783200000,167999117.83200000,boundary probe
S4,S4,Idealized 113/114 cap-derived geometric schedule,292110001,2997,0.00002997,16799911783202997,167999117.83202997,boundary probe
S4,S4,Idealized 113/114 cap-derived geometric schedule,292319999,2997,0.00002997,16799912412567003,167999124.12567003,boundary probe
S4,S4,Idealized 113/114 cap-derived geometric schedule,292320000,2970,0.00002970,16799912412570000,167999124.12570000,boundary probe
S4,S4,Idealized 113/114 cap-derived geometric schedule,292320001,2970,0.00002970,16799912412572970,167999124.12572970,boundary probe
S4,S4,Idealized 113/114 cap-derived geometric schedule,292529999,2970,0.00002970,16799913036267030,167999130.36267030,boundary probe
S4,S4,Idealized 113/114 cap-derived geometric schedule,292530000,2943,0.00002943,16799913036270000,167999130.36270000,boundary probe
S4,S4,Idealized 113/114 cap-derived geometric schedule,292530001,2943,0.00002943,16799913036272943,167999130.36272943,boundary probe
S4,S4,Idealized 113/114 cap-derived geometric schedule,292739999,2943,0.00002943,16799913654297057,167999136.54297057,boundary probe
S4,S4,Idealized 113/114 cap-derived geometric schedule,292740000,2917,0.00002917,16799913654300000,167999136.54300000,boundary probe
S4,S4,Idealized 113/114 cap-derived geometric schedule,292740001,2917,0.00002917,16799913654302917,167999136.54302917,boundary probe
S4,S4,Idealized 113/114 cap-derived geometric schedule,292949999,2917,0.00002917,16799914266867083,167999142.66867083,boundary probe
S4,S4,Idealized 113/114 cap-derived geometric schedule,292950000,2891,0.00002891,16799914266870000,167999142.66870000,boundary probe
S4,S4,Idealized 113/114 cap-derived geometric schedule,292950001,2891,0.00002891,16799914266872891,167999142.66872891,boundary probe
S4,S4,Idealized 113/114 cap-derived geometric schedule,293159999,2891,0.00002891,16799914873977109,167999148.73977109,boundary probe
S4,S4,Idealized 113/114 cap-derived geometric schedule,293160000,2865,0.00002865,16799914873980000,167999148.73980000,boundary probe
S4,S4,Idealized 113/114 cap-derived geometric schedule,293160001,2865,0.00002865,16799914873982865,167999148.73982865,boundary probe
S4,S4,Idealized 113/114 cap-derived geometric schedule,293369999,2865,0.00002865,16799915475627135,167999154.75627135,boundary probe
S4,S4,Idealized 113/114 cap-derived geometric schedule,293370000,2839,0.00002839,16799915475630000,167999154.75630000,boundary probe
S4,S4,Idealized 113/114 cap-derived geometric schedule,293370001,2839,0.00002839,16799915475632839,167999154.75632839,boundary probe
S4,S4,Idealized 113/114 cap-derived geometric schedule,293579999,2839,0.00002839,16799916071817161,167999160.71817161,boundary probe
S4,S4,Idealized 113/114 cap-derived geometric schedule,293580000,2814,0.00002814,16799916071820000,167999160.71820000,boundary probe
S4,S4,Idealized 113/114 cap-derived geometric schedule,293580001,2814,0.00002814,16799916071822814,167999160.71822814,boundary probe
S4,S4,Idealized 113/114 cap-derived geometric schedule,293789999,2814,0.00002814,16799916662757186,167999166.62757186,boundary probe
S4,S4,Idealized 113/114 cap-derived geometric schedule,293790000,2789,0.00002789,16799916662760000,167999166.62760000,boundary probe
S4,S4,Idealized 113/114 cap-derived geometric schedule,293790001,2789,0.00002789,16799916662762789,167999166.62762789,boundary probe
S4,S4,Idealized 113/114 cap-derived geometric schedule,293999999,2789,0.00002789,16799917248447211,167999172.48447211,boundary probe
S4,S4,Idealized 113/114 cap-derived geometric schedule,294000000,2764,0.00002764,16799917248450000,167999172.48450000,boundary probe
S4,S4,Idealized 113/114 cap-derived geometric schedule,294000001,2764,0.00002764,16799917248452764,167999172.48452764,boundary probe
S4,S4,Idealized 113/114 cap-derived geometric schedule,294209999,2764,0.00002764,16799917828887236,167999178.28887236,boundary probe
S4,S4,Idealized 113/114 cap-derived geometric schedule,294210000,2739,0.00002739,16799917828890000,167999178.28890000,boundary probe
S4,S4,Idealized 113/114 cap-derived geometric schedule,294210001,2739,0.00002739,16799917828892739,167999178.28892739,boundary probe
S4,S4,Idealized 113/114 cap-derived geometric schedule,294419999,2739,0.00002739,16799918404077261,167999184.04077261,boundary probe
S4,S4,Idealized 113/114 cap-derived geometric schedule,294420000,2714,0.00002714,16799918404080000,167999184.04080000,boundary probe
S4,S4,Idealized 113/114 cap-derived geometric schedule,294420001,2714,0.00002714,16799918404082714,167999184.04082714,boundary probe
S4,S4,Idealized 113/114 cap-derived geometric schedule,294629999,2714,0.00002714,16799918974017286,167999189.74017286,boundary probe
S4,S4,Idealized 113/114 cap-derived geometric schedule,294630000,2690,0.00002690,16799918974020000,167999189.74020000,boundary probe
S4,S4,Idealized 113/114 cap-derived geometric schedule,294630001,2690,0.00002690,16799918974022690,167999189.74022690,boundary probe
S4,S4,Idealized 113/114 cap-derived geometric schedule,294839999,2690,0.00002690,16799919538917310,167999195.38917310,boundary probe
S4,S4,Idealized 113/114 cap-derived geometric schedule,294840000,2666,0.00002666,16799919538920000,167999195.38920000,boundary probe
S4,S4,Idealized 113/114 cap-derived geometric schedule,294840001,2666,0.00002666,16799919538922666,167999195.38922666,boundary probe
S4,S4,Idealized 113/114 cap-derived geometric schedule,295049999,2666,0.00002666,16799920098777334,167999200.98777334,boundary probe
S4,S4,Idealized 113/114 cap-derived geometric schedule,295050000,2642,0.00002642,16799920098780000,167999200.98780000,boundary probe
S4,S4,Idealized 113/114 cap-derived geometric schedule,295050001,2642,0.00002642,16799920098782642,167999200.98782642,boundary probe
S4,S4,Idealized 113/114 cap-derived geometric schedule,295259999,2642,0.00002642,16799920653597358,167999206.53597358,boundary probe
S4,S4,Idealized 113/114 cap-derived geometric schedule,295260000,2618,0.00002618,16799920653600000,167999206.53600000,boundary probe
S4,S4,Idealized 113/114 cap-derived geometric schedule,295260001,2618,0.00002618,16799920653602618,167999206.53602618,boundary probe
S4,S4,Idealized 113/114 cap-derived geometric schedule,295469999,2618,0.00002618,16799921203377382,167999212.03377382,boundary probe
S4,S4,Idealized 113/114 cap-derived geometric schedule,295470000,2595,0.00002595,16799921203380000,167999212.03380000,boundary probe
S4,S4,Idealized 113/114 cap-derived geometric schedule,295470001,2595,0.00002595,16799921203382595,167999212.03382595,boundary probe
S4,S4,Idealized 113/114 cap-derived geometric schedule,295679999,2595,0.00002595,16799921748327405,167999217.48327405,boundary probe
S4,S4,Idealized 113/114 cap-derived geometric schedule,295680000,2572,0.00002572,16799921748330000,167999217.48330000,boundary probe
S4,S4,Idealized 113/114 cap-derived geometric schedule,295680001,2572,0.00002572,16799921748332572,167999217.48332572,boundary probe
S4,S4,Idealized 113/114 cap-derived geometric schedule,295889999,2572,0.00002572,16799922288447428,167999222.88447428,boundary probe
S4,S4,Idealized 113/114 cap-derived geometric schedule,295890000,2549,0.00002549,16799922288450000,167999222.88450000,boundary probe
S4,S4,Idealized 113/114 cap-derived geometric schedule,295890001,2549,0.00002549,16799922288452549,167999222.88452549,boundary probe
S4,S4,Idealized 113/114 cap-derived geometric schedule,296099999,2549,0.00002549,16799922823737451,167999228.23737451,boundary probe
S4,S4,Idealized 113/114 cap-derived geometric schedule,296100000,2526,0.00002526,16799922823740000,167999228.23740000,boundary probe
S4,S4,Idealized 113/114 cap-derived geometric schedule,296100001,2526,0.00002526,16799922823742526,167999228.23742526,boundary probe
S4,S4,Idealized 113/114 cap-derived geometric schedule,296309999,2526,0.00002526,16799923354197474,167999233.54197474,boundary probe
S4,S4,Idealized 113/114 cap-derived geometric schedule,296310000,2503,0.00002503,16799923354200000,167999233.54200000,boundary probe
S4,S4,Idealized 113/114 cap-derived geometric schedule,296310001,2503,0.00002503,16799923354202503,167999233.54202503,boundary probe
S4,S4,Idealized 113/114 cap-derived geometric schedule,296519999,2503,0.00002503,16799923879827497,167999238.79827497,boundary probe
S4,S4,Idealized 113/114 cap-derived geometric schedule,296520000,2481,0.00002481,16799923879830000,167999238.79830000,boundary probe
S4,S4,Idealized 113/114 cap-derived geometric schedule,296520001,2481,0.00002481,16799923879832481,167999238.79832481,boundary probe
S4,S4,Idealized 113/114 cap-derived geometric schedule,296729999,2481,0.00002481,16799924400837519,167999244.00837519,boundary probe
S4,S4,Idealized 113/114 cap-derived geometric schedule,296730000,2459,0.00002459,16799924400840000,167999244.00840000,boundary probe
S4,S4,Idealized 113/114 cap-derived geometric schedule,296730001,2459,0.00002459,16799924400842459,167999244.00842459,boundary probe
S4,S4,Idealized 113/114 cap-derived geometric schedule,296939999,2459,0.00002459,16799924917227541,167999249.17227541,boundary probe
S4,S4,Idealized 113/114 cap-derived geometric schedule,296940000,2437,0.00002437,16799924917230000,167999249.17230000,boundary probe
S4,S4,Idealized 113/114 cap-derived geometric schedule,296940001,2437,0.00002437,16799924917232437,167999249.17232437,boundary probe
S4,S4,Idealized 113/114 cap-derived geometric schedule,297149999,2437,0.00002437,16799925428997563,167999254.28997563,boundary probe
S4,S4,Idealized 113/114 cap-derived geometric schedule,297150000,2415,0.00002415,16799925429000000,167999254.29000000,boundary probe
S4,S4,Idealized 113/114 cap-derived geometric schedule,297150001,2415,0.00002415,16799925429002415,167999254.29002415,boundary probe
S4,S4,Idealized 113/114 cap-derived geometric schedule,297359999,2415,0.00002415,16799925936147585,167999259.36147585,boundary probe
S4,S4,Idealized 113/114 cap-derived geometric schedule,297360000,2393,0.00002393,16799925936150000,167999259.36150000,boundary probe
S4,S4,Idealized 113/114 cap-derived geometric schedule,297360001,2393,0.00002393,16799925936152393,167999259.36152393,boundary probe
S4,S4,Idealized 113/114 cap-derived geometric schedule,297569999,2393,0.00002393,16799926438677607,167999264.38677607,boundary probe
S4,S4,Idealized 113/114 cap-derived geometric schedule,297570000,2372,0.00002372,16799926438680000,167999264.38680000,boundary probe
S4,S4,Idealized 113/114 cap-derived geometric schedule,297570001,2372,0.00002372,16799926438682372,167999264.38682372,boundary probe
S4,S4,Idealized 113/114 cap-derived geometric schedule,297779999,2372,0.00002372,16799926936797628,167999269.36797628,boundary probe
S4,S4,Idealized 113/114 cap-derived geometric schedule,297780000,2351,0.00002351,16799926936800000,167999269.36800000,boundary probe
S4,S4,Idealized 113/114 cap-derived geometric schedule,297780001,2351,0.00002351,16799926936802351,167999269.36802351,boundary probe
S4,S4,Idealized 113/114 cap-derived geometric schedule,297989999,2351,0.00002351,16799927430507649,167999274.30507649,boundary probe
S4,S4,Idealized 113/114 cap-derived geometric schedule,297990000,2330,0.00002330,16799927430510000,167999274.30510000,boundary probe
S4,S4,Idealized 113/114 cap-derived geometric schedule,297990001,2330,0.00002330,16799927430512330,167999274.30512330,boundary probe
S4,S4,Idealized 113/114 cap-derived geometric schedule,298199999,2330,0.00002330,16799927919807670,167999279.19807670,boundary probe
S4,S4,Idealized 113/114 cap-derived geometric schedule,298200000,2309,0.00002309,16799927919810000,167999279.19810000,boundary probe
S4,S4,Idealized 113/114 cap-derived geometric schedule,298200001,2309,0.00002309,16799927919812309,167999279.19812309,boundary probe
S4,S4,Idealized 113/114 cap-derived geometric schedule,298409999,2309,0.00002309,16799928404697691,167999284.04697691,boundary probe
S4,S4,Idealized 113/114 cap-derived geometric schedule,298410000,2288,0.00002288,16799928404700000,167999284.04700000,boundary probe
S4,S4,Idealized 113/114 cap-derived geometric schedule,298410001,2288,0.00002288,16799928404702288,167999284.04702288,boundary probe
S4,S4,Idealized 113/114 cap-derived geometric schedule,298619999,2288,0.00002288,16799928885177712,167999288.85177712,boundary probe
S4,S4,Idealized 113/114 cap-derived geometric schedule,298620000,2267,0.00002267,16799928885180000,167999288.85180000,boundary probe
S4,S4,Idealized 113/114 cap-derived geometric schedule,298620001,2267,0.00002267,16799928885182267,167999288.85182267,boundary probe
S4,S4,Idealized 113/114 cap-derived geometric schedule,298829999,2267,0.00002267,16799929361247733,167999293.61247733,boundary probe
S4,S4,Idealized 113/114 cap-derived geometric schedule,298830000,2247,0.00002247,16799929361250000,167999293.61250000,boundary probe
S4,S4,Idealized 113/114 cap-derived geometric schedule,298830001,2247,0.00002247,16799929361252247,167999293.61252247,boundary probe
S4,S4,Idealized 113/114 cap-derived geometric schedule,299039999,2247,0.00002247,16799929833117753,167999298.33117753,boundary probe
S4,S4,Idealized 113/114 cap-derived geometric schedule,299040000,2227,0.00002227,16799929833120000,167999298.33120000,boundary probe
S4,S4,Idealized 113/114 cap-derived geometric schedule,299040001,2227,0.00002227,16799929833122227,167999298.33122227,boundary probe
S4,S4,Idealized 113/114 cap-derived geometric schedule,299249999,2227,0.00002227,16799930300787773,167999303.00787773,boundary probe
S4,S4,Idealized 113/114 cap-derived geometric schedule,299250000,2207,0.00002207,16799930300790000,167999303.00790000,boundary probe
S4,S4,Idealized 113/114 cap-derived geometric schedule,299250001,2207,0.00002207,16799930300792207,167999303.00792207,boundary probe
S4,S4,Idealized 113/114 cap-derived geometric schedule,299459999,2207,0.00002207,16799930764257793,167999307.64257793,boundary probe
S4,S4,Idealized 113/114 cap-derived geometric schedule,299460000,2187,0.00002187,16799930764260000,167999307.64260000,boundary probe
S4,S4,Idealized 113/114 cap-derived geometric schedule,299460001,2187,0.00002187,16799930764262187,167999307.64262187,boundary probe
S4,S4,Idealized 113/114 cap-derived geometric schedule,299669999,2187,0.00002187,16799931223527813,167999312.23527813,boundary probe
S4,S4,Idealized 113/114 cap-derived geometric schedule,299670000,2167,0.00002167,16799931223530000,167999312.23530000,boundary probe
S4,S4,Idealized 113/114 cap-derived geometric schedule,299670001,2167,0.00002167,16799931223532167,167999312.23532167,boundary probe
S4,S4,Idealized 113/114 cap-derived geometric schedule,299879999,2167,0.00002167,16799931678597833,167999316.78597833,boundary probe
S4,S4,Idealized 113/114 cap-derived geometric schedule,299880000,2147,0.00002147,16799931678600000,167999316.78600000,boundary probe
S4,S4,Idealized 113/114 cap-derived geometric schedule,299880001,2147,0.00002147,16799931678602147,167999316.78602147,boundary probe
S4,S4,Idealized 113/114 cap-derived geometric schedule,300089999,2147,0.00002147,16799932129467853,167999321.29467853,boundary probe
S4,S4,Idealized 113/114 cap-derived geometric schedule,300090000,2128,0.00002128,16799932129470000,167999321.29470000,boundary probe
S4,S4,Idealized 113/114 cap-derived geometric schedule,300090001,2128,0.00002128,16799932129472128,167999321.29472128,boundary probe
S4,S4,Idealized 113/114 cap-derived geometric schedule,300299999,2128,0.00002128,16799932576347872,167999325.76347872,boundary probe
S4,S4,Idealized 113/114 cap-derived geometric schedule,300300000,2109,0.00002109,16799932576350000,167999325.76350000,boundary probe
S4,S4,Idealized 113/114 cap-derived geometric schedule,300300001,2109,0.00002109,16799932576352109,167999325.76352109,boundary probe
S4,S4,Idealized 113/114 cap-derived geometric schedule,300509999,2109,0.00002109,16799933019237891,167999330.19237891,boundary probe
S4,S4,Idealized 113/114 cap-derived geometric schedule,300510000,2090,0.00002090,16799933019240000,167999330.19240000,boundary probe
S4,S4,Idealized 113/114 cap-derived geometric schedule,300510001,2090,0.00002090,16799933019242090,167999330.19242090,boundary probe
S4,S4,Idealized 113/114 cap-derived geometric schedule,300719999,2090,0.00002090,16799933458137910,167999334.58137910,boundary probe
S4,S4,Idealized 113/114 cap-derived geometric schedule,300720000,2071,0.00002071,16799933458140000,167999334.58140000,boundary probe
S4,S4,Idealized 113/114 cap-derived geometric schedule,300720001,2071,0.00002071,16799933458142071,167999334.58142071,boundary probe
S4,S4,Idealized 113/114 cap-derived geometric schedule,300929999,2071,0.00002071,16799933893047929,167999338.93047929,boundary probe
S4,S4,Idealized 113/114 cap-derived geometric schedule,300930000,2052,0.00002052,16799933893050000,167999338.93050000,boundary probe
S4,S4,Idealized 113/114 cap-derived geometric schedule,300930001,2052,0.00002052,16799933893052052,167999338.93052052,boundary probe
S4,S4,Idealized 113/114 cap-derived geometric schedule,301139999,2052,0.00002052,16799934323967948,167999343.23967948,boundary probe
S4,S4,Idealized 113/114 cap-derived geometric schedule,301140000,2034,0.00002034,16799934323970000,167999343.23970000,boundary probe
S4,S4,Idealized 113/114 cap-derived geometric schedule,301140001,2034,0.00002034,16799934323972034,167999343.23972034,boundary probe
S4,S4,Idealized 113/114 cap-derived geometric schedule,301349999,2034,0.00002034,16799934751107966,167999347.51107966,boundary probe
S4,S4,Idealized 113/114 cap-derived geometric schedule,301350000,2016,0.00002016,16799934751110000,167999347.51110000,boundary probe
S4,S4,Idealized 113/114 cap-derived geometric schedule,301350001,2016,0.00002016,16799934751112016,167999347.51112016,boundary probe
S4,S4,Idealized 113/114 cap-derived geometric schedule,301559999,2016,0.00002016,16799935174467984,167999351.74467984,boundary probe
S4,S4,Idealized 113/114 cap-derived geometric schedule,301560000,1998,0.00001998,16799935174470000,167999351.74470000,boundary probe
S4,S4,Idealized 113/114 cap-derived geometric schedule,301560001,1998,0.00001998,16799935174471998,167999351.74471998,boundary probe
S4,S4,Idealized 113/114 cap-derived geometric schedule,301769999,1998,0.00001998,16799935594048002,167999355.94048002,boundary probe
S4,S4,Idealized 113/114 cap-derived geometric schedule,301770000,1980,0.00001980,16799935594050000,167999355.94050000,boundary probe
S4,S4,Idealized 113/114 cap-derived geometric schedule,301770001,1980,0.00001980,16799935594051980,167999355.94051980,boundary probe
S4,S4,Idealized 113/114 cap-derived geometric schedule,301979999,1980,0.00001980,16799936009848020,167999360.09848020,boundary probe
S4,S4,Idealized 113/114 cap-derived geometric schedule,301980000,1962,0.00001962,16799936009850000,167999360.09850000,boundary probe
S4,S4,Idealized 113/114 cap-derived geometric schedule,301980001,1962,0.00001962,16799936009851962,167999360.09851962,boundary probe
S4,S4,Idealized 113/114 cap-derived geometric schedule,302189999,1962,0.00001962,16799936421868038,167999364.21868038,boundary probe
S4,S4,Idealized 113/114 cap-derived geometric schedule,302190000,1944,0.00001944,16799936421870000,167999364.21870000,boundary probe
S4,S4,Idealized 113/114 cap-derived geometric schedule,302190001,1944,0.00001944,16799936421871944,167999364.21871944,boundary probe
S4,S4,Idealized 113/114 cap-derived geometric schedule,302399999,1944,0.00001944,16799936830108056,167999368.30108056,boundary probe
S4,S4,Idealized 113/114 cap-derived geometric schedule,302400000,1926,0.00001926,16799936830110000,167999368.30110000,boundary probe
S4,S4,Idealized 113/114 cap-derived geometric schedule,302400001,1926,0.00001926,16799936830111926,167999368.30111926,boundary probe
S4,S4,Idealized 113/114 cap-derived geometric schedule,302609999,1926,0.00001926,16799937234568074,167999372.34568074,boundary probe
S4,S4,Idealized 113/114 cap-derived geometric schedule,302610000,1909,0.00001909,16799937234570000,167999372.34570000,boundary probe
S4,S4,Idealized 113/114 cap-derived geometric schedule,302610001,1909,0.00001909,16799937234571909,167999372.34571909,boundary probe
S4,S4,Idealized 113/114 cap-derived geometric schedule,302819999,1909,0.00001909,16799937635458091,167999376.35458091,boundary probe
S4,S4,Idealized 113/114 cap-derived geometric schedule,302820000,1892,0.00001892,16799937635460000,167999376.35460000,boundary probe
S4,S4,Idealized 113/114 cap-derived geometric schedule,302820001,1892,0.00001892,16799937635461892,167999376.35461892,boundary probe
S4,S4,Idealized 113/114 cap-derived geometric schedule,303029999,1892,0.00001892,16799938032778108,167999380.32778108,boundary probe
S4,S4,Idealized 113/114 cap-derived geometric schedule,303030000,1875,0.00001875,16799938032780000,167999380.32780000,boundary probe
S4,S4,Idealized 113/114 cap-derived geometric schedule,303030001,1875,0.00001875,16799938032781875,167999380.32781875,boundary probe
S4,S4,Idealized 113/114 cap-derived geometric schedule,303239999,1875,0.00001875,16799938426528125,167999384.26528125,boundary probe
S4,S4,Idealized 113/114 cap-derived geometric schedule,303240000,1858,0.00001858,16799938426530000,167999384.26530000,boundary probe
S4,S4,Idealized 113/114 cap-derived geometric schedule,303240001,1858,0.00001858,16799938426531858,167999384.26531858,boundary probe
S4,S4,Idealized 113/114 cap-derived geometric schedule,303449999,1858,0.00001858,16799938816708142,167999388.16708142,boundary probe
S4,S4,Idealized 113/114 cap-derived geometric schedule,303450000,1841,0.00001841,16799938816710000,167999388.16710000,boundary probe
S4,S4,Idealized 113/114 cap-derived geometric schedule,303450001,1841,0.00001841,16799938816711841,167999388.16711841,boundary probe
S4,S4,Idealized 113/114 cap-derived geometric schedule,303659999,1841,0.00001841,16799939203318159,167999392.03318159,boundary probe
S4,S4,Idealized 113/114 cap-derived geometric schedule,303660000,1824,0.00001824,16799939203320000,167999392.03320000,boundary probe
S4,S4,Idealized 113/114 cap-derived geometric schedule,303660001,1824,0.00001824,16799939203321824,167999392.03321824,boundary probe
S4,S4,Idealized 113/114 cap-derived geometric schedule,303869999,1824,0.00001824,16799939586358176,167999395.86358176,boundary probe
S4,S4,Idealized 113/114 cap-derived geometric schedule,303870000,1808,0.00001808,16799939586360000,167999395.86360000,boundary probe
S4,S4,Idealized 113/114 cap-derived geometric schedule,303870001,1808,0.00001808,16799939586361808,167999395.86361808,boundary probe
S4,S4,Idealized 113/114 cap-derived geometric schedule,304079999,1808,0.00001808,16799939966038192,167999399.66038192,boundary probe
S4,S4,Idealized 113/114 cap-derived geometric schedule,304080000,1792,0.00001792,16799939966040000,167999399.66040000,boundary probe
S4,S4,Idealized 113/114 cap-derived geometric schedule,304080001,1792,0.00001792,16799939966041792,167999399.66041792,boundary probe
S4,S4,Idealized 113/114 cap-derived geometric schedule,304289999,1792,0.00001792,16799940342358208,167999403.42358208,boundary probe
S4,S4,Idealized 113/114 cap-derived geometric schedule,304290000,1776,0.00001776,16799940342360000,167999403.42360000,boundary probe
S4,S4,Idealized 113/114 cap-derived geometric schedule,304290001,1776,0.00001776,16799940342361776,167999403.42361776,boundary probe
S4,S4,Idealized 113/114 cap-derived geometric schedule,304499999,1776,0.00001776,16799940715318224,167999407.15318224,boundary probe
S4,S4,Idealized 113/114 cap-derived geometric schedule,304500000,1760,0.00001760,16799940715320000,167999407.15320000,boundary probe
S4,S4,Idealized 113/114 cap-derived geometric schedule,304500001,1760,0.00001760,16799940715321760,167999407.15321760,boundary probe
S4,S4,Idealized 113/114 cap-derived geometric schedule,304709999,1760,0.00001760,16799941084918240,167999410.84918240,boundary probe
S4,S4,Idealized 113/114 cap-derived geometric schedule,304710000,1744,0.00001744,16799941084920000,167999410.84920000,boundary probe
S4,S4,Idealized 113/114 cap-derived geometric schedule,304710001,1744,0.00001744,16799941084921744,167999410.84921744,boundary probe
S4,S4,Idealized 113/114 cap-derived geometric schedule,304919999,1744,0.00001744,16799941451158256,167999414.51158256,boundary probe
S4,S4,Idealized 113/114 cap-derived geometric schedule,304920000,1728,0.00001728,16799941451160000,167999414.51160000,boundary probe
S4,S4,Idealized 113/114 cap-derived geometric schedule,304920001,1728,0.00001728,16799941451161728,167999414.51161728,boundary probe
S4,S4,Idealized 113/114 cap-derived geometric schedule,305129999,1728,0.00001728,16799941814038272,167999418.14038272,boundary probe
S4,S4,Idealized 113/114 cap-derived geometric schedule,305130000,1712,0.00001712,16799941814040000,167999418.14040000,boundary probe
S4,S4,Idealized 113/114 cap-derived geometric schedule,305130001,1712,0.00001712,16799941814041712,167999418.14041712,boundary probe
S4,S4,Idealized 113/114 cap-derived geometric schedule,305339999,1712,0.00001712,16799942173558288,167999421.73558288,boundary probe
S4,S4,Idealized 113/114 cap-derived geometric schedule,305340000,1696,0.00001696,16799942173560000,167999421.73560000,boundary probe
S4,S4,Idealized 113/114 cap-derived geometric schedule,305340001,1696,0.00001696,16799942173561696,167999421.73561696,boundary probe
S4,S4,Idealized 113/114 cap-derived geometric schedule,305549999,1696,0.00001696,16799942529718304,167999425.29718304,boundary probe
S4,S4,Idealized 113/114 cap-derived geometric schedule,305550000,1681,0.00001681,16799942529720000,167999425.29720000,boundary probe
S4,S4,Idealized 113/114 cap-derived geometric schedule,305550001,1681,0.00001681,16799942529721681,167999425.29721681,boundary probe
S4,S4,Idealized 113/114 cap-derived geometric schedule,305759999,1681,0.00001681,16799942882728319,167999428.82728319,boundary probe
S4,S4,Idealized 113/114 cap-derived geometric schedule,305760000,1666,0.00001666,16799942882730000,167999428.82730000,boundary probe
S4,S4,Idealized 113/114 cap-derived geometric schedule,305760001,1666,0.00001666,16799942882731666,167999428.82731666,boundary probe
S4,S4,Idealized 113/114 cap-derived geometric schedule,305969999,1666,0.00001666,16799943232588334,167999432.32588334,boundary probe
S4,S4,Idealized 113/114 cap-derived geometric schedule,305970000,1651,0.00001651,16799943232590000,167999432.32590000,boundary probe
S4,S4,Idealized 113/114 cap-derived geometric schedule,305970001,1651,0.00001651,16799943232591651,167999432.32591651,boundary probe
S4,S4,Idealized 113/114 cap-derived geometric schedule,306179999,1651,0.00001651,16799943579298349,167999435.79298349,boundary probe
S4,S4,Idealized 113/114 cap-derived geometric schedule,306180000,1636,0.00001636,16799943579300000,167999435.79300000,boundary probe
S4,S4,Idealized 113/114 cap-derived geometric schedule,306180001,1636,0.00001636,16799943579301636,167999435.79301636,boundary probe
S4,S4,Idealized 113/114 cap-derived geometric schedule,306389999,1636,0.00001636,16799943922858364,167999439.22858364,boundary probe
S4,S4,Idealized 113/114 cap-derived geometric schedule,306390000,1621,0.00001621,16799943922860000,167999439.22860000,boundary probe
S4,S4,Idealized 113/114 cap-derived geometric schedule,306390001,1621,0.00001621,16799943922861621,167999439.22861621,boundary probe
S4,S4,Idealized 113/114 cap-derived geometric schedule,306599999,1621,0.00001621,16799944263268379,167999442.63268379,boundary probe
S4,S4,Idealized 113/114 cap-derived geometric schedule,306600000,1606,0.00001606,16799944263270000,167999442.63270000,boundary probe
S4,S4,Idealized 113/114 cap-derived geometric schedule,306600001,1606,0.00001606,16799944263271606,167999442.63271606,boundary probe
S4,S4,Idealized 113/114 cap-derived geometric schedule,306809999,1606,0.00001606,16799944600528394,167999446.00528394,boundary probe
S4,S4,Idealized 113/114 cap-derived geometric schedule,306810000,1591,0.00001591,16799944600530000,167999446.00530000,boundary probe
S4,S4,Idealized 113/114 cap-derived geometric schedule,306810001,1591,0.00001591,16799944600531591,167999446.00531591,boundary probe
S4,S4,Idealized 113/114 cap-derived geometric schedule,307019999,1591,0.00001591,16799944934638409,167999449.34638409,boundary probe
S4,S4,Idealized 113/114 cap-derived geometric schedule,307020000,1577,0.00001577,16799944934640000,167999449.34640000,boundary probe
S4,S4,Idealized 113/114 cap-derived geometric schedule,307020001,1577,0.00001577,16799944934641577,167999449.34641577,boundary probe
S4,S4,Idealized 113/114 cap-derived geometric schedule,307229999,1577,0.00001577,16799945265808423,167999452.65808423,boundary probe
S4,S4,Idealized 113/114 cap-derived geometric schedule,307230000,1563,0.00001563,16799945265810000,167999452.65810000,boundary probe
S4,S4,Idealized 113/114 cap-derived geometric schedule,307230001,1563,0.00001563,16799945265811563,167999452.65811563,boundary probe
S4,S4,Idealized 113/114 cap-derived geometric schedule,307439999,1563,0.00001563,16799945594038437,167999455.94038437,boundary probe
S4,S4,Idealized 113/114 cap-derived geometric schedule,307440000,1549,0.00001549,16799945594040000,167999455.94040000,boundary probe
S4,S4,Idealized 113/114 cap-derived geometric schedule,307440001,1549,0.00001549,16799945594041549,167999455.94041549,boundary probe
S4,S4,Idealized 113/114 cap-derived geometric schedule,307649999,1549,0.00001549,16799945919328451,167999459.19328451,boundary probe
S4,S4,Idealized 113/114 cap-derived geometric schedule,307650000,1535,0.00001535,16799945919330000,167999459.19330000,boundary probe
S4,S4,Idealized 113/114 cap-derived geometric schedule,307650001,1535,0.00001535,16799945919331535,167999459.19331535,boundary probe
S4,S4,Idealized 113/114 cap-derived geometric schedule,307859999,1535,0.00001535,16799946241678465,167999462.41678465,boundary probe
S4,S4,Idealized 113/114 cap-derived geometric schedule,307860000,1521,0.00001521,16799946241680000,167999462.41680000,boundary probe
S4,S4,Idealized 113/114 cap-derived geometric schedule,307860001,1521,0.00001521,16799946241681521,167999462.41681521,boundary probe
S4,S4,Idealized 113/114 cap-derived geometric schedule,308069999,1521,0.00001521,16799946561088479,167999465.61088479,boundary probe
S4,S4,Idealized 113/114 cap-derived geometric schedule,308070000,1507,0.00001507,16799946561090000,167999465.61090000,boundary probe
S4,S4,Idealized 113/114 cap-derived geometric schedule,308070001,1507,0.00001507,16799946561091507,167999465.61091507,boundary probe
S4,S4,Idealized 113/114 cap-derived geometric schedule,308279999,1507,0.00001507,16799946877558493,167999468.77558493,boundary probe
S4,S4,Idealized 113/114 cap-derived geometric schedule,308280000,1493,0.00001493,16799946877560000,167999468.77560000,boundary probe
S4,S4,Idealized 113/114 cap-derived geometric schedule,308280001,1493,0.00001493,16799946877561493,167999468.77561493,boundary probe
S4,S4,Idealized 113/114 cap-derived geometric schedule,308489999,1493,0.00001493,16799947191088507,167999471.91088507,boundary probe
S4,S4,Idealized 113/114 cap-derived geometric schedule,308490000,1479,0.00001479,16799947191090000,167999471.91090000,boundary probe
S4,S4,Idealized 113/114 cap-derived geometric schedule,308490001,1479,0.00001479,16799947191091479,167999471.91091479,boundary probe
S4,S4,Idealized 113/114 cap-derived geometric schedule,308699999,1479,0.00001479,16799947501678521,167999475.01678521,boundary probe
S4,S4,Idealized 113/114 cap-derived geometric schedule,308700000,1466,0.00001466,16799947501680000,167999475.01680000,boundary probe
S4,S4,Idealized 113/114 cap-derived geometric schedule,308700001,1466,0.00001466,16799947501681466,167999475.01681466,boundary probe
S4,S4,Idealized 113/114 cap-derived geometric schedule,308909999,1466,0.00001466,16799947809538534,167999478.09538534,boundary probe
S4,S4,Idealized 113/114 cap-derived geometric schedule,308910000,1453,0.00001453,16799947809540000,167999478.09540000,boundary probe
S4,S4,Idealized 113/114 cap-derived geometric schedule,308910001,1453,0.00001453,16799947809541453,167999478.09541453,boundary probe
S4,S4,Idealized 113/114 cap-derived geometric schedule,309119999,1453,0.00001453,16799948114668547,167999481.14668547,boundary probe
S4,S4,Idealized 113/114 cap-derived geometric schedule,309120000,1440,0.00001440,16799948114670000,167999481.14670000,boundary probe
S4,S4,Idealized 113/114 cap-derived geometric schedule,309120001,1440,0.00001440,16799948114671440,167999481.14671440,boundary probe
S4,S4,Idealized 113/114 cap-derived geometric schedule,309329999,1440,0.00001440,16799948417068560,167999484.17068560,boundary probe
S4,S4,Idealized 113/114 cap-derived geometric schedule,309330000,1427,0.00001427,16799948417070000,167999484.17070000,boundary probe
S4,S4,Idealized 113/114 cap-derived geometric schedule,309330001,1427,0.00001427,16799948417071427,167999484.17071427,boundary probe
S4,S4,Idealized 113/114 cap-derived geometric schedule,309539999,1427,0.00001427,16799948716738573,167999487.16738573,boundary probe
S4,S4,Idealized 113/114 cap-derived geometric schedule,309540000,1414,0.00001414,16799948716740000,167999487.16740000,boundary probe
S4,S4,Idealized 113/114 cap-derived geometric schedule,309540001,1414,0.00001414,16799948716741414,167999487.16741414,boundary probe
S4,S4,Idealized 113/114 cap-derived geometric schedule,309749999,1414,0.00001414,16799949013678586,167999490.13678586,boundary probe
S4,S4,Idealized 113/114 cap-derived geometric schedule,309750000,1401,0.00001401,16799949013680000,167999490.13680000,boundary probe
S4,S4,Idealized 113/114 cap-derived geometric schedule,309750001,1401,0.00001401,16799949013681401,167999490.13681401,boundary probe
S4,S4,Idealized 113/114 cap-derived geometric schedule,309959999,1401,0.00001401,16799949307888599,167999493.07888599,boundary probe
S4,S4,Idealized 113/114 cap-derived geometric schedule,309960000,1388,0.00001388,16799949307890000,167999493.07890000,boundary probe
S4,S4,Idealized 113/114 cap-derived geometric schedule,309960001,1388,0.00001388,16799949307891388,167999493.07891388,boundary probe
S4,S4,Idealized 113/114 cap-derived geometric schedule,310169999,1388,0.00001388,16799949599368612,167999495.99368612,boundary probe
S4,S4,Idealized 113/114 cap-derived geometric schedule,310170000,1375,0.00001375,16799949599370000,167999495.99370000,boundary probe
S4,S4,Idealized 113/114 cap-derived geometric schedule,310170001,1375,0.00001375,16799949599371375,167999495.99371375,boundary probe
S4,S4,Idealized 113/114 cap-derived geometric schedule,310379999,1375,0.00001375,16799949888118625,167999498.88118625,boundary probe
S4,S4,Idealized 113/114 cap-derived geometric schedule,310380000,1362,0.00001362,16799949888120000,167999498.88120000,boundary probe
S4,S4,Idealized 113/114 cap-derived geometric schedule,310380001,1362,0.00001362,16799949888121362,167999498.88121362,boundary probe
S4,S4,Idealized 113/114 cap-derived geometric schedule,310589999,1362,0.00001362,16799950174138638,167999501.74138638,boundary probe
S4,S4,Idealized 113/114 cap-derived geometric schedule,310590000,1350,0.00001350,16799950174140000,167999501.74140000,boundary probe
S4,S4,Idealized 113/114 cap-derived geometric schedule,310590001,1350,0.00001350,16799950174141350,167999501.74141350,boundary probe
S4,S4,Idealized 113/114 cap-derived geometric schedule,310799999,1350,0.00001350,16799950457638650,167999504.57638650,boundary probe
S4,S4,Idealized 113/114 cap-derived geometric schedule,310800000,1338,0.00001338,16799950457640000,167999504.57640000,boundary probe
S4,S4,Idealized 113/114 cap-derived geometric schedule,310800001,1338,0.00001338,16799950457641338,167999504.57641338,boundary probe
S4,S4,Idealized 113/114 cap-derived geometric schedule,311009999,1338,0.00001338,16799950738618662,167999507.38618662,boundary probe
S4,S4,Idealized 113/114 cap-derived geometric schedule,311010000,1326,0.00001326,16799950738620000,167999507.38620000,boundary probe
S4,S4,Idealized 113/114 cap-derived geometric schedule,311010001,1326,0.00001326,16799950738621326,167999507.38621326,boundary probe
S4,S4,Idealized 113/114 cap-derived geometric schedule,311219999,1326,0.00001326,16799951017078674,167999510.17078674,boundary probe
S4,S4,Idealized 113/114 cap-derived geometric schedule,311220000,1314,0.00001314,16799951017080000,167999510.17080000,boundary probe
S4,S4,Idealized 113/114 cap-derived geometric schedule,311220001,1314,0.00001314,16799951017081314,167999510.17081314,boundary probe
S4,S4,Idealized 113/114 cap-derived geometric schedule,311429999,1314,0.00001314,16799951293018686,167999512.93018686,boundary probe
S4,S4,Idealized 113/114 cap-derived geometric schedule,311430000,1302,0.00001302,16799951293020000,167999512.93020000,boundary probe
S4,S4,Idealized 113/114 cap-derived geometric schedule,311430001,1302,0.00001302,16799951293021302,167999512.93021302,boundary probe
S4,S4,Idealized 113/114 cap-derived geometric schedule,311639999,1302,0.00001302,16799951566438698,167999515.66438698,boundary probe
S4,S4,Idealized 113/114 cap-derived geometric schedule,311640000,1290,0.00001290,16799951566440000,167999515.66440000,boundary probe
S4,S4,Idealized 113/114 cap-derived geometric schedule,311640001,1290,0.00001290,16799951566441290,167999515.66441290,boundary probe
S4,S4,Idealized 113/114 cap-derived geometric schedule,311849999,1290,0.00001290,16799951837338710,167999518.37338710,boundary probe
S4,S4,Idealized 113/114 cap-derived geometric schedule,311850000,1278,0.00001278,16799951837340000,167999518.37340000,boundary probe
S4,S4,Idealized 113/114 cap-derived geometric schedule,311850001,1278,0.00001278,16799951837341278,167999518.37341278,boundary probe
S4,S4,Idealized 113/114 cap-derived geometric schedule,312059999,1278,0.00001278,16799952105718722,167999521.05718722,boundary probe
S4,S4,Idealized 113/114 cap-derived geometric schedule,312060000,1266,0.00001266,16799952105720000,167999521.05720000,boundary probe
S4,S4,Idealized 113/114 cap-derived geometric schedule,312060001,1266,0.00001266,16799952105721266,167999521.05721266,boundary probe
S4,S4,Idealized 113/114 cap-derived geometric schedule,312269999,1266,0.00001266,16799952371578734,167999523.71578734,boundary probe
S4,S4,Idealized 113/114 cap-derived geometric schedule,312270000,1254,0.00001254,16799952371580000,167999523.71580000,boundary probe
S4,S4,Idealized 113/114 cap-derived geometric schedule,312270001,1254,0.00001254,16799952371581254,167999523.71581254,boundary probe
S4,S4,Idealized 113/114 cap-derived geometric schedule,312479999,1254,0.00001254,16799952634918746,167999526.34918746,boundary probe
S4,S4,Idealized 113/114 cap-derived geometric schedule,312480000,1243,0.00001243,16799952634920000,167999526.34920000,boundary probe
S4,S4,Idealized 113/114 cap-derived geometric schedule,312480001,1243,0.00001243,16799952634921243,167999526.34921243,boundary probe
S4,S4,Idealized 113/114 cap-derived geometric schedule,312689999,1243,0.00001243,16799952895948757,167999528.95948757,boundary probe
S4,S4,Idealized 113/114 cap-derived geometric schedule,312690000,1232,0.00001232,16799952895950000,167999528.95950000,boundary probe
S4,S4,Idealized 113/114 cap-derived geometric schedule,312690001,1232,0.00001232,16799952895951232,167999528.95951232,boundary probe
S4,S4,Idealized 113/114 cap-derived geometric schedule,312899999,1232,0.00001232,16799953154668768,167999531.54668768,boundary probe
S4,S4,Idealized 113/114 cap-derived geometric schedule,312900000,1221,0.00001221,16799953154670000,167999531.54670000,boundary probe
S4,S4,Idealized 113/114 cap-derived geometric schedule,312900001,1221,0.00001221,16799953154671221,167999531.54671221,boundary probe
S4,S4,Idealized 113/114 cap-derived geometric schedule,313109999,1221,0.00001221,16799953411078779,167999534.11078779,boundary probe
S4,S4,Idealized 113/114 cap-derived geometric schedule,313110000,1210,0.00001210,16799953411080000,167999534.11080000,boundary probe
S4,S4,Idealized 113/114 cap-derived geometric schedule,313110001,1210,0.00001210,16799953411081210,167999534.11081210,boundary probe
S4,S4,Idealized 113/114 cap-derived geometric schedule,313319999,1210,0.00001210,16799953665178790,167999536.65178790,boundary probe
S4,S4,Idealized 113/114 cap-derived geometric schedule,313320000,1199,0.00001199,16799953665180000,167999536.65180000,boundary probe
S4,S4,Idealized 113/114 cap-derived geometric schedule,313320001,1199,0.00001199,16799953665181199,167999536.65181199,boundary probe
S4,S4,Idealized 113/114 cap-derived geometric schedule,313529999,1199,0.00001199,16799953916968801,167999539.16968801,boundary probe
S4,S4,Idealized 113/114 cap-derived geometric schedule,313530000,1188,0.00001188,16799953916970000,167999539.16970000,boundary probe
S4,S4,Idealized 113/114 cap-derived geometric schedule,313530001,1188,0.00001188,16799953916971188,167999539.16971188,boundary probe
S4,S4,Idealized 113/114 cap-derived geometric schedule,313739999,1188,0.00001188,16799954166448812,167999541.66448812,boundary probe
S4,S4,Idealized 113/114 cap-derived geometric schedule,313740000,1177,0.00001177,16799954166450000,167999541.66450000,boundary probe
S4,S4,Idealized 113/114 cap-derived geometric schedule,313740001,1177,0.00001177,16799954166451177,167999541.66451177,boundary probe
S4,S4,Idealized 113/114 cap-derived geometric schedule,313949999,1177,0.00001177,16799954413618823,167999544.13618823,boundary probe
S4,S4,Idealized 113/114 cap-derived geometric schedule,313950000,1166,0.00001166,16799954413620000,167999544.13620000,boundary probe
S4,S4,Idealized 113/114 cap-derived geometric schedule,313950001,1166,0.00001166,16799954413621166,167999544.13621166,boundary probe
S4,S4,Idealized 113/114 cap-derived geometric schedule,314159999,1166,0.00001166,16799954658478834,167999546.58478834,boundary probe
S4,S4,Idealized 113/114 cap-derived geometric schedule,314160000,1155,0.00001155,16799954658480000,167999546.58480000,boundary probe
S4,S4,Idealized 113/114 cap-derived geometric schedule,314160001,1155,0.00001155,16799954658481155,167999546.58481155,boundary probe
S4,S4,Idealized 113/114 cap-derived geometric schedule,314369999,1155,0.00001155,16799954901028845,167999549.01028845,boundary probe
S4,S4,Idealized 113/114 cap-derived geometric schedule,314370000,1144,0.00001144,16799954901030000,167999549.01030000,boundary probe
S4,S4,Idealized 113/114 cap-derived geometric schedule,314370001,1144,0.00001144,16799954901031144,167999549.01031144,boundary probe
S4,S4,Idealized 113/114 cap-derived geometric schedule,314579999,1144,0.00001144,16799955141268856,167999551.41268856,boundary probe
S4,S4,Idealized 113/114 cap-derived geometric schedule,314580000,1133,0.00001133,16799955141270000,167999551.41270000,boundary probe
S4,S4,Idealized 113/114 cap-derived geometric schedule,314580001,1133,0.00001133,16799955141271133,167999551.41271133,boundary probe
S4,S4,Idealized 113/114 cap-derived geometric schedule,314789999,1133,0.00001133,16799955379198867,167999553.79198867,boundary probe
S4,S4,Idealized 113/114 cap-derived geometric schedule,314790000,1123,0.00001123,16799955379200000,167999553.79200000,boundary probe
S4,S4,Idealized 113/114 cap-derived geometric schedule,314790001,1123,0.00001123,16799955379201123,167999553.79201123,boundary probe
S4,S4,Idealized 113/114 cap-derived geometric schedule,314999999,1123,0.00001123,16799955615028877,167999556.15028877,boundary probe
S4,S4,Idealized 113/114 cap-derived geometric schedule,315000000,1113,0.00001113,16799955615030000,167999556.15030000,boundary probe
S4,S4,Idealized 113/114 cap-derived geometric schedule,315000001,1113,0.00001113,16799955615031113,167999556.15031113,boundary probe
S4,S4,Idealized 113/114 cap-derived geometric schedule,315209999,1113,0.00001113,16799955848758887,167999558.48758887,boundary probe
S4,S4,Idealized 113/114 cap-derived geometric schedule,315210000,1103,0.00001103,16799955848760000,167999558.48760000,boundary probe
S4,S4,Idealized 113/114 cap-derived geometric schedule,315210001,1103,0.00001103,16799955848761103,167999558.48761103,boundary probe
S4,S4,Idealized 113/114 cap-derived geometric schedule,315419999,1103,0.00001103,16799956080388897,167999560.80388897,boundary probe
S4,S4,Idealized 113/114 cap-derived geometric schedule,315420000,1093,0.00001093,16799956080390000,167999560.80390000,boundary probe
S4,S4,Idealized 113/114 cap-derived geometric schedule,315420001,1093,0.00001093,16799956080391093,167999560.80391093,boundary probe
S4,S4,Idealized 113/114 cap-derived geometric schedule,315629999,1093,0.00001093,16799956309918907,167999563.09918907,boundary probe
S4,S4,Idealized 113/114 cap-derived geometric schedule,315630000,1083,0.00001083,16799956309920000,167999563.09920000,boundary probe
S4,S4,Idealized 113/114 cap-derived geometric schedule,315630001,1083,0.00001083,16799956309921083,167999563.09921083,boundary probe
S4,S4,Idealized 113/114 cap-derived geometric schedule,315839999,1083,0.00001083,16799956537348917,167999565.37348917,boundary probe
S4,S4,Idealized 113/114 cap-derived geometric schedule,315840000,1073,0.00001073,16799956537350000,167999565.37350000,boundary probe
S4,S4,Idealized 113/114 cap-derived geometric schedule,315840001,1073,0.00001073,16799956537351073,167999565.37351073,boundary probe
S4,S4,Idealized 113/114 cap-derived geometric schedule,316049999,1073,0.00001073,16799956762678927,167999567.62678927,boundary probe
S4,S4,Idealized 113/114 cap-derived geometric schedule,316050000,1063,0.00001063,16799956762680000,167999567.62680000,boundary probe
S4,S4,Idealized 113/114 cap-derived geometric schedule,316050001,1063,0.00001063,16799956762681063,167999567.62681063,boundary probe
S4,S4,Idealized 113/114 cap-derived geometric schedule,316259999,1063,0.00001063,16799956985908937,167999569.85908937,boundary probe
S4,S4,Idealized 113/114 cap-derived geometric schedule,316260000,1053,0.00001053,16799956985910000,167999569.85910000,boundary probe
S4,S4,Idealized 113/114 cap-derived geometric schedule,316260001,1053,0.00001053,16799956985911053,167999569.85911053,boundary probe
S4,S4,Idealized 113/114 cap-derived geometric schedule,316469999,1053,0.00001053,16799957207038947,167999572.07038947,boundary probe
S4,S4,Idealized 113/114 cap-derived geometric schedule,316470000,1043,0.00001043,16799957207040000,167999572.07040000,boundary probe
S4,S4,Idealized 113/114 cap-derived geometric schedule,316470001,1043,0.00001043,16799957207041043,167999572.07041043,boundary probe
S4,S4,Idealized 113/114 cap-derived geometric schedule,316679999,1043,0.00001043,16799957426068957,167999574.26068957,boundary probe
S4,S4,Idealized 113/114 cap-derived geometric schedule,316680000,1033,0.00001033,16799957426070000,167999574.26070000,boundary probe
S4,S4,Idealized 113/114 cap-derived geometric schedule,316680001,1033,0.00001033,16799957426071033,167999574.26071033,boundary probe
S4,S4,Idealized 113/114 cap-derived geometric schedule,316889999,1033,0.00001033,16799957642998967,167999576.42998967,boundary probe
S4,S4,Idealized 113/114 cap-derived geometric schedule,316890000,1023,0.00001023,16799957643000000,167999576.43000000,boundary probe
S4,S4,Idealized 113/114 cap-derived geometric schedule,316890001,1023,0.00001023,16799957643001023,167999576.43001023,boundary probe
S4,S4,Idealized 113/114 cap-derived geometric schedule,317099999,1023,0.00001023,16799957857828977,167999578.57828977,boundary probe
S4,S4,Idealized 113/114 cap-derived geometric schedule,317100000,1014,0.00001014,16799957857830000,167999578.57830000,boundary probe
S4,S4,Idealized 113/114 cap-derived geometric schedule,317100001,1014,0.00001014,16799957857831014,167999578.57831014,boundary probe
S4,S4,Idealized 113/114 cap-derived geometric schedule,317309999,1014,0.00001014,16799958070768986,167999580.70768986,boundary probe
S4,S4,Idealized 113/114 cap-derived geometric schedule,317310000,1005,0.00001005,16799958070770000,167999580.70770000,boundary probe
S4,S4,Idealized 113/114 cap-derived geometric schedule,317310001,1005,0.00001005,16799958070771005,167999580.70771005,boundary probe
S4,S4,Idealized 113/114 cap-derived geometric schedule,317519999,1005,0.00001005,16799958281818995,167999582.81818995,boundary probe
S4,S4,Idealized 113/114 cap-derived geometric schedule,317520000,996,0.00000996,16799958281820000,167999582.81820000,boundary probe
S4,S4,Idealized 113/114 cap-derived geometric schedule,317520001,996,0.00000996,16799958281820996,167999582.81820996,boundary probe
S4,S4,Idealized 113/114 cap-derived geometric schedule,317729999,996,0.00000996,16799958490979004,167999584.90979004,boundary probe
S4,S4,Idealized 113/114 cap-derived geometric schedule,317730000,987,0.00000987,16799958490980000,167999584.90980000,boundary probe
S4,S4,Idealized 113/114 cap-derived geometric schedule,317730001,987,0.00000987,16799958490980987,167999584.90980987,boundary probe
S4,S4,Idealized 113/114 cap-derived geometric schedule,317939999,987,0.00000987,16799958698249013,167999586.98249013,boundary probe
S4,S4,Idealized 113/114 cap-derived geometric schedule,317940000,978,0.00000978,16799958698250000,167999586.98250000,boundary probe
S4,S4,Idealized 113/114 cap-derived geometric schedule,317940001,978,0.00000978,16799958698250978,167999586.98250978,boundary probe
S4,S4,Idealized 113/114 cap-derived geometric schedule,318149999,978,0.00000978,16799958903629022,167999589.03629022,boundary probe
S4,S4,Idealized 113/114 cap-derived geometric schedule,318150000,969,0.00000969,16799958903630000,167999589.03630000,boundary probe
S4,S4,Idealized 113/114 cap-derived geometric schedule,318150001,969,0.00000969,16799958903630969,167999589.03630969,boundary probe
S4,S4,Idealized 113/114 cap-derived geometric schedule,318359999,969,0.00000969,16799959107119031,167999591.07119031,boundary probe
S4,S4,Idealized 113/114 cap-derived geometric schedule,318360000,960,0.00000960,16799959107120000,167999591.07120000,boundary probe
S4,S4,Idealized 113/114 cap-derived geometric schedule,318360001,960,0.00000960,16799959107120960,167999591.07120960,boundary probe
S4,S4,Idealized 113/114 cap-derived geometric schedule,318569999,960,0.00000960,16799959308719040,167999593.08719040,boundary probe
S4,S4,Idealized 113/114 cap-derived geometric schedule,318570000,951,0.00000951,16799959308720000,167999593.08720000,boundary probe
S4,S4,Idealized 113/114 cap-derived geometric schedule,318570001,951,0.00000951,16799959308720951,167999593.08720951,boundary probe
S4,S4,Idealized 113/114 cap-derived geometric schedule,318779999,951,0.00000951,16799959508429049,167999595.08429049,boundary probe
S4,S4,Idealized 113/114 cap-derived geometric schedule,318780000,942,0.00000942,16799959508430000,167999595.08430000,boundary probe
S4,S4,Idealized 113/114 cap-derived geometric schedule,318780001,942,0.00000942,16799959508430942,167999595.08430942,boundary probe
S4,S4,Idealized 113/114 cap-derived geometric schedule,318989999,942,0.00000942,16799959706249058,167999597.06249058,boundary probe
S4,S4,Idealized 113/114 cap-derived geometric schedule,318990000,933,0.00000933,16799959706250000,167999597.06250000,boundary probe
S4,S4,Idealized 113/114 cap-derived geometric schedule,318990001,933,0.00000933,16799959706250933,167999597.06250933,boundary probe
S4,S4,Idealized 113/114 cap-derived geometric schedule,319199999,933,0.00000933,16799959902179067,167999599.02179067,boundary probe
S4,S4,Idealized 113/114 cap-derived geometric schedule,319200000,924,0.00000924,16799959902180000,167999599.02180000,boundary probe
S4,S4,Idealized 113/114 cap-derived geometric schedule,319200001,924,0.00000924,16799959902180924,167999599.02180924,boundary probe
S4,S4,Idealized 113/114 cap-derived geometric schedule,319409999,924,0.00000924,16799960096219076,167999600.96219076,boundary probe
S4,S4,Idealized 113/114 cap-derived geometric schedule,319410000,915,0.00000915,16799960096220000,167999600.96220000,boundary probe
S4,S4,Idealized 113/114 cap-derived geometric schedule,319410001,915,0.00000915,16799960096220915,167999600.96220915,boundary probe
S4,S4,Idealized 113/114 cap-derived geometric schedule,319619999,915,0.00000915,16799960288369085,167999602.88369085,boundary probe
S4,S4,Idealized 113/114 cap-derived geometric schedule,319620000,906,0.00000906,16799960288370000,167999602.88370000,boundary probe
S4,S4,Idealized 113/114 cap-derived geometric schedule,319620001,906,0.00000906,16799960288370906,167999602.88370906,boundary probe
S4,S4,Idealized 113/114 cap-derived geometric schedule,319829999,906,0.00000906,16799960478629094,167999604.78629094,boundary probe
S4,S4,Idealized 113/114 cap-derived geometric schedule,319830000,898,0.00000898,16799960478630000,167999604.78630000,boundary probe
S4,S4,Idealized 113/114 cap-derived geometric schedule,319830001,898,0.00000898,16799960478630898,167999604.78630898,boundary probe
S4,S4,Idealized 113/114 cap-derived geometric schedule,320039999,898,0.00000898,16799960667209102,167999606.67209102,boundary probe
S4,S4,Idealized 113/114 cap-derived geometric schedule,320040000,890,0.00000890,16799960667210000,167999606.67210000,boundary probe
S4,S4,Idealized 113/114 cap-derived geometric schedule,320040001,890,0.00000890,16799960667210890,167999606.67210890,boundary probe
S4,S4,Idealized 113/114 cap-derived geometric schedule,320249999,890,0.00000890,16799960854109110,167999608.54109110,boundary probe
S4,S4,Idealized 113/114 cap-derived geometric schedule,320250000,882,0.00000882,16799960854110000,167999608.54110000,boundary probe
S4,S4,Idealized 113/114 cap-derived geometric schedule,320250001,882,0.00000882,16799960854110882,167999608.54110882,boundary probe
S4,S4,Idealized 113/114 cap-derived geometric schedule,320459999,882,0.00000882,16799961039329118,167999610.39329118,boundary probe
S4,S4,Idealized 113/114 cap-derived geometric schedule,320460000,874,0.00000874,16799961039330000,167999610.39330000,boundary probe
S4,S4,Idealized 113/114 cap-derived geometric schedule,320460001,874,0.00000874,16799961039330874,167999610.39330874,boundary probe
S4,S4,Idealized 113/114 cap-derived geometric schedule,320669999,874,0.00000874,16799961222869126,167999612.22869126,boundary probe
S4,S4,Idealized 113/114 cap-derived geometric schedule,320670000,866,0.00000866,16799961222870000,167999612.22870000,boundary probe
S4,S4,Idealized 113/114 cap-derived geometric schedule,320670001,866,0.00000866,16799961222870866,167999612.22870866,boundary probe
S4,S4,Idealized 113/114 cap-derived geometric schedule,320879999,866,0.00000866,16799961404729134,167999614.04729134,boundary probe
S4,S4,Idealized 113/114 cap-derived geometric schedule,320880000,858,0.00000858,16799961404730000,167999614.04730000,boundary probe
S4,S4,Idealized 113/114 cap-derived geometric schedule,320880001,858,0.00000858,16799961404730858,167999614.04730858,boundary probe
S4,S4,Idealized 113/114 cap-derived geometric schedule,321089999,858,0.00000858,16799961584909142,167999615.84909142,boundary probe
S4,S4,Idealized 113/114 cap-derived geometric schedule,321090000,850,0.00000850,16799961584910000,167999615.84910000,boundary probe
S4,S4,Idealized 113/114 cap-derived geometric schedule,321090001,850,0.00000850,16799961584910850,167999615.84910850,boundary probe
S4,S4,Idealized 113/114 cap-derived geometric schedule,321299999,850,0.00000850,16799961763409150,167999617.63409150,boundary probe
S4,S4,Idealized 113/114 cap-derived geometric schedule,321300000,842,0.00000842,16799961763410000,167999617.63410000,boundary probe
S4,S4,Idealized 113/114 cap-derived geometric schedule,321300001,842,0.00000842,16799961763410842,167999617.63410842,boundary probe
S4,S4,Idealized 113/114 cap-derived geometric schedule,321509999,842,0.00000842,16799961940229158,167999619.40229158,boundary probe
S4,S4,Idealized 113/114 cap-derived geometric schedule,321510000,834,0.00000834,16799961940230000,167999619.40230000,boundary probe
S4,S4,Idealized 113/114 cap-derived geometric schedule,321510001,834,0.00000834,16799961940230834,167999619.40230834,boundary probe
S4,S4,Idealized 113/114 cap-derived geometric schedule,321719999,834,0.00000834,16799962115369166,167999621.15369166,boundary probe
S4,S4,Idealized 113/114 cap-derived geometric schedule,321720000,826,0.00000826,16799962115370000,167999621.15370000,boundary probe
S4,S4,Idealized 113/114 cap-derived geometric schedule,321720001,826,0.00000826,16799962115370826,167999621.15370826,boundary probe
S4,S4,Idealized 113/114 cap-derived geometric schedule,321929999,826,0.00000826,16799962288829174,167999622.88829174,boundary probe
S4,S4,Idealized 113/114 cap-derived geometric schedule,321930000,818,0.00000818,16799962288830000,167999622.88830000,boundary probe
S4,S4,Idealized 113/114 cap-derived geometric schedule,321930001,818,0.00000818,16799962288830818,167999622.88830818,boundary probe
S4,S4,Idealized 113/114 cap-derived geometric schedule,322139999,818,0.00000818,16799962460609182,167999624.60609182,boundary probe
S4,S4,Idealized 113/114 cap-derived geometric schedule,322140000,810,0.00000810,16799962460610000,167999624.60610000,boundary probe
S4,S4,Idealized 113/114 cap-derived geometric schedule,322140001,810,0.00000810,16799962460610810,167999624.60610810,boundary probe
S4,S4,Idealized 113/114 cap-derived geometric schedule,322349999,810,0.00000810,16799962630709190,167999626.30709190,boundary probe
S4,S4,Idealized 113/114 cap-derived geometric schedule,322350000,802,0.00000802,16799962630710000,167999626.30710000,boundary probe
S4,S4,Idealized 113/114 cap-derived geometric schedule,322350001,802,0.00000802,16799962630710802,167999626.30710802,boundary probe
S4,S4,Idealized 113/114 cap-derived geometric schedule,322559999,802,0.00000802,16799962799129198,167999627.99129198,boundary probe
S4,S4,Idealized 113/114 cap-derived geometric schedule,322560000,794,0.00000794,16799962799130000,167999627.99130000,boundary probe
S4,S4,Idealized 113/114 cap-derived geometric schedule,322560001,794,0.00000794,16799962799130794,167999627.99130794,boundary probe
S4,S4,Idealized 113/114 cap-derived geometric schedule,322769999,794,0.00000794,16799962965869206,167999629.65869206,boundary probe
S4,S4,Idealized 113/114 cap-derived geometric schedule,322770000,787,0.00000787,16799962965870000,167999629.65870000,boundary probe
S4,S4,Idealized 113/114 cap-derived geometric schedule,322770001,787,0.00000787,16799962965870787,167999629.65870787,boundary probe
S4,S4,Idealized 113/114 cap-derived geometric schedule,322979999,787,0.00000787,16799963131139213,167999631.31139213,boundary probe
S4,S4,Idealized 113/114 cap-derived geometric schedule,322980000,780,0.00000780,16799963131140000,167999631.31140000,boundary probe
S4,S4,Idealized 113/114 cap-derived geometric schedule,322980001,780,0.00000780,16799963131140780,167999631.31140780,boundary probe
S4,S4,Idealized 113/114 cap-derived geometric schedule,323189999,780,0.00000780,16799963294939220,167999632.94939220,boundary probe
S4,S4,Idealized 113/114 cap-derived geometric schedule,323190000,773,0.00000773,16799963294940000,167999632.94940000,boundary probe
S4,S4,Idealized 113/114 cap-derived geometric schedule,323190001,773,0.00000773,16799963294940773,167999632.94940773,boundary probe
S4,S4,Idealized 113/114 cap-derived geometric schedule,323399999,773,0.00000773,16799963457269227,167999634.57269227,boundary probe
S4,S4,Idealized 113/114 cap-derived geometric schedule,323400000,766,0.00000766,16799963457270000,167999634.57270000,boundary probe
S4,S4,Idealized 113/114 cap-derived geometric schedule,323400001,766,0.00000766,16799963457270766,167999634.57270766,boundary probe
S4,S4,Idealized 113/114 cap-derived geometric schedule,323609999,766,0.00000766,16799963618129234,167999636.18129234,boundary probe
S4,S4,Idealized 113/114 cap-derived geometric schedule,323610000,759,0.00000759,16799963618130000,167999636.18130000,boundary probe
S4,S4,Idealized 113/114 cap-derived geometric schedule,323610001,759,0.00000759,16799963618130759,167999636.18130759,boundary probe
S4,S4,Idealized 113/114 cap-derived geometric schedule,323819999,759,0.00000759,16799963777519241,167999637.77519241,boundary probe
S4,S4,Idealized 113/114 cap-derived geometric schedule,323820000,752,0.00000752,16799963777520000,167999637.77520000,boundary probe
S4,S4,Idealized 113/114 cap-derived geometric schedule,323820001,752,0.00000752,16799963777520752,167999637.77520752,boundary probe
S4,S4,Idealized 113/114 cap-derived geometric schedule,324029999,752,0.00000752,16799963935439248,167999639.35439248,boundary probe
S4,S4,Idealized 113/114 cap-derived geometric schedule,324030000,745,0.00000745,16799963935440000,167999639.35440000,boundary probe
S4,S4,Idealized 113/114 cap-derived geometric schedule,324030001,745,0.00000745,16799963935440745,167999639.35440745,boundary probe
S4,S4,Idealized 113/114 cap-derived geometric schedule,324239999,745,0.00000745,16799964091889255,167999640.91889255,boundary probe
S4,S4,Idealized 113/114 cap-derived geometric schedule,324240000,738,0.00000738,16799964091890000,167999640.91890000,boundary probe
S4,S4,Idealized 113/114 cap-derived geometric schedule,324240001,738,0.00000738,16799964091890738,167999640.91890738,boundary probe
S4,S4,Idealized 113/114 cap-derived geometric schedule,324449999,738,0.00000738,16799964246869262,167999642.46869262,boundary probe
S4,S4,Idealized 113/114 cap-derived geometric schedule,324450000,731,0.00000731,16799964246870000,167999642.46870000,boundary probe
S4,S4,Idealized 113/114 cap-derived geometric schedule,324450001,731,0.00000731,16799964246870731,167999642.46870731,boundary probe
S4,S4,Idealized 113/114 cap-derived geometric schedule,324659999,731,0.00000731,16799964400379269,167999644.00379269,boundary probe
S4,S4,Idealized 113/114 cap-derived geometric schedule,324660000,724,0.00000724,16799964400380000,167999644.00380000,boundary probe
S4,S4,Idealized 113/114 cap-derived geometric schedule,324660001,724,0.00000724,16799964400380724,167999644.00380724,boundary probe
S4,S4,Idealized 113/114 cap-derived geometric schedule,324869999,724,0.00000724,16799964552419276,167999645.52419276,boundary probe
S4,S4,Idealized 113/114 cap-derived geometric schedule,324870000,717,0.00000717,16799964552420000,167999645.52420000,boundary probe
S4,S4,Idealized 113/114 cap-derived geometric schedule,324870001,717,0.00000717,16799964552420717,167999645.52420717,boundary probe
S4,S4,Idealized 113/114 cap-derived geometric schedule,325079999,717,0.00000717,16799964702989283,167999647.02989283,boundary probe
S4,S4,Idealized 113/114 cap-derived geometric schedule,325080000,710,0.00000710,16799964702990000,167999647.02990000,boundary probe
S4,S4,Idealized 113/114 cap-derived geometric schedule,325080001,710,0.00000710,16799964702990710,167999647.02990710,boundary probe
S4,S4,Idealized 113/114 cap-derived geometric schedule,325289999,710,0.00000710,16799964852089290,167999648.52089290,boundary probe
S4,S4,Idealized 113/114 cap-derived geometric schedule,325290000,703,0.00000703,16799964852090000,167999648.52090000,boundary probe
S4,S4,Idealized 113/114 cap-derived geometric schedule,325290001,703,0.00000703,16799964852090703,167999648.52090703,boundary probe
S4,S4,Idealized 113/114 cap-derived geometric schedule,325499999,703,0.00000703,16799964999719297,167999649.99719297,boundary probe
S4,S4,Idealized 113/114 cap-derived geometric schedule,325500000,696,0.00000696,16799964999720000,167999649.99720000,boundary probe
S4,S4,Idealized 113/114 cap-derived geometric schedule,325500001,696,0.00000696,16799964999720696,167999649.99720696,boundary probe
S4,S4,Idealized 113/114 cap-derived geometric schedule,325709999,696,0.00000696,16799965145879304,167999651.45879304,boundary probe
S4,S4,Idealized 113/114 cap-derived geometric schedule,325710000,689,0.00000689,16799965145880000,167999651.45880000,boundary probe
S4,S4,Idealized 113/114 cap-derived geometric schedule,325710001,689,0.00000689,16799965145880689,167999651.45880689,boundary probe
S4,S4,Idealized 113/114 cap-derived geometric schedule,325919999,689,0.00000689,16799965290569311,167999652.90569311,boundary probe
S4,S4,Idealized 113/114 cap-derived geometric schedule,325920000,682,0.00000682,16799965290570000,167999652.90570000,boundary probe
S4,S4,Idealized 113/114 cap-derived geometric schedule,325920001,682,0.00000682,16799965290570682,167999652.90570682,boundary probe
S4,S4,Idealized 113/114 cap-derived geometric schedule,326129999,682,0.00000682,16799965433789318,167999654.33789318,boundary probe
S4,S4,Idealized 113/114 cap-derived geometric schedule,326130000,676,0.00000676,16799965433790000,167999654.33790000,boundary probe
S4,S4,Idealized 113/114 cap-derived geometric schedule,326130001,676,0.00000676,16799965433790676,167999654.33790676,boundary probe
S4,S4,Idealized 113/114 cap-derived geometric schedule,326339999,676,0.00000676,16799965575749324,167999655.75749324,boundary probe
S4,S4,Idealized 113/114 cap-derived geometric schedule,326340000,670,0.00000670,16799965575750000,167999655.75750000,boundary probe
S4,S4,Idealized 113/114 cap-derived geometric schedule,326340001,670,0.00000670,16799965575750670,167999655.75750670,boundary probe
S4,S4,Idealized 113/114 cap-derived geometric schedule,326549999,670,0.00000670,16799965716449330,167999657.16449330,boundary probe
S4,S4,Idealized 113/114 cap-derived geometric schedule,326550000,664,0.00000664,16799965716450000,167999657.16450000,boundary probe
S4,S4,Idealized 113/114 cap-derived geometric schedule,326550001,664,0.00000664,16799965716450664,167999657.16450664,boundary probe
S4,S4,Idealized 113/114 cap-derived geometric schedule,326759999,664,0.00000664,16799965855889336,167999658.55889336,boundary probe
S4,S4,Idealized 113/114 cap-derived geometric schedule,326760000,658,0.00000658,16799965855890000,167999658.55890000,boundary probe
S4,S4,Idealized 113/114 cap-derived geometric schedule,326760001,658,0.00000658,16799965855890658,167999658.55890658,boundary probe
S4,S4,Idealized 113/114 cap-derived geometric schedule,326969999,658,0.00000658,16799965994069342,167999659.94069342,boundary probe
S4,S4,Idealized 113/114 cap-derived geometric schedule,326970000,652,0.00000652,16799965994070000,167999659.94070000,boundary probe
S4,S4,Idealized 113/114 cap-derived geometric schedule,326970001,652,0.00000652,16799965994070652,167999659.94070652,boundary probe
S4,S4,Idealized 113/114 cap-derived geometric schedule,327179999,652,0.00000652,16799966130989348,167999661.30989348,boundary probe
S4,S4,Idealized 113/114 cap-derived geometric schedule,327180000,646,0.00000646,16799966130990000,167999661.30990000,boundary probe
S4,S4,Idealized 113/114 cap-derived geometric schedule,327180001,646,0.00000646,16799966130990646,167999661.30990646,boundary probe
S4,S4,Idealized 113/114 cap-derived geometric schedule,327389999,646,0.00000646,16799966266649354,167999662.66649354,boundary probe
S4,S4,Idealized 113/114 cap-derived geometric schedule,327390000,640,0.00000640,16799966266650000,167999662.66650000,boundary probe
S4,S4,Idealized 113/114 cap-derived geometric schedule,327390001,640,0.00000640,16799966266650640,167999662.66650640,boundary probe
S4,S4,Idealized 113/114 cap-derived geometric schedule,327599999,640,0.00000640,16799966401049360,167999664.01049360,boundary probe
S4,S4,Idealized 113/114 cap-derived geometric schedule,327600000,634,0.00000634,16799966401050000,167999664.01050000,boundary probe
S4,S4,Idealized 113/114 cap-derived geometric schedule,327600001,634,0.00000634,16799966401050634,167999664.01050634,boundary probe
S4,S4,Idealized 113/114 cap-derived geometric schedule,327809999,634,0.00000634,16799966534189366,167999665.34189366,boundary probe
S4,S4,Idealized 113/114 cap-derived geometric schedule,327810000,628,0.00000628,16799966534190000,167999665.34190000,boundary probe
S4,S4,Idealized 113/114 cap-derived geometric schedule,327810001,628,0.00000628,16799966534190628,167999665.34190628,boundary probe
S4,S4,Idealized 113/114 cap-derived geometric schedule,328019999,628,0.00000628,16799966666069372,167999666.66069372,boundary probe
S4,S4,Idealized 113/114 cap-derived geometric schedule,328020000,622,0.00000622,16799966666070000,167999666.66070000,boundary probe
S4,S4,Idealized 113/114 cap-derived geometric schedule,328020001,622,0.00000622,16799966666070622,167999666.66070622,boundary probe
S4,S4,Idealized 113/114 cap-derived geometric schedule,328229999,622,0.00000622,16799966796689378,167999667.96689378,boundary probe
S4,S4,Idealized 113/114 cap-derived geometric schedule,328230000,616,0.00000616,16799966796690000,167999667.96690000,boundary probe
S4,S4,Idealized 113/114 cap-derived geometric schedule,328230001,616,0.00000616,16799966796690616,167999667.96690616,boundary probe
S4,S4,Idealized 113/114 cap-derived geometric schedule,328439999,616,0.00000616,16799966926049384,167999669.26049384,boundary probe
S4,S4,Idealized 113/114 cap-derived geometric schedule,328440000,610,0.00000610,16799966926050000,167999669.26050000,boundary probe
S4,S4,Idealized 113/114 cap-derived geometric schedule,328440001,610,0.00000610,16799966926050610,167999669.26050610,boundary probe
S4,S4,Idealized 113/114 cap-derived geometric schedule,328649999,610,0.00000610,16799967054149390,167999670.54149390,boundary probe
S4,S4,Idealized 113/114 cap-derived geometric schedule,328650000,604,0.00000604,16799967054150000,167999670.54150000,boundary probe
S4,S4,Idealized 113/114 cap-derived geometric schedule,328650001,604,0.00000604,16799967054150604,167999670.54150604,boundary probe
S4,S4,Idealized 113/114 cap-derived geometric schedule,328859999,604,0.00000604,16799967180989396,167999671.80989396,boundary probe
S4,S4,Idealized 113/114 cap-derived geometric schedule,328860000,598,0.00000598,16799967180990000,167999671.80990000,boundary probe
S4,S4,Idealized 113/114 cap-derived geometric schedule,328860001,598,0.00000598,16799967180990598,167999671.80990598,boundary probe
S4,S4,Idealized 113/114 cap-derived geometric schedule,329069999,598,0.00000598,16799967306569402,167999673.06569402,boundary probe
S4,S4,Idealized 113/114 cap-derived geometric schedule,329070000,592,0.00000592,16799967306570000,167999673.06570000,boundary probe
S4,S4,Idealized 113/114 cap-derived geometric schedule,329070001,592,0.00000592,16799967306570592,167999673.06570592,boundary probe
S4,S4,Idealized 113/114 cap-derived geometric schedule,329279999,592,0.00000592,16799967430889408,167999674.30889408,boundary probe
S4,S4,Idealized 113/114 cap-derived geometric schedule,329280000,586,0.00000586,16799967430890000,167999674.30890000,boundary probe
S4,S4,Idealized 113/114 cap-derived geometric schedule,329280001,586,0.00000586,16799967430890586,167999674.30890586,boundary probe
S4,S4,Idealized 113/114 cap-derived geometric schedule,329489999,586,0.00000586,16799967553949414,167999675.53949414,boundary probe
S4,S4,Idealized 113/114 cap-derived geometric schedule,329490000,580,0.00000580,16799967553950000,167999675.53950000,boundary probe
S4,S4,Idealized 113/114 cap-derived geometric schedule,329490001,580,0.00000580,16799967553950580,167999675.53950580,boundary probe
S4,S4,Idealized 113/114 cap-derived geometric schedule,329699999,580,0.00000580,16799967675749420,167999676.75749420,boundary probe
S4,S4,Idealized 113/114 cap-derived geometric schedule,329700000,574,0.00000574,16799967675750000,167999676.75750000,boundary probe
S4,S4,Idealized 113/114 cap-derived geometric schedule,329700001,574,0.00000574,16799967675750574,167999676.75750574,boundary probe
S4,S4,Idealized 113/114 cap-derived geometric schedule,329909999,574,0.00000574,16799967796289426,167999677.96289426,boundary probe
S4,S4,Idealized 113/114 cap-derived geometric schedule,329910000,568,0.00000568,16799967796290000,167999677.96290000,boundary probe
S4,S4,Idealized 113/114 cap-derived geometric schedule,329910001,568,0.00000568,16799967796290568,167999677.96290568,boundary probe
S4,S4,Idealized 113/114 cap-derived geometric schedule,330119999,568,0.00000568,16799967915569432,167999679.15569432,boundary probe
S4,S4,Idealized 113/114 cap-derived geometric schedule,330120000,563,0.00000563,16799967915570000,167999679.15570000,boundary probe
S4,S4,Idealized 113/114 cap-derived geometric schedule,330120001,563,0.00000563,16799967915570563,167999679.15570563,boundary probe
S4,S4,Idealized 113/114 cap-derived geometric schedule,330329999,563,0.00000563,16799968033799437,167999680.33799437,boundary probe
S4,S4,Idealized 113/114 cap-derived geometric schedule,330330000,558,0.00000558,16799968033800000,167999680.33800000,boundary probe
S4,S4,Idealized 113/114 cap-derived geometric schedule,330330001,558,0.00000558,16799968033800558,167999680.33800558,boundary probe
S4,S4,Idealized 113/114 cap-derived geometric schedule,330539999,558,0.00000558,16799968150979442,167999681.50979442,boundary probe
S4,S4,Idealized 113/114 cap-derived geometric schedule,330540000,553,0.00000553,16799968150980000,167999681.50980000,boundary probe
S4,S4,Idealized 113/114 cap-derived geometric schedule,330540001,553,0.00000553,16799968150980553,167999681.50980553,boundary probe
S4,S4,Idealized 113/114 cap-derived geometric schedule,330749999,553,0.00000553,16799968267109447,167999682.67109447,boundary probe
S4,S4,Idealized 113/114 cap-derived geometric schedule,330750000,548,0.00000548,16799968267110000,167999682.67110000,boundary probe
S4,S4,Idealized 113/114 cap-derived geometric schedule,330750001,548,0.00000548,16799968267110548,167999682.67110548,boundary probe
S4,S4,Idealized 113/114 cap-derived geometric schedule,330959999,548,0.00000548,16799968382189452,167999683.82189452,boundary probe
S4,S4,Idealized 113/114 cap-derived geometric schedule,330960000,543,0.00000543,16799968382190000,167999683.82190000,boundary probe
S4,S4,Idealized 113/114 cap-derived geometric schedule,330960001,543,0.00000543,16799968382190543,167999683.82190543,boundary probe
S4,S4,Idealized 113/114 cap-derived geometric schedule,331169999,543,0.00000543,16799968496219457,167999684.96219457,boundary probe
S4,S4,Idealized 113/114 cap-derived geometric schedule,331170000,538,0.00000538,16799968496220000,167999684.96220000,boundary probe
S4,S4,Idealized 113/114 cap-derived geometric schedule,331170001,538,0.00000538,16799968496220538,167999684.96220538,boundary probe
S4,S4,Idealized 113/114 cap-derived geometric schedule,331379999,538,0.00000538,16799968609199462,167999686.09199462,boundary probe
S4,S4,Idealized 113/114 cap-derived geometric schedule,331380000,533,0.00000533,16799968609200000,167999686.09200000,boundary probe
S4,S4,Idealized 113/114 cap-derived geometric schedule,331380001,533,0.00000533,16799968609200533,167999686.09200533,boundary probe
S4,S4,Idealized 113/114 cap-derived geometric schedule,331589999,533,0.00000533,16799968721129467,167999687.21129467,boundary probe
S4,S4,Idealized 113/114 cap-derived geometric schedule,331590000,528,0.00000528,16799968721130000,167999687.21130000,boundary probe
S4,S4,Idealized 113/114 cap-derived geometric schedule,331590001,528,0.00000528,16799968721130528,167999687.21130528,boundary probe
S4,S4,Idealized 113/114 cap-derived geometric schedule,331799999,528,0.00000528,16799968832009472,167999688.32009472,boundary probe
S4,S4,Idealized 113/114 cap-derived geometric schedule,331800000,523,0.00000523,16799968832010000,167999688.32010000,boundary probe
S4,S4,Idealized 113/114 cap-derived geometric schedule,331800001,523,0.00000523,16799968832010523,167999688.32010523,boundary probe
S4,S4,Idealized 113/114 cap-derived geometric schedule,332009999,523,0.00000523,16799968941839477,167999689.41839477,boundary probe
S4,S4,Idealized 113/114 cap-derived geometric schedule,332010000,518,0.00000518,16799968941840000,167999689.41840000,boundary probe
S4,S4,Idealized 113/114 cap-derived geometric schedule,332010001,518,0.00000518,16799968941840518,167999689.41840518,boundary probe
S4,S4,Idealized 113/114 cap-derived geometric schedule,332219999,518,0.00000518,16799969050619482,167999690.50619482,boundary probe
S4,S4,Idealized 113/114 cap-derived geometric schedule,332220000,513,0.00000513,16799969050620000,167999690.50620000,boundary probe
S4,S4,Idealized 113/114 cap-derived geometric schedule,332220001,513,0.00000513,16799969050620513,167999690.50620513,boundary probe
S4,S4,Idealized 113/114 cap-derived geometric schedule,332429999,513,0.00000513,16799969158349487,167999691.58349487,boundary probe
S4,S4,Idealized 113/114 cap-derived geometric schedule,332430000,508,0.00000508,16799969158350000,167999691.58350000,boundary probe
S4,S4,Idealized 113/114 cap-derived geometric schedule,332430001,508,0.00000508,16799969158350508,167999691.58350508,boundary probe
S4,S4,Idealized 113/114 cap-derived geometric schedule,332639999,508,0.00000508,16799969265029492,167999692.65029492,boundary probe
S4,S4,Idealized 113/114 cap-derived geometric schedule,332640000,503,0.00000503,16799969265030000,167999692.65030000,boundary probe
S4,S4,Idealized 113/114 cap-derived geometric schedule,332640001,503,0.00000503,16799969265030503,167999692.65030503,boundary probe
S4,S4,Idealized 113/114 cap-derived geometric schedule,332849999,503,0.00000503,16799969370659497,167999693.70659497,boundary probe
S4,S4,Idealized 113/114 cap-derived geometric schedule,332850000,498,0.00000498,16799969370660000,167999693.70660000,boundary probe
S4,S4,Idealized 113/114 cap-derived geometric schedule,332850001,498,0.00000498,16799969370660498,167999693.70660498,boundary probe
S4,S4,Idealized 113/114 cap-derived geometric schedule,333059999,498,0.00000498,16799969475239502,167999694.75239502,boundary probe
S4,S4,Idealized 113/114 cap-derived geometric schedule,333060000,493,0.00000493,16799969475240000,167999694.75240000,boundary probe
S4,S4,Idealized 113/114 cap-derived geometric schedule,333060001,493,0.00000493,16799969475240493,167999694.75240493,boundary probe
S4,S4,Idealized 113/114 cap-derived geometric schedule,333269999,493,0.00000493,16799969578769507,167999695.78769507,boundary probe
S4,S4,Idealized 113/114 cap-derived geometric schedule,333270000,488,0.00000488,16799969578770000,167999695.78770000,boundary probe
S4,S4,Idealized 113/114 cap-derived geometric schedule,333270001,488,0.00000488,16799969578770488,167999695.78770488,boundary probe
S4,S4,Idealized 113/114 cap-derived geometric schedule,333479999,488,0.00000488,16799969681249512,167999696.81249512,boundary probe
S4,S4,Idealized 113/114 cap-derived geometric schedule,333480000,483,0.00000483,16799969681250000,167999696.81250000,boundary probe
S4,S4,Idealized 113/114 cap-derived geometric schedule,333480001,483,0.00000483,16799969681250483,167999696.81250483,boundary probe
S4,S4,Idealized 113/114 cap-derived geometric schedule,333689999,483,0.00000483,16799969782679517,167999697.82679517,boundary probe
S4,S4,Idealized 113/114 cap-derived geometric schedule,333690000,478,0.00000478,16799969782680000,167999697.82680000,boundary probe
S4,S4,Idealized 113/114 cap-derived geometric schedule,333690001,478,0.00000478,16799969782680478,167999697.82680478,boundary probe
S4,S4,Idealized 113/114 cap-derived geometric schedule,333899999,478,0.00000478,16799969883059522,167999698.83059522,boundary probe
S4,S4,Idealized 113/114 cap-derived geometric schedule,333900000,473,0.00000473,16799969883060000,167999698.83060000,boundary probe
S4,S4,Idealized 113/114 cap-derived geometric schedule,333900001,473,0.00000473,16799969883060473,167999698.83060473,boundary probe
S4,S4,Idealized 113/114 cap-derived geometric schedule,334109999,473,0.00000473,16799969982389527,167999699.82389527,boundary probe
S4,S4,Idealized 113/114 cap-derived geometric schedule,334110000,468,0.00000468,16799969982390000,167999699.82390000,boundary probe
S4,S4,Idealized 113/114 cap-derived geometric schedule,334110001,468,0.00000468,16799969982390468,167999699.82390468,boundary probe
S4,S4,Idealized 113/114 cap-derived geometric schedule,334319999,468,0.00000468,16799970080669532,167999700.80669532,boundary probe
S4,S4,Idealized 113/114 cap-derived geometric schedule,334320000,463,0.00000463,16799970080670000,167999700.80670000,boundary probe
S4,S4,Idealized 113/114 cap-derived geometric schedule,334320001,463,0.00000463,16799970080670463,167999700.80670463,boundary probe
S4,S4,Idealized 113/114 cap-derived geometric schedule,334529999,463,0.00000463,16799970177899537,167999701.77899537,boundary probe
S4,S4,Idealized 113/114 cap-derived geometric schedule,334530000,458,0.00000458,16799970177900000,167999701.77900000,boundary probe
S4,S4,Idealized 113/114 cap-derived geometric schedule,334530001,458,0.00000458,16799970177900458,167999701.77900458,boundary probe
S4,S4,Idealized 113/114 cap-derived geometric schedule,334739999,458,0.00000458,16799970274079542,167999702.74079542,boundary probe
S4,S4,Idealized 113/114 cap-derived geometric schedule,334740000,453,0.00000453,16799970274080000,167999702.74080000,boundary probe
S4,S4,Idealized 113/114 cap-derived geometric schedule,334740001,453,0.00000453,16799970274080453,167999702.74080453,boundary probe
S4,S4,Idealized 113/114 cap-derived geometric schedule,334949999,453,0.00000453,16799970369209547,167999703.69209547,boundary probe
S4,S4,Idealized 113/114 cap-derived geometric schedule,334950000,449,0.00000449,16799970369210000,167999703.69210000,boundary probe
S4,S4,Idealized 113/114 cap-derived geometric schedule,334950001,449,0.00000449,16799970369210449,167999703.69210449,boundary probe
S4,S4,Idealized 113/114 cap-derived geometric schedule,335159999,449,0.00000449,16799970463499551,167999704.63499551,boundary probe
S4,S4,Idealized 113/114 cap-derived geometric schedule,335160000,445,0.00000445,16799970463500000,167999704.63500000,boundary probe
S4,S4,Idealized 113/114 cap-derived geometric schedule,335160001,445,0.00000445,16799970463500445,167999704.63500445,boundary probe
S4,S4,Idealized 113/114 cap-derived geometric schedule,335369999,445,0.00000445,16799970556949555,167999705.56949555,boundary probe
S4,S4,Idealized 113/114 cap-derived geometric schedule,335370000,441,0.00000441,16799970556950000,167999705.56950000,boundary probe
S4,S4,Idealized 113/114 cap-derived geometric schedule,335370001,441,0.00000441,16799970556950441,167999705.56950441,boundary probe
S4,S4,Idealized 113/114 cap-derived geometric schedule,335579999,441,0.00000441,16799970649559559,167999706.49559559,boundary probe
S4,S4,Idealized 113/114 cap-derived geometric schedule,335580000,437,0.00000437,16799970649560000,167999706.49560000,boundary probe
S4,S4,Idealized 113/114 cap-derived geometric schedule,335580001,437,0.00000437,16799970649560437,167999706.49560437,boundary probe
S4,S4,Idealized 113/114 cap-derived geometric schedule,335789999,437,0.00000437,16799970741329563,167999707.41329563,boundary probe
S4,S4,Idealized 113/114 cap-derived geometric schedule,335790000,433,0.00000433,16799970741330000,167999707.41330000,boundary probe
S4,S4,Idealized 113/114 cap-derived geometric schedule,335790001,433,0.00000433,16799970741330433,167999707.41330433,boundary probe
S4,S4,Idealized 113/114 cap-derived geometric schedule,335999999,433,0.00000433,16799970832259567,167999708.32259567,boundary probe
S4,S4,Idealized 113/114 cap-derived geometric schedule,336000000,429,0.00000429,16799970832260000,167999708.32260000,boundary probe
S4,S4,Idealized 113/114 cap-derived geometric schedule,336000001,429,0.00000429,16799970832260429,167999708.32260429,boundary probe
S4,S4,Idealized 113/114 cap-derived geometric schedule,336209999,429,0.00000429,16799970922349571,167999709.22349571,boundary probe
S4,S4,Idealized 113/114 cap-derived geometric schedule,336210000,425,0.00000425,16799970922350000,167999709.22350000,boundary probe
S4,S4,Idealized 113/114 cap-derived geometric schedule,336210001,425,0.00000425,16799970922350425,167999709.22350425,boundary probe
S4,S4,Idealized 113/114 cap-derived geometric schedule,336419999,425,0.00000425,16799971011599575,167999710.11599575,boundary probe
S4,S4,Idealized 113/114 cap-derived geometric schedule,336420000,421,0.00000421,16799971011600000,167999710.11600000,boundary probe
S4,S4,Idealized 113/114 cap-derived geometric schedule,336420001,421,0.00000421,16799971011600421,167999710.11600421,boundary probe
S4,S4,Idealized 113/114 cap-derived geometric schedule,336629999,421,0.00000421,16799971100009579,167999711.00009579,boundary probe
S4,S4,Idealized 113/114 cap-derived geometric schedule,336630000,417,0.00000417,16799971100010000,167999711.00010000,boundary probe
S4,S4,Idealized 113/114 cap-derived geometric schedule,336630001,417,0.00000417,16799971100010417,167999711.00010417,boundary probe
S4,S4,Idealized 113/114 cap-derived geometric schedule,336839999,417,0.00000417,16799971187579583,167999711.87579583,boundary probe
S4,S4,Idealized 113/114 cap-derived geometric schedule,336840000,413,0.00000413,16799971187580000,167999711.87580000,boundary probe
S4,S4,Idealized 113/114 cap-derived geometric schedule,336840001,413,0.00000413,16799971187580413,167999711.87580413,boundary probe
S4,S4,Idealized 113/114 cap-derived geometric schedule,337049999,413,0.00000413,16799971274309587,167999712.74309587,boundary probe
S4,S4,Idealized 113/114 cap-derived geometric schedule,337050000,409,0.00000409,16799971274310000,167999712.74310000,boundary probe
S4,S4,Idealized 113/114 cap-derived geometric schedule,337050001,409,0.00000409,16799971274310409,167999712.74310409,boundary probe
S4,S4,Idealized 113/114 cap-derived geometric schedule,337259999,409,0.00000409,16799971360199591,167999713.60199591,boundary probe
S4,S4,Idealized 113/114 cap-derived geometric schedule,337260000,405,0.00000405,16799971360200000,167999713.60200000,boundary probe
S4,S4,Idealized 113/114 cap-derived geometric schedule,337260001,405,0.00000405,16799971360200405,167999713.60200405,boundary probe
S4,S4,Idealized 113/114 cap-derived geometric schedule,337469999,405,0.00000405,16799971445249595,167999714.45249595,boundary probe
S4,S4,Idealized 113/114 cap-derived geometric schedule,337470000,401,0.00000401,16799971445250000,167999714.45250000,boundary probe
S4,S4,Idealized 113/114 cap-derived geometric schedule,337470001,401,0.00000401,16799971445250401,167999714.45250401,boundary probe
S4,S4,Idealized 113/114 cap-derived geometric schedule,337679999,401,0.00000401,16799971529459599,167999715.29459599,boundary probe
S4,S4,Idealized 113/114 cap-derived geometric schedule,337680000,397,0.00000397,16799971529460000,167999715.29460000,boundary probe
S4,S4,Idealized 113/114 cap-derived geometric schedule,337680001,397,0.00000397,16799971529460397,167999715.29460397,boundary probe
S4,S4,Idealized 113/114 cap-derived geometric schedule,337889999,397,0.00000397,16799971612829603,167999716.12829603,boundary probe
S4,S4,Idealized 113/114 cap-derived geometric schedule,337890000,393,0.00000393,16799971612830000,167999716.12830000,boundary probe
S4,S4,Idealized 113/114 cap-derived geometric schedule,337890001,393,0.00000393,16799971612830393,167999716.12830393,boundary probe
S4,S4,Idealized 113/114 cap-derived geometric schedule,338099999,393,0.00000393,16799971695359607,167999716.95359607,boundary probe
S4,S4,Idealized 113/114 cap-derived geometric schedule,338100000,389,0.00000389,16799971695360000,167999716.95360000,boundary probe
S4,S4,Idealized 113/114 cap-derived geometric schedule,338100001,389,0.00000389,16799971695360389,167999716.95360389,boundary probe
S4,S4,Idealized 113/114 cap-derived geometric schedule,338309999,389,0.00000389,16799971777049611,167999717.77049611,boundary probe
S4,S4,Idealized 113/114 cap-derived geometric schedule,338310000,385,0.00000385,16799971777050000,167999717.77050000,boundary probe
S4,S4,Idealized 113/114 cap-derived geometric schedule,338310001,385,0.00000385,16799971777050385,167999717.77050385,boundary probe
S4,S4,Idealized 113/114 cap-derived geometric schedule,338519999,385,0.00000385,16799971857899615,167999718.57899615,boundary probe
S4,S4,Idealized 113/114 cap-derived geometric schedule,338520000,381,0.00000381,16799971857900000,167999718.57900000,boundary probe
S4,S4,Idealized 113/114 cap-derived geometric schedule,338520001,381,0.00000381,16799971857900381,167999718.57900381,boundary probe
S4,S4,Idealized 113/114 cap-derived geometric schedule,338729999,381,0.00000381,16799971937909619,167999719.37909619,boundary probe
S4,S4,Idealized 113/114 cap-derived geometric schedule,338730000,377,0.00000377,16799971937910000,167999719.37910000,boundary probe
S4,S4,Idealized 113/114 cap-derived geometric schedule,338730001,377,0.00000377,16799971937910377,167999719.37910377,boundary probe
S4,S4,Idealized 113/114 cap-derived geometric schedule,338939999,377,0.00000377,16799972017079623,167999720.17079623,boundary probe
S4,S4,Idealized 113/114 cap-derived geometric schedule,338940000,373,0.00000373,16799972017080000,167999720.17080000,boundary probe
S4,S4,Idealized 113/114 cap-derived geometric schedule,338940001,373,0.00000373,16799972017080373,167999720.17080373,boundary probe
S4,S4,Idealized 113/114 cap-derived geometric schedule,339149999,373,0.00000373,16799972095409627,167999720.95409627,boundary probe
S4,S4,Idealized 113/114 cap-derived geometric schedule,339150000,369,0.00000369,16799972095410000,167999720.95410000,boundary probe
S4,S4,Idealized 113/114 cap-derived geometric schedule,339150001,369,0.00000369,16799972095410369,167999720.95410369,boundary probe
S4,S4,Idealized 113/114 cap-derived geometric schedule,339359999,369,0.00000369,16799972172899631,167999721.72899631,boundary probe
S4,S4,Idealized 113/114 cap-derived geometric schedule,339360000,365,0.00000365,16799972172900000,167999721.72900000,boundary probe
S4,S4,Idealized 113/114 cap-derived geometric schedule,339360001,365,0.00000365,16799972172900365,167999721.72900365,boundary probe
S4,S4,Idealized 113/114 cap-derived geometric schedule,339569999,365,0.00000365,16799972249549635,167999722.49549635,boundary probe
S4,S4,Idealized 113/114 cap-derived geometric schedule,339570000,361,0.00000361,16799972249550000,167999722.49550000,boundary probe
S4,S4,Idealized 113/114 cap-derived geometric schedule,339570001,361,0.00000361,16799972249550361,167999722.49550361,boundary probe
S4,S4,Idealized 113/114 cap-derived geometric schedule,339779999,361,0.00000361,16799972325359639,167999723.25359639,boundary probe
S4,S4,Idealized 113/114 cap-derived geometric schedule,339780000,357,0.00000357,16799972325360000,167999723.25360000,boundary probe
S4,S4,Idealized 113/114 cap-derived geometric schedule,339780001,357,0.00000357,16799972325360357,167999723.25360357,boundary probe
S4,S4,Idealized 113/114 cap-derived geometric schedule,339989999,357,0.00000357,16799972400329643,167999724.00329643,boundary probe
S4,S4,Idealized 113/114 cap-derived geometric schedule,339990000,353,0.00000353,16799972400330000,167999724.00330000,boundary probe
S4,S4,Idealized 113/114 cap-derived geometric schedule,339990001,353,0.00000353,16799972400330353,167999724.00330353,boundary probe
S4,S4,Idealized 113/114 cap-derived geometric schedule,340199999,353,0.00000353,16799972474459647,167999724.74459647,boundary probe
S4,S4,Idealized 113/114 cap-derived geometric schedule,340200000,349,0.00000349,16799972474460000,167999724.74460000,boundary probe
S4,S4,Idealized 113/114 cap-derived geometric schedule,340200001,349,0.00000349,16799972474460349,167999724.74460349,boundary probe
S4,S4,Idealized 113/114 cap-derived geometric schedule,340409999,349,0.00000349,16799972547749651,167999725.47749651,boundary probe
S4,S4,Idealized 113/114 cap-derived geometric schedule,340410000,345,0.00000345,16799972547750000,167999725.47750000,boundary probe
S4,S4,Idealized 113/114 cap-derived geometric schedule,340410001,345,0.00000345,16799972547750345,167999725.47750345,boundary probe
S4,S4,Idealized 113/114 cap-derived geometric schedule,340619999,345,0.00000345,16799972620199655,167999726.20199655,boundary probe
S4,S4,Idealized 113/114 cap-derived geometric schedule,340620000,341,0.00000341,16799972620200000,167999726.20200000,boundary probe
S4,S4,Idealized 113/114 cap-derived geometric schedule,340620001,341,0.00000341,16799972620200341,167999726.20200341,boundary probe
S4,S4,Idealized 113/114 cap-derived geometric schedule,340829999,341,0.00000341,16799972691809659,167999726.91809659,boundary probe
S4,S4,Idealized 113/114 cap-derived geometric schedule,340830000,338,0.00000338,16799972691810000,167999726.91810000,boundary probe
S4,S4,Idealized 113/114 cap-derived geometric schedule,340830001,338,0.00000338,16799972691810338,167999726.91810338,boundary probe
S4,S4,Idealized 113/114 cap-derived geometric schedule,341039999,338,0.00000338,16799972762789662,167999727.62789662,boundary probe
S4,S4,Idealized 113/114 cap-derived geometric schedule,341040000,335,0.00000335,16799972762790000,167999727.62790000,boundary probe
S4,S4,Idealized 113/114 cap-derived geometric schedule,341040001,335,0.00000335,16799972762790335,167999727.62790335,boundary probe
S4,S4,Idealized 113/114 cap-derived geometric schedule,341249999,335,0.00000335,16799972833139665,167999728.33139665,boundary probe
S4,S4,Idealized 113/114 cap-derived geometric schedule,341250000,332,0.00000332,16799972833140000,167999728.33140000,boundary probe
S4,S4,Idealized 113/114 cap-derived geometric schedule,341250001,332,0.00000332,16799972833140332,167999728.33140332,boundary probe
S4,S4,Idealized 113/114 cap-derived geometric schedule,341459999,332,0.00000332,16799972902859668,167999729.02859668,boundary probe
S4,S4,Idealized 113/114 cap-derived geometric schedule,341460000,329,0.00000329,16799972902860000,167999729.02860000,boundary probe
S4,S4,Idealized 113/114 cap-derived geometric schedule,341460001,329,0.00000329,16799972902860329,167999729.02860329,boundary probe
S4,S4,Idealized 113/114 cap-derived geometric schedule,341669999,329,0.00000329,16799972971949671,167999729.71949671,boundary probe
S4,S4,Idealized 113/114 cap-derived geometric schedule,341670000,326,0.00000326,16799972971950000,167999729.71950000,boundary probe
S4,S4,Idealized 113/114 cap-derived geometric schedule,341670001,326,0.00000326,16799972971950326,167999729.71950326,boundary probe
S4,S4,Idealized 113/114 cap-derived geometric schedule,341879999,326,0.00000326,16799973040409674,167999730.40409674,boundary probe
S4,S4,Idealized 113/114 cap-derived geometric schedule,341880000,323,0.00000323,16799973040410000,167999730.40410000,boundary probe
S4,S4,Idealized 113/114 cap-derived geometric schedule,341880001,323,0.00000323,16799973040410323,167999730.40410323,boundary probe
S4,S4,Idealized 113/114 cap-derived geometric schedule,342089999,323,0.00000323,16799973108239677,167999731.08239677,boundary probe
S4,S4,Idealized 113/114 cap-derived geometric schedule,342090000,320,0.00000320,16799973108240000,167999731.08240000,boundary probe
S4,S4,Idealized 113/114 cap-derived geometric schedule,342090001,320,0.00000320,16799973108240320,167999731.08240320,boundary probe
S4,S4,Idealized 113/114 cap-derived geometric schedule,342299999,320,0.00000320,16799973175439680,167999731.75439680,boundary probe
S4,S4,Idealized 113/114 cap-derived geometric schedule,342300000,317,0.00000317,16799973175440000,167999731.75440000,boundary probe
S4,S4,Idealized 113/114 cap-derived geometric schedule,342300001,317,0.00000317,16799973175440317,167999731.75440317,boundary probe
S4,S4,Idealized 113/114 cap-derived geometric schedule,342509999,317,0.00000317,16799973242009683,167999732.42009683,boundary probe
S4,S4,Idealized 113/114 cap-derived geometric schedule,342510000,314,0.00000314,16799973242010000,167999732.42010000,boundary probe
S4,S4,Idealized 113/114 cap-derived geometric schedule,342510001,314,0.00000314,16799973242010314,167999732.42010314,boundary probe
S4,S4,Idealized 113/114 cap-derived geometric schedule,342719999,314,0.00000314,16799973307949686,167999733.07949686,boundary probe
S4,S4,Idealized 113/114 cap-derived geometric schedule,342720000,311,0.00000311,16799973307950000,167999733.07950000,boundary probe
S4,S4,Idealized 113/114 cap-derived geometric schedule,342720001,311,0.00000311,16799973307950311,167999733.07950311,boundary probe
S4,S4,Idealized 113/114 cap-derived geometric schedule,342929999,311,0.00000311,16799973373259689,167999733.73259689,boundary probe
S4,S4,Idealized 113/114 cap-derived geometric schedule,342930000,308,0.00000308,16799973373260000,167999733.73260000,boundary probe
S4,S4,Idealized 113/114 cap-derived geometric schedule,342930001,308,0.00000308,16799973373260308,167999733.73260308,boundary probe
S4,S4,Idealized 113/114 cap-derived geometric schedule,343139999,308,0.00000308,16799973437939692,167999734.37939692,boundary probe
S4,S4,Idealized 113/114 cap-derived geometric schedule,343140000,305,0.00000305,16799973437940000,167999734.37940000,boundary probe
S4,S4,Idealized 113/114 cap-derived geometric schedule,343140001,305,0.00000305,16799973437940305,167999734.37940305,boundary probe
S4,S4,Idealized 113/114 cap-derived geometric schedule,343349999,305,0.00000305,16799973501989695,167999735.01989695,boundary probe
S4,S4,Idealized 113/114 cap-derived geometric schedule,343350000,302,0.00000302,16799973501990000,167999735.01990000,boundary probe
S4,S4,Idealized 113/114 cap-derived geometric schedule,343350001,302,0.00000302,16799973501990302,167999735.01990302,boundary probe
S4,S4,Idealized 113/114 cap-derived geometric schedule,343559999,302,0.00000302,16799973565409698,167999735.65409698,boundary probe
S4,S4,Idealized 113/114 cap-derived geometric schedule,343560000,299,0.00000299,16799973565410000,167999735.65410000,boundary probe
S4,S4,Idealized 113/114 cap-derived geometric schedule,343560001,299,0.00000299,16799973565410299,167999735.65410299,boundary probe
S4,S4,Idealized 113/114 cap-derived geometric schedule,343769999,299,0.00000299,16799973628199701,167999736.28199701,boundary probe
S4,S4,Idealized 113/114 cap-derived geometric schedule,343770000,296,0.00000296,16799973628200000,167999736.28200000,boundary probe
S4,S4,Idealized 113/114 cap-derived geometric schedule,343770001,296,0.00000296,16799973628200296,167999736.28200296,boundary probe
S4,S4,Idealized 113/114 cap-derived geometric schedule,343979999,296,0.00000296,16799973690359704,167999736.90359704,boundary probe
S4,S4,Idealized 113/114 cap-derived geometric schedule,343980000,293,0.00000293,16799973690360000,167999736.90360000,boundary probe
S4,S4,Idealized 113/114 cap-derived geometric schedule,343980001,293,0.00000293,16799973690360293,167999736.90360293,boundary probe
S4,S4,Idealized 113/114 cap-derived geometric schedule,344189999,293,0.00000293,16799973751889707,167999737.51889707,boundary probe
S4,S4,Idealized 113/114 cap-derived geometric schedule,344190000,290,0.00000290,16799973751890000,167999737.51890000,boundary probe
S4,S4,Idealized 113/114 cap-derived geometric schedule,344190001,290,0.00000290,16799973751890290,167999737.51890290,boundary probe
S4,S4,Idealized 113/114 cap-derived geometric schedule,344399999,290,0.00000290,16799973812789710,167999738.12789710,boundary probe
S4,S4,Idealized 113/114 cap-derived geometric schedule,344400000,287,0.00000287,16799973812790000,167999738.12790000,boundary probe
S4,S4,Idealized 113/114 cap-derived geometric schedule,344400001,287,0.00000287,16799973812790287,167999738.12790287,boundary probe
S4,S4,Idealized 113/114 cap-derived geometric schedule,344609999,287,0.00000287,16799973873059713,167999738.73059713,boundary probe
S4,S4,Idealized 113/114 cap-derived geometric schedule,344610000,284,0.00000284,16799973873060000,167999738.73060000,boundary probe
S4,S4,Idealized 113/114 cap-derived geometric schedule,344610001,284,0.00000284,16799973873060284,167999738.73060284,boundary probe
S4,S4,Idealized 113/114 cap-derived geometric schedule,344819999,284,0.00000284,16799973932699716,167999739.32699716,boundary probe
S4,S4,Idealized 113/114 cap-derived geometric schedule,344820000,281,0.00000281,16799973932700000,167999739.32700000,boundary probe
S4,S4,Idealized 113/114 cap-derived geometric schedule,344820001,281,0.00000281,16799973932700281,167999739.32700281,boundary probe
S4,S4,Idealized 113/114 cap-derived geometric schedule,345029999,281,0.00000281,16799973991709719,167999739.91709719,boundary probe
S4,S4,Idealized 113/114 cap-derived geometric schedule,345030000,278,0.00000278,16799973991710000,167999739.91710000,boundary probe
S4,S4,Idealized 113/114 cap-derived geometric schedule,345030001,278,0.00000278,16799973991710278,167999739.91710278,boundary probe
S4,S4,Idealized 113/114 cap-derived geometric schedule,345239999,278,0.00000278,16799974050089722,167999740.50089722,boundary probe
S4,S4,Idealized 113/114 cap-derived geometric schedule,345240000,275,0.00000275,16799974050090000,167999740.50090000,boundary probe
S4,S4,Idealized 113/114 cap-derived geometric schedule,345240001,275,0.00000275,16799974050090275,167999740.50090275,boundary probe
S4,S4,Idealized 113/114 cap-derived geometric schedule,345449999,275,0.00000275,16799974107839725,167999741.07839725,boundary probe
S4,S4,Idealized 113/114 cap-derived geometric schedule,345450000,272,0.00000272,16799974107840000,167999741.07840000,boundary probe
S4,S4,Idealized 113/114 cap-derived geometric schedule,345450001,272,0.00000272,16799974107840272,167999741.07840272,boundary probe
S4,S4,Idealized 113/114 cap-derived geometric schedule,345659999,272,0.00000272,16799974164959728,167999741.64959728,boundary probe
S4,S4,Idealized 113/114 cap-derived geometric schedule,345660000,269,0.00000269,16799974164960000,167999741.64960000,boundary probe
S4,S4,Idealized 113/114 cap-derived geometric schedule,345660001,269,0.00000269,16799974164960269,167999741.64960269,boundary probe
S4,S4,Idealized 113/114 cap-derived geometric schedule,345869999,269,0.00000269,16799974221449731,167999742.21449731,boundary probe
S4,S4,Idealized 113/114 cap-derived geometric schedule,345870000,266,0.00000266,16799974221450000,167999742.21450000,boundary probe
S4,S4,Idealized 113/114 cap-derived geometric schedule,345870001,266,0.00000266,16799974221450266,167999742.21450266,boundary probe
S4,S4,Idealized 113/114 cap-derived geometric schedule,346079999,266,0.00000266,16799974277309734,167999742.77309734,boundary probe
S4,S4,Idealized 113/114 cap-derived geometric schedule,346080000,263,0.00000263,16799974277310000,167999742.77310000,boundary probe
S4,S4,Idealized 113/114 cap-derived geometric schedule,346080001,263,0.00000263,16799974277310263,167999742.77310263,boundary probe
S4,S4,Idealized 113/114 cap-derived geometric schedule,346289999,263,0.00000263,16799974332539737,167999743.32539737,boundary probe
S4,S4,Idealized 113/114 cap-derived geometric schedule,346290000,260,0.00000260,16799974332540000,167999743.32540000,boundary probe
S4,S4,Idealized 113/114 cap-derived geometric schedule,346290001,260,0.00000260,16799974332540260,167999743.32540260,boundary probe
S4,S4,Idealized 113/114 cap-derived geometric schedule,346499999,260,0.00000260,16799974387139740,167999743.87139740,boundary probe
S4,S4,Idealized 113/114 cap-derived geometric schedule,346500000,257,0.00000257,16799974387140000,167999743.87140000,boundary probe
S4,S4,Idealized 113/114 cap-derived geometric schedule,346500001,257,0.00000257,16799974387140257,167999743.87140257,boundary probe
S4,S4,Idealized 113/114 cap-derived geometric schedule,346709999,257,0.00000257,16799974441109743,167999744.41109743,boundary probe
S4,S4,Idealized 113/114 cap-derived geometric schedule,346710000,254,0.00000254,16799974441110000,167999744.41110000,boundary probe
S4,S4,Idealized 113/114 cap-derived geometric schedule,346710001,254,0.00000254,16799974441110254,167999744.41110254,boundary probe
S4,S4,Idealized 113/114 cap-derived geometric schedule,346919999,254,0.00000254,16799974494449746,167999744.94449746,boundary probe
S4,S4,Idealized 113/114 cap-derived geometric schedule,346920000,251,0.00000251,16799974494450000,167999744.94450000,boundary probe
S4,S4,Idealized 113/114 cap-derived geometric schedule,346920001,251,0.00000251,16799974494450251,167999744.94450251,boundary probe
S4,S4,Idealized 113/114 cap-derived geometric schedule,347129999,251,0.00000251,16799974547159749,167999745.47159749,boundary probe
S4,S4,Idealized 113/114 cap-derived geometric schedule,347130000,248,0.00000248,16799974547160000,167999745.47160000,boundary probe
S4,S4,Idealized 113/114 cap-derived geometric schedule,347130001,248,0.00000248,16799974547160248,167999745.47160248,boundary probe
S4,S4,Idealized 113/114 cap-derived geometric schedule,347339999,248,0.00000248,16799974599239752,167999745.99239752,boundary probe
S4,S4,Idealized 113/114 cap-derived geometric schedule,347340000,245,0.00000245,16799974599240000,167999745.99240000,boundary probe
S4,S4,Idealized 113/114 cap-derived geometric schedule,347340001,245,0.00000245,16799974599240245,167999745.99240245,boundary probe
S4,S4,Idealized 113/114 cap-derived geometric schedule,347549999,245,0.00000245,16799974650689755,167999746.50689755,boundary probe
S4,S4,Idealized 113/114 cap-derived geometric schedule,347550000,242,0.00000242,16799974650690000,167999746.50690000,boundary probe
S4,S4,Idealized 113/114 cap-derived geometric schedule,347550001,242,0.00000242,16799974650690242,167999746.50690242,boundary probe
S4,S4,Idealized 113/114 cap-derived geometric schedule,347759999,242,0.00000242,16799974701509758,167999747.01509758,boundary probe
S4,S4,Idealized 113/114 cap-derived geometric schedule,347760000,239,0.00000239,16799974701510000,167999747.01510000,boundary probe
S4,S4,Idealized 113/114 cap-derived geometric schedule,347760001,239,0.00000239,16799974701510239,167999747.01510239,boundary probe
S4,S4,Idealized 113/114 cap-derived geometric schedule,347969999,239,0.00000239,16799974751699761,167999747.51699761,boundary probe
S4,S4,Idealized 113/114 cap-derived geometric schedule,347970000,236,0.00000236,16799974751700000,167999747.51700000,boundary probe
S4,S4,Idealized 113/114 cap-derived geometric schedule,347970001,236,0.00000236,16799974751700236,167999747.51700236,boundary probe
S4,S4,Idealized 113/114 cap-derived geometric schedule,348179999,236,0.00000236,16799974801259764,167999748.01259764,boundary probe
S4,S4,Idealized 113/114 cap-derived geometric schedule,348180000,233,0.00000233,16799974801260000,167999748.01260000,boundary probe
S4,S4,Idealized 113/114 cap-derived geometric schedule,348180001,233,0.00000233,16799974801260233,167999748.01260233,boundary probe
S4,S4,Idealized 113/114 cap-derived geometric schedule,348389999,233,0.00000233,16799974850189767,167999748.50189767,boundary probe
S4,S4,Idealized 113/114 cap-derived geometric schedule,348390000,230,0.00000230,16799974850190000,167999748.50190000,boundary probe
S4,S4,Idealized 113/114 cap-derived geometric schedule,348390001,230,0.00000230,16799974850190230,167999748.50190230,boundary probe
S4,S4,Idealized 113/114 cap-derived geometric schedule,348599999,230,0.00000230,16799974898489770,167999748.98489770,boundary probe
S4,S4,Idealized 113/114 cap-derived geometric schedule,348600000,227,0.00000227,16799974898490000,167999748.98490000,boundary probe
S4,S4,Idealized 113/114 cap-derived geometric schedule,348600001,227,0.00000227,16799974898490227,167999748.98490227,boundary probe
S4,S4,Idealized 113/114 cap-derived geometric schedule,348809999,227,0.00000227,16799974946159773,167999749.46159773,boundary probe
S4,S4,Idealized 113/114 cap-derived geometric schedule,348810000,225,0.00000225,16799974946160000,167999749.46160000,boundary probe
S4,S4,Idealized 113/114 cap-derived geometric schedule,348810001,225,0.00000225,16799974946160225,167999749.46160225,boundary probe
S4,S4,Idealized 113/114 cap-derived geometric schedule,349019999,225,0.00000225,16799974993409775,167999749.93409775,boundary probe
S4,S4,Idealized 113/114 cap-derived geometric schedule,349020000,223,0.00000223,16799974993410000,167999749.93410000,boundary probe
S4,S4,Idealized 113/114 cap-derived geometric schedule,349020001,223,0.00000223,16799974993410223,167999749.93410223,boundary probe
S4,S4,Idealized 113/114 cap-derived geometric schedule,349229999,223,0.00000223,16799975040239777,167999750.40239777,boundary probe
S4,S4,Idealized 113/114 cap-derived geometric schedule,349230000,221,0.00000221,16799975040240000,167999750.40240000,boundary probe
S4,S4,Idealized 113/114 cap-derived geometric schedule,349230001,221,0.00000221,16799975040240221,167999750.40240221,boundary probe
S4,S4,Idealized 113/114 cap-derived geometric schedule,349439999,221,0.00000221,16799975086649779,167999750.86649779,boundary probe
S4,S4,Idealized 113/114 cap-derived geometric schedule,349440000,219,0.00000219,16799975086650000,167999750.86650000,boundary probe
S4,S4,Idealized 113/114 cap-derived geometric schedule,349440001,219,0.00000219,16799975086650219,167999750.86650219,boundary probe
S4,S4,Idealized 113/114 cap-derived geometric schedule,349649999,219,0.00000219,16799975132639781,167999751.32639781,boundary probe
S4,S4,Idealized 113/114 cap-derived geometric schedule,349650000,217,0.00000217,16799975132640000,167999751.32640000,boundary probe
S4,S4,Idealized 113/114 cap-derived geometric schedule,349650001,217,0.00000217,16799975132640217,167999751.32640217,boundary probe
S4,S4,Idealized 113/114 cap-derived geometric schedule,349859999,217,0.00000217,16799975178209783,167999751.78209783,boundary probe
S4,S4,Idealized 113/114 cap-derived geometric schedule,349860000,215,0.00000215,16799975178210000,167999751.78210000,boundary probe
S4,S4,Idealized 113/114 cap-derived geometric schedule,349860001,215,0.00000215,16799975178210215,167999751.78210215,boundary probe
S4,S4,Idealized 113/114 cap-derived geometric schedule,350069999,215,0.00000215,16799975223359785,167999752.23359785,boundary probe
S4,S4,Idealized 113/114 cap-derived geometric schedule,350070000,213,0.00000213,16799975223360000,167999752.23360000,boundary probe
S4,S4,Idealized 113/114 cap-derived geometric schedule,350070001,213,0.00000213,16799975223360213,167999752.23360213,boundary probe
S4,S4,Idealized 113/114 cap-derived geometric schedule,350279999,213,0.00000213,16799975268089787,167999752.68089787,boundary probe
S4,S4,Idealized 113/114 cap-derived geometric schedule,350280000,211,0.00000211,16799975268090000,167999752.68090000,boundary probe
S4,S4,Idealized 113/114 cap-derived geometric schedule,350280001,211,0.00000211,16799975268090211,167999752.68090211,boundary probe
S4,S4,Idealized 113/114 cap-derived geometric schedule,350489999,211,0.00000211,16799975312399789,167999753.12399789,boundary probe
S4,S4,Idealized 113/114 cap-derived geometric schedule,350490000,209,0.00000209,16799975312400000,167999753.12400000,boundary probe
S4,S4,Idealized 113/114 cap-derived geometric schedule,350490001,209,0.00000209,16799975312400209,167999753.12400209,boundary probe
S4,S4,Idealized 113/114 cap-derived geometric schedule,350699999,209,0.00000209,16799975356289791,167999753.56289791,boundary probe
S4,S4,Idealized 113/114 cap-derived geometric schedule,350700000,207,0.00000207,16799975356290000,167999753.56290000,boundary probe
S4,S4,Idealized 113/114 cap-derived geometric schedule,350700001,207,0.00000207,16799975356290207,167999753.56290207,boundary probe
S4,S4,Idealized 113/114 cap-derived geometric schedule,350909999,207,0.00000207,16799975399759793,167999753.99759793,boundary probe
S4,S4,Idealized 113/114 cap-derived geometric schedule,350910000,205,0.00000205,16799975399760000,167999753.99760000,boundary probe
S4,S4,Idealized 113/114 cap-derived geometric schedule,350910001,205,0.00000205,16799975399760205,167999753.99760205,boundary probe
S4,S4,Idealized 113/114 cap-derived geometric schedule,351119999,205,0.00000205,16799975442809795,167999754.42809795,boundary probe
S4,S4,Idealized 113/114 cap-derived geometric schedule,351120000,203,0.00000203,16799975442810000,167999754.42810000,boundary probe
S4,S4,Idealized 113/114 cap-derived geometric schedule,351120001,203,0.00000203,16799975442810203,167999754.42810203,boundary probe
S4,S4,Idealized 113/114 cap-derived geometric schedule,351329999,203,0.00000203,16799975485439797,167999754.85439797,boundary probe
S4,S4,Idealized 113/114 cap-derived geometric schedule,351330000,201,0.00000201,16799975485440000,167999754.85440000,boundary probe
S4,S4,Idealized 113/114 cap-derived geometric schedule,351330001,201,0.00000201,16799975485440201,167999754.85440201,boundary probe
S4,S4,Idealized 113/114 cap-derived geometric schedule,351539999,201,0.00000201,16799975527649799,167999755.27649799,boundary probe
S4,S4,Idealized 113/114 cap-derived geometric schedule,351540000,199,0.00000199,16799975527650000,167999755.27650000,boundary probe
S4,S4,Idealized 113/114 cap-derived geometric schedule,351540001,199,0.00000199,16799975527650199,167999755.27650199,boundary probe
S4,S4,Idealized 113/114 cap-derived geometric schedule,351749999,199,0.00000199,16799975569439801,167999755.69439801,boundary probe
S4,S4,Idealized 113/114 cap-derived geometric schedule,351750000,197,0.00000197,16799975569440000,167999755.69440000,boundary probe
S4,S4,Idealized 113/114 cap-derived geometric schedule,351750001,197,0.00000197,16799975569440197,167999755.69440197,boundary probe
S4,S4,Idealized 113/114 cap-derived geometric schedule,351959999,197,0.00000197,16799975610809803,167999756.10809803,boundary probe
S4,S4,Idealized 113/114 cap-derived geometric schedule,351960000,195,0.00000195,16799975610810000,167999756.10810000,boundary probe
S4,S4,Idealized 113/114 cap-derived geometric schedule,351960001,195,0.00000195,16799975610810195,167999756.10810195,boundary probe
S4,S4,Idealized 113/114 cap-derived geometric schedule,352169999,195,0.00000195,16799975651759805,167999756.51759805,boundary probe
S4,S4,Idealized 113/114 cap-derived geometric schedule,352170000,193,0.00000193,16799975651760000,167999756.51760000,boundary probe
S4,S4,Idealized 113/114 cap-derived geometric schedule,352170001,193,0.00000193,16799975651760193,167999756.51760193,boundary probe
S4,S4,Idealized 113/114 cap-derived geometric schedule,352379999,193,0.00000193,16799975692289807,167999756.92289807,boundary probe
S4,S4,Idealized 113/114 cap-derived geometric schedule,352380000,191,0.00000191,16799975692290000,167999756.92290000,boundary probe
S4,S4,Idealized 113/114 cap-derived geometric schedule,352380001,191,0.00000191,16799975692290191,167999756.92290191,boundary probe
S4,S4,Idealized 113/114 cap-derived geometric schedule,352589999,191,0.00000191,16799975732399809,167999757.32399809,boundary probe
S4,S4,Idealized 113/114 cap-derived geometric schedule,352590000,189,0.00000189,16799975732400000,167999757.32400000,boundary probe
S4,S4,Idealized 113/114 cap-derived geometric schedule,352590001,189,0.00000189,16799975732400189,167999757.32400189,boundary probe
S4,S4,Idealized 113/114 cap-derived geometric schedule,352799999,189,0.00000189,16799975772089811,167999757.72089811,boundary probe
S4,S4,Idealized 113/114 cap-derived geometric schedule,352800000,187,0.00000187,16799975772090000,167999757.72090000,boundary probe
S4,S4,Idealized 113/114 cap-derived geometric schedule,352800001,187,0.00000187,16799975772090187,167999757.72090187,boundary probe
S4,S4,Idealized 113/114 cap-derived geometric schedule,353009999,187,0.00000187,16799975811359813,167999758.11359813,boundary probe
S4,S4,Idealized 113/114 cap-derived geometric schedule,353010000,185,0.00000185,16799975811360000,167999758.11360000,boundary probe
S4,S4,Idealized 113/114 cap-derived geometric schedule,353010001,185,0.00000185,16799975811360185,167999758.11360185,boundary probe
S4,S4,Idealized 113/114 cap-derived geometric schedule,353219999,185,0.00000185,16799975850209815,167999758.50209815,boundary probe
S4,S4,Idealized 113/114 cap-derived geometric schedule,353220000,183,0.00000183,16799975850210000,167999758.50210000,boundary probe
S4,S4,Idealized 113/114 cap-derived geometric schedule,353220001,183,0.00000183,16799975850210183,167999758.50210183,boundary probe
S4,S4,Idealized 113/114 cap-derived geometric schedule,353429999,183,0.00000183,16799975888639817,167999758.88639817,boundary probe
S4,S4,Idealized 113/114 cap-derived geometric schedule,353430000,181,0.00000181,16799975888640000,167999758.88640000,boundary probe
S4,S4,Idealized 113/114 cap-derived geometric schedule,353430001,181,0.00000181,16799975888640181,167999758.88640181,boundary probe
S4,S4,Idealized 113/114 cap-derived geometric schedule,353639999,181,0.00000181,16799975926649819,167999759.26649819,boundary probe
S4,S4,Idealized 113/114 cap-derived geometric schedule,353640000,179,0.00000179,16799975926650000,167999759.26650000,boundary probe
S4,S4,Idealized 113/114 cap-derived geometric schedule,353640001,179,0.00000179,16799975926650179,167999759.26650179,boundary probe
S4,S4,Idealized 113/114 cap-derived geometric schedule,353849999,179,0.00000179,16799975964239821,167999759.64239821,boundary probe
S4,S4,Idealized 113/114 cap-derived geometric schedule,353850000,177,0.00000177,16799975964240000,167999759.64240000,boundary probe
S4,S4,Idealized 113/114 cap-derived geometric schedule,353850001,177,0.00000177,16799975964240177,167999759.64240177,boundary probe
S4,S4,Idealized 113/114 cap-derived geometric schedule,354059999,177,0.00000177,16799976001409823,167999760.01409823,boundary probe
S4,S4,Idealized 113/114 cap-derived geometric schedule,354060000,175,0.00000175,16799976001410000,167999760.01410000,boundary probe
S4,S4,Idealized 113/114 cap-derived geometric schedule,354060001,175,0.00000175,16799976001410175,167999760.01410175,boundary probe
S4,S4,Idealized 113/114 cap-derived geometric schedule,354269999,175,0.00000175,16799976038159825,167999760.38159825,boundary probe
S4,S4,Idealized 113/114 cap-derived geometric schedule,354270000,173,0.00000173,16799976038160000,167999760.38160000,boundary probe
S4,S4,Idealized 113/114 cap-derived geometric schedule,354270001,173,0.00000173,16799976038160173,167999760.38160173,boundary probe
S4,S4,Idealized 113/114 cap-derived geometric schedule,354479999,173,0.00000173,16799976074489827,167999760.74489827,boundary probe
S4,S4,Idealized 113/114 cap-derived geometric schedule,354480000,171,0.00000171,16799976074490000,167999760.74490000,boundary probe
S4,S4,Idealized 113/114 cap-derived geometric schedule,354480001,171,0.00000171,16799976074490171,167999760.74490171,boundary probe
S4,S4,Idealized 113/114 cap-derived geometric schedule,354689999,171,0.00000171,16799976110399829,167999761.10399829,boundary probe
S4,S4,Idealized 113/114 cap-derived geometric schedule,354690000,169,0.00000169,16799976110400000,167999761.10400000,boundary probe
S4,S4,Idealized 113/114 cap-derived geometric schedule,354690001,169,0.00000169,16799976110400169,167999761.10400169,boundary probe
S4,S4,Idealized 113/114 cap-derived geometric schedule,354899999,169,0.00000169,16799976145889831,167999761.45889831,boundary probe
S4,S4,Idealized 113/114 cap-derived geometric schedule,354900000,167,0.00000167,16799976145890000,167999761.45890000,boundary probe
S4,S4,Idealized 113/114 cap-derived geometric schedule,354900001,167,0.00000167,16799976145890167,167999761.45890167,boundary probe
S4,S4,Idealized 113/114 cap-derived geometric schedule,355109999,167,0.00000167,16799976180959833,167999761.80959833,boundary probe
S4,S4,Idealized 113/114 cap-derived geometric schedule,355110000,165,0.00000165,16799976180960000,167999761.80960000,boundary probe
S4,S4,Idealized 113/114 cap-derived geometric schedule,355110001,165,0.00000165,16799976180960165,167999761.80960165,boundary probe
S4,S4,Idealized 113/114 cap-derived geometric schedule,355319999,165,0.00000165,16799976215609835,167999762.15609835,boundary probe
S4,S4,Idealized 113/114 cap-derived geometric schedule,355320000,163,0.00000163,16799976215610000,167999762.15610000,boundary probe
S4,S4,Idealized 113/114 cap-derived geometric schedule,355320001,163,0.00000163,16799976215610163,167999762.15610163,boundary probe
S4,S4,Idealized 113/114 cap-derived geometric schedule,355529999,163,0.00000163,16799976249839837,167999762.49839837,boundary probe
S4,S4,Idealized 113/114 cap-derived geometric schedule,355530000,161,0.00000161,16799976249840000,167999762.49840000,boundary probe
S4,S4,Idealized 113/114 cap-derived geometric schedule,355530001,161,0.00000161,16799976249840161,167999762.49840161,boundary probe
S4,S4,Idealized 113/114 cap-derived geometric schedule,355739999,161,0.00000161,16799976283649839,167999762.83649839,boundary probe
S4,S4,Idealized 113/114 cap-derived geometric schedule,355740000,159,0.00000159,16799976283650000,167999762.83650000,boundary probe
S4,S4,Idealized 113/114 cap-derived geometric schedule,355740001,159,0.00000159,16799976283650159,167999762.83650159,boundary probe
S4,S4,Idealized 113/114 cap-derived geometric schedule,355949999,159,0.00000159,16799976317039841,167999763.17039841,boundary probe
S4,S4,Idealized 113/114 cap-derived geometric schedule,355950000,157,0.00000157,16799976317040000,167999763.17040000,boundary probe
S4,S4,Idealized 113/114 cap-derived geometric schedule,355950001,157,0.00000157,16799976317040157,167999763.17040157,boundary probe
S4,S4,Idealized 113/114 cap-derived geometric schedule,356159999,157,0.00000157,16799976350009843,167999763.50009843,boundary probe
S4,S4,Idealized 113/114 cap-derived geometric schedule,356160000,155,0.00000155,16799976350010000,167999763.50010000,boundary probe
S4,S4,Idealized 113/114 cap-derived geometric schedule,356160001,155,0.00000155,16799976350010155,167999763.50010155,boundary probe
S4,S4,Idealized 113/114 cap-derived geometric schedule,356369999,155,0.00000155,16799976382559845,167999763.82559845,boundary probe
S4,S4,Idealized 113/114 cap-derived geometric schedule,356370000,153,0.00000153,16799976382560000,167999763.82560000,boundary probe
S4,S4,Idealized 113/114 cap-derived geometric schedule,356370001,153,0.00000153,16799976382560153,167999763.82560153,boundary probe
S4,S4,Idealized 113/114 cap-derived geometric schedule,356579999,153,0.00000153,16799976414689847,167999764.14689847,boundary probe
S4,S4,Idealized 113/114 cap-derived geometric schedule,356580000,151,0.00000151,16799976414690000,167999764.14690000,boundary probe
S4,S4,Idealized 113/114 cap-derived geometric schedule,356580001,151,0.00000151,16799976414690151,167999764.14690151,boundary probe
S4,S4,Idealized 113/114 cap-derived geometric schedule,356789999,151,0.00000151,16799976446399849,167999764.46399849,boundary probe
S4,S4,Idealized 113/114 cap-derived geometric schedule,356790000,149,0.00000149,16799976446400000,167999764.46400000,boundary probe
S4,S4,Idealized 113/114 cap-derived geometric schedule,356790001,149,0.00000149,16799976446400149,167999764.46400149,boundary probe
S4,S4,Idealized 113/114 cap-derived geometric schedule,356999999,149,0.00000149,16799976477689851,167999764.77689851,boundary probe
S4,S4,Idealized 113/114 cap-derived geometric schedule,357000000,147,0.00000147,16799976477690000,167999764.77690000,boundary probe
S4,S4,Idealized 113/114 cap-derived geometric schedule,357000001,147,0.00000147,16799976477690147,167999764.77690147,boundary probe
S4,S4,Idealized 113/114 cap-derived geometric schedule,357209999,147,0.00000147,16799976508559853,167999765.08559853,boundary probe
S4,S4,Idealized 113/114 cap-derived geometric schedule,357210000,145,0.00000145,16799976508560000,167999765.08560000,boundary probe
S4,S4,Idealized 113/114 cap-derived geometric schedule,357210001,145,0.00000145,16799976508560145,167999765.08560145,boundary probe
S4,S4,Idealized 113/114 cap-derived geometric schedule,357419999,145,0.00000145,16799976539009855,167999765.39009855,boundary probe
S4,S4,Idealized 113/114 cap-derived geometric schedule,357420000,143,0.00000143,16799976539010000,167999765.39010000,boundary probe
S4,S4,Idealized 113/114 cap-derived geometric schedule,357420001,143,0.00000143,16799976539010143,167999765.39010143,boundary probe
S4,S4,Idealized 113/114 cap-derived geometric schedule,357629999,143,0.00000143,16799976569039857,167999765.69039857,boundary probe
S4,S4,Idealized 113/114 cap-derived geometric schedule,357630000,141,0.00000141,16799976569040000,167999765.69040000,boundary probe
S4,S4,Idealized 113/114 cap-derived geometric schedule,357630001,141,0.00000141,16799976569040141,167999765.69040141,boundary probe
S4,S4,Idealized 113/114 cap-derived geometric schedule,357839999,141,0.00000141,16799976598649859,167999765.98649859,boundary probe
S4,S4,Idealized 113/114 cap-derived geometric schedule,357840000,139,0.00000139,16799976598650000,167999765.98650000,boundary probe
S4,S4,Idealized 113/114 cap-derived geometric schedule,357840001,139,0.00000139,16799976598650139,167999765.98650139,boundary probe
S4,S4,Idealized 113/114 cap-derived geometric schedule,358049999,139,0.00000139,16799976627839861,167999766.27839861,boundary probe
S4,S4,Idealized 113/114 cap-derived geometric schedule,358050000,137,0.00000137,16799976627840000,167999766.27840000,boundary probe
S4,S4,Idealized 113/114 cap-derived geometric schedule,358050001,137,0.00000137,16799976627840137,167999766.27840137,boundary probe
S4,S4,Idealized 113/114 cap-derived geometric schedule,358259999,137,0.00000137,16799976656609863,167999766.56609863,boundary probe
S4,S4,Idealized 113/114 cap-derived geometric schedule,358260000,135,0.00000135,16799976656610000,167999766.56610000,boundary probe
S4,S4,Idealized 113/114 cap-derived geometric schedule,358260001,135,0.00000135,16799976656610135,167999766.56610135,boundary probe
S4,S4,Idealized 113/114 cap-derived geometric schedule,358469999,135,0.00000135,16799976684959865,167999766.84959865,boundary probe
S4,S4,Idealized 113/114 cap-derived geometric schedule,358470000,133,0.00000133,16799976684960000,167999766.84960000,boundary probe
S4,S4,Idealized 113/114 cap-derived geometric schedule,358470001,133,0.00000133,16799976684960133,167999766.84960133,boundary probe
S4,S4,Idealized 113/114 cap-derived geometric schedule,358679999,133,0.00000133,16799976712889867,167999767.12889867,boundary probe
S4,S4,Idealized 113/114 cap-derived geometric schedule,358680000,131,0.00000131,16799976712890000,167999767.12890000,boundary probe
S4,S4,Idealized 113/114 cap-derived geometric schedule,358680001,131,0.00000131,16799976712890131,167999767.12890131,boundary probe
S4,S4,Idealized 113/114 cap-derived geometric schedule,358889999,131,0.00000131,16799976740399869,167999767.40399869,boundary probe
S4,S4,Idealized 113/114 cap-derived geometric schedule,358890000,129,0.00000129,16799976740400000,167999767.40400000,boundary probe
S4,S4,Idealized 113/114 cap-derived geometric schedule,358890001,129,0.00000129,16799976740400129,167999767.40400129,boundary probe
S4,S4,Idealized 113/114 cap-derived geometric schedule,359099999,129,0.00000129,16799976767489871,167999767.67489871,boundary probe
S4,S4,Idealized 113/114 cap-derived geometric schedule,359100000,127,0.00000127,16799976767490000,167999767.67490000,boundary probe
S4,S4,Idealized 113/114 cap-derived geometric schedule,359100001,127,0.00000127,16799976767490127,167999767.67490127,boundary probe
S4,S4,Idealized 113/114 cap-derived geometric schedule,359309999,127,0.00000127,16799976794159873,167999767.94159873,boundary probe
S4,S4,Idealized 113/114 cap-derived geometric schedule,359310000,125,0.00000125,16799976794160000,167999767.94160000,boundary probe
S4,S4,Idealized 113/114 cap-derived geometric schedule,359310001,125,0.00000125,16799976794160125,167999767.94160125,boundary probe
S4,S4,Idealized 113/114 cap-derived geometric schedule,359519999,125,0.00000125,16799976820409875,167999768.20409875,boundary probe
S4,S4,Idealized 113/114 cap-derived geometric schedule,359520000,123,0.00000123,16799976820410000,167999768.20410000,boundary probe
S4,S4,Idealized 113/114 cap-derived geometric schedule,359520001,123,0.00000123,16799976820410123,167999768.20410123,boundary probe
S4,S4,Idealized 113/114 cap-derived geometric schedule,359729999,123,0.00000123,16799976846239877,167999768.46239877,boundary probe
S4,S4,Idealized 113/114 cap-derived geometric schedule,359730000,121,0.00000121,16799976846240000,167999768.46240000,boundary probe
S4,S4,Idealized 113/114 cap-derived geometric schedule,359730001,121,0.00000121,16799976846240121,167999768.46240121,boundary probe
S4,S4,Idealized 113/114 cap-derived geometric schedule,359939999,121,0.00000121,16799976871649879,167999768.71649879,boundary probe
S4,S4,Idealized 113/114 cap-derived geometric schedule,359940000,119,0.00000119,16799976871650000,167999768.71650000,boundary probe
S4,S4,Idealized 113/114 cap-derived geometric schedule,359940001,119,0.00000119,16799976871650119,167999768.71650119,boundary probe
S4,S4,Idealized 113/114 cap-derived geometric schedule,360149999,119,0.00000119,16799976896639881,167999768.96639881,boundary probe
S4,S4,Idealized 113/114 cap-derived geometric schedule,360150000,117,0.00000117,16799976896640000,167999768.96640000,boundary probe
S4,S4,Idealized 113/114 cap-derived geometric schedule,360150001,117,0.00000117,16799976896640117,167999768.96640117,boundary probe
S4,S4,Idealized 113/114 cap-derived geometric schedule,360359999,117,0.00000117,16799976921209883,167999769.21209883,boundary probe
S4,S4,Idealized 113/114 cap-derived geometric schedule,360360000,115,0.00000115,16799976921210000,167999769.21210000,boundary probe
S4,S4,Idealized 113/114 cap-derived geometric schedule,360360001,115,0.00000115,16799976921210115,167999769.21210115,boundary probe
S4,S4,Idealized 113/114 cap-derived geometric schedule,360569999,115,0.00000115,16799976945359885,167999769.45359885,boundary probe
S4,S4,Idealized 113/114 cap-derived geometric schedule,360570000,113,0.00000113,16799976945360000,167999769.45360000,boundary probe
S4,S4,Idealized 113/114 cap-derived geometric schedule,360570001,113,0.00000113,16799976945360113,167999769.45360113,boundary probe
S4,S4,Idealized 113/114 cap-derived geometric schedule,360779999,113,0.00000113,16799976969089887,167999769.69089887,boundary probe
S4,S4,Idealized 113/114 cap-derived geometric schedule,360780000,112,0.00000112,16799976969090000,167999769.69090000,boundary probe
S4,S4,Idealized 113/114 cap-derived geometric schedule,360780001,112,0.00000112,16799976969090112,167999769.69090112,boundary probe
S4,S4,Idealized 113/114 cap-derived geometric schedule,360989999,112,0.00000112,16799976992609888,167999769.92609888,boundary probe
S4,S4,Idealized 113/114 cap-derived geometric schedule,360990000,111,0.00000111,16799976992610000,167999769.92610000,boundary probe
S4,S4,Idealized 113/114 cap-derived geometric schedule,360990001,111,0.00000111,16799976992610111,167999769.92610111,boundary probe
S4,S4,Idealized 113/114 cap-derived geometric schedule,361199999,111,0.00000111,16799977015919889,167999770.15919889,boundary probe
S4,S4,Idealized 113/114 cap-derived geometric schedule,361200000,110,0.00000110,16799977015920000,167999770.15920000,boundary probe
S4,S4,Idealized 113/114 cap-derived geometric schedule,361200001,110,0.00000110,16799977015920110,167999770.15920110,boundary probe
S4,S4,Idealized 113/114 cap-derived geometric schedule,361409999,110,0.00000110,16799977039019890,167999770.39019890,boundary probe
S4,S4,Idealized 113/114 cap-derived geometric schedule,361410000,109,0.00000109,16799977039020000,167999770.39020000,boundary probe
S4,S4,Idealized 113/114 cap-derived geometric schedule,361410001,109,0.00000109,16799977039020109,167999770.39020109,boundary probe
S4,S4,Idealized 113/114 cap-derived geometric schedule,361619999,109,0.00000109,16799977061909891,167999770.61909891,boundary probe
S4,S4,Idealized 113/114 cap-derived geometric schedule,361620000,108,0.00000108,16799977061910000,167999770.61910000,boundary probe
S4,S4,Idealized 113/114 cap-derived geometric schedule,361620001,108,0.00000108,16799977061910108,167999770.61910108,boundary probe
S4,S4,Idealized 113/114 cap-derived geometric schedule,361829999,108,0.00000108,16799977084589892,167999770.84589892,boundary probe
S4,S4,Idealized 113/114 cap-derived geometric schedule,361830000,107,0.00000107,16799977084590000,167999770.84590000,boundary probe
S4,S4,Idealized 113/114 cap-derived geometric schedule,361830001,107,0.00000107,16799977084590107,167999770.84590107,boundary probe
S4,S4,Idealized 113/114 cap-derived geometric schedule,362039999,107,0.00000107,16799977107059893,167999771.07059893,boundary probe
S4,S4,Idealized 113/114 cap-derived geometric schedule,362040000,106,0.00000106,16799977107060000,167999771.07060000,boundary probe
S4,S4,Idealized 113/114 cap-derived geometric schedule,362040001,106,0.00000106,16799977107060106,167999771.07060106,boundary probe
S4,S4,Idealized 113/114 cap-derived geometric schedule,362249999,106,0.00000106,16799977129319894,167999771.29319894,boundary probe
S4,S4,Idealized 113/114 cap-derived geometric schedule,362250000,105,0.00000105,16799977129320000,167999771.29320000,boundary probe
S4,S4,Idealized 113/114 cap-derived geometric schedule,362250001,105,0.00000105,16799977129320105,167999771.29320105,boundary probe
S4,S4,Idealized 113/114 cap-derived geometric schedule,362459999,105,0.00000105,16799977151369895,167999771.51369895,boundary probe
S4,S4,Idealized 113/114 cap-derived geometric schedule,362460000,104,0.00000104,16799977151370000,167999771.51370000,boundary probe
S4,S4,Idealized 113/114 cap-derived geometric schedule,362460001,104,0.00000104,16799977151370104,167999771.51370104,boundary probe
S4,S4,Idealized 113/114 cap-derived geometric schedule,362669999,104,0.00000104,16799977173209896,167999771.73209896,boundary probe
S4,S4,Idealized 113/114 cap-derived geometric schedule,362670000,103,0.00000103,16799977173210000,167999771.73210000,boundary probe
S4,S4,Idealized 113/114 cap-derived geometric schedule,362670001,103,0.00000103,16799977173210103,167999771.73210103,boundary probe
S4,S4,Idealized 113/114 cap-derived geometric schedule,362879999,103,0.00000103,16799977194839897,167999771.94839897,boundary probe
S4,S4,Idealized 113/114 cap-derived geometric schedule,362880000,102,0.00000102,16799977194840000,167999771.94840000,boundary probe
S4,S4,Idealized 113/114 cap-derived geometric schedule,362880001,102,0.00000102,16799977194840102,167999771.94840102,boundary probe
S4,S4,Idealized 113/114 cap-derived geometric schedule,363089999,102,0.00000102,16799977216259898,167999772.16259898,boundary probe
S4,S4,Idealized 113/114 cap-derived geometric schedule,363090000,101,0.00000101,16799977216260000,167999772.16260000,boundary probe
S4,S4,Idealized 113/114 cap-derived geometric schedule,363090001,101,0.00000101,16799977216260101,167999772.16260101,boundary probe
S4,S4,Idealized 113/114 cap-derived geometric schedule,363299999,101,0.00000101,16799977237469899,167999772.37469899,boundary probe
S4,S4,Idealized 113/114 cap-derived geometric schedule,363300000,100,0.00000100,16799977237470000,167999772.37470000,boundary probe
S4,S4,Idealized 113/114 cap-derived geometric schedule,363300001,100,0.00000100,16799977237470100,167999772.37470100,boundary probe
S4,S4,Idealized 113/114 cap-derived geometric schedule,363509999,100,0.00000100,16799977258469900,167999772.58469900,boundary probe
S4,S4,Idealized 113/114 cap-derived geometric schedule,363510000,99,0.00000099,16799977258470000,167999772.58470000,boundary probe
S4,S4,Idealized 113/114 cap-derived geometric schedule,363510001,99,0.00000099,16799977258470099,167999772.58470099,boundary probe
S4,S4,Idealized 113/114 cap-derived geometric schedule,363719999,99,0.00000099,16799977279259901,167999772.79259901,boundary probe
S4,S4,Idealized 113/114 cap-derived geometric schedule,363720000,98,0.00000098,16799977279260000,167999772.79260000,boundary probe
S4,S4,Idealized 113/114 cap-derived geometric schedule,363720001,98,0.00000098,16799977279260098,167999772.79260098,boundary probe
S4,S4,Idealized 113/114 cap-derived geometric schedule,363929999,98,0.00000098,16799977299839902,167999772.99839902,boundary probe
S4,S4,Idealized 113/114 cap-derived geometric schedule,363930000,97,0.00000097,16799977299840000,167999772.99840000,boundary probe
S4,S4,Idealized 113/114 cap-derived geometric schedule,363930001,97,0.00000097,16799977299840097,167999772.99840097,boundary probe
S4,S4,Idealized 113/114 cap-derived geometric schedule,364139999,97,0.00000097,16799977320209903,167999773.20209903,boundary probe
S4,S4,Idealized 113/114 cap-derived geometric schedule,364140000,96,0.00000096,16799977320210000,167999773.20210000,boundary probe
S4,S4,Idealized 113/114 cap-derived geometric schedule,364140001,96,0.00000096,16799977320210096,167999773.20210096,boundary probe
S4,S4,Idealized 113/114 cap-derived geometric schedule,364349999,96,0.00000096,16799977340369904,167999773.40369904,boundary probe
S4,S4,Idealized 113/114 cap-derived geometric schedule,364350000,95,0.00000095,16799977340370000,167999773.40370000,boundary probe
S4,S4,Idealized 113/114 cap-derived geometric schedule,364350001,95,0.00000095,16799977340370095,167999773.40370095,boundary probe
S4,S4,Idealized 113/114 cap-derived geometric schedule,364559999,95,0.00000095,16799977360319905,167999773.60319905,boundary probe
S4,S4,Idealized 113/114 cap-derived geometric schedule,364560000,94,0.00000094,16799977360320000,167999773.60320000,boundary probe
S4,S4,Idealized 113/114 cap-derived geometric schedule,364560001,94,0.00000094,16799977360320094,167999773.60320094,boundary probe
S4,S4,Idealized 113/114 cap-derived geometric schedule,364769999,94,0.00000094,16799977380059906,167999773.80059906,boundary probe
S4,S4,Idealized 113/114 cap-derived geometric schedule,364770000,93,0.00000093,16799977380060000,167999773.80060000,boundary probe
S4,S4,Idealized 113/114 cap-derived geometric schedule,364770001,93,0.00000093,16799977380060093,167999773.80060093,boundary probe
S4,S4,Idealized 113/114 cap-derived geometric schedule,364979999,93,0.00000093,16799977399589907,167999773.99589907,boundary probe
S4,S4,Idealized 113/114 cap-derived geometric schedule,364980000,92,0.00000092,16799977399590000,167999773.99590000,boundary probe
S4,S4,Idealized 113/114 cap-derived geometric schedule,364980001,92,0.00000092,16799977399590092,167999773.99590092,boundary probe
S4,S4,Idealized 113/114 cap-derived geometric schedule,365189999,92,0.00000092,16799977418909908,167999774.18909908,boundary probe
S4,S4,Idealized 113/114 cap-derived geometric schedule,365190000,91,0.00000091,16799977418910000,167999774.18910000,boundary probe
S4,S4,Idealized 113/114 cap-derived geometric schedule,365190001,91,0.00000091,16799977418910091,167999774.18910091,boundary probe
S4,S4,Idealized 113/114 cap-derived geometric schedule,365399999,91,0.00000091,16799977438019909,167999774.38019909,boundary probe
S4,S4,Idealized 113/114 cap-derived geometric schedule,365400000,90,0.00000090,16799977438020000,167999774.38020000,boundary probe
S4,S4,Idealized 113/114 cap-derived geometric schedule,365400001,90,0.00000090,16799977438020090,167999774.38020090,boundary probe
S4,S4,Idealized 113/114 cap-derived geometric schedule,365609999,90,0.00000090,16799977456919910,167999774.56919910,boundary probe
S4,S4,Idealized 113/114 cap-derived geometric schedule,365610000,89,0.00000089,16799977456920000,167999774.56920000,boundary probe
S4,S4,Idealized 113/114 cap-derived geometric schedule,365610001,89,0.00000089,16799977456920089,167999774.56920089,boundary probe
S4,S4,Idealized 113/114 cap-derived geometric schedule,365819999,89,0.00000089,16799977475609911,167999774.75609911,boundary probe
S4,S4,Idealized 113/114 cap-derived geometric schedule,365820000,88,0.00000088,16799977475610000,167999774.75610000,boundary probe
S4,S4,Idealized 113/114 cap-derived geometric schedule,365820001,88,0.00000088,16799977475610088,167999774.75610088,boundary probe
S4,S4,Idealized 113/114 cap-derived geometric schedule,366029999,88,0.00000088,16799977494089912,167999774.94089912,boundary probe
S4,S4,Idealized 113/114 cap-derived geometric schedule,366030000,87,0.00000087,16799977494090000,167999774.94090000,boundary probe
S4,S4,Idealized 113/114 cap-derived geometric schedule,366030001,87,0.00000087,16799977494090087,167999774.94090087,boundary probe
S4,S4,Idealized 113/114 cap-derived geometric schedule,366239999,87,0.00000087,16799977512359913,167999775.12359913,boundary probe
S4,S4,Idealized 113/114 cap-derived geometric schedule,366240000,86,0.00000086,16799977512360000,167999775.12360000,boundary probe
S4,S4,Idealized 113/114 cap-derived geometric schedule,366240001,86,0.00000086,16799977512360086,167999775.12360086,boundary probe
S4,S4,Idealized 113/114 cap-derived geometric schedule,366449999,86,0.00000086,16799977530419914,167999775.30419914,boundary probe
S4,S4,Idealized 113/114 cap-derived geometric schedule,366450000,85,0.00000085,16799977530420000,167999775.30420000,boundary probe
S4,S4,Idealized 113/114 cap-derived geometric schedule,366450001,85,0.00000085,16799977530420085,167999775.30420085,boundary probe
S4,S4,Idealized 113/114 cap-derived geometric schedule,366659999,85,0.00000085,16799977548269915,167999775.48269915,boundary probe
S4,S4,Idealized 113/114 cap-derived geometric schedule,366660000,84,0.00000084,16799977548270000,167999775.48270000,boundary probe
S4,S4,Idealized 113/114 cap-derived geometric schedule,366660001,84,0.00000084,16799977548270084,167999775.48270084,boundary probe
S4,S4,Idealized 113/114 cap-derived geometric schedule,366869999,84,0.00000084,16799977565909916,167999775.65909916,boundary probe
S4,S4,Idealized 113/114 cap-derived geometric schedule,366870000,83,0.00000083,16799977565910000,167999775.65910000,boundary probe
S4,S4,Idealized 113/114 cap-derived geometric schedule,366870001,83,0.00000083,16799977565910083,167999775.65910083,boundary probe
S4,S4,Idealized 113/114 cap-derived geometric schedule,367079999,83,0.00000083,16799977583339917,167999775.83339917,boundary probe
S4,S4,Idealized 113/114 cap-derived geometric schedule,367080000,82,0.00000082,16799977583340000,167999775.83340000,boundary probe
S4,S4,Idealized 113/114 cap-derived geometric schedule,367080001,82,0.00000082,16799977583340082,167999775.83340082,boundary probe
S4,S4,Idealized 113/114 cap-derived geometric schedule,367289999,82,0.00000082,16799977600559918,167999776.00559918,boundary probe
S4,S4,Idealized 113/114 cap-derived geometric schedule,367290000,81,0.00000081,16799977600560000,167999776.00560000,boundary probe
S4,S4,Idealized 113/114 cap-derived geometric schedule,367290001,81,0.00000081,16799977600560081,167999776.00560081,boundary probe
S4,S4,Idealized 113/114 cap-derived geometric schedule,367499999,81,0.00000081,16799977617569919,167999776.17569919,boundary probe
S4,S4,Idealized 113/114 cap-derived geometric schedule,367500000,80,0.00000080,16799977617570000,167999776.17570000,boundary probe
S4,S4,Idealized 113/114 cap-derived geometric schedule,367500001,80,0.00000080,16799977617570080,167999776.17570080,boundary probe
S4,S4,Idealized 113/114 cap-derived geometric schedule,367709999,80,0.00000080,16799977634369920,167999776.34369920,boundary probe
S4,S4,Idealized 113/114 cap-derived geometric schedule,367710000,79,0.00000079,16799977634370000,167999776.34370000,boundary probe
S4,S4,Idealized 113/114 cap-derived geometric schedule,367710001,79,0.00000079,16799977634370079,167999776.34370079,boundary probe
S4,S4,Idealized 113/114 cap-derived geometric schedule,367919999,79,0.00000079,16799977650959921,167999776.50959921,boundary probe
S4,S4,Idealized 113/114 cap-derived geometric schedule,367920000,78,0.00000078,16799977650960000,167999776.50960000,boundary probe
S4,S4,Idealized 113/114 cap-derived geometric schedule,367920001,78,0.00000078,16799977650960078,167999776.50960078,boundary probe
S4,S4,Idealized 113/114 cap-derived geometric schedule,368129999,78,0.00000078,16799977667339922,167999776.67339922,boundary probe
S4,S4,Idealized 113/114 cap-derived geometric schedule,368130000,77,0.00000077,16799977667340000,167999776.67340000,boundary probe
S4,S4,Idealized 113/114 cap-derived geometric schedule,368130001,77,0.00000077,16799977667340077,167999776.67340077,boundary probe
S4,S4,Idealized 113/114 cap-derived geometric schedule,368339999,77,0.00000077,16799977683509923,167999776.83509923,boundary probe
S4,S4,Idealized 113/114 cap-derived geometric schedule,368340000,76,0.00000076,16799977683510000,167999776.83510000,boundary probe
S4,S4,Idealized 113/114 cap-derived geometric schedule,368340001,76,0.00000076,16799977683510076,167999776.83510076,boundary probe
S4,S4,Idealized 113/114 cap-derived geometric schedule,368549999,76,0.00000076,16799977699469924,167999776.99469924,boundary probe
S4,S4,Idealized 113/114 cap-derived geometric schedule,368550000,75,0.00000075,16799977699470000,167999776.99470000,boundary probe
S4,S4,Idealized 113/114 cap-derived geometric schedule,368550001,75,0.00000075,16799977699470075,167999776.99470075,boundary probe
S4,S4,Idealized 113/114 cap-derived geometric schedule,368759999,75,0.00000075,16799977715219925,167999777.15219925,boundary probe
S4,S4,Idealized 113/114 cap-derived geometric schedule,368760000,74,0.00000074,16799977715220000,167999777.15220000,boundary probe
S4,S4,Idealized 113/114 cap-derived geometric schedule,368760001,74,0.00000074,16799977715220074,167999777.15220074,boundary probe
S4,S4,Idealized 113/114 cap-derived geometric schedule,368969999,74,0.00000074,16799977730759926,167999777.30759926,boundary probe
S4,S4,Idealized 113/114 cap-derived geometric schedule,368970000,73,0.00000073,16799977730760000,167999777.30760000,boundary probe
S4,S4,Idealized 113/114 cap-derived geometric schedule,368970001,73,0.00000073,16799977730760073,167999777.30760073,boundary probe
S4,S4,Idealized 113/114 cap-derived geometric schedule,369179999,73,0.00000073,16799977746089927,167999777.46089927,boundary probe
S4,S4,Idealized 113/114 cap-derived geometric schedule,369180000,72,0.00000072,16799977746090000,167999777.46090000,boundary probe
S4,S4,Idealized 113/114 cap-derived geometric schedule,369180001,72,0.00000072,16799977746090072,167999777.46090072,boundary probe
S4,S4,Idealized 113/114 cap-derived geometric schedule,369389999,72,0.00000072,16799977761209928,167999777.61209928,boundary probe
S4,S4,Idealized 113/114 cap-derived geometric schedule,369390000,71,0.00000071,16799977761210000,167999777.61210000,boundary probe
S4,S4,Idealized 113/114 cap-derived geometric schedule,369390001,71,0.00000071,16799977761210071,167999777.61210071,boundary probe
S4,S4,Idealized 113/114 cap-derived geometric schedule,369599999,71,0.00000071,16799977776119929,167999777.76119929,boundary probe
S4,S4,Idealized 113/114 cap-derived geometric schedule,369600000,70,0.00000070,16799977776120000,167999777.76120000,boundary probe
S4,S4,Idealized 113/114 cap-derived geometric schedule,369600001,70,0.00000070,16799977776120070,167999777.76120070,boundary probe
S4,S4,Idealized 113/114 cap-derived geometric schedule,369809999,70,0.00000070,16799977790819930,167999777.90819930,boundary probe
S4,S4,Idealized 113/114 cap-derived geometric schedule,369810000,69,0.00000069,16799977790820000,167999777.90820000,boundary probe
S4,S4,Idealized 113/114 cap-derived geometric schedule,369810001,69,0.00000069,16799977790820069,167999777.90820069,boundary probe
S4,S4,Idealized 113/114 cap-derived geometric schedule,370019999,69,0.00000069,16799977805309931,167999778.05309931,boundary probe
S4,S4,Idealized 113/114 cap-derived geometric schedule,370020000,68,0.00000068,16799977805310000,167999778.05310000,boundary probe
S4,S4,Idealized 113/114 cap-derived geometric schedule,370020001,68,0.00000068,16799977805310068,167999778.05310068,boundary probe
S4,S4,Idealized 113/114 cap-derived geometric schedule,370229999,68,0.00000068,16799977819589932,167999778.19589932,boundary probe
S4,S4,Idealized 113/114 cap-derived geometric schedule,370230000,67,0.00000067,16799977819590000,167999778.19590000,boundary probe
S4,S4,Idealized 113/114 cap-derived geometric schedule,370230001,67,0.00000067,16799977819590067,167999778.19590067,boundary probe
S4,S4,Idealized 113/114 cap-derived geometric schedule,370439999,67,0.00000067,16799977833659933,167999778.33659933,boundary probe
S4,S4,Idealized 113/114 cap-derived geometric schedule,370440000,66,0.00000066,16799977833660000,167999778.33660000,boundary probe
S4,S4,Idealized 113/114 cap-derived geometric schedule,370440001,66,0.00000066,16799977833660066,167999778.33660066,boundary probe
S4,S4,Idealized 113/114 cap-derived geometric schedule,370649999,66,0.00000066,16799977847519934,167999778.47519934,boundary probe
S4,S4,Idealized 113/114 cap-derived geometric schedule,370650000,65,0.00000065,16799977847520000,167999778.47520000,boundary probe
S4,S4,Idealized 113/114 cap-derived geometric schedule,370650001,65,0.00000065,16799977847520065,167999778.47520065,boundary probe
S4,S4,Idealized 113/114 cap-derived geometric schedule,370859999,65,0.00000065,16799977861169935,167999778.61169935,boundary probe
S4,S4,Idealized 113/114 cap-derived geometric schedule,370860000,64,0.00000064,16799977861170000,167999778.61170000,boundary probe
S4,S4,Idealized 113/114 cap-derived geometric schedule,370860001,64,0.00000064,16799977861170064,167999778.61170064,boundary probe
S4,S4,Idealized 113/114 cap-derived geometric schedule,371069999,64,0.00000064,16799977874609936,167999778.74609936,boundary probe
S4,S4,Idealized 113/114 cap-derived geometric schedule,371070000,63,0.00000063,16799977874610000,167999778.74610000,boundary probe
S4,S4,Idealized 113/114 cap-derived geometric schedule,371070001,63,0.00000063,16799977874610063,167999778.74610063,boundary probe
S4,S4,Idealized 113/114 cap-derived geometric schedule,371279999,63,0.00000063,16799977887839937,167999778.87839937,boundary probe
S4,S4,Idealized 113/114 cap-derived geometric schedule,371280000,62,0.00000062,16799977887840000,167999778.87840000,boundary probe
S4,S4,Idealized 113/114 cap-derived geometric schedule,371280001,62,0.00000062,16799977887840062,167999778.87840062,boundary probe
S4,S4,Idealized 113/114 cap-derived geometric schedule,371489999,62,0.00000062,16799977900859938,167999779.00859938,boundary probe
S4,S4,Idealized 113/114 cap-derived geometric schedule,371490000,61,0.00000061,16799977900860000,167999779.00860000,boundary probe
S4,S4,Idealized 113/114 cap-derived geometric schedule,371490001,61,0.00000061,16799977900860061,167999779.00860061,boundary probe
S4,S4,Idealized 113/114 cap-derived geometric schedule,371699999,61,0.00000061,16799977913669939,167999779.13669939,boundary probe
S4,S4,Idealized 113/114 cap-derived geometric schedule,371700000,60,0.00000060,16799977913670000,167999779.13670000,boundary probe
S4,S4,Idealized 113/114 cap-derived geometric schedule,371700001,60,0.00000060,16799977913670060,167999779.13670060,boundary probe
S4,S4,Idealized 113/114 cap-derived geometric schedule,371909999,60,0.00000060,16799977926269940,167999779.26269940,boundary probe
S4,S4,Idealized 113/114 cap-derived geometric schedule,371910000,59,0.00000059,16799977926270000,167999779.26270000,boundary probe
S4,S4,Idealized 113/114 cap-derived geometric schedule,371910001,59,0.00000059,16799977926270059,167999779.26270059,boundary probe
S4,S4,Idealized 113/114 cap-derived geometric schedule,372119999,59,0.00000059,16799977938659941,167999779.38659941,boundary probe
S4,S4,Idealized 113/114 cap-derived geometric schedule,372120000,58,0.00000058,16799977938660000,167999779.38660000,boundary probe
S4,S4,Idealized 113/114 cap-derived geometric schedule,372120001,58,0.00000058,16799977938660058,167999779.38660058,boundary probe
S4,S4,Idealized 113/114 cap-derived geometric schedule,372329999,58,0.00000058,16799977950839942,167999779.50839942,boundary probe
S4,S4,Idealized 113/114 cap-derived geometric schedule,372330000,57,0.00000057,16799977950840000,167999779.50840000,boundary probe
S4,S4,Idealized 113/114 cap-derived geometric schedule,372330001,57,0.00000057,16799977950840057,167999779.50840057,boundary probe
S4,S4,Idealized 113/114 cap-derived geometric schedule,372539999,57,0.00000057,16799977962809943,167999779.62809943,boundary probe
S4,S4,Idealized 113/114 cap-derived geometric schedule,372540000,56,0.00000056,16799977962810000,167999779.62810000,boundary probe
S4,S4,Idealized 113/114 cap-derived geometric schedule,372540001,56,0.00000056,16799977962810056,167999779.62810056,boundary probe
S4,S4,Idealized 113/114 cap-derived geometric schedule,372749999,56,0.00000056,16799977974569944,167999779.74569944,boundary probe
S4,S4,Idealized 113/114 cap-derived geometric schedule,372750000,55,0.00000055,16799977974570000,167999779.74570000,boundary probe
S4,S4,Idealized 113/114 cap-derived geometric schedule,372750001,55,0.00000055,16799977974570055,167999779.74570055,boundary probe
S4,S4,Idealized 113/114 cap-derived geometric schedule,372959999,55,0.00000055,16799977986119945,167999779.86119945,boundary probe
S4,S4,Idealized 113/114 cap-derived geometric schedule,372960000,54,0.00000054,16799977986120000,167999779.86120000,boundary probe
S4,S4,Idealized 113/114 cap-derived geometric schedule,372960001,54,0.00000054,16799977986120054,167999779.86120054,boundary probe
S4,S4,Idealized 113/114 cap-derived geometric schedule,373169999,54,0.00000054,16799977997459946,167999779.97459946,boundary probe
S4,S4,Idealized 113/114 cap-derived geometric schedule,373170000,53,0.00000053,16799977997460000,167999779.97460000,boundary probe
S4,S4,Idealized 113/114 cap-derived geometric schedule,373170001,53,0.00000053,16799977997460053,167999779.97460053,boundary probe
S4,S4,Idealized 113/114 cap-derived geometric schedule,373379999,53,0.00000053,16799978008589947,167999780.08589947,boundary probe
S4,S4,Idealized 113/114 cap-derived geometric schedule,373380000,52,0.00000052,16799978008590000,167999780.08590000,boundary probe
S4,S4,Idealized 113/114 cap-derived geometric schedule,373380001,52,0.00000052,16799978008590052,167999780.08590052,boundary probe
S4,S4,Idealized 113/114 cap-derived geometric schedule,373589999,52,0.00000052,16799978019509948,167999780.19509948,boundary probe
S4,S4,Idealized 113/114 cap-derived geometric schedule,373590000,51,0.00000051,16799978019510000,167999780.19510000,boundary probe
S4,S4,Idealized 113/114 cap-derived geometric schedule,373590001,51,0.00000051,16799978019510051,167999780.19510051,boundary probe
S4,S4,Idealized 113/114 cap-derived geometric schedule,373799999,51,0.00000051,16799978030219949,167999780.30219949,boundary probe
S4,S4,Idealized 113/114 cap-derived geometric schedule,373800000,50,0.00000050,16799978030220000,167999780.30220000,boundary probe
S4,S4,Idealized 113/114 cap-derived geometric schedule,373800001,50,0.00000050,16799978030220050,167999780.30220050,boundary probe
S4,S4,Idealized 113/114 cap-derived geometric schedule,374009999,50,0.00000050,16799978040719950,167999780.40719950,boundary probe
S4,S4,Idealized 113/114 cap-derived geometric schedule,374010000,49,0.00000049,16799978040720000,167999780.40720000,boundary probe
S4,S4,Idealized 113/114 cap-derived geometric schedule,374010001,49,0.00000049,16799978040720049,167999780.40720049,boundary probe
S4,S4,Idealized 113/114 cap-derived geometric schedule,374219999,49,0.00000049,16799978051009951,167999780.51009951,boundary probe
S4,S4,Idealized 113/114 cap-derived geometric schedule,374220000,48,0.00000048,16799978051010000,167999780.51010000,boundary probe
S4,S4,Idealized 113/114 cap-derived geometric schedule,374220001,48,0.00000048,16799978051010048,167999780.51010048,boundary probe
S4,S4,Idealized 113/114 cap-derived geometric schedule,374429999,48,0.00000048,16799978061089952,167999780.61089952,boundary probe
S4,S4,Idealized 113/114 cap-derived geometric schedule,374430000,47,0.00000047,16799978061090000,167999780.61090000,boundary probe
S4,S4,Idealized 113/114 cap-derived geometric schedule,374430001,47,0.00000047,16799978061090047,167999780.61090047,boundary probe
S4,S4,Idealized 113/114 cap-derived geometric schedule,374639999,47,0.00000047,16799978070959953,167999780.70959953,boundary probe
S4,S4,Idealized 113/114 cap-derived geometric schedule,374640000,46,0.00000046,16799978070960000,167999780.70960000,boundary probe
S4,S4,Idealized 113/114 cap-derived geometric schedule,374640001,46,0.00000046,16799978070960046,167999780.70960046,boundary probe
S4,S4,Idealized 113/114 cap-derived geometric schedule,374849999,46,0.00000046,16799978080619954,167999780.80619954,boundary probe
S4,S4,Idealized 113/114 cap-derived geometric schedule,374850000,45,0.00000045,16799978080620000,167999780.80620000,boundary probe
S4,S4,Idealized 113/114 cap-derived geometric schedule,374850001,45,0.00000045,16799978080620045,167999780.80620045,boundary probe
S4,S4,Idealized 113/114 cap-derived geometric schedule,375059999,45,0.00000045,16799978090069955,167999780.90069955,boundary probe
S4,S4,Idealized 113/114 cap-derived geometric schedule,375060000,44,0.00000044,16799978090070000,167999780.90070000,boundary probe
S4,S4,Idealized 113/114 cap-derived geometric schedule,375060001,44,0.00000044,16799978090070044,167999780.90070044,boundary probe
S4,S4,Idealized 113/114 cap-derived geometric schedule,375269999,44,0.00000044,16799978099309956,167999780.99309956,boundary probe
S4,S4,Idealized 113/114 cap-derived geometric schedule,375270000,43,0.00000043,16799978099310000,167999780.99310000,boundary probe
S4,S4,Idealized 113/114 cap-derived geometric schedule,375270001,43,0.00000043,16799978099310043,167999780.99310043,boundary probe
S4,S4,Idealized 113/114 cap-derived geometric schedule,375479999,43,0.00000043,16799978108339957,167999781.08339957,boundary probe
S4,S4,Idealized 113/114 cap-derived geometric schedule,375480000,42,0.00000042,16799978108340000,167999781.08340000,boundary probe
S4,S4,Idealized 113/114 cap-derived geometric schedule,375480001,42,0.00000042,16799978108340042,167999781.08340042,boundary probe
S4,S4,Idealized 113/114 cap-derived geometric schedule,375689999,42,0.00000042,16799978117159958,167999781.17159958,boundary probe
S4,S4,Idealized 113/114 cap-derived geometric schedule,375690000,41,0.00000041,16799978117160000,167999781.17160000,boundary probe
S4,S4,Idealized 113/114 cap-derived geometric schedule,375690001,41,0.00000041,16799978117160041,167999781.17160041,boundary probe
S4,S4,Idealized 113/114 cap-derived geometric schedule,375899999,41,0.00000041,16799978125769959,167999781.25769959,boundary probe
S4,S4,Idealized 113/114 cap-derived geometric schedule,375900000,40,0.00000040,16799978125770000,167999781.25770000,boundary probe
S4,S4,Idealized 113/114 cap-derived geometric schedule,375900001,40,0.00000040,16799978125770040,167999781.25770040,boundary probe
S4,S4,Idealized 113/114 cap-derived geometric schedule,376109999,40,0.00000040,16799978134169960,167999781.34169960,boundary probe
S4,S4,Idealized 113/114 cap-derived geometric schedule,376110000,39,0.00000039,16799978134170000,167999781.34170000,boundary probe
S4,S4,Idealized 113/114 cap-derived geometric schedule,376110001,39,0.00000039,16799978134170039,167999781.34170039,boundary probe
S4,S4,Idealized 113/114 cap-derived geometric schedule,376319999,39,0.00000039,16799978142359961,167999781.42359961,boundary probe
S4,S4,Idealized 113/114 cap-derived geometric schedule,376320000,38,0.00000038,16799978142360000,167999781.42360000,boundary probe
S4,S4,Idealized 113/114 cap-derived geometric schedule,376320001,38,0.00000038,16799978142360038,167999781.42360038,boundary probe
S4,S4,Idealized 113/114 cap-derived geometric schedule,376529999,38,0.00000038,16799978150339962,167999781.50339962,boundary probe
S4,S4,Idealized 113/114 cap-derived geometric schedule,376530000,37,0.00000037,16799978150340000,167999781.50340000,boundary probe
S4,S4,Idealized 113/114 cap-derived geometric schedule,376530001,37,0.00000037,16799978150340037,167999781.50340037,boundary probe
S4,S4,Idealized 113/114 cap-derived geometric schedule,376739999,37,0.00000037,16799978158109963,167999781.58109963,boundary probe
S4,S4,Idealized 113/114 cap-derived geometric schedule,376740000,36,0.00000036,16799978158110000,167999781.58110000,boundary probe
S4,S4,Idealized 113/114 cap-derived geometric schedule,376740001,36,0.00000036,16799978158110036,167999781.58110036,boundary probe
S4,S4,Idealized 113/114 cap-derived geometric schedule,376949999,36,0.00000036,16799978165669964,167999781.65669964,boundary probe
S4,S4,Idealized 113/114 cap-derived geometric schedule,376950000,35,0.00000035,16799978165670000,167999781.65670000,boundary probe
S4,S4,Idealized 113/114 cap-derived geometric schedule,376950001,35,0.00000035,16799978165670035,167999781.65670035,boundary probe
S4,S4,Idealized 113/114 cap-derived geometric schedule,377159999,35,0.00000035,16799978173019965,167999781.73019965,boundary probe
S4,S4,Idealized 113/114 cap-derived geometric schedule,377160000,34,0.00000034,16799978173020000,167999781.73020000,boundary probe
S4,S4,Idealized 113/114 cap-derived geometric schedule,377160001,34,0.00000034,16799978173020034,167999781.73020034,boundary probe
S4,S4,Idealized 113/114 cap-derived geometric schedule,377369999,34,0.00000034,16799978180159966,167999781.80159966,boundary probe
S4,S4,Idealized 113/114 cap-derived geometric schedule,377370000,33,0.00000033,16799978180160000,167999781.80160000,boundary probe
S4,S4,Idealized 113/114 cap-derived geometric schedule,377370001,33,0.00000033,16799978180160033,167999781.80160033,boundary probe
S4,S4,Idealized 113/114 cap-derived geometric schedule,377579999,33,0.00000033,16799978187089967,167999781.87089967,boundary probe
S4,S4,Idealized 113/114 cap-derived geometric schedule,377580000,32,0.00000032,16799978187090000,167999781.87090000,boundary probe
S4,S4,Idealized 113/114 cap-derived geometric schedule,377580001,32,0.00000032,16799978187090032,167999781.87090032,boundary probe
S4,S4,Idealized 113/114 cap-derived geometric schedule,377789999,32,0.00000032,16799978193809968,167999781.93809968,boundary probe
S4,S4,Idealized 113/114 cap-derived geometric schedule,377790000,31,0.00000031,16799978193810000,167999781.93810000,boundary probe
S4,S4,Idealized 113/114 cap-derived geometric schedule,377790001,31,0.00000031,16799978193810031,167999781.93810031,boundary probe
S4,S4,Idealized 113/114 cap-derived geometric schedule,377999999,31,0.00000031,16799978200319969,167999782.00319969,boundary probe
S4,S4,Idealized 113/114 cap-derived geometric schedule,378000000,30,0.00000030,16799978200320000,167999782.00320000,boundary probe
S4,S4,Idealized 113/114 cap-derived geometric schedule,378000001,30,0.00000030,16799978200320030,167999782.00320030,boundary probe
S4,S4,Idealized 113/114 cap-derived geometric schedule,378209999,30,0.00000030,16799978206619970,167999782.06619970,boundary probe
S4,S4,Idealized 113/114 cap-derived geometric schedule,378210000,29,0.00000029,16799978206620000,167999782.06620000,boundary probe
S4,S4,Idealized 113/114 cap-derived geometric schedule,378210001,29,0.00000029,16799978206620029,167999782.06620029,boundary probe
S4,S4,Idealized 113/114 cap-derived geometric schedule,378419999,29,0.00000029,16799978212709971,167999782.12709971,boundary probe
S4,S4,Idealized 113/114 cap-derived geometric schedule,378420000,28,0.00000028,16799978212710000,167999782.12710000,boundary probe
S4,S4,Idealized 113/114 cap-derived geometric schedule,378420001,28,0.00000028,16799978212710028,167999782.12710028,boundary probe
S4,S4,Idealized 113/114 cap-derived geometric schedule,378629999,28,0.00000028,16799978218589972,167999782.18589972,boundary probe
S4,S4,Idealized 113/114 cap-derived geometric schedule,378630000,27,0.00000027,16799978218590000,167999782.18590000,boundary probe
S4,S4,Idealized 113/114 cap-derived geometric schedule,378630001,27,0.00000027,16799978218590027,167999782.18590027,boundary probe
S4,S4,Idealized 113/114 cap-derived geometric schedule,378839999,27,0.00000027,16799978224259973,167999782.24259973,boundary probe
S4,S4,Idealized 113/114 cap-derived geometric schedule,378840000,26,0.00000026,16799978224260000,167999782.24260000,boundary probe
S4,S4,Idealized 113/114 cap-derived geometric schedule,378840001,26,0.00000026,16799978224260026,167999782.24260026,boundary probe
S4,S4,Idealized 113/114 cap-derived geometric schedule,379049999,26,0.00000026,16799978229719974,167999782.29719974,boundary probe
S4,S4,Idealized 113/114 cap-derived geometric schedule,379050000,25,0.00000025,16799978229720000,167999782.29720000,boundary probe
S4,S4,Idealized 113/114 cap-derived geometric schedule,379050001,25,0.00000025,16799978229720025,167999782.29720025,boundary probe
S4,S4,Idealized 113/114 cap-derived geometric schedule,379259999,25,0.00000025,16799978234969975,167999782.34969975,boundary probe
S4,S4,Idealized 113/114 cap-derived geometric schedule,379260000,24,0.00000024,16799978234970000,167999782.34970000,boundary probe
S4,S4,Idealized 113/114 cap-derived geometric schedule,379260001,24,0.00000024,16799978234970024,167999782.34970024,boundary probe
S4,S4,Idealized 113/114 cap-derived geometric schedule,379469999,24,0.00000024,16799978240009976,167999782.40009976,boundary probe
S4,S4,Idealized 113/114 cap-derived geometric schedule,379470000,23,0.00000023,16799978240010000,167999782.40010000,boundary probe
S4,S4,Idealized 113/114 cap-derived geometric schedule,379470001,23,0.00000023,16799978240010023,167999782.40010023,boundary probe
S4,S4,Idealized 113/114 cap-derived geometric schedule,379679999,23,0.00000023,16799978244839977,167999782.44839977,boundary probe
S4,S4,Idealized 113/114 cap-derived geometric schedule,379680000,22,0.00000022,16799978244840000,167999782.44840000,boundary probe
S4,S4,Idealized 113/114 cap-derived geometric schedule,379680001,22,0.00000022,16799978244840022,167999782.44840022,boundary probe
S4,S4,Idealized 113/114 cap-derived geometric schedule,379889999,22,0.00000022,16799978249459978,167999782.49459978,boundary probe
S4,S4,Idealized 113/114 cap-derived geometric schedule,379890000,21,0.00000021,16799978249460000,167999782.49460000,boundary probe
S4,S4,Idealized 113/114 cap-derived geometric schedule,379890001,21,0.00000021,16799978249460021,167999782.49460021,boundary probe
S4,S4,Idealized 113/114 cap-derived geometric schedule,380099999,21,0.00000021,16799978253869979,167999782.53869979,boundary probe
S4,S4,Idealized 113/114 cap-derived geometric schedule,380100000,20,0.00000020,16799978253870000,167999782.53870000,boundary probe
S4,S4,Idealized 113/114 cap-derived geometric schedule,380100001,20,0.00000020,16799978253870020,167999782.53870020,boundary probe
S4,S4,Idealized 113/114 cap-derived geometric schedule,380309999,20,0.00000020,16799978258069980,167999782.58069980,boundary probe
S4,S4,Idealized 113/114 cap-derived geometric schedule,380310000,19,0.00000019,16799978258070000,167999782.58070000,boundary probe
S4,S4,Idealized 113/114 cap-derived geometric schedule,380310001,19,0.00000019,16799978258070019,167999782.58070019,boundary probe
S4,S4,Idealized 113/114 cap-derived geometric schedule,380519999,19,0.00000019,16799978262059981,167999782.62059981,boundary probe
S4,S4,Idealized 113/114 cap-derived geometric schedule,380520000,18,0.00000018,16799978262060000,167999782.62060000,boundary probe
S4,S4,Idealized 113/114 cap-derived geometric schedule,380520001,18,0.00000018,16799978262060018,167999782.62060018,boundary probe
S4,S4,Idealized 113/114 cap-derived geometric schedule,380729999,18,0.00000018,16799978265839982,167999782.65839982,boundary probe
S4,S4,Idealized 113/114 cap-derived geometric schedule,380730000,17,0.00000017,16799978265840000,167999782.65840000,boundary probe
S4,S4,Idealized 113/114 cap-derived geometric schedule,380730001,17,0.00000017,16799978265840017,167999782.65840017,boundary probe
S4,S4,Idealized 113/114 cap-derived geometric schedule,380939999,17,0.00000017,16799978269409983,167999782.69409983,boundary probe
S4,S4,Idealized 113/114 cap-derived geometric schedule,380940000,16,0.00000016,16799978269410000,167999782.69410000,boundary probe
S4,S4,Idealized 113/114 cap-derived geometric schedule,380940001,16,0.00000016,16799978269410016,167999782.69410016,boundary probe
S4,S4,Idealized 113/114 cap-derived geometric schedule,381149999,16,0.00000016,16799978272769984,167999782.72769984,boundary probe
S4,S4,Idealized 113/114 cap-derived geometric schedule,381150000,15,0.00000015,16799978272770000,167999782.72770000,boundary probe
S4,S4,Idealized 113/114 cap-derived geometric schedule,381150001,15,0.00000015,16799978272770015,167999782.72770015,boundary probe
S4,S4,Idealized 113/114 cap-derived geometric schedule,381359999,15,0.00000015,16799978275919985,167999782.75919985,boundary probe
S4,S4,Idealized 113/114 cap-derived geometric schedule,381360000,14,0.00000014,16799978275920000,167999782.75920000,boundary probe
S4,S4,Idealized 113/114 cap-derived geometric schedule,381360001,14,0.00000014,16799978275920014,167999782.75920014,boundary probe
S4,S4,Idealized 113/114 cap-derived geometric schedule,381569999,14,0.00000014,16799978278859986,167999782.78859986,boundary probe
S4,S4,Idealized 113/114 cap-derived geometric schedule,381570000,13,0.00000013,16799978278860000,167999782.78860000,boundary probe
S4,S4,Idealized 113/114 cap-derived geometric schedule,381570001,13,0.00000013,16799978278860013,167999782.78860013,boundary probe
S4,S4,Idealized 113/114 cap-derived geometric schedule,381779999,13,0.00000013,16799978281589987,167999782.81589987,boundary probe
S4,S4,Idealized 113/114 cap-derived geometric schedule,381780000,12,0.00000012,16799978281590000,167999782.81590000,boundary probe
S4,S4,Idealized 113/114 cap-derived geometric schedule,381780001,12,0.00000012,16799978281590012,167999782.81590012,boundary probe
S4,S4,Idealized 113/114 cap-derived geometric schedule,381989999,12,0.00000012,16799978284109988,167999782.84109988,boundary probe
S4,S4,Idealized 113/114 cap-derived geometric schedule,381990000,11,0.00000011,16799978284110000,167999782.84110000,boundary probe
S4,S4,Idealized 113/114 cap-derived geometric schedule,381990001,11,0.00000011,16799978284110011,167999782.84110011,boundary probe
S4,S4,Idealized 113/114 cap-derived geometric schedule,382199999,11,0.00000011,16799978286419989,167999782.86419989,boundary probe
S4,S4,Idealized 113/114 cap-derived geometric schedule,382200000,10,0.00000010,16799978286420000,167999782.86420000,boundary probe
S4,S4,Idealized 113/114 cap-derived geometric schedule,382200001,10,0.00000010,16799978286420010,167999782.86420010,boundary probe
S4,S4,Idealized 113/114 cap-derived geometric schedule,382409999,10,0.00000010,16799978288519990,167999782.88519990,boundary probe
S4,S4,Idealized 113/114 cap-derived geometric schedule,382410000,9,0.00000009,16799978288520000,167999782.88520000,boundary probe
S4,S4,Idealized 113/114 cap-derived geometric schedule,382410001,9,0.00000009,16799978288520009,167999782.88520009,boundary probe
S4,S4,Idealized 113/114 cap-derived geometric schedule,382619999,9,0.00000009,16799978290409991,167999782.90409991,boundary probe
S4,S4,Idealized 113/114 cap-derived geometric schedule,382620000,8,0.00000008,16799978290410000,167999782.90410000,boundary probe
S4,S4,Idealized 113/114 cap-derived geometric schedule,382620001,8,0.00000008,16799978290410008,167999782.90410008,boundary probe
S4,S4,Idealized 113/114 cap-derived geometric schedule,382829999,8,0.00000008,16799978292089992,167999782.92089992,boundary probe
S4,S4,Idealized 113/114 cap-derived geometric schedule,382830000,7,0.00000007,16799978292090000,167999782.92090000,boundary probe
S4,S4,Idealized 113/114 cap-derived geometric schedule,382830001,7,0.00000007,16799978292090007,167999782.92090007,boundary probe
S4,S4,Idealized 113/114 cap-derived geometric schedule,383039999,7,0.00000007,16799978293559993,167999782.93559993,boundary probe
S4,S4,Idealized 113/114 cap-derived geometric schedule,383040000,6,0.00000006,16799978293560000,167999782.93560000,boundary probe
S4,S4,Idealized 113/114 cap-derived geometric schedule,383040001,6,0.00000006,16799978293560006,167999782.93560006,boundary probe
S4,S4,Idealized 113/114 cap-derived geometric schedule,383249999,6,0.00000006,16799978294819994,167999782.94819994,boundary probe
S4,S4,Idealized 113/114 cap-derived geometric schedule,383250000,5,0.00000005,16799978294820000,167999782.94820000,boundary probe
S4,S4,Idealized 113/114 cap-derived geometric schedule,383250001,5,0.00000005,16799978294820005,167999782.94820005,boundary probe
S4,S4,Idealized 113/114 cap-derived geometric schedule,383459999,5,0.00000005,16799978295869995,167999782.95869995,boundary probe
S4,S4,Idealized 113/114 cap-derived geometric schedule,383460000,4,0.00000004,16799978295870000,167999782.95870000,boundary probe
S4,S4,Idealized 113/114 cap-derived geometric schedule,383460001,4,0.00000004,16799978295870004,167999782.95870004,boundary probe
S4,S4,Idealized 113/114 cap-derived geometric schedule,383669999,4,0.00000004,16799978296709996,167999782.96709996,boundary probe
S4,S4,Idealized 113/114 cap-derived geometric schedule,383670000,3,0.00000003,16799978296710000,167999782.96710000,boundary probe
S4,S4,Idealized 113/114 cap-derived geometric schedule,383670001,3,0.00000003,16799978296710003,167999782.96710003,boundary probe
S4,S4,Idealized 113/114 cap-derived geometric schedule,383879999,3,0.00000003,16799978297339997,167999782.97339997,boundary probe
S4,S4,Idealized 113/114 cap-derived geometric schedule,383880000,2,0.00000002,16799978297340000,167999782.97340000,boundary probe
S4,S4,Idealized 113/114 cap-derived geometric schedule,383880001,2,0.00000002,16799978297340002,167999782.97340002,boundary probe
S4,S4,Idealized 113/114 cap-derived geometric schedule,384089999,2,0.00000002,16799978297759998,167999782.97759998,boundary probe
S4,S4,Idealized 113/114 cap-derived geometric schedule,384090000,1,0.00000001,16799978297760000,167999782.97760000,boundary probe
S4,S4,Idealized 113/114 cap-derived geometric schedule,384090001,1,0.00000001,16799978297760001,167999782.97760001,boundary probe
S4,S4,Idealized 113/114 cap-derived geometric schedule,384299999,1,0.00000001,16799978297969999,167999782.97969999,boundary probe
S4,S4,Idealized 113/114 cap-derived geometric schedule,384300000,0,0.00000000,16799978297970000,167999782.97970000,boundary probe
S4,S4,Idealized 113/114 cap-derived geometric schedule,384300001,0,0.00000000,16799978297970000,167999782.97970000,boundary probe
S5a,S5/a,"Extended-epoch binary halving, 840,000 anchor",0,5000000000,50.00000000,0,0.00000000,boundary probe
S5a,S5/a,"Extended-epoch binary halving, 840,000 anchor",1,5000000000,50.00000000,5000000000,50.00000000,boundary probe
S5a,S5/a,"Extended-epoch binary halving, 840,000 anchor",209999,5000000000,50.00000000,1049995000000000,10499950.00000000,boundary probe
S5a,S5/a,"Extended-epoch binary halving, 840,000 anchor",210000,2500000000,25.00000000,1050000000000000,10500000.00000000,boundary probe
S5a,S5/a,"Extended-epoch binary halving, 840,000 anchor",210001,2500000000,25.00000000,1050002500000000,10500025.00000000,boundary probe
S5a,S5/a,"Extended-epoch binary halving, 840,000 anchor",419999,2500000000,25.00000000,1574997500000000,15749975.00000000,boundary probe
S5a,S5/a,"Extended-epoch binary halving, 840,000 anchor",420000,1250000000,12.50000000,1575000000000000,15750000.00000000,boundary probe
S5a,S5/a,"Extended-epoch binary halving, 840,000 anchor",420001,1250000000,12.50000000,1575001250000000,15750012.50000000,boundary probe
S5a,S5/a,"Extended-epoch binary halving, 840,000 anchor",629999,1250000000,12.50000000,1837498750000000,18374987.50000000,boundary probe
S5a,S5/a,"Extended-epoch binary halving, 840,000 anchor",630000,625000000,6.25000000,1837500000000000,18375000.00000000,boundary probe
S5a,S5/a,"Extended-epoch binary halving, 840,000 anchor",630001,625000000,6.25000000,1837500625000000,18375006.25000000,boundary probe
S5a,S5/a,"Extended-epoch binary halving, 840,000 anchor",839999,625000000,6.25000000,1968749375000000,19687493.75000000,boundary probe
S5a,S5/a,"Extended-epoch binary halving, 840,000 anchor",840000,312500000,3.12500000,1968750000000000,19687500.00000000,boundary probe
S5a,S5/a,"Extended-epoch binary halving, 840,000 anchor",840001,312500000,3.12500000,1968750312500000,19687503.12500000,boundary probe
S5a,S5/a,"Extended-epoch binary halving, 840,000 anchor",2939999,312500000,3.12500000,2624999687500000,26249996.87500000,boundary probe
S5a,S5/a,"Extended-epoch binary halving, 840,000 anchor",2940000,156250000,1.56250000,2625000000000000,26250000.00000000,boundary probe
S5a,S5/a,"Extended-epoch binary halving, 840,000 anchor",2940001,156250000,1.56250000,2625000156250000,26250001.56250000,boundary probe
S5a,S5/a,"Extended-epoch binary halving, 840,000 anchor",5039999,156250000,1.56250000,2953124843750000,29531248.43750000,boundary probe
S5a,S5/a,"Extended-epoch binary halving, 840,000 anchor",5040000,78125000,0.78125000,2953125000000000,29531250.00000000,boundary probe
S5a,S5/a,"Extended-epoch binary halving, 840,000 anchor",5040001,78125000,0.78125000,2953125078125000,29531250.78125000,boundary probe
S5a,S5/a,"Extended-epoch binary halving, 840,000 anchor",7139999,78125000,0.78125000,3117187421875000,31171874.21875000,boundary probe
S5a,S5/a,"Extended-epoch binary halving, 840,000 anchor",7140000,39062500,0.39062500,3117187500000000,31171875.00000000,boundary probe
S5a,S5/a,"Extended-epoch binary halving, 840,000 anchor",7140001,39062500,0.39062500,3117187539062500,31171875.39062500,boundary probe
S5a,S5/a,"Extended-epoch binary halving, 840,000 anchor",9239999,39062500,0.39062500,3199218710937500,31992187.10937500,boundary probe
S5a,S5/a,"Extended-epoch binary halving, 840,000 anchor",9240000,19531250,0.19531250,3199218750000000,31992187.50000000,boundary probe
S5a,S5/a,"Extended-epoch binary halving, 840,000 anchor",9240001,19531250,0.19531250,3199218769531250,31992187.69531250,boundary probe
S5a,S5/a,"Extended-epoch binary halving, 840,000 anchor",11339999,19531250,0.19531250,3240234355468750,32402343.55468750,boundary probe
S5a,S5/a,"Extended-epoch binary halving, 840,000 anchor",11340000,9765625,0.09765625,3240234375000000,32402343.75000000,boundary probe
S5a,S5/a,"Extended-epoch binary halving, 840,000 anchor",11340001,9765625,0.09765625,3240234384765625,32402343.84765625,boundary probe
S5a,S5/a,"Extended-epoch binary halving, 840,000 anchor",13439999,9765625,0.09765625,3260742177734375,32607421.77734375,boundary probe
S5a,S5/a,"Extended-epoch binary halving, 840,000 anchor",13440000,4882812,0.04882812,3260742187500000,32607421.87500000,boundary probe
S5a,S5/a,"Extended-epoch binary halving, 840,000 anchor",13440001,4882812,0.04882812,3260742192382812,32607421.92382812,boundary probe
S5a,S5/a,"Extended-epoch binary halving, 840,000 anchor",15539999,4882812,0.04882812,3270996087817188,32709960.87817188,boundary probe
S5a,S5/a,"Extended-epoch binary halving, 840,000 anchor",15540000,2441406,0.02441406,3270996092700000,32709960.92700000,boundary probe
S5a,S5/a,"Extended-epoch binary halving, 840,000 anchor",15540001,2441406,0.02441406,3270996095141406,32709960.95141406,boundary probe
S5a,S5/a,"Extended-epoch binary halving, 840,000 anchor",17639999,2441406,0.02441406,3276123042858594,32761230.42858594,boundary probe
S5a,S5/a,"Extended-epoch binary halving, 840,000 anchor",17640000,1220703,0.01220703,3276123045300000,32761230.45300000,boundary probe
S5a,S5/a,"Extended-epoch binary halving, 840,000 anchor",17640001,1220703,0.01220703,3276123046520703,32761230.46520703,boundary probe
S5a,S5/a,"Extended-epoch binary halving, 840,000 anchor",19739999,1220703,0.01220703,3278686520379297,32786865.20379297,boundary probe
S5a,S5/a,"Extended-epoch binary halving, 840,000 anchor",19740000,610351,0.00610351,3278686521600000,32786865.21600000,boundary probe
S5a,S5/a,"Extended-epoch binary halving, 840,000 anchor",19740001,610351,0.00610351,3278686522210351,32786865.22210351,boundary probe
S5a,S5/a,"Extended-epoch binary halving, 840,000 anchor",21839999,610351,0.00610351,3279968258089649,32799682.58089649,boundary probe
S5a,S5/a,"Extended-epoch binary halving, 840,000 anchor",21840000,305175,0.00305175,3279968258700000,32799682.58700000,boundary probe
S5a,S5/a,"Extended-epoch binary halving, 840,000 anchor",21840001,305175,0.00305175,3279968259005175,32799682.59005175,boundary probe
S5a,S5/a,"Extended-epoch binary halving, 840,000 anchor",23939999,305175,0.00305175,3280609125894825,32806091.25894825,boundary probe
S5a,S5/a,"Extended-epoch binary halving, 840,000 anchor",23940000,152587,0.00152587,3280609126200000,32806091.26200000,boundary probe
S5a,S5/a,"Extended-epoch binary halving, 840,000 anchor",23940001,152587,0.00152587,3280609126352587,32806091.26352587,boundary probe
S5a,S5/a,"Extended-epoch binary halving, 840,000 anchor",26039999,152587,0.00152587,3280929558747413,32809295.58747413,boundary probe
S5a,S5/a,"Extended-epoch binary halving, 840,000 anchor",26040000,76293,0.00076293,3280929558900000,32809295.58900000,boundary probe
S5a,S5/a,"Extended-epoch binary halving, 840,000 anchor",26040001,76293,0.00076293,3280929558976293,32809295.58976293,boundary probe
S5a,S5/a,"Extended-epoch binary halving, 840,000 anchor",28139999,76293,0.00076293,3281089774123707,32810897.74123707,boundary probe
S5a,S5/a,"Extended-epoch binary halving, 840,000 anchor",28140000,38146,0.00038146,3281089774200000,32810897.74200000,boundary probe
S5a,S5/a,"Extended-epoch binary halving, 840,000 anchor",28140001,38146,0.00038146,3281089774238146,32810897.74238146,boundary probe
S5a,S5/a,"Extended-epoch binary halving, 840,000 anchor",30239999,38146,0.00038146,3281169880761854,32811698.80761854,boundary probe
S5a,S5/a,"Extended-epoch binary halving, 840,000 anchor",30240000,19073,0.00019073,3281169880800000,32811698.80800000,boundary probe
S5a,S5/a,"Extended-epoch binary halving, 840,000 anchor",30240001,19073,0.00019073,3281169880819073,32811698.80819073,boundary probe
S5a,S5/a,"Extended-epoch binary halving, 840,000 anchor",32339999,19073,0.00019073,3281209934080927,32812099.34080927,boundary probe
S5a,S5/a,"Extended-epoch binary halving, 840,000 anchor",32340000,9536,0.00009536,3281209934100000,32812099.34100000,boundary probe
S5a,S5/a,"Extended-epoch binary halving, 840,000 anchor",32340001,9536,0.00009536,3281209934109536,32812099.34109536,boundary probe
S5a,S5/a,"Extended-epoch binary halving, 840,000 anchor",34439999,9536,0.00009536,3281229959690464,32812299.59690464,boundary probe
S5a,S5/a,"Extended-epoch binary halving, 840,000 anchor",34440000,4768,0.00004768,3281229959700000,32812299.59700000,boundary probe
S5a,S5/a,"Extended-epoch binary halving, 840,000 anchor",34440001,4768,0.00004768,3281229959704768,32812299.59704768,boundary probe
S5a,S5/a,"Extended-epoch binary halving, 840,000 anchor",36539999,4768,0.00004768,3281239972495232,32812399.72495232,boundary probe
S5a,S5/a,"Extended-epoch binary halving, 840,000 anchor",36540000,2384,0.00002384,3281239972500000,32812399.72500000,boundary probe
S5a,S5/a,"Extended-epoch binary halving, 840,000 anchor",36540001,2384,0.00002384,3281239972502384,32812399.72502384,boundary probe
S5a,S5/a,"Extended-epoch binary halving, 840,000 anchor",38639999,2384,0.00002384,3281244978897616,32812449.78897616,boundary probe
S5a,S5/a,"Extended-epoch binary halving, 840,000 anchor",38640000,1192,0.00001192,3281244978900000,32812449.78900000,boundary probe
S5a,S5/a,"Extended-epoch binary halving, 840,000 anchor",38640001,1192,0.00001192,3281244978901192,32812449.78901192,boundary probe
S5a,S5/a,"Extended-epoch binary halving, 840,000 anchor",40739999,1192,0.00001192,3281247482098808,32812474.82098808,boundary probe
S5a,S5/a,"Extended-epoch binary halving, 840,000 anchor",40740000,596,0.00000596,3281247482100000,32812474.82100000,boundary probe
S5a,S5/a,"Extended-epoch binary halving, 840,000 anchor",40740001,596,0.00000596,3281247482100596,32812474.82100596,boundary probe
S5a,S5/a,"Extended-epoch binary halving, 840,000 anchor",42839999,596,0.00000596,3281248733699404,32812487.33699404,boundary probe
S5a,S5/a,"Extended-epoch binary halving, 840,000 anchor",42840000,298,0.00000298,3281248733700000,32812487.33700000,boundary probe
S5a,S5/a,"Extended-epoch binary halving, 840,000 anchor",42840001,298,0.00000298,3281248733700298,32812487.33700298,boundary probe
S5a,S5/a,"Extended-epoch binary halving, 840,000 anchor",44939999,298,0.00000298,3281249359499702,32812493.59499702,boundary probe
S5a,S5/a,"Extended-epoch binary halving, 840,000 anchor",44940000,149,0.00000149,3281249359500000,32812493.59500000,boundary probe
S5a,S5/a,"Extended-epoch binary halving, 840,000 anchor",44940001,149,0.00000149,3281249359500149,32812493.59500149,boundary probe
S5a,S5/a,"Extended-epoch binary halving, 840,000 anchor",47039999,149,0.00000149,3281249672399851,32812496.72399851,boundary probe
S5a,S5/a,"Extended-epoch binary halving, 840,000 anchor",47040000,74,0.00000074,3281249672400000,32812496.72400000,boundary probe
S5a,S5/a,"Extended-epoch binary halving, 840,000 anchor",47040001,74,0.00000074,3281249672400074,32812496.72400074,boundary probe
S5a,S5/a,"Extended-epoch binary halving, 840,000 anchor",49139999,74,0.00000074,3281249827799926,32812498.27799926,boundary probe
S5a,S5/a,"Extended-epoch binary halving, 840,000 anchor",49140000,37,0.00000037,3281249827800000,32812498.27800000,boundary probe
S5a,S5/a,"Extended-epoch binary halving, 840,000 anchor",49140001,37,0.00000037,3281249827800037,32812498.27800037,boundary probe
S5a,S5/a,"Extended-epoch binary halving, 840,000 anchor",51239999,37,0.00000037,3281249905499963,32812499.05499963,boundary probe
S5a,S5/a,"Extended-epoch binary halving, 840,000 anchor",51240000,18,0.00000018,3281249905500000,32812499.05500000,boundary probe
S5a,S5/a,"Extended-epoch binary halving, 840,000 anchor",51240001,18,0.00000018,3281249905500018,32812499.05500018,boundary probe
S5a,S5/a,"Extended-epoch binary halving, 840,000 anchor",53339999,18,0.00000018,3281249943299982,32812499.43299982,boundary probe
S5a,S5/a,"Extended-epoch binary halving, 840,000 anchor",53340000,9,0.00000009,3281249943300000,32812499.43300000,boundary probe
S5a,S5/a,"Extended-epoch binary halving, 840,000 anchor",53340001,9,0.00000009,3281249943300009,32812499.43300009,boundary probe
S5a,S5/a,"Extended-epoch binary halving, 840,000 anchor",55439999,9,0.00000009,3281249962199991,32812499.62199991,boundary probe
S5a,S5/a,"Extended-epoch binary halving, 840,000 anchor",55440000,4,0.00000004,3281249962200000,32812499.62200000,boundary probe
S5a,S5/a,"Extended-epoch binary halving, 840,000 anchor",55440001,4,0.00000004,3281249962200004,32812499.62200004,boundary probe
S5a,S5/a,"Extended-epoch binary halving, 840,000 anchor",57539999,4,0.00000004,3281249970599996,32812499.70599996,boundary probe
S5a,S5/a,"Extended-epoch binary halving, 840,000 anchor",57540000,2,0.00000002,3281249970600000,32812499.70600000,boundary probe
S5a,S5/a,"Extended-epoch binary halving, 840,000 anchor",57540001,2,0.00000002,3281249970600002,32812499.70600002,boundary probe
S5a,S5/a,"Extended-epoch binary halving, 840,000 anchor",59639999,2,0.00000002,3281249974799998,32812499.74799998,boundary probe
S5a,S5/a,"Extended-epoch binary halving, 840,000 anchor",59640000,1,0.00000001,3281249974800000,32812499.74800000,boundary probe
S5a,S5/a,"Extended-epoch binary halving, 840,000 anchor",59640001,1,0.00000001,3281249974800001,32812499.74800001,boundary probe
S5a,S5/a,"Extended-epoch binary halving, 840,000 anchor",61739999,1,0.00000001,3281249976899999,32812499.76899999,boundary probe
S5a,S5/a,"Extended-epoch binary halving, 840,000 anchor",61740000,0,0.00000000,3281249976900000,32812499.76900000,boundary probe
S5a,S5/a,"Extended-epoch binary halving, 840,000 anchor",61740001,0,0.00000000,3281249976900000,32812499.76900000,boundary probe
S5B,S5/b,"Extended-epoch binary halving, phase-aligned to 630,000",0,5000000000,50.00000000,0,0.00000000,boundary probe
S5B,S5/b,"Extended-epoch binary halving, phase-aligned to 630,000",1,5000000000,50.00000000,5000000000,50.00000000,boundary probe
S5B,S5/b,"Extended-epoch binary halving, phase-aligned to 630,000",209999,5000000000,50.00000000,1049995000000000,10499950.00000000,boundary probe
S5B,S5/b,"Extended-epoch binary halving, phase-aligned to 630,000",210000,2500000000,25.00000000,1050000000000000,10500000.00000000,boundary probe
S5B,S5/b,"Extended-epoch binary halving, phase-aligned to 630,000",210001,2500000000,25.00000000,1050002500000000,10500025.00000000,boundary probe
S5B,S5/b,"Extended-epoch binary halving, phase-aligned to 630,000",419999,2500000000,25.00000000,1574997500000000,15749975.00000000,boundary probe
S5B,S5/b,"Extended-epoch binary halving, phase-aligned to 630,000",420000,1250000000,12.50000000,1575000000000000,15750000.00000000,boundary probe
S5B,S5/b,"Extended-epoch binary halving, phase-aligned to 630,000",420001,1250000000,12.50000000,1575001250000000,15750012.50000000,boundary probe
S5B,S5/b,"Extended-epoch binary halving, phase-aligned to 630,000",629999,1250000000,12.50000000,1837498750000000,18374987.50000000,boundary probe
S5B,S5/b,"Extended-epoch binary halving, phase-aligned to 630,000",630000,625000000,6.25000000,1837500000000000,18375000.00000000,boundary probe
S5B,S5/b,"Extended-epoch binary halving, phase-aligned to 630,000",630001,625000000,6.25000000,1837500625000000,18375006.25000000,boundary probe
S5B,S5/b,"Extended-epoch binary halving, phase-aligned to 630,000",839999,625000000,6.25000000,1968749375000000,19687493.75000000,boundary probe
S5B,S5/b,"Extended-epoch binary halving, phase-aligned to 630,000",840000,625000000,6.25000000,1968750000000000,19687500.00000000,boundary probe
S5B,S5/b,"Extended-epoch binary halving, phase-aligned to 630,000",840001,625000000,6.25000000,1968750625000000,19687506.25000000,boundary probe
S5B,S5/b,"Extended-epoch binary halving, phase-aligned to 630,000",2729999,625000000,6.25000000,3149999375000000,31499993.75000000,boundary probe
S5B,S5/b,"Extended-epoch binary halving, phase-aligned to 630,000",2730000,312500000,3.12500000,3150000000000000,31500000.00000000,boundary probe
S5B,S5/b,"Extended-epoch binary halving, phase-aligned to 630,000",2730001,312500000,3.12500000,3150000312500000,31500003.12500000,boundary probe
S5B,S5/b,"Extended-epoch binary halving, phase-aligned to 630,000",4829999,312500000,3.12500000,3806249687500000,38062496.87500000,boundary probe
S5B,S5/b,"Extended-epoch binary halving, phase-aligned to 630,000",4830000,156250000,1.56250000,3806250000000000,38062500.00000000,boundary probe
S5B,S5/b,"Extended-epoch binary halving, phase-aligned to 630,000",4830001,156250000,1.56250000,3806250156250000,38062501.56250000,boundary probe
S5B,S5/b,"Extended-epoch binary halving, phase-aligned to 630,000",6929999,156250000,1.56250000,4134374843750000,41343748.43750000,boundary probe
S5B,S5/b,"Extended-epoch binary halving, phase-aligned to 630,000",6930000,78125000,0.78125000,4134375000000000,41343750.00000000,boundary probe
S5B,S5/b,"Extended-epoch binary halving, phase-aligned to 630,000",6930001,78125000,0.78125000,4134375078125000,41343750.78125000,boundary probe
S5B,S5/b,"Extended-epoch binary halving, phase-aligned to 630,000",9029999,78125000,0.78125000,4298437421875000,42984374.21875000,boundary probe
S5B,S5/b,"Extended-epoch binary halving, phase-aligned to 630,000",9030000,39062500,0.39062500,4298437500000000,42984375.00000000,boundary probe
S5B,S5/b,"Extended-epoch binary halving, phase-aligned to 630,000",9030001,39062500,0.39062500,4298437539062500,42984375.39062500,boundary probe
S5B,S5/b,"Extended-epoch binary halving, phase-aligned to 630,000",11129999,39062500,0.39062500,4380468710937500,43804687.10937500,boundary probe
S5B,S5/b,"Extended-epoch binary halving, phase-aligned to 630,000",11130000,19531250,0.19531250,4380468750000000,43804687.50000000,boundary probe
S5B,S5/b,"Extended-epoch binary halving, phase-aligned to 630,000",11130001,19531250,0.19531250,4380468769531250,43804687.69531250,boundary probe
S5B,S5/b,"Extended-epoch binary halving, phase-aligned to 630,000",13229999,19531250,0.19531250,4421484355468750,44214843.55468750,boundary probe
S5B,S5/b,"Extended-epoch binary halving, phase-aligned to 630,000",13230000,9765625,0.09765625,4421484375000000,44214843.75000000,boundary probe
S5B,S5/b,"Extended-epoch binary halving, phase-aligned to 630,000",13230001,9765625,0.09765625,4421484384765625,44214843.84765625,boundary probe
S5B,S5/b,"Extended-epoch binary halving, phase-aligned to 630,000",15329999,9765625,0.09765625,4441992177734375,44419921.77734375,boundary probe
S5B,S5/b,"Extended-epoch binary halving, phase-aligned to 630,000",15330000,4882812,0.04882812,4441992187500000,44419921.87500000,boundary probe
S5B,S5/b,"Extended-epoch binary halving, phase-aligned to 630,000",15330001,4882812,0.04882812,4441992192382812,44419921.92382812,boundary probe
S5B,S5/b,"Extended-epoch binary halving, phase-aligned to 630,000",17429999,4882812,0.04882812,4452246087817188,44522460.87817188,boundary probe
S5B,S5/b,"Extended-epoch binary halving, phase-aligned to 630,000",17430000,2441406,0.02441406,4452246092700000,44522460.92700000,boundary probe
S5B,S5/b,"Extended-epoch binary halving, phase-aligned to 630,000",17430001,2441406,0.02441406,4452246095141406,44522460.95141406,boundary probe
S5B,S5/b,"Extended-epoch binary halving, phase-aligned to 630,000",19529999,2441406,0.02441406,4457373042858594,44573730.42858594,boundary probe
S5B,S5/b,"Extended-epoch binary halving, phase-aligned to 630,000",19530000,1220703,0.01220703,4457373045300000,44573730.45300000,boundary probe
S5B,S5/b,"Extended-epoch binary halving, phase-aligned to 630,000",19530001,1220703,0.01220703,4457373046520703,44573730.46520703,boundary probe
S5B,S5/b,"Extended-epoch binary halving, phase-aligned to 630,000",21629999,1220703,0.01220703,4459936520379297,44599365.20379297,boundary probe
S5B,S5/b,"Extended-epoch binary halving, phase-aligned to 630,000",21630000,610351,0.00610351,4459936521600000,44599365.21600000,boundary probe
S5B,S5/b,"Extended-epoch binary halving, phase-aligned to 630,000",21630001,610351,0.00610351,4459936522210351,44599365.22210351,boundary probe
S5B,S5/b,"Extended-epoch binary halving, phase-aligned to 630,000",23729999,610351,0.00610351,4461218258089649,44612182.58089649,boundary probe
S5B,S5/b,"Extended-epoch binary halving, phase-aligned to 630,000",23730000,305175,0.00305175,4461218258700000,44612182.58700000,boundary probe
S5B,S5/b,"Extended-epoch binary halving, phase-aligned to 630,000",23730001,305175,0.00305175,4461218259005175,44612182.59005175,boundary probe
S5B,S5/b,"Extended-epoch binary halving, phase-aligned to 630,000",25829999,305175,0.00305175,4461859125894825,44618591.25894825,boundary probe
S5B,S5/b,"Extended-epoch binary halving, phase-aligned to 630,000",25830000,152587,0.00152587,4461859126200000,44618591.26200000,boundary probe
S5B,S5/b,"Extended-epoch binary halving, phase-aligned to 630,000",25830001,152587,0.00152587,4461859126352587,44618591.26352587,boundary probe
S5B,S5/b,"Extended-epoch binary halving, phase-aligned to 630,000",27929999,152587,0.00152587,4462179558747413,44621795.58747413,boundary probe
S5B,S5/b,"Extended-epoch binary halving, phase-aligned to 630,000",27930000,76293,0.00076293,4462179558900000,44621795.58900000,boundary probe
S5B,S5/b,"Extended-epoch binary halving, phase-aligned to 630,000",27930001,76293,0.00076293,4462179558976293,44621795.58976293,boundary probe
S5B,S5/b,"Extended-epoch binary halving, phase-aligned to 630,000",30029999,76293,0.00076293,4462339774123707,44623397.74123707,boundary probe
S5B,S5/b,"Extended-epoch binary halving, phase-aligned to 630,000",30030000,38146,0.00038146,4462339774200000,44623397.74200000,boundary probe
S5B,S5/b,"Extended-epoch binary halving, phase-aligned to 630,000",30030001,38146,0.00038146,4462339774238146,44623397.74238146,boundary probe
S5B,S5/b,"Extended-epoch binary halving, phase-aligned to 630,000",32129999,38146,0.00038146,4462419880761854,44624198.80761854,boundary probe
S5B,S5/b,"Extended-epoch binary halving, phase-aligned to 630,000",32130000,19073,0.00019073,4462419880800000,44624198.80800000,boundary probe
S5B,S5/b,"Extended-epoch binary halving, phase-aligned to 630,000",32130001,19073,0.00019073,4462419880819073,44624198.80819073,boundary probe
S5B,S5/b,"Extended-epoch binary halving, phase-aligned to 630,000",34229999,19073,0.00019073,4462459934080927,44624599.34080927,boundary probe
S5B,S5/b,"Extended-epoch binary halving, phase-aligned to 630,000",34230000,9536,0.00009536,4462459934100000,44624599.34100000,boundary probe
S5B,S5/b,"Extended-epoch binary halving, phase-aligned to 630,000",34230001,9536,0.00009536,4462459934109536,44624599.34109536,boundary probe
S5B,S5/b,"Extended-epoch binary halving, phase-aligned to 630,000",36329999,9536,0.00009536,4462479959690464,44624799.59690464,boundary probe
S5B,S5/b,"Extended-epoch binary halving, phase-aligned to 630,000",36330000,4768,0.00004768,4462479959700000,44624799.59700000,boundary probe
S5B,S5/b,"Extended-epoch binary halving, phase-aligned to 630,000",36330001,4768,0.00004768,4462479959704768,44624799.59704768,boundary probe
S5B,S5/b,"Extended-epoch binary halving, phase-aligned to 630,000",38429999,4768,0.00004768,4462489972495232,44624899.72495232,boundary probe
S5B,S5/b,"Extended-epoch binary halving, phase-aligned to 630,000",38430000,2384,0.00002384,4462489972500000,44624899.72500000,boundary probe
S5B,S5/b,"Extended-epoch binary halving, phase-aligned to 630,000",38430001,2384,0.00002384,4462489972502384,44624899.72502384,boundary probe
S5B,S5/b,"Extended-epoch binary halving, phase-aligned to 630,000",40529999,2384,0.00002384,4462494978897616,44624949.78897616,boundary probe
S5B,S5/b,"Extended-epoch binary halving, phase-aligned to 630,000",40530000,1192,0.00001192,4462494978900000,44624949.78900000,boundary probe
S5B,S5/b,"Extended-epoch binary halving, phase-aligned to 630,000",40530001,1192,0.00001192,4462494978901192,44624949.78901192,boundary probe
S5B,S5/b,"Extended-epoch binary halving, phase-aligned to 630,000",42629999,1192,0.00001192,4462497482098808,44624974.82098808,boundary probe
S5B,S5/b,"Extended-epoch binary halving, phase-aligned to 630,000",42630000,596,0.00000596,4462497482100000,44624974.82100000,boundary probe
S5B,S5/b,"Extended-epoch binary halving, phase-aligned to 630,000",42630001,596,0.00000596,4462497482100596,44624974.82100596,boundary probe
S5B,S5/b,"Extended-epoch binary halving, phase-aligned to 630,000",44729999,596,0.00000596,4462498733699404,44624987.33699404,boundary probe
S5B,S5/b,"Extended-epoch binary halving, phase-aligned to 630,000",44730000,298,0.00000298,4462498733700000,44624987.33700000,boundary probe
S5B,S5/b,"Extended-epoch binary halving, phase-aligned to 630,000",44730001,298,0.00000298,4462498733700298,44624987.33700298,boundary probe
S5B,S5/b,"Extended-epoch binary halving, phase-aligned to 630,000",46829999,298,0.00000298,4462499359499702,44624993.59499702,boundary probe
S5B,S5/b,"Extended-epoch binary halving, phase-aligned to 630,000",46830000,149,0.00000149,4462499359500000,44624993.59500000,boundary probe
S5B,S5/b,"Extended-epoch binary halving, phase-aligned to 630,000",46830001,149,0.00000149,4462499359500149,44624993.59500149,boundary probe
S5B,S5/b,"Extended-epoch binary halving, phase-aligned to 630,000",48929999,149,0.00000149,4462499672399851,44624996.72399851,boundary probe
S5B,S5/b,"Extended-epoch binary halving, phase-aligned to 630,000",48930000,74,0.00000074,4462499672400000,44624996.72400000,boundary probe
S5B,S5/b,"Extended-epoch binary halving, phase-aligned to 630,000",48930001,74,0.00000074,4462499672400074,44624996.72400074,boundary probe
S5B,S5/b,"Extended-epoch binary halving, phase-aligned to 630,000",51029999,74,0.00000074,4462499827799926,44624998.27799926,boundary probe
S5B,S5/b,"Extended-epoch binary halving, phase-aligned to 630,000",51030000,37,0.00000037,4462499827800000,44624998.27800000,boundary probe
S5B,S5/b,"Extended-epoch binary halving, phase-aligned to 630,000",51030001,37,0.00000037,4462499827800037,44624998.27800037,boundary probe
S5B,S5/b,"Extended-epoch binary halving, phase-aligned to 630,000",53129999,37,0.00000037,4462499905499963,44624999.05499963,boundary probe
S5B,S5/b,"Extended-epoch binary halving, phase-aligned to 630,000",53130000,18,0.00000018,4462499905500000,44624999.05500000,boundary probe
S5B,S5/b,"Extended-epoch binary halving, phase-aligned to 630,000",53130001,18,0.00000018,4462499905500018,44624999.05500018,boundary probe
S5B,S5/b,"Extended-epoch binary halving, phase-aligned to 630,000",55229999,18,0.00000018,4462499943299982,44624999.43299982,boundary probe
S5B,S5/b,"Extended-epoch binary halving, phase-aligned to 630,000",55230000,9,0.00000009,4462499943300000,44624999.43300000,boundary probe
S5B,S5/b,"Extended-epoch binary halving, phase-aligned to 630,000",55230001,9,0.00000009,4462499943300009,44624999.43300009,boundary probe
S5B,S5/b,"Extended-epoch binary halving, phase-aligned to 630,000",57329999,9,0.00000009,4462499962199991,44624999.62199991,boundary probe
S5B,S5/b,"Extended-epoch binary halving, phase-aligned to 630,000",57330000,4,0.00000004,4462499962200000,44624999.62200000,boundary probe
S5B,S5/b,"Extended-epoch binary halving, phase-aligned to 630,000",57330001,4,0.00000004,4462499962200004,44624999.62200004,boundary probe
S5B,S5/b,"Extended-epoch binary halving, phase-aligned to 630,000",59429999,4,0.00000004,4462499970599996,44624999.70599996,boundary probe
S5B,S5/b,"Extended-epoch binary halving, phase-aligned to 630,000",59430000,2,0.00000002,4462499970600000,44624999.70600000,boundary probe
S5B,S5/b,"Extended-epoch binary halving, phase-aligned to 630,000",59430001,2,0.00000002,4462499970600002,44624999.70600002,boundary probe
S5B,S5/b,"Extended-epoch binary halving, phase-aligned to 630,000",61529999,2,0.00000002,4462499974799998,44624999.74799998,boundary probe
S5B,S5/b,"Extended-epoch binary halving, phase-aligned to 630,000",61530000,1,0.00000001,4462499974800000,44624999.74800000,boundary probe
S5B,S5/b,"Extended-epoch binary halving, phase-aligned to 630,000",61530001,1,0.00000001,4462499974800001,44624999.74800001,boundary probe
S5B,S5/b,"Extended-epoch binary halving, phase-aligned to 630,000",63629999,1,0.00000001,4462499976899999,44624999.76899999,boundary probe
S5B,S5/b,"Extended-epoch binary halving, phase-aligned to 630,000",63630000,0,0.00000000,4462499976900000,44624999.76900000,boundary probe
S5B,S5/b,"Extended-epoch binary halving, phase-aligned to 630,000",63630001,0,0.00000000,4462499976900000,44624999.76900000,boundary probe
S6a,S6/a,Customized Halving study scenario I,0,5000000000,50.00000000,0,0.00000000,boundary probe
S6a,S6/a,Customized Halving study scenario I,1,5000000000,50.00000000,5000000000,50.00000000,boundary probe
S6a,S6/a,Customized Halving study scenario I,209999,5000000000,50.00000000,1049995000000000,10499950.00000000,boundary probe
S6a,S6/a,Customized Halving study scenario I,210000,2500000000,25.00000000,1050000000000000,10500000.00000000,boundary probe
S6a,S6/a,Customized Halving study scenario I,210001,2500000000,25.00000000,1050002500000000,10500025.00000000,boundary probe
S6a,S6/a,Customized Halving study scenario I,419999,2500000000,25.00000000,1574997500000000,15749975.00000000,boundary probe
S6a,S6/a,Customized Halving study scenario I,420000,1250000000,12.50000000,1575000000000000,15750000.00000000,boundary probe
S6a,S6/a,Customized Halving study scenario I,420001,1250000000,12.50000000,1575001250000000,15750012.50000000,boundary probe
S6a,S6/a,Customized Halving study scenario I,629999,1250000000,12.50000000,1837498750000000,18374987.50000000,boundary probe
S6a,S6/a,Customized Halving study scenario I,630000,625000000,6.25000000,1837500000000000,18375000.00000000,boundary probe
S6a,S6/a,Customized Halving study scenario I,630001,625000000,6.25000000,1837500625000000,18375006.25000000,boundary probe
S6a,S6/a,Customized Halving study scenario I,839999,625000000,6.25000000,1968749375000000,19687493.75000000,boundary probe
S6a,S6/a,Customized Halving study scenario I,840000,400000000,4.00000000,1968750000000000,19687500.00000000,boundary probe
S6a,S6/a,Customized Halving study scenario I,840001,400000000,4.00000000,1968750400000000,19687504.00000000,boundary probe
S6a,S6/a,Customized Halving study scenario I,2099999,400000000,4.00000000,2472749600000000,24727496.00000000,boundary probe
S6a,S6/a,Customized Halving study scenario I,2100000,200000000,2.00000000,2472750000000000,24727500.00000000,boundary probe
S6a,S6/a,Customized Halving study scenario I,2100001,200000000,2.00000000,2472750200000000,24727502.00000000,boundary probe
S6a,S6/a,Customized Halving study scenario I,4199999,200000000,2.00000000,2892749800000000,28927498.00000000,boundary probe
S6a,S6/a,Customized Halving study scenario I,4200000,100000000,1.00000000,2892750000000000,28927500.00000000,boundary probe
S6a,S6/a,Customized Halving study scenario I,4200001,100000000,1.00000000,2892750100000000,28927501.00000000,boundary probe
S6a,S6/a,Customized Halving study scenario I,6299999,100000000,1.00000000,3102749900000000,31027499.00000000,boundary probe
S6a,S6/a,Customized Halving study scenario I,6300000,50000000,0.50000000,3102750000000000,31027500.00000000,boundary probe
S6a,S6/a,Customized Halving study scenario I,6300001,50000000,0.50000000,3102750050000000,31027500.50000000,boundary probe
S6a,S6/a,Customized Halving study scenario I,280244999,50000000,0.50000000,16799999950000000,167999999.50000000,boundary probe
S6a,S6/a,Customized Halving study scenario I,280245000,0,0.00000000,16800000000000000,168000000.00000000,boundary probe
S6a,S6/a,Customized Halving study scenario I,280245001,0,0.00000000,16800000000000000,168000000.00000000,boundary probe
S6B,S6/b,Bounded Customized Halving study scenario II,0,5000000000,50.00000000,0,0.00000000,boundary probe
S6B,S6/b,Bounded Customized Halving study scenario II,1,5000000000,50.00000000,5000000000,50.00000000,boundary probe
S6B,S6/b,Bounded Customized Halving study scenario II,209999,5000000000,50.00000000,1049995000000000,10499950.00000000,boundary probe
S6B,S6/b,Bounded Customized Halving study scenario II,210000,2500000000,25.00000000,1050000000000000,10500000.00000000,boundary probe
S6B,S6/b,Bounded Customized Halving study scenario II,210001,2500000000,25.00000000,1050002500000000,10500025.00000000,boundary probe
S6B,S6/b,Bounded Customized Halving study scenario II,419999,2500000000,25.00000000,1574997500000000,15749975.00000000,boundary probe
S6B,S6/b,Bounded Customized Halving study scenario II,420000,1250000000,12.50000000,1575000000000000,15750000.00000000,boundary probe
S6B,S6/b,Bounded Customized Halving study scenario II,420001,1250000000,12.50000000,1575001250000000,15750012.50000000,boundary probe
S6B,S6/b,Bounded Customized Halving study scenario II,629999,1250000000,12.50000000,1837498750000000,18374987.50000000,boundary probe
S6B,S6/b,Bounded Customized Halving study scenario II,630000,625000000,6.25000000,1837500000000000,18375000.00000000,boundary probe
S6B,S6/b,Bounded Customized Halving study scenario II,630001,625000000,6.25000000,1837500625000000,18375006.25000000,boundary probe
S6B,S6/b,Bounded Customized Halving study scenario II,839999,625000000,6.25000000,1968749375000000,19687493.75000000,boundary probe
S6B,S6/b,Bounded Customized Halving study scenario II,840000,400000000,4.00000000,1968750000000000,19687500.00000000,boundary probe
S6B,S6/b,Bounded Customized Halving study scenario II,840001,400000000,4.00000000,1968750400000000,19687504.00000000,boundary probe
S6B,S6/b,Bounded Customized Halving study scenario II,2099999,400000000,4.00000000,2472749600000000,24727496.00000000,boundary probe
S6B,S6/b,Bounded Customized Halving study scenario II,2100000,200000000,2.00000000,2472750000000000,24727500.00000000,boundary probe
S6B,S6/b,Bounded Customized Halving study scenario II,2100001,200000000,2.00000000,2472750200000000,24727502.00000000,boundary probe
S6B,S6/b,Bounded Customized Halving study scenario II,4199999,200000000,2.00000000,2892749800000000,28927498.00000000,boundary probe
S6B,S6/b,Bounded Customized Halving study scenario II,4200000,100000000,1.00000000,2892750000000000,28927500.00000000,boundary probe
S6B,S6/b,Bounded Customized Halving study scenario II,4200001,100000000,1.00000000,2892750100000000,28927501.00000000,boundary probe
S6B,S6/b,Bounded Customized Halving study scenario II,6299999,100000000,1.00000000,3102749900000000,31027499.00000000,boundary probe
S6B,S6/b,Bounded Customized Halving study scenario II,6300000,60000000,0.60000000,3102750000000000,31027500.00000000,boundary probe
S6B,S6/b,Bounded Customized Halving study scenario II,6300001,60000000,0.60000000,3102750060000000,31027500.60000000,boundary probe
S6B,S6/b,Bounded Customized Halving study scenario II,234587499,60000000,0.60000000,16799999940000000,167999999.40000000,boundary probe
S6B,S6/b,Bounded Customized Halving study scenario II,234587500,0,0.00000000,16800000000000000,168000000.00000000,boundary probe
S6B,S6/b,Bounded Customized Halving study scenario II,234587501,0,0.00000000,16800000000000000,168000000.00000000,boundary probe
S6c,S6/c,Customized Halving study scenario III,0,5000000000,50.00000000,0,0.00000000,boundary probe
S6c,S6/c,Customized Halving study scenario III,1,5000000000,50.00000000,5000000000,50.00000000,boundary probe
S6c,S6/c,Customized Halving study scenario III,209999,5000000000,50.00000000,1049995000000000,10499950.00000000,boundary probe
S6c,S6/c,Customized Halving study scenario III,210000,2500000000,25.00000000,1050000000000000,10500000.00000000,boundary probe
S6c,S6/c,Customized Halving study scenario III,210001,2500000000,25.00000000,1050002500000000,10500025.00000000,boundary probe
S6c,S6/c,Customized Halving study scenario III,419999,2500000000,25.00000000,1574997500000000,15749975.00000000,boundary probe
S6c,S6/c,Customized Halving study scenario III,420000,1250000000,12.50000000,1575000000000000,15750000.00000000,boundary probe
S6c,S6/c,Customized Halving study scenario III,420001,1250000000,12.50000000,1575001250000000,15750012.50000000,boundary probe
S6c,S6/c,Customized Halving study scenario III,629999,1250000000,12.50000000,1837498750000000,18374987.50000000,boundary probe
S6c,S6/c,Customized Halving study scenario III,630000,625000000,6.25000000,1837500000000000,18375000.00000000,boundary probe
S6c,S6/c,Customized Halving study scenario III,630001,625000000,6.25000000,1837500625000000,18375006.25000000,boundary probe
S6c,S6/c,Customized Halving study scenario III,839999,625000000,6.25000000,1968749375000000,19687493.75000000,boundary probe
S6c,S6/c,Customized Halving study scenario III,840000,400000000,4.00000000,1968750000000000,19687500.00000000,boundary probe
S6c,S6/c,Customized Halving study scenario III,840001,400000000,4.00000000,1968750400000000,19687504.00000000,boundary probe
S6c,S6/c,Customized Halving study scenario III,2099999,400000000,4.00000000,2472749600000000,24727496.00000000,boundary probe
S6c,S6/c,Customized Halving study scenario III,2100000,200000000,2.00000000,2472750000000000,24727500.00000000,boundary probe
S6c,S6/c,Customized Halving study scenario III,2100001,200000000,2.00000000,2472750200000000,24727502.00000000,boundary probe
S6c,S6/c,Customized Halving study scenario III,4199999,200000000,2.00000000,2892749800000000,28927498.00000000,boundary probe
S6c,S6/c,Customized Halving study scenario III,4200000,100000000,1.00000000,2892750000000000,28927500.00000000,boundary probe
S6c,S6/c,Customized Halving study scenario III,4200001,100000000,1.00000000,2892750100000000,28927501.00000000,boundary probe
S6c,S6/c,Customized Halving study scenario III,6299999,100000000,1.00000000,3102749900000000,31027499.00000000,boundary probe
S6c,S6/c,Customized Halving study scenario III,6300000,100000000,1.00000000,3102750000000000,31027500.00000000,boundary probe
S6c,S6/c,Customized Halving study scenario III,6300001,100000000,1.00000000,3102750100000000,31027501.00000000,boundary probe
S6c,S6/c,Customized Halving study scenario III,8399999,100000000,1.00000000,3312749900000000,33127499.00000000,boundary probe
S6c,S6/c,Customized Halving study scenario III,8400000,60000000,0.60000000,3312750000000000,33127500.00000000,boundary probe
S6c,S6/c,Customized Halving study scenario III,8400001,60000000,0.60000000,3312750060000000,33127500.60000000,boundary probe
S6c,S6/c,Customized Halving study scenario III,233187499,60000000,0.60000000,16799999940000000,167999999.40000000,boundary probe
S6c,S6/c,Customized Halving study scenario III,233187500,0,0.00000000,16800000000000000,168000000.00000000,boundary probe
S6c,S6/c,Customized Halving study scenario III,233187501,0,0.00000000,16800000000000000,168000000.00000000,boundary probe
S7,S7,Aevust Core Customized Halving tail-emission implementation,0,5000000000,50.00000000,0,0.00000000,boundary probe
S7,S7,Aevust Core Customized Halving tail-emission implementation,1,5000000000,50.00000000,5000000000,50.00000000,boundary probe
S7,S7,Aevust Core Customized Halving tail-emission implementation,209999,5000000000,50.00000000,1049995000000000,10499950.00000000,boundary probe
S7,S7,Aevust Core Customized Halving tail-emission implementation,210000,2500000000,25.00000000,1050000000000000,10500000.00000000,boundary probe
S7,S7,Aevust Core Customized Halving tail-emission implementation,210001,2500000000,25.00000000,1050002500000000,10500025.00000000,boundary probe
S7,S7,Aevust Core Customized Halving tail-emission implementation,419999,2500000000,25.00000000,1574997500000000,15749975.00000000,boundary probe
S7,S7,Aevust Core Customized Halving tail-emission implementation,420000,1250000000,12.50000000,1575000000000000,15750000.00000000,boundary probe
S7,S7,Aevust Core Customized Halving tail-emission implementation,420001,1250000000,12.50000000,1575001250000000,15750012.50000000,boundary probe
S7,S7,Aevust Core Customized Halving tail-emission implementation,629999,1250000000,12.50000000,1837498750000000,18374987.50000000,boundary probe
S7,S7,Aevust Core Customized Halving tail-emission implementation,630000,625000000,6.25000000,1837500000000000,18375000.00000000,boundary probe
S7,S7,Aevust Core Customized Halving tail-emission implementation,630001,625000000,6.25000000,1837500625000000,18375006.25000000,boundary probe
S7,S7,Aevust Core Customized Halving tail-emission implementation,839999,625000000,6.25000000,1968749375000000,19687493.75000000,boundary probe
S7,S7,Aevust Core Customized Halving tail-emission implementation,840000,400000000,4.00000000,1968750000000000,19687500.00000000,boundary probe
S7,S7,Aevust Core Customized Halving tail-emission implementation,840001,400000000,4.00000000,1968750400000000,19687504.00000000,boundary probe
S7,S7,Aevust Core Customized Halving tail-emission implementation,2099999,400000000,4.00000000,2472749600000000,24727496.00000000,boundary probe
S7,S7,Aevust Core Customized Halving tail-emission implementation,2100000,200000000,2.00000000,2472750000000000,24727500.00000000,boundary probe
S7,S7,Aevust Core Customized Halving tail-emission implementation,2100001,200000000,2.00000000,2472750200000000,24727502.00000000,boundary probe
S7,S7,Aevust Core Customized Halving tail-emission implementation,4199999,200000000,2.00000000,2892749800000000,28927498.00000000,boundary probe
S7,S7,Aevust Core Customized Halving tail-emission implementation,4200000,100000000,1.00000000,2892750000000000,28927500.00000000,boundary probe
S7,S7,Aevust Core Customized Halving tail-emission implementation,4200001,100000000,1.00000000,2892750100000000,28927501.00000000,boundary probe
S7,S7,Aevust Core Customized Halving tail-emission implementation,6299999,100000000,1.00000000,3102749900000000,31027499.00000000,boundary probe
S7,S7,Aevust Core Customized Halving tail-emission implementation,6300000,60000000,0.60000000,3102750000000000,31027500.00000000,boundary probe
S7,S7,Aevust Core Customized Halving tail-emission implementation,6300001,60000000,0.60000000,3102750060000000,31027500.60000000,boundary probe
