scenario_id,scenario_display_id,boundary_height,subsidy_before_rin,subsidy_after_rin,required_additional_fee_base_units_per_block,required_additional_fee_rin_per_block,interpretation
S0,S0,840000,6.25000000,3.12500000,312500000,3.12500000,fee increase needed to hold nominal RIN/block revenue unchanged
S0,S0,1050000,3.12500000,1.56250000,156250000,1.56250000,fee increase needed to hold nominal RIN/block revenue unchanged
S0,S0,1260000,1.56250000,0.78125000,78125000,0.78125000,fee increase needed to hold nominal RIN/block revenue unchanged
S0,S0,1470000,0.78125000,0.39062500,39062500,0.39062500,fee increase needed to hold nominal RIN/block revenue unchanged
S0,S0,1680000,0.39062500,0.19531250,19531250,0.19531250,fee increase needed to hold nominal RIN/block revenue unchanged
S0,S0,1890000,0.19531250,0.09765625,9765625,0.09765625,fee increase needed to hold nominal RIN/block revenue unchanged
S0,S0,2100000,0.09765625,0.04882812,4882813,0.04882813,fee increase needed to hold nominal RIN/block revenue unchanged
S0,S0,2310000,0.04882812,0.02441406,2441406,0.02441406,fee increase needed to hold nominal RIN/block revenue unchanged
S0,S0,2520000,0.02441406,0.01220703,1220703,0.01220703,fee increase needed to hold nominal RIN/block revenue unchanged
S0,S0,2730000,0.01220703,0.00610351,610352,0.00610352,fee increase needed to hold nominal RIN/block revenue unchanged
S0,S0,2940000,0.00610351,0.00305175,305176,0.00305176,fee increase needed to hold nominal RIN/block revenue unchanged
S0,S0,3150000,0.00305175,0.00152587,152588,0.00152588,fee increase needed to hold nominal RIN/block revenue unchanged
S0,S0,3360000,0.00152587,0.00076293,76294,0.00076294,fee increase needed to hold nominal RIN/block revenue unchanged
S0,S0,3570000,0.00076293,0.00038146,38147,0.00038147,fee increase needed to hold nominal RIN/block revenue unchanged
S0,S0,3780000,0.00038146,0.00019073,19073,0.00019073,fee increase needed to hold nominal RIN/block revenue unchanged
S0,S0,3990000,0.00019073,0.00009536,9537,0.00009537,fee increase needed to hold nominal RIN/block revenue unchanged
S0,S0,4200000,0.00009536,0.00004768,4768,0.00004768,fee increase needed to hold nominal RIN/block revenue unchanged
S0,S0,4410000,0.00004768,0.00002384,2384,0.00002384,fee increase needed to hold nominal RIN/block revenue unchanged
S0,S0,4620000,0.00002384,0.00001192,1192,0.00001192,fee increase needed to hold nominal RIN/block revenue unchanged
S0,S0,4830000,0.00001192,0.00000596,596,0.00000596,fee increase needed to hold nominal RIN/block revenue unchanged
S0,S0,5040000,0.00000596,0.00000298,298,0.00000298,fee increase needed to hold nominal RIN/block revenue unchanged
S0,S0,5250000,0.00000298,0.00000149,149,0.00000149,fee increase needed to hold nominal RIN/block revenue unchanged
S0,S0,5460000,0.00000149,0.00000074,75,0.00000075,fee increase needed to hold nominal RIN/block revenue unchanged
S0,S0,5670000,0.00000074,0.00000037,37,0.00000037,fee increase needed to hold nominal RIN/block revenue unchanged
S0,S0,5880000,0.00000037,0.00000018,19,0.00000019,fee increase needed to hold nominal RIN/block revenue unchanged
S0,S0,6090000,0.00000018,0.00000009,9,0.00000009,fee increase needed to hold nominal RIN/block revenue unchanged
S0,S0,6300000,0.00000009,0.00000004,5,0.00000005,fee increase needed to hold nominal RIN/block revenue unchanged
S0,S0,6510000,0.00000004,0.00000002,2,0.00000002,fee increase needed to hold nominal RIN/block revenue unchanged
S0,S0,6720000,0.00000002,0.00000001,1,0.00000001,fee increase needed to hold nominal RIN/block revenue unchanged
S1,S1,840000,6.25000000,5.93750000,31250000,0.31250000,fee increase needed to hold nominal RIN/block revenue unchanged
S1,S1,1050000,5.93750000,5.64062500,29687500,0.29687500,fee increase needed to hold nominal RIN/block revenue unchanged
S1,S1,1260000,5.64062500,5.35859375,28203125,0.28203125,fee increase needed to hold nominal RIN/block revenue unchanged
S1,S1,1470000,5.35859375,5.09066406,26792969,0.26792969,fee increase needed to hold nominal RIN/block revenue unchanged
S1,S1,1680000,5.09066406,4.83613085,25453321,0.25453321,fee increase needed to hold nominal RIN/block revenue unchanged
S1,S1,1890000,4.83613085,4.59432430,24180655,0.24180655,fee increase needed to hold nominal RIN/block revenue unchanged
S1,S1,2100000,4.59432430,4.36460808,22971622,0.22971622,fee increase needed to hold nominal RIN/block revenue unchanged
S1,S1,2310000,4.36460808,4.14637767,21823041,0.21823041,fee increase needed to hold nominal RIN/block revenue unchanged
S1,S1,2520000,4.14637767,3.93905878,20731889,0.20731889,fee increase needed to hold nominal RIN/block revenue unchanged
S1,S1,2730000,3.93905878,3.74210584,19695294,0.19695294,fee increase needed to hold nominal RIN/block revenue unchanged
S1,S1,2940000,3.74210584,3.55500054,18710530,0.18710530,fee increase needed to hold nominal RIN/block revenue unchanged
S1,S1,3150000,3.55500054,3.37725051,17775003,0.17775003,fee increase needed to hold nominal RIN/block revenue unchanged
S1,S1,3360000,3.37725051,3.20838798,16886253,0.16886253,fee increase needed to hold nominal RIN/block revenue unchanged
S1,S1,3570000,3.20838798,3.04796858,16041940,0.16041940,fee increase needed to hold nominal RIN/block revenue unchanged
S1,S1,3780000,3.04796858,2.89557015,15239843,0.15239843,fee increase needed to hold nominal RIN/block revenue unchanged
S1,S1,3990000,2.89557015,2.75079164,14477851,0.14477851,fee increase needed to hold nominal RIN/block revenue unchanged
S1,S1,4200000,2.75079164,2.61325205,13753959,0.13753959,fee increase needed to hold nominal RIN/block revenue unchanged
S1,S1,4410000,2.61325205,2.48258944,13066261,0.13066261,fee increase needed to hold nominal RIN/block revenue unchanged
S1,S1,4620000,2.48258944,2.35845996,12412948,0.12412948,fee increase needed to hold nominal RIN/block revenue unchanged
S1,S1,4830000,2.35845996,2.24053696,11792300,0.11792300,fee increase needed to hold nominal RIN/block revenue unchanged
S1,S1,5040000,2.24053696,2.12851011,11202685,0.11202685,fee increase needed to hold nominal RIN/block revenue unchanged
S1,S1,5250000,2.12851011,2.02208460,10642551,0.10642551,fee increase needed to hold nominal RIN/block revenue unchanged
S1,S1,5460000,2.02208460,1.92098037,10110423,0.10110423,fee increase needed to hold nominal RIN/block revenue unchanged
S1,S1,5670000,1.92098037,1.82493135,9604902,0.09604902,fee increase needed to hold nominal RIN/block revenue unchanged
S1,S1,5880000,1.82493135,1.73368478,9124657,0.09124657,fee increase needed to hold nominal RIN/block revenue unchanged
S1,S1,6090000,1.73368478,1.64700054,8668424,0.08668424,fee increase needed to hold nominal RIN/block revenue unchanged
S1,S1,6300000,1.64700054,1.56465051,8235003,0.08235003,fee increase needed to hold nominal RIN/block revenue unchanged
S1,S1,6510000,1.56465051,1.48641798,7823253,0.07823253,fee increase needed to hold nominal RIN/block revenue unchanged
S1,S1,6720000,1.48641798,1.41209708,7432090,0.07432090,fee increase needed to hold nominal RIN/block revenue unchanged
S1,S1,6930000,1.41209708,1.34149222,7060486,0.07060486,fee increase needed to hold nominal RIN/block revenue unchanged
S1,S1,7140000,1.34149222,1.27441760,6707462,0.06707462,fee increase needed to hold nominal RIN/block revenue unchanged
S1,S1,7350000,1.27441760,1.21069672,6372088,0.06372088,fee increase needed to hold nominal RIN/block revenue unchanged
S1,S1,7560000,1.21069672,1.15016188,6053484,0.06053484,fee increase needed to hold nominal RIN/block revenue unchanged
S1,S1,7770000,1.15016188,1.09265378,5750810,0.05750810,fee increase needed to hold nominal RIN/block revenue unchanged
S1,S1,7980000,1.09265378,1.03802109,5463269,0.05463269,fee increase needed to hold nominal RIN/block revenue unchanged
S1,S1,8190000,1.03802109,0.98612003,5190106,0.05190106,fee increase needed to hold nominal RIN/block revenue unchanged
S1,S1,8400000,0.98612003,0.93681402,4930601,0.04930601,fee increase needed to hold nominal RIN/block revenue unchanged
S1,S1,8610000,0.93681402,0.88997331,4684071,0.04684071,fee increase needed to hold nominal RIN/block revenue unchanged
S1,S1,8820000,0.88997331,0.84547464,4449867,0.04449867,fee increase needed to hold nominal RIN/block revenue unchanged
S1,S1,9030000,0.84547464,0.80320090,4227374,0.04227374,fee increase needed to hold nominal RIN/block revenue unchanged
S1,S1,9240000,0.80320090,0.76304085,4016005,0.04016005,fee increase needed to hold nominal RIN/block revenue unchanged
S1,S1,9450000,0.76304085,0.72488880,3815205,0.03815205,fee increase needed to hold nominal RIN/block revenue unchanged
S1,S1,9660000,0.72488880,0.68864436,3624444,0.03624444,fee increase needed to hold nominal RIN/block revenue unchanged
S1,S1,9870000,0.68864436,0.65421214,3443222,0.03443222,fee increase needed to hold nominal RIN/block revenue unchanged
S1,S1,10080000,0.65421214,0.62150153,3271061,0.03271061,fee increase needed to hold nominal RIN/block revenue unchanged
S1,S1,10290000,0.62150153,0.59042645,3107508,0.03107508,fee increase needed to hold nominal RIN/block revenue unchanged
S1,S1,10500000,0.59042645,0.56090512,2952133,0.02952133,fee increase needed to hold nominal RIN/block revenue unchanged
S1,S1,10710000,0.56090512,0.53285986,2804526,0.02804526,fee increase needed to hold nominal RIN/block revenue unchanged
S1,S1,10920000,0.53285986,0.50621686,2664300,0.02664300,fee increase needed to hold nominal RIN/block revenue unchanged
S1,S1,11130000,0.50621686,0.48090601,2531085,0.02531085,fee increase needed to hold nominal RIN/block revenue unchanged
S1,S1,11340000,0.48090601,0.45686070,2404531,0.02404531,fee increase needed to hold nominal RIN/block revenue unchanged
S1,S1,11550000,0.45686070,0.43401766,2284304,0.02284304,fee increase needed to hold nominal RIN/block revenue unchanged
S1,S1,11760000,0.43401766,0.41231677,2170089,0.02170089,fee increase needed to hold nominal RIN/block revenue unchanged
S1,S1,11970000,0.41231677,0.39170093,2061584,0.02061584,fee increase needed to hold nominal RIN/block revenue unchanged
S1,S1,12180000,0.39170093,0.37211588,1958505,0.01958505,fee increase needed to hold nominal RIN/block revenue unchanged
S1,S1,12390000,0.37211588,0.35351008,1860580,0.01860580,fee increase needed to hold nominal RIN/block revenue unchanged
S1,S1,12600000,0.35351008,0.33583457,1767551,0.01767551,fee increase needed to hold nominal RIN/block revenue unchanged
S1,S1,12810000,0.33583457,0.31904284,1679173,0.01679173,fee increase needed to hold nominal RIN/block revenue unchanged
S1,S1,13020000,0.31904284,0.30309069,1595215,0.01595215,fee increase needed to hold nominal RIN/block revenue unchanged
S1,S1,13230000,0.30309069,0.28793615,1515454,0.01515454,fee increase needed to hold nominal RIN/block revenue unchanged
S1,S1,13440000,0.28793615,0.27353934,1439681,0.01439681,fee increase needed to hold nominal RIN/block revenue unchanged
S1,S1,13650000,0.27353934,0.25986237,1367697,0.01367697,fee increase needed to hold nominal RIN/block revenue unchanged
S1,S1,13860000,0.25986237,0.24686925,1299312,0.01299312,fee increase needed to hold nominal RIN/block revenue unchanged
S1,S1,14070000,0.24686925,0.23452578,1234347,0.01234347,fee increase needed to hold nominal RIN/block revenue unchanged
S1,S1,14280000,0.23452578,0.22279949,1172629,0.01172629,fee increase needed to hold nominal RIN/block revenue unchanged
S1,S1,14490000,0.22279949,0.21165951,1113998,0.01113998,fee increase needed to hold nominal RIN/block revenue unchanged
S1,S1,14700000,0.21165951,0.20107653,1058298,0.01058298,fee increase needed to hold nominal RIN/block revenue unchanged
S1,S1,14910000,0.20107653,0.19102270,1005383,0.01005383,fee increase needed to hold nominal RIN/block revenue unchanged
S1,S1,15120000,0.19102270,0.18147156,955114,0.00955114,fee increase needed to hold nominal RIN/block revenue unchanged
S1,S1,15330000,0.18147156,0.17239798,907358,0.00907358,fee increase needed to hold nominal RIN/block revenue unchanged
S1,S1,15540000,0.17239798,0.16377808,861990,0.00861990,fee increase needed to hold nominal RIN/block revenue unchanged
S1,S1,15750000,0.16377808,0.15558917,818891,0.00818891,fee increase needed to hold nominal RIN/block revenue unchanged
S1,S1,15960000,0.15558917,0.14780971,777946,0.00777946,fee increase needed to hold nominal RIN/block revenue unchanged
S1,S1,16170000,0.14780971,0.14041922,739049,0.00739049,fee increase needed to hold nominal RIN/block revenue unchanged
S1,S1,16380000,0.14041922,0.13339825,702097,0.00702097,fee increase needed to hold nominal RIN/block revenue unchanged
S1,S1,16590000,0.13339825,0.12672833,666992,0.00666992,fee increase needed to hold nominal RIN/block revenue unchanged
S1,S1,16800000,0.12672833,0.12039191,633642,0.00633642,fee increase needed to hold nominal RIN/block revenue unchanged
S1,S1,17010000,0.12039191,0.11437231,601960,0.00601960,fee increase needed to hold nominal RIN/block revenue unchanged
S1,S1,17220000,0.11437231,0.10865369,571862,0.00571862,fee increase needed to hold nominal RIN/block revenue unchanged
S1,S1,17430000,0.10865369,0.10322100,543269,0.00543269,fee increase needed to hold nominal RIN/block revenue unchanged
S1,S1,17640000,0.10322100,0.09805995,516105,0.00516105,fee increase needed to hold nominal RIN/block revenue unchanged
S1,S1,17850000,0.09805995,0.09315695,490300,0.00490300,fee increase needed to hold nominal RIN/block revenue unchanged
S1,S1,18060000,0.09315695,0.08849910,465785,0.00465785,fee increase needed to hold nominal RIN/block revenue unchanged
S1,S1,18270000,0.08849910,0.08407414,442496,0.00442496,fee increase needed to hold nominal RIN/block revenue unchanged
S1,S1,18480000,0.08407414,0.07987043,420371,0.00420371,fee increase needed to hold nominal RIN/block revenue unchanged
S1,S1,18690000,0.07987043,0.07587690,399353,0.00399353,fee increase needed to hold nominal RIN/block revenue unchanged
S1,S1,18900000,0.07587690,0.07208305,379385,0.00379385,fee increase needed to hold nominal RIN/block revenue unchanged
S1,S1,19110000,0.07208305,0.06847889,360416,0.00360416,fee increase needed to hold nominal RIN/block revenue unchanged
S1,S1,19320000,0.06847889,0.06505494,342395,0.00342395,fee increase needed to hold nominal RIN/block revenue unchanged
S1,S1,19530000,0.06505494,0.06180219,325275,0.00325275,fee increase needed to hold nominal RIN/block revenue unchanged
S1,S1,19740000,0.06180219,0.05871208,309011,0.00309011,fee increase needed to hold nominal RIN/block revenue unchanged
S1,S1,19950000,0.05871208,0.05577647,293561,0.00293561,fee increase needed to hold nominal RIN/block revenue unchanged
S1,S1,20160000,0.05577647,0.05298764,278883,0.00278883,fee increase needed to hold nominal RIN/block revenue unchanged
S1,S1,20370000,0.05298764,0.05033825,264939,0.00264939,fee increase needed to hold nominal RIN/block revenue unchanged
S1,S1,20580000,0.05033825,0.04782133,251692,0.00251692,fee increase needed to hold nominal RIN/block revenue unchanged
S1,S1,20790000,0.04782133,0.04543026,239107,0.00239107,fee increase needed to hold nominal RIN/block revenue unchanged
S1,S1,21000000,0.04543026,0.04315874,227152,0.00227152,fee increase needed to hold nominal RIN/block revenue unchanged
S1,S1,21210000,0.04315874,0.04100080,215794,0.00215794,fee increase needed to hold nominal RIN/block revenue unchanged
S1,S1,21420000,0.04100080,0.03895076,205004,0.00205004,fee increase needed to hold nominal RIN/block revenue unchanged
S1,S1,21630000,0.03895076,0.03700322,194754,0.00194754,fee increase needed to hold nominal RIN/block revenue unchanged
S1,S1,21840000,0.03700322,0.03515305,185017,0.00185017,fee increase needed to hold nominal RIN/block revenue unchanged
S1,S1,22050000,0.03515305,0.03339539,175766,0.00175766,fee increase needed to hold nominal RIN/block revenue unchanged
S1,S1,22260000,0.03339539,0.03172562,166977,0.00166977,fee increase needed to hold nominal RIN/block revenue unchanged
S1,S1,22470000,0.03172562,0.03013933,158629,0.00158629,fee increase needed to hold nominal RIN/block revenue unchanged
S1,S1,22680000,0.03013933,0.02863236,150697,0.00150697,fee increase needed to hold nominal RIN/block revenue unchanged
S1,S1,22890000,0.02863236,0.02720074,143162,0.00143162,fee increase needed to hold nominal RIN/block revenue unchanged
S1,S1,23100000,0.02720074,0.02584070,136004,0.00136004,fee increase needed to hold nominal RIN/block revenue unchanged
S1,S1,23310000,0.02584070,0.02454866,129204,0.00129204,fee increase needed to hold nominal RIN/block revenue unchanged
S1,S1,23520000,0.02454866,0.02332122,122744,0.00122744,fee increase needed to hold nominal RIN/block revenue unchanged
S1,S1,23730000,0.02332122,0.02215515,116607,0.00116607,fee increase needed to hold nominal RIN/block revenue unchanged
S1,S1,23940000,0.02215515,0.02104739,110776,0.00110776,fee increase needed to hold nominal RIN/block revenue unchanged
S1,S1,24150000,0.02104739,0.01999502,105237,0.00105237,fee increase needed to hold nominal RIN/block revenue unchanged
S1,S1,24360000,0.01999502,0.01899526,99976,0.00099976,fee increase needed to hold nominal RIN/block revenue unchanged
S1,S1,24570000,0.01899526,0.01804549,94977,0.00094977,fee increase needed to hold nominal RIN/block revenue unchanged
S1,S1,24780000,0.01804549,0.01714321,90228,0.00090228,fee increase needed to hold nominal RIN/block revenue unchanged
S1,S1,24990000,0.01714321,0.01628604,85717,0.00085717,fee increase needed to hold nominal RIN/block revenue unchanged
S1,S1,25200000,0.01628604,0.01547173,81431,0.00081431,fee increase needed to hold nominal RIN/block revenue unchanged
S1,S1,25410000,0.01547173,0.01469814,77359,0.00077359,fee increase needed to hold nominal RIN/block revenue unchanged
S1,S1,25620000,0.01469814,0.01396323,73491,0.00073491,fee increase needed to hold nominal RIN/block revenue unchanged
S1,S1,25830000,0.01396323,0.01326506,69817,0.00069817,fee increase needed to hold nominal RIN/block revenue unchanged
S1,S1,26040000,0.01326506,0.01260180,66326,0.00066326,fee increase needed to hold nominal RIN/block revenue unchanged
S1,S1,26250000,0.01260180,0.01197171,63009,0.00063009,fee increase needed to hold nominal RIN/block revenue unchanged
S1,S1,26460000,0.01197171,0.01137312,59859,0.00059859,fee increase needed to hold nominal RIN/block revenue unchanged
S1,S1,26670000,0.01137312,0.01080446,56866,0.00056866,fee increase needed to hold nominal RIN/block revenue unchanged
S1,S1,26880000,0.01080446,0.01026423,54023,0.00054023,fee increase needed to hold nominal RIN/block revenue unchanged
S1,S1,27090000,0.01026423,0.00975101,51322,0.00051322,fee increase needed to hold nominal RIN/block revenue unchanged
S1,S1,27300000,0.00975101,0.00926345,48756,0.00048756,fee increase needed to hold nominal RIN/block revenue unchanged
S1,S1,27510000,0.00926345,0.00880027,46318,0.00046318,fee increase needed to hold nominal RIN/block revenue unchanged
S1,S1,27720000,0.00880027,0.00836025,44002,0.00044002,fee increase needed to hold nominal RIN/block revenue unchanged
S1,S1,27930000,0.00836025,0.00794223,41802,0.00041802,fee increase needed to hold nominal RIN/block revenue unchanged
S1,S1,28140000,0.00794223,0.00754511,39712,0.00039712,fee increase needed to hold nominal RIN/block revenue unchanged
S1,S1,28350000,0.00754511,0.00716785,37726,0.00037726,fee increase needed to hold nominal RIN/block revenue unchanged
S1,S1,28560000,0.00716785,0.00680945,35840,0.00035840,fee increase needed to hold nominal RIN/block revenue unchanged
S1,S1,28770000,0.00680945,0.00646897,34048,0.00034048,fee increase needed to hold nominal RIN/block revenue unchanged
S1,S1,28980000,0.00646897,0.00614552,32345,0.00032345,fee increase needed to hold nominal RIN/block revenue unchanged
S1,S1,29190000,0.00614552,0.00583824,30728,0.00030728,fee increase needed to hold nominal RIN/block revenue unchanged
S1,S1,29400000,0.00583824,0.00554632,29192,0.00029192,fee increase needed to hold nominal RIN/block revenue unchanged
S1,S1,29610000,0.00554632,0.00526900,27732,0.00027732,fee increase needed to hold nominal RIN/block revenue unchanged
S1,S1,29820000,0.00526900,0.00500555,26345,0.00026345,fee increase needed to hold nominal RIN/block revenue unchanged
S1,S1,30030000,0.00500555,0.00475527,25028,0.00025028,fee increase needed to hold nominal RIN/block revenue unchanged
S1,S1,30240000,0.00475527,0.00451750,23777,0.00023777,fee increase needed to hold nominal RIN/block revenue unchanged
S1,S1,30450000,0.00451750,0.00429162,22588,0.00022588,fee increase needed to hold nominal RIN/block revenue unchanged
S1,S1,30660000,0.00429162,0.00407703,21459,0.00021459,fee increase needed to hold nominal RIN/block revenue unchanged
S1,S1,30870000,0.00407703,0.00387317,20386,0.00020386,fee increase needed to hold nominal RIN/block revenue unchanged
S1,S1,31080000,0.00387317,0.00367951,19366,0.00019366,fee increase needed to hold nominal RIN/block revenue unchanged
S1,S1,31290000,0.00367951,0.00349553,18398,0.00018398,fee increase needed to hold nominal RIN/block revenue unchanged
S1,S1,31500000,0.00349553,0.00332075,17478,0.00017478,fee increase needed to hold nominal RIN/block revenue unchanged
S1,S1,31710000,0.00332075,0.00315471,16604,0.00016604,fee increase needed to hold nominal RIN/block revenue unchanged
S1,S1,31920000,0.00315471,0.00299697,15774,0.00015774,fee increase needed to hold nominal RIN/block revenue unchanged
S1,S1,32130000,0.00299697,0.00284712,14985,0.00014985,fee increase needed to hold nominal RIN/block revenue unchanged
S1,S1,32340000,0.00284712,0.00270476,14236,0.00014236,fee increase needed to hold nominal RIN/block revenue unchanged
S1,S1,32550000,0.00270476,0.00256952,13524,0.00013524,fee increase needed to hold nominal RIN/block revenue unchanged
S1,S1,32760000,0.00256952,0.00244104,12848,0.00012848,fee increase needed to hold nominal RIN/block revenue unchanged
S1,S1,32970000,0.00244104,0.00231898,12206,0.00012206,fee increase needed to hold nominal RIN/block revenue unchanged
S1,S1,33180000,0.00231898,0.00220303,11595,0.00011595,fee increase needed to hold nominal RIN/block revenue unchanged
S1,S1,33390000,0.00220303,0.00209287,11016,0.00011016,fee increase needed to hold nominal RIN/block revenue unchanged
S1,S1,33600000,0.00209287,0.00198822,10465,0.00010465,fee increase needed to hold nominal RIN/block revenue unchanged
S1,S1,33810000,0.00198822,0.00188880,9942,0.00009942,fee increase needed to hold nominal RIN/block revenue unchanged
S1,S1,34020000,0.00188880,0.00179436,9444,0.00009444,fee increase needed to hold nominal RIN/block revenue unchanged
S1,S1,34230000,0.00179436,0.00170464,8972,0.00008972,fee increase needed to hold nominal RIN/block revenue unchanged
S1,S1,34440000,0.00170464,0.00161940,8524,0.00008524,fee increase needed to hold nominal RIN/block revenue unchanged
S1,S1,34650000,0.00161940,0.00153843,8097,0.00008097,fee increase needed to hold nominal RIN/block revenue unchanged
S1,S1,34860000,0.00153843,0.00146150,7693,0.00007693,fee increase needed to hold nominal RIN/block revenue unchanged
S1,S1,35070000,0.00146150,0.00138842,7308,0.00007308,fee increase needed to hold nominal RIN/block revenue unchanged
S1,S1,35280000,0.00138842,0.00131899,6943,0.00006943,fee increase needed to hold nominal RIN/block revenue unchanged
S1,S1,35490000,0.00131899,0.00125304,6595,0.00006595,fee increase needed to hold nominal RIN/block revenue unchanged
S1,S1,35700000,0.00125304,0.00119038,6266,0.00006266,fee increase needed to hold nominal RIN/block revenue unchanged
S1,S1,35910000,0.00119038,0.00113086,5952,0.00005952,fee increase needed to hold nominal RIN/block revenue unchanged
S1,S1,36120000,0.00113086,0.00107431,5655,0.00005655,fee increase needed to hold nominal RIN/block revenue unchanged
S1,S1,36330000,0.00107431,0.00102059,5372,0.00005372,fee increase needed to hold nominal RIN/block revenue unchanged
S1,S1,36540000,0.00102059,0.00096956,5103,0.00005103,fee increase needed to hold nominal RIN/block revenue unchanged
S1,S1,36750000,0.00096956,0.00092108,4848,0.00004848,fee increase needed to hold nominal RIN/block revenue unchanged
S1,S1,36960000,0.00092108,0.00087502,4606,0.00004606,fee increase needed to hold nominal RIN/block revenue unchanged
S1,S1,37170000,0.00087502,0.00083126,4376,0.00004376,fee increase needed to hold nominal RIN/block revenue unchanged
S1,S1,37380000,0.00083126,0.00078969,4157,0.00004157,fee increase needed to hold nominal RIN/block revenue unchanged
S1,S1,37590000,0.00078969,0.00075020,3949,0.00003949,fee increase needed to hold nominal RIN/block revenue unchanged
S1,S1,37800000,0.00075020,0.00071269,3751,0.00003751,fee increase needed to hold nominal RIN/block revenue unchanged
S1,S1,38010000,0.00071269,0.00067705,3564,0.00003564,fee increase needed to hold nominal RIN/block revenue unchanged
S1,S1,38220000,0.00067705,0.00064319,3386,0.00003386,fee increase needed to hold nominal RIN/block revenue unchanged
S1,S1,38430000,0.00064319,0.00061103,3216,0.00003216,fee increase needed to hold nominal RIN/block revenue unchanged
S1,S1,38640000,0.00061103,0.00058047,3056,0.00003056,fee increase needed to hold nominal RIN/block revenue unchanged
S1,S1,38850000,0.00058047,0.00055144,2903,0.00002903,fee increase needed to hold nominal RIN/block revenue unchanged
S1,S1,39060000,0.00055144,0.00052386,2758,0.00002758,fee increase needed to hold nominal RIN/block revenue unchanged
S1,S1,39270000,0.00052386,0.00049766,2620,0.00002620,fee increase needed to hold nominal RIN/block revenue unchanged
S1,S1,39480000,0.00049766,0.00047277,2489,0.00002489,fee increase needed to hold nominal RIN/block revenue unchanged
S1,S1,39690000,0.00047277,0.00044913,2364,0.00002364,fee increase needed to hold nominal RIN/block revenue unchanged
S1,S1,39900000,0.00044913,0.00042667,2246,0.00002246,fee increase needed to hold nominal RIN/block revenue unchanged
S1,S1,40110000,0.00042667,0.00040533,2134,0.00002134,fee increase needed to hold nominal RIN/block revenue unchanged
S1,S1,40320000,0.00040533,0.00038506,2027,0.00002027,fee increase needed to hold nominal RIN/block revenue unchanged
S1,S1,40530000,0.00038506,0.00036580,1926,0.00001926,fee increase needed to hold nominal RIN/block revenue unchanged
S1,S1,40740000,0.00036580,0.00034751,1829,0.00001829,fee increase needed to hold nominal RIN/block revenue unchanged
S1,S1,40950000,0.00034751,0.00033013,1738,0.00001738,fee increase needed to hold nominal RIN/block revenue unchanged
S1,S1,41160000,0.00033013,0.00031362,1651,0.00001651,fee increase needed to hold nominal RIN/block revenue unchanged
S1,S1,41370000,0.00031362,0.00029793,1569,0.00001569,fee increase needed to hold nominal RIN/block revenue unchanged
S1,S1,41580000,0.00029793,0.00028303,1490,0.00001490,fee increase needed to hold nominal RIN/block revenue unchanged
S1,S1,41790000,0.00028303,0.00026887,1416,0.00001416,fee increase needed to hold nominal RIN/block revenue unchanged
S1,S1,42000000,0.00026887,0.00025542,1345,0.00001345,fee increase needed to hold nominal RIN/block revenue unchanged
S1,S1,42210000,0.00025542,0.00024264,1278,0.00001278,fee increase needed to hold nominal RIN/block revenue unchanged
S1,S1,42420000,0.00024264,0.00023050,1214,0.00001214,fee increase needed to hold nominal RIN/block revenue unchanged
S1,S1,42630000,0.00023050,0.00021897,1153,0.00001153,fee increase needed to hold nominal RIN/block revenue unchanged
S1,S1,42840000,0.00021897,0.00020802,1095,0.00001095,fee increase needed to hold nominal RIN/block revenue unchanged
S1,S1,43050000,0.00020802,0.00019761,1041,0.00001041,fee increase needed to hold nominal RIN/block revenue unchanged
S1,S1,43260000,0.00019761,0.00018772,989,0.00000989,fee increase needed to hold nominal RIN/block revenue unchanged
S1,S1,43470000,0.00018772,0.00017833,939,0.00000939,fee increase needed to hold nominal RIN/block revenue unchanged
S1,S1,43680000,0.00017833,0.00016941,892,0.00000892,fee increase needed to hold nominal RIN/block revenue unchanged
S1,S1,43890000,0.00016941,0.00016093,848,0.00000848,fee increase needed to hold nominal RIN/block revenue unchanged
S1,S1,44100000,0.00016093,0.00015288,805,0.00000805,fee increase needed to hold nominal RIN/block revenue unchanged
S1,S1,44310000,0.00015288,0.00014523,765,0.00000765,fee increase needed to hold nominal RIN/block revenue unchanged
S1,S1,44520000,0.00014523,0.00013796,727,0.00000727,fee increase needed to hold nominal RIN/block revenue unchanged
S1,S1,44730000,0.00013796,0.00013106,690,0.00000690,fee increase needed to hold nominal RIN/block revenue unchanged
S1,S1,44940000,0.00013106,0.00012450,656,0.00000656,fee increase needed to hold nominal RIN/block revenue unchanged
S1,S1,45150000,0.00012450,0.00011827,623,0.00000623,fee increase needed to hold nominal RIN/block revenue unchanged
S1,S1,45360000,0.00011827,0.00011235,592,0.00000592,fee increase needed to hold nominal RIN/block revenue unchanged
S1,S1,45570000,0.00011235,0.00010673,562,0.00000562,fee increase needed to hold nominal RIN/block revenue unchanged
S1,S1,45780000,0.00010673,0.00010139,534,0.00000534,fee increase needed to hold nominal RIN/block revenue unchanged
S1,S1,45990000,0.00010139,0.00009632,507,0.00000507,fee increase needed to hold nominal RIN/block revenue unchanged
S1,S1,46200000,0.00009632,0.00009150,482,0.00000482,fee increase needed to hold nominal RIN/block revenue unchanged
S1,S1,46410000,0.00009150,0.00008692,458,0.00000458,fee increase needed to hold nominal RIN/block revenue unchanged
S1,S1,46620000,0.00008692,0.00008257,435,0.00000435,fee increase needed to hold nominal RIN/block revenue unchanged
S1,S1,46830000,0.00008257,0.00007844,413,0.00000413,fee increase needed to hold nominal RIN/block revenue unchanged
S1,S1,47040000,0.00007844,0.00007451,393,0.00000393,fee increase needed to hold nominal RIN/block revenue unchanged
S1,S1,47250000,0.00007451,0.00007078,373,0.00000373,fee increase needed to hold nominal RIN/block revenue unchanged
S1,S1,47460000,0.00007078,0.00006724,354,0.00000354,fee increase needed to hold nominal RIN/block revenue unchanged
S1,S1,47670000,0.00006724,0.00006387,337,0.00000337,fee increase needed to hold nominal RIN/block revenue unchanged
S1,S1,47880000,0.00006387,0.00006067,320,0.00000320,fee increase needed to hold nominal RIN/block revenue unchanged
S1,S1,48090000,0.00006067,0.00005763,304,0.00000304,fee increase needed to hold nominal RIN/block revenue unchanged
S1,S1,48300000,0.00005763,0.00005474,289,0.00000289,fee increase needed to hold nominal RIN/block revenue unchanged
S1,S1,48510000,0.00005474,0.00005200,274,0.00000274,fee increase needed to hold nominal RIN/block revenue unchanged
S1,S1,48720000,0.00005200,0.00004940,260,0.00000260,fee increase needed to hold nominal RIN/block revenue unchanged
S1,S1,48930000,0.00004940,0.00004693,247,0.00000247,fee increase needed to hold nominal RIN/block revenue unchanged
S1,S1,49140000,0.00004693,0.00004458,235,0.00000235,fee increase needed to hold nominal RIN/block revenue unchanged
S1,S1,49350000,0.00004458,0.00004235,223,0.00000223,fee increase needed to hold nominal RIN/block revenue unchanged
S1,S1,49560000,0.00004235,0.00004023,212,0.00000212,fee increase needed to hold nominal RIN/block revenue unchanged
S1,S1,49770000,0.00004023,0.00003821,202,0.00000202,fee increase needed to hold nominal RIN/block revenue unchanged
S1,S1,49980000,0.00003821,0.00003629,192,0.00000192,fee increase needed to hold nominal RIN/block revenue unchanged
S1,S1,50190000,0.00003629,0.00003447,182,0.00000182,fee increase needed to hold nominal RIN/block revenue unchanged
S1,S1,50400000,0.00003447,0.00003274,173,0.00000173,fee increase needed to hold nominal RIN/block revenue unchanged
S1,S1,50610000,0.00003274,0.00003110,164,0.00000164,fee increase needed to hold nominal RIN/block revenue unchanged
S1,S1,50820000,0.00003110,0.00002954,156,0.00000156,fee increase needed to hold nominal RIN/block revenue unchanged
S1,S1,51030000,0.00002954,0.00002806,148,0.00000148,fee increase needed to hold nominal RIN/block revenue unchanged
S1,S1,51240000,0.00002806,0.00002665,141,0.00000141,fee increase needed to hold nominal RIN/block revenue unchanged
S1,S1,51450000,0.00002665,0.00002531,134,0.00000134,fee increase needed to hold nominal RIN/block revenue unchanged
S1,S1,51660000,0.00002531,0.00002404,127,0.00000127,fee increase needed to hold nominal RIN/block revenue unchanged
S1,S1,51870000,0.00002404,0.00002283,121,0.00000121,fee increase needed to hold nominal RIN/block revenue unchanged
S1,S1,52080000,0.00002283,0.00002168,115,0.00000115,fee increase needed to hold nominal RIN/block revenue unchanged
S1,S1,52290000,0.00002168,0.00002059,109,0.00000109,fee increase needed to hold nominal RIN/block revenue unchanged
S1,S1,52500000,0.00002059,0.00001956,103,0.00000103,fee increase needed to hold nominal RIN/block revenue unchanged
S1,S1,52710000,0.00001956,0.00001858,98,0.00000098,fee increase needed to hold nominal RIN/block revenue unchanged
S1,S1,52920000,0.00001858,0.00001765,93,0.00000093,fee increase needed to hold nominal RIN/block revenue unchanged
S1,S1,53130000,0.00001765,0.00001676,89,0.00000089,fee increase needed to hold nominal RIN/block revenue unchanged
S1,S1,53340000,0.00001676,0.00001592,84,0.00000084,fee increase needed to hold nominal RIN/block revenue unchanged
S1,S1,53550000,0.00001592,0.00001512,80,0.00000080,fee increase needed to hold nominal RIN/block revenue unchanged
S1,S1,53760000,0.00001512,0.00001436,76,0.00000076,fee increase needed to hold nominal RIN/block revenue unchanged
S1,S1,53970000,0.00001436,0.00001364,72,0.00000072,fee increase needed to hold nominal RIN/block revenue unchanged
S1,S1,54180000,0.00001364,0.00001295,69,0.00000069,fee increase needed to hold nominal RIN/block revenue unchanged
S1,S1,54390000,0.00001295,0.00001230,65,0.00000065,fee increase needed to hold nominal RIN/block revenue unchanged
S1,S1,54600000,0.00001230,0.00001168,62,0.00000062,fee increase needed to hold nominal RIN/block revenue unchanged
S1,S1,54810000,0.00001168,0.00001109,59,0.00000059,fee increase needed to hold nominal RIN/block revenue unchanged
S1,S1,55020000,0.00001109,0.00001053,56,0.00000056,fee increase needed to hold nominal RIN/block revenue unchanged
S1,S1,55230000,0.00001053,0.00001000,53,0.00000053,fee increase needed to hold nominal RIN/block revenue unchanged
S1,S1,55440000,0.00001000,0.00000950,50,0.00000050,fee increase needed to hold nominal RIN/block revenue unchanged
S1,S1,55650000,0.00000950,0.00000902,48,0.00000048,fee increase needed to hold nominal RIN/block revenue unchanged
S1,S1,55860000,0.00000902,0.00000856,46,0.00000046,fee increase needed to hold nominal RIN/block revenue unchanged
S1,S1,56070000,0.00000856,0.00000813,43,0.00000043,fee increase needed to hold nominal RIN/block revenue unchanged
S1,S1,56280000,0.00000813,0.00000772,41,0.00000041,fee increase needed to hold nominal RIN/block revenue unchanged
S1,S1,56490000,0.00000772,0.00000733,39,0.00000039,fee increase needed to hold nominal RIN/block revenue unchanged
S1,S1,56700000,0.00000733,0.00000696,37,0.00000037,fee increase needed to hold nominal RIN/block revenue unchanged
S1,S1,56910000,0.00000696,0.00000661,35,0.00000035,fee increase needed to hold nominal RIN/block revenue unchanged
S1,S1,57120000,0.00000661,0.00000627,34,0.00000034,fee increase needed to hold nominal RIN/block revenue unchanged
S1,S1,57330000,0.00000627,0.00000595,32,0.00000032,fee increase needed to hold nominal RIN/block revenue unchanged
S1,S1,57540000,0.00000595,0.00000565,30,0.00000030,fee increase needed to hold nominal RIN/block revenue unchanged
S1,S1,57750000,0.00000565,0.00000536,29,0.00000029,fee increase needed to hold nominal RIN/block revenue unchanged
S1,S1,57960000,0.00000536,0.00000509,27,0.00000027,fee increase needed to hold nominal RIN/block revenue unchanged
S1,S1,58170000,0.00000509,0.00000483,26,0.00000026,fee increase needed to hold nominal RIN/block revenue unchanged
S1,S1,58380000,0.00000483,0.00000458,25,0.00000025,fee increase needed to hold nominal RIN/block revenue unchanged
S1,S1,58590000,0.00000458,0.00000435,23,0.00000023,fee increase needed to hold nominal RIN/block revenue unchanged
S1,S1,58800000,0.00000435,0.00000413,22,0.00000022,fee increase needed to hold nominal RIN/block revenue unchanged
S1,S1,59010000,0.00000413,0.00000392,21,0.00000021,fee increase needed to hold nominal RIN/block revenue unchanged
S1,S1,59220000,0.00000392,0.00000372,20,0.00000020,fee increase needed to hold nominal RIN/block revenue unchanged
S1,S1,59430000,0.00000372,0.00000353,19,0.00000019,fee increase needed to hold nominal RIN/block revenue unchanged
S1,S1,59640000,0.00000353,0.00000335,18,0.00000018,fee increase needed to hold nominal RIN/block revenue unchanged
S1,S1,59850000,0.00000335,0.00000318,17,0.00000017,fee increase needed to hold nominal RIN/block revenue unchanged
S1,S1,60060000,0.00000318,0.00000302,16,0.00000016,fee increase needed to hold nominal RIN/block revenue unchanged
S1,S1,60270000,0.00000302,0.00000286,16,0.00000016,fee increase needed to hold nominal RIN/block revenue unchanged
S1,S1,60480000,0.00000286,0.00000271,15,0.00000015,fee increase needed to hold nominal RIN/block revenue unchanged
S1,S1,60690000,0.00000271,0.00000257,14,0.00000014,fee increase needed to hold nominal RIN/block revenue unchanged
S1,S1,60900000,0.00000257,0.00000244,13,0.00000013,fee increase needed to hold nominal RIN/block revenue unchanged
S1,S1,61110000,0.00000244,0.00000231,13,0.00000013,fee increase needed to hold nominal RIN/block revenue unchanged
S1,S1,61320000,0.00000231,0.00000219,12,0.00000012,fee increase needed to hold nominal RIN/block revenue unchanged
S1,S1,61530000,0.00000219,0.00000208,11,0.00000011,fee increase needed to hold nominal RIN/block revenue unchanged
S1,S1,61740000,0.00000208,0.00000197,11,0.00000011,fee increase needed to hold nominal RIN/block revenue unchanged
S1,S1,61950000,0.00000197,0.00000187,10,0.00000010,fee increase needed to hold nominal RIN/block revenue unchanged
S1,S1,62160000,0.00000187,0.00000177,10,0.00000010,fee increase needed to hold nominal RIN/block revenue unchanged
S1,S1,62370000,0.00000177,0.00000168,9,0.00000009,fee increase needed to hold nominal RIN/block revenue unchanged
S1,S1,62580000,0.00000168,0.00000159,9,0.00000009,fee increase needed to hold nominal RIN/block revenue unchanged
S1,S1,62790000,0.00000159,0.00000151,8,0.00000008,fee increase needed to hold nominal RIN/block revenue unchanged
S1,S1,63000000,0.00000151,0.00000143,8,0.00000008,fee increase needed to hold nominal RIN/block revenue unchanged
S1,S1,63210000,0.00000143,0.00000135,8,0.00000008,fee increase needed to hold nominal RIN/block revenue unchanged
S1,S1,63420000,0.00000135,0.00000128,7,0.00000007,fee increase needed to hold nominal RIN/block revenue unchanged
S1,S1,63630000,0.00000128,0.00000121,7,0.00000007,fee increase needed to hold nominal RIN/block revenue unchanged
S1,S1,63840000,0.00000121,0.00000114,7,0.00000007,fee increase needed to hold nominal RIN/block revenue unchanged
S1,S1,64050000,0.00000114,0.00000108,6,0.00000006,fee increase needed to hold nominal RIN/block revenue unchanged
S1,S1,64260000,0.00000108,0.00000102,6,0.00000006,fee increase needed to hold nominal RIN/block revenue unchanged
S1,S1,64470000,0.00000102,0.00000096,6,0.00000006,fee increase needed to hold nominal RIN/block revenue unchanged
S1,S1,64680000,0.00000096,0.00000091,5,0.00000005,fee increase needed to hold nominal RIN/block revenue unchanged
S1,S1,64890000,0.00000091,0.00000086,5,0.00000005,fee increase needed to hold nominal RIN/block revenue unchanged
S1,S1,65100000,0.00000086,0.00000081,5,0.00000005,fee increase needed to hold nominal RIN/block revenue unchanged
S1,S1,65310000,0.00000081,0.00000076,5,0.00000005,fee increase needed to hold nominal RIN/block revenue unchanged
S1,S1,65520000,0.00000076,0.00000072,4,0.00000004,fee increase needed to hold nominal RIN/block revenue unchanged
S1,S1,65730000,0.00000072,0.00000068,4,0.00000004,fee increase needed to hold nominal RIN/block revenue unchanged
S1,S1,65940000,0.00000068,0.00000064,4,0.00000004,fee increase needed to hold nominal RIN/block revenue unchanged
S1,S1,66150000,0.00000064,0.00000060,4,0.00000004,fee increase needed to hold nominal RIN/block revenue unchanged
S1,S1,66360000,0.00000060,0.00000057,3,0.00000003,fee increase needed to hold nominal RIN/block revenue unchanged
S1,S1,66570000,0.00000057,0.00000054,3,0.00000003,fee increase needed to hold nominal RIN/block revenue unchanged
S1,S1,66780000,0.00000054,0.00000051,3,0.00000003,fee increase needed to hold nominal RIN/block revenue unchanged
S1,S1,66990000,0.00000051,0.00000048,3,0.00000003,fee increase needed to hold nominal RIN/block revenue unchanged
S1,S1,67200000,0.00000048,0.00000045,3,0.00000003,fee increase needed to hold nominal RIN/block revenue unchanged
S1,S1,67410000,0.00000045,0.00000042,3,0.00000003,fee increase needed to hold nominal RIN/block revenue unchanged
S1,S1,67620000,0.00000042,0.00000039,3,0.00000003,fee increase needed to hold nominal RIN/block revenue unchanged
S1,S1,67830000,0.00000039,0.00000037,2,0.00000002,fee increase needed to hold nominal RIN/block revenue unchanged
S1,S1,68040000,0.00000037,0.00000035,2,0.00000002,fee increase needed to hold nominal RIN/block revenue unchanged
S1,S1,68250000,0.00000035,0.00000033,2,0.00000002,fee increase needed to hold nominal RIN/block revenue unchanged
S1,S1,68460000,0.00000033,0.00000031,2,0.00000002,fee increase needed to hold nominal RIN/block revenue unchanged
S1,S1,68670000,0.00000031,0.00000029,2,0.00000002,fee increase needed to hold nominal RIN/block revenue unchanged
S1,S1,68880000,0.00000029,0.00000027,2,0.00000002,fee increase needed to hold nominal RIN/block revenue unchanged
S1,S1,69090000,0.00000027,0.00000025,2,0.00000002,fee increase needed to hold nominal RIN/block revenue unchanged
S1,S1,69300000,0.00000025,0.00000023,2,0.00000002,fee increase needed to hold nominal RIN/block revenue unchanged
S1,S1,69510000,0.00000023,0.00000021,2,0.00000002,fee increase needed to hold nominal RIN/block revenue unchanged
S1,S1,69720000,0.00000021,0.00000019,2,0.00000002,fee increase needed to hold nominal RIN/block revenue unchanged
S1,S1,69930000,0.00000019,0.00000018,1,0.00000001,fee increase needed to hold nominal RIN/block revenue unchanged
S1,S1,70140000,0.00000018,0.00000017,1,0.00000001,fee increase needed to hold nominal RIN/block revenue unchanged
S1,S1,70350000,0.00000017,0.00000016,1,0.00000001,fee increase needed to hold nominal RIN/block revenue unchanged
S1,S1,70560000,0.00000016,0.00000015,1,0.00000001,fee increase needed to hold nominal RIN/block revenue unchanged
S1,S1,70770000,0.00000015,0.00000014,1,0.00000001,fee increase needed to hold nominal RIN/block revenue unchanged
S1,S1,70980000,0.00000014,0.00000013,1,0.00000001,fee increase needed to hold nominal RIN/block revenue unchanged
S1,S1,71190000,0.00000013,0.00000012,1,0.00000001,fee increase needed to hold nominal RIN/block revenue unchanged
S1,S1,71400000,0.00000012,0.00000011,1,0.00000001,fee increase needed to hold nominal RIN/block revenue unchanged
S1,S1,71610000,0.00000011,0.00000010,1,0.00000001,fee increase needed to hold nominal RIN/block revenue unchanged
S1,S1,71820000,0.00000010,0.00000009,1,0.00000001,fee increase needed to hold nominal RIN/block revenue unchanged
S1,S1,72030000,0.00000009,0.00000008,1,0.00000001,fee increase needed to hold nominal RIN/block revenue unchanged
S1,S1,72240000,0.00000008,0.00000007,1,0.00000001,fee increase needed to hold nominal RIN/block revenue unchanged
S1,S1,72450000,0.00000007,0.00000006,1,0.00000001,fee increase needed to hold nominal RIN/block revenue unchanged
S1,S1,72660000,0.00000006,0.00000005,1,0.00000001,fee increase needed to hold nominal RIN/block revenue unchanged
S1,S1,72870000,0.00000005,0.00000004,1,0.00000001,fee increase needed to hold nominal RIN/block revenue unchanged
S1,S1,73080000,0.00000004,0.00000003,1,0.00000001,fee increase needed to hold nominal RIN/block revenue unchanged
S1,S1,73290000,0.00000003,0.00000002,1,0.00000001,fee increase needed to hold nominal RIN/block revenue unchanged
S1,S1,73500000,0.00000002,0.00000001,1,0.00000001,fee increase needed to hold nominal RIN/block revenue unchanged
S2a,S2/a,840000,6.25000000,5.93750000,31250000,0.31250000,fee increase needed to hold nominal RIN/block revenue unchanged
S2a,S2/a,1050000,5.93750000,5.64062500,29687500,0.29687500,fee increase needed to hold nominal RIN/block revenue unchanged
S2a,S2/a,1260000,5.64062500,5.35859375,28203125,0.28203125,fee increase needed to hold nominal RIN/block revenue unchanged
S2a,S2/a,1470000,5.35859375,5.09066406,26792969,0.26792969,fee increase needed to hold nominal RIN/block revenue unchanged
S2a,S2/a,1680000,5.09066406,4.83613085,25453321,0.25453321,fee increase needed to hold nominal RIN/block revenue unchanged
S2a,S2/a,1890000,4.83613085,4.59432430,24180655,0.24180655,fee increase needed to hold nominal RIN/block revenue unchanged
S2a,S2/a,2100000,4.59432430,4.36460808,22971622,0.22971622,fee increase needed to hold nominal RIN/block revenue unchanged
S2a,S2/a,2310000,4.36460808,4.14637767,21823041,0.21823041,fee increase needed to hold nominal RIN/block revenue unchanged
S2a,S2/a,2520000,4.14637767,3.93905878,20731889,0.20731889,fee increase needed to hold nominal RIN/block revenue unchanged
S2a,S2/a,2730000,3.93905878,3.74210584,19695294,0.19695294,fee increase needed to hold nominal RIN/block revenue unchanged
S2a,S2/a,2940000,3.74210584,3.55500054,18710530,0.18710530,fee increase needed to hold nominal RIN/block revenue unchanged
S2a,S2/a,3150000,3.55500054,3.37725051,17775003,0.17775003,fee increase needed to hold nominal RIN/block revenue unchanged
S2a,S2/a,3360000,3.37725051,3.20838798,16886253,0.16886253,fee increase needed to hold nominal RIN/block revenue unchanged
S2a,S2/a,3570000,3.20838798,3.04796858,16041940,0.16041940,fee increase needed to hold nominal RIN/block revenue unchanged
S2a,S2/a,3780000,3.04796858,2.89557015,15239843,0.15239843,fee increase needed to hold nominal RIN/block revenue unchanged
S2a,S2/a,3990000,2.89557015,2.75079164,14477851,0.14477851,fee increase needed to hold nominal RIN/block revenue unchanged
S2a,S2/a,4200000,2.75079164,2.61325205,13753959,0.13753959,fee increase needed to hold nominal RIN/block revenue unchanged
S2a,S2/a,4410000,2.61325205,2.48258944,13066261,0.13066261,fee increase needed to hold nominal RIN/block revenue unchanged
S2a,S2/a,4620000,2.48258944,2.35845996,12412948,0.12412948,fee increase needed to hold nominal RIN/block revenue unchanged
S2a,S2/a,4830000,2.35845996,2.24053696,11792300,0.11792300,fee increase needed to hold nominal RIN/block revenue unchanged
S2a,S2/a,5040000,2.24053696,2.12851011,11202685,0.11202685,fee increase needed to hold nominal RIN/block revenue unchanged
S2a,S2/a,5250000,2.12851011,2.02208460,10642551,0.10642551,fee increase needed to hold nominal RIN/block revenue unchanged
S2a,S2/a,5460000,2.02208460,1.92098037,10110423,0.10110423,fee increase needed to hold nominal RIN/block revenue unchanged
S2a,S2/a,5670000,1.92098037,1.82493135,9604902,0.09604902,fee increase needed to hold nominal RIN/block revenue unchanged
S2a,S2/a,5880000,1.82493135,1.73368478,9124657,0.09124657,fee increase needed to hold nominal RIN/block revenue unchanged
S2a,S2/a,6090000,1.73368478,1.64700054,8668424,0.08668424,fee increase needed to hold nominal RIN/block revenue unchanged
S2a,S2/a,6300000,1.64700054,1.56465051,8235003,0.08235003,fee increase needed to hold nominal RIN/block revenue unchanged
S2a,S2/a,6510000,1.56465051,1.48641798,7823253,0.07823253,fee increase needed to hold nominal RIN/block revenue unchanged
S2a,S2/a,6720000,1.48641798,1.41209708,7432090,0.07432090,fee increase needed to hold nominal RIN/block revenue unchanged
S2a,S2/a,6930000,1.41209708,1.34149222,7060486,0.07060486,fee increase needed to hold nominal RIN/block revenue unchanged
S2a,S2/a,7140000,1.34149222,1.27441760,6707462,0.06707462,fee increase needed to hold nominal RIN/block revenue unchanged
S2a,S2/a,7350000,1.27441760,1.21069672,6372088,0.06372088,fee increase needed to hold nominal RIN/block revenue unchanged
S2a,S2/a,7560000,1.21069672,1.15016188,6053484,0.06053484,fee increase needed to hold nominal RIN/block revenue unchanged
S2a,S2/a,7770000,1.15016188,1.09265378,5750810,0.05750810,fee increase needed to hold nominal RIN/block revenue unchanged
S2a,S2/a,7980000,1.09265378,1.03802109,5463269,0.05463269,fee increase needed to hold nominal RIN/block revenue unchanged
S2a,S2/a,8190000,1.03802109,0.98612003,5190106,0.05190106,fee increase needed to hold nominal RIN/block revenue unchanged
S2a,S2/a,8400000,0.98612003,0.93681402,4930601,0.04930601,fee increase needed to hold nominal RIN/block revenue unchanged
S2a,S2/a,8610000,0.93681402,0.88997331,4684071,0.04684071,fee increase needed to hold nominal RIN/block revenue unchanged
S2a,S2/a,8820000,0.88997331,0.84547464,4449867,0.04449867,fee increase needed to hold nominal RIN/block revenue unchanged
S2a,S2/a,9030000,0.84547464,0.80320090,4227374,0.04227374,fee increase needed to hold nominal RIN/block revenue unchanged
S2a,S2/a,9240000,0.80320090,0.76304085,4016005,0.04016005,fee increase needed to hold nominal RIN/block revenue unchanged
S2a,S2/a,9450000,0.76304085,0.72488880,3815205,0.03815205,fee increase needed to hold nominal RIN/block revenue unchanged
S2a,S2/a,9660000,0.72488880,0.68864436,3624444,0.03624444,fee increase needed to hold nominal RIN/block revenue unchanged
S2a,S2/a,9870000,0.68864436,0.65421214,3443222,0.03443222,fee increase needed to hold nominal RIN/block revenue unchanged
S2a,S2/a,10080000,0.65421214,0.62150153,3271061,0.03271061,fee increase needed to hold nominal RIN/block revenue unchanged
S2a,S2/a,10290000,0.62150153,0.59042645,3107508,0.03107508,fee increase needed to hold nominal RIN/block revenue unchanged
S2a,S2/a,10500000,0.59042645,0.56090512,2952133,0.02952133,fee increase needed to hold nominal RIN/block revenue unchanged
S2a,S2/a,10710000,0.56090512,0.53285986,2804526,0.02804526,fee increase needed to hold nominal RIN/block revenue unchanged
S2a,S2/a,10920000,0.53285986,0.50621686,2664300,0.02664300,fee increase needed to hold nominal RIN/block revenue unchanged
S2a,S2/a,11130000,0.50621686,0.50000000,621686,0.00621686,fee increase needed to hold nominal RIN/block revenue unchanged
S2b,S2/b,840000,6.25000000,5.93750000,31250000,0.31250000,fee increase needed to hold nominal RIN/block revenue unchanged
S2b,S2/b,1050000,5.93750000,5.64062500,29687500,0.29687500,fee increase needed to hold nominal RIN/block revenue unchanged
S2b,S2/b,1260000,5.64062500,5.35859375,28203125,0.28203125,fee increase needed to hold nominal RIN/block revenue unchanged
S2b,S2/b,1470000,5.35859375,5.09066406,26792969,0.26792969,fee increase needed to hold nominal RIN/block revenue unchanged
S2b,S2/b,1680000,5.09066406,4.83613085,25453321,0.25453321,fee increase needed to hold nominal RIN/block revenue unchanged
S2b,S2/b,1890000,4.83613085,4.59432430,24180655,0.24180655,fee increase needed to hold nominal RIN/block revenue unchanged
S2b,S2/b,2100000,4.59432430,4.36460808,22971622,0.22971622,fee increase needed to hold nominal RIN/block revenue unchanged
S2b,S2/b,2310000,4.36460808,4.14637767,21823041,0.21823041,fee increase needed to hold nominal RIN/block revenue unchanged
S2b,S2/b,2520000,4.14637767,3.93905878,20731889,0.20731889,fee increase needed to hold nominal RIN/block revenue unchanged
S2b,S2/b,2730000,3.93905878,3.74210584,19695294,0.19695294,fee increase needed to hold nominal RIN/block revenue unchanged
S2b,S2/b,2940000,3.74210584,3.55500054,18710530,0.18710530,fee increase needed to hold nominal RIN/block revenue unchanged
S2b,S2/b,3150000,3.55500054,3.37725051,17775003,0.17775003,fee increase needed to hold nominal RIN/block revenue unchanged
S2b,S2/b,3360000,3.37725051,3.20838798,16886253,0.16886253,fee increase needed to hold nominal RIN/block revenue unchanged
S2b,S2/b,3570000,3.20838798,3.04796858,16041940,0.16041940,fee increase needed to hold nominal RIN/block revenue unchanged
S2b,S2/b,3780000,3.04796858,2.89557015,15239843,0.15239843,fee increase needed to hold nominal RIN/block revenue unchanged
S2b,S2/b,3990000,2.89557015,2.75079164,14477851,0.14477851,fee increase needed to hold nominal RIN/block revenue unchanged
S2b,S2/b,4200000,2.75079164,2.61325205,13753959,0.13753959,fee increase needed to hold nominal RIN/block revenue unchanged
S2b,S2/b,4410000,2.61325205,2.48258944,13066261,0.13066261,fee increase needed to hold nominal RIN/block revenue unchanged
S2b,S2/b,4620000,2.48258944,2.35845996,12412948,0.12412948,fee increase needed to hold nominal RIN/block revenue unchanged
S2b,S2/b,4830000,2.35845996,2.24053696,11792300,0.11792300,fee increase needed to hold nominal RIN/block revenue unchanged
S2b,S2/b,5040000,2.24053696,2.12851011,11202685,0.11202685,fee increase needed to hold nominal RIN/block revenue unchanged
S2b,S2/b,5250000,2.12851011,2.02208460,10642551,0.10642551,fee increase needed to hold nominal RIN/block revenue unchanged
S2b,S2/b,5460000,2.02208460,1.92098037,10110423,0.10110423,fee increase needed to hold nominal RIN/block revenue unchanged
S2b,S2/b,5670000,1.92098037,1.82493135,9604902,0.09604902,fee increase needed to hold nominal RIN/block revenue unchanged
S2b,S2/b,5880000,1.82493135,1.73368478,9124657,0.09124657,fee increase needed to hold nominal RIN/block revenue unchanged
S2b,S2/b,6090000,1.73368478,1.64700054,8668424,0.08668424,fee increase needed to hold nominal RIN/block revenue unchanged
S2b,S2/b,6300000,1.64700054,1.56465051,8235003,0.08235003,fee increase needed to hold nominal RIN/block revenue unchanged
S2b,S2/b,6510000,1.56465051,1.48641798,7823253,0.07823253,fee increase needed to hold nominal RIN/block revenue unchanged
S2b,S2/b,6720000,1.48641798,1.41209708,7432090,0.07432090,fee increase needed to hold nominal RIN/block revenue unchanged
S2b,S2/b,6930000,1.41209708,1.34149222,7060486,0.07060486,fee increase needed to hold nominal RIN/block revenue unchanged
S2b,S2/b,7140000,1.34149222,1.27441760,6707462,0.06707462,fee increase needed to hold nominal RIN/block revenue unchanged
S2b,S2/b,7350000,1.27441760,1.21069672,6372088,0.06372088,fee increase needed to hold nominal RIN/block revenue unchanged
S2b,S2/b,7560000,1.21069672,1.15016188,6053484,0.06053484,fee increase needed to hold nominal RIN/block revenue unchanged
S2b,S2/b,7770000,1.15016188,1.09265378,5750810,0.05750810,fee increase needed to hold nominal RIN/block revenue unchanged
S2b,S2/b,7980000,1.09265378,1.03802109,5463269,0.05463269,fee increase needed to hold nominal RIN/block revenue unchanged
S2b,S2/b,8190000,1.03802109,1.00000000,3802109,0.03802109,fee increase needed to hold nominal RIN/block revenue unchanged
S3,S3,840000,6.25000000,5.93750000,31250000,0.31250000,fee increase needed to hold nominal RIN/block revenue unchanged
S3,S3,1050000,5.93750000,5.64062500,29687500,0.29687500,fee increase needed to hold nominal RIN/block revenue unchanged
S3,S3,1260000,5.64062500,5.35859375,28203125,0.28203125,fee increase needed to hold nominal RIN/block revenue unchanged
S3,S3,1470000,5.35859375,5.09066406,26792969,0.26792969,fee increase needed to hold nominal RIN/block revenue unchanged
S3,S3,1680000,5.09066406,4.83613085,25453321,0.25453321,fee increase needed to hold nominal RIN/block revenue unchanged
S3,S3,1890000,4.83613085,4.59432430,24180655,0.24180655,fee increase needed to hold nominal RIN/block revenue unchanged
S3,S3,2100000,4.59432430,4.36460808,22971622,0.22971622,fee increase needed to hold nominal RIN/block revenue unchanged
S3,S3,2310000,4.36460808,4.14637767,21823041,0.21823041,fee increase needed to hold nominal RIN/block revenue unchanged
S3,S3,2520000,4.14637767,3.93905878,20731889,0.20731889,fee increase needed to hold nominal RIN/block revenue unchanged
S3,S3,2730000,3.93905878,3.74210584,19695294,0.19695294,fee increase needed to hold nominal RIN/block revenue unchanged
S3,S3,2940000,3.74210584,3.55500054,18710530,0.18710530,fee increase needed to hold nominal RIN/block revenue unchanged
S3,S3,3150000,3.55500054,3.37725051,17775003,0.17775003,fee increase needed to hold nominal RIN/block revenue unchanged
S3,S3,3360000,3.37725051,3.20838798,16886253,0.16886253,fee increase needed to hold nominal RIN/block revenue unchanged
S3,S3,3570000,3.20838798,3.04796858,16041940,0.16041940,fee increase needed to hold nominal RIN/block revenue unchanged
S3,S3,3780000,3.04796858,2.89557015,15239843,0.15239843,fee increase needed to hold nominal RIN/block revenue unchanged
S3,S3,3990000,2.89557015,2.75079164,14477851,0.14477851,fee increase needed to hold nominal RIN/block revenue unchanged
S3,S3,4200000,2.75079164,2.61325205,13753959,0.13753959,fee increase needed to hold nominal RIN/block revenue unchanged
S3,S3,4410000,2.61325205,2.48258944,13066261,0.13066261,fee increase needed to hold nominal RIN/block revenue unchanged
S3,S3,4620000,2.48258944,2.35845996,12412948,0.12412948,fee increase needed to hold nominal RIN/block revenue unchanged
S3,S3,4830000,2.35845996,2.24053696,11792300,0.11792300,fee increase needed to hold nominal RIN/block revenue unchanged
S3,S3,5040000,2.24053696,2.12851011,11202685,0.11202685,fee increase needed to hold nominal RIN/block revenue unchanged
S3,S3,5250000,2.12851011,2.02208460,10642551,0.10642551,fee increase needed to hold nominal RIN/block revenue unchanged
S3,S3,5460000,2.02208460,1.92098037,10110423,0.10110423,fee increase needed to hold nominal RIN/block revenue unchanged
S3,S3,5670000,1.92098037,1.82493135,9604902,0.09604902,fee increase needed to hold nominal RIN/block revenue unchanged
S3,S3,5880000,1.82493135,1.73368478,9124657,0.09124657,fee increase needed to hold nominal RIN/block revenue unchanged
S3,S3,6090000,1.73368478,1.64700054,8668424,0.08668424,fee increase needed to hold nominal RIN/block revenue unchanged
S3,S3,6300000,1.64700054,1.56465051,8235003,0.08235003,fee increase needed to hold nominal RIN/block revenue unchanged
S3,S3,6510000,1.56465051,1.48641798,7823253,0.07823253,fee increase needed to hold nominal RIN/block revenue unchanged
S3,S3,6720000,1.48641798,1.41209708,7432090,0.07432090,fee increase needed to hold nominal RIN/block revenue unchanged
S3,S3,6930000,1.41209708,1.34149222,7060486,0.07060486,fee increase needed to hold nominal RIN/block revenue unchanged
S3,S3,7140000,1.34149222,1.27441760,6707462,0.06707462,fee increase needed to hold nominal RIN/block revenue unchanged
S3,S3,7350000,1.27441760,1.21069672,6372088,0.06372088,fee increase needed to hold nominal RIN/block revenue unchanged
S3,S3,7560000,1.21069672,1.15016188,6053484,0.06053484,fee increase needed to hold nominal RIN/block revenue unchanged
S3,S3,7770000,1.15016188,1.09265378,5750810,0.05750810,fee increase needed to hold nominal RIN/block revenue unchanged
S3,S3,7980000,1.09265378,1.03802109,5463269,0.05463269,fee increase needed to hold nominal RIN/block revenue unchanged
S3,S3,8190000,1.03802109,0.98612003,5190106,0.05190106,fee increase needed to hold nominal RIN/block revenue unchanged
S3,S3,8400000,0.98612003,0.93681402,4930601,0.04930601,fee increase needed to hold nominal RIN/block revenue unchanged
S3,S3,8610000,0.93681402,0.88997331,4684071,0.04684071,fee increase needed to hold nominal RIN/block revenue unchanged
S3,S3,8820000,0.88997331,0.84547464,4449867,0.04449867,fee increase needed to hold nominal RIN/block revenue unchanged
S3,S3,9030000,0.84547464,0.80320090,4227374,0.04227374,fee increase needed to hold nominal RIN/block revenue unchanged
S3,S3,9240000,0.80320090,0.76304085,4016005,0.04016005,fee increase needed to hold nominal RIN/block revenue unchanged
S3,S3,9450000,0.76304085,0.72488880,3815205,0.03815205,fee increase needed to hold nominal RIN/block revenue unchanged
S3,S3,9660000,0.72488880,0.68864436,3624444,0.03624444,fee increase needed to hold nominal RIN/block revenue unchanged
S3,S3,9870000,0.68864436,0.65421214,3443222,0.03443222,fee increase needed to hold nominal RIN/block revenue unchanged
S3,S3,10080000,0.65421214,0.62150153,3271061,0.03271061,fee increase needed to hold nominal RIN/block revenue unchanged
S3,S3,10290000,0.62150153,0.59042645,3107508,0.03107508,fee increase needed to hold nominal RIN/block revenue unchanged
S3,S3,10500000,0.59042645,0.56090512,2952133,0.02952133,fee increase needed to hold nominal RIN/block revenue unchanged
S3,S3,10710000,0.56090512,0.53285986,2804526,0.02804526,fee increase needed to hold nominal RIN/block revenue unchanged
S3,S3,10920000,0.53285986,0.50621686,2664300,0.02664300,fee increase needed to hold nominal RIN/block revenue unchanged
S3,S3,11130000,0.50621686,0.50000000,621686,0.00621686,fee increase needed to hold nominal RIN/block revenue unchanged
S4,S4,840000,6.25000000,6.19517543,5482457,0.05482457,fee increase needed to hold nominal RIN/block revenue unchanged
S4,S4,1050000,6.19517543,6.14083178,5434365,0.05434365,fee increase needed to hold nominal RIN/block revenue unchanged
S4,S4,1260000,6.14083178,6.08696483,5386695,0.05386695,fee increase needed to hold nominal RIN/block revenue unchanged
S4,S4,1470000,6.08696483,6.03357040,5339443,0.05339443,fee increase needed to hold nominal RIN/block revenue unchanged
S4,S4,1680000,6.03357040,5.98064434,5292606,0.05292606,fee increase needed to hold nominal RIN/block revenue unchanged
S4,S4,1890000,5.98064434,5.92818254,5246180,0.05246180,fee increase needed to hold nominal RIN/block revenue unchanged
S4,S4,2100000,5.92818254,5.87618093,5200161,0.05200161,fee increase needed to hold nominal RIN/block revenue unchanged
S4,S4,2310000,5.87618093,5.82463548,5154545,0.05154545,fee increase needed to hold nominal RIN/block revenue unchanged
S4,S4,2520000,5.82463548,5.77354218,5109330,0.05109330,fee increase needed to hold nominal RIN/block revenue unchanged
S4,S4,2730000,5.77354218,5.72289707,5064511,0.05064511,fee increase needed to hold nominal RIN/block revenue unchanged
S4,S4,2940000,5.72289707,5.67269621,5020086,0.05020086,fee increase needed to hold nominal RIN/block revenue unchanged
S4,S4,3150000,5.67269621,5.62293571,4976050,0.04976050,fee increase needed to hold nominal RIN/block revenue unchanged
S4,S4,3360000,5.62293571,5.57361171,4932400,0.04932400,fee increase needed to hold nominal RIN/block revenue unchanged
S4,S4,3570000,5.57361171,5.52472037,4889134,0.04889134,fee increase needed to hold nominal RIN/block revenue unchanged
S4,S4,3780000,5.52472037,5.47625791,4846246,0.04846246,fee increase needed to hold nominal RIN/block revenue unchanged
S4,S4,3990000,5.47625791,5.42822055,4803736,0.04803736,fee increase needed to hold nominal RIN/block revenue unchanged
S4,S4,4200000,5.42822055,5.38060458,4761597,0.04761597,fee increase needed to hold nominal RIN/block revenue unchanged
S4,S4,4410000,5.38060458,5.33340629,4719829,0.04719829,fee increase needed to hold nominal RIN/block revenue unchanged
S4,S4,4620000,5.33340629,5.28662202,4678427,0.04678427,fee increase needed to hold nominal RIN/block revenue unchanged
S4,S4,4830000,5.28662202,5.24024814,4637388,0.04637388,fee increase needed to hold nominal RIN/block revenue unchanged
S4,S4,5040000,5.24024814,5.19428105,4596709,0.04596709,fee increase needed to hold nominal RIN/block revenue unchanged
S4,S4,5250000,5.19428105,5.14871718,4556387,0.04556387,fee increase needed to hold nominal RIN/block revenue unchanged
S4,S4,5460000,5.14871718,5.10355299,4516419,0.04516419,fee increase needed to hold nominal RIN/block revenue unchanged
S4,S4,5670000,5.10355299,5.05878498,4476801,0.04476801,fee increase needed to hold nominal RIN/block revenue unchanged
S4,S4,5880000,5.05878498,5.01440967,4437531,0.04437531,fee increase needed to hold nominal RIN/block revenue unchanged
S4,S4,6090000,5.01440967,4.97042362,4398605,0.04398605,fee increase needed to hold nominal RIN/block revenue unchanged
S4,S4,6300000,4.97042362,4.92682341,4360021,0.04360021,fee increase needed to hold nominal RIN/block revenue unchanged
S4,S4,6510000,4.92682341,4.88360566,4321775,0.04321775,fee increase needed to hold nominal RIN/block revenue unchanged
S4,S4,6720000,4.88360566,4.84076701,4283865,0.04283865,fee increase needed to hold nominal RIN/block revenue unchanged
S4,S4,6930000,4.84076701,4.79830414,4246287,0.04246287,fee increase needed to hold nominal RIN/block revenue unchanged
S4,S4,7140000,4.79830414,4.75621375,4209039,0.04209039,fee increase needed to hold nominal RIN/block revenue unchanged
S4,S4,7350000,4.75621375,4.71449257,4172118,0.04172118,fee increase needed to hold nominal RIN/block revenue unchanged
S4,S4,7560000,4.71449257,4.67313737,4135520,0.04135520,fee increase needed to hold nominal RIN/block revenue unchanged
S4,S4,7770000,4.67313737,4.63214493,4099244,0.04099244,fee increase needed to hold nominal RIN/block revenue unchanged
S4,S4,7980000,4.63214493,4.59151207,4063286,0.04063286,fee increase needed to hold nominal RIN/block revenue unchanged
S4,S4,8190000,4.59151207,4.55123564,4027643,0.04027643,fee increase needed to hold nominal RIN/block revenue unchanged
S4,S4,8400000,4.55123564,4.51131252,3992312,0.03992312,fee increase needed to hold nominal RIN/block revenue unchanged
S4,S4,8610000,4.51131252,4.47173960,3957292,0.03957292,fee increase needed to hold nominal RIN/block revenue unchanged
S4,S4,8820000,4.47173960,4.43251381,3922579,0.03922579,fee increase needed to hold nominal RIN/block revenue unchanged
S4,S4,9030000,4.43251381,4.39363210,3888171,0.03888171,fee increase needed to hold nominal RIN/block revenue unchanged
S4,S4,9240000,4.39363210,4.35509146,3854064,0.03854064,fee increase needed to hold nominal RIN/block revenue unchanged
S4,S4,9450000,4.35509146,4.31688890,3820256,0.03820256,fee increase needed to hold nominal RIN/block revenue unchanged
S4,S4,9660000,4.31688890,4.27902145,3786745,0.03786745,fee increase needed to hold nominal RIN/block revenue unchanged
S4,S4,9870000,4.27902145,4.24148617,3753528,0.03753528,fee increase needed to hold nominal RIN/block revenue unchanged
S4,S4,10080000,4.24148617,4.20428015,3720602,0.03720602,fee increase needed to hold nominal RIN/block revenue unchanged
S4,S4,10290000,4.20428015,4.16740049,3687966,0.03687966,fee increase needed to hold nominal RIN/block revenue unchanged
S4,S4,10500000,4.16740049,4.13084434,3655615,0.03655615,fee increase needed to hold nominal RIN/block revenue unchanged
S4,S4,10710000,4.13084434,4.09460886,3623548,0.03623548,fee increase needed to hold nominal RIN/block revenue unchanged
S4,S4,10920000,4.09460886,4.05869123,3591763,0.03591763,fee increase needed to hold nominal RIN/block revenue unchanged
S4,S4,11130000,4.05869123,4.02308867,3560256,0.03560256,fee increase needed to hold nominal RIN/block revenue unchanged
S4,S4,11340000,4.02308867,3.98779841,3529026,0.03529026,fee increase needed to hold nominal RIN/block revenue unchanged
S4,S4,11550000,3.98779841,3.95281772,3498069,0.03498069,fee increase needed to hold nominal RIN/block revenue unchanged
S4,S4,11760000,3.95281772,3.91814388,3467384,0.03467384,fee increase needed to hold nominal RIN/block revenue unchanged
S4,S4,11970000,3.91814388,3.88377419,3436969,0.03436969,fee increase needed to hold nominal RIN/block revenue unchanged
S4,S4,12180000,3.88377419,3.84970599,3406820,0.03406820,fee increase needed to hold nominal RIN/block revenue unchanged
S4,S4,12390000,3.84970599,3.81593663,3376936,0.03376936,fee increase needed to hold nominal RIN/block revenue unchanged
S4,S4,12600000,3.81593663,3.78246350,3347313,0.03347313,fee increase needed to hold nominal RIN/block revenue unchanged
S4,S4,12810000,3.78246350,3.74928399,3317951,0.03317951,fee increase needed to hold nominal RIN/block revenue unchanged
S4,S4,13020000,3.74928399,3.71639553,3288846,0.03288846,fee increase needed to hold nominal RIN/block revenue unchanged
S4,S4,13230000,3.71639553,3.68379556,3259997,0.03259997,fee increase needed to hold nominal RIN/block revenue unchanged
S4,S4,13440000,3.68379556,3.65148156,3231400,0.03231400,fee increase needed to hold nominal RIN/block revenue unchanged
S4,S4,13650000,3.65148156,3.61945102,3203054,0.03203054,fee increase needed to hold nominal RIN/block revenue unchanged
S4,S4,13860000,3.61945102,3.58770144,3174958,0.03174958,fee increase needed to hold nominal RIN/block revenue unchanged
S4,S4,14070000,3.58770144,3.55623037,3147107,0.03147107,fee increase needed to hold nominal RIN/block revenue unchanged
S4,S4,14280000,3.55623037,3.52503536,3119501,0.03119501,fee increase needed to hold nominal RIN/block revenue unchanged
S4,S4,14490000,3.52503536,3.49411399,3092137,0.03092137,fee increase needed to hold nominal RIN/block revenue unchanged
S4,S4,14700000,3.49411399,3.46346386,3065013,0.03065013,fee increase needed to hold nominal RIN/block revenue unchanged
S4,S4,14910000,3.46346386,3.43308259,3038127,0.03038127,fee increase needed to hold nominal RIN/block revenue unchanged
S4,S4,15120000,3.43308259,3.40296783,3011476,0.03011476,fee increase needed to hold nominal RIN/block revenue unchanged
S4,S4,15330000,3.40296783,3.37311723,2985060,0.02985060,fee increase needed to hold nominal RIN/block revenue unchanged
S4,S4,15540000,3.37311723,3.34352848,2958875,0.02958875,fee increase needed to hold nominal RIN/block revenue unchanged
S4,S4,15750000,3.34352848,3.31419928,2932920,0.02932920,fee increase needed to hold nominal RIN/block revenue unchanged
S4,S4,15960000,3.31419928,3.28512735,2907193,0.02907193,fee increase needed to hold nominal RIN/block revenue unchanged
S4,S4,16170000,3.28512735,3.25631044,2881691,0.02881691,fee increase needed to hold nominal RIN/block revenue unchanged
S4,S4,16380000,3.25631044,3.22774631,2856413,0.02856413,fee increase needed to hold nominal RIN/block revenue unchanged
S4,S4,16590000,3.22774631,3.19943274,2831357,0.02831357,fee increase needed to hold nominal RIN/block revenue unchanged
S4,S4,16800000,3.19943274,3.17136754,2806520,0.02806520,fee increase needed to hold nominal RIN/block revenue unchanged
S4,S4,17010000,3.17136754,3.14354852,2781902,0.02781902,fee increase needed to hold nominal RIN/block revenue unchanged
S4,S4,17220000,3.14354852,3.11597353,2757499,0.02757499,fee increase needed to hold nominal RIN/block revenue unchanged
S4,S4,17430000,3.11597353,3.08864042,2733311,0.02733311,fee increase needed to hold nominal RIN/block revenue unchanged
S4,S4,17640000,3.08864042,3.06154708,2709334,0.02709334,fee increase needed to hold nominal RIN/block revenue unchanged
S4,S4,17850000,3.06154708,3.03469140,2685568,0.02685568,fee increase needed to hold nominal RIN/block revenue unchanged
S4,S4,18060000,3.03469140,3.00807130,2662010,0.02662010,fee increase needed to hold nominal RIN/block revenue unchanged
S4,S4,18270000,3.00807130,2.98168470,2638660,0.02638660,fee increase needed to hold nominal RIN/block revenue unchanged
S4,S4,18480000,2.98168470,2.95552957,2615513,0.02615513,fee increase needed to hold nominal RIN/block revenue unchanged
S4,S4,18690000,2.95552957,2.92960387,2592570,0.02592570,fee increase needed to hold nominal RIN/block revenue unchanged
S4,S4,18900000,2.92960387,2.90390559,2569828,0.02569828,fee increase needed to hold nominal RIN/block revenue unchanged
S4,S4,19110000,2.90390559,2.87843273,2547286,0.02547286,fee increase needed to hold nominal RIN/block revenue unchanged
S4,S4,19320000,2.87843273,2.85318332,2524941,0.02524941,fee increase needed to hold nominal RIN/block revenue unchanged
S4,S4,19530000,2.85318332,2.82815539,2502793,0.02502793,fee increase needed to hold nominal RIN/block revenue unchanged
S4,S4,19740000,2.82815539,2.80334700,2480839,0.02480839,fee increase needed to hold nominal RIN/block revenue unchanged
S4,S4,19950000,2.80334700,2.77875623,2459077,0.02459077,fee increase needed to hold nominal RIN/block revenue unchanged
S4,S4,20160000,2.77875623,2.75438117,2437506,0.02437506,fee increase needed to hold nominal RIN/block revenue unchanged
S4,S4,20370000,2.75438117,2.73021993,2416124,0.02416124,fee increase needed to hold nominal RIN/block revenue unchanged
S4,S4,20580000,2.73021993,2.70627063,2394930,0.02394930,fee increase needed to hold nominal RIN/block revenue unchanged
S4,S4,20790000,2.70627063,2.68253141,2373922,0.02373922,fee increase needed to hold nominal RIN/block revenue unchanged
S4,S4,21000000,2.68253141,2.65900043,2353098,0.02353098,fee increase needed to hold nominal RIN/block revenue unchanged
S4,S4,21210000,2.65900043,2.63567586,2332457,0.02332457,fee increase needed to hold nominal RIN/block revenue unchanged
S4,S4,21420000,2.63567586,2.61255589,2311997,0.02311997,fee increase needed to hold nominal RIN/block revenue unchanged
S4,S4,21630000,2.61255589,2.58963873,2291716,0.02291716,fee increase needed to hold nominal RIN/block revenue unchanged
S4,S4,21840000,2.58963873,2.56692260,2271613,0.02271613,fee increase needed to hold nominal RIN/block revenue unchanged
S4,S4,22050000,2.56692260,2.54440573,2251687,0.02251687,fee increase needed to hold nominal RIN/block revenue unchanged
S4,S4,22260000,2.54440573,2.52208638,2231935,0.02231935,fee increase needed to hold nominal RIN/block revenue unchanged
S4,S4,22470000,2.52208638,2.49996281,2212357,0.02212357,fee increase needed to hold nominal RIN/block revenue unchanged
S4,S4,22680000,2.49996281,2.47803331,2192950,0.02192950,fee increase needed to hold nominal RIN/block revenue unchanged
S4,S4,22890000,2.47803331,2.45629617,2173714,0.02173714,fee increase needed to hold nominal RIN/block revenue unchanged
S4,S4,23100000,2.45629617,2.43474971,2154646,0.02154646,fee increase needed to hold nominal RIN/block revenue unchanged
S4,S4,23310000,2.43474971,2.41339225,2135746,0.02135746,fee increase needed to hold nominal RIN/block revenue unchanged
S4,S4,23520000,2.41339225,2.39222214,2117011,0.02117011,fee increase needed to hold nominal RIN/block revenue unchanged
S4,S4,23730000,2.39222214,2.37123773,2098441,0.02098441,fee increase needed to hold nominal RIN/block revenue unchanged
S4,S4,23940000,2.37123773,2.35043739,2080034,0.02080034,fee increase needed to hold nominal RIN/block revenue unchanged
S4,S4,24150000,2.35043739,2.32981951,2061788,0.02061788,fee increase needed to hold nominal RIN/block revenue unchanged
S4,S4,24360000,2.32981951,2.30938249,2043702,0.02043702,fee increase needed to hold nominal RIN/block revenue unchanged
S4,S4,24570000,2.30938249,2.28912474,2025775,0.02025775,fee increase needed to hold nominal RIN/block revenue unchanged
S4,S4,24780000,2.28912474,2.26904469,2008005,0.02008005,fee increase needed to hold nominal RIN/block revenue unchanged
S4,S4,24990000,2.26904469,2.24914078,1990391,0.01990391,fee increase needed to hold nominal RIN/block revenue unchanged
S4,S4,25200000,2.24914078,2.22941147,1972931,0.01972931,fee increase needed to hold nominal RIN/block revenue unchanged
S4,S4,25410000,2.22941147,2.20985522,1955625,0.01955625,fee increase needed to hold nominal RIN/block revenue unchanged
S4,S4,25620000,2.20985522,2.19047052,1938470,0.01938470,fee increase needed to hold nominal RIN/block revenue unchanged
S4,S4,25830000,2.19047052,2.17125586,1921466,0.01921466,fee increase needed to hold nominal RIN/block revenue unchanged
S4,S4,26040000,2.17125586,2.15220975,1904611,0.01904611,fee increase needed to hold nominal RIN/block revenue unchanged
S4,S4,26250000,2.15220975,2.13333071,1887904,0.01887904,fee increase needed to hold nominal RIN/block revenue unchanged
S4,S4,26460000,2.13333071,2.11461728,1871343,0.01871343,fee increase needed to hold nominal RIN/block revenue unchanged
S4,S4,26670000,2.11461728,2.09606800,1854928,0.01854928,fee increase needed to hold nominal RIN/block revenue unchanged
S4,S4,26880000,2.09606800,2.07768143,1838657,0.01838657,fee increase needed to hold nominal RIN/block revenue unchanged
S4,S4,27090000,2.07768143,2.05945615,1822528,0.01822528,fee increase needed to hold nominal RIN/block revenue unchanged
S4,S4,27300000,2.05945615,2.04139074,1806541,0.01806541,fee increase needed to hold nominal RIN/block revenue unchanged
S4,S4,27510000,2.04139074,2.02348380,1790694,0.01790694,fee increase needed to hold nominal RIN/block revenue unchanged
S4,S4,27720000,2.02348380,2.00573394,1774986,0.01774986,fee increase needed to hold nominal RIN/block revenue unchanged
S4,S4,27930000,2.00573394,1.98813978,1759416,0.01759416,fee increase needed to hold nominal RIN/block revenue unchanged
S4,S4,28140000,1.98813978,1.97069995,1743983,0.01743983,fee increase needed to hold nominal RIN/block revenue unchanged
S4,S4,28350000,1.97069995,1.95341310,1728685,0.01728685,fee increase needed to hold nominal RIN/block revenue unchanged
S4,S4,28560000,1.95341310,1.93627789,1713521,0.01713521,fee increase needed to hold nominal RIN/block revenue unchanged
S4,S4,28770000,1.93627789,1.91929299,1698490,0.01698490,fee increase needed to hold nominal RIN/block revenue unchanged
S4,S4,28980000,1.91929299,1.90245708,1683591,0.01683591,fee increase needed to hold nominal RIN/block revenue unchanged
S4,S4,29190000,1.90245708,1.88576886,1668822,0.01668822,fee increase needed to hold nominal RIN/block revenue unchanged
S4,S4,29400000,1.88576886,1.86922702,1654184,0.01654184,fee increase needed to hold nominal RIN/block revenue unchanged
S4,S4,29610000,1.86922702,1.85283029,1639673,0.01639673,fee increase needed to hold nominal RIN/block revenue unchanged
S4,S4,29820000,1.85283029,1.83657739,1625290,0.01625290,fee increase needed to hold nominal RIN/block revenue unchanged
S4,S4,30030000,1.83657739,1.82046706,1611033,0.01611033,fee increase needed to hold nominal RIN/block revenue unchanged
S4,S4,30240000,1.82046706,1.80449805,1596901,0.01596901,fee increase needed to hold nominal RIN/block revenue unchanged
S4,S4,30450000,1.80449805,1.78866911,1582894,0.01582894,fee increase needed to hold nominal RIN/block revenue unchanged
S4,S4,30660000,1.78866911,1.77297903,1569008,0.01569008,fee increase needed to hold nominal RIN/block revenue unchanged
S4,S4,30870000,1.77297903,1.75742658,1555245,0.01555245,fee increase needed to hold nominal RIN/block revenue unchanged
S4,S4,31080000,1.75742658,1.74201055,1541603,0.01541603,fee increase needed to hold nominal RIN/block revenue unchanged
S4,S4,31290000,1.74201055,1.72672975,1528080,0.01528080,fee increase needed to hold nominal RIN/block revenue unchanged
S4,S4,31500000,1.72672975,1.71158299,1514676,0.01514676,fee increase needed to hold nominal RIN/block revenue unchanged
S4,S4,31710000,1.71158299,1.69656910,1501389,0.01501389,fee increase needed to hold nominal RIN/block revenue unchanged
S4,S4,31920000,1.69656910,1.68168691,1488219,0.01488219,fee increase needed to hold nominal RIN/block revenue unchanged
S4,S4,32130000,1.68168691,1.66693527,1475164,0.01475164,fee increase needed to hold nominal RIN/block revenue unchanged
S4,S4,32340000,1.66693527,1.65231303,1462224,0.01462224,fee increase needed to hold nominal RIN/block revenue unchanged
S4,S4,32550000,1.65231303,1.63781905,1449398,0.01449398,fee increase needed to hold nominal RIN/block revenue unchanged
S4,S4,32760000,1.63781905,1.62345221,1436684,0.01436684,fee increase needed to hold nominal RIN/block revenue unchanged
S4,S4,32970000,1.62345221,1.60921140,1424081,0.01424081,fee increase needed to hold nominal RIN/block revenue unchanged
S4,S4,33180000,1.60921140,1.59509551,1411589,0.01411589,fee increase needed to hold nominal RIN/block revenue unchanged
S4,S4,33390000,1.59509551,1.58110344,1399207,0.01399207,fee increase needed to hold nominal RIN/block revenue unchanged
S4,S4,33600000,1.58110344,1.56723411,1386933,0.01386933,fee increase needed to hold nominal RIN/block revenue unchanged
S4,S4,33810000,1.56723411,1.55348644,1374767,0.01374767,fee increase needed to hold nominal RIN/block revenue unchanged
S4,S4,34020000,1.55348644,1.53985936,1362708,0.01362708,fee increase needed to hold nominal RIN/block revenue unchanged
S4,S4,34230000,1.53985936,1.52635182,1350754,0.01350754,fee increase needed to hold nominal RIN/block revenue unchanged
S4,S4,34440000,1.52635182,1.51296276,1338906,0.01338906,fee increase needed to hold nominal RIN/block revenue unchanged
S4,S4,34650000,1.51296276,1.49969115,1327161,0.01327161,fee increase needed to hold nominal RIN/block revenue unchanged
S4,S4,34860000,1.49969115,1.48653596,1315519,0.01315519,fee increase needed to hold nominal RIN/block revenue unchanged
S4,S4,35070000,1.48653596,1.47349617,1303979,0.01303979,fee increase needed to hold nominal RIN/block revenue unchanged
S4,S4,35280000,1.47349617,1.46057076,1292541,0.01292541,fee increase needed to hold nominal RIN/block revenue unchanged
S4,S4,35490000,1.46057076,1.44775873,1281203,0.01281203,fee increase needed to hold nominal RIN/block revenue unchanged
S4,S4,35700000,1.44775873,1.43505909,1269964,0.01269964,fee increase needed to hold nominal RIN/block revenue unchanged
S4,S4,35910000,1.43505909,1.42247085,1258824,0.01258824,fee increase needed to hold nominal RIN/block revenue unchanged
S4,S4,36120000,1.42247085,1.40999303,1247782,0.01247782,fee increase needed to hold nominal RIN/block revenue unchanged
S4,S4,36330000,1.40999303,1.39762467,1236836,0.01236836,fee increase needed to hold nominal RIN/block revenue unchanged
S4,S4,36540000,1.39762467,1.38536480,1225987,0.01225987,fee increase needed to hold nominal RIN/block revenue unchanged
S4,S4,36750000,1.38536480,1.37321247,1215233,0.01215233,fee increase needed to hold nominal RIN/block revenue unchanged
S4,S4,36960000,1.37321247,1.36116674,1204573,0.01204573,fee increase needed to hold nominal RIN/block revenue unchanged
S4,S4,37170000,1.36116674,1.34922668,1194006,0.01194006,fee increase needed to hold nominal RIN/block revenue unchanged
S4,S4,37380000,1.34922668,1.33739135,1183533,0.01183533,fee increase needed to hold nominal RIN/block revenue unchanged
S4,S4,37590000,1.33739135,1.32565984,1173151,0.01173151,fee increase needed to hold nominal RIN/block revenue unchanged
S4,S4,37800000,1.32565984,1.31403124,1162860,0.01162860,fee increase needed to hold nominal RIN/block revenue unchanged
S4,S4,38010000,1.31403124,1.30250465,1152659,0.01152659,fee increase needed to hold nominal RIN/block revenue unchanged
S4,S4,38220000,1.30250465,1.29107917,1142548,0.01142548,fee increase needed to hold nominal RIN/block revenue unchanged
S4,S4,38430000,1.29107917,1.27975391,1132526,0.01132526,fee increase needed to hold nominal RIN/block revenue unchanged
S4,S4,38640000,1.27975391,1.26852799,1122592,0.01122592,fee increase needed to hold nominal RIN/block revenue unchanged
S4,S4,38850000,1.26852799,1.25740055,1112744,0.01112744,fee increase needed to hold nominal RIN/block revenue unchanged
S4,S4,39060000,1.25740055,1.24637072,1102983,0.01102983,fee increase needed to hold nominal RIN/block revenue unchanged
S4,S4,39270000,1.24637072,1.23543764,1093308,0.01093308,fee increase needed to hold nominal RIN/block revenue unchanged
S4,S4,39480000,1.23543764,1.22460046,1083718,0.01083718,fee increase needed to hold nominal RIN/block revenue unchanged
S4,S4,39690000,1.22460046,1.21385835,1074211,0.01074211,fee increase needed to hold nominal RIN/block revenue unchanged
S4,S4,39900000,1.21385835,1.20321046,1064789,0.01064789,fee increase needed to hold nominal RIN/block revenue unchanged
S4,S4,40110000,1.20321046,1.19265598,1055448,0.01055448,fee increase needed to hold nominal RIN/block revenue unchanged
S4,S4,40320000,1.19265598,1.18219408,1046190,0.01046190,fee increase needed to hold nominal RIN/block revenue unchanged
S4,S4,40530000,1.18219408,1.17182395,1037013,0.01037013,fee increase needed to hold nominal RIN/block revenue unchanged
S4,S4,40740000,1.17182395,1.16154479,1027916,0.01027916,fee increase needed to hold nominal RIN/block revenue unchanged
S4,S4,40950000,1.16154479,1.15135580,1018899,0.01018899,fee increase needed to hold nominal RIN/block revenue unchanged
S4,S4,41160000,1.15135580,1.14125618,1009962,0.01009962,fee increase needed to hold nominal RIN/block revenue unchanged
S4,S4,41370000,1.14125618,1.13124516,1001102,0.01001102,fee increase needed to hold nominal RIN/block revenue unchanged
S4,S4,41580000,1.13124516,1.12132195,992321,0.00992321,fee increase needed to hold nominal RIN/block revenue unchanged
S4,S4,41790000,1.12132195,1.11148579,983616,0.00983616,fee increase needed to hold nominal RIN/block revenue unchanged
S4,S4,42000000,1.11148579,1.10173591,974988,0.00974988,fee increase needed to hold nominal RIN/block revenue unchanged
S4,S4,42210000,1.10173591,1.09207155,966436,0.00966436,fee increase needed to hold nominal RIN/block revenue unchanged
S4,S4,42420000,1.09207155,1.08249197,957958,0.00957958,fee increase needed to hold nominal RIN/block revenue unchanged
S4,S4,42630000,1.08249197,1.07299642,949555,0.00949555,fee increase needed to hold nominal RIN/block revenue unchanged
S4,S4,42840000,1.07299642,1.06358417,941225,0.00941225,fee increase needed to hold nominal RIN/block revenue unchanged
S4,S4,43050000,1.06358417,1.05425448,932969,0.00932969,fee increase needed to hold nominal RIN/block revenue unchanged
S4,S4,43260000,1.05425448,1.04500663,924785,0.00924785,fee increase needed to hold nominal RIN/block revenue unchanged
S4,S4,43470000,1.04500663,1.03583990,916673,0.00916673,fee increase needed to hold nominal RIN/block revenue unchanged
S4,S4,43680000,1.03583990,1.02675358,908632,0.00908632,fee increase needed to hold nominal RIN/block revenue unchanged
S4,S4,43890000,1.02675358,1.01774696,900662,0.00900662,fee increase needed to hold nominal RIN/block revenue unchanged
S4,S4,44100000,1.01774696,1.00881935,892761,0.00892761,fee increase needed to hold nominal RIN/block revenue unchanged
S4,S4,44310000,1.00881935,0.99997005,884930,0.00884930,fee increase needed to hold nominal RIN/block revenue unchanged
S4,S4,44520000,0.99997005,0.99119838,877167,0.00877167,fee increase needed to hold nominal RIN/block revenue unchanged
S4,S4,44730000,0.99119838,0.98250365,869473,0.00869473,fee increase needed to hold nominal RIN/block revenue unchanged
S4,S4,44940000,0.98250365,0.97388519,861846,0.00861846,fee increase needed to hold nominal RIN/block revenue unchanged
S4,S4,45150000,0.97388519,0.96534233,854286,0.00854286,fee increase needed to hold nominal RIN/block revenue unchanged
S4,S4,45360000,0.96534233,0.95687441,846792,0.00846792,fee increase needed to hold nominal RIN/block revenue unchanged
S4,S4,45570000,0.95687441,0.94848077,839364,0.00839364,fee increase needed to hold nominal RIN/block revenue unchanged
S4,S4,45780000,0.94848077,0.94016076,832001,0.00832001,fee increase needed to hold nominal RIN/block revenue unchanged
S4,S4,45990000,0.94016076,0.93191373,824703,0.00824703,fee increase needed to hold nominal RIN/block revenue unchanged
S4,S4,46200000,0.93191373,0.92373904,817469,0.00817469,fee increase needed to hold nominal RIN/block revenue unchanged
S4,S4,46410000,0.92373904,0.91563606,810298,0.00810298,fee increase needed to hold nominal RIN/block revenue unchanged
S4,S4,46620000,0.91563606,0.90760416,803190,0.00803190,fee increase needed to hold nominal RIN/block revenue unchanged
S4,S4,46830000,0.90760416,0.89964272,796144,0.00796144,fee increase needed to hold nominal RIN/block revenue unchanged
S4,S4,47040000,0.89964272,0.89175111,789161,0.00789161,fee increase needed to hold nominal RIN/block revenue unchanged
S4,S4,47250000,0.89175111,0.88392873,782238,0.00782238,fee increase needed to hold nominal RIN/block revenue unchanged
S4,S4,47460000,0.88392873,0.87617496,775377,0.00775377,fee increase needed to hold nominal RIN/block revenue unchanged
S4,S4,47670000,0.87617496,0.86848921,768575,0.00768575,fee increase needed to hold nominal RIN/block revenue unchanged
S4,S4,47880000,0.86848921,0.86087088,761833,0.00761833,fee increase needed to hold nominal RIN/block revenue unchanged
S4,S4,48090000,0.86087088,0.85331938,755150,0.00755150,fee increase needed to hold nominal RIN/block revenue unchanged
S4,S4,48300000,0.85331938,0.84583412,748526,0.00748526,fee increase needed to hold nominal RIN/block revenue unchanged
S4,S4,48510000,0.84583412,0.83841452,741960,0.00741960,fee increase needed to hold nominal RIN/block revenue unchanged
S4,S4,48720000,0.83841452,0.83106000,735452,0.00735452,fee increase needed to hold nominal RIN/block revenue unchanged
S4,S4,48930000,0.83106000,0.82377000,729000,0.00729000,fee increase needed to hold nominal RIN/block revenue unchanged
S4,S4,49140000,0.82377000,0.81654394,722606,0.00722606,fee increase needed to hold nominal RIN/block revenue unchanged
S4,S4,49350000,0.81654394,0.80938127,716267,0.00716267,fee increase needed to hold nominal RIN/block revenue unchanged
S4,S4,49560000,0.80938127,0.80228143,709984,0.00709984,fee increase needed to hold nominal RIN/block revenue unchanged
S4,S4,49770000,0.80228143,0.79524387,703756,0.00703756,fee increase needed to hold nominal RIN/block revenue unchanged
S4,S4,49980000,0.79524387,0.78826804,697583,0.00697583,fee increase needed to hold nominal RIN/block revenue unchanged
S4,S4,50190000,0.78826804,0.78135340,691464,0.00691464,fee increase needed to hold nominal RIN/block revenue unchanged
S4,S4,50400000,0.78135340,0.77449942,685398,0.00685398,fee increase needed to hold nominal RIN/block revenue unchanged
S4,S4,50610000,0.77449942,0.76770556,679386,0.00679386,fee increase needed to hold nominal RIN/block revenue unchanged
S4,S4,50820000,0.76770556,0.76097130,673426,0.00673426,fee increase needed to hold nominal RIN/block revenue unchanged
S4,S4,51030000,0.76097130,0.75429611,667519,0.00667519,fee increase needed to hold nominal RIN/block revenue unchanged
S4,S4,51240000,0.75429611,0.74767947,661664,0.00661664,fee increase needed to hold nominal RIN/block revenue unchanged
S4,S4,51450000,0.74767947,0.74112087,655860,0.00655860,fee increase needed to hold nominal RIN/block revenue unchanged
S4,S4,51660000,0.74112087,0.73461980,650107,0.00650107,fee increase needed to hold nominal RIN/block revenue unchanged
S4,S4,51870000,0.73461980,0.72817576,644404,0.00644404,fee increase needed to hold nominal RIN/block revenue unchanged
S4,S4,52080000,0.72817576,0.72178825,638751,0.00638751,fee increase needed to hold nominal RIN/block revenue unchanged
S4,S4,52290000,0.72178825,0.71545677,633148,0.00633148,fee increase needed to hold nominal RIN/block revenue unchanged
S4,S4,52500000,0.71545677,0.70918083,627594,0.00627594,fee increase needed to hold nominal RIN/block revenue unchanged
S4,S4,52710000,0.70918083,0.70295994,622089,0.00622089,fee increase needed to hold nominal RIN/block revenue unchanged
S4,S4,52920000,0.70295994,0.69679362,616632,0.00616632,fee increase needed to hold nominal RIN/block revenue unchanged
S4,S4,53130000,0.69679362,0.69068139,611223,0.00611223,fee increase needed to hold nominal RIN/block revenue unchanged
S4,S4,53340000,0.69068139,0.68462278,605861,0.00605861,fee increase needed to hold nominal RIN/block revenue unchanged
S4,S4,53550000,0.68462278,0.67861731,600547,0.00600547,fee increase needed to hold nominal RIN/block revenue unchanged
S4,S4,53760000,0.67861731,0.67266452,595279,0.00595279,fee increase needed to hold nominal RIN/block revenue unchanged
S4,S4,53970000,0.67266452,0.66676395,590057,0.00590057,fee increase needed to hold nominal RIN/block revenue unchanged
S4,S4,54180000,0.66676395,0.66091514,584881,0.00584881,fee increase needed to hold nominal RIN/block revenue unchanged
S4,S4,54390000,0.66091514,0.65511763,579751,0.00579751,fee increase needed to hold nominal RIN/block revenue unchanged
S4,S4,54600000,0.65511763,0.64937098,574665,0.00574665,fee increase needed to hold nominal RIN/block revenue unchanged
S4,S4,54810000,0.64937098,0.64367474,569624,0.00569624,fee increase needed to hold nominal RIN/block revenue unchanged
S4,S4,55020000,0.64367474,0.63802847,564627,0.00564627,fee increase needed to hold nominal RIN/block revenue unchanged
S4,S4,55230000,0.63802847,0.63243172,559675,0.00559675,fee increase needed to hold nominal RIN/block revenue unchanged
S4,S4,55440000,0.63243172,0.62688407,554765,0.00554765,fee increase needed to hold nominal RIN/block revenue unchanged
S4,S4,55650000,0.62688407,0.62138508,549899,0.00549899,fee increase needed to hold nominal RIN/block revenue unchanged
S4,S4,55860000,0.62138508,0.61593433,545075,0.00545075,fee increase needed to hold nominal RIN/block revenue unchanged
S4,S4,56070000,0.61593433,0.61053139,540294,0.00540294,fee increase needed to hold nominal RIN/block revenue unchanged
S4,S4,56280000,0.61053139,0.60517585,535554,0.00535554,fee increase needed to hold nominal RIN/block revenue unchanged
S4,S4,56490000,0.60517585,0.59986728,530857,0.00530857,fee increase needed to hold nominal RIN/block revenue unchanged
S4,S4,56700000,0.59986728,0.59460528,526200,0.00526200,fee increase needed to hold nominal RIN/block revenue unchanged
S4,S4,56910000,0.59460528,0.58938944,521584,0.00521584,fee increase needed to hold nominal RIN/block revenue unchanged
S4,S4,57120000,0.58938944,0.58421935,517009,0.00517009,fee increase needed to hold nominal RIN/block revenue unchanged
S4,S4,57330000,0.58421935,0.57909461,512474,0.00512474,fee increase needed to hold nominal RIN/block revenue unchanged
S4,S4,57540000,0.57909461,0.57401483,507978,0.00507978,fee increase needed to hold nominal RIN/block revenue unchanged
S4,S4,57750000,0.57401483,0.56897961,503522,0.00503522,fee increase needed to hold nominal RIN/block revenue unchanged
S4,S4,57960000,0.56897961,0.56398856,499105,0.00499105,fee increase needed to hold nominal RIN/block revenue unchanged
S4,S4,58170000,0.56398856,0.55904129,494727,0.00494727,fee increase needed to hold nominal RIN/block revenue unchanged
S4,S4,58380000,0.55904129,0.55413741,490388,0.00490388,fee increase needed to hold nominal RIN/block revenue unchanged
S4,S4,58590000,0.55413741,0.54927655,486086,0.00486086,fee increase needed to hold nominal RIN/block revenue unchanged
S4,S4,58800000,0.54927655,0.54445833,481822,0.00481822,fee increase needed to hold nominal RIN/block revenue unchanged
S4,S4,59010000,0.54445833,0.53968237,477596,0.00477596,fee increase needed to hold nominal RIN/block revenue unchanged
S4,S4,59220000,0.53968237,0.53494831,473406,0.00473406,fee increase needed to hold nominal RIN/block revenue unchanged
S4,S4,59430000,0.53494831,0.53025578,469253,0.00469253,fee increase needed to hold nominal RIN/block revenue unchanged
S4,S4,59640000,0.53025578,0.52560441,465137,0.00465137,fee increase needed to hold nominal RIN/block revenue unchanged
S4,S4,59850000,0.52560441,0.52099384,461057,0.00461057,fee increase needed to hold nominal RIN/block revenue unchanged
S4,S4,60060000,0.52099384,0.51642371,457013,0.00457013,fee increase needed to hold nominal RIN/block revenue unchanged
S4,S4,60270000,0.51642371,0.51189367,453004,0.00453004,fee increase needed to hold nominal RIN/block revenue unchanged
S4,S4,60480000,0.51189367,0.50740337,449030,0.00449030,fee increase needed to hold nominal RIN/block revenue unchanged
S4,S4,60690000,0.50740337,0.50295246,445091,0.00445091,fee increase needed to hold nominal RIN/block revenue unchanged
S4,S4,60900000,0.50295246,0.49854059,441187,0.00441187,fee increase needed to hold nominal RIN/block revenue unchanged
S4,S4,61110000,0.49854059,0.49416742,437317,0.00437317,fee increase needed to hold nominal RIN/block revenue unchanged
S4,S4,61320000,0.49416742,0.48983261,433481,0.00433481,fee increase needed to hold nominal RIN/block revenue unchanged
S4,S4,61530000,0.48983261,0.48553583,429678,0.00429678,fee increase needed to hold nominal RIN/block revenue unchanged
S4,S4,61740000,0.48553583,0.48127674,425909,0.00425909,fee increase needed to hold nominal RIN/block revenue unchanged
S4,S4,61950000,0.48127674,0.47705501,422173,0.00422173,fee increase needed to hold nominal RIN/block revenue unchanged
S4,S4,62160000,0.47705501,0.47287031,418470,0.00418470,fee increase needed to hold nominal RIN/block revenue unchanged
S4,S4,62370000,0.47287031,0.46872232,414799,0.00414799,fee increase needed to hold nominal RIN/block revenue unchanged
S4,S4,62580000,0.46872232,0.46461072,411160,0.00411160,fee increase needed to hold nominal RIN/block revenue unchanged
S4,S4,62790000,0.46461072,0.46053518,407554,0.00407554,fee increase needed to hold nominal RIN/block revenue unchanged
S4,S4,63000000,0.46053518,0.45649539,403979,0.00403979,fee increase needed to hold nominal RIN/block revenue unchanged
S4,S4,63210000,0.45649539,0.45249104,400435,0.00400435,fee increase needed to hold nominal RIN/block revenue unchanged
S4,S4,63420000,0.45249104,0.44852182,396922,0.00396922,fee increase needed to hold nominal RIN/block revenue unchanged
S4,S4,63630000,0.44852182,0.44458741,393441,0.00393441,fee increase needed to hold nominal RIN/block revenue unchanged
S4,S4,63840000,0.44458741,0.44068752,389989,0.00389989,fee increase needed to hold nominal RIN/block revenue unchanged
S4,S4,64050000,0.44068752,0.43682184,386568,0.00386568,fee increase needed to hold nominal RIN/block revenue unchanged
S4,S4,64260000,0.43682184,0.43299006,383178,0.00383178,fee increase needed to hold nominal RIN/block revenue unchanged
S4,S4,64470000,0.43299006,0.42919190,379816,0.00379816,fee increase needed to hold nominal RIN/block revenue unchanged
S4,S4,64680000,0.42919190,0.42542705,376485,0.00376485,fee increase needed to hold nominal RIN/block revenue unchanged
S4,S4,64890000,0.42542705,0.42169523,373182,0.00373182,fee increase needed to hold nominal RIN/block revenue unchanged
S4,S4,65100000,0.42169523,0.41799614,369909,0.00369909,fee increase needed to hold nominal RIN/block revenue unchanged
S4,S4,65310000,0.41799614,0.41432950,366664,0.00366664,fee increase needed to hold nominal RIN/block revenue unchanged
S4,S4,65520000,0.41432950,0.41069503,363447,0.00363447,fee increase needed to hold nominal RIN/block revenue unchanged
S4,S4,65730000,0.41069503,0.40709244,360259,0.00360259,fee increase needed to hold nominal RIN/block revenue unchanged
S4,S4,65940000,0.40709244,0.40352145,357099,0.00357099,fee increase needed to hold nominal RIN/block revenue unchanged
S4,S4,66150000,0.40352145,0.39998178,353967,0.00353967,fee increase needed to hold nominal RIN/block revenue unchanged
S4,S4,66360000,0.39998178,0.39647316,350862,0.00350862,fee increase needed to hold nominal RIN/block revenue unchanged
S4,S4,66570000,0.39647316,0.39299532,347784,0.00347784,fee increase needed to hold nominal RIN/block revenue unchanged
S4,S4,66780000,0.39299532,0.38954799,344733,0.00344733,fee increase needed to hold nominal RIN/block revenue unchanged
S4,S4,66990000,0.38954799,0.38613090,341709,0.00341709,fee increase needed to hold nominal RIN/block revenue unchanged
S4,S4,67200000,0.38613090,0.38274378,338712,0.00338712,fee increase needed to hold nominal RIN/block revenue unchanged
S4,S4,67410000,0.38274378,0.37938637,335741,0.00335741,fee increase needed to hold nominal RIN/block revenue unchanged
S4,S4,67620000,0.37938637,0.37605841,332796,0.00332796,fee increase needed to hold nominal RIN/block revenue unchanged
S4,S4,67830000,0.37605841,0.37275965,329876,0.00329876,fee increase needed to hold nominal RIN/block revenue unchanged
S4,S4,68040000,0.37275965,0.36948982,326983,0.00326983,fee increase needed to hold nominal RIN/block revenue unchanged
S4,S4,68250000,0.36948982,0.36624868,324114,0.00324114,fee increase needed to hold nominal RIN/block revenue unchanged
S4,S4,68460000,0.36624868,0.36303597,321271,0.00321271,fee increase needed to hold nominal RIN/block revenue unchanged
S4,S4,68670000,0.36303597,0.35985144,318453,0.00318453,fee increase needed to hold nominal RIN/block revenue unchanged
S4,S4,68880000,0.35985144,0.35669484,315660,0.00315660,fee increase needed to hold nominal RIN/block revenue unchanged
S4,S4,69090000,0.35669484,0.35356593,312891,0.00312891,fee increase needed to hold nominal RIN/block revenue unchanged
S4,S4,69300000,0.35356593,0.35046447,310146,0.00310146,fee increase needed to hold nominal RIN/block revenue unchanged
S4,S4,69510000,0.35046447,0.34739022,307425,0.00307425,fee increase needed to hold nominal RIN/block revenue unchanged
S4,S4,69720000,0.34739022,0.34434293,304729,0.00304729,fee increase needed to hold nominal RIN/block revenue unchanged
S4,S4,69930000,0.34434293,0.34132237,302056,0.00302056,fee increase needed to hold nominal RIN/block revenue unchanged
S4,S4,70140000,0.34132237,0.33832831,299406,0.00299406,fee increase needed to hold nominal RIN/block revenue unchanged
S4,S4,70350000,0.33832831,0.33536051,296780,0.00296780,fee increase needed to hold nominal RIN/block revenue unchanged
S4,S4,70560000,0.33536051,0.33241875,294176,0.00294176,fee increase needed to hold nominal RIN/block revenue unchanged
S4,S4,70770000,0.33241875,0.32950279,291596,0.00291596,fee increase needed to hold nominal RIN/block revenue unchanged
S4,S4,70980000,0.32950279,0.32661241,289038,0.00289038,fee increase needed to hold nominal RIN/block revenue unchanged
S4,S4,71190000,0.32661241,0.32374738,286503,0.00286503,fee increase needed to hold nominal RIN/block revenue unchanged
S4,S4,71400000,0.32374738,0.32090749,283989,0.00283989,fee increase needed to hold nominal RIN/block revenue unchanged
S4,S4,71610000,0.32090749,0.31809251,281498,0.00281498,fee increase needed to hold nominal RIN/block revenue unchanged
S4,S4,71820000,0.31809251,0.31530222,279029,0.00279029,fee increase needed to hold nominal RIN/block revenue unchanged
S4,S4,72030000,0.31530222,0.31253641,276581,0.00276581,fee increase needed to hold nominal RIN/block revenue unchanged
S4,S4,72240000,0.31253641,0.30979486,274155,0.00274155,fee increase needed to hold nominal RIN/block revenue unchanged
S4,S4,72450000,0.30979486,0.30707736,271750,0.00271750,fee increase needed to hold nominal RIN/block revenue unchanged
S4,S4,72660000,0.30707736,0.30438369,269367,0.00269367,fee increase needed to hold nominal RIN/block revenue unchanged
S4,S4,72870000,0.30438369,0.30171365,267004,0.00267004,fee increase needed to hold nominal RIN/block revenue unchanged
S4,S4,73080000,0.30171365,0.29906703,264662,0.00264662,fee increase needed to hold nominal RIN/block revenue unchanged
S4,S4,73290000,0.29906703,0.29644363,262340,0.00262340,fee increase needed to hold nominal RIN/block revenue unchanged
S4,S4,73500000,0.29644363,0.29384324,260039,0.00260039,fee increase needed to hold nominal RIN/block revenue unchanged
S4,S4,73710000,0.29384324,0.29126566,257758,0.00257758,fee increase needed to hold nominal RIN/block revenue unchanged
S4,S4,73920000,0.29126566,0.28871069,255497,0.00255497,fee increase needed to hold nominal RIN/block revenue unchanged
S4,S4,74130000,0.28871069,0.28617814,253255,0.00253255,fee increase needed to hold nominal RIN/block revenue unchanged
S4,S4,74340000,0.28617814,0.28366780,251034,0.00251034,fee increase needed to hold nominal RIN/block revenue unchanged
S4,S4,74550000,0.28366780,0.28117948,248832,0.00248832,fee increase needed to hold nominal RIN/block revenue unchanged
S4,S4,74760000,0.28117948,0.27871299,246649,0.00246649,fee increase needed to hold nominal RIN/block revenue unchanged
S4,S4,74970000,0.27871299,0.27626813,244486,0.00244486,fee increase needed to hold nominal RIN/block revenue unchanged
S4,S4,75180000,0.27626813,0.27384472,242341,0.00242341,fee increase needed to hold nominal RIN/block revenue unchanged
S4,S4,75390000,0.27384472,0.27144257,240215,0.00240215,fee increase needed to hold nominal RIN/block revenue unchanged
S4,S4,75600000,0.27144257,0.26906149,238108,0.00238108,fee increase needed to hold nominal RIN/block revenue unchanged
S4,S4,75810000,0.26906149,0.26670130,236019,0.00236019,fee increase needed to hold nominal RIN/block revenue unchanged
S4,S4,76020000,0.26670130,0.26436181,233949,0.00233949,fee increase needed to hold nominal RIN/block revenue unchanged
S4,S4,76230000,0.26436181,0.26204284,231897,0.00231897,fee increase needed to hold nominal RIN/block revenue unchanged
S4,S4,76440000,0.26204284,0.25974421,229863,0.00229863,fee increase needed to hold nominal RIN/block revenue unchanged
S4,S4,76650000,0.25974421,0.25746575,227846,0.00227846,fee increase needed to hold nominal RIN/block revenue unchanged
S4,S4,76860000,0.25746575,0.25520727,225848,0.00225848,fee increase needed to hold nominal RIN/block revenue unchanged
S4,S4,77070000,0.25520727,0.25296860,223867,0.00223867,fee increase needed to hold nominal RIN/block revenue unchanged
S4,S4,77280000,0.25296860,0.25074957,221903,0.00221903,fee increase needed to hold nominal RIN/block revenue unchanged
S4,S4,77490000,0.25074957,0.24855001,219956,0.00219956,fee increase needed to hold nominal RIN/block revenue unchanged
S4,S4,77700000,0.24855001,0.24636974,218027,0.00218027,fee increase needed to hold nominal RIN/block revenue unchanged
S4,S4,77910000,0.24636974,0.24420860,216114,0.00216114,fee increase needed to hold nominal RIN/block revenue unchanged
S4,S4,78120000,0.24420860,0.24206641,214219,0.00214219,fee increase needed to hold nominal RIN/block revenue unchanged
S4,S4,78330000,0.24206641,0.23994302,212339,0.00212339,fee increase needed to hold nominal RIN/block revenue unchanged
S4,S4,78540000,0.23994302,0.23783825,210477,0.00210477,fee increase needed to hold nominal RIN/block revenue unchanged
S4,S4,78750000,0.23783825,0.23575194,208631,0.00208631,fee increase needed to hold nominal RIN/block revenue unchanged
S4,S4,78960000,0.23575194,0.23368394,206800,0.00206800,fee increase needed to hold nominal RIN/block revenue unchanged
S4,S4,79170000,0.23368394,0.23163408,204986,0.00204986,fee increase needed to hold nominal RIN/block revenue unchanged
S4,S4,79380000,0.23163408,0.22960220,203188,0.00203188,fee increase needed to hold nominal RIN/block revenue unchanged
S4,S4,79590000,0.22960220,0.22758814,201406,0.00201406,fee increase needed to hold nominal RIN/block revenue unchanged
S4,S4,79800000,0.22758814,0.22559175,199639,0.00199639,fee increase needed to hold nominal RIN/block revenue unchanged
S4,S4,80010000,0.22559175,0.22361287,197888,0.00197888,fee increase needed to hold nominal RIN/block revenue unchanged
S4,S4,80220000,0.22361287,0.22165135,196152,0.00196152,fee increase needed to hold nominal RIN/block revenue unchanged
S4,S4,80430000,0.22165135,0.21970703,194432,0.00194432,fee increase needed to hold nominal RIN/block revenue unchanged
S4,S4,80640000,0.21970703,0.21777977,192726,0.00192726,fee increase needed to hold nominal RIN/block revenue unchanged
S4,S4,80850000,0.21777977,0.21586942,191035,0.00191035,fee increase needed to hold nominal RIN/block revenue unchanged
S4,S4,81060000,0.21586942,0.21397582,189360,0.00189360,fee increase needed to hold nominal RIN/block revenue unchanged
S4,S4,81270000,0.21397582,0.21209883,187699,0.00187699,fee increase needed to hold nominal RIN/block revenue unchanged
S4,S4,81480000,0.21209883,0.21023831,186052,0.00186052,fee increase needed to hold nominal RIN/block revenue unchanged
S4,S4,81690000,0.21023831,0.20839411,184420,0.00184420,fee increase needed to hold nominal RIN/block revenue unchanged
S4,S4,81900000,0.20839411,0.20656609,182802,0.00182802,fee increase needed to hold nominal RIN/block revenue unchanged
S4,S4,82110000,0.20656609,0.20475410,181199,0.00181199,fee increase needed to hold nominal RIN/block revenue unchanged
S4,S4,82320000,0.20475410,0.20295801,179609,0.00179609,fee increase needed to hold nominal RIN/block revenue unchanged
S4,S4,82530000,0.20295801,0.20117767,178034,0.00178034,fee increase needed to hold nominal RIN/block revenue unchanged
S4,S4,82740000,0.20117767,0.19941295,176472,0.00176472,fee increase needed to hold nominal RIN/block revenue unchanged
S4,S4,82950000,0.19941295,0.19766371,174924,0.00174924,fee increase needed to hold nominal RIN/block revenue unchanged
S4,S4,83160000,0.19766371,0.19592981,173390,0.00173390,fee increase needed to hold nominal RIN/block revenue unchanged
S4,S4,83370000,0.19592981,0.19421112,171869,0.00171869,fee increase needed to hold nominal RIN/block revenue unchanged
S4,S4,83580000,0.19421112,0.19250751,170361,0.00170361,fee increase needed to hold nominal RIN/block revenue unchanged
S4,S4,83790000,0.19250751,0.19081884,168867,0.00168867,fee increase needed to hold nominal RIN/block revenue unchanged
S4,S4,84000000,0.19081884,0.18914499,167385,0.00167385,fee increase needed to hold nominal RIN/block revenue unchanged
S4,S4,84210000,0.18914499,0.18748582,165917,0.00165917,fee increase needed to hold nominal RIN/block revenue unchanged
S4,S4,84420000,0.18748582,0.18584120,164462,0.00164462,fee increase needed to hold nominal RIN/block revenue unchanged
S4,S4,84630000,0.18584120,0.18421101,163019,0.00163019,fee increase needed to hold nominal RIN/block revenue unchanged
S4,S4,84840000,0.18421101,0.18259512,161589,0.00161589,fee increase needed to hold nominal RIN/block revenue unchanged
S4,S4,85050000,0.18259512,0.18099340,160172,0.00160172,fee increase needed to hold nominal RIN/block revenue unchanged
S4,S4,85260000,0.18099340,0.17940573,158767,0.00158767,fee increase needed to hold nominal RIN/block revenue unchanged
S4,S4,85470000,0.17940573,0.17783199,157374,0.00157374,fee increase needed to hold nominal RIN/block revenue unchanged
S4,S4,85680000,0.17783199,0.17627206,155993,0.00155993,fee increase needed to hold nominal RIN/block revenue unchanged
S4,S4,85890000,0.17627206,0.17472581,154625,0.00154625,fee increase needed to hold nominal RIN/block revenue unchanged
S4,S4,86100000,0.17472581,0.17319312,153269,0.00153269,fee increase needed to hold nominal RIN/block revenue unchanged
S4,S4,86310000,0.17319312,0.17167388,151924,0.00151924,fee increase needed to hold nominal RIN/block revenue unchanged
S4,S4,86520000,0.17167388,0.17016796,150592,0.00150592,fee increase needed to hold nominal RIN/block revenue unchanged
S4,S4,86730000,0.17016796,0.16867525,149271,0.00149271,fee increase needed to hold nominal RIN/block revenue unchanged
S4,S4,86940000,0.16867525,0.16719564,147961,0.00147961,fee increase needed to hold nominal RIN/block revenue unchanged
S4,S4,87150000,0.16719564,0.16572901,146663,0.00146663,fee increase needed to hold nominal RIN/block revenue unchanged
S4,S4,87360000,0.16572901,0.16427524,145377,0.00145377,fee increase needed to hold nominal RIN/block revenue unchanged
S4,S4,87570000,0.16427524,0.16283422,144102,0.00144102,fee increase needed to hold nominal RIN/block revenue unchanged
S4,S4,87780000,0.16283422,0.16140584,142838,0.00142838,fee increase needed to hold nominal RIN/block revenue unchanged
S4,S4,87990000,0.16140584,0.15998999,141585,0.00141585,fee increase needed to hold nominal RIN/block revenue unchanged
S4,S4,88200000,0.15998999,0.15858656,140343,0.00140343,fee increase needed to hold nominal RIN/block revenue unchanged
S4,S4,88410000,0.15858656,0.15719544,139112,0.00139112,fee increase needed to hold nominal RIN/block revenue unchanged
S4,S4,88620000,0.15719544,0.15581653,137891,0.00137891,fee increase needed to hold nominal RIN/block revenue unchanged
S4,S4,88830000,0.15581653,0.15444971,136682,0.00136682,fee increase needed to hold nominal RIN/block revenue unchanged
S4,S4,89040000,0.15444971,0.15309488,135483,0.00135483,fee increase needed to hold nominal RIN/block revenue unchanged
S4,S4,89250000,0.15309488,0.15175194,134294,0.00134294,fee increase needed to hold nominal RIN/block revenue unchanged
S4,S4,89460000,0.15175194,0.15042078,133116,0.00133116,fee increase needed to hold nominal RIN/block revenue unchanged
S4,S4,89670000,0.15042078,0.14910129,131949,0.00131949,fee increase needed to hold nominal RIN/block revenue unchanged
S4,S4,89880000,0.14910129,0.14779338,130791,0.00130791,fee increase needed to hold nominal RIN/block revenue unchanged
S4,S4,90090000,0.14779338,0.14649694,129644,0.00129644,fee increase needed to hold nominal RIN/block revenue unchanged
S4,S4,90300000,0.14649694,0.14521187,128507,0.00128507,fee increase needed to hold nominal RIN/block revenue unchanged
S4,S4,90510000,0.14521187,0.14393808,127379,0.00127379,fee increase needed to hold nominal RIN/block revenue unchanged
S4,S4,90720000,0.14393808,0.14267546,126262,0.00126262,fee increase needed to hold nominal RIN/block revenue unchanged
S4,S4,90930000,0.14267546,0.14142392,125154,0.00125154,fee increase needed to hold nominal RIN/block revenue unchanged
S4,S4,91140000,0.14142392,0.14018335,124057,0.00124057,fee increase needed to hold nominal RIN/block revenue unchanged
S4,S4,91350000,0.14018335,0.13895367,122968,0.00122968,fee increase needed to hold nominal RIN/block revenue unchanged
S4,S4,91560000,0.13895367,0.13773477,121890,0.00121890,fee increase needed to hold nominal RIN/block revenue unchanged
S4,S4,91770000,0.13773477,0.13652657,120820,0.00120820,fee increase needed to hold nominal RIN/block revenue unchanged
S4,S4,91980000,0.13652657,0.13532896,119761,0.00119761,fee increase needed to hold nominal RIN/block revenue unchanged
S4,S4,92190000,0.13532896,0.13414186,118710,0.00118710,fee increase needed to hold nominal RIN/block revenue unchanged
S4,S4,92400000,0.13414186,0.13296517,117669,0.00117669,fee increase needed to hold nominal RIN/block revenue unchanged
S4,S4,92610000,0.13296517,0.13179880,116637,0.00116637,fee increase needed to hold nominal RIN/block revenue unchanged
S4,S4,92820000,0.13179880,0.13064267,115613,0.00115613,fee increase needed to hold nominal RIN/block revenue unchanged
S4,S4,93030000,0.13064267,0.12949668,114599,0.00114599,fee increase needed to hold nominal RIN/block revenue unchanged
S4,S4,93240000,0.12949668,0.12836074,113594,0.00113594,fee increase needed to hold nominal RIN/block revenue unchanged
S4,S4,93450000,0.12836074,0.12723476,112598,0.00112598,fee increase needed to hold nominal RIN/block revenue unchanged
S4,S4,93660000,0.12723476,0.12611866,111610,0.00111610,fee increase needed to hold nominal RIN/block revenue unchanged
S4,S4,93870000,0.12611866,0.12501235,110631,0.00110631,fee increase needed to hold nominal RIN/block revenue unchanged
S4,S4,94080000,0.12501235,0.12391575,109660,0.00109660,fee increase needed to hold nominal RIN/block revenue unchanged
S4,S4,94290000,0.12391575,0.12282876,108699,0.00108699,fee increase needed to hold nominal RIN/block revenue unchanged
S4,S4,94500000,0.12282876,0.12175131,107745,0.00107745,fee increase needed to hold nominal RIN/block revenue unchanged
S4,S4,94710000,0.12175131,0.12068331,106800,0.00106800,fee increase needed to hold nominal RIN/block revenue unchanged
S4,S4,94920000,0.12068331,0.11962468,105863,0.00105863,fee increase needed to hold nominal RIN/block revenue unchanged
S4,S4,95130000,0.11962468,0.11857534,104934,0.00104934,fee increase needed to hold nominal RIN/block revenue unchanged
S4,S4,95340000,0.11857534,0.11753520,104014,0.00104014,fee increase needed to hold nominal RIN/block revenue unchanged
S4,S4,95550000,0.11753520,0.11650418,103102,0.00103102,fee increase needed to hold nominal RIN/block revenue unchanged
S4,S4,95760000,0.11650418,0.11548221,102197,0.00102197,fee increase needed to hold nominal RIN/block revenue unchanged
S4,S4,95970000,0.11548221,0.11446920,101301,0.00101301,fee increase needed to hold nominal RIN/block revenue unchanged
S4,S4,96180000,0.11446920,0.11346508,100412,0.00100412,fee increase needed to hold nominal RIN/block revenue unchanged
S4,S4,96390000,0.11346508,0.11246977,99531,0.00099531,fee increase needed to hold nominal RIN/block revenue unchanged
S4,S4,96600000,0.11246977,0.11148319,98658,0.00098658,fee increase needed to hold nominal RIN/block revenue unchanged
S4,S4,96810000,0.11148319,0.11050526,97793,0.00097793,fee increase needed to hold nominal RIN/block revenue unchanged
S4,S4,97020000,0.11050526,0.10953591,96935,0.00096935,fee increase needed to hold nominal RIN/block revenue unchanged
S4,S4,97230000,0.10953591,0.10857506,96085,0.00096085,fee increase needed to hold nominal RIN/block revenue unchanged
S4,S4,97440000,0.10857506,0.10762264,95242,0.00095242,fee increase needed to hold nominal RIN/block revenue unchanged
S4,S4,97650000,0.10762264,0.10667858,94406,0.00094406,fee increase needed to hold nominal RIN/block revenue unchanged
S4,S4,97860000,0.10667858,0.10574280,93578,0.00093578,fee increase needed to hold nominal RIN/block revenue unchanged
S4,S4,98070000,0.10574280,0.10481523,92757,0.00092757,fee increase needed to hold nominal RIN/block revenue unchanged
S4,S4,98280000,0.10481523,0.10389579,91944,0.00091944,fee increase needed to hold nominal RIN/block revenue unchanged
S4,S4,98490000,0.10389579,0.10298442,91137,0.00091137,fee increase needed to hold nominal RIN/block revenue unchanged
S4,S4,98700000,0.10298442,0.10208104,90338,0.00090338,fee increase needed to hold nominal RIN/block revenue unchanged
S4,S4,98910000,0.10208104,0.10118559,89545,0.00089545,fee increase needed to hold nominal RIN/block revenue unchanged
S4,S4,99120000,0.10118559,0.10029799,88760,0.00088760,fee increase needed to hold nominal RIN/block revenue unchanged
S4,S4,99330000,0.10029799,0.09941818,87981,0.00087981,fee increase needed to hold nominal RIN/block revenue unchanged
S4,S4,99540000,0.09941818,0.09854609,87209,0.00087209,fee increase needed to hold nominal RIN/block revenue unchanged
S4,S4,99750000,0.09854609,0.09768165,86444,0.00086444,fee increase needed to hold nominal RIN/block revenue unchanged
S4,S4,99960000,0.09768165,0.09682479,85686,0.00085686,fee increase needed to hold nominal RIN/block revenue unchanged
S4,S4,100170000,0.09682479,0.09597544,84935,0.00084935,fee increase needed to hold nominal RIN/block revenue unchanged
S4,S4,100380000,0.09597544,0.09513355,84189,0.00084189,fee increase needed to hold nominal RIN/block revenue unchanged
S4,S4,100590000,0.09513355,0.09429904,83451,0.00083451,fee increase needed to hold nominal RIN/block revenue unchanged
S4,S4,100800000,0.09429904,0.09347185,82719,0.00082719,fee increase needed to hold nominal RIN/block revenue unchanged
S4,S4,101010000,0.09347185,0.09265192,81993,0.00081993,fee increase needed to hold nominal RIN/block revenue unchanged
S4,S4,101220000,0.09265192,0.09183918,81274,0.00081274,fee increase needed to hold nominal RIN/block revenue unchanged
S4,S4,101430000,0.09183918,0.09103357,80561,0.00080561,fee increase needed to hold nominal RIN/block revenue unchanged
S4,S4,101640000,0.09103357,0.09023502,79855,0.00079855,fee increase needed to hold nominal RIN/block revenue unchanged
S4,S4,101850000,0.09023502,0.08944348,79154,0.00079154,fee increase needed to hold nominal RIN/block revenue unchanged
S4,S4,102060000,0.08944348,0.08865888,78460,0.00078460,fee increase needed to hold nominal RIN/block revenue unchanged
S4,S4,102270000,0.08865888,0.08788117,77771,0.00077771,fee increase needed to hold nominal RIN/block revenue unchanged
S4,S4,102480000,0.08788117,0.08711028,77089,0.00077089,fee increase needed to hold nominal RIN/block revenue unchanged
S4,S4,102690000,0.08711028,0.08634615,76413,0.00076413,fee increase needed to hold nominal RIN/block revenue unchanged
S4,S4,102900000,0.08634615,0.08558872,75743,0.00075743,fee increase needed to hold nominal RIN/block revenue unchanged
S4,S4,103110000,0.08558872,0.08483794,75078,0.00075078,fee increase needed to hold nominal RIN/block revenue unchanged
S4,S4,103320000,0.08483794,0.08409374,74420,0.00074420,fee increase needed to hold nominal RIN/block revenue unchanged
S4,S4,103530000,0.08409374,0.08335607,73767,0.00073767,fee increase needed to hold nominal RIN/block revenue unchanged
S4,S4,103740000,0.08335607,0.08262487,73120,0.00073120,fee increase needed to hold nominal RIN/block revenue unchanged
S4,S4,103950000,0.08262487,0.08190009,72478,0.00072478,fee increase needed to hold nominal RIN/block revenue unchanged
S4,S4,104160000,0.08190009,0.08118166,71843,0.00071843,fee increase needed to hold nominal RIN/block revenue unchanged
S4,S4,104370000,0.08118166,0.08046954,71212,0.00071212,fee increase needed to hold nominal RIN/block revenue unchanged
S4,S4,104580000,0.08046954,0.07976366,70588,0.00070588,fee increase needed to hold nominal RIN/block revenue unchanged
S4,S4,104790000,0.07976366,0.07906397,69969,0.00069969,fee increase needed to hold nominal RIN/block revenue unchanged
S4,S4,105000000,0.07906397,0.07837042,69355,0.00069355,fee increase needed to hold nominal RIN/block revenue unchanged
S4,S4,105210000,0.07837042,0.07768296,68746,0.00068746,fee increase needed to hold nominal RIN/block revenue unchanged
S4,S4,105420000,0.07768296,0.07700153,68143,0.00068143,fee increase needed to hold nominal RIN/block revenue unchanged
S4,S4,105630000,0.07700153,0.07632607,67546,0.00067546,fee increase needed to hold nominal RIN/block revenue unchanged
S4,S4,105840000,0.07632607,0.07565654,66953,0.00066953,fee increase needed to hold nominal RIN/block revenue unchanged
S4,S4,106050000,0.07565654,0.07499288,66366,0.00066366,fee increase needed to hold nominal RIN/block revenue unchanged
S4,S4,106260000,0.07499288,0.07433504,65784,0.00065784,fee increase needed to hold nominal RIN/block revenue unchanged
S4,S4,106470000,0.07433504,0.07368297,65207,0.00065207,fee increase needed to hold nominal RIN/block revenue unchanged
S4,S4,106680000,0.07368297,0.07303662,64635,0.00064635,fee increase needed to hold nominal RIN/block revenue unchanged
S4,S4,106890000,0.07303662,0.07239594,64068,0.00064068,fee increase needed to hold nominal RIN/block revenue unchanged
S4,S4,107100000,0.07239594,0.07176088,63506,0.00063506,fee increase needed to hold nominal RIN/block revenue unchanged
S4,S4,107310000,0.07176088,0.07113139,62949,0.00062949,fee increase needed to hold nominal RIN/block revenue unchanged
S4,S4,107520000,0.07113139,0.07050743,62396,0.00062396,fee increase needed to hold nominal RIN/block revenue unchanged
S4,S4,107730000,0.07050743,0.06988894,61849,0.00061849,fee increase needed to hold nominal RIN/block revenue unchanged
S4,S4,107940000,0.06988894,0.06927587,61307,0.00061307,fee increase needed to hold nominal RIN/block revenue unchanged
S4,S4,108150000,0.06927587,0.06866818,60769,0.00060769,fee increase needed to hold nominal RIN/block revenue unchanged
S4,S4,108360000,0.06866818,0.06806582,60236,0.00060236,fee increase needed to hold nominal RIN/block revenue unchanged
S4,S4,108570000,0.06806582,0.06746875,59707,0.00059707,fee increase needed to hold nominal RIN/block revenue unchanged
S4,S4,108780000,0.06746875,0.06687691,59184,0.00059184,fee increase needed to hold nominal RIN/block revenue unchanged
S4,S4,108990000,0.06687691,0.06629027,58664,0.00058664,fee increase needed to hold nominal RIN/block revenue unchanged
S4,S4,109200000,0.06629027,0.06570877,58150,0.00058150,fee increase needed to hold nominal RIN/block revenue unchanged
S4,S4,109410000,0.06570877,0.06513237,57640,0.00057640,fee increase needed to hold nominal RIN/block revenue unchanged
S4,S4,109620000,0.06513237,0.06456103,57134,0.00057134,fee increase needed to hold nominal RIN/block revenue unchanged
S4,S4,109830000,0.06456103,0.06399470,56633,0.00056633,fee increase needed to hold nominal RIN/block revenue unchanged
S4,S4,110040000,0.06399470,0.06343334,56136,0.00056136,fee increase needed to hold nominal RIN/block revenue unchanged
S4,S4,110250000,0.06343334,0.06287690,55644,0.00055644,fee increase needed to hold nominal RIN/block revenue unchanged
S4,S4,110460000,0.06287690,0.06232534,55156,0.00055156,fee increase needed to hold nominal RIN/block revenue unchanged
S4,S4,110670000,0.06232534,0.06177862,54672,0.00054672,fee increase needed to hold nominal RIN/block revenue unchanged
S4,S4,110880000,0.06177862,0.06123670,54192,0.00054192,fee increase needed to hold nominal RIN/block revenue unchanged
S4,S4,111090000,0.06123670,0.06069953,53717,0.00053717,fee increase needed to hold nominal RIN/block revenue unchanged
S4,S4,111300000,0.06069953,0.06016707,53246,0.00053246,fee increase needed to hold nominal RIN/block revenue unchanged
S4,S4,111510000,0.06016707,0.05963928,52779,0.00052779,fee increase needed to hold nominal RIN/block revenue unchanged
S4,S4,111720000,0.05963928,0.05911612,52316,0.00052316,fee increase needed to hold nominal RIN/block revenue unchanged
S4,S4,111930000,0.05911612,0.05859755,51857,0.00051857,fee increase needed to hold nominal RIN/block revenue unchanged
S4,S4,112140000,0.05859755,0.05808353,51402,0.00051402,fee increase needed to hold nominal RIN/block revenue unchanged
S4,S4,112350000,0.05808353,0.05757402,50951,0.00050951,fee increase needed to hold nominal RIN/block revenue unchanged
S4,S4,112560000,0.05757402,0.05706898,50504,0.00050504,fee increase needed to hold nominal RIN/block revenue unchanged
S4,S4,112770000,0.05706898,0.05656837,50061,0.00050061,fee increase needed to hold nominal RIN/block revenue unchanged
S4,S4,112980000,0.05656837,0.05607215,49622,0.00049622,fee increase needed to hold nominal RIN/block revenue unchanged
S4,S4,113190000,0.05607215,0.05558028,49187,0.00049187,fee increase needed to hold nominal RIN/block revenue unchanged
S4,S4,113400000,0.05558028,0.05509273,48755,0.00048755,fee increase needed to hold nominal RIN/block revenue unchanged
S4,S4,113610000,0.05509273,0.05460946,48327,0.00048327,fee increase needed to hold nominal RIN/block revenue unchanged
S4,S4,113820000,0.05460946,0.05413042,47904,0.00047904,fee increase needed to hold nominal RIN/block revenue unchanged
S4,S4,114030000,0.05413042,0.05365559,47483,0.00047483,fee increase needed to hold nominal RIN/block revenue unchanged
S4,S4,114240000,0.05365559,0.05318492,47067,0.00047067,fee increase needed to hold nominal RIN/block revenue unchanged
S4,S4,114450000,0.05318492,0.05271838,46654,0.00046654,fee increase needed to hold nominal RIN/block revenue unchanged
S4,S4,114660000,0.05271838,0.05225593,46245,0.00046245,fee increase needed to hold nominal RIN/block revenue unchanged
S4,S4,114870000,0.05225593,0.05179754,45839,0.00045839,fee increase needed to hold nominal RIN/block revenue unchanged
S4,S4,115080000,0.05179754,0.05134317,45437,0.00045437,fee increase needed to hold nominal RIN/block revenue unchanged
S4,S4,115290000,0.05134317,0.05089279,45038,0.00045038,fee increase needed to hold nominal RIN/block revenue unchanged
S4,S4,115500000,0.05089279,0.05044636,44643,0.00044643,fee increase needed to hold nominal RIN/block revenue unchanged
S4,S4,115710000,0.05044636,0.05000384,44252,0.00044252,fee increase needed to hold nominal RIN/block revenue unchanged
S4,S4,115920000,0.05000384,0.04956520,43864,0.00043864,fee increase needed to hold nominal RIN/block revenue unchanged
S4,S4,116130000,0.04956520,0.04913041,43479,0.00043479,fee increase needed to hold nominal RIN/block revenue unchanged
S4,S4,116340000,0.04913041,0.04869944,43097,0.00043097,fee increase needed to hold nominal RIN/block revenue unchanged
S4,S4,116550000,0.04869944,0.04827225,42719,0.00042719,fee increase needed to hold nominal RIN/block revenue unchanged
S4,S4,116760000,0.04827225,0.04784880,42345,0.00042345,fee increase needed to hold nominal RIN/block revenue unchanged
S4,S4,116970000,0.04784880,0.04742907,41973,0.00041973,fee increase needed to hold nominal RIN/block revenue unchanged
S4,S4,117180000,0.04742907,0.04701302,41605,0.00041605,fee increase needed to hold nominal RIN/block revenue unchanged
S4,S4,117390000,0.04701302,0.04660062,41240,0.00041240,fee increase needed to hold nominal RIN/block revenue unchanged
S4,S4,117600000,0.04660062,0.04619184,40878,0.00040878,fee increase needed to hold nominal RIN/block revenue unchanged
S4,S4,117810000,0.04619184,0.04578664,40520,0.00040520,fee increase needed to hold nominal RIN/block revenue unchanged
S4,S4,118020000,0.04578664,0.04538500,40164,0.00040164,fee increase needed to hold nominal RIN/block revenue unchanged
S4,S4,118230000,0.04538500,0.04498688,39812,0.00039812,fee increase needed to hold nominal RIN/block revenue unchanged
S4,S4,118440000,0.04498688,0.04459225,39463,0.00039463,fee increase needed to hold nominal RIN/block revenue unchanged
S4,S4,118650000,0.04459225,0.04420108,39117,0.00039117,fee increase needed to hold nominal RIN/block revenue unchanged
S4,S4,118860000,0.04420108,0.04381335,38773,0.00038773,fee increase needed to hold nominal RIN/block revenue unchanged
S4,S4,119070000,0.04381335,0.04342902,38433,0.00038433,fee increase needed to hold nominal RIN/block revenue unchanged
S4,S4,119280000,0.04342902,0.04304806,38096,0.00038096,fee increase needed to hold nominal RIN/block revenue unchanged
S4,S4,119490000,0.04304806,0.04267044,37762,0.00037762,fee increase needed to hold nominal RIN/block revenue unchanged
S4,S4,119700000,0.04267044,0.04229613,37431,0.00037431,fee increase needed to hold nominal RIN/block revenue unchanged
S4,S4,119910000,0.04229613,0.04192511,37102,0.00037102,fee increase needed to hold nominal RIN/block revenue unchanged
S4,S4,120120000,0.04192511,0.04155734,36777,0.00036777,fee increase needed to hold nominal RIN/block revenue unchanged
S4,S4,120330000,0.04155734,0.04119280,36454,0.00036454,fee increase needed to hold nominal RIN/block revenue unchanged
S4,S4,120540000,0.04119280,0.04083145,36135,0.00036135,fee increase needed to hold nominal RIN/block revenue unchanged
S4,S4,120750000,0.04083145,0.04047327,35818,0.00035818,fee increase needed to hold nominal RIN/block revenue unchanged
S4,S4,120960000,0.04047327,0.04011824,35503,0.00035503,fee increase needed to hold nominal RIN/block revenue unchanged
S4,S4,121170000,0.04011824,0.03976632,35192,0.00035192,fee increase needed to hold nominal RIN/block revenue unchanged
S4,S4,121380000,0.03976632,0.03941749,34883,0.00034883,fee increase needed to hold nominal RIN/block revenue unchanged
S4,S4,121590000,0.03941749,0.03907172,34577,0.00034577,fee increase needed to hold nominal RIN/block revenue unchanged
S4,S4,121800000,0.03907172,0.03872898,34274,0.00034274,fee increase needed to hold nominal RIN/block revenue unchanged
S4,S4,122010000,0.03872898,0.03838925,33973,0.00033973,fee increase needed to hold nominal RIN/block revenue unchanged
S4,S4,122220000,0.03838925,0.03805250,33675,0.00033675,fee increase needed to hold nominal RIN/block revenue unchanged
S4,S4,122430000,0.03805250,0.03771870,33380,0.00033380,fee increase needed to hold nominal RIN/block revenue unchanged
S4,S4,122640000,0.03771870,0.03738783,33087,0.00033087,fee increase needed to hold nominal RIN/block revenue unchanged
S4,S4,122850000,0.03738783,0.03705986,32797,0.00032797,fee increase needed to hold nominal RIN/block revenue unchanged
S4,S4,123060000,0.03705986,0.03673477,32509,0.00032509,fee increase needed to hold nominal RIN/block revenue unchanged
S4,S4,123270000,0.03673477,0.03641253,32224,0.00032224,fee increase needed to hold nominal RIN/block revenue unchanged
S4,S4,123480000,0.03641253,0.03609312,31941,0.00031941,fee increase needed to hold nominal RIN/block revenue unchanged
S4,S4,123690000,0.03609312,0.03577651,31661,0.00031661,fee increase needed to hold nominal RIN/block revenue unchanged
S4,S4,123900000,0.03577651,0.03546268,31383,0.00031383,fee increase needed to hold nominal RIN/block revenue unchanged
S4,S4,124110000,0.03546268,0.03515160,31108,0.00031108,fee increase needed to hold nominal RIN/block revenue unchanged
S4,S4,124320000,0.03515160,0.03484325,30835,0.00030835,fee increase needed to hold nominal RIN/block revenue unchanged
S4,S4,124530000,0.03484325,0.03453760,30565,0.00030565,fee increase needed to hold nominal RIN/block revenue unchanged
S4,S4,124740000,0.03453760,0.03423463,30297,0.00030297,fee increase needed to hold nominal RIN/block revenue unchanged
S4,S4,124950000,0.03423463,0.03393432,30031,0.00030031,fee increase needed to hold nominal RIN/block revenue unchanged
S4,S4,125160000,0.03393432,0.03363665,29767,0.00029767,fee increase needed to hold nominal RIN/block revenue unchanged
S4,S4,125370000,0.03363665,0.03334159,29506,0.00029506,fee increase needed to hold nominal RIN/block revenue unchanged
S4,S4,125580000,0.03334159,0.03304911,29248,0.00029248,fee increase needed to hold nominal RIN/block revenue unchanged
S4,S4,125790000,0.03304911,0.03275920,28991,0.00028991,fee increase needed to hold nominal RIN/block revenue unchanged
S4,S4,126000000,0.03275920,0.03247183,28737,0.00028737,fee increase needed to hold nominal RIN/block revenue unchanged
S4,S4,126210000,0.03247183,0.03218698,28485,0.00028485,fee increase needed to hold nominal RIN/block revenue unchanged
S4,S4,126420000,0.03218698,0.03190463,28235,0.00028235,fee increase needed to hold nominal RIN/block revenue unchanged
S4,S4,126630000,0.03190463,0.03162476,27987,0.00027987,fee increase needed to hold nominal RIN/block revenue unchanged
S4,S4,126840000,0.03162476,0.03134734,27742,0.00027742,fee increase needed to hold nominal RIN/block revenue unchanged
S4,S4,127050000,0.03134734,0.03107236,27498,0.00027498,fee increase needed to hold nominal RIN/block revenue unchanged
S4,S4,127260000,0.03107236,0.03079979,27257,0.00027257,fee increase needed to hold nominal RIN/block revenue unchanged
S4,S4,127470000,0.03079979,0.03052961,27018,0.00027018,fee increase needed to hold nominal RIN/block revenue unchanged
S4,S4,127680000,0.03052961,0.03026180,26781,0.00026781,fee increase needed to hold nominal RIN/block revenue unchanged
S4,S4,127890000,0.03026180,0.02999634,26546,0.00026546,fee increase needed to hold nominal RIN/block revenue unchanged
S4,S4,128100000,0.02999634,0.02973321,26313,0.00026313,fee increase needed to hold nominal RIN/block revenue unchanged
S4,S4,128310000,0.02973321,0.02947239,26082,0.00026082,fee increase needed to hold nominal RIN/block revenue unchanged
S4,S4,128520000,0.02947239,0.02921386,25853,0.00025853,fee increase needed to hold nominal RIN/block revenue unchanged
S4,S4,128730000,0.02921386,0.02895759,25627,0.00025627,fee increase needed to hold nominal RIN/block revenue unchanged
S4,S4,128940000,0.02895759,0.02870357,25402,0.00025402,fee increase needed to hold nominal RIN/block revenue unchanged
S4,S4,129150000,0.02870357,0.02845178,25179,0.00025179,fee increase needed to hold nominal RIN/block revenue unchanged
S4,S4,129360000,0.02845178,0.02820220,24958,0.00024958,fee increase needed to hold nominal RIN/block revenue unchanged
S4,S4,129570000,0.02820220,0.02795481,24739,0.00024739,fee increase needed to hold nominal RIN/block revenue unchanged
S4,S4,129780000,0.02795481,0.02770959,24522,0.00024522,fee increase needed to hold nominal RIN/block revenue unchanged
S4,S4,129990000,0.02770959,0.02746652,24307,0.00024307,fee increase needed to hold nominal RIN/block revenue unchanged
S4,S4,130200000,0.02746652,0.02722558,24094,0.00024094,fee increase needed to hold nominal RIN/block revenue unchanged
S4,S4,130410000,0.02722558,0.02698675,23883,0.00023883,fee increase needed to hold nominal RIN/block revenue unchanged
S4,S4,130620000,0.02698675,0.02675002,23673,0.00023673,fee increase needed to hold nominal RIN/block revenue unchanged
S4,S4,130830000,0.02675002,0.02651537,23465,0.00023465,fee increase needed to hold nominal RIN/block revenue unchanged
S4,S4,131040000,0.02651537,0.02628277,23260,0.00023260,fee increase needed to hold nominal RIN/block revenue unchanged
S4,S4,131250000,0.02628277,0.02605221,23056,0.00023056,fee increase needed to hold nominal RIN/block revenue unchanged
S4,S4,131460000,0.02605221,0.02582368,22853,0.00022853,fee increase needed to hold nominal RIN/block revenue unchanged
S4,S4,131670000,0.02582368,0.02559715,22653,0.00022653,fee increase needed to hold nominal RIN/block revenue unchanged
S4,S4,131880000,0.02559715,0.02537261,22454,0.00022454,fee increase needed to hold nominal RIN/block revenue unchanged
S4,S4,132090000,0.02537261,0.02515004,22257,0.00022257,fee increase needed to hold nominal RIN/block revenue unchanged
S4,S4,132300000,0.02515004,0.02492942,22062,0.00022062,fee increase needed to hold nominal RIN/block revenue unchanged
S4,S4,132510000,0.02492942,0.02471074,21868,0.00021868,fee increase needed to hold nominal RIN/block revenue unchanged
S4,S4,132720000,0.02471074,0.02449397,21677,0.00021677,fee increase needed to hold nominal RIN/block revenue unchanged
S4,S4,132930000,0.02449397,0.02427911,21486,0.00021486,fee increase needed to hold nominal RIN/block revenue unchanged
S4,S4,133140000,0.02427911,0.02406613,21298,0.00021298,fee increase needed to hold nominal RIN/block revenue unchanged
S4,S4,133350000,0.02406613,0.02385502,21111,0.00021111,fee increase needed to hold nominal RIN/block revenue unchanged
S4,S4,133560000,0.02385502,0.02364576,20926,0.00020926,fee increase needed to hold nominal RIN/block revenue unchanged
S4,S4,133770000,0.02364576,0.02343834,20742,0.00020742,fee increase needed to hold nominal RIN/block revenue unchanged
S4,S4,133980000,0.02343834,0.02323274,20560,0.00020560,fee increase needed to hold nominal RIN/block revenue unchanged
S4,S4,134190000,0.02323274,0.02302894,20380,0.00020380,fee increase needed to hold nominal RIN/block revenue unchanged
S4,S4,134400000,0.02302894,0.02282693,20201,0.00020201,fee increase needed to hold nominal RIN/block revenue unchanged
S4,S4,134610000,0.02282693,0.02262669,20024,0.00020024,fee increase needed to hold nominal RIN/block revenue unchanged
S4,S4,134820000,0.02262669,0.02242821,19848,0.00019848,fee increase needed to hold nominal RIN/block revenue unchanged
S4,S4,135030000,0.02242821,0.02223147,19674,0.00019674,fee increase needed to hold nominal RIN/block revenue unchanged
S4,S4,135240000,0.02223147,0.02203645,19502,0.00019502,fee increase needed to hold nominal RIN/block revenue unchanged
S4,S4,135450000,0.02203645,0.02184314,19331,0.00019331,fee increase needed to hold nominal RIN/block revenue unchanged
S4,S4,135660000,0.02184314,0.02165153,19161,0.00019161,fee increase needed to hold nominal RIN/block revenue unchanged
S4,S4,135870000,0.02165153,0.02146160,18993,0.00018993,fee increase needed to hold nominal RIN/block revenue unchanged
S4,S4,136080000,0.02146160,0.02127334,18826,0.00018826,fee increase needed to hold nominal RIN/block revenue unchanged
S4,S4,136290000,0.02127334,0.02108673,18661,0.00018661,fee increase needed to hold nominal RIN/block revenue unchanged
S4,S4,136500000,0.02108673,0.02090175,18498,0.00018498,fee increase needed to hold nominal RIN/block revenue unchanged
S4,S4,136710000,0.02090175,0.02071840,18335,0.00018335,fee increase needed to hold nominal RIN/block revenue unchanged
S4,S4,136920000,0.02071840,0.02053665,18175,0.00018175,fee increase needed to hold nominal RIN/block revenue unchanged
S4,S4,137130000,0.02053665,0.02035650,18015,0.00018015,fee increase needed to hold nominal RIN/block revenue unchanged
S4,S4,137340000,0.02035650,0.02017793,17857,0.00017857,fee increase needed to hold nominal RIN/block revenue unchanged
S4,S4,137550000,0.02017793,0.02000093,17700,0.00017700,fee increase needed to hold nominal RIN/block revenue unchanged
S4,S4,137760000,0.02000093,0.01982548,17545,0.00017545,fee increase needed to hold nominal RIN/block revenue unchanged
S4,S4,137970000,0.01982548,0.01965157,17391,0.00017391,fee increase needed to hold nominal RIN/block revenue unchanged
S4,S4,138180000,0.01965157,0.01947918,17239,0.00017239,fee increase needed to hold nominal RIN/block revenue unchanged
S4,S4,138390000,0.01947918,0.01930831,17087,0.00017087,fee increase needed to hold nominal RIN/block revenue unchanged
S4,S4,138600000,0.01930831,0.01913893,16938,0.00016938,fee increase needed to hold nominal RIN/block revenue unchanged
S4,S4,138810000,0.01913893,0.01897104,16789,0.00016789,fee increase needed to hold nominal RIN/block revenue unchanged
S4,S4,139020000,0.01897104,0.01880462,16642,0.00016642,fee increase needed to hold nominal RIN/block revenue unchanged
S4,S4,139230000,0.01880462,0.01863966,16496,0.00016496,fee increase needed to hold nominal RIN/block revenue unchanged
S4,S4,139440000,0.01863966,0.01847615,16351,0.00016351,fee increase needed to hold nominal RIN/block revenue unchanged
S4,S4,139650000,0.01847615,0.01831407,16208,0.00016208,fee increase needed to hold nominal RIN/block revenue unchanged
S4,S4,139860000,0.01831407,0.01815342,16065,0.00016065,fee increase needed to hold nominal RIN/block revenue unchanged
S4,S4,140070000,0.01815342,0.01799417,15925,0.00015925,fee increase needed to hold nominal RIN/block revenue unchanged
S4,S4,140280000,0.01799417,0.01783632,15785,0.00015785,fee increase needed to hold nominal RIN/block revenue unchanged
S4,S4,140490000,0.01783632,0.01767986,15646,0.00015646,fee increase needed to hold nominal RIN/block revenue unchanged
S4,S4,140700000,0.01767986,0.01752477,15509,0.00015509,fee increase needed to hold nominal RIN/block revenue unchanged
S4,S4,140910000,0.01752477,0.01737104,15373,0.00015373,fee increase needed to hold nominal RIN/block revenue unchanged
S4,S4,141120000,0.01737104,0.01721866,15238,0.00015238,fee increase needed to hold nominal RIN/block revenue unchanged
S4,S4,141330000,0.01721866,0.01706761,15105,0.00015105,fee increase needed to hold nominal RIN/block revenue unchanged
S4,S4,141540000,0.01706761,0.01691789,14972,0.00014972,fee increase needed to hold nominal RIN/block revenue unchanged
S4,S4,141750000,0.01691789,0.01676948,14841,0.00014841,fee increase needed to hold nominal RIN/block revenue unchanged
S4,S4,141960000,0.01676948,0.01662237,14711,0.00014711,fee increase needed to hold nominal RIN/block revenue unchanged
S4,S4,142170000,0.01662237,0.01647655,14582,0.00014582,fee increase needed to hold nominal RIN/block revenue unchanged
S4,S4,142380000,0.01647655,0.01633201,14454,0.00014454,fee increase needed to hold nominal RIN/block revenue unchanged
S4,S4,142590000,0.01633201,0.01618874,14327,0.00014327,fee increase needed to hold nominal RIN/block revenue unchanged
S4,S4,142800000,0.01618874,0.01604673,14201,0.00014201,fee increase needed to hold nominal RIN/block revenue unchanged
S4,S4,143010000,0.01604673,0.01590596,14077,0.00014077,fee increase needed to hold nominal RIN/block revenue unchanged
S4,S4,143220000,0.01590596,0.01576643,13953,0.00013953,fee increase needed to hold nominal RIN/block revenue unchanged
S4,S4,143430000,0.01576643,0.01562812,13831,0.00013831,fee increase needed to hold nominal RIN/block revenue unchanged
S4,S4,143640000,0.01562812,0.01549103,13709,0.00013709,fee increase needed to hold nominal RIN/block revenue unchanged
S4,S4,143850000,0.01549103,0.01535514,13589,0.00013589,fee increase needed to hold nominal RIN/block revenue unchanged
S4,S4,144060000,0.01535514,0.01522044,13470,0.00013470,fee increase needed to hold nominal RIN/block revenue unchanged
S4,S4,144270000,0.01522044,0.01508692,13352,0.00013352,fee increase needed to hold nominal RIN/block revenue unchanged
S4,S4,144480000,0.01508692,0.01495457,13235,0.00013235,fee increase needed to hold nominal RIN/block revenue unchanged
S4,S4,144690000,0.01495457,0.01482338,13119,0.00013119,fee increase needed to hold nominal RIN/block revenue unchanged
S4,S4,144900000,0.01482338,0.01469335,13003,0.00013003,fee increase needed to hold nominal RIN/block revenue unchanged
S4,S4,145110000,0.01469335,0.01456446,12889,0.00012889,fee increase needed to hold nominal RIN/block revenue unchanged
S4,S4,145320000,0.01456446,0.01443670,12776,0.00012776,fee increase needed to hold nominal RIN/block revenue unchanged
S4,S4,145530000,0.01443670,0.01431006,12664,0.00012664,fee increase needed to hold nominal RIN/block revenue unchanged
S4,S4,145740000,0.01431006,0.01418453,12553,0.00012553,fee increase needed to hold nominal RIN/block revenue unchanged
S4,S4,145950000,0.01418453,0.01406010,12443,0.00012443,fee increase needed to hold nominal RIN/block revenue unchanged
S4,S4,146160000,0.01406010,0.01393676,12334,0.00012334,fee increase needed to hold nominal RIN/block revenue unchanged
S4,S4,146370000,0.01393676,0.01381450,12226,0.00012226,fee increase needed to hold nominal RIN/block revenue unchanged
S4,S4,146580000,0.01381450,0.01369332,12118,0.00012118,fee increase needed to hold nominal RIN/block revenue unchanged
S4,S4,146790000,0.01369332,0.01357320,12012,0.00012012,fee increase needed to hold nominal RIN/block revenue unchanged
S4,S4,147000000,0.01357320,0.01345413,11907,0.00011907,fee increase needed to hold nominal RIN/block revenue unchanged
S4,S4,147210000,0.01345413,0.01333611,11802,0.00011802,fee increase needed to hold nominal RIN/block revenue unchanged
S4,S4,147420000,0.01333611,0.01321912,11699,0.00011699,fee increase needed to hold nominal RIN/block revenue unchanged
S4,S4,147630000,0.01321912,0.01310316,11596,0.00011596,fee increase needed to hold nominal RIN/block revenue unchanged
S4,S4,147840000,0.01310316,0.01298822,11494,0.00011494,fee increase needed to hold nominal RIN/block revenue unchanged
S4,S4,148050000,0.01298822,0.01287428,11394,0.00011394,fee increase needed to hold nominal RIN/block revenue unchanged
S4,S4,148260000,0.01287428,0.01276134,11294,0.00011294,fee increase needed to hold nominal RIN/block revenue unchanged
S4,S4,148470000,0.01276134,0.01264939,11195,0.00011195,fee increase needed to hold nominal RIN/block revenue unchanged
S4,S4,148680000,0.01264939,0.01253843,11096,0.00011096,fee increase needed to hold nominal RIN/block revenue unchanged
S4,S4,148890000,0.01253843,0.01242844,10999,0.00010999,fee increase needed to hold nominal RIN/block revenue unchanged
S4,S4,149100000,0.01242844,0.01231941,10903,0.00010903,fee increase needed to hold nominal RIN/block revenue unchanged
S4,S4,149310000,0.01231941,0.01221134,10807,0.00010807,fee increase needed to hold nominal RIN/block revenue unchanged
S4,S4,149520000,0.01221134,0.01210422,10712,0.00010712,fee increase needed to hold nominal RIN/block revenue unchanged
S4,S4,149730000,0.01210422,0.01199804,10618,0.00010618,fee increase needed to hold nominal RIN/block revenue unchanged
S4,S4,149940000,0.01199804,0.01189279,10525,0.00010525,fee increase needed to hold nominal RIN/block revenue unchanged
S4,S4,150150000,0.01189279,0.01178846,10433,0.00010433,fee increase needed to hold nominal RIN/block revenue unchanged
S4,S4,150360000,0.01178846,0.01168505,10341,0.00010341,fee increase needed to hold nominal RIN/block revenue unchanged
S4,S4,150570000,0.01168505,0.01158254,10251,0.00010251,fee increase needed to hold nominal RIN/block revenue unchanged
S4,S4,150780000,0.01158254,0.01148093,10161,0.00010161,fee increase needed to hold nominal RIN/block revenue unchanged
S4,S4,150990000,0.01148093,0.01138022,10071,0.00010071,fee increase needed to hold nominal RIN/block revenue unchanged
S4,S4,151200000,0.01138022,0.01128039,9983,0.00009983,fee increase needed to hold nominal RIN/block revenue unchanged
S4,S4,151410000,0.01128039,0.01118143,9896,0.00009896,fee increase needed to hold nominal RIN/block revenue unchanged
S4,S4,151620000,0.01118143,0.01108334,9809,0.00009809,fee increase needed to hold nominal RIN/block revenue unchanged
S4,S4,151830000,0.01108334,0.01098611,9723,0.00009723,fee increase needed to hold nominal RIN/block revenue unchanged
S4,S4,152040000,0.01098611,0.01088974,9637,0.00009637,fee increase needed to hold nominal RIN/block revenue unchanged
S4,S4,152250000,0.01088974,0.01079421,9553,0.00009553,fee increase needed to hold nominal RIN/block revenue unchanged
S4,S4,152460000,0.01079421,0.01069952,9469,0.00009469,fee increase needed to hold nominal RIN/block revenue unchanged
S4,S4,152670000,0.01069952,0.01060566,9386,0.00009386,fee increase needed to hold nominal RIN/block revenue unchanged
S4,S4,152880000,0.01060566,0.01051262,9304,0.00009304,fee increase needed to hold nominal RIN/block revenue unchanged
S4,S4,153090000,0.01051262,0.01042040,9222,0.00009222,fee increase needed to hold nominal RIN/block revenue unchanged
S4,S4,153300000,0.01042040,0.01032899,9141,0.00009141,fee increase needed to hold nominal RIN/block revenue unchanged
S4,S4,153510000,0.01032899,0.01023838,9061,0.00009061,fee increase needed to hold nominal RIN/block revenue unchanged
S4,S4,153720000,0.01023838,0.01014856,8982,0.00008982,fee increase needed to hold nominal RIN/block revenue unchanged
S4,S4,153930000,0.01014856,0.01005953,8903,0.00008903,fee increase needed to hold nominal RIN/block revenue unchanged
S4,S4,154140000,0.01005953,0.00997128,8825,0.00008825,fee increase needed to hold nominal RIN/block revenue unchanged
S4,S4,154350000,0.00997128,0.00988381,8747,0.00008747,fee increase needed to hold nominal RIN/block revenue unchanged
S4,S4,154560000,0.00988381,0.00979710,8671,0.00008671,fee increase needed to hold nominal RIN/block revenue unchanged
S4,S4,154770000,0.00979710,0.00971116,8594,0.00008594,fee increase needed to hold nominal RIN/block revenue unchanged
S4,S4,154980000,0.00971116,0.00962597,8519,0.00008519,fee increase needed to hold nominal RIN/block revenue unchanged
S4,S4,155190000,0.00962597,0.00954153,8444,0.00008444,fee increase needed to hold nominal RIN/block revenue unchanged
S4,S4,155400000,0.00954153,0.00945783,8370,0.00008370,fee increase needed to hold nominal RIN/block revenue unchanged
S4,S4,155610000,0.00945783,0.00937486,8297,0.00008297,fee increase needed to hold nominal RIN/block revenue unchanged
S4,S4,155820000,0.00937486,0.00929262,8224,0.00008224,fee increase needed to hold nominal RIN/block revenue unchanged
S4,S4,156030000,0.00929262,0.00921110,8152,0.00008152,fee increase needed to hold nominal RIN/block revenue unchanged
S4,S4,156240000,0.00921110,0.00913030,8080,0.00008080,fee increase needed to hold nominal RIN/block revenue unchanged
S4,S4,156450000,0.00913030,0.00905020,8010,0.00008010,fee increase needed to hold nominal RIN/block revenue unchanged
S4,S4,156660000,0.00905020,0.00897081,7939,0.00007939,fee increase needed to hold nominal RIN/block revenue unchanged
S4,S4,156870000,0.00897081,0.00889211,7870,0.00007870,fee increase needed to hold nominal RIN/block revenue unchanged
S4,S4,157080000,0.00889211,0.00881410,7801,0.00007801,fee increase needed to hold nominal RIN/block revenue unchanged
S4,S4,157290000,0.00881410,0.00873678,7732,0.00007732,fee increase needed to hold nominal RIN/block revenue unchanged
S4,S4,157500000,0.00873678,0.00866014,7664,0.00007664,fee increase needed to hold nominal RIN/block revenue unchanged
S4,S4,157710000,0.00866014,0.00858417,7597,0.00007597,fee increase needed to hold nominal RIN/block revenue unchanged
S4,S4,157920000,0.00858417,0.00850887,7530,0.00007530,fee increase needed to hold nominal RIN/block revenue unchanged
S4,S4,158130000,0.00850887,0.00843423,7464,0.00007464,fee increase needed to hold nominal RIN/block revenue unchanged
S4,S4,158340000,0.00843423,0.00836024,7399,0.00007399,fee increase needed to hold nominal RIN/block revenue unchanged
S4,S4,158550000,0.00836024,0.00828690,7334,0.00007334,fee increase needed to hold nominal RIN/block revenue unchanged
S4,S4,158760000,0.00828690,0.00821420,7270,0.00007270,fee increase needed to hold nominal RIN/block revenue unchanged
S4,S4,158970000,0.00821420,0.00814214,7206,0.00007206,fee increase needed to hold nominal RIN/block revenue unchanged
S4,S4,159180000,0.00814214,0.00807071,7143,0.00007143,fee increase needed to hold nominal RIN/block revenue unchanged
S4,S4,159390000,0.00807071,0.00799991,7080,0.00007080,fee increase needed to hold nominal RIN/block revenue unchanged
S4,S4,159600000,0.00799991,0.00792973,7018,0.00007018,fee increase needed to hold nominal RIN/block revenue unchanged
S4,S4,159810000,0.00792973,0.00786017,6956,0.00006956,fee increase needed to hold nominal RIN/block revenue unchanged
S4,S4,160020000,0.00786017,0.00779122,6895,0.00006895,fee increase needed to hold nominal RIN/block revenue unchanged
S4,S4,160230000,0.00779122,0.00772287,6835,0.00006835,fee increase needed to hold nominal RIN/block revenue unchanged
S4,S4,160440000,0.00772287,0.00765512,6775,0.00006775,fee increase needed to hold nominal RIN/block revenue unchanged
S4,S4,160650000,0.00765512,0.00758796,6716,0.00006716,fee increase needed to hold nominal RIN/block revenue unchanged
S4,S4,160860000,0.00758796,0.00752139,6657,0.00006657,fee increase needed to hold nominal RIN/block revenue unchanged
S4,S4,161070000,0.00752139,0.00745541,6598,0.00006598,fee increase needed to hold nominal RIN/block revenue unchanged
S4,S4,161280000,0.00745541,0.00739001,6540,0.00006540,fee increase needed to hold nominal RIN/block revenue unchanged
S4,S4,161490000,0.00739001,0.00732518,6483,0.00006483,fee increase needed to hold nominal RIN/block revenue unchanged
S4,S4,161700000,0.00732518,0.00726092,6426,0.00006426,fee increase needed to hold nominal RIN/block revenue unchanged
S4,S4,161910000,0.00726092,0.00719722,6370,0.00006370,fee increase needed to hold nominal RIN/block revenue unchanged
S4,S4,162120000,0.00719722,0.00713408,6314,0.00006314,fee increase needed to hold nominal RIN/block revenue unchanged
S4,S4,162330000,0.00713408,0.00707150,6258,0.00006258,fee increase needed to hold nominal RIN/block revenue unchanged
S4,S4,162540000,0.00707150,0.00700946,6204,0.00006204,fee increase needed to hold nominal RIN/block revenue unchanged
S4,S4,162750000,0.00700946,0.00694797,6149,0.00006149,fee increase needed to hold nominal RIN/block revenue unchanged
S4,S4,162960000,0.00694797,0.00688702,6095,0.00006095,fee increase needed to hold nominal RIN/block revenue unchanged
S4,S4,163170000,0.00688702,0.00682660,6042,0.00006042,fee increase needed to hold nominal RIN/block revenue unchanged
S4,S4,163380000,0.00682660,0.00676671,5989,0.00005989,fee increase needed to hold nominal RIN/block revenue unchanged
S4,S4,163590000,0.00676671,0.00670735,5936,0.00005936,fee increase needed to hold nominal RIN/block revenue unchanged
S4,S4,163800000,0.00670735,0.00664851,5884,0.00005884,fee increase needed to hold nominal RIN/block revenue unchanged
S4,S4,164010000,0.00664851,0.00659018,5833,0.00005833,fee increase needed to hold nominal RIN/block revenue unchanged
S4,S4,164220000,0.00659018,0.00653237,5781,0.00005781,fee increase needed to hold nominal RIN/block revenue unchanged
S4,S4,164430000,0.00653237,0.00647506,5731,0.00005731,fee increase needed to hold nominal RIN/block revenue unchanged
S4,S4,164640000,0.00647506,0.00641826,5680,0.00005680,fee increase needed to hold nominal RIN/block revenue unchanged
S4,S4,164850000,0.00641826,0.00636195,5631,0.00005631,fee increase needed to hold nominal RIN/block revenue unchanged
S4,S4,165060000,0.00636195,0.00630614,5581,0.00005581,fee increase needed to hold nominal RIN/block revenue unchanged
S4,S4,165270000,0.00630614,0.00625082,5532,0.00005532,fee increase needed to hold nominal RIN/block revenue unchanged
S4,S4,165480000,0.00625082,0.00619598,5484,0.00005484,fee increase needed to hold nominal RIN/block revenue unchanged
S4,S4,165690000,0.00619598,0.00614162,5436,0.00005436,fee increase needed to hold nominal RIN/block revenue unchanged
S4,S4,165900000,0.00614162,0.00608774,5388,0.00005388,fee increase needed to hold nominal RIN/block revenue unchanged
S4,S4,166110000,0.00608774,0.00603433,5341,0.00005341,fee increase needed to hold nominal RIN/block revenue unchanged
S4,S4,166320000,0.00603433,0.00598139,5294,0.00005294,fee increase needed to hold nominal RIN/block revenue unchanged
S4,S4,166530000,0.00598139,0.00592892,5247,0.00005247,fee increase needed to hold nominal RIN/block revenue unchanged
S4,S4,166740000,0.00592892,0.00587691,5201,0.00005201,fee increase needed to hold nominal RIN/block revenue unchanged
S4,S4,166950000,0.00587691,0.00582535,5156,0.00005156,fee increase needed to hold nominal RIN/block revenue unchanged
S4,S4,167160000,0.00582535,0.00577425,5110,0.00005110,fee increase needed to hold nominal RIN/block revenue unchanged
S4,S4,167370000,0.00577425,0.00572359,5066,0.00005066,fee increase needed to hold nominal RIN/block revenue unchanged
S4,S4,167580000,0.00572359,0.00567338,5021,0.00005021,fee increase needed to hold nominal RIN/block revenue unchanged
S4,S4,167790000,0.00567338,0.00562361,4977,0.00004977,fee increase needed to hold nominal RIN/block revenue unchanged
S4,S4,168000000,0.00562361,0.00557428,4933,0.00004933,fee increase needed to hold nominal RIN/block revenue unchanged
S4,S4,168210000,0.00557428,0.00552538,4890,0.00004890,fee increase needed to hold nominal RIN/block revenue unchanged
S4,S4,168420000,0.00552538,0.00547691,4847,0.00004847,fee increase needed to hold nominal RIN/block revenue unchanged
S4,S4,168630000,0.00547691,0.00542886,4805,0.00004805,fee increase needed to hold nominal RIN/block revenue unchanged
S4,S4,168840000,0.00542886,0.00538123,4763,0.00004763,fee increase needed to hold nominal RIN/block revenue unchanged
S4,S4,169050000,0.00538123,0.00533402,4721,0.00004721,fee increase needed to hold nominal RIN/block revenue unchanged
S4,S4,169260000,0.00533402,0.00528723,4679,0.00004679,fee increase needed to hold nominal RIN/block revenue unchanged
S4,S4,169470000,0.00528723,0.00524085,4638,0.00004638,fee increase needed to hold nominal RIN/block revenue unchanged
S4,S4,169680000,0.00524085,0.00519487,4598,0.00004598,fee increase needed to hold nominal RIN/block revenue unchanged
S4,S4,169890000,0.00519487,0.00514930,4557,0.00004557,fee increase needed to hold nominal RIN/block revenue unchanged
S4,S4,170100000,0.00514930,0.00510413,4517,0.00004517,fee increase needed to hold nominal RIN/block revenue unchanged
S4,S4,170310000,0.00510413,0.00505935,4478,0.00004478,fee increase needed to hold nominal RIN/block revenue unchanged
S4,S4,170520000,0.00505935,0.00501496,4439,0.00004439,fee increase needed to hold nominal RIN/block revenue unchanged
S4,S4,170730000,0.00501496,0.00497096,4400,0.00004400,fee increase needed to hold nominal RIN/block revenue unchanged
S4,S4,170940000,0.00497096,0.00492735,4361,0.00004361,fee increase needed to hold nominal RIN/block revenue unchanged
S4,S4,171150000,0.00492735,0.00488412,4323,0.00004323,fee increase needed to hold nominal RIN/block revenue unchanged
S4,S4,171360000,0.00488412,0.00484127,4285,0.00004285,fee increase needed to hold nominal RIN/block revenue unchanged
S4,S4,171570000,0.00484127,0.00479880,4247,0.00004247,fee increase needed to hold nominal RIN/block revenue unchanged
S4,S4,171780000,0.00479880,0.00475670,4210,0.00004210,fee increase needed to hold nominal RIN/block revenue unchanged
S4,S4,171990000,0.00475670,0.00471497,4173,0.00004173,fee increase needed to hold nominal RIN/block revenue unchanged
S4,S4,172200000,0.00471497,0.00467361,4136,0.00004136,fee increase needed to hold nominal RIN/block revenue unchanged
S4,S4,172410000,0.00467361,0.00463261,4100,0.00004100,fee increase needed to hold nominal RIN/block revenue unchanged
S4,S4,172620000,0.00463261,0.00459197,4064,0.00004064,fee increase needed to hold nominal RIN/block revenue unchanged
S4,S4,172830000,0.00459197,0.00455168,4029,0.00004029,fee increase needed to hold nominal RIN/block revenue unchanged
S4,S4,173040000,0.00455168,0.00451175,3993,0.00003993,fee increase needed to hold nominal RIN/block revenue unchanged
S4,S4,173250000,0.00451175,0.00447217,3958,0.00003958,fee increase needed to hold nominal RIN/block revenue unchanged
S4,S4,173460000,0.00447217,0.00443294,3923,0.00003923,fee increase needed to hold nominal RIN/block revenue unchanged
S4,S4,173670000,0.00443294,0.00439405,3889,0.00003889,fee increase needed to hold nominal RIN/block revenue unchanged
S4,S4,173880000,0.00439405,0.00435550,3855,0.00003855,fee increase needed to hold nominal RIN/block revenue unchanged
S4,S4,174090000,0.00435550,0.00431729,3821,0.00003821,fee increase needed to hold nominal RIN/block revenue unchanged
S4,S4,174300000,0.00431729,0.00427941,3788,0.00003788,fee increase needed to hold nominal RIN/block revenue unchanged
S4,S4,174510000,0.00427941,0.00424187,3754,0.00003754,fee increase needed to hold nominal RIN/block revenue unchanged
S4,S4,174720000,0.00424187,0.00420466,3721,0.00003721,fee increase needed to hold nominal RIN/block revenue unchanged
S4,S4,174930000,0.00420466,0.00416777,3689,0.00003689,fee increase needed to hold nominal RIN/block revenue unchanged
S4,S4,175140000,0.00416777,0.00413121,3656,0.00003656,fee increase needed to hold nominal RIN/block revenue unchanged
S4,S4,175350000,0.00413121,0.00409497,3624,0.00003624,fee increase needed to hold nominal RIN/block revenue unchanged
S4,S4,175560000,0.00409497,0.00405904,3593,0.00003593,fee increase needed to hold nominal RIN/block revenue unchanged
S4,S4,175770000,0.00405904,0.00402343,3561,0.00003561,fee increase needed to hold nominal RIN/block revenue unchanged
S4,S4,175980000,0.00402343,0.00398813,3530,0.00003530,fee increase needed to hold nominal RIN/block revenue unchanged
S4,S4,176190000,0.00398813,0.00395314,3499,0.00003499,fee increase needed to hold nominal RIN/block revenue unchanged
S4,S4,176400000,0.00395314,0.00391846,3468,0.00003468,fee increase needed to hold nominal RIN/block revenue unchanged
S4,S4,176610000,0.00391846,0.00388408,3438,0.00003438,fee increase needed to hold nominal RIN/block revenue unchanged
S4,S4,176820000,0.00388408,0.00385000,3408,0.00003408,fee increase needed to hold nominal RIN/block revenue unchanged
S4,S4,177030000,0.00385000,0.00381622,3378,0.00003378,fee increase needed to hold nominal RIN/block revenue unchanged
S4,S4,177240000,0.00381622,0.00378274,3348,0.00003348,fee increase needed to hold nominal RIN/block revenue unchanged
S4,S4,177450000,0.00378274,0.00374955,3319,0.00003319,fee increase needed to hold nominal RIN/block revenue unchanged
S4,S4,177660000,0.00374955,0.00371665,3290,0.00003290,fee increase needed to hold nominal RIN/block revenue unchanged
S4,S4,177870000,0.00371665,0.00368404,3261,0.00003261,fee increase needed to hold nominal RIN/block revenue unchanged
S4,S4,178080000,0.00368404,0.00365172,3232,0.00003232,fee increase needed to hold nominal RIN/block revenue unchanged
S4,S4,178290000,0.00365172,0.00361968,3204,0.00003204,fee increase needed to hold nominal RIN/block revenue unchanged
S4,S4,178500000,0.00361968,0.00358792,3176,0.00003176,fee increase needed to hold nominal RIN/block revenue unchanged
S4,S4,178710000,0.00358792,0.00355644,3148,0.00003148,fee increase needed to hold nominal RIN/block revenue unchanged
S4,S4,178920000,0.00355644,0.00352524,3120,0.00003120,fee increase needed to hold nominal RIN/block revenue unchanged
S4,S4,179130000,0.00352524,0.00349431,3093,0.00003093,fee increase needed to hold nominal RIN/block revenue unchanged
S4,S4,179340000,0.00349431,0.00346365,3066,0.00003066,fee increase needed to hold nominal RIN/block revenue unchanged
S4,S4,179550000,0.00346365,0.00343326,3039,0.00003039,fee increase needed to hold nominal RIN/block revenue unchanged
S4,S4,179760000,0.00343326,0.00340314,3012,0.00003012,fee increase needed to hold nominal RIN/block revenue unchanged
S4,S4,179970000,0.00340314,0.00337328,2986,0.00002986,fee increase needed to hold nominal RIN/block revenue unchanged
S4,S4,180180000,0.00337328,0.00334368,2960,0.00002960,fee increase needed to hold nominal RIN/block revenue unchanged
S4,S4,180390000,0.00334368,0.00331434,2934,0.00002934,fee increase needed to hold nominal RIN/block revenue unchanged
S4,S4,180600000,0.00331434,0.00328526,2908,0.00002908,fee increase needed to hold nominal RIN/block revenue unchanged
S4,S4,180810000,0.00328526,0.00325644,2882,0.00002882,fee increase needed to hold nominal RIN/block revenue unchanged
S4,S4,181020000,0.00325644,0.00322787,2857,0.00002857,fee increase needed to hold nominal RIN/block revenue unchanged
S4,S4,181230000,0.00322787,0.00319955,2832,0.00002832,fee increase needed to hold nominal RIN/block revenue unchanged
S4,S4,181440000,0.00319955,0.00317148,2807,0.00002807,fee increase needed to hold nominal RIN/block revenue unchanged
S4,S4,181650000,0.00317148,0.00314366,2782,0.00002782,fee increase needed to hold nominal RIN/block revenue unchanged
S4,S4,181860000,0.00314366,0.00311608,2758,0.00002758,fee increase needed to hold nominal RIN/block revenue unchanged
S4,S4,182070000,0.00311608,0.00308874,2734,0.00002734,fee increase needed to hold nominal RIN/block revenue unchanged
S4,S4,182280000,0.00308874,0.00306164,2710,0.00002710,fee increase needed to hold nominal RIN/block revenue unchanged
S4,S4,182490000,0.00306164,0.00303478,2686,0.00002686,fee increase needed to hold nominal RIN/block revenue unchanged
S4,S4,182700000,0.00303478,0.00300815,2663,0.00002663,fee increase needed to hold nominal RIN/block revenue unchanged
S4,S4,182910000,0.00300815,0.00298176,2639,0.00002639,fee increase needed to hold nominal RIN/block revenue unchanged
S4,S4,183120000,0.00298176,0.00295560,2616,0.00002616,fee increase needed to hold nominal RIN/block revenue unchanged
S4,S4,183330000,0.00295560,0.00292967,2593,0.00002593,fee increase needed to hold nominal RIN/block revenue unchanged
S4,S4,183540000,0.00292967,0.00290397,2570,0.00002570,fee increase needed to hold nominal RIN/block revenue unchanged
S4,S4,183750000,0.00290397,0.00287849,2548,0.00002548,fee increase needed to hold nominal RIN/block revenue unchanged
S4,S4,183960000,0.00287849,0.00285324,2525,0.00002525,fee increase needed to hold nominal RIN/block revenue unchanged
S4,S4,184170000,0.00285324,0.00282821,2503,0.00002503,fee increase needed to hold nominal RIN/block revenue unchanged
S4,S4,184380000,0.00282821,0.00280340,2481,0.00002481,fee increase needed to hold nominal RIN/block revenue unchanged
S4,S4,184590000,0.00280340,0.00277880,2460,0.00002460,fee increase needed to hold nominal RIN/block revenue unchanged
S4,S4,184800000,0.00277880,0.00275442,2438,0.00002438,fee increase needed to hold nominal RIN/block revenue unchanged
S4,S4,185010000,0.00275442,0.00273025,2417,0.00002417,fee increase needed to hold nominal RIN/block revenue unchanged
S4,S4,185220000,0.00273025,0.00270630,2395,0.00002395,fee increase needed to hold nominal RIN/block revenue unchanged
S4,S4,185430000,0.00270630,0.00268256,2374,0.00002374,fee increase needed to hold nominal RIN/block revenue unchanged
S4,S4,185640000,0.00268256,0.00265902,2354,0.00002354,fee increase needed to hold nominal RIN/block revenue unchanged
S4,S4,185850000,0.00265902,0.00263569,2333,0.00002333,fee increase needed to hold nominal RIN/block revenue unchanged
S4,S4,186060000,0.00263569,0.00261256,2313,0.00002313,fee increase needed to hold nominal RIN/block revenue unchanged
S4,S4,186270000,0.00261256,0.00258964,2292,0.00002292,fee increase needed to hold nominal RIN/block revenue unchanged
S4,S4,186480000,0.00258964,0.00256692,2272,0.00002272,fee increase needed to hold nominal RIN/block revenue unchanged
S4,S4,186690000,0.00256692,0.00254440,2252,0.00002252,fee increase needed to hold nominal RIN/block revenue unchanged
S4,S4,186900000,0.00254440,0.00252208,2232,0.00002232,fee increase needed to hold nominal RIN/block revenue unchanged
S4,S4,187110000,0.00252208,0.00249995,2213,0.00002213,fee increase needed to hold nominal RIN/block revenue unchanged
S4,S4,187320000,0.00249995,0.00247802,2193,0.00002193,fee increase needed to hold nominal RIN/block revenue unchanged
S4,S4,187530000,0.00247802,0.00245628,2174,0.00002174,fee increase needed to hold nominal RIN/block revenue unchanged
S4,S4,187740000,0.00245628,0.00243473,2155,0.00002155,fee increase needed to hold nominal RIN/block revenue unchanged
S4,S4,187950000,0.00243473,0.00241337,2136,0.00002136,fee increase needed to hold nominal RIN/block revenue unchanged
S4,S4,188160000,0.00241337,0.00239220,2117,0.00002117,fee increase needed to hold nominal RIN/block revenue unchanged
S4,S4,188370000,0.00239220,0.00237121,2099,0.00002099,fee increase needed to hold nominal RIN/block revenue unchanged
S4,S4,188580000,0.00237121,0.00235040,2081,0.00002081,fee increase needed to hold nominal RIN/block revenue unchanged
S4,S4,188790000,0.00235040,0.00232978,2062,0.00002062,fee increase needed to hold nominal RIN/block revenue unchanged
S4,S4,189000000,0.00232978,0.00230934,2044,0.00002044,fee increase needed to hold nominal RIN/block revenue unchanged
S4,S4,189210000,0.00230934,0.00228908,2026,0.00002026,fee increase needed to hold nominal RIN/block revenue unchanged
S4,S4,189420000,0.00228908,0.00226900,2008,0.00002008,fee increase needed to hold nominal RIN/block revenue unchanged
S4,S4,189630000,0.00226900,0.00224909,1991,0.00001991,fee increase needed to hold nominal RIN/block revenue unchanged
S4,S4,189840000,0.00224909,0.00222936,1973,0.00001973,fee increase needed to hold nominal RIN/block revenue unchanged
S4,S4,190050000,0.00222936,0.00220980,1956,0.00001956,fee increase needed to hold nominal RIN/block revenue unchanged
S4,S4,190260000,0.00220980,0.00219041,1939,0.00001939,fee increase needed to hold nominal RIN/block revenue unchanged
S4,S4,190470000,0.00219041,0.00217119,1922,0.00001922,fee increase needed to hold nominal RIN/block revenue unchanged
S4,S4,190680000,0.00217119,0.00215214,1905,0.00001905,fee increase needed to hold nominal RIN/block revenue unchanged
S4,S4,190890000,0.00215214,0.00213326,1888,0.00001888,fee increase needed to hold nominal RIN/block revenue unchanged
S4,S4,191100000,0.00213326,0.00211454,1872,0.00001872,fee increase needed to hold nominal RIN/block revenue unchanged
S4,S4,191310000,0.00211454,0.00209599,1855,0.00001855,fee increase needed to hold nominal RIN/block revenue unchanged
S4,S4,191520000,0.00209599,0.00207760,1839,0.00001839,fee increase needed to hold nominal RIN/block revenue unchanged
S4,S4,191730000,0.00207760,0.00205937,1823,0.00001823,fee increase needed to hold nominal RIN/block revenue unchanged
S4,S4,191940000,0.00205937,0.00204130,1807,0.00001807,fee increase needed to hold nominal RIN/block revenue unchanged
S4,S4,192150000,0.00204130,0.00202339,1791,0.00001791,fee increase needed to hold nominal RIN/block revenue unchanged
S4,S4,192360000,0.00202339,0.00200564,1775,0.00001775,fee increase needed to hold nominal RIN/block revenue unchanged
S4,S4,192570000,0.00200564,0.00198804,1760,0.00001760,fee increase needed to hold nominal RIN/block revenue unchanged
S4,S4,192780000,0.00198804,0.00197060,1744,0.00001744,fee increase needed to hold nominal RIN/block revenue unchanged
S4,S4,192990000,0.00197060,0.00195331,1729,0.00001729,fee increase needed to hold nominal RIN/block revenue unchanged
S4,S4,193200000,0.00195331,0.00193617,1714,0.00001714,fee increase needed to hold nominal RIN/block revenue unchanged
S4,S4,193410000,0.00193617,0.00191918,1699,0.00001699,fee increase needed to hold nominal RIN/block revenue unchanged
S4,S4,193620000,0.00191918,0.00190234,1684,0.00001684,fee increase needed to hold nominal RIN/block revenue unchanged
S4,S4,193830000,0.00190234,0.00188565,1669,0.00001669,fee increase needed to hold nominal RIN/block revenue unchanged
S4,S4,194040000,0.00188565,0.00186910,1655,0.00001655,fee increase needed to hold nominal RIN/block revenue unchanged
S4,S4,194250000,0.00186910,0.00185270,1640,0.00001640,fee increase needed to hold nominal RIN/block revenue unchanged
S4,S4,194460000,0.00185270,0.00183644,1626,0.00001626,fee increase needed to hold nominal RIN/block revenue unchanged
S4,S4,194670000,0.00183644,0.00182033,1611,0.00001611,fee increase needed to hold nominal RIN/block revenue unchanged
S4,S4,194880000,0.00182033,0.00180436,1597,0.00001597,fee increase needed to hold nominal RIN/block revenue unchanged
S4,S4,195090000,0.00180436,0.00178853,1583,0.00001583,fee increase needed to hold nominal RIN/block revenue unchanged
S4,S4,195300000,0.00178853,0.00177284,1569,0.00001569,fee increase needed to hold nominal RIN/block revenue unchanged
S4,S4,195510000,0.00177284,0.00175728,1556,0.00001556,fee increase needed to hold nominal RIN/block revenue unchanged
S4,S4,195720000,0.00175728,0.00174186,1542,0.00001542,fee increase needed to hold nominal RIN/block revenue unchanged
S4,S4,195930000,0.00174186,0.00172658,1528,0.00001528,fee increase needed to hold nominal RIN/block revenue unchanged
S4,S4,196140000,0.00172658,0.00171143,1515,0.00001515,fee increase needed to hold nominal RIN/block revenue unchanged
S4,S4,196350000,0.00171143,0.00169641,1502,0.00001502,fee increase needed to hold nominal RIN/block revenue unchanged
S4,S4,196560000,0.00169641,0.00168152,1489,0.00001489,fee increase needed to hold nominal RIN/block revenue unchanged
S4,S4,196770000,0.00168152,0.00166676,1476,0.00001476,fee increase needed to hold nominal RIN/block revenue unchanged
S4,S4,196980000,0.00166676,0.00165213,1463,0.00001463,fee increase needed to hold nominal RIN/block revenue unchanged
S4,S4,197190000,0.00165213,0.00163763,1450,0.00001450,fee increase needed to hold nominal RIN/block revenue unchanged
S4,S4,197400000,0.00163763,0.00162326,1437,0.00001437,fee increase needed to hold nominal RIN/block revenue unchanged
S4,S4,197610000,0.00162326,0.00160902,1424,0.00001424,fee increase needed to hold nominal RIN/block revenue unchanged
S4,S4,197820000,0.00160902,0.00159490,1412,0.00001412,fee increase needed to hold nominal RIN/block revenue unchanged
S4,S4,198030000,0.00159490,0.00158090,1400,0.00001400,fee increase needed to hold nominal RIN/block revenue unchanged
S4,S4,198240000,0.00158090,0.00156703,1387,0.00001387,fee increase needed to hold nominal RIN/block revenue unchanged
S4,S4,198450000,0.00156703,0.00155328,1375,0.00001375,fee increase needed to hold nominal RIN/block revenue unchanged
S4,S4,198660000,0.00155328,0.00153965,1363,0.00001363,fee increase needed to hold nominal RIN/block revenue unchanged
S4,S4,198870000,0.00153965,0.00152614,1351,0.00001351,fee increase needed to hold nominal RIN/block revenue unchanged
S4,S4,199080000,0.00152614,0.00151275,1339,0.00001339,fee increase needed to hold nominal RIN/block revenue unchanged
S4,S4,199290000,0.00151275,0.00149948,1327,0.00001327,fee increase needed to hold nominal RIN/block revenue unchanged
S4,S4,199500000,0.00149948,0.00148632,1316,0.00001316,fee increase needed to hold nominal RIN/block revenue unchanged
S4,S4,199710000,0.00148632,0.00147328,1304,0.00001304,fee increase needed to hold nominal RIN/block revenue unchanged
S4,S4,199920000,0.00147328,0.00146035,1293,0.00001293,fee increase needed to hold nominal RIN/block revenue unchanged
S4,S4,200130000,0.00146035,0.00144753,1282,0.00001282,fee increase needed to hold nominal RIN/block revenue unchanged
S4,S4,200340000,0.00144753,0.00143483,1270,0.00001270,fee increase needed to hold nominal RIN/block revenue unchanged
S4,S4,200550000,0.00143483,0.00142224,1259,0.00001259,fee increase needed to hold nominal RIN/block revenue unchanged
S4,S4,200760000,0.00142224,0.00140976,1248,0.00001248,fee increase needed to hold nominal RIN/block revenue unchanged
S4,S4,200970000,0.00140976,0.00139739,1237,0.00001237,fee increase needed to hold nominal RIN/block revenue unchanged
S4,S4,201180000,0.00139739,0.00138513,1226,0.00001226,fee increase needed to hold nominal RIN/block revenue unchanged
S4,S4,201390000,0.00138513,0.00137297,1216,0.00001216,fee increase needed to hold nominal RIN/block revenue unchanged
S4,S4,201600000,0.00137297,0.00136092,1205,0.00001205,fee increase needed to hold nominal RIN/block revenue unchanged
S4,S4,201810000,0.00136092,0.00134898,1194,0.00001194,fee increase needed to hold nominal RIN/block revenue unchanged
S4,S4,202020000,0.00134898,0.00133714,1184,0.00001184,fee increase needed to hold nominal RIN/block revenue unchanged
S4,S4,202230000,0.00133714,0.00132541,1173,0.00001173,fee increase needed to hold nominal RIN/block revenue unchanged
S4,S4,202440000,0.00132541,0.00131378,1163,0.00001163,fee increase needed to hold nominal RIN/block revenue unchanged
S4,S4,202650000,0.00131378,0.00130225,1153,0.00001153,fee increase needed to hold nominal RIN/block revenue unchanged
S4,S4,202860000,0.00130225,0.00129082,1143,0.00001143,fee increase needed to hold nominal RIN/block revenue unchanged
S4,S4,203070000,0.00129082,0.00127949,1133,0.00001133,fee increase needed to hold nominal RIN/block revenue unchanged
S4,S4,203280000,0.00127949,0.00126826,1123,0.00001123,fee increase needed to hold nominal RIN/block revenue unchanged
S4,S4,203490000,0.00126826,0.00125713,1113,0.00001113,fee increase needed to hold nominal RIN/block revenue unchanged
S4,S4,203700000,0.00125713,0.00124610,1103,0.00001103,fee increase needed to hold nominal RIN/block revenue unchanged
S4,S4,203910000,0.00124610,0.00123516,1094,0.00001094,fee increase needed to hold nominal RIN/block revenue unchanged
S4,S4,204120000,0.00123516,0.00122432,1084,0.00001084,fee increase needed to hold nominal RIN/block revenue unchanged
S4,S4,204330000,0.00122432,0.00121358,1074,0.00001074,fee increase needed to hold nominal RIN/block revenue unchanged
S4,S4,204540000,0.00121358,0.00120293,1065,0.00001065,fee increase needed to hold nominal RIN/block revenue unchanged
S4,S4,204750000,0.00120293,0.00119237,1056,0.00001056,fee increase needed to hold nominal RIN/block revenue unchanged
S4,S4,204960000,0.00119237,0.00118191,1046,0.00001046,fee increase needed to hold nominal RIN/block revenue unchanged
S4,S4,205170000,0.00118191,0.00117154,1037,0.00001037,fee increase needed to hold nominal RIN/block revenue unchanged
S4,S4,205380000,0.00117154,0.00116126,1028,0.00001028,fee increase needed to hold nominal RIN/block revenue unchanged
S4,S4,205590000,0.00116126,0.00115107,1019,0.00001019,fee increase needed to hold nominal RIN/block revenue unchanged
S4,S4,205800000,0.00115107,0.00114097,1010,0.00001010,fee increase needed to hold nominal RIN/block revenue unchanged
S4,S4,206010000,0.00114097,0.00113096,1001,0.00001001,fee increase needed to hold nominal RIN/block revenue unchanged
S4,S4,206220000,0.00113096,0.00112103,993,0.00000993,fee increase needed to hold nominal RIN/block revenue unchanged
S4,S4,206430000,0.00112103,0.00111119,984,0.00000984,fee increase needed to hold nominal RIN/block revenue unchanged
S4,S4,206640000,0.00111119,0.00110144,975,0.00000975,fee increase needed to hold nominal RIN/block revenue unchanged
S4,S4,206850000,0.00110144,0.00109177,967,0.00000967,fee increase needed to hold nominal RIN/block revenue unchanged
S4,S4,207060000,0.00109177,0.00108219,958,0.00000958,fee increase needed to hold nominal RIN/block revenue unchanged
S4,S4,207270000,0.00108219,0.00107269,950,0.00000950,fee increase needed to hold nominal RIN/block revenue unchanged
S4,S4,207480000,0.00107269,0.00106328,941,0.00000941,fee increase needed to hold nominal RIN/block revenue unchanged
S4,S4,207690000,0.00106328,0.00105395,933,0.00000933,fee increase needed to hold nominal RIN/block revenue unchanged
S4,S4,207900000,0.00105395,0.00104470,925,0.00000925,fee increase needed to hold nominal RIN/block revenue unchanged
S4,S4,208110000,0.00104470,0.00103553,917,0.00000917,fee increase needed to hold nominal RIN/block revenue unchanged
S4,S4,208320000,0.00103553,0.00102644,909,0.00000909,fee increase needed to hold nominal RIN/block revenue unchanged
S4,S4,208530000,0.00102644,0.00101743,901,0.00000901,fee increase needed to hold nominal RIN/block revenue unchanged
S4,S4,208740000,0.00101743,0.00100850,893,0.00000893,fee increase needed to hold nominal RIN/block revenue unchanged
S4,S4,208950000,0.00100850,0.00099965,885,0.00000885,fee increase needed to hold nominal RIN/block revenue unchanged
S4,S4,209160000,0.00099965,0.00099088,877,0.00000877,fee increase needed to hold nominal RIN/block revenue unchanged
S4,S4,209370000,0.00099088,0.00098218,870,0.00000870,fee increase needed to hold nominal RIN/block revenue unchanged
S4,S4,209580000,0.00098218,0.00097356,862,0.00000862,fee increase needed to hold nominal RIN/block revenue unchanged
S4,S4,209790000,0.00097356,0.00096502,854,0.00000854,fee increase needed to hold nominal RIN/block revenue unchanged
S4,S4,210000000,0.00096502,0.00095655,847,0.00000847,fee increase needed to hold nominal RIN/block revenue unchanged
S4,S4,210210000,0.00095655,0.00094815,840,0.00000840,fee increase needed to hold nominal RIN/block revenue unchanged
S4,S4,210420000,0.00094815,0.00093983,832,0.00000832,fee increase needed to hold nominal RIN/block revenue unchanged
S4,S4,210630000,0.00093983,0.00093158,825,0.00000825,fee increase needed to hold nominal RIN/block revenue unchanged
S4,S4,210840000,0.00093158,0.00092340,818,0.00000818,fee increase needed to hold nominal RIN/block revenue unchanged
S4,S4,211050000,0.00092340,0.00091530,810,0.00000810,fee increase needed to hold nominal RIN/block revenue unchanged
S4,S4,211260000,0.00091530,0.00090727,803,0.00000803,fee increase needed to hold nominal RIN/block revenue unchanged
S4,S4,211470000,0.00090727,0.00089931,796,0.00000796,fee increase needed to hold nominal RIN/block revenue unchanged
S4,S4,211680000,0.00089931,0.00089142,789,0.00000789,fee increase needed to hold nominal RIN/block revenue unchanged
S4,S4,211890000,0.00089142,0.00088360,782,0.00000782,fee increase needed to hold nominal RIN/block revenue unchanged
S4,S4,212100000,0.00088360,0.00087584,776,0.00000776,fee increase needed to hold nominal RIN/block revenue unchanged
S4,S4,212310000,0.00087584,0.00086815,769,0.00000769,fee increase needed to hold nominal RIN/block revenue unchanged
S4,S4,212520000,0.00086815,0.00086053,762,0.00000762,fee increase needed to hold nominal RIN/block revenue unchanged
S4,S4,212730000,0.00086053,0.00085298,755,0.00000755,fee increase needed to hold nominal RIN/block revenue unchanged
S4,S4,212940000,0.00085298,0.00084549,749,0.00000749,fee increase needed to hold nominal RIN/block revenue unchanged
S4,S4,213150000,0.00084549,0.00083807,742,0.00000742,fee increase needed to hold nominal RIN/block revenue unchanged
S4,S4,213360000,0.00083807,0.00083071,736,0.00000736,fee increase needed to hold nominal RIN/block revenue unchanged
S4,S4,213570000,0.00083071,0.00082342,729,0.00000729,fee increase needed to hold nominal RIN/block revenue unchanged
S4,S4,213780000,0.00082342,0.00081619,723,0.00000723,fee increase needed to hold nominal RIN/block revenue unchanged
S4,S4,213990000,0.00081619,0.00080903,716,0.00000716,fee increase needed to hold nominal RIN/block revenue unchanged
S4,S4,214200000,0.00080903,0.00080193,710,0.00000710,fee increase needed to hold nominal RIN/block revenue unchanged
S4,S4,214410000,0.00080193,0.00079489,704,0.00000704,fee increase needed to hold nominal RIN/block revenue unchanged
S4,S4,214620000,0.00079489,0.00078791,698,0.00000698,fee increase needed to hold nominal RIN/block revenue unchanged
S4,S4,214830000,0.00078791,0.00078099,692,0.00000692,fee increase needed to hold nominal RIN/block revenue unchanged
S4,S4,215040000,0.00078099,0.00077413,686,0.00000686,fee increase needed to hold nominal RIN/block revenue unchanged
S4,S4,215250000,0.00077413,0.00076733,680,0.00000680,fee increase needed to hold nominal RIN/block revenue unchanged
S4,S4,215460000,0.00076733,0.00076059,674,0.00000674,fee increase needed to hold nominal RIN/block revenue unchanged
S4,S4,215670000,0.00076059,0.00075391,668,0.00000668,fee increase needed to hold nominal RIN/block revenue unchanged
S4,S4,215880000,0.00075391,0.00074729,662,0.00000662,fee increase needed to hold nominal RIN/block revenue unchanged
S4,S4,216090000,0.00074729,0.00074073,656,0.00000656,fee increase needed to hold nominal RIN/block revenue unchanged
S4,S4,216300000,0.00074073,0.00073423,650,0.00000650,fee increase needed to hold nominal RIN/block revenue unchanged
S4,S4,216510000,0.00073423,0.00072778,645,0.00000645,fee increase needed to hold nominal RIN/block revenue unchanged
S4,S4,216720000,0.00072778,0.00072139,639,0.00000639,fee increase needed to hold nominal RIN/block revenue unchanged
S4,S4,216930000,0.00072139,0.00071506,633,0.00000633,fee increase needed to hold nominal RIN/block revenue unchanged
S4,S4,217140000,0.00071506,0.00070878,628,0.00000628,fee increase needed to hold nominal RIN/block revenue unchanged
S4,S4,217350000,0.00070878,0.00070256,622,0.00000622,fee increase needed to hold nominal RIN/block revenue unchanged
S4,S4,217560000,0.00070256,0.00069639,617,0.00000617,fee increase needed to hold nominal RIN/block revenue unchanged
S4,S4,217770000,0.00069639,0.00069028,611,0.00000611,fee increase needed to hold nominal RIN/block revenue unchanged
S4,S4,217980000,0.00069028,0.00068422,606,0.00000606,fee increase needed to hold nominal RIN/block revenue unchanged
S4,S4,218190000,0.00068422,0.00067821,601,0.00000601,fee increase needed to hold nominal RIN/block revenue unchanged
S4,S4,218400000,0.00067821,0.00067226,595,0.00000595,fee increase needed to hold nominal RIN/block revenue unchanged
S4,S4,218610000,0.00067226,0.00066636,590,0.00000590,fee increase needed to hold nominal RIN/block revenue unchanged
S4,S4,218820000,0.00066636,0.00066051,585,0.00000585,fee increase needed to hold nominal RIN/block revenue unchanged
S4,S4,219030000,0.00066051,0.00065471,580,0.00000580,fee increase needed to hold nominal RIN/block revenue unchanged
S4,S4,219240000,0.00065471,0.00064896,575,0.00000575,fee increase needed to hold nominal RIN/block revenue unchanged
S4,S4,219450000,0.00064896,0.00064326,570,0.00000570,fee increase needed to hold nominal RIN/block revenue unchanged
S4,S4,219660000,0.00064326,0.00063761,565,0.00000565,fee increase needed to hold nominal RIN/block revenue unchanged
S4,S4,219870000,0.00063761,0.00063201,560,0.00000560,fee increase needed to hold nominal RIN/block revenue unchanged
S4,S4,220080000,0.00063201,0.00062646,555,0.00000555,fee increase needed to hold nominal RIN/block revenue unchanged
S4,S4,220290000,0.00062646,0.00062096,550,0.00000550,fee increase needed to hold nominal RIN/block revenue unchanged
S4,S4,220500000,0.00062096,0.00061551,545,0.00000545,fee increase needed to hold nominal RIN/block revenue unchanged
S4,S4,220710000,0.00061551,0.00061011,540,0.00000540,fee increase needed to hold nominal RIN/block revenue unchanged
S4,S4,220920000,0.00061011,0.00060475,536,0.00000536,fee increase needed to hold nominal RIN/block revenue unchanged
S4,S4,221130000,0.00060475,0.00059944,531,0.00000531,fee increase needed to hold nominal RIN/block revenue unchanged
S4,S4,221340000,0.00059944,0.00059418,526,0.00000526,fee increase needed to hold nominal RIN/block revenue unchanged
S4,S4,221550000,0.00059418,0.00058896,522,0.00000522,fee increase needed to hold nominal RIN/block revenue unchanged
S4,S4,221760000,0.00058896,0.00058379,517,0.00000517,fee increase needed to hold nominal RIN/block revenue unchanged
S4,S4,221970000,0.00058379,0.00057866,513,0.00000513,fee increase needed to hold nominal RIN/block revenue unchanged
S4,S4,222180000,0.00057866,0.00057358,508,0.00000508,fee increase needed to hold nominal RIN/block revenue unchanged
S4,S4,222390000,0.00057358,0.00056854,504,0.00000504,fee increase needed to hold nominal RIN/block revenue unchanged
S4,S4,222600000,0.00056854,0.00056355,499,0.00000499,fee increase needed to hold nominal RIN/block revenue unchanged
S4,S4,222810000,0.00056355,0.00055860,495,0.00000495,fee increase needed to hold nominal RIN/block revenue unchanged
S4,S4,223020000,0.00055860,0.00055370,490,0.00000490,fee increase needed to hold nominal RIN/block revenue unchanged
S4,S4,223230000,0.00055370,0.00054884,486,0.00000486,fee increase needed to hold nominal RIN/block revenue unchanged
S4,S4,223440000,0.00054884,0.00054402,482,0.00000482,fee increase needed to hold nominal RIN/block revenue unchanged
S4,S4,223650000,0.00054402,0.00053924,478,0.00000478,fee increase needed to hold nominal RIN/block revenue unchanged
S4,S4,223860000,0.00053924,0.00053450,474,0.00000474,fee increase needed to hold nominal RIN/block revenue unchanged
S4,S4,224070000,0.00053450,0.00052981,469,0.00000469,fee increase needed to hold nominal RIN/block revenue unchanged
S4,S4,224280000,0.00052981,0.00052516,465,0.00000465,fee increase needed to hold nominal RIN/block revenue unchanged
S4,S4,224490000,0.00052516,0.00052055,461,0.00000461,fee increase needed to hold nominal RIN/block revenue unchanged
S4,S4,224700000,0.00052055,0.00051598,457,0.00000457,fee increase needed to hold nominal RIN/block revenue unchanged
S4,S4,224910000,0.00051598,0.00051145,453,0.00000453,fee increase needed to hold nominal RIN/block revenue unchanged
S4,S4,225120000,0.00051145,0.00050696,449,0.00000449,fee increase needed to hold nominal RIN/block revenue unchanged
S4,S4,225330000,0.00050696,0.00050251,445,0.00000445,fee increase needed to hold nominal RIN/block revenue unchanged
S4,S4,225540000,0.00050251,0.00049810,441,0.00000441,fee increase needed to hold nominal RIN/block revenue unchanged
S4,S4,225750000,0.00049810,0.00049373,437,0.00000437,fee increase needed to hold nominal RIN/block revenue unchanged
S4,S4,225960000,0.00049373,0.00048939,434,0.00000434,fee increase needed to hold nominal RIN/block revenue unchanged
S4,S4,226170000,0.00048939,0.00048509,430,0.00000430,fee increase needed to hold nominal RIN/block revenue unchanged
S4,S4,226380000,0.00048509,0.00048083,426,0.00000426,fee increase needed to hold nominal RIN/block revenue unchanged
S4,S4,226590000,0.00048083,0.00047661,422,0.00000422,fee increase needed to hold nominal RIN/block revenue unchanged
S4,S4,226800000,0.00047661,0.00047242,419,0.00000419,fee increase needed to hold nominal RIN/block revenue unchanged
S4,S4,227010000,0.00047242,0.00046827,415,0.00000415,fee increase needed to hold nominal RIN/block revenue unchanged
S4,S4,227220000,0.00046827,0.00046416,411,0.00000411,fee increase needed to hold nominal RIN/block revenue unchanged
S4,S4,227430000,0.00046416,0.00046008,408,0.00000408,fee increase needed to hold nominal RIN/block revenue unchanged
S4,S4,227640000,0.00046008,0.00045604,404,0.00000404,fee increase needed to hold nominal RIN/block revenue unchanged
S4,S4,227850000,0.00045604,0.00045203,401,0.00000401,fee increase needed to hold nominal RIN/block revenue unchanged
S4,S4,228060000,0.00045203,0.00044806,397,0.00000397,fee increase needed to hold nominal RIN/block revenue unchanged
S4,S4,228270000,0.00044806,0.00044412,394,0.00000394,fee increase needed to hold nominal RIN/block revenue unchanged
S4,S4,228480000,0.00044412,0.00044022,390,0.00000390,fee increase needed to hold nominal RIN/block revenue unchanged
S4,S4,228690000,0.00044022,0.00043635,387,0.00000387,fee increase needed to hold nominal RIN/block revenue unchanged
S4,S4,228900000,0.00043635,0.00043252,383,0.00000383,fee increase needed to hold nominal RIN/block revenue unchanged
S4,S4,229110000,0.00043252,0.00042872,380,0.00000380,fee increase needed to hold nominal RIN/block revenue unchanged
S4,S4,229320000,0.00042872,0.00042495,377,0.00000377,fee increase needed to hold nominal RIN/block revenue unchanged
S4,S4,229530000,0.00042495,0.00042122,373,0.00000373,fee increase needed to hold nominal RIN/block revenue unchanged
S4,S4,229740000,0.00042122,0.00041752,370,0.00000370,fee increase needed to hold nominal RIN/block revenue unchanged
S4,S4,229950000,0.00041752,0.00041385,367,0.00000367,fee increase needed to hold nominal RIN/block revenue unchanged
S4,S4,230160000,0.00041385,0.00041021,364,0.00000364,fee increase needed to hold nominal RIN/block revenue unchanged
S4,S4,230370000,0.00041021,0.00040661,360,0.00000360,fee increase needed to hold nominal RIN/block revenue unchanged
S4,S4,230580000,0.00040661,0.00040304,357,0.00000357,fee increase needed to hold nominal RIN/block revenue unchanged
S4,S4,230790000,0.00040304,0.00039950,354,0.00000354,fee increase needed to hold nominal RIN/block revenue unchanged
S4,S4,231000000,0.00039950,0.00039599,351,0.00000351,fee increase needed to hold nominal RIN/block revenue unchanged
S4,S4,231210000,0.00039599,0.00039251,348,0.00000348,fee increase needed to hold nominal RIN/block revenue unchanged
S4,S4,231420000,0.00039251,0.00038906,345,0.00000345,fee increase needed to hold nominal RIN/block revenue unchanged
S4,S4,231630000,0.00038906,0.00038564,342,0.00000342,fee increase needed to hold nominal RIN/block revenue unchanged
S4,S4,231840000,0.00038564,0.00038225,339,0.00000339,fee increase needed to hold nominal RIN/block revenue unchanged
S4,S4,232050000,0.00038225,0.00037889,336,0.00000336,fee increase needed to hold nominal RIN/block revenue unchanged
S4,S4,232260000,0.00037889,0.00037556,333,0.00000333,fee increase needed to hold nominal RIN/block revenue unchanged
S4,S4,232470000,0.00037556,0.00037226,330,0.00000330,fee increase needed to hold nominal RIN/block revenue unchanged
S4,S4,232680000,0.00037226,0.00036899,327,0.00000327,fee increase needed to hold nominal RIN/block revenue unchanged
S4,S4,232890000,0.00036899,0.00036575,324,0.00000324,fee increase needed to hold nominal RIN/block revenue unchanged
S4,S4,233100000,0.00036575,0.00036254,321,0.00000321,fee increase needed to hold nominal RIN/block revenue unchanged
S4,S4,233310000,0.00036254,0.00035935,319,0.00000319,fee increase needed to hold nominal RIN/block revenue unchanged
S4,S4,233520000,0.00035935,0.00035619,316,0.00000316,fee increase needed to hold nominal RIN/block revenue unchanged
S4,S4,233730000,0.00035619,0.00035306,313,0.00000313,fee increase needed to hold nominal RIN/block revenue unchanged
S4,S4,233940000,0.00035306,0.00034996,310,0.00000310,fee increase needed to hold nominal RIN/block revenue unchanged
S4,S4,234150000,0.00034996,0.00034689,307,0.00000307,fee increase needed to hold nominal RIN/block revenue unchanged
S4,S4,234360000,0.00034689,0.00034384,305,0.00000305,fee increase needed to hold nominal RIN/block revenue unchanged
S4,S4,234570000,0.00034384,0.00034082,302,0.00000302,fee increase needed to hold nominal RIN/block revenue unchanged
S4,S4,234780000,0.00034082,0.00033783,299,0.00000299,fee increase needed to hold nominal RIN/block revenue unchanged
S4,S4,234990000,0.00033783,0.00033486,297,0.00000297,fee increase needed to hold nominal RIN/block revenue unchanged
S4,S4,235200000,0.00033486,0.00033192,294,0.00000294,fee increase needed to hold nominal RIN/block revenue unchanged
S4,S4,235410000,0.00033192,0.00032900,292,0.00000292,fee increase needed to hold nominal RIN/block revenue unchanged
S4,S4,235620000,0.00032900,0.00032611,289,0.00000289,fee increase needed to hold nominal RIN/block revenue unchanged
S4,S4,235830000,0.00032611,0.00032324,287,0.00000287,fee increase needed to hold nominal RIN/block revenue unchanged
S4,S4,236040000,0.00032324,0.00032040,284,0.00000284,fee increase needed to hold nominal RIN/block revenue unchanged
S4,S4,236250000,0.00032040,0.00031758,282,0.00000282,fee increase needed to hold nominal RIN/block revenue unchanged
S4,S4,236460000,0.00031758,0.00031479,279,0.00000279,fee increase needed to hold nominal RIN/block revenue unchanged
S4,S4,236670000,0.00031479,0.00031202,277,0.00000277,fee increase needed to hold nominal RIN/block revenue unchanged
S4,S4,236880000,0.00031202,0.00030928,274,0.00000274,fee increase needed to hold nominal RIN/block revenue unchanged
S4,S4,237090000,0.00030928,0.00030656,272,0.00000272,fee increase needed to hold nominal RIN/block revenue unchanged
S4,S4,237300000,0.00030656,0.00030387,269,0.00000269,fee increase needed to hold nominal RIN/block revenue unchanged
S4,S4,237510000,0.00030387,0.00030120,267,0.00000267,fee increase needed to hold nominal RIN/block revenue unchanged
S4,S4,237720000,0.00030120,0.00029855,265,0.00000265,fee increase needed to hold nominal RIN/block revenue unchanged
S4,S4,237930000,0.00029855,0.00029593,262,0.00000262,fee increase needed to hold nominal RIN/block revenue unchanged
S4,S4,238140000,0.00029593,0.00029333,260,0.00000260,fee increase needed to hold nominal RIN/block revenue unchanged
S4,S4,238350000,0.00029333,0.00029075,258,0.00000258,fee increase needed to hold nominal RIN/block revenue unchanged
S4,S4,238560000,0.00029075,0.00028819,256,0.00000256,fee increase needed to hold nominal RIN/block revenue unchanged
S4,S4,238770000,0.00028819,0.00028566,253,0.00000253,fee increase needed to hold nominal RIN/block revenue unchanged
S4,S4,238980000,0.00028566,0.00028315,251,0.00000251,fee increase needed to hold nominal RIN/block revenue unchanged
S4,S4,239190000,0.00028315,0.00028066,249,0.00000249,fee increase needed to hold nominal RIN/block revenue unchanged
S4,S4,239400000,0.00028066,0.00027819,247,0.00000247,fee increase needed to hold nominal RIN/block revenue unchanged
S4,S4,239610000,0.00027819,0.00027574,245,0.00000245,fee increase needed to hold nominal RIN/block revenue unchanged
S4,S4,239820000,0.00027574,0.00027332,242,0.00000242,fee increase needed to hold nominal RIN/block revenue unchanged
S4,S4,240030000,0.00027332,0.00027092,240,0.00000240,fee increase needed to hold nominal RIN/block revenue unchanged
S4,S4,240240000,0.00027092,0.00026854,238,0.00000238,fee increase needed to hold nominal RIN/block revenue unchanged
S4,S4,240450000,0.00026854,0.00026618,236,0.00000236,fee increase needed to hold nominal RIN/block revenue unchanged
S4,S4,240660000,0.00026618,0.00026384,234,0.00000234,fee increase needed to hold nominal RIN/block revenue unchanged
S4,S4,240870000,0.00026384,0.00026152,232,0.00000232,fee increase needed to hold nominal RIN/block revenue unchanged
S4,S4,241080000,0.00026152,0.00025922,230,0.00000230,fee increase needed to hold nominal RIN/block revenue unchanged
S4,S4,241290000,0.00025922,0.00025694,228,0.00000228,fee increase needed to hold nominal RIN/block revenue unchanged
S4,S4,241500000,0.00025694,0.00025468,226,0.00000226,fee increase needed to hold nominal RIN/block revenue unchanged
S4,S4,241710000,0.00025468,0.00025244,224,0.00000224,fee increase needed to hold nominal RIN/block revenue unchanged
S4,S4,241920000,0.00025244,0.00025022,222,0.00000222,fee increase needed to hold nominal RIN/block revenue unchanged
S4,S4,242130000,0.00025022,0.00024802,220,0.00000220,fee increase needed to hold nominal RIN/block revenue unchanged
S4,S4,242340000,0.00024802,0.00024584,218,0.00000218,fee increase needed to hold nominal RIN/block revenue unchanged
S4,S4,242550000,0.00024584,0.00024368,216,0.00000216,fee increase needed to hold nominal RIN/block revenue unchanged
S4,S4,242760000,0.00024368,0.00024154,214,0.00000214,fee increase needed to hold nominal RIN/block revenue unchanged
S4,S4,242970000,0.00024154,0.00023942,212,0.00000212,fee increase needed to hold nominal RIN/block revenue unchanged
S4,S4,243180000,0.00023942,0.00023731,211,0.00000211,fee increase needed to hold nominal RIN/block revenue unchanged
S4,S4,243390000,0.00023731,0.00023522,209,0.00000209,fee increase needed to hold nominal RIN/block revenue unchanged
S4,S4,243600000,0.00023522,0.00023315,207,0.00000207,fee increase needed to hold nominal RIN/block revenue unchanged
S4,S4,243810000,0.00023315,0.00023110,205,0.00000205,fee increase needed to hold nominal RIN/block revenue unchanged
S4,S4,244020000,0.00023110,0.00022907,203,0.00000203,fee increase needed to hold nominal RIN/block revenue unchanged
S4,S4,244230000,0.00022907,0.00022706,201,0.00000201,fee increase needed to hold nominal RIN/block revenue unchanged
S4,S4,244440000,0.00022706,0.00022506,200,0.00000200,fee increase needed to hold nominal RIN/block revenue unchanged
S4,S4,244650000,0.00022506,0.00022308,198,0.00000198,fee increase needed to hold nominal RIN/block revenue unchanged
S4,S4,244860000,0.00022308,0.00022112,196,0.00000196,fee increase needed to hold nominal RIN/block revenue unchanged
S4,S4,245070000,0.00022112,0.00021918,194,0.00000194,fee increase needed to hold nominal RIN/block revenue unchanged
S4,S4,245280000,0.00021918,0.00021725,193,0.00000193,fee increase needed to hold nominal RIN/block revenue unchanged
S4,S4,245490000,0.00021725,0.00021534,191,0.00000191,fee increase needed to hold nominal RIN/block revenue unchanged
S4,S4,245700000,0.00021534,0.00021345,189,0.00000189,fee increase needed to hold nominal RIN/block revenue unchanged
S4,S4,245910000,0.00021345,0.00021157,188,0.00000188,fee increase needed to hold nominal RIN/block revenue unchanged
S4,S4,246120000,0.00021157,0.00020971,186,0.00000186,fee increase needed to hold nominal RIN/block revenue unchanged
S4,S4,246330000,0.00020971,0.00020787,184,0.00000184,fee increase needed to hold nominal RIN/block revenue unchanged
S4,S4,246540000,0.00020787,0.00020604,183,0.00000183,fee increase needed to hold nominal RIN/block revenue unchanged
S4,S4,246750000,0.00020604,0.00020423,181,0.00000181,fee increase needed to hold nominal RIN/block revenue unchanged
S4,S4,246960000,0.00020423,0.00020243,180,0.00000180,fee increase needed to hold nominal RIN/block revenue unchanged
S4,S4,247170000,0.00020243,0.00020065,178,0.00000178,fee increase needed to hold nominal RIN/block revenue unchanged
S4,S4,247380000,0.00020065,0.00019888,177,0.00000177,fee increase needed to hold nominal RIN/block revenue unchanged
S4,S4,247590000,0.00019888,0.00019713,175,0.00000175,fee increase needed to hold nominal RIN/block revenue unchanged
S4,S4,247800000,0.00019713,0.00019540,173,0.00000173,fee increase needed to hold nominal RIN/block revenue unchanged
S4,S4,248010000,0.00019540,0.00019368,172,0.00000172,fee increase needed to hold nominal RIN/block revenue unchanged
S4,S4,248220000,0.00019368,0.00019198,170,0.00000170,fee increase needed to hold nominal RIN/block revenue unchanged
S4,S4,248430000,0.00019198,0.00019029,169,0.00000169,fee increase needed to hold nominal RIN/block revenue unchanged
S4,S4,248640000,0.00019029,0.00018862,167,0.00000167,fee increase needed to hold nominal RIN/block revenue unchanged
S4,S4,248850000,0.00018862,0.00018696,166,0.00000166,fee increase needed to hold nominal RIN/block revenue unchanged
S4,S4,249060000,0.00018696,0.00018532,164,0.00000164,fee increase needed to hold nominal RIN/block revenue unchanged
S4,S4,249270000,0.00018532,0.00018369,163,0.00000163,fee increase needed to hold nominal RIN/block revenue unchanged
S4,S4,249480000,0.00018369,0.00018207,162,0.00000162,fee increase needed to hold nominal RIN/block revenue unchanged
S4,S4,249690000,0.00018207,0.00018047,160,0.00000160,fee increase needed to hold nominal RIN/block revenue unchanged
S4,S4,249900000,0.00018047,0.00017888,159,0.00000159,fee increase needed to hold nominal RIN/block revenue unchanged
S4,S4,250110000,0.00017888,0.00017731,157,0.00000157,fee increase needed to hold nominal RIN/block revenue unchanged
S4,S4,250320000,0.00017731,0.00017575,156,0.00000156,fee increase needed to hold nominal RIN/block revenue unchanged
S4,S4,250530000,0.00017575,0.00017420,155,0.00000155,fee increase needed to hold nominal RIN/block revenue unchanged
S4,S4,250740000,0.00017420,0.00017267,153,0.00000153,fee increase needed to hold nominal RIN/block revenue unchanged
S4,S4,250950000,0.00017267,0.00017115,152,0.00000152,fee increase needed to hold nominal RIN/block revenue unchanged
S4,S4,251160000,0.00017115,0.00016964,151,0.00000151,fee increase needed to hold nominal RIN/block revenue unchanged
S4,S4,251370000,0.00016964,0.00016815,149,0.00000149,fee increase needed to hold nominal RIN/block revenue unchanged
S4,S4,251580000,0.00016815,0.00016667,148,0.00000148,fee increase needed to hold nominal RIN/block revenue unchanged
S4,S4,251790000,0.00016667,0.00016520,147,0.00000147,fee increase needed to hold nominal RIN/block revenue unchanged
S4,S4,252000000,0.00016520,0.00016375,145,0.00000145,fee increase needed to hold nominal RIN/block revenue unchanged
S4,S4,252210000,0.00016375,0.00016231,144,0.00000144,fee increase needed to hold nominal RIN/block revenue unchanged
S4,S4,252420000,0.00016231,0.00016088,143,0.00000143,fee increase needed to hold nominal RIN/block revenue unchanged
S4,S4,252630000,0.00016088,0.00015946,142,0.00000142,fee increase needed to hold nominal RIN/block revenue unchanged
S4,S4,252840000,0.00015946,0.00015806,140,0.00000140,fee increase needed to hold nominal RIN/block revenue unchanged
S4,S4,253050000,0.00015806,0.00015667,139,0.00000139,fee increase needed to hold nominal RIN/block revenue unchanged
S4,S4,253260000,0.00015667,0.00015529,138,0.00000138,fee increase needed to hold nominal RIN/block revenue unchanged
S4,S4,253470000,0.00015529,0.00015392,137,0.00000137,fee increase needed to hold nominal RIN/block revenue unchanged
S4,S4,253680000,0.00015392,0.00015256,136,0.00000136,fee increase needed to hold nominal RIN/block revenue unchanged
S4,S4,253890000,0.00015256,0.00015122,134,0.00000134,fee increase needed to hold nominal RIN/block revenue unchanged
S4,S4,254100000,0.00015122,0.00014989,133,0.00000133,fee increase needed to hold nominal RIN/block revenue unchanged
S4,S4,254310000,0.00014989,0.00014857,132,0.00000132,fee increase needed to hold nominal RIN/block revenue unchanged
S4,S4,254520000,0.00014857,0.00014726,131,0.00000131,fee increase needed to hold nominal RIN/block revenue unchanged
S4,S4,254730000,0.00014726,0.00014596,130,0.00000130,fee increase needed to hold nominal RIN/block revenue unchanged
S4,S4,254940000,0.00014596,0.00014467,129,0.00000129,fee increase needed to hold nominal RIN/block revenue unchanged
S4,S4,255150000,0.00014467,0.00014340,127,0.00000127,fee increase needed to hold nominal RIN/block revenue unchanged
S4,S4,255360000,0.00014340,0.00014214,126,0.00000126,fee increase needed to hold nominal RIN/block revenue unchanged
S4,S4,255570000,0.00014214,0.00014089,125,0.00000125,fee increase needed to hold nominal RIN/block revenue unchanged
S4,S4,255780000,0.00014089,0.00013965,124,0.00000124,fee increase needed to hold nominal RIN/block revenue unchanged
S4,S4,255990000,0.00013965,0.00013842,123,0.00000123,fee increase needed to hold nominal RIN/block revenue unchanged
S4,S4,256200000,0.00013842,0.00013720,122,0.00000122,fee increase needed to hold nominal RIN/block revenue unchanged
S4,S4,256410000,0.00013720,0.00013599,121,0.00000121,fee increase needed to hold nominal RIN/block revenue unchanged
S4,S4,256620000,0.00013599,0.00013479,120,0.00000120,fee increase needed to hold nominal RIN/block revenue unchanged
S4,S4,256830000,0.00013479,0.00013360,119,0.00000119,fee increase needed to hold nominal RIN/block revenue unchanged
S4,S4,257040000,0.00013360,0.00013242,118,0.00000118,fee increase needed to hold nominal RIN/block revenue unchanged
S4,S4,257250000,0.00013242,0.00013125,117,0.00000117,fee increase needed to hold nominal RIN/block revenue unchanged
S4,S4,257460000,0.00013125,0.00013009,116,0.00000116,fee increase needed to hold nominal RIN/block revenue unchanged
S4,S4,257670000,0.00013009,0.00012894,115,0.00000115,fee increase needed to hold nominal RIN/block revenue unchanged
S4,S4,257880000,0.00012894,0.00012780,114,0.00000114,fee increase needed to hold nominal RIN/block revenue unchanged
S4,S4,258090000,0.00012780,0.00012667,113,0.00000113,fee increase needed to hold nominal RIN/block revenue unchanged
S4,S4,258300000,0.00012667,0.00012555,112,0.00000112,fee increase needed to hold nominal RIN/block revenue unchanged
S4,S4,258510000,0.00012555,0.00012444,111,0.00000111,fee increase needed to hold nominal RIN/block revenue unchanged
S4,S4,258720000,0.00012444,0.00012334,110,0.00000110,fee increase needed to hold nominal RIN/block revenue unchanged
S4,S4,258930000,0.00012334,0.00012225,109,0.00000109,fee increase needed to hold nominal RIN/block revenue unchanged
S4,S4,259140000,0.00012225,0.00012117,108,0.00000108,fee increase needed to hold nominal RIN/block revenue unchanged
S4,S4,259350000,0.00012117,0.00012010,107,0.00000107,fee increase needed to hold nominal RIN/block revenue unchanged
S4,S4,259560000,0.00012010,0.00011904,106,0.00000106,fee increase needed to hold nominal RIN/block revenue unchanged
S4,S4,259770000,0.00011904,0.00011799,105,0.00000105,fee increase needed to hold nominal RIN/block revenue unchanged
S4,S4,259980000,0.00011799,0.00011695,104,0.00000104,fee increase needed to hold nominal RIN/block revenue unchanged
S4,S4,260190000,0.00011695,0.00011592,103,0.00000103,fee increase needed to hold nominal RIN/block revenue unchanged
S4,S4,260400000,0.00011592,0.00011490,102,0.00000102,fee increase needed to hold nominal RIN/block revenue unchanged
S4,S4,260610000,0.00011490,0.00011389,101,0.00000101,fee increase needed to hold nominal RIN/block revenue unchanged
S4,S4,260820000,0.00011389,0.00011289,100,0.00000100,fee increase needed to hold nominal RIN/block revenue unchanged
S4,S4,261030000,0.00011289,0.00011189,100,0.00000100,fee increase needed to hold nominal RIN/block revenue unchanged
S4,S4,261240000,0.00011189,0.00011090,99,0.00000099,fee increase needed to hold nominal RIN/block revenue unchanged
S4,S4,261450000,0.00011090,0.00010992,98,0.00000098,fee increase needed to hold nominal RIN/block revenue unchanged
S4,S4,261660000,0.00010992,0.00010895,97,0.00000097,fee increase needed to hold nominal RIN/block revenue unchanged
S4,S4,261870000,0.00010895,0.00010799,96,0.00000096,fee increase needed to hold nominal RIN/block revenue unchanged
S4,S4,262080000,0.00010799,0.00010704,95,0.00000095,fee increase needed to hold nominal RIN/block revenue unchanged
S4,S4,262290000,0.00010704,0.00010610,94,0.00000094,fee increase needed to hold nominal RIN/block revenue unchanged
S4,S4,262500000,0.00010610,0.00010516,94,0.00000094,fee increase needed to hold nominal RIN/block revenue unchanged
S4,S4,262710000,0.00010516,0.00010423,93,0.00000093,fee increase needed to hold nominal RIN/block revenue unchanged
S4,S4,262920000,0.00010423,0.00010331,92,0.00000092,fee increase needed to hold nominal RIN/block revenue unchanged
S4,S4,263130000,0.00010331,0.00010240,91,0.00000091,fee increase needed to hold nominal RIN/block revenue unchanged
S4,S4,263340000,0.00010240,0.00010150,90,0.00000090,fee increase needed to hold nominal RIN/block revenue unchanged
S4,S4,263550000,0.00010150,0.00010060,90,0.00000090,fee increase needed to hold nominal RIN/block revenue unchanged
S4,S4,263760000,0.00010060,0.00009971,89,0.00000089,fee increase needed to hold nominal RIN/block revenue unchanged
S4,S4,263970000,0.00009971,0.00009883,88,0.00000088,fee increase needed to hold nominal RIN/block revenue unchanged
S4,S4,264180000,0.00009883,0.00009796,87,0.00000087,fee increase needed to hold nominal RIN/block revenue unchanged
S4,S4,264390000,0.00009796,0.00009710,86,0.00000086,fee increase needed to hold nominal RIN/block revenue unchanged
S4,S4,264600000,0.00009710,0.00009624,86,0.00000086,fee increase needed to hold nominal RIN/block revenue unchanged
S4,S4,264810000,0.00009624,0.00009539,85,0.00000085,fee increase needed to hold nominal RIN/block revenue unchanged
S4,S4,265020000,0.00009539,0.00009455,84,0.00000084,fee increase needed to hold nominal RIN/block revenue unchanged
S4,S4,265230000,0.00009455,0.00009372,83,0.00000083,fee increase needed to hold nominal RIN/block revenue unchanged
S4,S4,265440000,0.00009372,0.00009289,83,0.00000083,fee increase needed to hold nominal RIN/block revenue unchanged
S4,S4,265650000,0.00009289,0.00009207,82,0.00000082,fee increase needed to hold nominal RIN/block revenue unchanged
S4,S4,265860000,0.00009207,0.00009126,81,0.00000081,fee increase needed to hold nominal RIN/block revenue unchanged
S4,S4,266070000,0.00009126,0.00009045,81,0.00000081,fee increase needed to hold nominal RIN/block revenue unchanged
S4,S4,266280000,0.00009045,0.00008965,80,0.00000080,fee increase needed to hold nominal RIN/block revenue unchanged
S4,S4,266490000,0.00008965,0.00008886,79,0.00000079,fee increase needed to hold nominal RIN/block revenue unchanged
S4,S4,266700000,0.00008886,0.00008808,78,0.00000078,fee increase needed to hold nominal RIN/block revenue unchanged
S4,S4,266910000,0.00008808,0.00008730,78,0.00000078,fee increase needed to hold nominal RIN/block revenue unchanged
S4,S4,267120000,0.00008730,0.00008653,77,0.00000077,fee increase needed to hold nominal RIN/block revenue unchanged
S4,S4,267330000,0.00008653,0.00008577,76,0.00000076,fee increase needed to hold nominal RIN/block revenue unchanged
S4,S4,267540000,0.00008577,0.00008501,76,0.00000076,fee increase needed to hold nominal RIN/block revenue unchanged
S4,S4,267750000,0.00008501,0.00008426,75,0.00000075,fee increase needed to hold nominal RIN/block revenue unchanged
S4,S4,267960000,0.00008426,0.00008352,74,0.00000074,fee increase needed to hold nominal RIN/block revenue unchanged
S4,S4,268170000,0.00008352,0.00008278,74,0.00000074,fee increase needed to hold nominal RIN/block revenue unchanged
S4,S4,268380000,0.00008278,0.00008205,73,0.00000073,fee increase needed to hold nominal RIN/block revenue unchanged
S4,S4,268590000,0.00008205,0.00008133,72,0.00000072,fee increase needed to hold nominal RIN/block revenue unchanged
S4,S4,268800000,0.00008133,0.00008061,72,0.00000072,fee increase needed to hold nominal RIN/block revenue unchanged
S4,S4,269010000,0.00008061,0.00007990,71,0.00000071,fee increase needed to hold nominal RIN/block revenue unchanged
S4,S4,269220000,0.00007990,0.00007919,71,0.00000071,fee increase needed to hold nominal RIN/block revenue unchanged
S4,S4,269430000,0.00007919,0.00007849,70,0.00000070,fee increase needed to hold nominal RIN/block revenue unchanged
S4,S4,269640000,0.00007849,0.00007780,69,0.00000069,fee increase needed to hold nominal RIN/block revenue unchanged
S4,S4,269850000,0.00007780,0.00007711,69,0.00000069,fee increase needed to hold nominal RIN/block revenue unchanged
S4,S4,270060000,0.00007711,0.00007643,68,0.00000068,fee increase needed to hold nominal RIN/block revenue unchanged
S4,S4,270270000,0.00007643,0.00007575,68,0.00000068,fee increase needed to hold nominal RIN/block revenue unchanged
S4,S4,270480000,0.00007575,0.00007508,67,0.00000067,fee increase needed to hold nominal RIN/block revenue unchanged
S4,S4,270690000,0.00007508,0.00007442,66,0.00000066,fee increase needed to hold nominal RIN/block revenue unchanged
S4,S4,270900000,0.00007442,0.00007376,66,0.00000066,fee increase needed to hold nominal RIN/block revenue unchanged
S4,S4,271110000,0.00007376,0.00007311,65,0.00000065,fee increase needed to hold nominal RIN/block revenue unchanged
S4,S4,271320000,0.00007311,0.00007246,65,0.00000065,fee increase needed to hold nominal RIN/block revenue unchanged
S4,S4,271530000,0.00007246,0.00007182,64,0.00000064,fee increase needed to hold nominal RIN/block revenue unchanged
S4,S4,271740000,0.00007182,0.00007119,63,0.00000063,fee increase needed to hold nominal RIN/block revenue unchanged
S4,S4,271950000,0.00007119,0.00007056,63,0.00000063,fee increase needed to hold nominal RIN/block revenue unchanged
S4,S4,272160000,0.00007056,0.00006994,62,0.00000062,fee increase needed to hold nominal RIN/block revenue unchanged
S4,S4,272370000,0.00006994,0.00006932,62,0.00000062,fee increase needed to hold nominal RIN/block revenue unchanged
S4,S4,272580000,0.00006932,0.00006871,61,0.00000061,fee increase needed to hold nominal RIN/block revenue unchanged
S4,S4,272790000,0.00006871,0.00006810,61,0.00000061,fee increase needed to hold nominal RIN/block revenue unchanged
S4,S4,273000000,0.00006810,0.00006750,60,0.00000060,fee increase needed to hold nominal RIN/block revenue unchanged
S4,S4,273210000,0.00006750,0.00006690,60,0.00000060,fee increase needed to hold nominal RIN/block revenue unchanged
S4,S4,273420000,0.00006690,0.00006631,59,0.00000059,fee increase needed to hold nominal RIN/block revenue unchanged
S4,S4,273630000,0.00006631,0.00006572,59,0.00000059,fee increase needed to hold nominal RIN/block revenue unchanged
S4,S4,273840000,0.00006572,0.00006514,58,0.00000058,fee increase needed to hold nominal RIN/block revenue unchanged
S4,S4,274050000,0.00006514,0.00006456,58,0.00000058,fee increase needed to hold nominal RIN/block revenue unchanged
S4,S4,274260000,0.00006456,0.00006399,57,0.00000057,fee increase needed to hold nominal RIN/block revenue unchanged
S4,S4,274470000,0.00006399,0.00006342,57,0.00000057,fee increase needed to hold nominal RIN/block revenue unchanged
S4,S4,274680000,0.00006342,0.00006286,56,0.00000056,fee increase needed to hold nominal RIN/block revenue unchanged
S4,S4,274890000,0.00006286,0.00006230,56,0.00000056,fee increase needed to hold nominal RIN/block revenue unchanged
S4,S4,275100000,0.00006230,0.00006175,55,0.00000055,fee increase needed to hold nominal RIN/block revenue unchanged
S4,S4,275310000,0.00006175,0.00006120,55,0.00000055,fee increase needed to hold nominal RIN/block revenue unchanged
S4,S4,275520000,0.00006120,0.00006066,54,0.00000054,fee increase needed to hold nominal RIN/block revenue unchanged
S4,S4,275730000,0.00006066,0.00006012,54,0.00000054,fee increase needed to hold nominal RIN/block revenue unchanged
S4,S4,275940000,0.00006012,0.00005959,53,0.00000053,fee increase needed to hold nominal RIN/block revenue unchanged
S4,S4,276150000,0.00005959,0.00005906,53,0.00000053,fee increase needed to hold nominal RIN/block revenue unchanged
S4,S4,276360000,0.00005906,0.00005854,52,0.00000052,fee increase needed to hold nominal RIN/block revenue unchanged
S4,S4,276570000,0.00005854,0.00005802,52,0.00000052,fee increase needed to hold nominal RIN/block revenue unchanged
S4,S4,276780000,0.00005802,0.00005751,51,0.00000051,fee increase needed to hold nominal RIN/block revenue unchanged
S4,S4,276990000,0.00005751,0.00005700,51,0.00000051,fee increase needed to hold nominal RIN/block revenue unchanged
S4,S4,277200000,0.00005700,0.00005650,50,0.00000050,fee increase needed to hold nominal RIN/block revenue unchanged
S4,S4,277410000,0.00005650,0.00005600,50,0.00000050,fee increase needed to hold nominal RIN/block revenue unchanged
S4,S4,277620000,0.00005600,0.00005550,50,0.00000050,fee increase needed to hold nominal RIN/block revenue unchanged
S4,S4,277830000,0.00005550,0.00005501,49,0.00000049,fee increase needed to hold nominal RIN/block revenue unchanged
S4,S4,278040000,0.00005501,0.00005452,49,0.00000049,fee increase needed to hold nominal RIN/block revenue unchanged
S4,S4,278250000,0.00005452,0.00005404,48,0.00000048,fee increase needed to hold nominal RIN/block revenue unchanged
S4,S4,278460000,0.00005404,0.00005356,48,0.00000048,fee increase needed to hold nominal RIN/block revenue unchanged
S4,S4,278670000,0.00005356,0.00005309,47,0.00000047,fee increase needed to hold nominal RIN/block revenue unchanged
S4,S4,278880000,0.00005309,0.00005262,47,0.00000047,fee increase needed to hold nominal RIN/block revenue unchanged
S4,S4,279090000,0.00005262,0.00005215,47,0.00000047,fee increase needed to hold nominal RIN/block revenue unchanged
S4,S4,279300000,0.00005215,0.00005169,46,0.00000046,fee increase needed to hold nominal RIN/block revenue unchanged
S4,S4,279510000,0.00005169,0.00005123,46,0.00000046,fee increase needed to hold nominal RIN/block revenue unchanged
S4,S4,279720000,0.00005123,0.00005078,45,0.00000045,fee increase needed to hold nominal RIN/block revenue unchanged
S4,S4,279930000,0.00005078,0.00005033,45,0.00000045,fee increase needed to hold nominal RIN/block revenue unchanged
S4,S4,280140000,0.00005033,0.00004988,45,0.00000045,fee increase needed to hold nominal RIN/block revenue unchanged
S4,S4,280350000,0.00004988,0.00004944,44,0.00000044,fee increase needed to hold nominal RIN/block revenue unchanged
S4,S4,280560000,0.00004944,0.00004900,44,0.00000044,fee increase needed to hold nominal RIN/block revenue unchanged
S4,S4,280770000,0.00004900,0.00004857,43,0.00000043,fee increase needed to hold nominal RIN/block revenue unchanged
S4,S4,280980000,0.00004857,0.00004814,43,0.00000043,fee increase needed to hold nominal RIN/block revenue unchanged
S4,S4,281190000,0.00004814,0.00004771,43,0.00000043,fee increase needed to hold nominal RIN/block revenue unchanged
S4,S4,281400000,0.00004771,0.00004729,42,0.00000042,fee increase needed to hold nominal RIN/block revenue unchanged
S4,S4,281610000,0.00004729,0.00004687,42,0.00000042,fee increase needed to hold nominal RIN/block revenue unchanged
S4,S4,281820000,0.00004687,0.00004645,42,0.00000042,fee increase needed to hold nominal RIN/block revenue unchanged
S4,S4,282030000,0.00004645,0.00004604,41,0.00000041,fee increase needed to hold nominal RIN/block revenue unchanged
S4,S4,282240000,0.00004604,0.00004563,41,0.00000041,fee increase needed to hold nominal RIN/block revenue unchanged
S4,S4,282450000,0.00004563,0.00004522,41,0.00000041,fee increase needed to hold nominal RIN/block revenue unchanged
S4,S4,282660000,0.00004522,0.00004482,40,0.00000040,fee increase needed to hold nominal RIN/block revenue unchanged
S4,S4,282870000,0.00004482,0.00004442,40,0.00000040,fee increase needed to hold nominal RIN/block revenue unchanged
S4,S4,283080000,0.00004442,0.00004403,39,0.00000039,fee increase needed to hold nominal RIN/block revenue unchanged
S4,S4,283290000,0.00004403,0.00004364,39,0.00000039,fee increase needed to hold nominal RIN/block revenue unchanged
S4,S4,283500000,0.00004364,0.00004325,39,0.00000039,fee increase needed to hold nominal RIN/block revenue unchanged
S4,S4,283710000,0.00004325,0.00004287,38,0.00000038,fee increase needed to hold nominal RIN/block revenue unchanged
S4,S4,283920000,0.00004287,0.00004249,38,0.00000038,fee increase needed to hold nominal RIN/block revenue unchanged
S4,S4,284130000,0.00004249,0.00004211,38,0.00000038,fee increase needed to hold nominal RIN/block revenue unchanged
S4,S4,284340000,0.00004211,0.00004174,37,0.00000037,fee increase needed to hold nominal RIN/block revenue unchanged
S4,S4,284550000,0.00004174,0.00004137,37,0.00000037,fee increase needed to hold nominal RIN/block revenue unchanged
S4,S4,284760000,0.00004137,0.00004100,37,0.00000037,fee increase needed to hold nominal RIN/block revenue unchanged
S4,S4,284970000,0.00004100,0.00004064,36,0.00000036,fee increase needed to hold nominal RIN/block revenue unchanged
S4,S4,285180000,0.00004064,0.00004028,36,0.00000036,fee increase needed to hold nominal RIN/block revenue unchanged
S4,S4,285390000,0.00004028,0.00003992,36,0.00000036,fee increase needed to hold nominal RIN/block revenue unchanged
S4,S4,285600000,0.00003992,0.00003956,36,0.00000036,fee increase needed to hold nominal RIN/block revenue unchanged
S4,S4,285810000,0.00003956,0.00003921,35,0.00000035,fee increase needed to hold nominal RIN/block revenue unchanged
S4,S4,286020000,0.00003921,0.00003886,35,0.00000035,fee increase needed to hold nominal RIN/block revenue unchanged
S4,S4,286230000,0.00003886,0.00003851,35,0.00000035,fee increase needed to hold nominal RIN/block revenue unchanged
S4,S4,286440000,0.00003851,0.00003817,34,0.00000034,fee increase needed to hold nominal RIN/block revenue unchanged
S4,S4,286650000,0.00003817,0.00003783,34,0.00000034,fee increase needed to hold nominal RIN/block revenue unchanged
S4,S4,286860000,0.00003783,0.00003749,34,0.00000034,fee increase needed to hold nominal RIN/block revenue unchanged
S4,S4,287070000,0.00003749,0.00003716,33,0.00000033,fee increase needed to hold nominal RIN/block revenue unchanged
S4,S4,287280000,0.00003716,0.00003683,33,0.00000033,fee increase needed to hold nominal RIN/block revenue unchanged
S4,S4,287490000,0.00003683,0.00003650,33,0.00000033,fee increase needed to hold nominal RIN/block revenue unchanged
S4,S4,287700000,0.00003650,0.00003617,33,0.00000033,fee increase needed to hold nominal RIN/block revenue unchanged
S4,S4,287910000,0.00003617,0.00003585,32,0.00000032,fee increase needed to hold nominal RIN/block revenue unchanged
S4,S4,288120000,0.00003585,0.00003553,32,0.00000032,fee increase needed to hold nominal RIN/block revenue unchanged
S4,S4,288330000,0.00003553,0.00003521,32,0.00000032,fee increase needed to hold nominal RIN/block revenue unchanged
S4,S4,288540000,0.00003521,0.00003490,31,0.00000031,fee increase needed to hold nominal RIN/block revenue unchanged
S4,S4,288750000,0.00003490,0.00003459,31,0.00000031,fee increase needed to hold nominal RIN/block revenue unchanged
S4,S4,288960000,0.00003459,0.00003428,31,0.00000031,fee increase needed to hold nominal RIN/block revenue unchanged
S4,S4,289170000,0.00003428,0.00003397,31,0.00000031,fee increase needed to hold nominal RIN/block revenue unchanged
S4,S4,289380000,0.00003397,0.00003367,30,0.00000030,fee increase needed to hold nominal RIN/block revenue unchanged
S4,S4,289590000,0.00003367,0.00003337,30,0.00000030,fee increase needed to hold nominal RIN/block revenue unchanged
S4,S4,289800000,0.00003337,0.00003307,30,0.00000030,fee increase needed to hold nominal RIN/block revenue unchanged
S4,S4,290010000,0.00003307,0.00003277,30,0.00000030,fee increase needed to hold nominal RIN/block revenue unchanged
S4,S4,290220000,0.00003277,0.00003248,29,0.00000029,fee increase needed to hold nominal RIN/block revenue unchanged
S4,S4,290430000,0.00003248,0.00003219,29,0.00000029,fee increase needed to hold nominal RIN/block revenue unchanged
S4,S4,290640000,0.00003219,0.00003190,29,0.00000029,fee increase needed to hold nominal RIN/block revenue unchanged
S4,S4,290850000,0.00003190,0.00003162,28,0.00000028,fee increase needed to hold nominal RIN/block revenue unchanged
S4,S4,291060000,0.00003162,0.00003134,28,0.00000028,fee increase needed to hold nominal RIN/block revenue unchanged
S4,S4,291270000,0.00003134,0.00003106,28,0.00000028,fee increase needed to hold nominal RIN/block revenue unchanged
S4,S4,291480000,0.00003106,0.00003078,28,0.00000028,fee increase needed to hold nominal RIN/block revenue unchanged
S4,S4,291690000,0.00003078,0.00003051,27,0.00000027,fee increase needed to hold nominal RIN/block revenue unchanged
S4,S4,291900000,0.00003051,0.00003024,27,0.00000027,fee increase needed to hold nominal RIN/block revenue unchanged
S4,S4,292110000,0.00003024,0.00002997,27,0.00000027,fee increase needed to hold nominal RIN/block revenue unchanged
S4,S4,292320000,0.00002997,0.00002970,27,0.00000027,fee increase needed to hold nominal RIN/block revenue unchanged
S4,S4,292530000,0.00002970,0.00002943,27,0.00000027,fee increase needed to hold nominal RIN/block revenue unchanged
S4,S4,292740000,0.00002943,0.00002917,26,0.00000026,fee increase needed to hold nominal RIN/block revenue unchanged
S4,S4,292950000,0.00002917,0.00002891,26,0.00000026,fee increase needed to hold nominal RIN/block revenue unchanged
S4,S4,293160000,0.00002891,0.00002865,26,0.00000026,fee increase needed to hold nominal RIN/block revenue unchanged
S4,S4,293370000,0.00002865,0.00002839,26,0.00000026,fee increase needed to hold nominal RIN/block revenue unchanged
S4,S4,293580000,0.00002839,0.00002814,25,0.00000025,fee increase needed to hold nominal RIN/block revenue unchanged
S4,S4,293790000,0.00002814,0.00002789,25,0.00000025,fee increase needed to hold nominal RIN/block revenue unchanged
S4,S4,294000000,0.00002789,0.00002764,25,0.00000025,fee increase needed to hold nominal RIN/block revenue unchanged
S4,S4,294210000,0.00002764,0.00002739,25,0.00000025,fee increase needed to hold nominal RIN/block revenue unchanged
S4,S4,294420000,0.00002739,0.00002714,25,0.00000025,fee increase needed to hold nominal RIN/block revenue unchanged
S4,S4,294630000,0.00002714,0.00002690,24,0.00000024,fee increase needed to hold nominal RIN/block revenue unchanged
S4,S4,294840000,0.00002690,0.00002666,24,0.00000024,fee increase needed to hold nominal RIN/block revenue unchanged
S4,S4,295050000,0.00002666,0.00002642,24,0.00000024,fee increase needed to hold nominal RIN/block revenue unchanged
S4,S4,295260000,0.00002642,0.00002618,24,0.00000024,fee increase needed to hold nominal RIN/block revenue unchanged
S4,S4,295470000,0.00002618,0.00002595,23,0.00000023,fee increase needed to hold nominal RIN/block revenue unchanged
S4,S4,295680000,0.00002595,0.00002572,23,0.00000023,fee increase needed to hold nominal RIN/block revenue unchanged
S4,S4,295890000,0.00002572,0.00002549,23,0.00000023,fee increase needed to hold nominal RIN/block revenue unchanged
S4,S4,296100000,0.00002549,0.00002526,23,0.00000023,fee increase needed to hold nominal RIN/block revenue unchanged
S4,S4,296310000,0.00002526,0.00002503,23,0.00000023,fee increase needed to hold nominal RIN/block revenue unchanged
S4,S4,296520000,0.00002503,0.00002481,22,0.00000022,fee increase needed to hold nominal RIN/block revenue unchanged
S4,S4,296730000,0.00002481,0.00002459,22,0.00000022,fee increase needed to hold nominal RIN/block revenue unchanged
S4,S4,296940000,0.00002459,0.00002437,22,0.00000022,fee increase needed to hold nominal RIN/block revenue unchanged
S4,S4,297150000,0.00002437,0.00002415,22,0.00000022,fee increase needed to hold nominal RIN/block revenue unchanged
S4,S4,297360000,0.00002415,0.00002393,22,0.00000022,fee increase needed to hold nominal RIN/block revenue unchanged
S4,S4,297570000,0.00002393,0.00002372,21,0.00000021,fee increase needed to hold nominal RIN/block revenue unchanged
S4,S4,297780000,0.00002372,0.00002351,21,0.00000021,fee increase needed to hold nominal RIN/block revenue unchanged
S4,S4,297990000,0.00002351,0.00002330,21,0.00000021,fee increase needed to hold nominal RIN/block revenue unchanged
S4,S4,298200000,0.00002330,0.00002309,21,0.00000021,fee increase needed to hold nominal RIN/block revenue unchanged
S4,S4,298410000,0.00002309,0.00002288,21,0.00000021,fee increase needed to hold nominal RIN/block revenue unchanged
S4,S4,298620000,0.00002288,0.00002267,21,0.00000021,fee increase needed to hold nominal RIN/block revenue unchanged
S4,S4,298830000,0.00002267,0.00002247,20,0.00000020,fee increase needed to hold nominal RIN/block revenue unchanged
S4,S4,299040000,0.00002247,0.00002227,20,0.00000020,fee increase needed to hold nominal RIN/block revenue unchanged
S4,S4,299250000,0.00002227,0.00002207,20,0.00000020,fee increase needed to hold nominal RIN/block revenue unchanged
S4,S4,299460000,0.00002207,0.00002187,20,0.00000020,fee increase needed to hold nominal RIN/block revenue unchanged
S4,S4,299670000,0.00002187,0.00002167,20,0.00000020,fee increase needed to hold nominal RIN/block revenue unchanged
S4,S4,299880000,0.00002167,0.00002147,20,0.00000020,fee increase needed to hold nominal RIN/block revenue unchanged
S4,S4,300090000,0.00002147,0.00002128,19,0.00000019,fee increase needed to hold nominal RIN/block revenue unchanged
S4,S4,300300000,0.00002128,0.00002109,19,0.00000019,fee increase needed to hold nominal RIN/block revenue unchanged
S4,S4,300510000,0.00002109,0.00002090,19,0.00000019,fee increase needed to hold nominal RIN/block revenue unchanged
S4,S4,300720000,0.00002090,0.00002071,19,0.00000019,fee increase needed to hold nominal RIN/block revenue unchanged
S4,S4,300930000,0.00002071,0.00002052,19,0.00000019,fee increase needed to hold nominal RIN/block revenue unchanged
S4,S4,301140000,0.00002052,0.00002034,18,0.00000018,fee increase needed to hold nominal RIN/block revenue unchanged
S4,S4,301350000,0.00002034,0.00002016,18,0.00000018,fee increase needed to hold nominal RIN/block revenue unchanged
S4,S4,301560000,0.00002016,0.00001998,18,0.00000018,fee increase needed to hold nominal RIN/block revenue unchanged
S4,S4,301770000,0.00001998,0.00001980,18,0.00000018,fee increase needed to hold nominal RIN/block revenue unchanged
S4,S4,301980000,0.00001980,0.00001962,18,0.00000018,fee increase needed to hold nominal RIN/block revenue unchanged
S4,S4,302190000,0.00001962,0.00001944,18,0.00000018,fee increase needed to hold nominal RIN/block revenue unchanged
S4,S4,302400000,0.00001944,0.00001926,18,0.00000018,fee increase needed to hold nominal RIN/block revenue unchanged
S4,S4,302610000,0.00001926,0.00001909,17,0.00000017,fee increase needed to hold nominal RIN/block revenue unchanged
S4,S4,302820000,0.00001909,0.00001892,17,0.00000017,fee increase needed to hold nominal RIN/block revenue unchanged
S4,S4,303030000,0.00001892,0.00001875,17,0.00000017,fee increase needed to hold nominal RIN/block revenue unchanged
S4,S4,303240000,0.00001875,0.00001858,17,0.00000017,fee increase needed to hold nominal RIN/block revenue unchanged
S4,S4,303450000,0.00001858,0.00001841,17,0.00000017,fee increase needed to hold nominal RIN/block revenue unchanged
S4,S4,303660000,0.00001841,0.00001824,17,0.00000017,fee increase needed to hold nominal RIN/block revenue unchanged
S4,S4,303870000,0.00001824,0.00001808,16,0.00000016,fee increase needed to hold nominal RIN/block revenue unchanged
S4,S4,304080000,0.00001808,0.00001792,16,0.00000016,fee increase needed to hold nominal RIN/block revenue unchanged
S4,S4,304290000,0.00001792,0.00001776,16,0.00000016,fee increase needed to hold nominal RIN/block revenue unchanged
S4,S4,304500000,0.00001776,0.00001760,16,0.00000016,fee increase needed to hold nominal RIN/block revenue unchanged
S4,S4,304710000,0.00001760,0.00001744,16,0.00000016,fee increase needed to hold nominal RIN/block revenue unchanged
S4,S4,304920000,0.00001744,0.00001728,16,0.00000016,fee increase needed to hold nominal RIN/block revenue unchanged
S4,S4,305130000,0.00001728,0.00001712,16,0.00000016,fee increase needed to hold nominal RIN/block revenue unchanged
S4,S4,305340000,0.00001712,0.00001696,16,0.00000016,fee increase needed to hold nominal RIN/block revenue unchanged
S4,S4,305550000,0.00001696,0.00001681,15,0.00000015,fee increase needed to hold nominal RIN/block revenue unchanged
S4,S4,305760000,0.00001681,0.00001666,15,0.00000015,fee increase needed to hold nominal RIN/block revenue unchanged
S4,S4,305970000,0.00001666,0.00001651,15,0.00000015,fee increase needed to hold nominal RIN/block revenue unchanged
S4,S4,306180000,0.00001651,0.00001636,15,0.00000015,fee increase needed to hold nominal RIN/block revenue unchanged
S4,S4,306390000,0.00001636,0.00001621,15,0.00000015,fee increase needed to hold nominal RIN/block revenue unchanged
S4,S4,306600000,0.00001621,0.00001606,15,0.00000015,fee increase needed to hold nominal RIN/block revenue unchanged
S4,S4,306810000,0.00001606,0.00001591,15,0.00000015,fee increase needed to hold nominal RIN/block revenue unchanged
S4,S4,307020000,0.00001591,0.00001577,14,0.00000014,fee increase needed to hold nominal RIN/block revenue unchanged
S4,S4,307230000,0.00001577,0.00001563,14,0.00000014,fee increase needed to hold nominal RIN/block revenue unchanged
S4,S4,307440000,0.00001563,0.00001549,14,0.00000014,fee increase needed to hold nominal RIN/block revenue unchanged
S4,S4,307650000,0.00001549,0.00001535,14,0.00000014,fee increase needed to hold nominal RIN/block revenue unchanged
S4,S4,307860000,0.00001535,0.00001521,14,0.00000014,fee increase needed to hold nominal RIN/block revenue unchanged
S4,S4,308070000,0.00001521,0.00001507,14,0.00000014,fee increase needed to hold nominal RIN/block revenue unchanged
S4,S4,308280000,0.00001507,0.00001493,14,0.00000014,fee increase needed to hold nominal RIN/block revenue unchanged
S4,S4,308490000,0.00001493,0.00001479,14,0.00000014,fee increase needed to hold nominal RIN/block revenue unchanged
S4,S4,308700000,0.00001479,0.00001466,13,0.00000013,fee increase needed to hold nominal RIN/block revenue unchanged
S4,S4,308910000,0.00001466,0.00001453,13,0.00000013,fee increase needed to hold nominal RIN/block revenue unchanged
S4,S4,309120000,0.00001453,0.00001440,13,0.00000013,fee increase needed to hold nominal RIN/block revenue unchanged
S4,S4,309330000,0.00001440,0.00001427,13,0.00000013,fee increase needed to hold nominal RIN/block revenue unchanged
S4,S4,309540000,0.00001427,0.00001414,13,0.00000013,fee increase needed to hold nominal RIN/block revenue unchanged
S4,S4,309750000,0.00001414,0.00001401,13,0.00000013,fee increase needed to hold nominal RIN/block revenue unchanged
S4,S4,309960000,0.00001401,0.00001388,13,0.00000013,fee increase needed to hold nominal RIN/block revenue unchanged
S4,S4,310170000,0.00001388,0.00001375,13,0.00000013,fee increase needed to hold nominal RIN/block revenue unchanged
S4,S4,310380000,0.00001375,0.00001362,13,0.00000013,fee increase needed to hold nominal RIN/block revenue unchanged
S4,S4,310590000,0.00001362,0.00001350,12,0.00000012,fee increase needed to hold nominal RIN/block revenue unchanged
S4,S4,310800000,0.00001350,0.00001338,12,0.00000012,fee increase needed to hold nominal RIN/block revenue unchanged
S4,S4,311010000,0.00001338,0.00001326,12,0.00000012,fee increase needed to hold nominal RIN/block revenue unchanged
S4,S4,311220000,0.00001326,0.00001314,12,0.00000012,fee increase needed to hold nominal RIN/block revenue unchanged
S4,S4,311430000,0.00001314,0.00001302,12,0.00000012,fee increase needed to hold nominal RIN/block revenue unchanged
S4,S4,311640000,0.00001302,0.00001290,12,0.00000012,fee increase needed to hold nominal RIN/block revenue unchanged
S4,S4,311850000,0.00001290,0.00001278,12,0.00000012,fee increase needed to hold nominal RIN/block revenue unchanged
S4,S4,312060000,0.00001278,0.00001266,12,0.00000012,fee increase needed to hold nominal RIN/block revenue unchanged
S4,S4,312270000,0.00001266,0.00001254,12,0.00000012,fee increase needed to hold nominal RIN/block revenue unchanged
S4,S4,312480000,0.00001254,0.00001243,11,0.00000011,fee increase needed to hold nominal RIN/block revenue unchanged
S4,S4,312690000,0.00001243,0.00001232,11,0.00000011,fee increase needed to hold nominal RIN/block revenue unchanged
S4,S4,312900000,0.00001232,0.00001221,11,0.00000011,fee increase needed to hold nominal RIN/block revenue unchanged
S4,S4,313110000,0.00001221,0.00001210,11,0.00000011,fee increase needed to hold nominal RIN/block revenue unchanged
S4,S4,313320000,0.00001210,0.00001199,11,0.00000011,fee increase needed to hold nominal RIN/block revenue unchanged
S4,S4,313530000,0.00001199,0.00001188,11,0.00000011,fee increase needed to hold nominal RIN/block revenue unchanged
S4,S4,313740000,0.00001188,0.00001177,11,0.00000011,fee increase needed to hold nominal RIN/block revenue unchanged
S4,S4,313950000,0.00001177,0.00001166,11,0.00000011,fee increase needed to hold nominal RIN/block revenue unchanged
S4,S4,314160000,0.00001166,0.00001155,11,0.00000011,fee increase needed to hold nominal RIN/block revenue unchanged
S4,S4,314370000,0.00001155,0.00001144,11,0.00000011,fee increase needed to hold nominal RIN/block revenue unchanged
S4,S4,314580000,0.00001144,0.00001133,11,0.00000011,fee increase needed to hold nominal RIN/block revenue unchanged
S4,S4,314790000,0.00001133,0.00001123,10,0.00000010,fee increase needed to hold nominal RIN/block revenue unchanged
S4,S4,315000000,0.00001123,0.00001113,10,0.00000010,fee increase needed to hold nominal RIN/block revenue unchanged
S4,S4,315210000,0.00001113,0.00001103,10,0.00000010,fee increase needed to hold nominal RIN/block revenue unchanged
S4,S4,315420000,0.00001103,0.00001093,10,0.00000010,fee increase needed to hold nominal RIN/block revenue unchanged
S4,S4,315630000,0.00001093,0.00001083,10,0.00000010,fee increase needed to hold nominal RIN/block revenue unchanged
S4,S4,315840000,0.00001083,0.00001073,10,0.00000010,fee increase needed to hold nominal RIN/block revenue unchanged
S4,S4,316050000,0.00001073,0.00001063,10,0.00000010,fee increase needed to hold nominal RIN/block revenue unchanged
S4,S4,316260000,0.00001063,0.00001053,10,0.00000010,fee increase needed to hold nominal RIN/block revenue unchanged
S4,S4,316470000,0.00001053,0.00001043,10,0.00000010,fee increase needed to hold nominal RIN/block revenue unchanged
S4,S4,316680000,0.00001043,0.00001033,10,0.00000010,fee increase needed to hold nominal RIN/block revenue unchanged
S4,S4,316890000,0.00001033,0.00001023,10,0.00000010,fee increase needed to hold nominal RIN/block revenue unchanged
S4,S4,317100000,0.00001023,0.00001014,9,0.00000009,fee increase needed to hold nominal RIN/block revenue unchanged
S4,S4,317310000,0.00001014,0.00001005,9,0.00000009,fee increase needed to hold nominal RIN/block revenue unchanged
S4,S4,317520000,0.00001005,0.00000996,9,0.00000009,fee increase needed to hold nominal RIN/block revenue unchanged
S4,S4,317730000,0.00000996,0.00000987,9,0.00000009,fee increase needed to hold nominal RIN/block revenue unchanged
S4,S4,317940000,0.00000987,0.00000978,9,0.00000009,fee increase needed to hold nominal RIN/block revenue unchanged
S4,S4,318150000,0.00000978,0.00000969,9,0.00000009,fee increase needed to hold nominal RIN/block revenue unchanged
S4,S4,318360000,0.00000969,0.00000960,9,0.00000009,fee increase needed to hold nominal RIN/block revenue unchanged
S4,S4,318570000,0.00000960,0.00000951,9,0.00000009,fee increase needed to hold nominal RIN/block revenue unchanged
S4,S4,318780000,0.00000951,0.00000942,9,0.00000009,fee increase needed to hold nominal RIN/block revenue unchanged
S4,S4,318990000,0.00000942,0.00000933,9,0.00000009,fee increase needed to hold nominal RIN/block revenue unchanged
S4,S4,319200000,0.00000933,0.00000924,9,0.00000009,fee increase needed to hold nominal RIN/block revenue unchanged
S4,S4,319410000,0.00000924,0.00000915,9,0.00000009,fee increase needed to hold nominal RIN/block revenue unchanged
S4,S4,319620000,0.00000915,0.00000906,9,0.00000009,fee increase needed to hold nominal RIN/block revenue unchanged
S4,S4,319830000,0.00000906,0.00000898,8,0.00000008,fee increase needed to hold nominal RIN/block revenue unchanged
S4,S4,320040000,0.00000898,0.00000890,8,0.00000008,fee increase needed to hold nominal RIN/block revenue unchanged
S4,S4,320250000,0.00000890,0.00000882,8,0.00000008,fee increase needed to hold nominal RIN/block revenue unchanged
S4,S4,320460000,0.00000882,0.00000874,8,0.00000008,fee increase needed to hold nominal RIN/block revenue unchanged
S4,S4,320670000,0.00000874,0.00000866,8,0.00000008,fee increase needed to hold nominal RIN/block revenue unchanged
S4,S4,320880000,0.00000866,0.00000858,8,0.00000008,fee increase needed to hold nominal RIN/block revenue unchanged
S4,S4,321090000,0.00000858,0.00000850,8,0.00000008,fee increase needed to hold nominal RIN/block revenue unchanged
S4,S4,321300000,0.00000850,0.00000842,8,0.00000008,fee increase needed to hold nominal RIN/block revenue unchanged
S4,S4,321510000,0.00000842,0.00000834,8,0.00000008,fee increase needed to hold nominal RIN/block revenue unchanged
S4,S4,321720000,0.00000834,0.00000826,8,0.00000008,fee increase needed to hold nominal RIN/block revenue unchanged
S4,S4,321930000,0.00000826,0.00000818,8,0.00000008,fee increase needed to hold nominal RIN/block revenue unchanged
S4,S4,322140000,0.00000818,0.00000810,8,0.00000008,fee increase needed to hold nominal RIN/block revenue unchanged
S4,S4,322350000,0.00000810,0.00000802,8,0.00000008,fee increase needed to hold nominal RIN/block revenue unchanged
S4,S4,322560000,0.00000802,0.00000794,8,0.00000008,fee increase needed to hold nominal RIN/block revenue unchanged
S4,S4,322770000,0.00000794,0.00000787,7,0.00000007,fee increase needed to hold nominal RIN/block revenue unchanged
S4,S4,322980000,0.00000787,0.00000780,7,0.00000007,fee increase needed to hold nominal RIN/block revenue unchanged
S4,S4,323190000,0.00000780,0.00000773,7,0.00000007,fee increase needed to hold nominal RIN/block revenue unchanged
S4,S4,323400000,0.00000773,0.00000766,7,0.00000007,fee increase needed to hold nominal RIN/block revenue unchanged
S4,S4,323610000,0.00000766,0.00000759,7,0.00000007,fee increase needed to hold nominal RIN/block revenue unchanged
S4,S4,323820000,0.00000759,0.00000752,7,0.00000007,fee increase needed to hold nominal RIN/block revenue unchanged
S4,S4,324030000,0.00000752,0.00000745,7,0.00000007,fee increase needed to hold nominal RIN/block revenue unchanged
S4,S4,324240000,0.00000745,0.00000738,7,0.00000007,fee increase needed to hold nominal RIN/block revenue unchanged
S4,S4,324450000,0.00000738,0.00000731,7,0.00000007,fee increase needed to hold nominal RIN/block revenue unchanged
S4,S4,324660000,0.00000731,0.00000724,7,0.00000007,fee increase needed to hold nominal RIN/block revenue unchanged
S4,S4,324870000,0.00000724,0.00000717,7,0.00000007,fee increase needed to hold nominal RIN/block revenue unchanged
S4,S4,325080000,0.00000717,0.00000710,7,0.00000007,fee increase needed to hold nominal RIN/block revenue unchanged
S4,S4,325290000,0.00000710,0.00000703,7,0.00000007,fee increase needed to hold nominal RIN/block revenue unchanged
S4,S4,325500000,0.00000703,0.00000696,7,0.00000007,fee increase needed to hold nominal RIN/block revenue unchanged
S4,S4,325710000,0.00000696,0.00000689,7,0.00000007,fee increase needed to hold nominal RIN/block revenue unchanged
S4,S4,325920000,0.00000689,0.00000682,7,0.00000007,fee increase needed to hold nominal RIN/block revenue unchanged
S4,S4,326130000,0.00000682,0.00000676,6,0.00000006,fee increase needed to hold nominal RIN/block revenue unchanged
S4,S4,326340000,0.00000676,0.00000670,6,0.00000006,fee increase needed to hold nominal RIN/block revenue unchanged
S4,S4,326550000,0.00000670,0.00000664,6,0.00000006,fee increase needed to hold nominal RIN/block revenue unchanged
S4,S4,326760000,0.00000664,0.00000658,6,0.00000006,fee increase needed to hold nominal RIN/block revenue unchanged
S4,S4,326970000,0.00000658,0.00000652,6,0.00000006,fee increase needed to hold nominal RIN/block revenue unchanged
S4,S4,327180000,0.00000652,0.00000646,6,0.00000006,fee increase needed to hold nominal RIN/block revenue unchanged
S4,S4,327390000,0.00000646,0.00000640,6,0.00000006,fee increase needed to hold nominal RIN/block revenue unchanged
S4,S4,327600000,0.00000640,0.00000634,6,0.00000006,fee increase needed to hold nominal RIN/block revenue unchanged
S4,S4,327810000,0.00000634,0.00000628,6,0.00000006,fee increase needed to hold nominal RIN/block revenue unchanged
S4,S4,328020000,0.00000628,0.00000622,6,0.00000006,fee increase needed to hold nominal RIN/block revenue unchanged
S4,S4,328230000,0.00000622,0.00000616,6,0.00000006,fee increase needed to hold nominal RIN/block revenue unchanged
S4,S4,328440000,0.00000616,0.00000610,6,0.00000006,fee increase needed to hold nominal RIN/block revenue unchanged
S4,S4,328650000,0.00000610,0.00000604,6,0.00000006,fee increase needed to hold nominal RIN/block revenue unchanged
S4,S4,328860000,0.00000604,0.00000598,6,0.00000006,fee increase needed to hold nominal RIN/block revenue unchanged
S4,S4,329070000,0.00000598,0.00000592,6,0.00000006,fee increase needed to hold nominal RIN/block revenue unchanged
S4,S4,329280000,0.00000592,0.00000586,6,0.00000006,fee increase needed to hold nominal RIN/block revenue unchanged
S4,S4,329490000,0.00000586,0.00000580,6,0.00000006,fee increase needed to hold nominal RIN/block revenue unchanged
S4,S4,329700000,0.00000580,0.00000574,6,0.00000006,fee increase needed to hold nominal RIN/block revenue unchanged
S4,S4,329910000,0.00000574,0.00000568,6,0.00000006,fee increase needed to hold nominal RIN/block revenue unchanged
S4,S4,330120000,0.00000568,0.00000563,5,0.00000005,fee increase needed to hold nominal RIN/block revenue unchanged
S4,S4,330330000,0.00000563,0.00000558,5,0.00000005,fee increase needed to hold nominal RIN/block revenue unchanged
S4,S4,330540000,0.00000558,0.00000553,5,0.00000005,fee increase needed to hold nominal RIN/block revenue unchanged
S4,S4,330750000,0.00000553,0.00000548,5,0.00000005,fee increase needed to hold nominal RIN/block revenue unchanged
S4,S4,330960000,0.00000548,0.00000543,5,0.00000005,fee increase needed to hold nominal RIN/block revenue unchanged
S4,S4,331170000,0.00000543,0.00000538,5,0.00000005,fee increase needed to hold nominal RIN/block revenue unchanged
S4,S4,331380000,0.00000538,0.00000533,5,0.00000005,fee increase needed to hold nominal RIN/block revenue unchanged
S4,S4,331590000,0.00000533,0.00000528,5,0.00000005,fee increase needed to hold nominal RIN/block revenue unchanged
S4,S4,331800000,0.00000528,0.00000523,5,0.00000005,fee increase needed to hold nominal RIN/block revenue unchanged
S4,S4,332010000,0.00000523,0.00000518,5,0.00000005,fee increase needed to hold nominal RIN/block revenue unchanged
S4,S4,332220000,0.00000518,0.00000513,5,0.00000005,fee increase needed to hold nominal RIN/block revenue unchanged
S4,S4,332430000,0.00000513,0.00000508,5,0.00000005,fee increase needed to hold nominal RIN/block revenue unchanged
S4,S4,332640000,0.00000508,0.00000503,5,0.00000005,fee increase needed to hold nominal RIN/block revenue unchanged
S4,S4,332850000,0.00000503,0.00000498,5,0.00000005,fee increase needed to hold nominal RIN/block revenue unchanged
S4,S4,333060000,0.00000498,0.00000493,5,0.00000005,fee increase needed to hold nominal RIN/block revenue unchanged
S4,S4,333270000,0.00000493,0.00000488,5,0.00000005,fee increase needed to hold nominal RIN/block revenue unchanged
S4,S4,333480000,0.00000488,0.00000483,5,0.00000005,fee increase needed to hold nominal RIN/block revenue unchanged
S4,S4,333690000,0.00000483,0.00000478,5,0.00000005,fee increase needed to hold nominal RIN/block revenue unchanged
S4,S4,333900000,0.00000478,0.00000473,5,0.00000005,fee increase needed to hold nominal RIN/block revenue unchanged
S4,S4,334110000,0.00000473,0.00000468,5,0.00000005,fee increase needed to hold nominal RIN/block revenue unchanged
S4,S4,334320000,0.00000468,0.00000463,5,0.00000005,fee increase needed to hold nominal RIN/block revenue unchanged
S4,S4,334530000,0.00000463,0.00000458,5,0.00000005,fee increase needed to hold nominal RIN/block revenue unchanged
S4,S4,334740000,0.00000458,0.00000453,5,0.00000005,fee increase needed to hold nominal RIN/block revenue unchanged
S4,S4,334950000,0.00000453,0.00000449,4,0.00000004,fee increase needed to hold nominal RIN/block revenue unchanged
S4,S4,335160000,0.00000449,0.00000445,4,0.00000004,fee increase needed to hold nominal RIN/block revenue unchanged
S4,S4,335370000,0.00000445,0.00000441,4,0.00000004,fee increase needed to hold nominal RIN/block revenue unchanged
S4,S4,335580000,0.00000441,0.00000437,4,0.00000004,fee increase needed to hold nominal RIN/block revenue unchanged
S4,S4,335790000,0.00000437,0.00000433,4,0.00000004,fee increase needed to hold nominal RIN/block revenue unchanged
S4,S4,336000000,0.00000433,0.00000429,4,0.00000004,fee increase needed to hold nominal RIN/block revenue unchanged
S4,S4,336210000,0.00000429,0.00000425,4,0.00000004,fee increase needed to hold nominal RIN/block revenue unchanged
S4,S4,336420000,0.00000425,0.00000421,4,0.00000004,fee increase needed to hold nominal RIN/block revenue unchanged
S4,S4,336630000,0.00000421,0.00000417,4,0.00000004,fee increase needed to hold nominal RIN/block revenue unchanged
S4,S4,336840000,0.00000417,0.00000413,4,0.00000004,fee increase needed to hold nominal RIN/block revenue unchanged
S4,S4,337050000,0.00000413,0.00000409,4,0.00000004,fee increase needed to hold nominal RIN/block revenue unchanged
S4,S4,337260000,0.00000409,0.00000405,4,0.00000004,fee increase needed to hold nominal RIN/block revenue unchanged
S4,S4,337470000,0.00000405,0.00000401,4,0.00000004,fee increase needed to hold nominal RIN/block revenue unchanged
S4,S4,337680000,0.00000401,0.00000397,4,0.00000004,fee increase needed to hold nominal RIN/block revenue unchanged
S4,S4,337890000,0.00000397,0.00000393,4,0.00000004,fee increase needed to hold nominal RIN/block revenue unchanged
S4,S4,338100000,0.00000393,0.00000389,4,0.00000004,fee increase needed to hold nominal RIN/block revenue unchanged
S4,S4,338310000,0.00000389,0.00000385,4,0.00000004,fee increase needed to hold nominal RIN/block revenue unchanged
S4,S4,338520000,0.00000385,0.00000381,4,0.00000004,fee increase needed to hold nominal RIN/block revenue unchanged
S4,S4,338730000,0.00000381,0.00000377,4,0.00000004,fee increase needed to hold nominal RIN/block revenue unchanged
S4,S4,338940000,0.00000377,0.00000373,4,0.00000004,fee increase needed to hold nominal RIN/block revenue unchanged
S4,S4,339150000,0.00000373,0.00000369,4,0.00000004,fee increase needed to hold nominal RIN/block revenue unchanged
S4,S4,339360000,0.00000369,0.00000365,4,0.00000004,fee increase needed to hold nominal RIN/block revenue unchanged
S4,S4,339570000,0.00000365,0.00000361,4,0.00000004,fee increase needed to hold nominal RIN/block revenue unchanged
S4,S4,339780000,0.00000361,0.00000357,4,0.00000004,fee increase needed to hold nominal RIN/block revenue unchanged
S4,S4,339990000,0.00000357,0.00000353,4,0.00000004,fee increase needed to hold nominal RIN/block revenue unchanged
S4,S4,340200000,0.00000353,0.00000349,4,0.00000004,fee increase needed to hold nominal RIN/block revenue unchanged
S4,S4,340410000,0.00000349,0.00000345,4,0.00000004,fee increase needed to hold nominal RIN/block revenue unchanged
S4,S4,340620000,0.00000345,0.00000341,4,0.00000004,fee increase needed to hold nominal RIN/block revenue unchanged
S4,S4,340830000,0.00000341,0.00000338,3,0.00000003,fee increase needed to hold nominal RIN/block revenue unchanged
S4,S4,341040000,0.00000338,0.00000335,3,0.00000003,fee increase needed to hold nominal RIN/block revenue unchanged
S4,S4,341250000,0.00000335,0.00000332,3,0.00000003,fee increase needed to hold nominal RIN/block revenue unchanged
S4,S4,341460000,0.00000332,0.00000329,3,0.00000003,fee increase needed to hold nominal RIN/block revenue unchanged
S4,S4,341670000,0.00000329,0.00000326,3,0.00000003,fee increase needed to hold nominal RIN/block revenue unchanged
S4,S4,341880000,0.00000326,0.00000323,3,0.00000003,fee increase needed to hold nominal RIN/block revenue unchanged
S4,S4,342090000,0.00000323,0.00000320,3,0.00000003,fee increase needed to hold nominal RIN/block revenue unchanged
S4,S4,342300000,0.00000320,0.00000317,3,0.00000003,fee increase needed to hold nominal RIN/block revenue unchanged
S4,S4,342510000,0.00000317,0.00000314,3,0.00000003,fee increase needed to hold nominal RIN/block revenue unchanged
S4,S4,342720000,0.00000314,0.00000311,3,0.00000003,fee increase needed to hold nominal RIN/block revenue unchanged
S4,S4,342930000,0.00000311,0.00000308,3,0.00000003,fee increase needed to hold nominal RIN/block revenue unchanged
S4,S4,343140000,0.00000308,0.00000305,3,0.00000003,fee increase needed to hold nominal RIN/block revenue unchanged
S4,S4,343350000,0.00000305,0.00000302,3,0.00000003,fee increase needed to hold nominal RIN/block revenue unchanged
S4,S4,343560000,0.00000302,0.00000299,3,0.00000003,fee increase needed to hold nominal RIN/block revenue unchanged
S4,S4,343770000,0.00000299,0.00000296,3,0.00000003,fee increase needed to hold nominal RIN/block revenue unchanged
S4,S4,343980000,0.00000296,0.00000293,3,0.00000003,fee increase needed to hold nominal RIN/block revenue unchanged
S4,S4,344190000,0.00000293,0.00000290,3,0.00000003,fee increase needed to hold nominal RIN/block revenue unchanged
S4,S4,344400000,0.00000290,0.00000287,3,0.00000003,fee increase needed to hold nominal RIN/block revenue unchanged
S4,S4,344610000,0.00000287,0.00000284,3,0.00000003,fee increase needed to hold nominal RIN/block revenue unchanged
S4,S4,344820000,0.00000284,0.00000281,3,0.00000003,fee increase needed to hold nominal RIN/block revenue unchanged
S4,S4,345030000,0.00000281,0.00000278,3,0.00000003,fee increase needed to hold nominal RIN/block revenue unchanged
S4,S4,345240000,0.00000278,0.00000275,3,0.00000003,fee increase needed to hold nominal RIN/block revenue unchanged
S4,S4,345450000,0.00000275,0.00000272,3,0.00000003,fee increase needed to hold nominal RIN/block revenue unchanged
S4,S4,345660000,0.00000272,0.00000269,3,0.00000003,fee increase needed to hold nominal RIN/block revenue unchanged
S4,S4,345870000,0.00000269,0.00000266,3,0.00000003,fee increase needed to hold nominal RIN/block revenue unchanged
S4,S4,346080000,0.00000266,0.00000263,3,0.00000003,fee increase needed to hold nominal RIN/block revenue unchanged
S4,S4,346290000,0.00000263,0.00000260,3,0.00000003,fee increase needed to hold nominal RIN/block revenue unchanged
S4,S4,346500000,0.00000260,0.00000257,3,0.00000003,fee increase needed to hold nominal RIN/block revenue unchanged
S4,S4,346710000,0.00000257,0.00000254,3,0.00000003,fee increase needed to hold nominal RIN/block revenue unchanged
S4,S4,346920000,0.00000254,0.00000251,3,0.00000003,fee increase needed to hold nominal RIN/block revenue unchanged
S4,S4,347130000,0.00000251,0.00000248,3,0.00000003,fee increase needed to hold nominal RIN/block revenue unchanged
S4,S4,347340000,0.00000248,0.00000245,3,0.00000003,fee increase needed to hold nominal RIN/block revenue unchanged
S4,S4,347550000,0.00000245,0.00000242,3,0.00000003,fee increase needed to hold nominal RIN/block revenue unchanged
S4,S4,347760000,0.00000242,0.00000239,3,0.00000003,fee increase needed to hold nominal RIN/block revenue unchanged
S4,S4,347970000,0.00000239,0.00000236,3,0.00000003,fee increase needed to hold nominal RIN/block revenue unchanged
S4,S4,348180000,0.00000236,0.00000233,3,0.00000003,fee increase needed to hold nominal RIN/block revenue unchanged
S4,S4,348390000,0.00000233,0.00000230,3,0.00000003,fee increase needed to hold nominal RIN/block revenue unchanged
S4,S4,348600000,0.00000230,0.00000227,3,0.00000003,fee increase needed to hold nominal RIN/block revenue unchanged
S4,S4,348810000,0.00000227,0.00000225,2,0.00000002,fee increase needed to hold nominal RIN/block revenue unchanged
S4,S4,349020000,0.00000225,0.00000223,2,0.00000002,fee increase needed to hold nominal RIN/block revenue unchanged
S4,S4,349230000,0.00000223,0.00000221,2,0.00000002,fee increase needed to hold nominal RIN/block revenue unchanged
S4,S4,349440000,0.00000221,0.00000219,2,0.00000002,fee increase needed to hold nominal RIN/block revenue unchanged
S4,S4,349650000,0.00000219,0.00000217,2,0.00000002,fee increase needed to hold nominal RIN/block revenue unchanged
S4,S4,349860000,0.00000217,0.00000215,2,0.00000002,fee increase needed to hold nominal RIN/block revenue unchanged
S4,S4,350070000,0.00000215,0.00000213,2,0.00000002,fee increase needed to hold nominal RIN/block revenue unchanged
S4,S4,350280000,0.00000213,0.00000211,2,0.00000002,fee increase needed to hold nominal RIN/block revenue unchanged
S4,S4,350490000,0.00000211,0.00000209,2,0.00000002,fee increase needed to hold nominal RIN/block revenue unchanged
S4,S4,350700000,0.00000209,0.00000207,2,0.00000002,fee increase needed to hold nominal RIN/block revenue unchanged
S4,S4,350910000,0.00000207,0.00000205,2,0.00000002,fee increase needed to hold nominal RIN/block revenue unchanged
S4,S4,351120000,0.00000205,0.00000203,2,0.00000002,fee increase needed to hold nominal RIN/block revenue unchanged
S4,S4,351330000,0.00000203,0.00000201,2,0.00000002,fee increase needed to hold nominal RIN/block revenue unchanged
S4,S4,351540000,0.00000201,0.00000199,2,0.00000002,fee increase needed to hold nominal RIN/block revenue unchanged
S4,S4,351750000,0.00000199,0.00000197,2,0.00000002,fee increase needed to hold nominal RIN/block revenue unchanged
S4,S4,351960000,0.00000197,0.00000195,2,0.00000002,fee increase needed to hold nominal RIN/block revenue unchanged
S4,S4,352170000,0.00000195,0.00000193,2,0.00000002,fee increase needed to hold nominal RIN/block revenue unchanged
S4,S4,352380000,0.00000193,0.00000191,2,0.00000002,fee increase needed to hold nominal RIN/block revenue unchanged
S4,S4,352590000,0.00000191,0.00000189,2,0.00000002,fee increase needed to hold nominal RIN/block revenue unchanged
S4,S4,352800000,0.00000189,0.00000187,2,0.00000002,fee increase needed to hold nominal RIN/block revenue unchanged
S4,S4,353010000,0.00000187,0.00000185,2,0.00000002,fee increase needed to hold nominal RIN/block revenue unchanged
S4,S4,353220000,0.00000185,0.00000183,2,0.00000002,fee increase needed to hold nominal RIN/block revenue unchanged
S4,S4,353430000,0.00000183,0.00000181,2,0.00000002,fee increase needed to hold nominal RIN/block revenue unchanged
S4,S4,353640000,0.00000181,0.00000179,2,0.00000002,fee increase needed to hold nominal RIN/block revenue unchanged
S4,S4,353850000,0.00000179,0.00000177,2,0.00000002,fee increase needed to hold nominal RIN/block revenue unchanged
S4,S4,354060000,0.00000177,0.00000175,2,0.00000002,fee increase needed to hold nominal RIN/block revenue unchanged
S4,S4,354270000,0.00000175,0.00000173,2,0.00000002,fee increase needed to hold nominal RIN/block revenue unchanged
S4,S4,354480000,0.00000173,0.00000171,2,0.00000002,fee increase needed to hold nominal RIN/block revenue unchanged
S4,S4,354690000,0.00000171,0.00000169,2,0.00000002,fee increase needed to hold nominal RIN/block revenue unchanged
S4,S4,354900000,0.00000169,0.00000167,2,0.00000002,fee increase needed to hold nominal RIN/block revenue unchanged
S4,S4,355110000,0.00000167,0.00000165,2,0.00000002,fee increase needed to hold nominal RIN/block revenue unchanged
S4,S4,355320000,0.00000165,0.00000163,2,0.00000002,fee increase needed to hold nominal RIN/block revenue unchanged
S4,S4,355530000,0.00000163,0.00000161,2,0.00000002,fee increase needed to hold nominal RIN/block revenue unchanged
S4,S4,355740000,0.00000161,0.00000159,2,0.00000002,fee increase needed to hold nominal RIN/block revenue unchanged
S4,S4,355950000,0.00000159,0.00000157,2,0.00000002,fee increase needed to hold nominal RIN/block revenue unchanged
S4,S4,356160000,0.00000157,0.00000155,2,0.00000002,fee increase needed to hold nominal RIN/block revenue unchanged
S4,S4,356370000,0.00000155,0.00000153,2,0.00000002,fee increase needed to hold nominal RIN/block revenue unchanged
S4,S4,356580000,0.00000153,0.00000151,2,0.00000002,fee increase needed to hold nominal RIN/block revenue unchanged
S4,S4,356790000,0.00000151,0.00000149,2,0.00000002,fee increase needed to hold nominal RIN/block revenue unchanged
S4,S4,357000000,0.00000149,0.00000147,2,0.00000002,fee increase needed to hold nominal RIN/block revenue unchanged
S4,S4,357210000,0.00000147,0.00000145,2,0.00000002,fee increase needed to hold nominal RIN/block revenue unchanged
S4,S4,357420000,0.00000145,0.00000143,2,0.00000002,fee increase needed to hold nominal RIN/block revenue unchanged
S4,S4,357630000,0.00000143,0.00000141,2,0.00000002,fee increase needed to hold nominal RIN/block revenue unchanged
S4,S4,357840000,0.00000141,0.00000139,2,0.00000002,fee increase needed to hold nominal RIN/block revenue unchanged
S4,S4,358050000,0.00000139,0.00000137,2,0.00000002,fee increase needed to hold nominal RIN/block revenue unchanged
S4,S4,358260000,0.00000137,0.00000135,2,0.00000002,fee increase needed to hold nominal RIN/block revenue unchanged
S4,S4,358470000,0.00000135,0.00000133,2,0.00000002,fee increase needed to hold nominal RIN/block revenue unchanged
S4,S4,358680000,0.00000133,0.00000131,2,0.00000002,fee increase needed to hold nominal RIN/block revenue unchanged
S4,S4,358890000,0.00000131,0.00000129,2,0.00000002,fee increase needed to hold nominal RIN/block revenue unchanged
S4,S4,359100000,0.00000129,0.00000127,2,0.00000002,fee increase needed to hold nominal RIN/block revenue unchanged
S4,S4,359310000,0.00000127,0.00000125,2,0.00000002,fee increase needed to hold nominal RIN/block revenue unchanged
S4,S4,359520000,0.00000125,0.00000123,2,0.00000002,fee increase needed to hold nominal RIN/block revenue unchanged
S4,S4,359730000,0.00000123,0.00000121,2,0.00000002,fee increase needed to hold nominal RIN/block revenue unchanged
S4,S4,359940000,0.00000121,0.00000119,2,0.00000002,fee increase needed to hold nominal RIN/block revenue unchanged
S4,S4,360150000,0.00000119,0.00000117,2,0.00000002,fee increase needed to hold nominal RIN/block revenue unchanged
S4,S4,360360000,0.00000117,0.00000115,2,0.00000002,fee increase needed to hold nominal RIN/block revenue unchanged
S4,S4,360570000,0.00000115,0.00000113,2,0.00000002,fee increase needed to hold nominal RIN/block revenue unchanged
S4,S4,360780000,0.00000113,0.00000112,1,0.00000001,fee increase needed to hold nominal RIN/block revenue unchanged
S4,S4,360990000,0.00000112,0.00000111,1,0.00000001,fee increase needed to hold nominal RIN/block revenue unchanged
S4,S4,361200000,0.00000111,0.00000110,1,0.00000001,fee increase needed to hold nominal RIN/block revenue unchanged
S4,S4,361410000,0.00000110,0.00000109,1,0.00000001,fee increase needed to hold nominal RIN/block revenue unchanged
S4,S4,361620000,0.00000109,0.00000108,1,0.00000001,fee increase needed to hold nominal RIN/block revenue unchanged
S4,S4,361830000,0.00000108,0.00000107,1,0.00000001,fee increase needed to hold nominal RIN/block revenue unchanged
S4,S4,362040000,0.00000107,0.00000106,1,0.00000001,fee increase needed to hold nominal RIN/block revenue unchanged
S4,S4,362250000,0.00000106,0.00000105,1,0.00000001,fee increase needed to hold nominal RIN/block revenue unchanged
S4,S4,362460000,0.00000105,0.00000104,1,0.00000001,fee increase needed to hold nominal RIN/block revenue unchanged
S4,S4,362670000,0.00000104,0.00000103,1,0.00000001,fee increase needed to hold nominal RIN/block revenue unchanged
S4,S4,362880000,0.00000103,0.00000102,1,0.00000001,fee increase needed to hold nominal RIN/block revenue unchanged
S4,S4,363090000,0.00000102,0.00000101,1,0.00000001,fee increase needed to hold nominal RIN/block revenue unchanged
S4,S4,363300000,0.00000101,0.00000100,1,0.00000001,fee increase needed to hold nominal RIN/block revenue unchanged
S4,S4,363510000,0.00000100,0.00000099,1,0.00000001,fee increase needed to hold nominal RIN/block revenue unchanged
S4,S4,363720000,0.00000099,0.00000098,1,0.00000001,fee increase needed to hold nominal RIN/block revenue unchanged
S4,S4,363930000,0.00000098,0.00000097,1,0.00000001,fee increase needed to hold nominal RIN/block revenue unchanged
S4,S4,364140000,0.00000097,0.00000096,1,0.00000001,fee increase needed to hold nominal RIN/block revenue unchanged
S4,S4,364350000,0.00000096,0.00000095,1,0.00000001,fee increase needed to hold nominal RIN/block revenue unchanged
S4,S4,364560000,0.00000095,0.00000094,1,0.00000001,fee increase needed to hold nominal RIN/block revenue unchanged
S4,S4,364770000,0.00000094,0.00000093,1,0.00000001,fee increase needed to hold nominal RIN/block revenue unchanged
S4,S4,364980000,0.00000093,0.00000092,1,0.00000001,fee increase needed to hold nominal RIN/block revenue unchanged
S4,S4,365190000,0.00000092,0.00000091,1,0.00000001,fee increase needed to hold nominal RIN/block revenue unchanged
S4,S4,365400000,0.00000091,0.00000090,1,0.00000001,fee increase needed to hold nominal RIN/block revenue unchanged
S4,S4,365610000,0.00000090,0.00000089,1,0.00000001,fee increase needed to hold nominal RIN/block revenue unchanged
S4,S4,365820000,0.00000089,0.00000088,1,0.00000001,fee increase needed to hold nominal RIN/block revenue unchanged
S4,S4,366030000,0.00000088,0.00000087,1,0.00000001,fee increase needed to hold nominal RIN/block revenue unchanged
S4,S4,366240000,0.00000087,0.00000086,1,0.00000001,fee increase needed to hold nominal RIN/block revenue unchanged
S4,S4,366450000,0.00000086,0.00000085,1,0.00000001,fee increase needed to hold nominal RIN/block revenue unchanged
S4,S4,366660000,0.00000085,0.00000084,1,0.00000001,fee increase needed to hold nominal RIN/block revenue unchanged
S4,S4,366870000,0.00000084,0.00000083,1,0.00000001,fee increase needed to hold nominal RIN/block revenue unchanged
S4,S4,367080000,0.00000083,0.00000082,1,0.00000001,fee increase needed to hold nominal RIN/block revenue unchanged
S4,S4,367290000,0.00000082,0.00000081,1,0.00000001,fee increase needed to hold nominal RIN/block revenue unchanged
S4,S4,367500000,0.00000081,0.00000080,1,0.00000001,fee increase needed to hold nominal RIN/block revenue unchanged
S4,S4,367710000,0.00000080,0.00000079,1,0.00000001,fee increase needed to hold nominal RIN/block revenue unchanged
S4,S4,367920000,0.00000079,0.00000078,1,0.00000001,fee increase needed to hold nominal RIN/block revenue unchanged
S4,S4,368130000,0.00000078,0.00000077,1,0.00000001,fee increase needed to hold nominal RIN/block revenue unchanged
S4,S4,368340000,0.00000077,0.00000076,1,0.00000001,fee increase needed to hold nominal RIN/block revenue unchanged
S4,S4,368550000,0.00000076,0.00000075,1,0.00000001,fee increase needed to hold nominal RIN/block revenue unchanged
S4,S4,368760000,0.00000075,0.00000074,1,0.00000001,fee increase needed to hold nominal RIN/block revenue unchanged
S4,S4,368970000,0.00000074,0.00000073,1,0.00000001,fee increase needed to hold nominal RIN/block revenue unchanged
S4,S4,369180000,0.00000073,0.00000072,1,0.00000001,fee increase needed to hold nominal RIN/block revenue unchanged
S4,S4,369390000,0.00000072,0.00000071,1,0.00000001,fee increase needed to hold nominal RIN/block revenue unchanged
S4,S4,369600000,0.00000071,0.00000070,1,0.00000001,fee increase needed to hold nominal RIN/block revenue unchanged
S4,S4,369810000,0.00000070,0.00000069,1,0.00000001,fee increase needed to hold nominal RIN/block revenue unchanged
S4,S4,370020000,0.00000069,0.00000068,1,0.00000001,fee increase needed to hold nominal RIN/block revenue unchanged
S4,S4,370230000,0.00000068,0.00000067,1,0.00000001,fee increase needed to hold nominal RIN/block revenue unchanged
S4,S4,370440000,0.00000067,0.00000066,1,0.00000001,fee increase needed to hold nominal RIN/block revenue unchanged
S4,S4,370650000,0.00000066,0.00000065,1,0.00000001,fee increase needed to hold nominal RIN/block revenue unchanged
S4,S4,370860000,0.00000065,0.00000064,1,0.00000001,fee increase needed to hold nominal RIN/block revenue unchanged
S4,S4,371070000,0.00000064,0.00000063,1,0.00000001,fee increase needed to hold nominal RIN/block revenue unchanged
S4,S4,371280000,0.00000063,0.00000062,1,0.00000001,fee increase needed to hold nominal RIN/block revenue unchanged
S4,S4,371490000,0.00000062,0.00000061,1,0.00000001,fee increase needed to hold nominal RIN/block revenue unchanged
S4,S4,371700000,0.00000061,0.00000060,1,0.00000001,fee increase needed to hold nominal RIN/block revenue unchanged
S4,S4,371910000,0.00000060,0.00000059,1,0.00000001,fee increase needed to hold nominal RIN/block revenue unchanged
S4,S4,372120000,0.00000059,0.00000058,1,0.00000001,fee increase needed to hold nominal RIN/block revenue unchanged
S4,S4,372330000,0.00000058,0.00000057,1,0.00000001,fee increase needed to hold nominal RIN/block revenue unchanged
S4,S4,372540000,0.00000057,0.00000056,1,0.00000001,fee increase needed to hold nominal RIN/block revenue unchanged
S4,S4,372750000,0.00000056,0.00000055,1,0.00000001,fee increase needed to hold nominal RIN/block revenue unchanged
S4,S4,372960000,0.00000055,0.00000054,1,0.00000001,fee increase needed to hold nominal RIN/block revenue unchanged
S4,S4,373170000,0.00000054,0.00000053,1,0.00000001,fee increase needed to hold nominal RIN/block revenue unchanged
S4,S4,373380000,0.00000053,0.00000052,1,0.00000001,fee increase needed to hold nominal RIN/block revenue unchanged
S4,S4,373590000,0.00000052,0.00000051,1,0.00000001,fee increase needed to hold nominal RIN/block revenue unchanged
S4,S4,373800000,0.00000051,0.00000050,1,0.00000001,fee increase needed to hold nominal RIN/block revenue unchanged
S4,S4,374010000,0.00000050,0.00000049,1,0.00000001,fee increase needed to hold nominal RIN/block revenue unchanged
S4,S4,374220000,0.00000049,0.00000048,1,0.00000001,fee increase needed to hold nominal RIN/block revenue unchanged
S4,S4,374430000,0.00000048,0.00000047,1,0.00000001,fee increase needed to hold nominal RIN/block revenue unchanged
S4,S4,374640000,0.00000047,0.00000046,1,0.00000001,fee increase needed to hold nominal RIN/block revenue unchanged
S4,S4,374850000,0.00000046,0.00000045,1,0.00000001,fee increase needed to hold nominal RIN/block revenue unchanged
S4,S4,375060000,0.00000045,0.00000044,1,0.00000001,fee increase needed to hold nominal RIN/block revenue unchanged
S4,S4,375270000,0.00000044,0.00000043,1,0.00000001,fee increase needed to hold nominal RIN/block revenue unchanged
S4,S4,375480000,0.00000043,0.00000042,1,0.00000001,fee increase needed to hold nominal RIN/block revenue unchanged
S4,S4,375690000,0.00000042,0.00000041,1,0.00000001,fee increase needed to hold nominal RIN/block revenue unchanged
S4,S4,375900000,0.00000041,0.00000040,1,0.00000001,fee increase needed to hold nominal RIN/block revenue unchanged
S4,S4,376110000,0.00000040,0.00000039,1,0.00000001,fee increase needed to hold nominal RIN/block revenue unchanged
S4,S4,376320000,0.00000039,0.00000038,1,0.00000001,fee increase needed to hold nominal RIN/block revenue unchanged
S4,S4,376530000,0.00000038,0.00000037,1,0.00000001,fee increase needed to hold nominal RIN/block revenue unchanged
S4,S4,376740000,0.00000037,0.00000036,1,0.00000001,fee increase needed to hold nominal RIN/block revenue unchanged
S4,S4,376950000,0.00000036,0.00000035,1,0.00000001,fee increase needed to hold nominal RIN/block revenue unchanged
S4,S4,377160000,0.00000035,0.00000034,1,0.00000001,fee increase needed to hold nominal RIN/block revenue unchanged
S4,S4,377370000,0.00000034,0.00000033,1,0.00000001,fee increase needed to hold nominal RIN/block revenue unchanged
S4,S4,377580000,0.00000033,0.00000032,1,0.00000001,fee increase needed to hold nominal RIN/block revenue unchanged
S4,S4,377790000,0.00000032,0.00000031,1,0.00000001,fee increase needed to hold nominal RIN/block revenue unchanged
S4,S4,378000000,0.00000031,0.00000030,1,0.00000001,fee increase needed to hold nominal RIN/block revenue unchanged
S4,S4,378210000,0.00000030,0.00000029,1,0.00000001,fee increase needed to hold nominal RIN/block revenue unchanged
S4,S4,378420000,0.00000029,0.00000028,1,0.00000001,fee increase needed to hold nominal RIN/block revenue unchanged
S4,S4,378630000,0.00000028,0.00000027,1,0.00000001,fee increase needed to hold nominal RIN/block revenue unchanged
S4,S4,378840000,0.00000027,0.00000026,1,0.00000001,fee increase needed to hold nominal RIN/block revenue unchanged
S4,S4,379050000,0.00000026,0.00000025,1,0.00000001,fee increase needed to hold nominal RIN/block revenue unchanged
S4,S4,379260000,0.00000025,0.00000024,1,0.00000001,fee increase needed to hold nominal RIN/block revenue unchanged
S4,S4,379470000,0.00000024,0.00000023,1,0.00000001,fee increase needed to hold nominal RIN/block revenue unchanged
S4,S4,379680000,0.00000023,0.00000022,1,0.00000001,fee increase needed to hold nominal RIN/block revenue unchanged
S4,S4,379890000,0.00000022,0.00000021,1,0.00000001,fee increase needed to hold nominal RIN/block revenue unchanged
S4,S4,380100000,0.00000021,0.00000020,1,0.00000001,fee increase needed to hold nominal RIN/block revenue unchanged
S4,S4,380310000,0.00000020,0.00000019,1,0.00000001,fee increase needed to hold nominal RIN/block revenue unchanged
S4,S4,380520000,0.00000019,0.00000018,1,0.00000001,fee increase needed to hold nominal RIN/block revenue unchanged
S4,S4,380730000,0.00000018,0.00000017,1,0.00000001,fee increase needed to hold nominal RIN/block revenue unchanged
S4,S4,380940000,0.00000017,0.00000016,1,0.00000001,fee increase needed to hold nominal RIN/block revenue unchanged
S4,S4,381150000,0.00000016,0.00000015,1,0.00000001,fee increase needed to hold nominal RIN/block revenue unchanged
S4,S4,381360000,0.00000015,0.00000014,1,0.00000001,fee increase needed to hold nominal RIN/block revenue unchanged
S4,S4,381570000,0.00000014,0.00000013,1,0.00000001,fee increase needed to hold nominal RIN/block revenue unchanged
S4,S4,381780000,0.00000013,0.00000012,1,0.00000001,fee increase needed to hold nominal RIN/block revenue unchanged
S4,S4,381990000,0.00000012,0.00000011,1,0.00000001,fee increase needed to hold nominal RIN/block revenue unchanged
S4,S4,382200000,0.00000011,0.00000010,1,0.00000001,fee increase needed to hold nominal RIN/block revenue unchanged
S4,S4,382410000,0.00000010,0.00000009,1,0.00000001,fee increase needed to hold nominal RIN/block revenue unchanged
S4,S4,382620000,0.00000009,0.00000008,1,0.00000001,fee increase needed to hold nominal RIN/block revenue unchanged
S4,S4,382830000,0.00000008,0.00000007,1,0.00000001,fee increase needed to hold nominal RIN/block revenue unchanged
S4,S4,383040000,0.00000007,0.00000006,1,0.00000001,fee increase needed to hold nominal RIN/block revenue unchanged
S4,S4,383250000,0.00000006,0.00000005,1,0.00000001,fee increase needed to hold nominal RIN/block revenue unchanged
S4,S4,383460000,0.00000005,0.00000004,1,0.00000001,fee increase needed to hold nominal RIN/block revenue unchanged
S4,S4,383670000,0.00000004,0.00000003,1,0.00000001,fee increase needed to hold nominal RIN/block revenue unchanged
S4,S4,383880000,0.00000003,0.00000002,1,0.00000001,fee increase needed to hold nominal RIN/block revenue unchanged
S4,S4,384090000,0.00000002,0.00000001,1,0.00000001,fee increase needed to hold nominal RIN/block revenue unchanged
S5a,S5/a,840000,6.25000000,3.12500000,312500000,3.12500000,fee increase needed to hold nominal RIN/block revenue unchanged
S5a,S5/a,2940000,3.12500000,1.56250000,156250000,1.56250000,fee increase needed to hold nominal RIN/block revenue unchanged
S5a,S5/a,5040000,1.56250000,0.78125000,78125000,0.78125000,fee increase needed to hold nominal RIN/block revenue unchanged
S5a,S5/a,7140000,0.78125000,0.39062500,39062500,0.39062500,fee increase needed to hold nominal RIN/block revenue unchanged
S5a,S5/a,9240000,0.39062500,0.19531250,19531250,0.19531250,fee increase needed to hold nominal RIN/block revenue unchanged
S5a,S5/a,11340000,0.19531250,0.09765625,9765625,0.09765625,fee increase needed to hold nominal RIN/block revenue unchanged
S5a,S5/a,13440000,0.09765625,0.04882812,4882813,0.04882813,fee increase needed to hold nominal RIN/block revenue unchanged
S5a,S5/a,15540000,0.04882812,0.02441406,2441406,0.02441406,fee increase needed to hold nominal RIN/block revenue unchanged
S5a,S5/a,17640000,0.02441406,0.01220703,1220703,0.01220703,fee increase needed to hold nominal RIN/block revenue unchanged
S5a,S5/a,19740000,0.01220703,0.00610351,610352,0.00610352,fee increase needed to hold nominal RIN/block revenue unchanged
S5a,S5/a,21840000,0.00610351,0.00305175,305176,0.00305176,fee increase needed to hold nominal RIN/block revenue unchanged
S5a,S5/a,23940000,0.00305175,0.00152587,152588,0.00152588,fee increase needed to hold nominal RIN/block revenue unchanged
S5a,S5/a,26040000,0.00152587,0.00076293,76294,0.00076294,fee increase needed to hold nominal RIN/block revenue unchanged
S5a,S5/a,28140000,0.00076293,0.00038146,38147,0.00038147,fee increase needed to hold nominal RIN/block revenue unchanged
S5a,S5/a,30240000,0.00038146,0.00019073,19073,0.00019073,fee increase needed to hold nominal RIN/block revenue unchanged
S5a,S5/a,32340000,0.00019073,0.00009536,9537,0.00009537,fee increase needed to hold nominal RIN/block revenue unchanged
S5a,S5/a,34440000,0.00009536,0.00004768,4768,0.00004768,fee increase needed to hold nominal RIN/block revenue unchanged
S5a,S5/a,36540000,0.00004768,0.00002384,2384,0.00002384,fee increase needed to hold nominal RIN/block revenue unchanged
S5a,S5/a,38640000,0.00002384,0.00001192,1192,0.00001192,fee increase needed to hold nominal RIN/block revenue unchanged
S5a,S5/a,40740000,0.00001192,0.00000596,596,0.00000596,fee increase needed to hold nominal RIN/block revenue unchanged
S5a,S5/a,42840000,0.00000596,0.00000298,298,0.00000298,fee increase needed to hold nominal RIN/block revenue unchanged
S5a,S5/a,44940000,0.00000298,0.00000149,149,0.00000149,fee increase needed to hold nominal RIN/block revenue unchanged
S5a,S5/a,47040000,0.00000149,0.00000074,75,0.00000075,fee increase needed to hold nominal RIN/block revenue unchanged
S5a,S5/a,49140000,0.00000074,0.00000037,37,0.00000037,fee increase needed to hold nominal RIN/block revenue unchanged
S5a,S5/a,51240000,0.00000037,0.00000018,19,0.00000019,fee increase needed to hold nominal RIN/block revenue unchanged
S5a,S5/a,53340000,0.00000018,0.00000009,9,0.00000009,fee increase needed to hold nominal RIN/block revenue unchanged
S5a,S5/a,55440000,0.00000009,0.00000004,5,0.00000005,fee increase needed to hold nominal RIN/block revenue unchanged
S5a,S5/a,57540000,0.00000004,0.00000002,2,0.00000002,fee increase needed to hold nominal RIN/block revenue unchanged
S5a,S5/a,59640000,0.00000002,0.00000001,1,0.00000001,fee increase needed to hold nominal RIN/block revenue unchanged
S5B,S5/b,840000,6.25000000,6.25000000,0,0.00000000,fee increase needed to hold nominal RIN/block revenue unchanged
S5B,S5/b,2730000,6.25000000,3.12500000,312500000,3.12500000,fee increase needed to hold nominal RIN/block revenue unchanged
S5B,S5/b,4830000,3.12500000,1.56250000,156250000,1.56250000,fee increase needed to hold nominal RIN/block revenue unchanged
S5B,S5/b,6930000,1.56250000,0.78125000,78125000,0.78125000,fee increase needed to hold nominal RIN/block revenue unchanged
S5B,S5/b,9030000,0.78125000,0.39062500,39062500,0.39062500,fee increase needed to hold nominal RIN/block revenue unchanged
S5B,S5/b,11130000,0.39062500,0.19531250,19531250,0.19531250,fee increase needed to hold nominal RIN/block revenue unchanged
S5B,S5/b,13230000,0.19531250,0.09765625,9765625,0.09765625,fee increase needed to hold nominal RIN/block revenue unchanged
S5B,S5/b,15330000,0.09765625,0.04882812,4882813,0.04882813,fee increase needed to hold nominal RIN/block revenue unchanged
S5B,S5/b,17430000,0.04882812,0.02441406,2441406,0.02441406,fee increase needed to hold nominal RIN/block revenue unchanged
S5B,S5/b,19530000,0.02441406,0.01220703,1220703,0.01220703,fee increase needed to hold nominal RIN/block revenue unchanged
S5B,S5/b,21630000,0.01220703,0.00610351,610352,0.00610352,fee increase needed to hold nominal RIN/block revenue unchanged
S5B,S5/b,23730000,0.00610351,0.00305175,305176,0.00305176,fee increase needed to hold nominal RIN/block revenue unchanged
S5B,S5/b,25830000,0.00305175,0.00152587,152588,0.00152588,fee increase needed to hold nominal RIN/block revenue unchanged
S5B,S5/b,27930000,0.00152587,0.00076293,76294,0.00076294,fee increase needed to hold nominal RIN/block revenue unchanged
S5B,S5/b,30030000,0.00076293,0.00038146,38147,0.00038147,fee increase needed to hold nominal RIN/block revenue unchanged
S5B,S5/b,32130000,0.00038146,0.00019073,19073,0.00019073,fee increase needed to hold nominal RIN/block revenue unchanged
S5B,S5/b,34230000,0.00019073,0.00009536,9537,0.00009537,fee increase needed to hold nominal RIN/block revenue unchanged
S5B,S5/b,36330000,0.00009536,0.00004768,4768,0.00004768,fee increase needed to hold nominal RIN/block revenue unchanged
S5B,S5/b,38430000,0.00004768,0.00002384,2384,0.00002384,fee increase needed to hold nominal RIN/block revenue unchanged
S5B,S5/b,40530000,0.00002384,0.00001192,1192,0.00001192,fee increase needed to hold nominal RIN/block revenue unchanged
S5B,S5/b,42630000,0.00001192,0.00000596,596,0.00000596,fee increase needed to hold nominal RIN/block revenue unchanged
S5B,S5/b,44730000,0.00000596,0.00000298,298,0.00000298,fee increase needed to hold nominal RIN/block revenue unchanged
S5B,S5/b,46830000,0.00000298,0.00000149,149,0.00000149,fee increase needed to hold nominal RIN/block revenue unchanged
S5B,S5/b,48930000,0.00000149,0.00000074,75,0.00000075,fee increase needed to hold nominal RIN/block revenue unchanged
S5B,S5/b,51030000,0.00000074,0.00000037,37,0.00000037,fee increase needed to hold nominal RIN/block revenue unchanged
S5B,S5/b,53130000,0.00000037,0.00000018,19,0.00000019,fee increase needed to hold nominal RIN/block revenue unchanged
S5B,S5/b,55230000,0.00000018,0.00000009,9,0.00000009,fee increase needed to hold nominal RIN/block revenue unchanged
S5B,S5/b,57330000,0.00000009,0.00000004,5,0.00000005,fee increase needed to hold nominal RIN/block revenue unchanged
S5B,S5/b,59430000,0.00000004,0.00000002,2,0.00000002,fee increase needed to hold nominal RIN/block revenue unchanged
S5B,S5/b,61530000,0.00000002,0.00000001,1,0.00000001,fee increase needed to hold nominal RIN/block revenue unchanged
S6a,S6/a,840000,6.25000000,4.00000000,225000000,2.25000000,fee increase needed to hold nominal RIN/block revenue unchanged
S6a,S6/a,2100000,4.00000000,2.00000000,200000000,2.00000000,fee increase needed to hold nominal RIN/block revenue unchanged
S6a,S6/a,4200000,2.00000000,1.00000000,100000000,1.00000000,fee increase needed to hold nominal RIN/block revenue unchanged
S6a,S6/a,6300000,1.00000000,0.50000000,50000000,0.50000000,fee increase needed to hold nominal RIN/block revenue unchanged
S6B,S6/b,840000,6.25000000,4.00000000,225000000,2.25000000,fee increase needed to hold nominal RIN/block revenue unchanged
S6B,S6/b,2100000,4.00000000,2.00000000,200000000,2.00000000,fee increase needed to hold nominal RIN/block revenue unchanged
S6B,S6/b,4200000,2.00000000,1.00000000,100000000,1.00000000,fee increase needed to hold nominal RIN/block revenue unchanged
S6B,S6/b,6300000,1.00000000,0.60000000,40000000,0.40000000,fee increase needed to hold nominal RIN/block revenue unchanged
S6c,S6/c,840000,6.25000000,4.00000000,225000000,2.25000000,fee increase needed to hold nominal RIN/block revenue unchanged
S6c,S6/c,2100000,4.00000000,2.00000000,200000000,2.00000000,fee increase needed to hold nominal RIN/block revenue unchanged
S6c,S6/c,4200000,2.00000000,1.00000000,100000000,1.00000000,fee increase needed to hold nominal RIN/block revenue unchanged
S6c,S6/c,6300000,1.00000000,1.00000000,0,0.00000000,fee increase needed to hold nominal RIN/block revenue unchanged
S6c,S6/c,8400000,1.00000000,0.60000000,40000000,0.40000000,fee increase needed to hold nominal RIN/block revenue unchanged
S7,S7,840000,6.25000000,4.00000000,225000000,2.25000000,fee increase needed to hold nominal RIN/block revenue unchanged
S7,S7,2100000,4.00000000,2.00000000,200000000,2.00000000,fee increase needed to hold nominal RIN/block revenue unchanged
S7,S7,4200000,2.00000000,1.00000000,100000000,1.00000000,fee increase needed to hold nominal RIN/block revenue unchanged
S7,S7,6300000,1.00000000,0.60000000,40000000,0.40000000,fee increase needed to hold nominal RIN/block revenue unchanged
