scenario_id,scenario_display_id,horizon_years,height,price_path,fee_case,hardware_class,subsidy_base_units,fee_base_units_per_block,fee_share_of_gross_rin_revenue_pct,annual_gross_miner_revenue_rin,normalized_price_index,liquidity_realization_pct,annual_gross_miner_revenue_value_index,annual_realizable_miner_revenue_value_index,normalized_annual_break_even_cost,break_even_price_index
S0,S0,0,840000,stress,low,reference,312500000,0,0.00000000,1642500.00000000,1.00000000,70.0,1642500.00000000,1149750.00000000,0.70000000,0.00000061
S0,S0,0,840000,stress,low,efficient,312500000,0,0.00000000,1642500.00000000,1.00000000,70.0,1642500.00000000,1149750.00000000,0.58000000,0.00000051
S0,S0,0,840000,stress,low,high_cost,312500000,0,0.00000000,1642500.00000000,1.00000000,70.0,1642500.00000000,1149750.00000000,0.90000000,0.00000079
S0,S0,0,840000,stress,base,reference,312500000,10003,0.00320086,1642552.57576800,1.00000000,70.0,1642552.57576800,1149786.80303760,0.70000000,0.00000061
S0,S0,0,840000,stress,base,efficient,312500000,10003,0.00320086,1642552.57576800,1.00000000,70.0,1642552.57576800,1149786.80303760,0.58000000,0.00000051
S0,S0,0,840000,stress,base,high_cost,312500000,10003,0.00320086,1642552.57576800,1.00000000,70.0,1642552.57576800,1149786.80303760,0.90000000,0.00000079
S0,S0,0,840000,stress,high,reference,312500000,290698,0.09293691,1644027.90868800,1.00000000,70.0,1644027.90868800,1150819.53608160,0.70000000,0.00000061
S0,S0,0,840000,stress,high,efficient,312500000,290698,0.09293691,1644027.90868800,1.00000000,70.0,1644027.90868800,1150819.53608160,0.58000000,0.00000051
S0,S0,0,840000,stress,high,high_cost,312500000,290698,0.09293691,1644027.90868800,1.00000000,70.0,1644027.90868800,1150819.53608160,0.90000000,0.00000079
S0,S0,0,840000,flat,low,reference,312500000,0,0.00000000,1642500.00000000,1.00000000,90.0,1642500.00000000,1478250.00000000,0.70000000,0.00000048
S0,S0,0,840000,flat,low,efficient,312500000,0,0.00000000,1642500.00000000,1.00000000,90.0,1642500.00000000,1478250.00000000,0.58000000,0.00000040
S0,S0,0,840000,flat,low,high_cost,312500000,0,0.00000000,1642500.00000000,1.00000000,90.0,1642500.00000000,1478250.00000000,0.90000000,0.00000061
S0,S0,0,840000,flat,base,reference,312500000,10003,0.00320086,1642552.57576800,1.00000000,90.0,1642552.57576800,1478297.31819120,0.70000000,0.00000048
S0,S0,0,840000,flat,base,efficient,312500000,10003,0.00320086,1642552.57576800,1.00000000,90.0,1642552.57576800,1478297.31819120,0.58000000,0.00000040
S0,S0,0,840000,flat,base,high_cost,312500000,10003,0.00320086,1642552.57576800,1.00000000,90.0,1642552.57576800,1478297.31819120,0.90000000,0.00000061
S0,S0,0,840000,flat,high,reference,312500000,290698,0.09293691,1644027.90868800,1.00000000,90.0,1644027.90868800,1479625.11781920,0.70000000,0.00000048
S0,S0,0,840000,flat,high,efficient,312500000,290698,0.09293691,1644027.90868800,1.00000000,90.0,1644027.90868800,1479625.11781920,0.58000000,0.00000040
S0,S0,0,840000,flat,high,high_cost,312500000,290698,0.09293691,1644027.90868800,1.00000000,90.0,1644027.90868800,1479625.11781920,0.90000000,0.00000061
S0,S0,0,840000,growth,low,reference,312500000,0,0.00000000,1642500.00000000,1.00000000,80.0,1642500.00000000,1314000.00000000,0.70000000,0.00000054
S0,S0,0,840000,growth,low,efficient,312500000,0,0.00000000,1642500.00000000,1.00000000,80.0,1642500.00000000,1314000.00000000,0.58000000,0.00000045
S0,S0,0,840000,growth,low,high_cost,312500000,0,0.00000000,1642500.00000000,1.00000000,80.0,1642500.00000000,1314000.00000000,0.90000000,0.00000069
S0,S0,0,840000,growth,base,reference,312500000,10003,0.00320086,1642552.57576800,1.00000000,80.0,1642552.57576800,1314042.06061440,0.70000000,0.00000054
S0,S0,0,840000,growth,base,efficient,312500000,10003,0.00320086,1642552.57576800,1.00000000,80.0,1642552.57576800,1314042.06061440,0.58000000,0.00000045
S0,S0,0,840000,growth,base,high_cost,312500000,10003,0.00320086,1642552.57576800,1.00000000,80.0,1642552.57576800,1314042.06061440,0.90000000,0.00000069
S0,S0,0,840000,growth,high,reference,312500000,290698,0.09293691,1644027.90868800,1.00000000,80.0,1644027.90868800,1315222.32695040,0.70000000,0.00000054
S0,S0,0,840000,growth,high,efficient,312500000,290698,0.09293691,1644027.90868800,1.00000000,80.0,1644027.90868800,1315222.32695040,0.58000000,0.00000045
S0,S0,0,840000,growth,high,high_cost,312500000,290698,0.09293691,1644027.90868800,1.00000000,80.0,1644027.90868800,1315222.32695040,0.90000000,0.00000069
S0,S0,1,1365600,stress,low,reference,78125000,0,0.00000000,410625.00000000,0.95000000,70.0,390093.75000000,273065.62500000,0.70000000,0.00000246
S0,S0,1,1365600,stress,low,efficient,78125000,0,0.00000000,410625.00000000,0.95000000,70.0,390093.75000000,273065.62500000,0.58000000,0.00000204
S0,S0,1,1365600,stress,low,high_cost,78125000,0,0.00000000,410625.00000000,0.95000000,70.0,390093.75000000,273065.62500000,0.90000000,0.00000316
S0,S0,1,1365600,stress,base,reference,78125000,10003,0.01280220,410677.57576800,0.95000000,70.0,390143.69697960,273100.58788572,0.70000000,0.00000246
S0,S0,1,1365600,stress,base,efficient,78125000,10003,0.01280220,410677.57576800,0.95000000,70.0,390143.69697960,273100.58788572,0.58000000,0.00000204
S0,S0,1,1365600,stress,base,high_cost,78125000,10003,0.01280220,410677.57576800,0.95000000,70.0,390143.69697960,273100.58788572,0.90000000,0.00000316
S0,S0,1,1365600,stress,high,reference,78125000,290698,0.37071404,412152.90868800,0.95000000,70.0,391545.26325360,274081.68427752,0.70000000,0.00000245
S0,S0,1,1365600,stress,high,efficient,78125000,290698,0.37071404,412152.90868800,0.95000000,70.0,391545.26325360,274081.68427752,0.58000000,0.00000203
S0,S0,1,1365600,stress,high,high_cost,78125000,290698,0.37071404,412152.90868800,0.95000000,70.0,391545.26325360,274081.68427752,0.90000000,0.00000315
S0,S0,1,1365600,flat,low,reference,78125000,0,0.00000000,410625.00000000,1.00000000,90.0,410625.00000000,369562.50000000,0.70000000,0.00000191
S0,S0,1,1365600,flat,low,efficient,78125000,0,0.00000000,410625.00000000,1.00000000,90.0,410625.00000000,369562.50000000,0.58000000,0.00000159
S0,S0,1,1365600,flat,low,high_cost,78125000,0,0.00000000,410625.00000000,1.00000000,90.0,410625.00000000,369562.50000000,0.90000000,0.00000246
S0,S0,1,1365600,flat,base,reference,78125000,10003,0.01280220,410677.57576800,1.00000000,90.0,410677.57576800,369609.81819120,0.70000000,0.00000191
S0,S0,1,1365600,flat,base,efficient,78125000,10003,0.01280220,410677.57576800,1.00000000,90.0,410677.57576800,369609.81819120,0.58000000,0.00000159
S0,S0,1,1365600,flat,base,high_cost,78125000,10003,0.01280220,410677.57576800,1.00000000,90.0,410677.57576800,369609.81819120,0.90000000,0.00000246
S0,S0,1,1365600,flat,high,reference,78125000,290698,0.37071404,412152.90868800,1.00000000,90.0,412152.90868800,370937.61781920,0.70000000,0.00000191
S0,S0,1,1365600,flat,high,efficient,78125000,290698,0.37071404,412152.90868800,1.00000000,90.0,412152.90868800,370937.61781920,0.58000000,0.00000158
S0,S0,1,1365600,flat,high,high_cost,78125000,290698,0.37071404,412152.90868800,1.00000000,90.0,412152.90868800,370937.61781920,0.90000000,0.00000245
S0,S0,1,1365600,growth,low,reference,78125000,0,0.00000000,410625.00000000,1.03000000,80.0,422943.75000000,338355.00000000,0.70000000,0.00000215
S0,S0,1,1365600,growth,low,efficient,78125000,0,0.00000000,410625.00000000,1.03000000,80.0,422943.75000000,338355.00000000,0.58000000,0.00000178
S0,S0,1,1365600,growth,low,high_cost,78125000,0,0.00000000,410625.00000000,1.03000000,80.0,422943.75000000,338355.00000000,0.90000000,0.00000277
S0,S0,1,1365600,growth,base,reference,78125000,10003,0.01280220,410677.57576800,1.03000000,80.0,422997.90304104,338398.32243283,0.70000000,0.00000215
S0,S0,1,1365600,growth,base,efficient,78125000,10003,0.01280220,410677.57576800,1.03000000,80.0,422997.90304104,338398.32243283,0.58000000,0.00000178
S0,S0,1,1365600,growth,base,high_cost,78125000,10003,0.01280220,410677.57576800,1.03000000,80.0,422997.90304104,338398.32243283,0.90000000,0.00000277
S0,S0,1,1365600,growth,high,reference,78125000,290698,0.37071404,412152.90868800,1.03000000,80.0,424517.49594864,339613.99675891,0.70000000,0.00000214
S0,S0,1,1365600,growth,high,efficient,78125000,290698,0.37071404,412152.90868800,1.03000000,80.0,424517.49594864,339613.99675891,0.58000000,0.00000178
S0,S0,1,1365600,growth,high,high_cost,78125000,290698,0.37071404,412152.90868800,1.03000000,80.0,424517.49594864,339613.99675891,0.90000000,0.00000276
S0,S0,2,1891200,stress,low,reference,9765625,0,0.00000000,51328.12500000,0.90250000,70.0,46323.63281250,32426.54296875,0.70000000,0.00001968
S0,S0,2,1891200,stress,low,efficient,9765625,0,0.00000000,51328.12500000,0.90250000,70.0,46323.63281250,32426.54296875,0.58000000,0.00001631
S0,S0,2,1891200,stress,low,high_cost,9765625,0,0.00000000,51328.12500000,0.90250000,70.0,46323.63281250,32426.54296875,0.90000000,0.00002530
S0,S0,2,1891200,stress,base,reference,9765625,10003,0.10232591,51380.70076800,0.90250000,70.0,46371.08244312,32459.75771018,0.70000000,0.00001966
S0,S0,2,1891200,stress,base,efficient,9765625,10003,0.10232591,51380.70076800,0.90250000,70.0,46371.08244312,32459.75771018,0.58000000,0.00001629
S0,S0,2,1891200,stress,base,high_cost,9765625,10003,0.10232591,51380.70076800,0.90250000,70.0,46371.08244312,32459.75771018,0.90000000,0.00002528
S0,S0,2,1891200,stress,high,reference,9765625,290698,2.89069872,52856.03368800,0.90250000,70.0,47702.57040342,33391.79928239,0.70000000,0.00001911
S0,S0,2,1891200,stress,high,efficient,9765625,290698,2.89069872,52856.03368800,0.90250000,70.0,47702.57040342,33391.79928239,0.58000000,0.00001583
S0,S0,2,1891200,stress,high,high_cost,9765625,290698,2.89069872,52856.03368800,0.90250000,70.0,47702.57040342,33391.79928239,0.90000000,0.00002457
S0,S0,2,1891200,flat,low,reference,9765625,0,0.00000000,51328.12500000,1.00000000,90.0,51328.12500000,46195.31250000,0.70000000,0.00001531
S0,S0,2,1891200,flat,low,efficient,9765625,0,0.00000000,51328.12500000,1.00000000,90.0,51328.12500000,46195.31250000,0.58000000,0.00001268
S0,S0,2,1891200,flat,low,high_cost,9765625,0,0.00000000,51328.12500000,1.00000000,90.0,51328.12500000,46195.31250000,0.90000000,0.00001968
S0,S0,2,1891200,flat,base,reference,9765625,10003,0.10232591,51380.70076800,1.00000000,90.0,51380.70076800,46242.63069120,0.70000000,0.00001529
S0,S0,2,1891200,flat,base,efficient,9765625,10003,0.10232591,51380.70076800,1.00000000,90.0,51380.70076800,46242.63069120,0.58000000,0.00001267
S0,S0,2,1891200,flat,base,high_cost,9765625,10003,0.10232591,51380.70076800,1.00000000,90.0,51380.70076800,46242.63069120,0.90000000,0.00001966
S0,S0,2,1891200,flat,high,reference,9765625,290698,2.89069872,52856.03368800,1.00000000,90.0,52856.03368800,47570.43031920,0.70000000,0.00001486
S0,S0,2,1891200,flat,high,efficient,9765625,290698,2.89069872,52856.03368800,1.00000000,90.0,52856.03368800,47570.43031920,0.58000000,0.00001232
S0,S0,2,1891200,flat,high,high_cost,9765625,290698,2.89069872,52856.03368800,1.00000000,90.0,52856.03368800,47570.43031920,0.90000000,0.00001911
S0,S0,2,1891200,growth,low,reference,9765625,0,0.00000000,51328.12500000,1.06090000,80.0,54454.00781250,43563.20625000,0.70000000,0.00001722
S0,S0,2,1891200,growth,low,efficient,9765625,0,0.00000000,51328.12500000,1.06090000,80.0,54454.00781250,43563.20625000,0.58000000,0.00001427
S0,S0,2,1891200,growth,low,high_cost,9765625,0,0.00000000,51328.12500000,1.06090000,80.0,54454.00781250,43563.20625000,0.90000000,0.00002214
S0,S0,2,1891200,growth,base,reference,9765625,10003,0.10232591,51380.70076800,1.06090000,80.0,54509.78544477,43607.82835582,0.70000000,0.00001720
S0,S0,2,1891200,growth,base,efficient,9765625,10003,0.10232591,51380.70076800,1.06090000,80.0,54509.78544477,43607.82835582,0.58000000,0.00001425
S0,S0,2,1891200,growth,base,high_cost,9765625,10003,0.10232591,51380.70076800,1.06090000,80.0,54509.78544477,43607.82835582,0.90000000,0.00002212
S0,S0,2,1891200,growth,high,reference,9765625,290698,2.89069872,52856.03368800,1.06090000,80.0,56074.96613960,44859.97291168,0.70000000,0.00001672
S0,S0,2,1891200,growth,high,efficient,9765625,290698,2.89069872,52856.03368800,1.06090000,80.0,56074.96613960,44859.97291168,0.58000000,0.00001386
S0,S0,2,1891200,growth,high,high_cost,9765625,290698,2.89069872,52856.03368800,1.06090000,80.0,56074.96613960,44859.97291168,0.90000000,0.00002150
S0,S0,5,3468000,stress,low,reference,76293,0,0.00000000,400.99600800,0.77378094,70.0,310.28306700,217.19814690,0.70000000,0.00251898
S0,S0,5,3468000,stress,low,efficient,76293,0,0.00000000,400.99600800,0.77378094,70.0,310.28306700,217.19814690,0.58000000,0.00208716
S0,S0,5,3468000,stress,low,high_cost,76293,0,0.00000000,400.99600800,0.77378094,70.0,310.28306700,217.19814690,0.90000000,0.00323869
S0,S0,5,3468000,stress,base,reference,76293,10003,11.59149903,453.57177600,0.77378094,70.0,350.96519406,245.67563584,0.70000000,0.00222699
S0,S0,5,3468000,stress,base,efficient,76293,10003,11.59149903,453.57177600,0.77378094,70.0,350.96519406,245.67563584,0.58000000,0.00184522
S0,S0,5,3468000,stress,base,high_cost,76293,10003,11.59149903,453.57177600,0.77378094,70.0,350.96519406,245.67563584,0.90000000,0.00286328
S0,S0,5,3468000,stress,high,reference,76293,290698,79.21120681,1928.90469600,0.77378094,70.0,1492.54968402,1044.78477881,0.70000000,0.00052367
S0,S0,5,3468000,stress,high,efficient,76293,290698,79.21120681,1928.90469600,0.77378094,70.0,1492.54968402,1044.78477881,0.58000000,0.00043389
S0,S0,5,3468000,stress,high,high_cost,76293,290698,79.21120681,1928.90469600,0.77378094,70.0,1492.54968402,1044.78477881,0.90000000,0.00067328
S0,S0,5,3468000,flat,low,reference,76293,0,0.00000000,400.99600800,1.00000000,90.0,400.99600800,360.89640720,0.70000000,0.00195921
S0,S0,5,3468000,flat,low,efficient,76293,0,0.00000000,400.99600800,1.00000000,90.0,400.99600800,360.89640720,0.58000000,0.00162334
S0,S0,5,3468000,flat,low,high_cost,76293,0,0.00000000,400.99600800,1.00000000,90.0,400.99600800,360.89640720,0.90000000,0.00251898
S0,S0,5,3468000,flat,base,reference,76293,10003,11.59149903,453.57177600,1.00000000,90.0,453.57177600,408.21459840,0.70000000,0.00173211
S0,S0,5,3468000,flat,base,efficient,76293,10003,11.59149903,453.57177600,1.00000000,90.0,453.57177600,408.21459840,0.58000000,0.00143517
S0,S0,5,3468000,flat,base,high_cost,76293,10003,11.59149903,453.57177600,1.00000000,90.0,453.57177600,408.21459840,0.90000000,0.00222699
S0,S0,5,3468000,flat,high,reference,76293,290698,79.21120681,1928.90469600,1.00000000,90.0,1928.90469600,1736.01422640,0.70000000,0.00040730
S0,S0,5,3468000,flat,high,efficient,76293,290698,79.21120681,1928.90469600,1.00000000,90.0,1928.90469600,1736.01422640,0.58000000,0.00033747
S0,S0,5,3468000,flat,high,high_cost,76293,290698,79.21120681,1928.90469600,1.00000000,90.0,1928.90469600,1736.01422640,0.90000000,0.00052367
S0,S0,5,3468000,growth,low,reference,76293,0,0.00000000,400.99600800,1.15927407,80.0,464.86427597,371.89142078,0.70000000,0.00220411
S0,S0,5,3468000,growth,low,efficient,76293,0,0.00000000,400.99600800,1.15927407,80.0,464.86427597,371.89142078,0.58000000,0.00182626
S0,S0,5,3468000,growth,low,high_cost,76293,0,0.00000000,400.99600800,1.15927407,80.0,464.86427597,371.89142078,0.90000000,0.00283385
S0,S0,5,3468000,growth,base,reference,76293,10003,11.59149903,453.57177600,1.15927407,80.0,525.81400075,420.65120060,0.70000000,0.00194862
S0,S0,5,3468000,growth,base,efficient,76293,10003,11.59149903,453.57177600,1.15927407,80.0,525.81400075,420.65120060,0.58000000,0.00161457
S0,S0,5,3468000,growth,base,high_cost,76293,10003,11.59149903,453.57177600,1.15927407,80.0,525.81400075,420.65120060,0.90000000,0.00250537
S0,S0,5,3468000,growth,high,reference,76293,290698,79.21120681,1928.90469600,1.15927407,80.0,2236.12920587,1788.90336469,0.70000000,0.00045821
S0,S0,5,3468000,growth,high,efficient,76293,290698,79.21120681,1928.90469600,1.15927407,80.0,2236.12920587,1788.90336469,0.58000000,0.00037966
S0,S0,5,3468000,growth,high,high_cost,76293,290698,79.21120681,1928.90469600,1.15927407,80.0,2236.12920587,1788.90336469,0.90000000,0.00058912
S0,S0,10,6096000,stress,low,reference,9,0,0.00000000,0.04730400,0.59873694,70.0,0.02832265,0.01982586,0.70000000,21.35339528
S0,S0,10,6096000,stress,low,efficient,9,0,0.00000000,0.04730400,0.59873694,70.0,0.02832265,0.01982586,0.58000000,17.69281323
S0,S0,10,6096000,stress,low,high_cost,9,0,0.00000000,0.04730400,0.59873694,70.0,0.02832265,0.01982586,0.90000000,27.45436535
S0,S0,10,6096000,stress,base,reference,9,10003,99.91010787,52.62307200,0.59873694,70.0,31.50737706,22.05516394,0.70000000,0.01919502
S0,S0,10,6096000,stress,base,efficient,9,10003,99.91010787,52.62307200,0.59873694,70.0,31.50737706,22.05516394,0.58000000,0.01590445
S0,S0,10,6096000,stress,base,high_cost,9,10003,99.91010787,52.62307200,0.59873694,70.0,31.50737706,22.05516394,0.90000000,0.02467931
S0,S0,10,6096000,stress,high,reference,9,290698,99.99690410,1527.95599200,0.59873694,70.0,914.84369394,640.39058576,0.70000000,0.00066108
S0,S0,10,6096000,stress,high,efficient,9,290698,99.99690410,1527.95599200,0.59873694,70.0,914.84369394,640.39058576,0.58000000,0.00054775
S0,S0,10,6096000,stress,high,high_cost,9,290698,99.99690410,1527.95599200,0.59873694,70.0,914.84369394,640.39058576,0.90000000,0.00084996
S0,S0,10,6096000,flat,low,reference,9,0,0.00000000,0.04730400,1.00000000,90.0,0.04730400,0.04257360,0.70000000,16.60819633
S0,S0,10,6096000,flat,low,efficient,9,0,0.00000000,0.04730400,1.00000000,90.0,0.04730400,0.04257360,0.58000000,13.76107696
S0,S0,10,6096000,flat,low,high_cost,9,0,0.00000000,0.04730400,1.00000000,90.0,0.04730400,0.04257360,0.90000000,21.35339528
S0,S0,10,6096000,flat,base,reference,9,10003,99.91010787,52.62307200,1.00000000,90.0,52.62307200,47.36076480,0.70000000,0.01492946
S0,S0,10,6096000,flat,base,efficient,9,10003,99.91010787,52.62307200,1.00000000,90.0,52.62307200,47.36076480,0.58000000,0.01237013
S0,S0,10,6096000,flat,base,high_cost,9,10003,99.91010787,52.62307200,1.00000000,90.0,52.62307200,47.36076480,0.90000000,0.01919502
S0,S0,10,6096000,flat,high,reference,9,290698,99.99690410,1527.95599200,1.00000000,90.0,1527.95599200,1375.16039280,0.70000000,0.00051417
S0,S0,10,6096000,flat,high,efficient,9,290698,99.99690410,1527.95599200,1.00000000,90.0,1527.95599200,1375.16039280,0.58000000,0.00042603
S0,S0,10,6096000,flat,high,high_cost,9,290698,99.99690410,1527.95599200,1.00000000,90.0,1527.95599200,1375.16039280,0.90000000,0.00066108
S0,S0,10,6096000,growth,low,reference,9,0,0.00000000,0.04730400,1.34391638,80.0,0.06357262,0.05085810,0.70000000,18.68422087
S0,S0,10,6096000,growth,low,efficient,9,0,0.00000000,0.04730400,1.34391638,80.0,0.06357262,0.05085810,0.58000000,15.48121157
S0,S0,10,6096000,growth,low,high_cost,9,0,0.00000000,0.04730400,1.34391638,80.0,0.06357262,0.05085810,0.90000000,24.02256968
S0,S0,10,6096000,growth,base,reference,9,10003,99.91010787,52.62307200,1.34391638,80.0,70.72100839,56.57680671,0.70000000,0.01679564
S0,S0,10,6096000,growth,base,efficient,9,10003,99.91010787,52.62307200,1.34391638,80.0,70.72100839,56.57680671,0.58000000,0.01391639
S0,S0,10,6096000,growth,base,high_cost,9,10003,99.91010787,52.62307200,1.34391638,80.0,70.72100839,56.57680671,0.90000000,0.02159440
S0,S0,10,6096000,growth,high,reference,9,290698,99.99690410,1527.95599200,1.34391638,80.0,2053.44508457,1642.75606765,0.70000000,0.00057844
S0,S0,10,6096000,growth,high,efficient,9,290698,99.99690410,1527.95599200,1.34391638,80.0,2053.44508457,1642.75606765,0.58000000,0.00047928
S0,S0,10,6096000,growth,high,high_cost,9,290698,99.99690410,1527.95599200,1.34391638,80.0,2053.44508457,1642.75606765,0.90000000,0.00074371
S0,S0,25,13980000,stress,low,reference,0,0,0.00000000,0.00000000,0.27738957,70.0,0.00000000,0.00000000,0.70000000,0.00000000
S0,S0,25,13980000,stress,low,efficient,0,0,0.00000000,0.00000000,0.27738957,70.0,0.00000000,0.00000000,0.58000000,0.00000000
S0,S0,25,13980000,stress,low,high_cost,0,0,0.00000000,0.00000000,0.27738957,70.0,0.00000000,0.00000000,0.90000000,0.00000000
S0,S0,25,13980000,stress,base,reference,0,10003,100.00000000,52.57576800,0.27738957,70.0,14.58396984,10.20877889,0.70000000,0.01921229
S0,S0,25,13980000,stress,base,efficient,0,10003,100.00000000,52.57576800,0.27738957,70.0,14.58396984,10.20877889,0.58000000,0.01591876
S0,S0,25,13980000,stress,base,high_cost,0,10003,100.00000000,52.57576800,0.27738957,70.0,14.58396984,10.20877889,0.90000000,0.02470152
S0,S0,25,13980000,stress,high,reference,0,290698,100.00000000,1527.90868800,0.27738957,70.0,423.82593873,296.67815711,0.70000000,0.00066110
S0,S0,25,13980000,stress,high,efficient,0,290698,100.00000000,1527.90868800,0.27738957,70.0,423.82593873,296.67815711,0.58000000,0.00054777
S0,S0,25,13980000,stress,high,high_cost,0,290698,100.00000000,1527.90868800,0.27738957,70.0,423.82593873,296.67815711,0.90000000,0.00084999
S0,S0,25,13980000,flat,low,reference,0,0,0.00000000,0.00000000,1.00000000,90.0,0.00000000,0.00000000,0.70000000,0.00000000
S0,S0,25,13980000,flat,low,efficient,0,0,0.00000000,0.00000000,1.00000000,90.0,0.00000000,0.00000000,0.58000000,0.00000000
S0,S0,25,13980000,flat,low,high_cost,0,0,0.00000000,0.00000000,1.00000000,90.0,0.00000000,0.00000000,0.90000000,0.00000000
S0,S0,25,13980000,flat,base,reference,0,10003,100.00000000,52.57576800,1.00000000,90.0,52.57576800,47.31819120,0.70000000,0.01494289
S0,S0,25,13980000,flat,base,efficient,0,10003,100.00000000,52.57576800,1.00000000,90.0,52.57576800,47.31819120,0.58000000,0.01238125
S0,S0,25,13980000,flat,base,high_cost,0,10003,100.00000000,52.57576800,1.00000000,90.0,52.57576800,47.31819120,0.90000000,0.01921229
S0,S0,25,13980000,flat,high,reference,0,290698,100.00000000,1527.90868800,1.00000000,90.0,1527.90868800,1375.11781920,0.70000000,0.00051419
S0,S0,25,13980000,flat,high,efficient,0,290698,100.00000000,1527.90868800,1.00000000,90.0,1527.90868800,1375.11781920,0.58000000,0.00042604
S0,S0,25,13980000,flat,high,high_cost,0,290698,100.00000000,1527.90868800,1.00000000,90.0,1527.90868800,1375.11781920,0.90000000,0.00066110
S0,S0,25,13980000,growth,low,reference,0,0,0.00000000,0.00000000,2.09377793,80.0,0.00000000,0.00000000,0.70000000,0.00000000
S0,S0,25,13980000,growth,low,efficient,0,0,0.00000000,0.00000000,2.09377793,80.0,0.00000000,0.00000000,0.58000000,0.00000000
S0,S0,25,13980000,growth,low,high_cost,0,0,0.00000000,0.00000000,2.09377793,80.0,0.00000000,0.00000000,0.90000000,0.00000000
S0,S0,25,13980000,growth,base,reference,0,10003,100.00000000,52.57576800,2.09377793,80.0,110.08198267,88.06558614,0.70000000,0.01681076
S0,S0,25,13980000,growth,base,efficient,0,10003,100.00000000,52.57576800,2.09377793,80.0,110.08198267,88.06558614,0.58000000,0.01392891
S0,S0,25,13980000,growth,base,high_cost,0,10003,100.00000000,52.57576800,2.09377793,80.0,110.08198267,88.06558614,0.90000000,0.02161383
S0,S0,25,13980000,growth,high,reference,0,290698,100.00000000,1527.90868800,2.09377793,80.0,3199.10148946,2559.28119157,0.70000000,0.00057846
S0,S0,25,13980000,growth,high,efficient,0,290698,100.00000000,1527.90868800,2.09377793,80.0,3199.10148946,2559.28119157,0.58000000,0.00047930
S0,S0,25,13980000,growth,high,high_cost,0,290698,100.00000000,1527.90868800,2.09377793,80.0,3199.10148946,2559.28119157,0.90000000,0.00074374
S0,S0,50,27120000,stress,low,reference,0,0,0.00000000,0.00000000,0.07694498,70.0,0.00000000,0.00000000,0.70000000,0.00000000
S0,S0,50,27120000,stress,low,efficient,0,0,0.00000000,0.00000000,0.07694498,70.0,0.00000000,0.00000000,0.58000000,0.00000000
S0,S0,50,27120000,stress,low,high_cost,0,0,0.00000000,0.00000000,0.07694498,70.0,0.00000000,0.00000000,0.90000000,0.00000000
S0,S0,50,27120000,stress,base,reference,0,10003,100.00000000,52.57576800,0.07694498,70.0,4.04544117,2.83180882,0.70000000,0.01921229
S0,S0,50,27120000,stress,base,efficient,0,10003,100.00000000,52.57576800,0.07694498,70.0,4.04544117,2.83180882,0.58000000,0.01591876
S0,S0,50,27120000,stress,base,high_cost,0,10003,100.00000000,52.57576800,0.07694498,70.0,4.04544117,2.83180882,0.90000000,0.02470152
S0,S0,50,27120000,stress,high,reference,0,290698,100.00000000,1527.90868800,0.07694498,70.0,117.56489622,82.29542736,0.70000000,0.00066110
S0,S0,50,27120000,stress,high,efficient,0,290698,100.00000000,1527.90868800,0.07694498,70.0,117.56489622,82.29542736,0.58000000,0.00054777
S0,S0,50,27120000,stress,high,high_cost,0,290698,100.00000000,1527.90868800,0.07694498,70.0,117.56489622,82.29542736,0.90000000,0.00084999
S0,S0,50,27120000,flat,low,reference,0,0,0.00000000,0.00000000,1.00000000,90.0,0.00000000,0.00000000,0.70000000,0.00000000
S0,S0,50,27120000,flat,low,efficient,0,0,0.00000000,0.00000000,1.00000000,90.0,0.00000000,0.00000000,0.58000000,0.00000000
S0,S0,50,27120000,flat,low,high_cost,0,0,0.00000000,0.00000000,1.00000000,90.0,0.00000000,0.00000000,0.90000000,0.00000000
S0,S0,50,27120000,flat,base,reference,0,10003,100.00000000,52.57576800,1.00000000,90.0,52.57576800,47.31819120,0.70000000,0.01494289
S0,S0,50,27120000,flat,base,efficient,0,10003,100.00000000,52.57576800,1.00000000,90.0,52.57576800,47.31819120,0.58000000,0.01238125
S0,S0,50,27120000,flat,base,high_cost,0,10003,100.00000000,52.57576800,1.00000000,90.0,52.57576800,47.31819120,0.90000000,0.01921229
S0,S0,50,27120000,flat,high,reference,0,290698,100.00000000,1527.90868800,1.00000000,90.0,1527.90868800,1375.11781920,0.70000000,0.00051419
S0,S0,50,27120000,flat,high,efficient,0,290698,100.00000000,1527.90868800,1.00000000,90.0,1527.90868800,1375.11781920,0.58000000,0.00042604
S0,S0,50,27120000,flat,high,high_cost,0,290698,100.00000000,1527.90868800,1.00000000,90.0,1527.90868800,1375.11781920,0.90000000,0.00066110
S0,S0,50,27120000,growth,low,reference,0,0,0.00000000,0.00000000,4.38390602,80.0,0.00000000,0.00000000,0.70000000,0.00000000
S0,S0,50,27120000,growth,low,efficient,0,0,0.00000000,0.00000000,4.38390602,80.0,0.00000000,0.00000000,0.58000000,0.00000000
S0,S0,50,27120000,growth,low,high_cost,0,0,0.00000000,0.00000000,4.38390602,80.0,0.00000000,0.00000000,0.90000000,0.00000000
S0,S0,50,27120000,growth,base,reference,0,10003,100.00000000,52.57576800,4.38390602,80.0,230.48722577,184.38978062,0.70000000,0.01681076
S0,S0,50,27120000,growth,base,efficient,0,10003,100.00000000,52.57576800,4.38390602,80.0,230.48722577,184.38978062,0.58000000,0.01392891
S0,S0,50,27120000,growth,base,high_cost,0,10003,100.00000000,52.57576800,4.38390602,80.0,230.48722577,184.38978062,0.90000000,0.02161383
S0,S0,50,27120000,growth,high,reference,0,290698,100.00000000,1527.90868800,4.38390602,80.0,6698.20809336,5358.56647469,0.70000000,0.00057846
S0,S0,50,27120000,growth,high,efficient,0,290698,100.00000000,1527.90868800,4.38390602,80.0,6698.20809336,5358.56647469,0.58000000,0.00047930
S0,S0,50,27120000,growth,high,high_cost,0,290698,100.00000000,1527.90868800,4.38390602,80.0,6698.20809336,5358.56647469,0.90000000,0.00074374
S0,S0,100,53400000,stress,low,reference,0,0,0.00000000,0.00000000,0.00592053,70.0,0.00000000,0.00000000,0.70000000,0.00000000
S0,S0,100,53400000,stress,low,efficient,0,0,0.00000000,0.00000000,0.00592053,70.0,0.00000000,0.00000000,0.58000000,0.00000000
S0,S0,100,53400000,stress,low,high_cost,0,0,0.00000000,0.00000000,0.00592053,70.0,0.00000000,0.00000000,0.90000000,0.00000000
S0,S0,100,53400000,stress,base,reference,0,10003,100.00000000,52.57576800,0.00592053,70.0,0.31127637,0.21789346,0.70000000,0.01921229
S0,S0,100,53400000,stress,base,efficient,0,10003,100.00000000,52.57576800,0.00592053,70.0,0.31127637,0.21789346,0.58000000,0.01591876
S0,S0,100,53400000,stress,base,high_cost,0,10003,100.00000000,52.57576800,0.00592053,70.0,0.31127637,0.21789346,0.90000000,0.02470152
S0,S0,100,53400000,stress,high,reference,0,290698,100.00000000,1527.90868800,0.00592053,70.0,9.04602803,6.33221962,0.70000000,0.00066110
S0,S0,100,53400000,stress,high,efficient,0,290698,100.00000000,1527.90868800,0.00592053,70.0,9.04602803,6.33221962,0.58000000,0.00054777
S0,S0,100,53400000,stress,high,high_cost,0,290698,100.00000000,1527.90868800,0.00592053,70.0,9.04602803,6.33221962,0.90000000,0.00084999
S0,S0,100,53400000,flat,low,reference,0,0,0.00000000,0.00000000,1.00000000,90.0,0.00000000,0.00000000,0.70000000,0.00000000
S0,S0,100,53400000,flat,low,efficient,0,0,0.00000000,0.00000000,1.00000000,90.0,0.00000000,0.00000000,0.58000000,0.00000000
S0,S0,100,53400000,flat,low,high_cost,0,0,0.00000000,0.00000000,1.00000000,90.0,0.00000000,0.00000000,0.90000000,0.00000000
S0,S0,100,53400000,flat,base,reference,0,10003,100.00000000,52.57576800,1.00000000,90.0,52.57576800,47.31819120,0.70000000,0.01494289
S0,S0,100,53400000,flat,base,efficient,0,10003,100.00000000,52.57576800,1.00000000,90.0,52.57576800,47.31819120,0.58000000,0.01238125
S0,S0,100,53400000,flat,base,high_cost,0,10003,100.00000000,52.57576800,1.00000000,90.0,52.57576800,47.31819120,0.90000000,0.01921229
S0,S0,100,53400000,flat,high,reference,0,290698,100.00000000,1527.90868800,1.00000000,90.0,1527.90868800,1375.11781920,0.70000000,0.00051419
S0,S0,100,53400000,flat,high,efficient,0,290698,100.00000000,1527.90868800,1.00000000,90.0,1527.90868800,1375.11781920,0.58000000,0.00042604
S0,S0,100,53400000,flat,high,high_cost,0,290698,100.00000000,1527.90868800,1.00000000,90.0,1527.90868800,1375.11781920,0.90000000,0.00066110
S0,S0,100,53400000,growth,low,reference,0,0,0.00000000,0.00000000,19.21863198,80.0,0.00000000,0.00000000,0.70000000,0.00000000
S0,S0,100,53400000,growth,low,efficient,0,0,0.00000000,0.00000000,19.21863198,80.0,0.00000000,0.00000000,0.58000000,0.00000000
S0,S0,100,53400000,growth,low,high_cost,0,0,0.00000000,0.00000000,19.21863198,80.0,0.00000000,0.00000000,0.90000000,0.00000000
S0,S0,100,53400000,growth,base,reference,0,10003,100.00000000,52.57576800,19.21863198,80.0,1010.43433630,808.34746904,0.70000000,0.01681076
S0,S0,100,53400000,growth,base,efficient,0,10003,100.00000000,52.57576800,19.21863198,80.0,1010.43433630,808.34746904,0.58000000,0.01392891
S0,S0,100,53400000,growth,base,high_cost,0,10003,100.00000000,52.57576800,19.21863198,80.0,1010.43433630,808.34746904,0.90000000,0.02161383
S0,S0,100,53400000,growth,high,reference,0,290698,100.00000000,1527.90868800,19.21863198,80.0,29364.31477502,23491.45182002,0.70000000,0.00057846
S0,S0,100,53400000,growth,high,efficient,0,290698,100.00000000,1527.90868800,19.21863198,80.0,29364.31477502,23491.45182002,0.58000000,0.00047930
S0,S0,100,53400000,growth,high,high_cost,0,290698,100.00000000,1527.90868800,19.21863198,80.0,29364.31477502,23491.45182002,0.90000000,0.00074374
S0,S0,250,132240000,stress,low,reference,0,0,0.00000000,0.00000000,0.00000270,70.0,0.00000000,0.00000000,0.70000000,0.00000000
S0,S0,250,132240000,stress,low,efficient,0,0,0.00000000,0.00000000,0.00000270,70.0,0.00000000,0.00000000,0.58000000,0.00000000
S0,S0,250,132240000,stress,low,high_cost,0,0,0.00000000,0.00000000,0.00000270,70.0,0.00000000,0.00000000,0.90000000,0.00000000
S0,S0,250,132240000,stress,base,reference,0,10003,100.00000000,52.57576800,0.00000270,70.0,0.00014180,0.00009926,0.70000000,0.01921229
S0,S0,250,132240000,stress,base,efficient,0,10003,100.00000000,52.57576800,0.00000270,70.0,0.00014180,0.00009926,0.58000000,0.01591876
S0,S0,250,132240000,stress,base,high_cost,0,10003,100.00000000,52.57576800,0.00000270,70.0,0.00014180,0.00009926,0.90000000,0.02470152
S0,S0,250,132240000,stress,high,reference,0,290698,100.00000000,1527.90868800,0.00000270,70.0,0.00412096,0.00288467,0.70000000,0.00066110
S0,S0,250,132240000,stress,high,efficient,0,290698,100.00000000,1527.90868800,0.00000270,70.0,0.00412096,0.00288467,0.58000000,0.00054777
S0,S0,250,132240000,stress,high,high_cost,0,290698,100.00000000,1527.90868800,0.00000270,70.0,0.00412096,0.00288467,0.90000000,0.00084999
S0,S0,250,132240000,flat,low,reference,0,0,0.00000000,0.00000000,1.00000000,90.0,0.00000000,0.00000000,0.70000000,0.00000000
S0,S0,250,132240000,flat,low,efficient,0,0,0.00000000,0.00000000,1.00000000,90.0,0.00000000,0.00000000,0.58000000,0.00000000
S0,S0,250,132240000,flat,low,high_cost,0,0,0.00000000,0.00000000,1.00000000,90.0,0.00000000,0.00000000,0.90000000,0.00000000
S0,S0,250,132240000,flat,base,reference,0,10003,100.00000000,52.57576800,1.00000000,90.0,52.57576800,47.31819120,0.70000000,0.01494289
S0,S0,250,132240000,flat,base,efficient,0,10003,100.00000000,52.57576800,1.00000000,90.0,52.57576800,47.31819120,0.58000000,0.01238125
S0,S0,250,132240000,flat,base,high_cost,0,10003,100.00000000,52.57576800,1.00000000,90.0,52.57576800,47.31819120,0.90000000,0.01921229
S0,S0,250,132240000,flat,high,reference,0,290698,100.00000000,1527.90868800,1.00000000,90.0,1527.90868800,1375.11781920,0.70000000,0.00051419
S0,S0,250,132240000,flat,high,efficient,0,290698,100.00000000,1527.90868800,1.00000000,90.0,1527.90868800,1375.11781920,0.58000000,0.00042604
S0,S0,250,132240000,flat,high,high_cost,0,290698,100.00000000,1527.90868800,1.00000000,90.0,1527.90868800,1375.11781920,0.90000000,0.00066110
S0,S0,250,132240000,growth,low,reference,0,0,0.00000000,0.00000000,1619.22118137,80.0,0.00000000,0.00000000,0.70000000,0.00000000
S0,S0,250,132240000,growth,low,efficient,0,0,0.00000000,0.00000000,1619.22118137,80.0,0.00000000,0.00000000,0.58000000,0.00000000
S0,S0,250,132240000,growth,low,high_cost,0,0,0.00000000,0.00000000,1619.22118137,80.0,0.00000000,0.00000000,0.90000000,0.00000000
S0,S0,250,132240000,growth,base,reference,0,10003,100.00000000,52.57576800,1619.22118137,80.0,85131.79717229,68105.43773784,0.70000000,0.01681076
S0,S0,250,132240000,growth,base,efficient,0,10003,100.00000000,52.57576800,1619.22118137,80.0,85131.79717229,68105.43773784,0.58000000,0.01392891
S0,S0,250,132240000,growth,base,high_cost,0,10003,100.00000000,52.57576800,1619.22118137,80.0,85131.79717229,68105.43773784,0.90000000,0.02161383
S0,S0,250,132240000,growth,high,reference,0,290698,100.00000000,1527.90868800,1619.22118137,80.0,2474022.11080593,1979217.68864474,0.70000000,0.00057846
S0,S0,250,132240000,growth,high,efficient,0,290698,100.00000000,1527.90868800,1619.22118137,80.0,2474022.11080593,1979217.68864474,0.58000000,0.00047930
S0,S0,250,132240000,growth,high,high_cost,0,290698,100.00000000,1527.90868800,1619.22118137,80.0,2474022.11080593,1979217.68864474,0.90000000,0.00074374
S0,S0,500,263640000,stress,low,reference,0,0,0.00000000,0.00000000,0.00000000,70.0,0.00000000,0.00000000,0.70000000,0.00000000
S0,S0,500,263640000,stress,low,efficient,0,0,0.00000000,0.00000000,0.00000000,70.0,0.00000000,0.00000000,0.58000000,0.00000000
S0,S0,500,263640000,stress,low,high_cost,0,0,0.00000000,0.00000000,0.00000000,70.0,0.00000000,0.00000000,0.90000000,0.00000000
S0,S0,500,263640000,stress,base,reference,0,10003,100.00000000,52.57576800,0.00000000,70.0,0.00000000,0.00000000,0.70000000,0.01921229
S0,S0,500,263640000,stress,base,efficient,0,10003,100.00000000,52.57576800,0.00000000,70.0,0.00000000,0.00000000,0.58000000,0.01591876
S0,S0,500,263640000,stress,base,high_cost,0,10003,100.00000000,52.57576800,0.00000000,70.0,0.00000000,0.00000000,0.90000000,0.02470152
S0,S0,500,263640000,stress,high,reference,0,290698,100.00000000,1527.90868800,0.00000000,70.0,0.00000001,0.00000001,0.70000000,0.00066110
S0,S0,500,263640000,stress,high,efficient,0,290698,100.00000000,1527.90868800,0.00000000,70.0,0.00000001,0.00000001,0.58000000,0.00054777
S0,S0,500,263640000,stress,high,high_cost,0,290698,100.00000000,1527.90868800,0.00000000,70.0,0.00000001,0.00000001,0.90000000,0.00084999
S0,S0,500,263640000,flat,low,reference,0,0,0.00000000,0.00000000,1.00000000,90.0,0.00000000,0.00000000,0.70000000,0.00000000
S0,S0,500,263640000,flat,low,efficient,0,0,0.00000000,0.00000000,1.00000000,90.0,0.00000000,0.00000000,0.58000000,0.00000000
S0,S0,500,263640000,flat,low,high_cost,0,0,0.00000000,0.00000000,1.00000000,90.0,0.00000000,0.00000000,0.90000000,0.00000000
S0,S0,500,263640000,flat,base,reference,0,10003,100.00000000,52.57576800,1.00000000,90.0,52.57576800,47.31819120,0.70000000,0.01494289
S0,S0,500,263640000,flat,base,efficient,0,10003,100.00000000,52.57576800,1.00000000,90.0,52.57576800,47.31819120,0.58000000,0.01238125
S0,S0,500,263640000,flat,base,high_cost,0,10003,100.00000000,52.57576800,1.00000000,90.0,52.57576800,47.31819120,0.90000000,0.01921229
S0,S0,500,263640000,flat,high,reference,0,290698,100.00000000,1527.90868800,1.00000000,90.0,1527.90868800,1375.11781920,0.70000000,0.00051419
S0,S0,500,263640000,flat,high,efficient,0,290698,100.00000000,1527.90868800,1.00000000,90.0,1527.90868800,1375.11781920,0.58000000,0.00042604
S0,S0,500,263640000,flat,high,high_cost,0,290698,100.00000000,1527.90868800,1.00000000,90.0,1527.90868800,1375.11781920,0.90000000,0.00066110
S0,S0,500,263640000,growth,low,reference,0,0,0.00000000,0.00000000,2621877.23419108,80.0,0.00000000,0.00000000,0.70000000,0.00000000
S0,S0,500,263640000,growth,low,efficient,0,0,0.00000000,0.00000000,2621877.23419108,80.0,0.00000000,0.00000000,0.58000000,0.00000000
S0,S0,500,263640000,growth,low,high_cost,0,0,0.00000000,0.00000000,2621877.23419108,80.0,0.00000000,0.00000000,0.90000000,0.00000000
S0,S0,500,263640000,growth,base,reference,0,10003,100.00000000,52.57576800,2621877.23419108,80.0,137847209.18931171,110277767.35144937,0.70000000,0.01681076
S0,S0,500,263640000,growth,base,efficient,0,10003,100.00000000,52.57576800,2621877.23419108,80.0,137847209.18931171,110277767.35144937,0.58000000,0.01392891
S0,S0,500,263640000,growth,base,high_cost,0,10003,100.00000000,52.57576800,2621877.23419108,80.0,137847209.18931171,110277767.35144937,0.90000000,0.02161383
S0,S0,500,263640000,growth,high,reference,0,290698,100.00000000,1527.90868800,2621877.23419108,80.0,4005989004.98995656,3204791203.99196525,0.70000000,0.00057846
S0,S0,500,263640000,growth,high,efficient,0,290698,100.00000000,1527.90868800,2621877.23419108,80.0,4005989004.98995656,3204791203.99196525,0.58000000,0.00047930
S0,S0,500,263640000,growth,high,high_cost,0,290698,100.00000000,1527.90868800,2621877.23419108,80.0,4005989004.98995656,3204791203.99196525,0.90000000,0.00074374
S1,S1,0,840000,stress,low,reference,593750000,0,0.00000000,3120750.00000000,1.00000000,70.0,3120750.00000000,2184525.00000000,0.70000000,0.00000032
S1,S1,0,840000,stress,low,efficient,593750000,0,0.00000000,3120750.00000000,1.00000000,70.0,3120750.00000000,2184525.00000000,0.58000000,0.00000027
S1,S1,0,840000,stress,low,high_cost,593750000,0,0.00000000,3120750.00000000,1.00000000,70.0,3120750.00000000,2184525.00000000,0.90000000,0.00000042
S1,S1,0,840000,stress,base,reference,593750000,10003,0.00168469,3120802.57576800,1.00000000,70.0,3120802.57576800,2184561.80303760,0.70000000,0.00000032
S1,S1,0,840000,stress,base,efficient,593750000,10003,0.00168469,3120802.57576800,1.00000000,70.0,3120802.57576800,2184561.80303760,0.58000000,0.00000027
S1,S1,0,840000,stress,base,high_cost,593750000,10003,0.00168469,3120802.57576800,1.00000000,70.0,3120802.57576800,2184561.80303760,0.90000000,0.00000042
S1,S1,0,840000,stress,high,reference,593750000,290698,0.04893570,3122277.90868800,1.00000000,70.0,3122277.90868800,2185594.53608160,0.70000000,0.00000032
S1,S1,0,840000,stress,high,efficient,593750000,290698,0.04893570,3122277.90868800,1.00000000,70.0,3122277.90868800,2185594.53608160,0.58000000,0.00000027
S1,S1,0,840000,stress,high,high_cost,593750000,290698,0.04893570,3122277.90868800,1.00000000,70.0,3122277.90868800,2185594.53608160,0.90000000,0.00000042
S1,S1,0,840000,flat,low,reference,593750000,0,0.00000000,3120750.00000000,1.00000000,90.0,3120750.00000000,2808675.00000000,0.70000000,0.00000025
S1,S1,0,840000,flat,low,efficient,593750000,0,0.00000000,3120750.00000000,1.00000000,90.0,3120750.00000000,2808675.00000000,0.58000000,0.00000021
S1,S1,0,840000,flat,low,high_cost,593750000,0,0.00000000,3120750.00000000,1.00000000,90.0,3120750.00000000,2808675.00000000,0.90000000,0.00000032
S1,S1,0,840000,flat,base,reference,593750000,10003,0.00168469,3120802.57576800,1.00000000,90.0,3120802.57576800,2808722.31819120,0.70000000,0.00000025
S1,S1,0,840000,flat,base,efficient,593750000,10003,0.00168469,3120802.57576800,1.00000000,90.0,3120802.57576800,2808722.31819120,0.58000000,0.00000021
S1,S1,0,840000,flat,base,high_cost,593750000,10003,0.00168469,3120802.57576800,1.00000000,90.0,3120802.57576800,2808722.31819120,0.90000000,0.00000032
S1,S1,0,840000,flat,high,reference,593750000,290698,0.04893570,3122277.90868800,1.00000000,90.0,3122277.90868800,2810050.11781920,0.70000000,0.00000025
S1,S1,0,840000,flat,high,efficient,593750000,290698,0.04893570,3122277.90868800,1.00000000,90.0,3122277.90868800,2810050.11781920,0.58000000,0.00000021
S1,S1,0,840000,flat,high,high_cost,593750000,290698,0.04893570,3122277.90868800,1.00000000,90.0,3122277.90868800,2810050.11781920,0.90000000,0.00000032
S1,S1,0,840000,growth,low,reference,593750000,0,0.00000000,3120750.00000000,1.00000000,80.0,3120750.00000000,2496600.00000000,0.70000000,0.00000028
S1,S1,0,840000,growth,low,efficient,593750000,0,0.00000000,3120750.00000000,1.00000000,80.0,3120750.00000000,2496600.00000000,0.58000000,0.00000023
S1,S1,0,840000,growth,low,high_cost,593750000,0,0.00000000,3120750.00000000,1.00000000,80.0,3120750.00000000,2496600.00000000,0.90000000,0.00000036
S1,S1,0,840000,growth,base,reference,593750000,10003,0.00168469,3120802.57576800,1.00000000,80.0,3120802.57576800,2496642.06061440,0.70000000,0.00000028
S1,S1,0,840000,growth,base,efficient,593750000,10003,0.00168469,3120802.57576800,1.00000000,80.0,3120802.57576800,2496642.06061440,0.58000000,0.00000023
S1,S1,0,840000,growth,base,high_cost,593750000,10003,0.00168469,3120802.57576800,1.00000000,80.0,3120802.57576800,2496642.06061440,0.90000000,0.00000036
S1,S1,0,840000,growth,high,reference,593750000,290698,0.04893570,3122277.90868800,1.00000000,80.0,3122277.90868800,2497822.32695040,0.70000000,0.00000028
S1,S1,0,840000,growth,high,efficient,593750000,290698,0.04893570,3122277.90868800,1.00000000,80.0,3122277.90868800,2497822.32695040,0.58000000,0.00000023
S1,S1,0,840000,growth,high,high_cost,593750000,290698,0.04893570,3122277.90868800,1.00000000,80.0,3122277.90868800,2497822.32695040,0.90000000,0.00000036
S1,S1,1,1365600,stress,low,reference,535859375,0,0.00000000,2816476.87500000,0.95000000,70.0,2675653.03125000,1872957.12187500,0.70000000,0.00000036
S1,S1,1,1365600,stress,low,efficient,535859375,0,0.00000000,2816476.87500000,0.95000000,70.0,2675653.03125000,1872957.12187500,0.58000000,0.00000030
S1,S1,1,1365600,stress,low,high_cost,535859375,0,0.00000000,2816476.87500000,0.95000000,70.0,2675653.03125000,1872957.12187500,0.90000000,0.00000046
S1,S1,1,1365600,stress,base,reference,535859375,10003,0.00186669,2816529.45076800,0.95000000,70.0,2675702.97822960,1872992.08476072,0.70000000,0.00000036
S1,S1,1,1365600,stress,base,efficient,535859375,10003,0.00186669,2816529.45076800,0.95000000,70.0,2675702.97822960,1872992.08476072,0.58000000,0.00000030
S1,S1,1,1365600,stress,base,high_cost,535859375,10003,0.00186669,2816529.45076800,0.95000000,70.0,2675702.97822960,1872992.08476072,0.90000000,0.00000046
S1,S1,1,1365600,stress,high,reference,535859375,290698,0.05421952,2818004.78368800,0.95000000,70.0,2677104.54450360,1873973.18115252,0.70000000,0.00000036
S1,S1,1,1365600,stress,high,efficient,535859375,290698,0.05421952,2818004.78368800,0.95000000,70.0,2677104.54450360,1873973.18115252,0.58000000,0.00000030
S1,S1,1,1365600,stress,high,high_cost,535859375,290698,0.05421952,2818004.78368800,0.95000000,70.0,2677104.54450360,1873973.18115252,0.90000000,0.00000046
S1,S1,1,1365600,flat,low,reference,535859375,0,0.00000000,2816476.87500000,1.00000000,90.0,2816476.87500000,2534829.18750000,0.70000000,0.00000028
S1,S1,1,1365600,flat,low,efficient,535859375,0,0.00000000,2816476.87500000,1.00000000,90.0,2816476.87500000,2534829.18750000,0.58000000,0.00000023
S1,S1,1,1365600,flat,low,high_cost,535859375,0,0.00000000,2816476.87500000,1.00000000,90.0,2816476.87500000,2534829.18750000,0.90000000,0.00000036
S1,S1,1,1365600,flat,base,reference,535859375,10003,0.00186669,2816529.45076800,1.00000000,90.0,2816529.45076800,2534876.50569120,0.70000000,0.00000028
S1,S1,1,1365600,flat,base,efficient,535859375,10003,0.00186669,2816529.45076800,1.00000000,90.0,2816529.45076800,2534876.50569120,0.58000000,0.00000023
S1,S1,1,1365600,flat,base,high_cost,535859375,10003,0.00186669,2816529.45076800,1.00000000,90.0,2816529.45076800,2534876.50569120,0.90000000,0.00000036
S1,S1,1,1365600,flat,high,reference,535859375,290698,0.05421952,2818004.78368800,1.00000000,90.0,2818004.78368800,2536204.30531920,0.70000000,0.00000028
S1,S1,1,1365600,flat,high,efficient,535859375,290698,0.05421952,2818004.78368800,1.00000000,90.0,2818004.78368800,2536204.30531920,0.58000000,0.00000023
S1,S1,1,1365600,flat,high,high_cost,535859375,290698,0.05421952,2818004.78368800,1.00000000,90.0,2818004.78368800,2536204.30531920,0.90000000,0.00000036
S1,S1,1,1365600,growth,low,reference,535859375,0,0.00000000,2816476.87500000,1.03000000,80.0,2900971.18125000,2320776.94500000,0.70000000,0.00000031
S1,S1,1,1365600,growth,low,efficient,535859375,0,0.00000000,2816476.87500000,1.03000000,80.0,2900971.18125000,2320776.94500000,0.58000000,0.00000026
S1,S1,1,1365600,growth,low,high_cost,535859375,0,0.00000000,2816476.87500000,1.03000000,80.0,2900971.18125000,2320776.94500000,0.90000000,0.00000040
S1,S1,1,1365600,growth,base,reference,535859375,10003,0.00186669,2816529.45076800,1.03000000,80.0,2901025.33429104,2320820.26743283,0.70000000,0.00000031
S1,S1,1,1365600,growth,base,efficient,535859375,10003,0.00186669,2816529.45076800,1.03000000,80.0,2901025.33429104,2320820.26743283,0.58000000,0.00000026
S1,S1,1,1365600,growth,base,high_cost,535859375,10003,0.00186669,2816529.45076800,1.03000000,80.0,2901025.33429104,2320820.26743283,0.90000000,0.00000040
S1,S1,1,1365600,growth,high,reference,535859375,290698,0.05421952,2818004.78368800,1.03000000,80.0,2902544.92719864,2322035.94175891,0.70000000,0.00000031
S1,S1,1,1365600,growth,high,efficient,535859375,290698,0.05421952,2818004.78368800,1.03000000,80.0,2902544.92719864,2322035.94175891,0.58000000,0.00000026
S1,S1,1,1365600,growth,high,high_cost,535859375,290698,0.05421952,2818004.78368800,1.03000000,80.0,2902544.92719864,2322035.94175891,0.90000000,0.00000040
S1,S1,2,1891200,stress,low,reference,459432430,0,0.00000000,2414776.85208000,0.90250000,70.0,2179336.10900220,1525535.27630154,0.70000000,0.00000042
S1,S1,2,1891200,stress,low,efficient,459432430,0,0.00000000,2414776.85208000,0.90250000,70.0,2179336.10900220,1525535.27630154,0.58000000,0.00000035
S1,S1,2,1891200,stress,low,high_cost,459432430,0,0.00000000,2414776.85208000,0.90250000,70.0,2179336.10900220,1525535.27630154,0.90000000,0.00000054
S1,S1,2,1891200,stress,base,reference,459432430,10003,0.00217720,2414829.42784800,0.90250000,70.0,2179383.55863282,1525568.49104297,0.70000000,0.00000042
S1,S1,2,1891200,stress,base,efficient,459432430,10003,0.00217720,2414829.42784800,0.90250000,70.0,2179383.55863282,1525568.49104297,0.58000000,0.00000035
S1,S1,2,1891200,stress,base,high_cost,459432430,10003,0.00217720,2414829.42784800,0.90250000,70.0,2179383.55863282,1525568.49104297,0.90000000,0.00000054
S1,S1,2,1891200,stress,high,reference,459432430,290698,0.06323328,2416304.76076800,0.90250000,70.0,2180715.04659312,1526500.53261518,0.70000000,0.00000042
S1,S1,2,1891200,stress,high,efficient,459432430,290698,0.06323328,2416304.76076800,0.90250000,70.0,2180715.04659312,1526500.53261518,0.58000000,0.00000035
S1,S1,2,1891200,stress,high,high_cost,459432430,290698,0.06323328,2416304.76076800,0.90250000,70.0,2180715.04659312,1526500.53261518,0.90000000,0.00000054
S1,S1,2,1891200,flat,low,reference,459432430,0,0.00000000,2414776.85208000,1.00000000,90.0,2414776.85208000,2173299.16687200,0.70000000,0.00000033
S1,S1,2,1891200,flat,low,efficient,459432430,0,0.00000000,2414776.85208000,1.00000000,90.0,2414776.85208000,2173299.16687200,0.58000000,0.00000027
S1,S1,2,1891200,flat,low,high_cost,459432430,0,0.00000000,2414776.85208000,1.00000000,90.0,2414776.85208000,2173299.16687200,0.90000000,0.00000042
S1,S1,2,1891200,flat,base,reference,459432430,10003,0.00217720,2414829.42784800,1.00000000,90.0,2414829.42784800,2173346.48506320,0.70000000,0.00000033
S1,S1,2,1891200,flat,base,efficient,459432430,10003,0.00217720,2414829.42784800,1.00000000,90.0,2414829.42784800,2173346.48506320,0.58000000,0.00000027
S1,S1,2,1891200,flat,base,high_cost,459432430,10003,0.00217720,2414829.42784800,1.00000000,90.0,2414829.42784800,2173346.48506320,0.90000000,0.00000042
S1,S1,2,1891200,flat,high,reference,459432430,290698,0.06323328,2416304.76076800,1.00000000,90.0,2416304.76076800,2174674.28469120,0.70000000,0.00000033
S1,S1,2,1891200,flat,high,efficient,459432430,290698,0.06323328,2416304.76076800,1.00000000,90.0,2416304.76076800,2174674.28469120,0.58000000,0.00000027
S1,S1,2,1891200,flat,high,high_cost,459432430,290698,0.06323328,2416304.76076800,1.00000000,90.0,2416304.76076800,2174674.28469120,0.90000000,0.00000042
S1,S1,2,1891200,growth,low,reference,459432430,0,0.00000000,2414776.85208000,1.06090000,80.0,2561836.76237167,2049469.40989734,0.70000000,0.00000037
S1,S1,2,1891200,growth,low,efficient,459432430,0,0.00000000,2414776.85208000,1.06090000,80.0,2561836.76237167,2049469.40989734,0.58000000,0.00000030
S1,S1,2,1891200,growth,low,high_cost,459432430,0,0.00000000,2414776.85208000,1.06090000,80.0,2561836.76237167,2049469.40989734,0.90000000,0.00000047
S1,S1,2,1891200,growth,base,reference,459432430,10003,0.00217720,2414829.42784800,1.06090000,80.0,2561892.54000394,2049514.03200315,0.70000000,0.00000037
S1,S1,2,1891200,growth,base,efficient,459432430,10003,0.00217720,2414829.42784800,1.06090000,80.0,2561892.54000394,2049514.03200315,0.58000000,0.00000030
S1,S1,2,1891200,growth,base,high_cost,459432430,10003,0.00217720,2414829.42784800,1.06090000,80.0,2561892.54000394,2049514.03200315,0.90000000,0.00000047
S1,S1,2,1891200,growth,high,reference,459432430,290698,0.06323328,2416304.76076800,1.06090000,80.0,2563457.72069877,2050766.17655902,0.70000000,0.00000037
S1,S1,2,1891200,growth,high,efficient,459432430,290698,0.06323328,2416304.76076800,1.06090000,80.0,2563457.72069877,2050766.17655902,0.58000000,0.00000030
S1,S1,2,1891200,growth,high,high_cost,459432430,290698,0.06323328,2416304.76076800,1.06090000,80.0,2563457.72069877,2050766.17655902,0.90000000,0.00000047
S1,S1,5,3468000,stress,low,reference,320838798,0,0.00000000,1686328.72228800,0.77378094,70.0,1304849.01966519,913394.31376563,0.70000000,0.00000060
S1,S1,5,3468000,stress,low,efficient,320838798,0,0.00000000,1686328.72228800,0.77378094,70.0,1304849.01966519,913394.31376563,0.58000000,0.00000050
S1,S1,5,3468000,stress,low,high_cost,320838798,0,0.00000000,1686328.72228800,0.77378094,70.0,1304849.01966519,913394.31376563,0.90000000,0.00000077
S1,S1,5,3468000,stress,base,reference,320838798,10003,0.00311767,1686381.29805600,0.77378094,70.0,1304889.70179224,913422.79125457,0.70000000,0.00000060
S1,S1,5,3468000,stress,base,efficient,320838798,10003,0.00311767,1686381.29805600,0.77378094,70.0,1304889.70179224,913422.79125457,0.58000000,0.00000050
S1,S1,5,3468000,stress,base,high_cost,320838798,10003,0.00311767,1686381.29805600,0.77378094,70.0,1304889.70179224,913422.79125457,0.90000000,0.00000077
S1,S1,5,3468000,stress,high,reference,320838798,290698,0.09052361,1687856.63097600,0.77378094,70.0,1306031.28628220,914221.90039754,0.70000000,0.00000060
S1,S1,5,3468000,stress,high,efficient,320838798,290698,0.09052361,1687856.63097600,0.77378094,70.0,1306031.28628220,914221.90039754,0.58000000,0.00000050
S1,S1,5,3468000,stress,high,high_cost,320838798,290698,0.09052361,1687856.63097600,0.77378094,70.0,1306031.28628220,914221.90039754,0.90000000,0.00000077
S1,S1,5,3468000,flat,low,reference,320838798,0,0.00000000,1686328.72228800,1.00000000,90.0,1686328.72228800,1517695.85005920,0.70000000,0.00000047
S1,S1,5,3468000,flat,low,efficient,320838798,0,0.00000000,1686328.72228800,1.00000000,90.0,1686328.72228800,1517695.85005920,0.58000000,0.00000039
S1,S1,5,3468000,flat,low,high_cost,320838798,0,0.00000000,1686328.72228800,1.00000000,90.0,1686328.72228800,1517695.85005920,0.90000000,0.00000060
S1,S1,5,3468000,flat,base,reference,320838798,10003,0.00311767,1686381.29805600,1.00000000,90.0,1686381.29805600,1517743.16825040,0.70000000,0.00000047
S1,S1,5,3468000,flat,base,efficient,320838798,10003,0.00311767,1686381.29805600,1.00000000,90.0,1686381.29805600,1517743.16825040,0.58000000,0.00000039
S1,S1,5,3468000,flat,base,high_cost,320838798,10003,0.00311767,1686381.29805600,1.00000000,90.0,1686381.29805600,1517743.16825040,0.90000000,0.00000060
S1,S1,5,3468000,flat,high,reference,320838798,290698,0.09052361,1687856.63097600,1.00000000,90.0,1687856.63097600,1519070.96787840,0.70000000,0.00000047
S1,S1,5,3468000,flat,high,efficient,320838798,290698,0.09052361,1687856.63097600,1.00000000,90.0,1687856.63097600,1519070.96787840,0.58000000,0.00000039
S1,S1,5,3468000,flat,high,high_cost,320838798,290698,0.09052361,1687856.63097600,1.00000000,90.0,1687856.63097600,1519070.96787840,0.90000000,0.00000060
S1,S1,5,3468000,growth,low,reference,320838798,0,0.00000000,1686328.72228800,1.15927407,80.0,1954917.16849592,1563933.73479674,0.70000000,0.00000052
S1,S1,5,3468000,growth,low,efficient,320838798,0,0.00000000,1686328.72228800,1.15927407,80.0,1954917.16849592,1563933.73479674,0.58000000,0.00000043
S1,S1,5,3468000,growth,low,high_cost,320838798,0,0.00000000,1686328.72228800,1.15927407,80.0,1954917.16849592,1563933.73479674,0.90000000,0.00000067
S1,S1,5,3468000,growth,base,reference,320838798,10003,0.00311767,1686381.29805600,1.15927407,80.0,1954978.11822070,1563982.49457656,0.70000000,0.00000052
S1,S1,5,3468000,growth,base,efficient,320838798,10003,0.00311767,1686381.29805600,1.15927407,80.0,1954978.11822070,1563982.49457656,0.58000000,0.00000043
S1,S1,5,3468000,growth,base,high_cost,320838798,10003,0.00311767,1686381.29805600,1.15927407,80.0,1954978.11822070,1563982.49457656,0.90000000,0.00000067
S1,S1,5,3468000,growth,high,reference,320838798,290698,0.09052361,1687856.63097600,1.15927407,80.0,1956688.43342582,1565350.74674066,0.70000000,0.00000052
S1,S1,5,3468000,growth,high,efficient,320838798,290698,0.09052361,1687856.63097600,1.15927407,80.0,1956688.43342582,1565350.74674066,0.58000000,0.00000043
S1,S1,5,3468000,growth,high,high_cost,320838798,290698,0.09052361,1687856.63097600,1.15927407,80.0,1956688.43342582,1565350.74674066,0.90000000,0.00000067
S1,S1,10,6096000,stress,low,reference,164700054,0,0.00000000,865663.48382400,0.59873694,70.0,518304.70471521,362813.29330065,0.70000000,0.00000117
S1,S1,10,6096000,stress,low,efficient,164700054,0,0.00000000,865663.48382400,0.59873694,70.0,518304.70471521,362813.29330065,0.58000000,0.00000097
S1,S1,10,6096000,stress,low,high_cost,164700054,0,0.00000000,865663.48382400,0.59873694,70.0,518304.70471521,362813.29330065,0.90000000,0.00000150
S1,S1,10,6096000,stress,base,reference,164700054,10003,0.00607310,865716.05959200,0.59873694,70.0,518336.18376962,362835.32863874,0.70000000,0.00000117
S1,S1,10,6096000,stress,base,efficient,164700054,10003,0.00607310,865716.05959200,0.59873694,70.0,518336.18376962,362835.32863874,0.58000000,0.00000097
S1,S1,10,6096000,stress,base,high_cost,164700054,10003,0.00607310,865716.05959200,0.59873694,70.0,518336.18376962,362835.32863874,0.90000000,0.00000150
S1,S1,10,6096000,stress,high,reference,164700054,290698,0.17619048,867191.39251200,0.59873694,70.0,519219.52008650,363453.66406055,0.70000000,0.00000116
S1,S1,10,6096000,stress,high,efficient,164700054,290698,0.17619048,867191.39251200,0.59873694,70.0,519219.52008650,363453.66406055,0.58000000,0.00000097
S1,S1,10,6096000,stress,high,high_cost,164700054,290698,0.17619048,867191.39251200,0.59873694,70.0,519219.52008650,363453.66406055,0.90000000,0.00000150
S1,S1,10,6096000,flat,low,reference,164700054,0,0.00000000,865663.48382400,1.00000000,90.0,865663.48382400,779097.13544160,0.70000000,0.00000091
S1,S1,10,6096000,flat,low,efficient,164700054,0,0.00000000,865663.48382400,1.00000000,90.0,865663.48382400,779097.13544160,0.58000000,0.00000075
S1,S1,10,6096000,flat,low,high_cost,164700054,0,0.00000000,865663.48382400,1.00000000,90.0,865663.48382400,779097.13544160,0.90000000,0.00000117
S1,S1,10,6096000,flat,base,reference,164700054,10003,0.00607310,865716.05959200,1.00000000,90.0,865716.05959200,779144.45363280,0.70000000,0.00000091
S1,S1,10,6096000,flat,base,efficient,164700054,10003,0.00607310,865716.05959200,1.00000000,90.0,865716.05959200,779144.45363280,0.58000000,0.00000075
S1,S1,10,6096000,flat,base,high_cost,164700054,10003,0.00607310,865716.05959200,1.00000000,90.0,865716.05959200,779144.45363280,0.90000000,0.00000117
S1,S1,10,6096000,flat,high,reference,164700054,290698,0.17619048,867191.39251200,1.00000000,90.0,867191.39251200,780472.25326080,0.70000000,0.00000091
S1,S1,10,6096000,flat,high,efficient,164700054,290698,0.17619048,867191.39251200,1.00000000,90.0,867191.39251200,780472.25326080,0.58000000,0.00000075
S1,S1,10,6096000,flat,high,high_cost,164700054,290698,0.17619048,867191.39251200,1.00000000,90.0,867191.39251200,780472.25326080,0.90000000,0.00000116
S1,S1,10,6096000,growth,low,reference,164700054,0,0.00000000,865663.48382400,1.34391638,80.0,1163379.33491117,930703.46792894,0.70000000,0.00000102
S1,S1,10,6096000,growth,low,efficient,164700054,0,0.00000000,865663.48382400,1.34391638,80.0,1163379.33491117,930703.46792894,0.58000000,0.00000085
S1,S1,10,6096000,growth,low,high_cost,164700054,0,0.00000000,865663.48382400,1.34391638,80.0,1163379.33491117,930703.46792894,0.90000000,0.00000131
S1,S1,10,6096000,growth,base,reference,164700054,10003,0.00607310,865716.05959200,1.34391638,80.0,1163449.99234694,930759.99387755,0.70000000,0.00000102
S1,S1,10,6096000,growth,base,efficient,164700054,10003,0.00607310,865716.05959200,1.34391638,80.0,1163449.99234694,930759.99387755,0.58000000,0.00000085
S1,S1,10,6096000,growth,base,high_cost,164700054,10003,0.00607310,865716.05959200,1.34391638,80.0,1163449.99234694,930759.99387755,0.90000000,0.00000131
S1,S1,10,6096000,growth,high,reference,164700054,290698,0.17619048,867191.39251200,1.34391638,80.0,1165432.71642311,932346.17313849,0.70000000,0.00000102
S1,S1,10,6096000,growth,high,efficient,164700054,290698,0.17619048,867191.39251200,1.34391638,80.0,1165432.71642311,932346.17313849,0.58000000,0.00000084
S1,S1,10,6096000,growth,high,high_cost,164700054,290698,0.17619048,867191.39251200,1.34391638,80.0,1165432.71642311,932346.17313849,0.90000000,0.00000131
S1,S1,25,13980000,stress,low,reference,24686925,0,0.00000000,129754.47780000,0.27738957,70.0,35992.53920759,25194.77744531,0.70000000,0.00000778
S1,S1,25,13980000,stress,low,efficient,24686925,0,0.00000000,129754.47780000,0.27738957,70.0,35992.53920759,25194.77744531,0.58000000,0.00000645
S1,S1,25,13980000,stress,low,high_cost,24686925,0,0.00000000,129754.47780000,0.27738957,70.0,35992.53920759,25194.77744531,0.90000000,0.00001001
S1,S1,25,13980000,stress,base,reference,24686925,10003,0.04050301,129807.05356800,0.27738957,70.0,36007.12317743,25204.98622420,0.70000000,0.00000778
S1,S1,25,13980000,stress,base,efficient,24686925,10003,0.04050301,129807.05356800,0.27738957,70.0,36007.12317743,25204.98622420,0.58000000,0.00000645
S1,S1,25,13980000,stress,base,high_cost,24686925,10003,0.04050301,129807.05356800,0.27738957,70.0,36007.12317743,25204.98622420,0.90000000,0.00001000
S1,S1,25,13980000,stress,high,reference,24686925,290698,1.16383372,131282.38648800,0.27738957,70.0,36416.36514632,25491.45560243,0.70000000,0.00000769
S1,S1,25,13980000,stress,high,efficient,24686925,290698,1.16383372,131282.38648800,0.27738957,70.0,36416.36514632,25491.45560243,0.58000000,0.00000638
S1,S1,25,13980000,stress,high,high_cost,24686925,290698,1.16383372,131282.38648800,0.27738957,70.0,36416.36514632,25491.45560243,0.90000000,0.00000989
S1,S1,25,13980000,flat,low,reference,24686925,0,0.00000000,129754.47780000,1.00000000,90.0,129754.47780000,116779.03002000,0.70000000,0.00000605
S1,S1,25,13980000,flat,low,efficient,24686925,0,0.00000000,129754.47780000,1.00000000,90.0,129754.47780000,116779.03002000,0.58000000,0.00000502
S1,S1,25,13980000,flat,low,high_cost,24686925,0,0.00000000,129754.47780000,1.00000000,90.0,129754.47780000,116779.03002000,0.90000000,0.00000778
S1,S1,25,13980000,flat,base,reference,24686925,10003,0.04050301,129807.05356800,1.00000000,90.0,129807.05356800,116826.34821120,0.70000000,0.00000605
S1,S1,25,13980000,flat,base,efficient,24686925,10003,0.04050301,129807.05356800,1.00000000,90.0,129807.05356800,116826.34821120,0.58000000,0.00000501
S1,S1,25,13980000,flat,base,high_cost,24686925,10003,0.04050301,129807.05356800,1.00000000,90.0,129807.05356800,116826.34821120,0.90000000,0.00000778
S1,S1,25,13980000,flat,high,reference,24686925,290698,1.16383372,131282.38648800,1.00000000,90.0,131282.38648800,118154.14783920,0.70000000,0.00000598
S1,S1,25,13980000,flat,high,efficient,24686925,290698,1.16383372,131282.38648800,1.00000000,90.0,131282.38648800,118154.14783920,0.58000000,0.00000496
S1,S1,25,13980000,flat,high,high_cost,24686925,290698,1.16383372,131282.38648800,1.00000000,90.0,131282.38648800,118154.14783920,0.90000000,0.00000769
S1,S1,25,13980000,growth,low,reference,24686925,0,0.00000000,129754.47780000,2.09377793,80.0,271677.06189145,217341.64951316,0.70000000,0.00000681
S1,S1,25,13980000,growth,low,efficient,24686925,0,0.00000000,129754.47780000,2.09377793,80.0,271677.06189145,217341.64951316,0.58000000,0.00000564
S1,S1,25,13980000,growth,low,high_cost,24686925,0,0.00000000,129754.47780000,2.09377793,80.0,271677.06189145,217341.64951316,0.90000000,0.00000876
S1,S1,25,13980000,growth,base,reference,24686925,10003,0.04050301,129807.05356800,2.09377793,80.0,271787.14387412,217429.71509930,0.70000000,0.00000681
S1,S1,25,13980000,growth,base,efficient,24686925,10003,0.04050301,129807.05356800,2.09377793,80.0,271787.14387412,217429.71509930,0.58000000,0.00000564
S1,S1,25,13980000,growth,base,high_cost,24686925,10003,0.04050301,129807.05356800,2.09377793,80.0,271787.14387412,217429.71509930,0.90000000,0.00000875
S1,S1,25,13980000,growth,high,reference,24686925,290698,1.16383372,131282.38648800,2.09377793,80.0,274876.16338091,219900.93070473,0.70000000,0.00000673
S1,S1,25,13980000,growth,high,efficient,24686925,290698,1.16383372,131282.38648800,2.09377793,80.0,274876.16338091,219900.93070473,0.58000000,0.00000558
S1,S1,25,13980000,growth,high,high_cost,24686925,290698,1.16383372,131282.38648800,2.09377793,80.0,274876.16338091,219900.93070473,0.90000000,0.00000866
S1,S1,50,27120000,stress,low,reference,975101,0,0.00000000,5125.13085600,0.07694498,70.0,394.35306700,276.04714690,0.70000000,0.00019709
S1,S1,50,27120000,stress,low,efficient,975101,0,0.00000000,5125.13085600,0.07694498,70.0,394.35306700,276.04714690,0.58000000,0.00016330
S1,S1,50,27120000,stress,low,high_cost,975101,0,0.00000000,5125.13085600,0.07694498,70.0,394.35306700,276.04714690,0.90000000,0.00025340
S1,S1,50,27120000,stress,base,reference,975101,10003,1.01542578,5177.70662400,0.07694498,70.0,398.39850817,278.87895572,0.70000000,0.00019509
S1,S1,50,27120000,stress,base,efficient,975101,10003,1.01542578,5177.70662400,0.07694498,70.0,398.39850817,278.87895572,0.58000000,0.00016164
S1,S1,50,27120000,stress,base,high_cost,975101,10003,1.01542578,5177.70662400,0.07694498,70.0,398.39850817,278.87895572,0.90000000,0.00025083
S1,S1,50,27120000,stress,high,reference,975101,290698,22.96557352,6653.03954400,0.07694498,70.0,511.91796323,358.34257426,0.70000000,0.00015183
S1,S1,50,27120000,stress,high,efficient,975101,290698,22.96557352,6653.03954400,0.07694498,70.0,511.91796323,358.34257426,0.58000000,0.00012580
S1,S1,50,27120000,stress,high,high_cost,975101,290698,22.96557352,6653.03954400,0.07694498,70.0,511.91796323,358.34257426,0.90000000,0.00019520
S1,S1,50,27120000,flat,low,reference,975101,0,0.00000000,5125.13085600,1.00000000,90.0,5125.13085600,4612.61777040,0.70000000,0.00015329
S1,S1,50,27120000,flat,low,efficient,975101,0,0.00000000,5125.13085600,1.00000000,90.0,5125.13085600,4612.61777040,0.58000000,0.00012701
S1,S1,50,27120000,flat,low,high_cost,975101,0,0.00000000,5125.13085600,1.00000000,90.0,5125.13085600,4612.61777040,0.90000000,0.00019709
S1,S1,50,27120000,flat,base,reference,975101,10003,1.01542578,5177.70662400,1.00000000,90.0,5177.70662400,4659.93596160,0.70000000,0.00015173
S1,S1,50,27120000,flat,base,efficient,975101,10003,1.01542578,5177.70662400,1.00000000,90.0,5177.70662400,4659.93596160,0.58000000,0.00012572
S1,S1,50,27120000,flat,base,high_cost,975101,10003,1.01542578,5177.70662400,1.00000000,90.0,5177.70662400,4659.93596160,0.90000000,0.00019509
S1,S1,50,27120000,flat,high,reference,975101,290698,22.96557352,6653.03954400,1.00000000,90.0,6653.03954400,5987.73558960,0.70000000,0.00011809
S1,S1,50,27120000,flat,high,efficient,975101,290698,22.96557352,6653.03954400,1.00000000,90.0,6653.03954400,5987.73558960,0.58000000,0.00009784
S1,S1,50,27120000,flat,high,high_cost,975101,290698,22.96557352,6653.03954400,1.00000000,90.0,6653.03954400,5987.73558960,0.90000000,0.00015183
S1,S1,50,27120000,growth,low,reference,975101,0,0.00000000,5125.13085600,4.38390602,80.0,22468.09200628,17974.47360502,0.70000000,0.00017245
S1,S1,50,27120000,growth,low,efficient,975101,0,0.00000000,5125.13085600,4.38390602,80.0,22468.09200628,17974.47360502,0.58000000,0.00014289
S1,S1,50,27120000,growth,low,high_cost,975101,0,0.00000000,5125.13085600,4.38390602,80.0,22468.09200628,17974.47360502,0.90000000,0.00022172
S1,S1,50,27120000,growth,base,reference,975101,10003,1.01542578,5177.70662400,4.38390602,80.0,22698.57923205,18158.86338564,0.70000000,0.00017070
S1,S1,50,27120000,growth,base,efficient,975101,10003,1.01542578,5177.70662400,4.38390602,80.0,22698.57923205,18158.86338564,0.58000000,0.00014144
S1,S1,50,27120000,growth,base,high_cost,975101,10003,1.01542578,5177.70662400,4.38390602,80.0,22698.57923205,18158.86338564,0.90000000,0.00021947
S1,S1,50,27120000,growth,high,reference,975101,290698,22.96557352,6653.03954400,4.38390602,80.0,29166.30009964,23333.04007971,0.70000000,0.00013285
S1,S1,50,27120000,growth,high,efficient,975101,290698,22.96557352,6653.03954400,4.38390602,80.0,29166.30009964,23333.04007971,0.58000000,0.00011007
S1,S1,50,27120000,growth,high,high_cost,975101,290698,22.96557352,6653.03954400,4.38390602,80.0,29166.30009964,23333.04007971,0.90000000,0.00017080
S1,S1,100,53400000,stress,low,reference,1592,0,0.00000000,8.36755200,0.00592053,70.0,0.04954034,0.03467824,0.70000000,0.12071643
S1,S1,100,53400000,stress,low,efficient,1592,0,0.00000000,8.36755200,0.00592053,70.0,0.04954034,0.03467824,0.58000000,0.10002219
S1,S1,100,53400000,stress,low,high_cost,1592,0,0.00000000,8.36755200,0.00592053,70.0,0.04954034,0.03467824,0.90000000,0.15520684
S1,S1,100,53400000,stress,base,reference,1592,10003,86.26994394,60.94332000,0.00592053,70.0,0.36081671,0.25257169,0.70000000,0.01657443
S1,S1,100,53400000,stress,base,efficient,1592,10003,86.26994394,60.94332000,0.00592053,70.0,0.36081671,0.25257169,0.58000000,0.01373310
S1,S1,100,53400000,stress,base,high_cost,1592,10003,86.26994394,60.94332000,0.00592053,70.0,0.36081671,0.25257169,0.90000000,0.02130999
S1,S1,100,53400000,stress,high,reference,1592,290698,99.45533545,1536.27624000,0.00592053,70.0,9.09556837,6.36689786,0.70000000,0.00065750
S1,S1,100,53400000,stress,high,efficient,1592,290698,99.45533545,1536.27624000,0.00592053,70.0,9.09556837,6.36689786,0.58000000,0.00054479
S1,S1,100,53400000,stress,high,high_cost,1592,290698,99.45533545,1536.27624000,0.00592053,70.0,9.09556837,6.36689786,0.90000000,0.00084536
S1,S1,100,53400000,flat,low,reference,1592,0,0.00000000,8.36755200,1.00000000,90.0,8.36755200,7.53079680,0.70000000,0.09389056
S1,S1,100,53400000,flat,low,efficient,1592,0,0.00000000,8.36755200,1.00000000,90.0,8.36755200,7.53079680,0.58000000,0.07779503
S1,S1,100,53400000,flat,low,high_cost,1592,0,0.00000000,8.36755200,1.00000000,90.0,8.36755200,7.53079680,0.90000000,0.12071643
S1,S1,100,53400000,flat,base,reference,1592,10003,86.26994394,60.94332000,1.00000000,90.0,60.94332000,54.84898800,0.70000000,0.01289123
S1,S1,100,53400000,flat,base,efficient,1592,10003,86.26994394,60.94332000,1.00000000,90.0,60.94332000,54.84898800,0.58000000,0.01068130
S1,S1,100,53400000,flat,base,high_cost,1592,10003,86.26994394,60.94332000,1.00000000,90.0,60.94332000,54.84898800,0.90000000,0.01657443
S1,S1,100,53400000,flat,high,reference,1592,290698,99.45533545,1536.27624000,1.00000000,90.0,1536.27624000,1382.64861600,0.70000000,0.00051139
S1,S1,100,53400000,flat,high,efficient,1592,290698,99.45533545,1536.27624000,1.00000000,90.0,1536.27624000,1382.64861600,0.58000000,0.00042372
S1,S1,100,53400000,flat,high,high_cost,1592,290698,99.45533545,1536.27624000,1.00000000,90.0,1536.27624000,1382.64861600,0.90000000,0.00065750
S1,S1,100,53400000,growth,low,reference,1592,0,0.00000000,8.36755200,19.21863198,80.0,160.81290247,128.65032197,0.70000000,0.10562688
S1,S1,100,53400000,growth,low,efficient,1592,0,0.00000000,8.36755200,19.21863198,80.0,160.81290247,128.65032197,0.58000000,0.08751941
S1,S1,100,53400000,growth,low,high_cost,1592,0,0.00000000,8.36755200,19.21863198,80.0,160.81290247,128.65032197,0.90000000,0.13580598
S1,S1,100,53400000,growth,base,reference,1592,10003,86.26994394,60.94332000,19.21863198,80.0,1171.24723877,936.99779102,0.70000000,0.01450263
S1,S1,100,53400000,growth,base,efficient,1592,10003,86.26994394,60.94332000,19.21863198,80.0,1171.24723877,936.99779102,0.58000000,0.01201646
S1,S1,100,53400000,growth,base,high_cost,1592,10003,86.26994394,60.94332000,19.21863198,80.0,1171.24723877,936.99779102,0.90000000,0.01864624
S1,S1,100,53400000,growth,high,reference,1592,290698,99.45533545,1536.27624000,19.21863198,80.0,29525.12767749,23620.10214199,0.70000000,0.00057531
S1,S1,100,53400000,growth,high,efficient,1592,290698,99.45533545,1536.27624000,19.21863198,80.0,29525.12767749,23620.10214199,0.58000000,0.00047669
S1,S1,100,53400000,growth,high,high_cost,1592,290698,99.45533545,1536.27624000,19.21863198,80.0,29525.12767749,23620.10214199,0.90000000,0.00073969
S1,S1,250,132240000,stress,low,reference,0,0,0.00000000,0.00000000,0.00000270,70.0,0.00000000,0.00000000,0.70000000,0.00000000
S1,S1,250,132240000,stress,low,efficient,0,0,0.00000000,0.00000000,0.00000270,70.0,0.00000000,0.00000000,0.58000000,0.00000000
S1,S1,250,132240000,stress,low,high_cost,0,0,0.00000000,0.00000000,0.00000270,70.0,0.00000000,0.00000000,0.90000000,0.00000000
S1,S1,250,132240000,stress,base,reference,0,10003,100.00000000,52.57576800,0.00000270,70.0,0.00014180,0.00009926,0.70000000,0.01921229
S1,S1,250,132240000,stress,base,efficient,0,10003,100.00000000,52.57576800,0.00000270,70.0,0.00014180,0.00009926,0.58000000,0.01591876
S1,S1,250,132240000,stress,base,high_cost,0,10003,100.00000000,52.57576800,0.00000270,70.0,0.00014180,0.00009926,0.90000000,0.02470152
S1,S1,250,132240000,stress,high,reference,0,290698,100.00000000,1527.90868800,0.00000270,70.0,0.00412096,0.00288467,0.70000000,0.00066110
S1,S1,250,132240000,stress,high,efficient,0,290698,100.00000000,1527.90868800,0.00000270,70.0,0.00412096,0.00288467,0.58000000,0.00054777
S1,S1,250,132240000,stress,high,high_cost,0,290698,100.00000000,1527.90868800,0.00000270,70.0,0.00412096,0.00288467,0.90000000,0.00084999
S1,S1,250,132240000,flat,low,reference,0,0,0.00000000,0.00000000,1.00000000,90.0,0.00000000,0.00000000,0.70000000,0.00000000
S1,S1,250,132240000,flat,low,efficient,0,0,0.00000000,0.00000000,1.00000000,90.0,0.00000000,0.00000000,0.58000000,0.00000000
S1,S1,250,132240000,flat,low,high_cost,0,0,0.00000000,0.00000000,1.00000000,90.0,0.00000000,0.00000000,0.90000000,0.00000000
S1,S1,250,132240000,flat,base,reference,0,10003,100.00000000,52.57576800,1.00000000,90.0,52.57576800,47.31819120,0.70000000,0.01494289
S1,S1,250,132240000,flat,base,efficient,0,10003,100.00000000,52.57576800,1.00000000,90.0,52.57576800,47.31819120,0.58000000,0.01238125
S1,S1,250,132240000,flat,base,high_cost,0,10003,100.00000000,52.57576800,1.00000000,90.0,52.57576800,47.31819120,0.90000000,0.01921229
S1,S1,250,132240000,flat,high,reference,0,290698,100.00000000,1527.90868800,1.00000000,90.0,1527.90868800,1375.11781920,0.70000000,0.00051419
S1,S1,250,132240000,flat,high,efficient,0,290698,100.00000000,1527.90868800,1.00000000,90.0,1527.90868800,1375.11781920,0.58000000,0.00042604
S1,S1,250,132240000,flat,high,high_cost,0,290698,100.00000000,1527.90868800,1.00000000,90.0,1527.90868800,1375.11781920,0.90000000,0.00066110
S1,S1,250,132240000,growth,low,reference,0,0,0.00000000,0.00000000,1619.22118137,80.0,0.00000000,0.00000000,0.70000000,0.00000000
S1,S1,250,132240000,growth,low,efficient,0,0,0.00000000,0.00000000,1619.22118137,80.0,0.00000000,0.00000000,0.58000000,0.00000000
S1,S1,250,132240000,growth,low,high_cost,0,0,0.00000000,0.00000000,1619.22118137,80.0,0.00000000,0.00000000,0.90000000,0.00000000
S1,S1,250,132240000,growth,base,reference,0,10003,100.00000000,52.57576800,1619.22118137,80.0,85131.79717229,68105.43773784,0.70000000,0.01681076
S1,S1,250,132240000,growth,base,efficient,0,10003,100.00000000,52.57576800,1619.22118137,80.0,85131.79717229,68105.43773784,0.58000000,0.01392891
S1,S1,250,132240000,growth,base,high_cost,0,10003,100.00000000,52.57576800,1619.22118137,80.0,85131.79717229,68105.43773784,0.90000000,0.02161383
S1,S1,250,132240000,growth,high,reference,0,290698,100.00000000,1527.90868800,1619.22118137,80.0,2474022.11080593,1979217.68864474,0.70000000,0.00057846
S1,S1,250,132240000,growth,high,efficient,0,290698,100.00000000,1527.90868800,1619.22118137,80.0,2474022.11080593,1979217.68864474,0.58000000,0.00047930
S1,S1,250,132240000,growth,high,high_cost,0,290698,100.00000000,1527.90868800,1619.22118137,80.0,2474022.11080593,1979217.68864474,0.90000000,0.00074374
S1,S1,500,263640000,stress,low,reference,0,0,0.00000000,0.00000000,0.00000000,70.0,0.00000000,0.00000000,0.70000000,0.00000000
S1,S1,500,263640000,stress,low,efficient,0,0,0.00000000,0.00000000,0.00000000,70.0,0.00000000,0.00000000,0.58000000,0.00000000
S1,S1,500,263640000,stress,low,high_cost,0,0,0.00000000,0.00000000,0.00000000,70.0,0.00000000,0.00000000,0.90000000,0.00000000
S1,S1,500,263640000,stress,base,reference,0,10003,100.00000000,52.57576800,0.00000000,70.0,0.00000000,0.00000000,0.70000000,0.01921229
S1,S1,500,263640000,stress,base,efficient,0,10003,100.00000000,52.57576800,0.00000000,70.0,0.00000000,0.00000000,0.58000000,0.01591876
S1,S1,500,263640000,stress,base,high_cost,0,10003,100.00000000,52.57576800,0.00000000,70.0,0.00000000,0.00000000,0.90000000,0.02470152
S1,S1,500,263640000,stress,high,reference,0,290698,100.00000000,1527.90868800,0.00000000,70.0,0.00000001,0.00000001,0.70000000,0.00066110
S1,S1,500,263640000,stress,high,efficient,0,290698,100.00000000,1527.90868800,0.00000000,70.0,0.00000001,0.00000001,0.58000000,0.00054777
S1,S1,500,263640000,stress,high,high_cost,0,290698,100.00000000,1527.90868800,0.00000000,70.0,0.00000001,0.00000001,0.90000000,0.00084999
S1,S1,500,263640000,flat,low,reference,0,0,0.00000000,0.00000000,1.00000000,90.0,0.00000000,0.00000000,0.70000000,0.00000000
S1,S1,500,263640000,flat,low,efficient,0,0,0.00000000,0.00000000,1.00000000,90.0,0.00000000,0.00000000,0.58000000,0.00000000
S1,S1,500,263640000,flat,low,high_cost,0,0,0.00000000,0.00000000,1.00000000,90.0,0.00000000,0.00000000,0.90000000,0.00000000
S1,S1,500,263640000,flat,base,reference,0,10003,100.00000000,52.57576800,1.00000000,90.0,52.57576800,47.31819120,0.70000000,0.01494289
S1,S1,500,263640000,flat,base,efficient,0,10003,100.00000000,52.57576800,1.00000000,90.0,52.57576800,47.31819120,0.58000000,0.01238125
S1,S1,500,263640000,flat,base,high_cost,0,10003,100.00000000,52.57576800,1.00000000,90.0,52.57576800,47.31819120,0.90000000,0.01921229
S1,S1,500,263640000,flat,high,reference,0,290698,100.00000000,1527.90868800,1.00000000,90.0,1527.90868800,1375.11781920,0.70000000,0.00051419
S1,S1,500,263640000,flat,high,efficient,0,290698,100.00000000,1527.90868800,1.00000000,90.0,1527.90868800,1375.11781920,0.58000000,0.00042604
S1,S1,500,263640000,flat,high,high_cost,0,290698,100.00000000,1527.90868800,1.00000000,90.0,1527.90868800,1375.11781920,0.90000000,0.00066110
S1,S1,500,263640000,growth,low,reference,0,0,0.00000000,0.00000000,2621877.23419108,80.0,0.00000000,0.00000000,0.70000000,0.00000000
S1,S1,500,263640000,growth,low,efficient,0,0,0.00000000,0.00000000,2621877.23419108,80.0,0.00000000,0.00000000,0.58000000,0.00000000
S1,S1,500,263640000,growth,low,high_cost,0,0,0.00000000,0.00000000,2621877.23419108,80.0,0.00000000,0.00000000,0.90000000,0.00000000
S1,S1,500,263640000,growth,base,reference,0,10003,100.00000000,52.57576800,2621877.23419108,80.0,137847209.18931171,110277767.35144937,0.70000000,0.01681076
S1,S1,500,263640000,growth,base,efficient,0,10003,100.00000000,52.57576800,2621877.23419108,80.0,137847209.18931171,110277767.35144937,0.58000000,0.01392891
S1,S1,500,263640000,growth,base,high_cost,0,10003,100.00000000,52.57576800,2621877.23419108,80.0,137847209.18931171,110277767.35144937,0.90000000,0.02161383
S1,S1,500,263640000,growth,high,reference,0,290698,100.00000000,1527.90868800,2621877.23419108,80.0,4005989004.98995656,3204791203.99196525,0.70000000,0.00057846
S1,S1,500,263640000,growth,high,efficient,0,290698,100.00000000,1527.90868800,2621877.23419108,80.0,4005989004.98995656,3204791203.99196525,0.58000000,0.00047930
S1,S1,500,263640000,growth,high,high_cost,0,290698,100.00000000,1527.90868800,2621877.23419108,80.0,4005989004.98995656,3204791203.99196525,0.90000000,0.00074374
S2a,S2/a,0,840000,stress,low,reference,593750000,0,0.00000000,3120750.00000000,1.00000000,70.0,3120750.00000000,2184525.00000000,0.70000000,0.00000032
S2a,S2/a,0,840000,stress,low,efficient,593750000,0,0.00000000,3120750.00000000,1.00000000,70.0,3120750.00000000,2184525.00000000,0.58000000,0.00000027
S2a,S2/a,0,840000,stress,low,high_cost,593750000,0,0.00000000,3120750.00000000,1.00000000,70.0,3120750.00000000,2184525.00000000,0.90000000,0.00000042
S2a,S2/a,0,840000,stress,base,reference,593750000,10003,0.00168469,3120802.57576800,1.00000000,70.0,3120802.57576800,2184561.80303760,0.70000000,0.00000032
S2a,S2/a,0,840000,stress,base,efficient,593750000,10003,0.00168469,3120802.57576800,1.00000000,70.0,3120802.57576800,2184561.80303760,0.58000000,0.00000027
S2a,S2/a,0,840000,stress,base,high_cost,593750000,10003,0.00168469,3120802.57576800,1.00000000,70.0,3120802.57576800,2184561.80303760,0.90000000,0.00000042
S2a,S2/a,0,840000,stress,high,reference,593750000,290698,0.04893570,3122277.90868800,1.00000000,70.0,3122277.90868800,2185594.53608160,0.70000000,0.00000032
S2a,S2/a,0,840000,stress,high,efficient,593750000,290698,0.04893570,3122277.90868800,1.00000000,70.0,3122277.90868800,2185594.53608160,0.58000000,0.00000027
S2a,S2/a,0,840000,stress,high,high_cost,593750000,290698,0.04893570,3122277.90868800,1.00000000,70.0,3122277.90868800,2185594.53608160,0.90000000,0.00000042
S2a,S2/a,0,840000,flat,low,reference,593750000,0,0.00000000,3120750.00000000,1.00000000,90.0,3120750.00000000,2808675.00000000,0.70000000,0.00000025
S2a,S2/a,0,840000,flat,low,efficient,593750000,0,0.00000000,3120750.00000000,1.00000000,90.0,3120750.00000000,2808675.00000000,0.58000000,0.00000021
S2a,S2/a,0,840000,flat,low,high_cost,593750000,0,0.00000000,3120750.00000000,1.00000000,90.0,3120750.00000000,2808675.00000000,0.90000000,0.00000032
S2a,S2/a,0,840000,flat,base,reference,593750000,10003,0.00168469,3120802.57576800,1.00000000,90.0,3120802.57576800,2808722.31819120,0.70000000,0.00000025
S2a,S2/a,0,840000,flat,base,efficient,593750000,10003,0.00168469,3120802.57576800,1.00000000,90.0,3120802.57576800,2808722.31819120,0.58000000,0.00000021
S2a,S2/a,0,840000,flat,base,high_cost,593750000,10003,0.00168469,3120802.57576800,1.00000000,90.0,3120802.57576800,2808722.31819120,0.90000000,0.00000032
S2a,S2/a,0,840000,flat,high,reference,593750000,290698,0.04893570,3122277.90868800,1.00000000,90.0,3122277.90868800,2810050.11781920,0.70000000,0.00000025
S2a,S2/a,0,840000,flat,high,efficient,593750000,290698,0.04893570,3122277.90868800,1.00000000,90.0,3122277.90868800,2810050.11781920,0.58000000,0.00000021
S2a,S2/a,0,840000,flat,high,high_cost,593750000,290698,0.04893570,3122277.90868800,1.00000000,90.0,3122277.90868800,2810050.11781920,0.90000000,0.00000032
S2a,S2/a,0,840000,growth,low,reference,593750000,0,0.00000000,3120750.00000000,1.00000000,80.0,3120750.00000000,2496600.00000000,0.70000000,0.00000028
S2a,S2/a,0,840000,growth,low,efficient,593750000,0,0.00000000,3120750.00000000,1.00000000,80.0,3120750.00000000,2496600.00000000,0.58000000,0.00000023
S2a,S2/a,0,840000,growth,low,high_cost,593750000,0,0.00000000,3120750.00000000,1.00000000,80.0,3120750.00000000,2496600.00000000,0.90000000,0.00000036
S2a,S2/a,0,840000,growth,base,reference,593750000,10003,0.00168469,3120802.57576800,1.00000000,80.0,3120802.57576800,2496642.06061440,0.70000000,0.00000028
S2a,S2/a,0,840000,growth,base,efficient,593750000,10003,0.00168469,3120802.57576800,1.00000000,80.0,3120802.57576800,2496642.06061440,0.58000000,0.00000023
S2a,S2/a,0,840000,growth,base,high_cost,593750000,10003,0.00168469,3120802.57576800,1.00000000,80.0,3120802.57576800,2496642.06061440,0.90000000,0.00000036
S2a,S2/a,0,840000,growth,high,reference,593750000,290698,0.04893570,3122277.90868800,1.00000000,80.0,3122277.90868800,2497822.32695040,0.70000000,0.00000028
S2a,S2/a,0,840000,growth,high,efficient,593750000,290698,0.04893570,3122277.90868800,1.00000000,80.0,3122277.90868800,2497822.32695040,0.58000000,0.00000023
S2a,S2/a,0,840000,growth,high,high_cost,593750000,290698,0.04893570,3122277.90868800,1.00000000,80.0,3122277.90868800,2497822.32695040,0.90000000,0.00000036
S2a,S2/a,1,1365600,stress,low,reference,535859375,0,0.00000000,2816476.87500000,0.95000000,70.0,2675653.03125000,1872957.12187500,0.70000000,0.00000036
S2a,S2/a,1,1365600,stress,low,efficient,535859375,0,0.00000000,2816476.87500000,0.95000000,70.0,2675653.03125000,1872957.12187500,0.58000000,0.00000030
S2a,S2/a,1,1365600,stress,low,high_cost,535859375,0,0.00000000,2816476.87500000,0.95000000,70.0,2675653.03125000,1872957.12187500,0.90000000,0.00000046
S2a,S2/a,1,1365600,stress,base,reference,535859375,10003,0.00186669,2816529.45076800,0.95000000,70.0,2675702.97822960,1872992.08476072,0.70000000,0.00000036
S2a,S2/a,1,1365600,stress,base,efficient,535859375,10003,0.00186669,2816529.45076800,0.95000000,70.0,2675702.97822960,1872992.08476072,0.58000000,0.00000030
S2a,S2/a,1,1365600,stress,base,high_cost,535859375,10003,0.00186669,2816529.45076800,0.95000000,70.0,2675702.97822960,1872992.08476072,0.90000000,0.00000046
S2a,S2/a,1,1365600,stress,high,reference,535859375,290698,0.05421952,2818004.78368800,0.95000000,70.0,2677104.54450360,1873973.18115252,0.70000000,0.00000036
S2a,S2/a,1,1365600,stress,high,efficient,535859375,290698,0.05421952,2818004.78368800,0.95000000,70.0,2677104.54450360,1873973.18115252,0.58000000,0.00000030
S2a,S2/a,1,1365600,stress,high,high_cost,535859375,290698,0.05421952,2818004.78368800,0.95000000,70.0,2677104.54450360,1873973.18115252,0.90000000,0.00000046
S2a,S2/a,1,1365600,flat,low,reference,535859375,0,0.00000000,2816476.87500000,1.00000000,90.0,2816476.87500000,2534829.18750000,0.70000000,0.00000028
S2a,S2/a,1,1365600,flat,low,efficient,535859375,0,0.00000000,2816476.87500000,1.00000000,90.0,2816476.87500000,2534829.18750000,0.58000000,0.00000023
S2a,S2/a,1,1365600,flat,low,high_cost,535859375,0,0.00000000,2816476.87500000,1.00000000,90.0,2816476.87500000,2534829.18750000,0.90000000,0.00000036
S2a,S2/a,1,1365600,flat,base,reference,535859375,10003,0.00186669,2816529.45076800,1.00000000,90.0,2816529.45076800,2534876.50569120,0.70000000,0.00000028
S2a,S2/a,1,1365600,flat,base,efficient,535859375,10003,0.00186669,2816529.45076800,1.00000000,90.0,2816529.45076800,2534876.50569120,0.58000000,0.00000023
S2a,S2/a,1,1365600,flat,base,high_cost,535859375,10003,0.00186669,2816529.45076800,1.00000000,90.0,2816529.45076800,2534876.50569120,0.90000000,0.00000036
S2a,S2/a,1,1365600,flat,high,reference,535859375,290698,0.05421952,2818004.78368800,1.00000000,90.0,2818004.78368800,2536204.30531920,0.70000000,0.00000028
S2a,S2/a,1,1365600,flat,high,efficient,535859375,290698,0.05421952,2818004.78368800,1.00000000,90.0,2818004.78368800,2536204.30531920,0.58000000,0.00000023
S2a,S2/a,1,1365600,flat,high,high_cost,535859375,290698,0.05421952,2818004.78368800,1.00000000,90.0,2818004.78368800,2536204.30531920,0.90000000,0.00000036
S2a,S2/a,1,1365600,growth,low,reference,535859375,0,0.00000000,2816476.87500000,1.03000000,80.0,2900971.18125000,2320776.94500000,0.70000000,0.00000031
S2a,S2/a,1,1365600,growth,low,efficient,535859375,0,0.00000000,2816476.87500000,1.03000000,80.0,2900971.18125000,2320776.94500000,0.58000000,0.00000026
S2a,S2/a,1,1365600,growth,low,high_cost,535859375,0,0.00000000,2816476.87500000,1.03000000,80.0,2900971.18125000,2320776.94500000,0.90000000,0.00000040
S2a,S2/a,1,1365600,growth,base,reference,535859375,10003,0.00186669,2816529.45076800,1.03000000,80.0,2901025.33429104,2320820.26743283,0.70000000,0.00000031
S2a,S2/a,1,1365600,growth,base,efficient,535859375,10003,0.00186669,2816529.45076800,1.03000000,80.0,2901025.33429104,2320820.26743283,0.58000000,0.00000026
S2a,S2/a,1,1365600,growth,base,high_cost,535859375,10003,0.00186669,2816529.45076800,1.03000000,80.0,2901025.33429104,2320820.26743283,0.90000000,0.00000040
S2a,S2/a,1,1365600,growth,high,reference,535859375,290698,0.05421952,2818004.78368800,1.03000000,80.0,2902544.92719864,2322035.94175891,0.70000000,0.00000031
S2a,S2/a,1,1365600,growth,high,efficient,535859375,290698,0.05421952,2818004.78368800,1.03000000,80.0,2902544.92719864,2322035.94175891,0.58000000,0.00000026
S2a,S2/a,1,1365600,growth,high,high_cost,535859375,290698,0.05421952,2818004.78368800,1.03000000,80.0,2902544.92719864,2322035.94175891,0.90000000,0.00000040
S2a,S2/a,2,1891200,stress,low,reference,459432430,0,0.00000000,2414776.85208000,0.90250000,70.0,2179336.10900220,1525535.27630154,0.70000000,0.00000042
S2a,S2/a,2,1891200,stress,low,efficient,459432430,0,0.00000000,2414776.85208000,0.90250000,70.0,2179336.10900220,1525535.27630154,0.58000000,0.00000035
S2a,S2/a,2,1891200,stress,low,high_cost,459432430,0,0.00000000,2414776.85208000,0.90250000,70.0,2179336.10900220,1525535.27630154,0.90000000,0.00000054
S2a,S2/a,2,1891200,stress,base,reference,459432430,10003,0.00217720,2414829.42784800,0.90250000,70.0,2179383.55863282,1525568.49104297,0.70000000,0.00000042
S2a,S2/a,2,1891200,stress,base,efficient,459432430,10003,0.00217720,2414829.42784800,0.90250000,70.0,2179383.55863282,1525568.49104297,0.58000000,0.00000035
S2a,S2/a,2,1891200,stress,base,high_cost,459432430,10003,0.00217720,2414829.42784800,0.90250000,70.0,2179383.55863282,1525568.49104297,0.90000000,0.00000054
S2a,S2/a,2,1891200,stress,high,reference,459432430,290698,0.06323328,2416304.76076800,0.90250000,70.0,2180715.04659312,1526500.53261518,0.70000000,0.00000042
S2a,S2/a,2,1891200,stress,high,efficient,459432430,290698,0.06323328,2416304.76076800,0.90250000,70.0,2180715.04659312,1526500.53261518,0.58000000,0.00000035
S2a,S2/a,2,1891200,stress,high,high_cost,459432430,290698,0.06323328,2416304.76076800,0.90250000,70.0,2180715.04659312,1526500.53261518,0.90000000,0.00000054
S2a,S2/a,2,1891200,flat,low,reference,459432430,0,0.00000000,2414776.85208000,1.00000000,90.0,2414776.85208000,2173299.16687200,0.70000000,0.00000033
S2a,S2/a,2,1891200,flat,low,efficient,459432430,0,0.00000000,2414776.85208000,1.00000000,90.0,2414776.85208000,2173299.16687200,0.58000000,0.00000027
S2a,S2/a,2,1891200,flat,low,high_cost,459432430,0,0.00000000,2414776.85208000,1.00000000,90.0,2414776.85208000,2173299.16687200,0.90000000,0.00000042
S2a,S2/a,2,1891200,flat,base,reference,459432430,10003,0.00217720,2414829.42784800,1.00000000,90.0,2414829.42784800,2173346.48506320,0.70000000,0.00000033
S2a,S2/a,2,1891200,flat,base,efficient,459432430,10003,0.00217720,2414829.42784800,1.00000000,90.0,2414829.42784800,2173346.48506320,0.58000000,0.00000027
S2a,S2/a,2,1891200,flat,base,high_cost,459432430,10003,0.00217720,2414829.42784800,1.00000000,90.0,2414829.42784800,2173346.48506320,0.90000000,0.00000042
S2a,S2/a,2,1891200,flat,high,reference,459432430,290698,0.06323328,2416304.76076800,1.00000000,90.0,2416304.76076800,2174674.28469120,0.70000000,0.00000033
S2a,S2/a,2,1891200,flat,high,efficient,459432430,290698,0.06323328,2416304.76076800,1.00000000,90.0,2416304.76076800,2174674.28469120,0.58000000,0.00000027
S2a,S2/a,2,1891200,flat,high,high_cost,459432430,290698,0.06323328,2416304.76076800,1.00000000,90.0,2416304.76076800,2174674.28469120,0.90000000,0.00000042
S2a,S2/a,2,1891200,growth,low,reference,459432430,0,0.00000000,2414776.85208000,1.06090000,80.0,2561836.76237167,2049469.40989734,0.70000000,0.00000037
S2a,S2/a,2,1891200,growth,low,efficient,459432430,0,0.00000000,2414776.85208000,1.06090000,80.0,2561836.76237167,2049469.40989734,0.58000000,0.00000030
S2a,S2/a,2,1891200,growth,low,high_cost,459432430,0,0.00000000,2414776.85208000,1.06090000,80.0,2561836.76237167,2049469.40989734,0.90000000,0.00000047
S2a,S2/a,2,1891200,growth,base,reference,459432430,10003,0.00217720,2414829.42784800,1.06090000,80.0,2561892.54000394,2049514.03200315,0.70000000,0.00000037
S2a,S2/a,2,1891200,growth,base,efficient,459432430,10003,0.00217720,2414829.42784800,1.06090000,80.0,2561892.54000394,2049514.03200315,0.58000000,0.00000030
S2a,S2/a,2,1891200,growth,base,high_cost,459432430,10003,0.00217720,2414829.42784800,1.06090000,80.0,2561892.54000394,2049514.03200315,0.90000000,0.00000047
S2a,S2/a,2,1891200,growth,high,reference,459432430,290698,0.06323328,2416304.76076800,1.06090000,80.0,2563457.72069877,2050766.17655902,0.70000000,0.00000037
S2a,S2/a,2,1891200,growth,high,efficient,459432430,290698,0.06323328,2416304.76076800,1.06090000,80.0,2563457.72069877,2050766.17655902,0.58000000,0.00000030
S2a,S2/a,2,1891200,growth,high,high_cost,459432430,290698,0.06323328,2416304.76076800,1.06090000,80.0,2563457.72069877,2050766.17655902,0.90000000,0.00000047
S2a,S2/a,5,3468000,stress,low,reference,320838798,0,0.00000000,1686328.72228800,0.77378094,70.0,1304849.01966519,913394.31376563,0.70000000,0.00000060
S2a,S2/a,5,3468000,stress,low,efficient,320838798,0,0.00000000,1686328.72228800,0.77378094,70.0,1304849.01966519,913394.31376563,0.58000000,0.00000050
S2a,S2/a,5,3468000,stress,low,high_cost,320838798,0,0.00000000,1686328.72228800,0.77378094,70.0,1304849.01966519,913394.31376563,0.90000000,0.00000077
S2a,S2/a,5,3468000,stress,base,reference,320838798,10003,0.00311767,1686381.29805600,0.77378094,70.0,1304889.70179224,913422.79125457,0.70000000,0.00000060
S2a,S2/a,5,3468000,stress,base,efficient,320838798,10003,0.00311767,1686381.29805600,0.77378094,70.0,1304889.70179224,913422.79125457,0.58000000,0.00000050
S2a,S2/a,5,3468000,stress,base,high_cost,320838798,10003,0.00311767,1686381.29805600,0.77378094,70.0,1304889.70179224,913422.79125457,0.90000000,0.00000077
S2a,S2/a,5,3468000,stress,high,reference,320838798,290698,0.09052361,1687856.63097600,0.77378094,70.0,1306031.28628220,914221.90039754,0.70000000,0.00000060
S2a,S2/a,5,3468000,stress,high,efficient,320838798,290698,0.09052361,1687856.63097600,0.77378094,70.0,1306031.28628220,914221.90039754,0.58000000,0.00000050
S2a,S2/a,5,3468000,stress,high,high_cost,320838798,290698,0.09052361,1687856.63097600,0.77378094,70.0,1306031.28628220,914221.90039754,0.90000000,0.00000077
S2a,S2/a,5,3468000,flat,low,reference,320838798,0,0.00000000,1686328.72228800,1.00000000,90.0,1686328.72228800,1517695.85005920,0.70000000,0.00000047
S2a,S2/a,5,3468000,flat,low,efficient,320838798,0,0.00000000,1686328.72228800,1.00000000,90.0,1686328.72228800,1517695.85005920,0.58000000,0.00000039
S2a,S2/a,5,3468000,flat,low,high_cost,320838798,0,0.00000000,1686328.72228800,1.00000000,90.0,1686328.72228800,1517695.85005920,0.90000000,0.00000060
S2a,S2/a,5,3468000,flat,base,reference,320838798,10003,0.00311767,1686381.29805600,1.00000000,90.0,1686381.29805600,1517743.16825040,0.70000000,0.00000047
S2a,S2/a,5,3468000,flat,base,efficient,320838798,10003,0.00311767,1686381.29805600,1.00000000,90.0,1686381.29805600,1517743.16825040,0.58000000,0.00000039
S2a,S2/a,5,3468000,flat,base,high_cost,320838798,10003,0.00311767,1686381.29805600,1.00000000,90.0,1686381.29805600,1517743.16825040,0.90000000,0.00000060
S2a,S2/a,5,3468000,flat,high,reference,320838798,290698,0.09052361,1687856.63097600,1.00000000,90.0,1687856.63097600,1519070.96787840,0.70000000,0.00000047
S2a,S2/a,5,3468000,flat,high,efficient,320838798,290698,0.09052361,1687856.63097600,1.00000000,90.0,1687856.63097600,1519070.96787840,0.58000000,0.00000039
S2a,S2/a,5,3468000,flat,high,high_cost,320838798,290698,0.09052361,1687856.63097600,1.00000000,90.0,1687856.63097600,1519070.96787840,0.90000000,0.00000060
S2a,S2/a,5,3468000,growth,low,reference,320838798,0,0.00000000,1686328.72228800,1.15927407,80.0,1954917.16849592,1563933.73479674,0.70000000,0.00000052
S2a,S2/a,5,3468000,growth,low,efficient,320838798,0,0.00000000,1686328.72228800,1.15927407,80.0,1954917.16849592,1563933.73479674,0.58000000,0.00000043
S2a,S2/a,5,3468000,growth,low,high_cost,320838798,0,0.00000000,1686328.72228800,1.15927407,80.0,1954917.16849592,1563933.73479674,0.90000000,0.00000067
S2a,S2/a,5,3468000,growth,base,reference,320838798,10003,0.00311767,1686381.29805600,1.15927407,80.0,1954978.11822070,1563982.49457656,0.70000000,0.00000052
S2a,S2/a,5,3468000,growth,base,efficient,320838798,10003,0.00311767,1686381.29805600,1.15927407,80.0,1954978.11822070,1563982.49457656,0.58000000,0.00000043
S2a,S2/a,5,3468000,growth,base,high_cost,320838798,10003,0.00311767,1686381.29805600,1.15927407,80.0,1954978.11822070,1563982.49457656,0.90000000,0.00000067
S2a,S2/a,5,3468000,growth,high,reference,320838798,290698,0.09052361,1687856.63097600,1.15927407,80.0,1956688.43342582,1565350.74674066,0.70000000,0.00000052
S2a,S2/a,5,3468000,growth,high,efficient,320838798,290698,0.09052361,1687856.63097600,1.15927407,80.0,1956688.43342582,1565350.74674066,0.58000000,0.00000043
S2a,S2/a,5,3468000,growth,high,high_cost,320838798,290698,0.09052361,1687856.63097600,1.15927407,80.0,1956688.43342582,1565350.74674066,0.90000000,0.00000067
S2a,S2/a,10,6096000,stress,low,reference,164700054,0,0.00000000,865663.48382400,0.59873694,70.0,518304.70471521,362813.29330065,0.70000000,0.00000117
S2a,S2/a,10,6096000,stress,low,efficient,164700054,0,0.00000000,865663.48382400,0.59873694,70.0,518304.70471521,362813.29330065,0.58000000,0.00000097
S2a,S2/a,10,6096000,stress,low,high_cost,164700054,0,0.00000000,865663.48382400,0.59873694,70.0,518304.70471521,362813.29330065,0.90000000,0.00000150
S2a,S2/a,10,6096000,stress,base,reference,164700054,10003,0.00607310,865716.05959200,0.59873694,70.0,518336.18376962,362835.32863874,0.70000000,0.00000117
S2a,S2/a,10,6096000,stress,base,efficient,164700054,10003,0.00607310,865716.05959200,0.59873694,70.0,518336.18376962,362835.32863874,0.58000000,0.00000097
S2a,S2/a,10,6096000,stress,base,high_cost,164700054,10003,0.00607310,865716.05959200,0.59873694,70.0,518336.18376962,362835.32863874,0.90000000,0.00000150
S2a,S2/a,10,6096000,stress,high,reference,164700054,290698,0.17619048,867191.39251200,0.59873694,70.0,519219.52008650,363453.66406055,0.70000000,0.00000116
S2a,S2/a,10,6096000,stress,high,efficient,164700054,290698,0.17619048,867191.39251200,0.59873694,70.0,519219.52008650,363453.66406055,0.58000000,0.00000097
S2a,S2/a,10,6096000,stress,high,high_cost,164700054,290698,0.17619048,867191.39251200,0.59873694,70.0,519219.52008650,363453.66406055,0.90000000,0.00000150
S2a,S2/a,10,6096000,flat,low,reference,164700054,0,0.00000000,865663.48382400,1.00000000,90.0,865663.48382400,779097.13544160,0.70000000,0.00000091
S2a,S2/a,10,6096000,flat,low,efficient,164700054,0,0.00000000,865663.48382400,1.00000000,90.0,865663.48382400,779097.13544160,0.58000000,0.00000075
S2a,S2/a,10,6096000,flat,low,high_cost,164700054,0,0.00000000,865663.48382400,1.00000000,90.0,865663.48382400,779097.13544160,0.90000000,0.00000117
S2a,S2/a,10,6096000,flat,base,reference,164700054,10003,0.00607310,865716.05959200,1.00000000,90.0,865716.05959200,779144.45363280,0.70000000,0.00000091
S2a,S2/a,10,6096000,flat,base,efficient,164700054,10003,0.00607310,865716.05959200,1.00000000,90.0,865716.05959200,779144.45363280,0.58000000,0.00000075
S2a,S2/a,10,6096000,flat,base,high_cost,164700054,10003,0.00607310,865716.05959200,1.00000000,90.0,865716.05959200,779144.45363280,0.90000000,0.00000117
S2a,S2/a,10,6096000,flat,high,reference,164700054,290698,0.17619048,867191.39251200,1.00000000,90.0,867191.39251200,780472.25326080,0.70000000,0.00000091
S2a,S2/a,10,6096000,flat,high,efficient,164700054,290698,0.17619048,867191.39251200,1.00000000,90.0,867191.39251200,780472.25326080,0.58000000,0.00000075
S2a,S2/a,10,6096000,flat,high,high_cost,164700054,290698,0.17619048,867191.39251200,1.00000000,90.0,867191.39251200,780472.25326080,0.90000000,0.00000116
S2a,S2/a,10,6096000,growth,low,reference,164700054,0,0.00000000,865663.48382400,1.34391638,80.0,1163379.33491117,930703.46792894,0.70000000,0.00000102
S2a,S2/a,10,6096000,growth,low,efficient,164700054,0,0.00000000,865663.48382400,1.34391638,80.0,1163379.33491117,930703.46792894,0.58000000,0.00000085
S2a,S2/a,10,6096000,growth,low,high_cost,164700054,0,0.00000000,865663.48382400,1.34391638,80.0,1163379.33491117,930703.46792894,0.90000000,0.00000131
S2a,S2/a,10,6096000,growth,base,reference,164700054,10003,0.00607310,865716.05959200,1.34391638,80.0,1163449.99234694,930759.99387755,0.70000000,0.00000102
S2a,S2/a,10,6096000,growth,base,efficient,164700054,10003,0.00607310,865716.05959200,1.34391638,80.0,1163449.99234694,930759.99387755,0.58000000,0.00000085
S2a,S2/a,10,6096000,growth,base,high_cost,164700054,10003,0.00607310,865716.05959200,1.34391638,80.0,1163449.99234694,930759.99387755,0.90000000,0.00000131
S2a,S2/a,10,6096000,growth,high,reference,164700054,290698,0.17619048,867191.39251200,1.34391638,80.0,1165432.71642311,932346.17313849,0.70000000,0.00000102
S2a,S2/a,10,6096000,growth,high,efficient,164700054,290698,0.17619048,867191.39251200,1.34391638,80.0,1165432.71642311,932346.17313849,0.58000000,0.00000084
S2a,S2/a,10,6096000,growth,high,high_cost,164700054,290698,0.17619048,867191.39251200,1.34391638,80.0,1165432.71642311,932346.17313849,0.90000000,0.00000131
S2a,S2/a,25,13980000,stress,low,reference,50000000,0,0.00000000,262800.00000000,0.27738957,70.0,72897.97981642,51028.58587149,0.70000000,0.00000384
S2a,S2/a,25,13980000,stress,low,efficient,50000000,0,0.00000000,262800.00000000,0.27738957,70.0,72897.97981642,51028.58587149,0.58000000,0.00000318
S2a,S2/a,25,13980000,stress,low,high_cost,50000000,0,0.00000000,262800.00000000,0.27738957,70.0,72897.97981642,51028.58587149,0.90000000,0.00000494
S2a,S2/a,25,13980000,stress,base,reference,50000000,10003,0.02000200,262852.57576800,0.27738957,70.0,72912.56378626,51038.79465038,0.70000000,0.00000384
S2a,S2/a,25,13980000,stress,base,efficient,50000000,10003,0.02000200,262852.57576800,0.27738957,70.0,72912.56378626,51038.79465038,0.58000000,0.00000318
S2a,S2/a,25,13980000,stress,base,high_cost,50000000,10003,0.02000200,262852.57576800,0.27738957,70.0,72912.56378626,51038.79465038,0.90000000,0.00000494
S2a,S2/a,25,13980000,stress,high,reference,50000000,290698,0.57803533,264327.90868800,0.27738957,70.0,73321.80575515,51325.26402861,0.70000000,0.00000382
S2a,S2/a,25,13980000,stress,high,efficient,50000000,290698,0.57803533,264327.90868800,0.27738957,70.0,73321.80575515,51325.26402861,0.58000000,0.00000317
S2a,S2/a,25,13980000,stress,high,high_cost,50000000,290698,0.57803533,264327.90868800,0.27738957,70.0,73321.80575515,51325.26402861,0.90000000,0.00000491
S2a,S2/a,25,13980000,flat,low,reference,50000000,0,0.00000000,262800.00000000,1.00000000,90.0,262800.00000000,236520.00000000,0.70000000,0.00000299
S2a,S2/a,25,13980000,flat,low,efficient,50000000,0,0.00000000,262800.00000000,1.00000000,90.0,262800.00000000,236520.00000000,0.58000000,0.00000248
S2a,S2/a,25,13980000,flat,low,high_cost,50000000,0,0.00000000,262800.00000000,1.00000000,90.0,262800.00000000,236520.00000000,0.90000000,0.00000384
S2a,S2/a,25,13980000,flat,base,reference,50000000,10003,0.02000200,262852.57576800,1.00000000,90.0,262852.57576800,236567.31819120,0.70000000,0.00000299
S2a,S2/a,25,13980000,flat,base,efficient,50000000,10003,0.02000200,262852.57576800,1.00000000,90.0,262852.57576800,236567.31819120,0.58000000,0.00000248
S2a,S2/a,25,13980000,flat,base,high_cost,50000000,10003,0.02000200,262852.57576800,1.00000000,90.0,262852.57576800,236567.31819120,0.90000000,0.00000384
S2a,S2/a,25,13980000,flat,high,reference,50000000,290698,0.57803533,264327.90868800,1.00000000,90.0,264327.90868800,237895.11781920,0.70000000,0.00000297
S2a,S2/a,25,13980000,flat,high,efficient,50000000,290698,0.57803533,264327.90868800,1.00000000,90.0,264327.90868800,237895.11781920,0.58000000,0.00000246
S2a,S2/a,25,13980000,flat,high,high_cost,50000000,290698,0.57803533,264327.90868800,1.00000000,90.0,264327.90868800,237895.11781920,0.90000000,0.00000382
S2a,S2/a,25,13980000,growth,low,reference,50000000,0,0.00000000,262800.00000000,2.09377793,80.0,550244.83991313,440195.87193050,0.70000000,0.00000336
S2a,S2/a,25,13980000,growth,low,efficient,50000000,0,0.00000000,262800.00000000,2.09377793,80.0,550244.83991313,440195.87193050,0.58000000,0.00000279
S2a,S2/a,25,13980000,growth,low,high_cost,50000000,0,0.00000000,262800.00000000,2.09377793,80.0,550244.83991313,440195.87193050,0.90000000,0.00000432
S2a,S2/a,25,13980000,growth,base,reference,50000000,10003,0.02000200,262852.57576800,2.09377793,80.0,550354.92189580,440283.93751664,0.70000000,0.00000336
S2a,S2/a,25,13980000,growth,base,efficient,50000000,10003,0.02000200,262852.57576800,2.09377793,80.0,550354.92189580,440283.93751664,0.58000000,0.00000279
S2a,S2/a,25,13980000,growth,base,high_cost,50000000,10003,0.02000200,262852.57576800,2.09377793,80.0,550354.92189580,440283.93751664,0.90000000,0.00000432
S2a,S2/a,25,13980000,growth,high,reference,50000000,290698,0.57803533,264327.90868800,2.09377793,80.0,553443.94140259,442755.15312207,0.70000000,0.00000334
S2a,S2/a,25,13980000,growth,high,efficient,50000000,290698,0.57803533,264327.90868800,2.09377793,80.0,553443.94140259,442755.15312207,0.58000000,0.00000277
S2a,S2/a,25,13980000,growth,high,high_cost,50000000,290698,0.57803533,264327.90868800,2.09377793,80.0,553443.94140259,442755.15312207,0.90000000,0.00000430
S2a,S2/a,50,27120000,stress,low,reference,50000000,0,0.00000000,262800.00000000,0.07694498,70.0,20221.13950272,14154.79765190,0.70000000,0.00000384
S2a,S2/a,50,27120000,stress,low,efficient,50000000,0,0.00000000,262800.00000000,0.07694498,70.0,20221.13950272,14154.79765190,0.58000000,0.00000318
S2a,S2/a,50,27120000,stress,low,high_cost,50000000,0,0.00000000,262800.00000000,0.07694498,70.0,20221.13950272,14154.79765190,0.90000000,0.00000494
S2a,S2/a,50,27120000,stress,base,reference,50000000,10003,0.02000200,262852.57576800,0.07694498,70.0,20225.18494389,14157.62946072,0.70000000,0.00000384
S2a,S2/a,50,27120000,stress,base,efficient,50000000,10003,0.02000200,262852.57576800,0.07694498,70.0,20225.18494389,14157.62946072,0.58000000,0.00000318
S2a,S2/a,50,27120000,stress,base,high_cost,50000000,10003,0.02000200,262852.57576800,0.07694498,70.0,20225.18494389,14157.62946072,0.90000000,0.00000494
S2a,S2/a,50,27120000,stress,high,reference,50000000,290698,0.57803533,264327.90868800,0.07694498,70.0,20338.70439894,14237.09307926,0.70000000,0.00000382
S2a,S2/a,50,27120000,stress,high,efficient,50000000,290698,0.57803533,264327.90868800,0.07694498,70.0,20338.70439894,14237.09307926,0.58000000,0.00000317
S2a,S2/a,50,27120000,stress,high,high_cost,50000000,290698,0.57803533,264327.90868800,0.07694498,70.0,20338.70439894,14237.09307926,0.90000000,0.00000491
S2a,S2/a,50,27120000,flat,low,reference,50000000,0,0.00000000,262800.00000000,1.00000000,90.0,262800.00000000,236520.00000000,0.70000000,0.00000299
S2a,S2/a,50,27120000,flat,low,efficient,50000000,0,0.00000000,262800.00000000,1.00000000,90.0,262800.00000000,236520.00000000,0.58000000,0.00000248
S2a,S2/a,50,27120000,flat,low,high_cost,50000000,0,0.00000000,262800.00000000,1.00000000,90.0,262800.00000000,236520.00000000,0.90000000,0.00000384
S2a,S2/a,50,27120000,flat,base,reference,50000000,10003,0.02000200,262852.57576800,1.00000000,90.0,262852.57576800,236567.31819120,0.70000000,0.00000299
S2a,S2/a,50,27120000,flat,base,efficient,50000000,10003,0.02000200,262852.57576800,1.00000000,90.0,262852.57576800,236567.31819120,0.58000000,0.00000248
S2a,S2/a,50,27120000,flat,base,high_cost,50000000,10003,0.02000200,262852.57576800,1.00000000,90.0,262852.57576800,236567.31819120,0.90000000,0.00000384
S2a,S2/a,50,27120000,flat,high,reference,50000000,290698,0.57803533,264327.90868800,1.00000000,90.0,264327.90868800,237895.11781920,0.70000000,0.00000297
S2a,S2/a,50,27120000,flat,high,efficient,50000000,290698,0.57803533,264327.90868800,1.00000000,90.0,264327.90868800,237895.11781920,0.58000000,0.00000246
S2a,S2/a,50,27120000,flat,high,high_cost,50000000,290698,0.57803533,264327.90868800,1.00000000,90.0,264327.90868800,237895.11781920,0.90000000,0.00000382
S2a,S2/a,50,27120000,growth,low,reference,50000000,0,0.00000000,262800.00000000,4.38390602,80.0,1152090.50171622,921672.40137298,0.70000000,0.00000336
S2a,S2/a,50,27120000,growth,low,efficient,50000000,0,0.00000000,262800.00000000,4.38390602,80.0,1152090.50171622,921672.40137298,0.58000000,0.00000279
S2a,S2/a,50,27120000,growth,low,high_cost,50000000,0,0.00000000,262800.00000000,4.38390602,80.0,1152090.50171622,921672.40137298,0.90000000,0.00000432
S2a,S2/a,50,27120000,growth,base,reference,50000000,10003,0.02000200,262852.57576800,4.38390602,80.0,1152320.98894200,921856.79115360,0.70000000,0.00000336
S2a,S2/a,50,27120000,growth,base,efficient,50000000,10003,0.02000200,262852.57576800,4.38390602,80.0,1152320.98894200,921856.79115360,0.58000000,0.00000279
S2a,S2/a,50,27120000,growth,base,high_cost,50000000,10003,0.02000200,262852.57576800,4.38390602,80.0,1152320.98894200,921856.79115360,0.90000000,0.00000432
S2a,S2/a,50,27120000,growth,high,reference,50000000,290698,0.57803533,264327.90868800,4.38390602,80.0,1158788.70980958,927030.96784767,0.70000000,0.00000334
S2a,S2/a,50,27120000,growth,high,efficient,50000000,290698,0.57803533,264327.90868800,4.38390602,80.0,1158788.70980958,927030.96784767,0.58000000,0.00000277
S2a,S2/a,50,27120000,growth,high,high_cost,50000000,290698,0.57803533,264327.90868800,4.38390602,80.0,1158788.70980958,927030.96784767,0.90000000,0.00000430
S2a,S2/a,100,53400000,stress,low,reference,50000000,0,0.00000000,262800.00000000,0.00592053,70.0,1555.91507910,1089.14055537,0.70000000,0.00000384
S2a,S2/a,100,53400000,stress,low,efficient,50000000,0,0.00000000,262800.00000000,0.00592053,70.0,1555.91507910,1089.14055537,0.58000000,0.00000318
S2a,S2/a,100,53400000,stress,low,high_cost,50000000,0,0.00000000,262800.00000000,0.00592053,70.0,1555.91507910,1089.14055537,0.90000000,0.00000494
S2a,S2/a,100,53400000,stress,base,reference,50000000,10003,0.02000200,262852.57576800,0.00592053,70.0,1556.22635547,1089.35844883,0.70000000,0.00000384
S2a,S2/a,100,53400000,stress,base,efficient,50000000,10003,0.02000200,262852.57576800,0.00592053,70.0,1556.22635547,1089.35844883,0.58000000,0.00000318
S2a,S2/a,100,53400000,stress,base,high_cost,50000000,10003,0.02000200,262852.57576800,0.00592053,70.0,1556.22635547,1089.35844883,0.90000000,0.00000494
S2a,S2/a,100,53400000,stress,high,reference,50000000,290698,0.57803533,264327.90868800,0.00592053,70.0,1564.96110714,1095.47277500,0.70000000,0.00000382
S2a,S2/a,100,53400000,stress,high,efficient,50000000,290698,0.57803533,264327.90868800,0.00592053,70.0,1564.96110714,1095.47277500,0.58000000,0.00000317
S2a,S2/a,100,53400000,stress,high,high_cost,50000000,290698,0.57803533,264327.90868800,0.00592053,70.0,1564.96110714,1095.47277500,0.90000000,0.00000491
S2a,S2/a,100,53400000,flat,low,reference,50000000,0,0.00000000,262800.00000000,1.00000000,90.0,262800.00000000,236520.00000000,0.70000000,0.00000299
S2a,S2/a,100,53400000,flat,low,efficient,50000000,0,0.00000000,262800.00000000,1.00000000,90.0,262800.00000000,236520.00000000,0.58000000,0.00000248
S2a,S2/a,100,53400000,flat,low,high_cost,50000000,0,0.00000000,262800.00000000,1.00000000,90.0,262800.00000000,236520.00000000,0.90000000,0.00000384
S2a,S2/a,100,53400000,flat,base,reference,50000000,10003,0.02000200,262852.57576800,1.00000000,90.0,262852.57576800,236567.31819120,0.70000000,0.00000299
S2a,S2/a,100,53400000,flat,base,efficient,50000000,10003,0.02000200,262852.57576800,1.00000000,90.0,262852.57576800,236567.31819120,0.58000000,0.00000248
S2a,S2/a,100,53400000,flat,base,high_cost,50000000,10003,0.02000200,262852.57576800,1.00000000,90.0,262852.57576800,236567.31819120,0.90000000,0.00000384
S2a,S2/a,100,53400000,flat,high,reference,50000000,290698,0.57803533,264327.90868800,1.00000000,90.0,264327.90868800,237895.11781920,0.70000000,0.00000297
S2a,S2/a,100,53400000,flat,high,efficient,50000000,290698,0.57803533,264327.90868800,1.00000000,90.0,264327.90868800,237895.11781920,0.58000000,0.00000246
S2a,S2/a,100,53400000,flat,high,high_cost,50000000,290698,0.57803533,264327.90868800,1.00000000,90.0,264327.90868800,237895.11781920,0.90000000,0.00000382
S2a,S2/a,100,53400000,growth,low,reference,50000000,0,0.00000000,262800.00000000,19.21863198,80.0,5050656.48456902,4040525.18765522,0.70000000,0.00000336
S2a,S2/a,100,53400000,growth,low,efficient,50000000,0,0.00000000,262800.00000000,19.21863198,80.0,5050656.48456902,4040525.18765522,0.58000000,0.00000279
S2a,S2/a,100,53400000,growth,low,high_cost,50000000,0,0.00000000,262800.00000000,19.21863198,80.0,5050656.48456902,4040525.18765522,0.90000000,0.00000432
S2a,S2/a,100,53400000,growth,base,reference,50000000,10003,0.02000200,262852.57576800,19.21863198,80.0,5051666.91890532,4041333.53512426,0.70000000,0.00000336
S2a,S2/a,100,53400000,growth,base,efficient,50000000,10003,0.02000200,262852.57576800,19.21863198,80.0,5051666.91890532,4041333.53512426,0.58000000,0.00000279
S2a,S2/a,100,53400000,growth,base,high_cost,50000000,10003,0.02000200,262852.57576800,19.21863198,80.0,5051666.91890532,4041333.53512426,0.90000000,0.00000432
S2a,S2/a,100,53400000,growth,high,reference,50000000,290698,0.57803533,264327.90868800,19.21863198,80.0,5080020.79934405,4064016.63947524,0.70000000,0.00000334
S2a,S2/a,100,53400000,growth,high,efficient,50000000,290698,0.57803533,264327.90868800,19.21863198,80.0,5080020.79934405,4064016.63947524,0.58000000,0.00000277
S2a,S2/a,100,53400000,growth,high,high_cost,50000000,290698,0.57803533,264327.90868800,19.21863198,80.0,5080020.79934405,4064016.63947524,0.90000000,0.00000430
S2a,S2/a,250,132240000,stress,low,reference,50000000,0,0.00000000,262800.00000000,0.00000270,70.0,0.70880485,0.49616340,0.70000000,0.00000384
S2a,S2/a,250,132240000,stress,low,efficient,50000000,0,0.00000000,262800.00000000,0.00000270,70.0,0.70880485,0.49616340,0.58000000,0.00000318
S2a,S2/a,250,132240000,stress,low,high_cost,50000000,0,0.00000000,262800.00000000,0.00000270,70.0,0.70880485,0.49616340,0.90000000,0.00000494
S2a,S2/a,250,132240000,stress,base,reference,50000000,10003,0.02000200,262852.57576800,0.00000270,70.0,0.70894666,0.49626266,0.70000000,0.00000384
S2a,S2/a,250,132240000,stress,base,efficient,50000000,10003,0.02000200,262852.57576800,0.00000270,70.0,0.70894666,0.49626266,0.58000000,0.00000318
S2a,S2/a,250,132240000,stress,base,high_cost,50000000,10003,0.02000200,262852.57576800,0.00000270,70.0,0.70894666,0.49626266,0.90000000,0.00000494
S2a,S2/a,250,132240000,stress,high,reference,50000000,290698,0.57803533,264327.90868800,0.00000270,70.0,0.71292582,0.49904807,0.70000000,0.00000382
S2a,S2/a,250,132240000,stress,high,efficient,50000000,290698,0.57803533,264327.90868800,0.00000270,70.0,0.71292582,0.49904807,0.58000000,0.00000317
S2a,S2/a,250,132240000,stress,high,high_cost,50000000,290698,0.57803533,264327.90868800,0.00000270,70.0,0.71292582,0.49904807,0.90000000,0.00000491
S2a,S2/a,250,132240000,flat,low,reference,50000000,0,0.00000000,262800.00000000,1.00000000,90.0,262800.00000000,236520.00000000,0.70000000,0.00000299
S2a,S2/a,250,132240000,flat,low,efficient,50000000,0,0.00000000,262800.00000000,1.00000000,90.0,262800.00000000,236520.00000000,0.58000000,0.00000248
S2a,S2/a,250,132240000,flat,low,high_cost,50000000,0,0.00000000,262800.00000000,1.00000000,90.0,262800.00000000,236520.00000000,0.90000000,0.00000384
S2a,S2/a,250,132240000,flat,base,reference,50000000,10003,0.02000200,262852.57576800,1.00000000,90.0,262852.57576800,236567.31819120,0.70000000,0.00000299
S2a,S2/a,250,132240000,flat,base,efficient,50000000,10003,0.02000200,262852.57576800,1.00000000,90.0,262852.57576800,236567.31819120,0.58000000,0.00000248
S2a,S2/a,250,132240000,flat,base,high_cost,50000000,10003,0.02000200,262852.57576800,1.00000000,90.0,262852.57576800,236567.31819120,0.90000000,0.00000384
S2a,S2/a,250,132240000,flat,high,reference,50000000,290698,0.57803533,264327.90868800,1.00000000,90.0,264327.90868800,237895.11781920,0.70000000,0.00000297
S2a,S2/a,250,132240000,flat,high,efficient,50000000,290698,0.57803533,264327.90868800,1.00000000,90.0,264327.90868800,237895.11781920,0.58000000,0.00000246
S2a,S2/a,250,132240000,flat,high,high_cost,50000000,290698,0.57803533,264327.90868800,1.00000000,90.0,264327.90868800,237895.11781920,0.90000000,0.00000382
S2a,S2/a,250,132240000,growth,low,reference,50000000,0,0.00000000,262800.00000000,1619.22118137,80.0,425531326.46353434,340425061.17082747,0.70000000,0.00000336
S2a,S2/a,250,132240000,growth,low,efficient,50000000,0,0.00000000,262800.00000000,1619.22118137,80.0,425531326.46353434,340425061.17082747,0.58000000,0.00000279
S2a,S2/a,250,132240000,growth,low,high_cost,50000000,0,0.00000000,262800.00000000,1619.22118137,80.0,425531326.46353434,340425061.17082747,0.90000000,0.00000432
S2a,S2/a,250,132240000,growth,base,reference,50000000,10003,0.02000200,262852.57576800,1619.22118137,80.0,425616458.26070664,340493166.60856531,0.70000000,0.00000336
S2a,S2/a,250,132240000,growth,base,efficient,50000000,10003,0.02000200,262852.57576800,1619.22118137,80.0,425616458.26070664,340493166.60856531,0.58000000,0.00000279
S2a,S2/a,250,132240000,growth,base,high_cost,50000000,10003,0.02000200,262852.57576800,1619.22118137,80.0,425616458.26070664,340493166.60856531,0.90000000,0.00000432
S2a,S2/a,250,132240000,growth,high,reference,50000000,290698,0.57803533,264327.90868800,1619.22118137,80.0,428005348.57434027,342404278.85947222,0.70000000,0.00000334
S2a,S2/a,250,132240000,growth,high,efficient,50000000,290698,0.57803533,264327.90868800,1619.22118137,80.0,428005348.57434027,342404278.85947222,0.58000000,0.00000277
S2a,S2/a,250,132240000,growth,high,high_cost,50000000,290698,0.57803533,264327.90868800,1619.22118137,80.0,428005348.57434027,342404278.85947222,0.90000000,0.00000430
S2a,S2/a,500,263640000,stress,low,reference,0,0,0.00000000,0.00000000,0.00000000,70.0,0.00000000,0.00000000,0.70000000,0.00000000
S2a,S2/a,500,263640000,stress,low,efficient,0,0,0.00000000,0.00000000,0.00000000,70.0,0.00000000,0.00000000,0.58000000,0.00000000
S2a,S2/a,500,263640000,stress,low,high_cost,0,0,0.00000000,0.00000000,0.00000000,70.0,0.00000000,0.00000000,0.90000000,0.00000000
S2a,S2/a,500,263640000,stress,base,reference,0,10003,100.00000000,52.57576800,0.00000000,70.0,0.00000000,0.00000000,0.70000000,0.01921229
S2a,S2/a,500,263640000,stress,base,efficient,0,10003,100.00000000,52.57576800,0.00000000,70.0,0.00000000,0.00000000,0.58000000,0.01591876
S2a,S2/a,500,263640000,stress,base,high_cost,0,10003,100.00000000,52.57576800,0.00000000,70.0,0.00000000,0.00000000,0.90000000,0.02470152
S2a,S2/a,500,263640000,stress,high,reference,0,290698,100.00000000,1527.90868800,0.00000000,70.0,0.00000001,0.00000001,0.70000000,0.00066110
S2a,S2/a,500,263640000,stress,high,efficient,0,290698,100.00000000,1527.90868800,0.00000000,70.0,0.00000001,0.00000001,0.58000000,0.00054777
S2a,S2/a,500,263640000,stress,high,high_cost,0,290698,100.00000000,1527.90868800,0.00000000,70.0,0.00000001,0.00000001,0.90000000,0.00084999
S2a,S2/a,500,263640000,flat,low,reference,0,0,0.00000000,0.00000000,1.00000000,90.0,0.00000000,0.00000000,0.70000000,0.00000000
S2a,S2/a,500,263640000,flat,low,efficient,0,0,0.00000000,0.00000000,1.00000000,90.0,0.00000000,0.00000000,0.58000000,0.00000000
S2a,S2/a,500,263640000,flat,low,high_cost,0,0,0.00000000,0.00000000,1.00000000,90.0,0.00000000,0.00000000,0.90000000,0.00000000
S2a,S2/a,500,263640000,flat,base,reference,0,10003,100.00000000,52.57576800,1.00000000,90.0,52.57576800,47.31819120,0.70000000,0.01494289
S2a,S2/a,500,263640000,flat,base,efficient,0,10003,100.00000000,52.57576800,1.00000000,90.0,52.57576800,47.31819120,0.58000000,0.01238125
S2a,S2/a,500,263640000,flat,base,high_cost,0,10003,100.00000000,52.57576800,1.00000000,90.0,52.57576800,47.31819120,0.90000000,0.01921229
S2a,S2/a,500,263640000,flat,high,reference,0,290698,100.00000000,1527.90868800,1.00000000,90.0,1527.90868800,1375.11781920,0.70000000,0.00051419
S2a,S2/a,500,263640000,flat,high,efficient,0,290698,100.00000000,1527.90868800,1.00000000,90.0,1527.90868800,1375.11781920,0.58000000,0.00042604
S2a,S2/a,500,263640000,flat,high,high_cost,0,290698,100.00000000,1527.90868800,1.00000000,90.0,1527.90868800,1375.11781920,0.90000000,0.00066110
S2a,S2/a,500,263640000,growth,low,reference,0,0,0.00000000,0.00000000,2621877.23419108,80.0,0.00000000,0.00000000,0.70000000,0.00000000
S2a,S2/a,500,263640000,growth,low,efficient,0,0,0.00000000,0.00000000,2621877.23419108,80.0,0.00000000,0.00000000,0.58000000,0.00000000
S2a,S2/a,500,263640000,growth,low,high_cost,0,0,0.00000000,0.00000000,2621877.23419108,80.0,0.00000000,0.00000000,0.90000000,0.00000000
S2a,S2/a,500,263640000,growth,base,reference,0,10003,100.00000000,52.57576800,2621877.23419108,80.0,137847209.18931171,110277767.35144937,0.70000000,0.01681076
S2a,S2/a,500,263640000,growth,base,efficient,0,10003,100.00000000,52.57576800,2621877.23419108,80.0,137847209.18931171,110277767.35144937,0.58000000,0.01392891
S2a,S2/a,500,263640000,growth,base,high_cost,0,10003,100.00000000,52.57576800,2621877.23419108,80.0,137847209.18931171,110277767.35144937,0.90000000,0.02161383
S2a,S2/a,500,263640000,growth,high,reference,0,290698,100.00000000,1527.90868800,2621877.23419108,80.0,4005989004.98995656,3204791203.99196525,0.70000000,0.00057846
S2a,S2/a,500,263640000,growth,high,efficient,0,290698,100.00000000,1527.90868800,2621877.23419108,80.0,4005989004.98995656,3204791203.99196525,0.58000000,0.00047930
S2a,S2/a,500,263640000,growth,high,high_cost,0,290698,100.00000000,1527.90868800,2621877.23419108,80.0,4005989004.98995656,3204791203.99196525,0.90000000,0.00074374
S2b,S2/b,0,840000,stress,low,reference,593750000,0,0.00000000,3120750.00000000,1.00000000,70.0,3120750.00000000,2184525.00000000,0.70000000,0.00000032
S2b,S2/b,0,840000,stress,low,efficient,593750000,0,0.00000000,3120750.00000000,1.00000000,70.0,3120750.00000000,2184525.00000000,0.58000000,0.00000027
S2b,S2/b,0,840000,stress,low,high_cost,593750000,0,0.00000000,3120750.00000000,1.00000000,70.0,3120750.00000000,2184525.00000000,0.90000000,0.00000042
S2b,S2/b,0,840000,stress,base,reference,593750000,10003,0.00168469,3120802.57576800,1.00000000,70.0,3120802.57576800,2184561.80303760,0.70000000,0.00000032
S2b,S2/b,0,840000,stress,base,efficient,593750000,10003,0.00168469,3120802.57576800,1.00000000,70.0,3120802.57576800,2184561.80303760,0.58000000,0.00000027
S2b,S2/b,0,840000,stress,base,high_cost,593750000,10003,0.00168469,3120802.57576800,1.00000000,70.0,3120802.57576800,2184561.80303760,0.90000000,0.00000042
S2b,S2/b,0,840000,stress,high,reference,593750000,290698,0.04893570,3122277.90868800,1.00000000,70.0,3122277.90868800,2185594.53608160,0.70000000,0.00000032
S2b,S2/b,0,840000,stress,high,efficient,593750000,290698,0.04893570,3122277.90868800,1.00000000,70.0,3122277.90868800,2185594.53608160,0.58000000,0.00000027
S2b,S2/b,0,840000,stress,high,high_cost,593750000,290698,0.04893570,3122277.90868800,1.00000000,70.0,3122277.90868800,2185594.53608160,0.90000000,0.00000042
S2b,S2/b,0,840000,flat,low,reference,593750000,0,0.00000000,3120750.00000000,1.00000000,90.0,3120750.00000000,2808675.00000000,0.70000000,0.00000025
S2b,S2/b,0,840000,flat,low,efficient,593750000,0,0.00000000,3120750.00000000,1.00000000,90.0,3120750.00000000,2808675.00000000,0.58000000,0.00000021
S2b,S2/b,0,840000,flat,low,high_cost,593750000,0,0.00000000,3120750.00000000,1.00000000,90.0,3120750.00000000,2808675.00000000,0.90000000,0.00000032
S2b,S2/b,0,840000,flat,base,reference,593750000,10003,0.00168469,3120802.57576800,1.00000000,90.0,3120802.57576800,2808722.31819120,0.70000000,0.00000025
S2b,S2/b,0,840000,flat,base,efficient,593750000,10003,0.00168469,3120802.57576800,1.00000000,90.0,3120802.57576800,2808722.31819120,0.58000000,0.00000021
S2b,S2/b,0,840000,flat,base,high_cost,593750000,10003,0.00168469,3120802.57576800,1.00000000,90.0,3120802.57576800,2808722.31819120,0.90000000,0.00000032
S2b,S2/b,0,840000,flat,high,reference,593750000,290698,0.04893570,3122277.90868800,1.00000000,90.0,3122277.90868800,2810050.11781920,0.70000000,0.00000025
S2b,S2/b,0,840000,flat,high,efficient,593750000,290698,0.04893570,3122277.90868800,1.00000000,90.0,3122277.90868800,2810050.11781920,0.58000000,0.00000021
S2b,S2/b,0,840000,flat,high,high_cost,593750000,290698,0.04893570,3122277.90868800,1.00000000,90.0,3122277.90868800,2810050.11781920,0.90000000,0.00000032
S2b,S2/b,0,840000,growth,low,reference,593750000,0,0.00000000,3120750.00000000,1.00000000,80.0,3120750.00000000,2496600.00000000,0.70000000,0.00000028
S2b,S2/b,0,840000,growth,low,efficient,593750000,0,0.00000000,3120750.00000000,1.00000000,80.0,3120750.00000000,2496600.00000000,0.58000000,0.00000023
S2b,S2/b,0,840000,growth,low,high_cost,593750000,0,0.00000000,3120750.00000000,1.00000000,80.0,3120750.00000000,2496600.00000000,0.90000000,0.00000036
S2b,S2/b,0,840000,growth,base,reference,593750000,10003,0.00168469,3120802.57576800,1.00000000,80.0,3120802.57576800,2496642.06061440,0.70000000,0.00000028
S2b,S2/b,0,840000,growth,base,efficient,593750000,10003,0.00168469,3120802.57576800,1.00000000,80.0,3120802.57576800,2496642.06061440,0.58000000,0.00000023
S2b,S2/b,0,840000,growth,base,high_cost,593750000,10003,0.00168469,3120802.57576800,1.00000000,80.0,3120802.57576800,2496642.06061440,0.90000000,0.00000036
S2b,S2/b,0,840000,growth,high,reference,593750000,290698,0.04893570,3122277.90868800,1.00000000,80.0,3122277.90868800,2497822.32695040,0.70000000,0.00000028
S2b,S2/b,0,840000,growth,high,efficient,593750000,290698,0.04893570,3122277.90868800,1.00000000,80.0,3122277.90868800,2497822.32695040,0.58000000,0.00000023
S2b,S2/b,0,840000,growth,high,high_cost,593750000,290698,0.04893570,3122277.90868800,1.00000000,80.0,3122277.90868800,2497822.32695040,0.90000000,0.00000036
S2b,S2/b,1,1365600,stress,low,reference,535859375,0,0.00000000,2816476.87500000,0.95000000,70.0,2675653.03125000,1872957.12187500,0.70000000,0.00000036
S2b,S2/b,1,1365600,stress,low,efficient,535859375,0,0.00000000,2816476.87500000,0.95000000,70.0,2675653.03125000,1872957.12187500,0.58000000,0.00000030
S2b,S2/b,1,1365600,stress,low,high_cost,535859375,0,0.00000000,2816476.87500000,0.95000000,70.0,2675653.03125000,1872957.12187500,0.90000000,0.00000046
S2b,S2/b,1,1365600,stress,base,reference,535859375,10003,0.00186669,2816529.45076800,0.95000000,70.0,2675702.97822960,1872992.08476072,0.70000000,0.00000036
S2b,S2/b,1,1365600,stress,base,efficient,535859375,10003,0.00186669,2816529.45076800,0.95000000,70.0,2675702.97822960,1872992.08476072,0.58000000,0.00000030
S2b,S2/b,1,1365600,stress,base,high_cost,535859375,10003,0.00186669,2816529.45076800,0.95000000,70.0,2675702.97822960,1872992.08476072,0.90000000,0.00000046
S2b,S2/b,1,1365600,stress,high,reference,535859375,290698,0.05421952,2818004.78368800,0.95000000,70.0,2677104.54450360,1873973.18115252,0.70000000,0.00000036
S2b,S2/b,1,1365600,stress,high,efficient,535859375,290698,0.05421952,2818004.78368800,0.95000000,70.0,2677104.54450360,1873973.18115252,0.58000000,0.00000030
S2b,S2/b,1,1365600,stress,high,high_cost,535859375,290698,0.05421952,2818004.78368800,0.95000000,70.0,2677104.54450360,1873973.18115252,0.90000000,0.00000046
S2b,S2/b,1,1365600,flat,low,reference,535859375,0,0.00000000,2816476.87500000,1.00000000,90.0,2816476.87500000,2534829.18750000,0.70000000,0.00000028
S2b,S2/b,1,1365600,flat,low,efficient,535859375,0,0.00000000,2816476.87500000,1.00000000,90.0,2816476.87500000,2534829.18750000,0.58000000,0.00000023
S2b,S2/b,1,1365600,flat,low,high_cost,535859375,0,0.00000000,2816476.87500000,1.00000000,90.0,2816476.87500000,2534829.18750000,0.90000000,0.00000036
S2b,S2/b,1,1365600,flat,base,reference,535859375,10003,0.00186669,2816529.45076800,1.00000000,90.0,2816529.45076800,2534876.50569120,0.70000000,0.00000028
S2b,S2/b,1,1365600,flat,base,efficient,535859375,10003,0.00186669,2816529.45076800,1.00000000,90.0,2816529.45076800,2534876.50569120,0.58000000,0.00000023
S2b,S2/b,1,1365600,flat,base,high_cost,535859375,10003,0.00186669,2816529.45076800,1.00000000,90.0,2816529.45076800,2534876.50569120,0.90000000,0.00000036
S2b,S2/b,1,1365600,flat,high,reference,535859375,290698,0.05421952,2818004.78368800,1.00000000,90.0,2818004.78368800,2536204.30531920,0.70000000,0.00000028
S2b,S2/b,1,1365600,flat,high,efficient,535859375,290698,0.05421952,2818004.78368800,1.00000000,90.0,2818004.78368800,2536204.30531920,0.58000000,0.00000023
S2b,S2/b,1,1365600,flat,high,high_cost,535859375,290698,0.05421952,2818004.78368800,1.00000000,90.0,2818004.78368800,2536204.30531920,0.90000000,0.00000036
S2b,S2/b,1,1365600,growth,low,reference,535859375,0,0.00000000,2816476.87500000,1.03000000,80.0,2900971.18125000,2320776.94500000,0.70000000,0.00000031
S2b,S2/b,1,1365600,growth,low,efficient,535859375,0,0.00000000,2816476.87500000,1.03000000,80.0,2900971.18125000,2320776.94500000,0.58000000,0.00000026
S2b,S2/b,1,1365600,growth,low,high_cost,535859375,0,0.00000000,2816476.87500000,1.03000000,80.0,2900971.18125000,2320776.94500000,0.90000000,0.00000040
S2b,S2/b,1,1365600,growth,base,reference,535859375,10003,0.00186669,2816529.45076800,1.03000000,80.0,2901025.33429104,2320820.26743283,0.70000000,0.00000031
S2b,S2/b,1,1365600,growth,base,efficient,535859375,10003,0.00186669,2816529.45076800,1.03000000,80.0,2901025.33429104,2320820.26743283,0.58000000,0.00000026
S2b,S2/b,1,1365600,growth,base,high_cost,535859375,10003,0.00186669,2816529.45076800,1.03000000,80.0,2901025.33429104,2320820.26743283,0.90000000,0.00000040
S2b,S2/b,1,1365600,growth,high,reference,535859375,290698,0.05421952,2818004.78368800,1.03000000,80.0,2902544.92719864,2322035.94175891,0.70000000,0.00000031
S2b,S2/b,1,1365600,growth,high,efficient,535859375,290698,0.05421952,2818004.78368800,1.03000000,80.0,2902544.92719864,2322035.94175891,0.58000000,0.00000026
S2b,S2/b,1,1365600,growth,high,high_cost,535859375,290698,0.05421952,2818004.78368800,1.03000000,80.0,2902544.92719864,2322035.94175891,0.90000000,0.00000040
S2b,S2/b,2,1891200,stress,low,reference,459432430,0,0.00000000,2414776.85208000,0.90250000,70.0,2179336.10900220,1525535.27630154,0.70000000,0.00000042
S2b,S2/b,2,1891200,stress,low,efficient,459432430,0,0.00000000,2414776.85208000,0.90250000,70.0,2179336.10900220,1525535.27630154,0.58000000,0.00000035
S2b,S2/b,2,1891200,stress,low,high_cost,459432430,0,0.00000000,2414776.85208000,0.90250000,70.0,2179336.10900220,1525535.27630154,0.90000000,0.00000054
S2b,S2/b,2,1891200,stress,base,reference,459432430,10003,0.00217720,2414829.42784800,0.90250000,70.0,2179383.55863282,1525568.49104297,0.70000000,0.00000042
S2b,S2/b,2,1891200,stress,base,efficient,459432430,10003,0.00217720,2414829.42784800,0.90250000,70.0,2179383.55863282,1525568.49104297,0.58000000,0.00000035
S2b,S2/b,2,1891200,stress,base,high_cost,459432430,10003,0.00217720,2414829.42784800,0.90250000,70.0,2179383.55863282,1525568.49104297,0.90000000,0.00000054
S2b,S2/b,2,1891200,stress,high,reference,459432430,290698,0.06323328,2416304.76076800,0.90250000,70.0,2180715.04659312,1526500.53261518,0.70000000,0.00000042
S2b,S2/b,2,1891200,stress,high,efficient,459432430,290698,0.06323328,2416304.76076800,0.90250000,70.0,2180715.04659312,1526500.53261518,0.58000000,0.00000035
S2b,S2/b,2,1891200,stress,high,high_cost,459432430,290698,0.06323328,2416304.76076800,0.90250000,70.0,2180715.04659312,1526500.53261518,0.90000000,0.00000054
S2b,S2/b,2,1891200,flat,low,reference,459432430,0,0.00000000,2414776.85208000,1.00000000,90.0,2414776.85208000,2173299.16687200,0.70000000,0.00000033
S2b,S2/b,2,1891200,flat,low,efficient,459432430,0,0.00000000,2414776.85208000,1.00000000,90.0,2414776.85208000,2173299.16687200,0.58000000,0.00000027
S2b,S2/b,2,1891200,flat,low,high_cost,459432430,0,0.00000000,2414776.85208000,1.00000000,90.0,2414776.85208000,2173299.16687200,0.90000000,0.00000042
S2b,S2/b,2,1891200,flat,base,reference,459432430,10003,0.00217720,2414829.42784800,1.00000000,90.0,2414829.42784800,2173346.48506320,0.70000000,0.00000033
S2b,S2/b,2,1891200,flat,base,efficient,459432430,10003,0.00217720,2414829.42784800,1.00000000,90.0,2414829.42784800,2173346.48506320,0.58000000,0.00000027
S2b,S2/b,2,1891200,flat,base,high_cost,459432430,10003,0.00217720,2414829.42784800,1.00000000,90.0,2414829.42784800,2173346.48506320,0.90000000,0.00000042
S2b,S2/b,2,1891200,flat,high,reference,459432430,290698,0.06323328,2416304.76076800,1.00000000,90.0,2416304.76076800,2174674.28469120,0.70000000,0.00000033
S2b,S2/b,2,1891200,flat,high,efficient,459432430,290698,0.06323328,2416304.76076800,1.00000000,90.0,2416304.76076800,2174674.28469120,0.58000000,0.00000027
S2b,S2/b,2,1891200,flat,high,high_cost,459432430,290698,0.06323328,2416304.76076800,1.00000000,90.0,2416304.76076800,2174674.28469120,0.90000000,0.00000042
S2b,S2/b,2,1891200,growth,low,reference,459432430,0,0.00000000,2414776.85208000,1.06090000,80.0,2561836.76237167,2049469.40989734,0.70000000,0.00000037
S2b,S2/b,2,1891200,growth,low,efficient,459432430,0,0.00000000,2414776.85208000,1.06090000,80.0,2561836.76237167,2049469.40989734,0.58000000,0.00000030
S2b,S2/b,2,1891200,growth,low,high_cost,459432430,0,0.00000000,2414776.85208000,1.06090000,80.0,2561836.76237167,2049469.40989734,0.90000000,0.00000047
S2b,S2/b,2,1891200,growth,base,reference,459432430,10003,0.00217720,2414829.42784800,1.06090000,80.0,2561892.54000394,2049514.03200315,0.70000000,0.00000037
S2b,S2/b,2,1891200,growth,base,efficient,459432430,10003,0.00217720,2414829.42784800,1.06090000,80.0,2561892.54000394,2049514.03200315,0.58000000,0.00000030
S2b,S2/b,2,1891200,growth,base,high_cost,459432430,10003,0.00217720,2414829.42784800,1.06090000,80.0,2561892.54000394,2049514.03200315,0.90000000,0.00000047
S2b,S2/b,2,1891200,growth,high,reference,459432430,290698,0.06323328,2416304.76076800,1.06090000,80.0,2563457.72069877,2050766.17655902,0.70000000,0.00000037
S2b,S2/b,2,1891200,growth,high,efficient,459432430,290698,0.06323328,2416304.76076800,1.06090000,80.0,2563457.72069877,2050766.17655902,0.58000000,0.00000030
S2b,S2/b,2,1891200,growth,high,high_cost,459432430,290698,0.06323328,2416304.76076800,1.06090000,80.0,2563457.72069877,2050766.17655902,0.90000000,0.00000047
S2b,S2/b,5,3468000,stress,low,reference,320838798,0,0.00000000,1686328.72228800,0.77378094,70.0,1304849.01966519,913394.31376563,0.70000000,0.00000060
S2b,S2/b,5,3468000,stress,low,efficient,320838798,0,0.00000000,1686328.72228800,0.77378094,70.0,1304849.01966519,913394.31376563,0.58000000,0.00000050
S2b,S2/b,5,3468000,stress,low,high_cost,320838798,0,0.00000000,1686328.72228800,0.77378094,70.0,1304849.01966519,913394.31376563,0.90000000,0.00000077
S2b,S2/b,5,3468000,stress,base,reference,320838798,10003,0.00311767,1686381.29805600,0.77378094,70.0,1304889.70179224,913422.79125457,0.70000000,0.00000060
S2b,S2/b,5,3468000,stress,base,efficient,320838798,10003,0.00311767,1686381.29805600,0.77378094,70.0,1304889.70179224,913422.79125457,0.58000000,0.00000050
S2b,S2/b,5,3468000,stress,base,high_cost,320838798,10003,0.00311767,1686381.29805600,0.77378094,70.0,1304889.70179224,913422.79125457,0.90000000,0.00000077
S2b,S2/b,5,3468000,stress,high,reference,320838798,290698,0.09052361,1687856.63097600,0.77378094,70.0,1306031.28628220,914221.90039754,0.70000000,0.00000060
S2b,S2/b,5,3468000,stress,high,efficient,320838798,290698,0.09052361,1687856.63097600,0.77378094,70.0,1306031.28628220,914221.90039754,0.58000000,0.00000050
S2b,S2/b,5,3468000,stress,high,high_cost,320838798,290698,0.09052361,1687856.63097600,0.77378094,70.0,1306031.28628220,914221.90039754,0.90000000,0.00000077
S2b,S2/b,5,3468000,flat,low,reference,320838798,0,0.00000000,1686328.72228800,1.00000000,90.0,1686328.72228800,1517695.85005920,0.70000000,0.00000047
S2b,S2/b,5,3468000,flat,low,efficient,320838798,0,0.00000000,1686328.72228800,1.00000000,90.0,1686328.72228800,1517695.85005920,0.58000000,0.00000039
S2b,S2/b,5,3468000,flat,low,high_cost,320838798,0,0.00000000,1686328.72228800,1.00000000,90.0,1686328.72228800,1517695.85005920,0.90000000,0.00000060
S2b,S2/b,5,3468000,flat,base,reference,320838798,10003,0.00311767,1686381.29805600,1.00000000,90.0,1686381.29805600,1517743.16825040,0.70000000,0.00000047
S2b,S2/b,5,3468000,flat,base,efficient,320838798,10003,0.00311767,1686381.29805600,1.00000000,90.0,1686381.29805600,1517743.16825040,0.58000000,0.00000039
S2b,S2/b,5,3468000,flat,base,high_cost,320838798,10003,0.00311767,1686381.29805600,1.00000000,90.0,1686381.29805600,1517743.16825040,0.90000000,0.00000060
S2b,S2/b,5,3468000,flat,high,reference,320838798,290698,0.09052361,1687856.63097600,1.00000000,90.0,1687856.63097600,1519070.96787840,0.70000000,0.00000047
S2b,S2/b,5,3468000,flat,high,efficient,320838798,290698,0.09052361,1687856.63097600,1.00000000,90.0,1687856.63097600,1519070.96787840,0.58000000,0.00000039
S2b,S2/b,5,3468000,flat,high,high_cost,320838798,290698,0.09052361,1687856.63097600,1.00000000,90.0,1687856.63097600,1519070.96787840,0.90000000,0.00000060
S2b,S2/b,5,3468000,growth,low,reference,320838798,0,0.00000000,1686328.72228800,1.15927407,80.0,1954917.16849592,1563933.73479674,0.70000000,0.00000052
S2b,S2/b,5,3468000,growth,low,efficient,320838798,0,0.00000000,1686328.72228800,1.15927407,80.0,1954917.16849592,1563933.73479674,0.58000000,0.00000043
S2b,S2/b,5,3468000,growth,low,high_cost,320838798,0,0.00000000,1686328.72228800,1.15927407,80.0,1954917.16849592,1563933.73479674,0.90000000,0.00000067
S2b,S2/b,5,3468000,growth,base,reference,320838798,10003,0.00311767,1686381.29805600,1.15927407,80.0,1954978.11822070,1563982.49457656,0.70000000,0.00000052
S2b,S2/b,5,3468000,growth,base,efficient,320838798,10003,0.00311767,1686381.29805600,1.15927407,80.0,1954978.11822070,1563982.49457656,0.58000000,0.00000043
S2b,S2/b,5,3468000,growth,base,high_cost,320838798,10003,0.00311767,1686381.29805600,1.15927407,80.0,1954978.11822070,1563982.49457656,0.90000000,0.00000067
S2b,S2/b,5,3468000,growth,high,reference,320838798,290698,0.09052361,1687856.63097600,1.15927407,80.0,1956688.43342582,1565350.74674066,0.70000000,0.00000052
S2b,S2/b,5,3468000,growth,high,efficient,320838798,290698,0.09052361,1687856.63097600,1.15927407,80.0,1956688.43342582,1565350.74674066,0.58000000,0.00000043
S2b,S2/b,5,3468000,growth,high,high_cost,320838798,290698,0.09052361,1687856.63097600,1.15927407,80.0,1956688.43342582,1565350.74674066,0.90000000,0.00000067
S2b,S2/b,10,6096000,stress,low,reference,164700054,0,0.00000000,865663.48382400,0.59873694,70.0,518304.70471521,362813.29330065,0.70000000,0.00000117
S2b,S2/b,10,6096000,stress,low,efficient,164700054,0,0.00000000,865663.48382400,0.59873694,70.0,518304.70471521,362813.29330065,0.58000000,0.00000097
S2b,S2/b,10,6096000,stress,low,high_cost,164700054,0,0.00000000,865663.48382400,0.59873694,70.0,518304.70471521,362813.29330065,0.90000000,0.00000150
S2b,S2/b,10,6096000,stress,base,reference,164700054,10003,0.00607310,865716.05959200,0.59873694,70.0,518336.18376962,362835.32863874,0.70000000,0.00000117
S2b,S2/b,10,6096000,stress,base,efficient,164700054,10003,0.00607310,865716.05959200,0.59873694,70.0,518336.18376962,362835.32863874,0.58000000,0.00000097
S2b,S2/b,10,6096000,stress,base,high_cost,164700054,10003,0.00607310,865716.05959200,0.59873694,70.0,518336.18376962,362835.32863874,0.90000000,0.00000150
S2b,S2/b,10,6096000,stress,high,reference,164700054,290698,0.17619048,867191.39251200,0.59873694,70.0,519219.52008650,363453.66406055,0.70000000,0.00000116
S2b,S2/b,10,6096000,stress,high,efficient,164700054,290698,0.17619048,867191.39251200,0.59873694,70.0,519219.52008650,363453.66406055,0.58000000,0.00000097
S2b,S2/b,10,6096000,stress,high,high_cost,164700054,290698,0.17619048,867191.39251200,0.59873694,70.0,519219.52008650,363453.66406055,0.90000000,0.00000150
S2b,S2/b,10,6096000,flat,low,reference,164700054,0,0.00000000,865663.48382400,1.00000000,90.0,865663.48382400,779097.13544160,0.70000000,0.00000091
S2b,S2/b,10,6096000,flat,low,efficient,164700054,0,0.00000000,865663.48382400,1.00000000,90.0,865663.48382400,779097.13544160,0.58000000,0.00000075
S2b,S2/b,10,6096000,flat,low,high_cost,164700054,0,0.00000000,865663.48382400,1.00000000,90.0,865663.48382400,779097.13544160,0.90000000,0.00000117
S2b,S2/b,10,6096000,flat,base,reference,164700054,10003,0.00607310,865716.05959200,1.00000000,90.0,865716.05959200,779144.45363280,0.70000000,0.00000091
S2b,S2/b,10,6096000,flat,base,efficient,164700054,10003,0.00607310,865716.05959200,1.00000000,90.0,865716.05959200,779144.45363280,0.58000000,0.00000075
S2b,S2/b,10,6096000,flat,base,high_cost,164700054,10003,0.00607310,865716.05959200,1.00000000,90.0,865716.05959200,779144.45363280,0.90000000,0.00000117
S2b,S2/b,10,6096000,flat,high,reference,164700054,290698,0.17619048,867191.39251200,1.00000000,90.0,867191.39251200,780472.25326080,0.70000000,0.00000091
S2b,S2/b,10,6096000,flat,high,efficient,164700054,290698,0.17619048,867191.39251200,1.00000000,90.0,867191.39251200,780472.25326080,0.58000000,0.00000075
S2b,S2/b,10,6096000,flat,high,high_cost,164700054,290698,0.17619048,867191.39251200,1.00000000,90.0,867191.39251200,780472.25326080,0.90000000,0.00000116
S2b,S2/b,10,6096000,growth,low,reference,164700054,0,0.00000000,865663.48382400,1.34391638,80.0,1163379.33491117,930703.46792894,0.70000000,0.00000102
S2b,S2/b,10,6096000,growth,low,efficient,164700054,0,0.00000000,865663.48382400,1.34391638,80.0,1163379.33491117,930703.46792894,0.58000000,0.00000085
S2b,S2/b,10,6096000,growth,low,high_cost,164700054,0,0.00000000,865663.48382400,1.34391638,80.0,1163379.33491117,930703.46792894,0.90000000,0.00000131
S2b,S2/b,10,6096000,growth,base,reference,164700054,10003,0.00607310,865716.05959200,1.34391638,80.0,1163449.99234694,930759.99387755,0.70000000,0.00000102
S2b,S2/b,10,6096000,growth,base,efficient,164700054,10003,0.00607310,865716.05959200,1.34391638,80.0,1163449.99234694,930759.99387755,0.58000000,0.00000085
S2b,S2/b,10,6096000,growth,base,high_cost,164700054,10003,0.00607310,865716.05959200,1.34391638,80.0,1163449.99234694,930759.99387755,0.90000000,0.00000131
S2b,S2/b,10,6096000,growth,high,reference,164700054,290698,0.17619048,867191.39251200,1.34391638,80.0,1165432.71642311,932346.17313849,0.70000000,0.00000102
S2b,S2/b,10,6096000,growth,high,efficient,164700054,290698,0.17619048,867191.39251200,1.34391638,80.0,1165432.71642311,932346.17313849,0.58000000,0.00000084
S2b,S2/b,10,6096000,growth,high,high_cost,164700054,290698,0.17619048,867191.39251200,1.34391638,80.0,1165432.71642311,932346.17313849,0.90000000,0.00000131
S2b,S2/b,25,13980000,stress,low,reference,100000000,0,0.00000000,525600.00000000,0.27738957,70.0,145795.95963284,102057.17174299,0.70000000,0.00000192
S2b,S2/b,25,13980000,stress,low,efficient,100000000,0,0.00000000,525600.00000000,0.27738957,70.0,145795.95963284,102057.17174299,0.58000000,0.00000159
S2b,S2/b,25,13980000,stress,low,high_cost,100000000,0,0.00000000,525600.00000000,0.27738957,70.0,145795.95963284,102057.17174299,0.90000000,0.00000247
S2b,S2/b,25,13980000,stress,base,reference,100000000,10003,0.01000200,525652.57576800,0.27738957,70.0,145810.54360268,102067.38052187,0.70000000,0.00000192
S2b,S2/b,25,13980000,stress,base,efficient,100000000,10003,0.01000200,525652.57576800,0.27738957,70.0,145810.54360268,102067.38052187,0.58000000,0.00000159
S2b,S2/b,25,13980000,stress,base,high_cost,100000000,10003,0.01000200,525652.57576800,0.27738957,70.0,145810.54360268,102067.38052187,0.90000000,0.00000247
S2b,S2/b,25,13980000,stress,high,reference,100000000,290698,0.28985540,527127.90868800,0.27738957,70.0,146219.78557157,102353.84990010,0.70000000,0.00000192
S2b,S2/b,25,13980000,stress,high,efficient,100000000,290698,0.28985540,527127.90868800,0.27738957,70.0,146219.78557157,102353.84990010,0.58000000,0.00000159
S2b,S2/b,25,13980000,stress,high,high_cost,100000000,290698,0.28985540,527127.90868800,0.27738957,70.0,146219.78557157,102353.84990010,0.90000000,0.00000246
S2b,S2/b,25,13980000,flat,low,reference,100000000,0,0.00000000,525600.00000000,1.00000000,90.0,525600.00000000,473040.00000000,0.70000000,0.00000149
S2b,S2/b,25,13980000,flat,low,efficient,100000000,0,0.00000000,525600.00000000,1.00000000,90.0,525600.00000000,473040.00000000,0.58000000,0.00000124
S2b,S2/b,25,13980000,flat,low,high_cost,100000000,0,0.00000000,525600.00000000,1.00000000,90.0,525600.00000000,473040.00000000,0.90000000,0.00000192
S2b,S2/b,25,13980000,flat,base,reference,100000000,10003,0.01000200,525652.57576800,1.00000000,90.0,525652.57576800,473087.31819120,0.70000000,0.00000149
S2b,S2/b,25,13980000,flat,base,efficient,100000000,10003,0.01000200,525652.57576800,1.00000000,90.0,525652.57576800,473087.31819120,0.58000000,0.00000124
S2b,S2/b,25,13980000,flat,base,high_cost,100000000,10003,0.01000200,525652.57576800,1.00000000,90.0,525652.57576800,473087.31819120,0.90000000,0.00000192
S2b,S2/b,25,13980000,flat,high,reference,100000000,290698,0.28985540,527127.90868800,1.00000000,90.0,527127.90868800,474415.11781920,0.70000000,0.00000149
S2b,S2/b,25,13980000,flat,high,efficient,100000000,290698,0.28985540,527127.90868800,1.00000000,90.0,527127.90868800,474415.11781920,0.58000000,0.00000123
S2b,S2/b,25,13980000,flat,high,high_cost,100000000,290698,0.28985540,527127.90868800,1.00000000,90.0,527127.90868800,474415.11781920,0.90000000,0.00000192
S2b,S2/b,25,13980000,growth,low,reference,100000000,0,0.00000000,525600.00000000,2.09377793,80.0,1100489.67982626,880391.74386100,0.70000000,0.00000168
S2b,S2/b,25,13980000,growth,low,efficient,100000000,0,0.00000000,525600.00000000,2.09377793,80.0,1100489.67982626,880391.74386100,0.58000000,0.00000139
S2b,S2/b,25,13980000,growth,low,high_cost,100000000,0,0.00000000,525600.00000000,2.09377793,80.0,1100489.67982626,880391.74386100,0.90000000,0.00000216
S2b,S2/b,25,13980000,growth,base,reference,100000000,10003,0.01000200,525652.57576800,2.09377793,80.0,1100599.76180893,880479.80944714,0.70000000,0.00000168
S2b,S2/b,25,13980000,growth,base,efficient,100000000,10003,0.01000200,525652.57576800,2.09377793,80.0,1100599.76180893,880479.80944714,0.58000000,0.00000139
S2b,S2/b,25,13980000,growth,base,high_cost,100000000,10003,0.01000200,525652.57576800,2.09377793,80.0,1100599.76180893,880479.80944714,0.90000000,0.00000216
S2b,S2/b,25,13980000,growth,high,reference,100000000,290698,0.28985540,527127.90868800,2.09377793,80.0,1103688.78131572,882951.02505257,0.70000000,0.00000168
S2b,S2/b,25,13980000,growth,high,efficient,100000000,290698,0.28985540,527127.90868800,2.09377793,80.0,1103688.78131572,882951.02505257,0.58000000,0.00000139
S2b,S2/b,25,13980000,growth,high,high_cost,100000000,290698,0.28985540,527127.90868800,2.09377793,80.0,1103688.78131572,882951.02505257,0.90000000,0.00000216
S2b,S2/b,50,27120000,stress,low,reference,100000000,0,0.00000000,525600.00000000,0.07694498,70.0,40442.27900544,28309.59530381,0.70000000,0.00000192
S2b,S2/b,50,27120000,stress,low,efficient,100000000,0,0.00000000,525600.00000000,0.07694498,70.0,40442.27900544,28309.59530381,0.58000000,0.00000159
S2b,S2/b,50,27120000,stress,low,high_cost,100000000,0,0.00000000,525600.00000000,0.07694498,70.0,40442.27900544,28309.59530381,0.90000000,0.00000247
S2b,S2/b,50,27120000,stress,base,reference,100000000,10003,0.01000200,525652.57576800,0.07694498,70.0,40446.32444661,28312.42711263,0.70000000,0.00000192
S2b,S2/b,50,27120000,stress,base,efficient,100000000,10003,0.01000200,525652.57576800,0.07694498,70.0,40446.32444661,28312.42711263,0.58000000,0.00000159
S2b,S2/b,50,27120000,stress,base,high_cost,100000000,10003,0.01000200,525652.57576800,0.07694498,70.0,40446.32444661,28312.42711263,0.90000000,0.00000247
S2b,S2/b,50,27120000,stress,high,reference,100000000,290698,0.28985540,527127.90868800,0.07694498,70.0,40559.84390166,28391.89073116,0.70000000,0.00000192
S2b,S2/b,50,27120000,stress,high,efficient,100000000,290698,0.28985540,527127.90868800,0.07694498,70.0,40559.84390166,28391.89073116,0.58000000,0.00000159
S2b,S2/b,50,27120000,stress,high,high_cost,100000000,290698,0.28985540,527127.90868800,0.07694498,70.0,40559.84390166,28391.89073116,0.90000000,0.00000246
S2b,S2/b,50,27120000,flat,low,reference,100000000,0,0.00000000,525600.00000000,1.00000000,90.0,525600.00000000,473040.00000000,0.70000000,0.00000149
S2b,S2/b,50,27120000,flat,low,efficient,100000000,0,0.00000000,525600.00000000,1.00000000,90.0,525600.00000000,473040.00000000,0.58000000,0.00000124
S2b,S2/b,50,27120000,flat,low,high_cost,100000000,0,0.00000000,525600.00000000,1.00000000,90.0,525600.00000000,473040.00000000,0.90000000,0.00000192
S2b,S2/b,50,27120000,flat,base,reference,100000000,10003,0.01000200,525652.57576800,1.00000000,90.0,525652.57576800,473087.31819120,0.70000000,0.00000149
S2b,S2/b,50,27120000,flat,base,efficient,100000000,10003,0.01000200,525652.57576800,1.00000000,90.0,525652.57576800,473087.31819120,0.58000000,0.00000124
S2b,S2/b,50,27120000,flat,base,high_cost,100000000,10003,0.01000200,525652.57576800,1.00000000,90.0,525652.57576800,473087.31819120,0.90000000,0.00000192
S2b,S2/b,50,27120000,flat,high,reference,100000000,290698,0.28985540,527127.90868800,1.00000000,90.0,527127.90868800,474415.11781920,0.70000000,0.00000149
S2b,S2/b,50,27120000,flat,high,efficient,100000000,290698,0.28985540,527127.90868800,1.00000000,90.0,527127.90868800,474415.11781920,0.58000000,0.00000123
S2b,S2/b,50,27120000,flat,high,high_cost,100000000,290698,0.28985540,527127.90868800,1.00000000,90.0,527127.90868800,474415.11781920,0.90000000,0.00000192
S2b,S2/b,50,27120000,growth,low,reference,100000000,0,0.00000000,525600.00000000,4.38390602,80.0,2304181.00343245,1843344.80274596,0.70000000,0.00000168
S2b,S2/b,50,27120000,growth,low,efficient,100000000,0,0.00000000,525600.00000000,4.38390602,80.0,2304181.00343245,1843344.80274596,0.58000000,0.00000139
S2b,S2/b,50,27120000,growth,low,high_cost,100000000,0,0.00000000,525600.00000000,4.38390602,80.0,2304181.00343245,1843344.80274596,0.90000000,0.00000216
S2b,S2/b,50,27120000,growth,base,reference,100000000,10003,0.01000200,525652.57576800,4.38390602,80.0,2304411.49065822,1843529.19252658,0.70000000,0.00000168
S2b,S2/b,50,27120000,growth,base,efficient,100000000,10003,0.01000200,525652.57576800,4.38390602,80.0,2304411.49065822,1843529.19252658,0.58000000,0.00000139
S2b,S2/b,50,27120000,growth,base,high_cost,100000000,10003,0.01000200,525652.57576800,4.38390602,80.0,2304411.49065822,1843529.19252658,0.90000000,0.00000216
S2b,S2/b,50,27120000,growth,high,reference,100000000,290698,0.28985540,527127.90868800,4.38390602,80.0,2310879.21152580,1848703.36922064,0.70000000,0.00000168
S2b,S2/b,50,27120000,growth,high,efficient,100000000,290698,0.28985540,527127.90868800,4.38390602,80.0,2310879.21152580,1848703.36922064,0.58000000,0.00000139
S2b,S2/b,50,27120000,growth,high,high_cost,100000000,290698,0.28985540,527127.90868800,4.38390602,80.0,2310879.21152580,1848703.36922064,0.90000000,0.00000216
S2b,S2/b,100,53400000,stress,low,reference,100000000,0,0.00000000,525600.00000000,0.00592053,70.0,3111.83015821,2178.28111075,0.70000000,0.00000192
S2b,S2/b,100,53400000,stress,low,efficient,100000000,0,0.00000000,525600.00000000,0.00592053,70.0,3111.83015821,2178.28111075,0.58000000,0.00000159
S2b,S2/b,100,53400000,stress,low,high_cost,100000000,0,0.00000000,525600.00000000,0.00592053,70.0,3111.83015821,2178.28111075,0.90000000,0.00000247
S2b,S2/b,100,53400000,stress,base,reference,100000000,10003,0.01000200,525652.57576800,0.00592053,70.0,3112.14143458,2178.49900420,0.70000000,0.00000192
S2b,S2/b,100,53400000,stress,base,efficient,100000000,10003,0.01000200,525652.57576800,0.00592053,70.0,3112.14143458,2178.49900420,0.58000000,0.00000159
S2b,S2/b,100,53400000,stress,base,high_cost,100000000,10003,0.01000200,525652.57576800,0.00592053,70.0,3112.14143458,2178.49900420,0.90000000,0.00000247
S2b,S2/b,100,53400000,stress,high,reference,100000000,290698,0.28985540,527127.90868800,0.00592053,70.0,3120.87618624,2184.61333037,0.70000000,0.00000192
S2b,S2/b,100,53400000,stress,high,efficient,100000000,290698,0.28985540,527127.90868800,0.00592053,70.0,3120.87618624,2184.61333037,0.58000000,0.00000159
S2b,S2/b,100,53400000,stress,high,high_cost,100000000,290698,0.28985540,527127.90868800,0.00592053,70.0,3120.87618624,2184.61333037,0.90000000,0.00000246
S2b,S2/b,100,53400000,flat,low,reference,100000000,0,0.00000000,525600.00000000,1.00000000,90.0,525600.00000000,473040.00000000,0.70000000,0.00000149
S2b,S2/b,100,53400000,flat,low,efficient,100000000,0,0.00000000,525600.00000000,1.00000000,90.0,525600.00000000,473040.00000000,0.58000000,0.00000124
S2b,S2/b,100,53400000,flat,low,high_cost,100000000,0,0.00000000,525600.00000000,1.00000000,90.0,525600.00000000,473040.00000000,0.90000000,0.00000192
S2b,S2/b,100,53400000,flat,base,reference,100000000,10003,0.01000200,525652.57576800,1.00000000,90.0,525652.57576800,473087.31819120,0.70000000,0.00000149
S2b,S2/b,100,53400000,flat,base,efficient,100000000,10003,0.01000200,525652.57576800,1.00000000,90.0,525652.57576800,473087.31819120,0.58000000,0.00000124
S2b,S2/b,100,53400000,flat,base,high_cost,100000000,10003,0.01000200,525652.57576800,1.00000000,90.0,525652.57576800,473087.31819120,0.90000000,0.00000192
S2b,S2/b,100,53400000,flat,high,reference,100000000,290698,0.28985540,527127.90868800,1.00000000,90.0,527127.90868800,474415.11781920,0.70000000,0.00000149
S2b,S2/b,100,53400000,flat,high,efficient,100000000,290698,0.28985540,527127.90868800,1.00000000,90.0,527127.90868800,474415.11781920,0.58000000,0.00000123
S2b,S2/b,100,53400000,flat,high,high_cost,100000000,290698,0.28985540,527127.90868800,1.00000000,90.0,527127.90868800,474415.11781920,0.90000000,0.00000192
S2b,S2/b,100,53400000,growth,low,reference,100000000,0,0.00000000,525600.00000000,19.21863198,80.0,10101312.96913804,8081050.37531044,0.70000000,0.00000168
S2b,S2/b,100,53400000,growth,low,efficient,100000000,0,0.00000000,525600.00000000,19.21863198,80.0,10101312.96913804,8081050.37531044,0.58000000,0.00000139
S2b,S2/b,100,53400000,growth,low,high_cost,100000000,0,0.00000000,525600.00000000,19.21863198,80.0,10101312.96913804,8081050.37531044,0.90000000,0.00000216
S2b,S2/b,100,53400000,growth,base,reference,100000000,10003,0.01000200,525652.57576800,19.21863198,80.0,10102323.40347435,8081858.72277948,0.70000000,0.00000168
S2b,S2/b,100,53400000,growth,base,efficient,100000000,10003,0.01000200,525652.57576800,19.21863198,80.0,10102323.40347435,8081858.72277948,0.58000000,0.00000139
S2b,S2/b,100,53400000,growth,base,high_cost,100000000,10003,0.01000200,525652.57576800,19.21863198,80.0,10102323.40347435,8081858.72277948,0.90000000,0.00000216
S2b,S2/b,100,53400000,growth,high,reference,100000000,290698,0.28985540,527127.90868800,19.21863198,80.0,10130677.28391307,8104541.82713045,0.70000000,0.00000168
S2b,S2/b,100,53400000,growth,high,efficient,100000000,290698,0.28985540,527127.90868800,19.21863198,80.0,10130677.28391307,8104541.82713045,0.58000000,0.00000139
S2b,S2/b,100,53400000,growth,high,high_cost,100000000,290698,0.28985540,527127.90868800,19.21863198,80.0,10130677.28391307,8104541.82713045,0.90000000,0.00000216
S2b,S2/b,250,132240000,stress,low,reference,100000000,0,0.00000000,525600.00000000,0.00000270,70.0,1.41760971,0.99232680,0.70000000,0.00000192
S2b,S2/b,250,132240000,stress,low,efficient,100000000,0,0.00000000,525600.00000000,0.00000270,70.0,1.41760971,0.99232680,0.58000000,0.00000159
S2b,S2/b,250,132240000,stress,low,high_cost,100000000,0,0.00000000,525600.00000000,0.00000270,70.0,1.41760971,0.99232680,0.90000000,0.00000247
S2b,S2/b,250,132240000,stress,base,reference,100000000,10003,0.01000200,525652.57576800,0.00000270,70.0,1.41775151,0.99242606,0.70000000,0.00000192
S2b,S2/b,250,132240000,stress,base,efficient,100000000,10003,0.01000200,525652.57576800,0.00000270,70.0,1.41775151,0.99242606,0.58000000,0.00000159
S2b,S2/b,250,132240000,stress,base,high_cost,100000000,10003,0.01000200,525652.57576800,0.00000270,70.0,1.41775151,0.99242606,0.90000000,0.00000247
S2b,S2/b,250,132240000,stress,high,reference,100000000,290698,0.28985540,527127.90868800,0.00000270,70.0,1.42173067,0.99521147,0.70000000,0.00000192
S2b,S2/b,250,132240000,stress,high,efficient,100000000,290698,0.28985540,527127.90868800,0.00000270,70.0,1.42173067,0.99521147,0.58000000,0.00000159
S2b,S2/b,250,132240000,stress,high,high_cost,100000000,290698,0.28985540,527127.90868800,0.00000270,70.0,1.42173067,0.99521147,0.90000000,0.00000246
S2b,S2/b,250,132240000,flat,low,reference,100000000,0,0.00000000,525600.00000000,1.00000000,90.0,525600.00000000,473040.00000000,0.70000000,0.00000149
S2b,S2/b,250,132240000,flat,low,efficient,100000000,0,0.00000000,525600.00000000,1.00000000,90.0,525600.00000000,473040.00000000,0.58000000,0.00000124
S2b,S2/b,250,132240000,flat,low,high_cost,100000000,0,0.00000000,525600.00000000,1.00000000,90.0,525600.00000000,473040.00000000,0.90000000,0.00000192
S2b,S2/b,250,132240000,flat,base,reference,100000000,10003,0.01000200,525652.57576800,1.00000000,90.0,525652.57576800,473087.31819120,0.70000000,0.00000149
S2b,S2/b,250,132240000,flat,base,efficient,100000000,10003,0.01000200,525652.57576800,1.00000000,90.0,525652.57576800,473087.31819120,0.58000000,0.00000124
S2b,S2/b,250,132240000,flat,base,high_cost,100000000,10003,0.01000200,525652.57576800,1.00000000,90.0,525652.57576800,473087.31819120,0.90000000,0.00000192
S2b,S2/b,250,132240000,flat,high,reference,100000000,290698,0.28985540,527127.90868800,1.00000000,90.0,527127.90868800,474415.11781920,0.70000000,0.00000149
S2b,S2/b,250,132240000,flat,high,efficient,100000000,290698,0.28985540,527127.90868800,1.00000000,90.0,527127.90868800,474415.11781920,0.58000000,0.00000123
S2b,S2/b,250,132240000,flat,high,high_cost,100000000,290698,0.28985540,527127.90868800,1.00000000,90.0,527127.90868800,474415.11781920,0.90000000,0.00000192
S2b,S2/b,250,132240000,growth,low,reference,100000000,0,0.00000000,525600.00000000,1619.22118137,80.0,851062652.92706868,680850122.34165495,0.70000000,0.00000168
S2b,S2/b,250,132240000,growth,low,efficient,100000000,0,0.00000000,525600.00000000,1619.22118137,80.0,851062652.92706868,680850122.34165495,0.58000000,0.00000139
S2b,S2/b,250,132240000,growth,low,high_cost,100000000,0,0.00000000,525600.00000000,1619.22118137,80.0,851062652.92706868,680850122.34165495,0.90000000,0.00000216
S2b,S2/b,250,132240000,growth,base,reference,100000000,10003,0.01000200,525652.57576800,1619.22118137,80.0,851147784.72424098,680918227.77939278,0.70000000,0.00000168
S2b,S2/b,250,132240000,growth,base,efficient,100000000,10003,0.01000200,525652.57576800,1619.22118137,80.0,851147784.72424098,680918227.77939278,0.58000000,0.00000139
S2b,S2/b,250,132240000,growth,base,high_cost,100000000,10003,0.01000200,525652.57576800,1619.22118137,80.0,851147784.72424098,680918227.77939278,0.90000000,0.00000216
S2b,S2/b,250,132240000,growth,high,reference,100000000,290698,0.28985540,527127.90868800,1619.22118137,80.0,853536675.03787461,682829340.03029969,0.70000000,0.00000168
S2b,S2/b,250,132240000,growth,high,efficient,100000000,290698,0.28985540,527127.90868800,1619.22118137,80.0,853536675.03787461,682829340.03029969,0.58000000,0.00000139
S2b,S2/b,250,132240000,growth,high,high_cost,100000000,290698,0.28985540,527127.90868800,1619.22118137,80.0,853536675.03787461,682829340.03029969,0.90000000,0.00000216
S2b,S2/b,500,263640000,stress,low,reference,0,0,0.00000000,0.00000000,0.00000000,70.0,0.00000000,0.00000000,0.70000000,0.00000000
S2b,S2/b,500,263640000,stress,low,efficient,0,0,0.00000000,0.00000000,0.00000000,70.0,0.00000000,0.00000000,0.58000000,0.00000000
S2b,S2/b,500,263640000,stress,low,high_cost,0,0,0.00000000,0.00000000,0.00000000,70.0,0.00000000,0.00000000,0.90000000,0.00000000
S2b,S2/b,500,263640000,stress,base,reference,0,10003,100.00000000,52.57576800,0.00000000,70.0,0.00000000,0.00000000,0.70000000,0.01921229
S2b,S2/b,500,263640000,stress,base,efficient,0,10003,100.00000000,52.57576800,0.00000000,70.0,0.00000000,0.00000000,0.58000000,0.01591876
S2b,S2/b,500,263640000,stress,base,high_cost,0,10003,100.00000000,52.57576800,0.00000000,70.0,0.00000000,0.00000000,0.90000000,0.02470152
S2b,S2/b,500,263640000,stress,high,reference,0,290698,100.00000000,1527.90868800,0.00000000,70.0,0.00000001,0.00000001,0.70000000,0.00066110
S2b,S2/b,500,263640000,stress,high,efficient,0,290698,100.00000000,1527.90868800,0.00000000,70.0,0.00000001,0.00000001,0.58000000,0.00054777
S2b,S2/b,500,263640000,stress,high,high_cost,0,290698,100.00000000,1527.90868800,0.00000000,70.0,0.00000001,0.00000001,0.90000000,0.00084999
S2b,S2/b,500,263640000,flat,low,reference,0,0,0.00000000,0.00000000,1.00000000,90.0,0.00000000,0.00000000,0.70000000,0.00000000
S2b,S2/b,500,263640000,flat,low,efficient,0,0,0.00000000,0.00000000,1.00000000,90.0,0.00000000,0.00000000,0.58000000,0.00000000
S2b,S2/b,500,263640000,flat,low,high_cost,0,0,0.00000000,0.00000000,1.00000000,90.0,0.00000000,0.00000000,0.90000000,0.00000000
S2b,S2/b,500,263640000,flat,base,reference,0,10003,100.00000000,52.57576800,1.00000000,90.0,52.57576800,47.31819120,0.70000000,0.01494289
S2b,S2/b,500,263640000,flat,base,efficient,0,10003,100.00000000,52.57576800,1.00000000,90.0,52.57576800,47.31819120,0.58000000,0.01238125
S2b,S2/b,500,263640000,flat,base,high_cost,0,10003,100.00000000,52.57576800,1.00000000,90.0,52.57576800,47.31819120,0.90000000,0.01921229
S2b,S2/b,500,263640000,flat,high,reference,0,290698,100.00000000,1527.90868800,1.00000000,90.0,1527.90868800,1375.11781920,0.70000000,0.00051419
S2b,S2/b,500,263640000,flat,high,efficient,0,290698,100.00000000,1527.90868800,1.00000000,90.0,1527.90868800,1375.11781920,0.58000000,0.00042604
S2b,S2/b,500,263640000,flat,high,high_cost,0,290698,100.00000000,1527.90868800,1.00000000,90.0,1527.90868800,1375.11781920,0.90000000,0.00066110
S2b,S2/b,500,263640000,growth,low,reference,0,0,0.00000000,0.00000000,2621877.23419108,80.0,0.00000000,0.00000000,0.70000000,0.00000000
S2b,S2/b,500,263640000,growth,low,efficient,0,0,0.00000000,0.00000000,2621877.23419108,80.0,0.00000000,0.00000000,0.58000000,0.00000000
S2b,S2/b,500,263640000,growth,low,high_cost,0,0,0.00000000,0.00000000,2621877.23419108,80.0,0.00000000,0.00000000,0.90000000,0.00000000
S2b,S2/b,500,263640000,growth,base,reference,0,10003,100.00000000,52.57576800,2621877.23419108,80.0,137847209.18931171,110277767.35144937,0.70000000,0.01681076
S2b,S2/b,500,263640000,growth,base,efficient,0,10003,100.00000000,52.57576800,2621877.23419108,80.0,137847209.18931171,110277767.35144937,0.58000000,0.01392891
S2b,S2/b,500,263640000,growth,base,high_cost,0,10003,100.00000000,52.57576800,2621877.23419108,80.0,137847209.18931171,110277767.35144937,0.90000000,0.02161383
S2b,S2/b,500,263640000,growth,high,reference,0,290698,100.00000000,1527.90868800,2621877.23419108,80.0,4005989004.98995656,3204791203.99196525,0.70000000,0.00057846
S2b,S2/b,500,263640000,growth,high,efficient,0,290698,100.00000000,1527.90868800,2621877.23419108,80.0,4005989004.98995656,3204791203.99196525,0.58000000,0.00047930
S2b,S2/b,500,263640000,growth,high,high_cost,0,290698,100.00000000,1527.90868800,2621877.23419108,80.0,4005989004.98995656,3204791203.99196525,0.90000000,0.00074374
S3,S3,0,840000,stress,low,reference,593750000,0,0.00000000,3120750.00000000,1.00000000,70.0,3120750.00000000,2184525.00000000,0.70000000,0.00000032
S3,S3,0,840000,stress,low,efficient,593750000,0,0.00000000,3120750.00000000,1.00000000,70.0,3120750.00000000,2184525.00000000,0.58000000,0.00000027
S3,S3,0,840000,stress,low,high_cost,593750000,0,0.00000000,3120750.00000000,1.00000000,70.0,3120750.00000000,2184525.00000000,0.90000000,0.00000042
S3,S3,0,840000,stress,base,reference,593750000,10003,0.00168469,3120802.57576800,1.00000000,70.0,3120802.57576800,2184561.80303760,0.70000000,0.00000032
S3,S3,0,840000,stress,base,efficient,593750000,10003,0.00168469,3120802.57576800,1.00000000,70.0,3120802.57576800,2184561.80303760,0.58000000,0.00000027
S3,S3,0,840000,stress,base,high_cost,593750000,10003,0.00168469,3120802.57576800,1.00000000,70.0,3120802.57576800,2184561.80303760,0.90000000,0.00000042
S3,S3,0,840000,stress,high,reference,593750000,290698,0.04893570,3122277.90868800,1.00000000,70.0,3122277.90868800,2185594.53608160,0.70000000,0.00000032
S3,S3,0,840000,stress,high,efficient,593750000,290698,0.04893570,3122277.90868800,1.00000000,70.0,3122277.90868800,2185594.53608160,0.58000000,0.00000027
S3,S3,0,840000,stress,high,high_cost,593750000,290698,0.04893570,3122277.90868800,1.00000000,70.0,3122277.90868800,2185594.53608160,0.90000000,0.00000042
S3,S3,0,840000,flat,low,reference,593750000,0,0.00000000,3120750.00000000,1.00000000,90.0,3120750.00000000,2808675.00000000,0.70000000,0.00000025
S3,S3,0,840000,flat,low,efficient,593750000,0,0.00000000,3120750.00000000,1.00000000,90.0,3120750.00000000,2808675.00000000,0.58000000,0.00000021
S3,S3,0,840000,flat,low,high_cost,593750000,0,0.00000000,3120750.00000000,1.00000000,90.0,3120750.00000000,2808675.00000000,0.90000000,0.00000032
S3,S3,0,840000,flat,base,reference,593750000,10003,0.00168469,3120802.57576800,1.00000000,90.0,3120802.57576800,2808722.31819120,0.70000000,0.00000025
S3,S3,0,840000,flat,base,efficient,593750000,10003,0.00168469,3120802.57576800,1.00000000,90.0,3120802.57576800,2808722.31819120,0.58000000,0.00000021
S3,S3,0,840000,flat,base,high_cost,593750000,10003,0.00168469,3120802.57576800,1.00000000,90.0,3120802.57576800,2808722.31819120,0.90000000,0.00000032
S3,S3,0,840000,flat,high,reference,593750000,290698,0.04893570,3122277.90868800,1.00000000,90.0,3122277.90868800,2810050.11781920,0.70000000,0.00000025
S3,S3,0,840000,flat,high,efficient,593750000,290698,0.04893570,3122277.90868800,1.00000000,90.0,3122277.90868800,2810050.11781920,0.58000000,0.00000021
S3,S3,0,840000,flat,high,high_cost,593750000,290698,0.04893570,3122277.90868800,1.00000000,90.0,3122277.90868800,2810050.11781920,0.90000000,0.00000032
S3,S3,0,840000,growth,low,reference,593750000,0,0.00000000,3120750.00000000,1.00000000,80.0,3120750.00000000,2496600.00000000,0.70000000,0.00000028
S3,S3,0,840000,growth,low,efficient,593750000,0,0.00000000,3120750.00000000,1.00000000,80.0,3120750.00000000,2496600.00000000,0.58000000,0.00000023
S3,S3,0,840000,growth,low,high_cost,593750000,0,0.00000000,3120750.00000000,1.00000000,80.0,3120750.00000000,2496600.00000000,0.90000000,0.00000036
S3,S3,0,840000,growth,base,reference,593750000,10003,0.00168469,3120802.57576800,1.00000000,80.0,3120802.57576800,2496642.06061440,0.70000000,0.00000028
S3,S3,0,840000,growth,base,efficient,593750000,10003,0.00168469,3120802.57576800,1.00000000,80.0,3120802.57576800,2496642.06061440,0.58000000,0.00000023
S3,S3,0,840000,growth,base,high_cost,593750000,10003,0.00168469,3120802.57576800,1.00000000,80.0,3120802.57576800,2496642.06061440,0.90000000,0.00000036
S3,S3,0,840000,growth,high,reference,593750000,290698,0.04893570,3122277.90868800,1.00000000,80.0,3122277.90868800,2497822.32695040,0.70000000,0.00000028
S3,S3,0,840000,growth,high,efficient,593750000,290698,0.04893570,3122277.90868800,1.00000000,80.0,3122277.90868800,2497822.32695040,0.58000000,0.00000023
S3,S3,0,840000,growth,high,high_cost,593750000,290698,0.04893570,3122277.90868800,1.00000000,80.0,3122277.90868800,2497822.32695040,0.90000000,0.00000036
S3,S3,1,1365600,stress,low,reference,535859375,0,0.00000000,2816476.87500000,0.95000000,70.0,2675653.03125000,1872957.12187500,0.70000000,0.00000036
S3,S3,1,1365600,stress,low,efficient,535859375,0,0.00000000,2816476.87500000,0.95000000,70.0,2675653.03125000,1872957.12187500,0.58000000,0.00000030
S3,S3,1,1365600,stress,low,high_cost,535859375,0,0.00000000,2816476.87500000,0.95000000,70.0,2675653.03125000,1872957.12187500,0.90000000,0.00000046
S3,S3,1,1365600,stress,base,reference,535859375,10003,0.00186669,2816529.45076800,0.95000000,70.0,2675702.97822960,1872992.08476072,0.70000000,0.00000036
S3,S3,1,1365600,stress,base,efficient,535859375,10003,0.00186669,2816529.45076800,0.95000000,70.0,2675702.97822960,1872992.08476072,0.58000000,0.00000030
S3,S3,1,1365600,stress,base,high_cost,535859375,10003,0.00186669,2816529.45076800,0.95000000,70.0,2675702.97822960,1872992.08476072,0.90000000,0.00000046
S3,S3,1,1365600,stress,high,reference,535859375,290698,0.05421952,2818004.78368800,0.95000000,70.0,2677104.54450360,1873973.18115252,0.70000000,0.00000036
S3,S3,1,1365600,stress,high,efficient,535859375,290698,0.05421952,2818004.78368800,0.95000000,70.0,2677104.54450360,1873973.18115252,0.58000000,0.00000030
S3,S3,1,1365600,stress,high,high_cost,535859375,290698,0.05421952,2818004.78368800,0.95000000,70.0,2677104.54450360,1873973.18115252,0.90000000,0.00000046
S3,S3,1,1365600,flat,low,reference,535859375,0,0.00000000,2816476.87500000,1.00000000,90.0,2816476.87500000,2534829.18750000,0.70000000,0.00000028
S3,S3,1,1365600,flat,low,efficient,535859375,0,0.00000000,2816476.87500000,1.00000000,90.0,2816476.87500000,2534829.18750000,0.58000000,0.00000023
S3,S3,1,1365600,flat,low,high_cost,535859375,0,0.00000000,2816476.87500000,1.00000000,90.0,2816476.87500000,2534829.18750000,0.90000000,0.00000036
S3,S3,1,1365600,flat,base,reference,535859375,10003,0.00186669,2816529.45076800,1.00000000,90.0,2816529.45076800,2534876.50569120,0.70000000,0.00000028
S3,S3,1,1365600,flat,base,efficient,535859375,10003,0.00186669,2816529.45076800,1.00000000,90.0,2816529.45076800,2534876.50569120,0.58000000,0.00000023
S3,S3,1,1365600,flat,base,high_cost,535859375,10003,0.00186669,2816529.45076800,1.00000000,90.0,2816529.45076800,2534876.50569120,0.90000000,0.00000036
S3,S3,1,1365600,flat,high,reference,535859375,290698,0.05421952,2818004.78368800,1.00000000,90.0,2818004.78368800,2536204.30531920,0.70000000,0.00000028
S3,S3,1,1365600,flat,high,efficient,535859375,290698,0.05421952,2818004.78368800,1.00000000,90.0,2818004.78368800,2536204.30531920,0.58000000,0.00000023
S3,S3,1,1365600,flat,high,high_cost,535859375,290698,0.05421952,2818004.78368800,1.00000000,90.0,2818004.78368800,2536204.30531920,0.90000000,0.00000036
S3,S3,1,1365600,growth,low,reference,535859375,0,0.00000000,2816476.87500000,1.03000000,80.0,2900971.18125000,2320776.94500000,0.70000000,0.00000031
S3,S3,1,1365600,growth,low,efficient,535859375,0,0.00000000,2816476.87500000,1.03000000,80.0,2900971.18125000,2320776.94500000,0.58000000,0.00000026
S3,S3,1,1365600,growth,low,high_cost,535859375,0,0.00000000,2816476.87500000,1.03000000,80.0,2900971.18125000,2320776.94500000,0.90000000,0.00000040
S3,S3,1,1365600,growth,base,reference,535859375,10003,0.00186669,2816529.45076800,1.03000000,80.0,2901025.33429104,2320820.26743283,0.70000000,0.00000031
S3,S3,1,1365600,growth,base,efficient,535859375,10003,0.00186669,2816529.45076800,1.03000000,80.0,2901025.33429104,2320820.26743283,0.58000000,0.00000026
S3,S3,1,1365600,growth,base,high_cost,535859375,10003,0.00186669,2816529.45076800,1.03000000,80.0,2901025.33429104,2320820.26743283,0.90000000,0.00000040
S3,S3,1,1365600,growth,high,reference,535859375,290698,0.05421952,2818004.78368800,1.03000000,80.0,2902544.92719864,2322035.94175891,0.70000000,0.00000031
S3,S3,1,1365600,growth,high,efficient,535859375,290698,0.05421952,2818004.78368800,1.03000000,80.0,2902544.92719864,2322035.94175891,0.58000000,0.00000026
S3,S3,1,1365600,growth,high,high_cost,535859375,290698,0.05421952,2818004.78368800,1.03000000,80.0,2902544.92719864,2322035.94175891,0.90000000,0.00000040
S3,S3,2,1891200,stress,low,reference,459432430,0,0.00000000,2414776.85208000,0.90250000,70.0,2179336.10900220,1525535.27630154,0.70000000,0.00000042
S3,S3,2,1891200,stress,low,efficient,459432430,0,0.00000000,2414776.85208000,0.90250000,70.0,2179336.10900220,1525535.27630154,0.58000000,0.00000035
S3,S3,2,1891200,stress,low,high_cost,459432430,0,0.00000000,2414776.85208000,0.90250000,70.0,2179336.10900220,1525535.27630154,0.90000000,0.00000054
S3,S3,2,1891200,stress,base,reference,459432430,10003,0.00217720,2414829.42784800,0.90250000,70.0,2179383.55863282,1525568.49104297,0.70000000,0.00000042
S3,S3,2,1891200,stress,base,efficient,459432430,10003,0.00217720,2414829.42784800,0.90250000,70.0,2179383.55863282,1525568.49104297,0.58000000,0.00000035
S3,S3,2,1891200,stress,base,high_cost,459432430,10003,0.00217720,2414829.42784800,0.90250000,70.0,2179383.55863282,1525568.49104297,0.90000000,0.00000054
S3,S3,2,1891200,stress,high,reference,459432430,290698,0.06323328,2416304.76076800,0.90250000,70.0,2180715.04659312,1526500.53261518,0.70000000,0.00000042
S3,S3,2,1891200,stress,high,efficient,459432430,290698,0.06323328,2416304.76076800,0.90250000,70.0,2180715.04659312,1526500.53261518,0.58000000,0.00000035
S3,S3,2,1891200,stress,high,high_cost,459432430,290698,0.06323328,2416304.76076800,0.90250000,70.0,2180715.04659312,1526500.53261518,0.90000000,0.00000054
S3,S3,2,1891200,flat,low,reference,459432430,0,0.00000000,2414776.85208000,1.00000000,90.0,2414776.85208000,2173299.16687200,0.70000000,0.00000033
S3,S3,2,1891200,flat,low,efficient,459432430,0,0.00000000,2414776.85208000,1.00000000,90.0,2414776.85208000,2173299.16687200,0.58000000,0.00000027
S3,S3,2,1891200,flat,low,high_cost,459432430,0,0.00000000,2414776.85208000,1.00000000,90.0,2414776.85208000,2173299.16687200,0.90000000,0.00000042
S3,S3,2,1891200,flat,base,reference,459432430,10003,0.00217720,2414829.42784800,1.00000000,90.0,2414829.42784800,2173346.48506320,0.70000000,0.00000033
S3,S3,2,1891200,flat,base,efficient,459432430,10003,0.00217720,2414829.42784800,1.00000000,90.0,2414829.42784800,2173346.48506320,0.58000000,0.00000027
S3,S3,2,1891200,flat,base,high_cost,459432430,10003,0.00217720,2414829.42784800,1.00000000,90.0,2414829.42784800,2173346.48506320,0.90000000,0.00000042
S3,S3,2,1891200,flat,high,reference,459432430,290698,0.06323328,2416304.76076800,1.00000000,90.0,2416304.76076800,2174674.28469120,0.70000000,0.00000033
S3,S3,2,1891200,flat,high,efficient,459432430,290698,0.06323328,2416304.76076800,1.00000000,90.0,2416304.76076800,2174674.28469120,0.58000000,0.00000027
S3,S3,2,1891200,flat,high,high_cost,459432430,290698,0.06323328,2416304.76076800,1.00000000,90.0,2416304.76076800,2174674.28469120,0.90000000,0.00000042
S3,S3,2,1891200,growth,low,reference,459432430,0,0.00000000,2414776.85208000,1.06090000,80.0,2561836.76237167,2049469.40989734,0.70000000,0.00000037
S3,S3,2,1891200,growth,low,efficient,459432430,0,0.00000000,2414776.85208000,1.06090000,80.0,2561836.76237167,2049469.40989734,0.58000000,0.00000030
S3,S3,2,1891200,growth,low,high_cost,459432430,0,0.00000000,2414776.85208000,1.06090000,80.0,2561836.76237167,2049469.40989734,0.90000000,0.00000047
S3,S3,2,1891200,growth,base,reference,459432430,10003,0.00217720,2414829.42784800,1.06090000,80.0,2561892.54000394,2049514.03200315,0.70000000,0.00000037
S3,S3,2,1891200,growth,base,efficient,459432430,10003,0.00217720,2414829.42784800,1.06090000,80.0,2561892.54000394,2049514.03200315,0.58000000,0.00000030
S3,S3,2,1891200,growth,base,high_cost,459432430,10003,0.00217720,2414829.42784800,1.06090000,80.0,2561892.54000394,2049514.03200315,0.90000000,0.00000047
S3,S3,2,1891200,growth,high,reference,459432430,290698,0.06323328,2416304.76076800,1.06090000,80.0,2563457.72069877,2050766.17655902,0.70000000,0.00000037
S3,S3,2,1891200,growth,high,efficient,459432430,290698,0.06323328,2416304.76076800,1.06090000,80.0,2563457.72069877,2050766.17655902,0.58000000,0.00000030
S3,S3,2,1891200,growth,high,high_cost,459432430,290698,0.06323328,2416304.76076800,1.06090000,80.0,2563457.72069877,2050766.17655902,0.90000000,0.00000047
S3,S3,5,3468000,stress,low,reference,320838798,0,0.00000000,1686328.72228800,0.77378094,70.0,1304849.01966519,913394.31376563,0.70000000,0.00000060
S3,S3,5,3468000,stress,low,efficient,320838798,0,0.00000000,1686328.72228800,0.77378094,70.0,1304849.01966519,913394.31376563,0.58000000,0.00000050
S3,S3,5,3468000,stress,low,high_cost,320838798,0,0.00000000,1686328.72228800,0.77378094,70.0,1304849.01966519,913394.31376563,0.90000000,0.00000077
S3,S3,5,3468000,stress,base,reference,320838798,10003,0.00311767,1686381.29805600,0.77378094,70.0,1304889.70179224,913422.79125457,0.70000000,0.00000060
S3,S3,5,3468000,stress,base,efficient,320838798,10003,0.00311767,1686381.29805600,0.77378094,70.0,1304889.70179224,913422.79125457,0.58000000,0.00000050
S3,S3,5,3468000,stress,base,high_cost,320838798,10003,0.00311767,1686381.29805600,0.77378094,70.0,1304889.70179224,913422.79125457,0.90000000,0.00000077
S3,S3,5,3468000,stress,high,reference,320838798,290698,0.09052361,1687856.63097600,0.77378094,70.0,1306031.28628220,914221.90039754,0.70000000,0.00000060
S3,S3,5,3468000,stress,high,efficient,320838798,290698,0.09052361,1687856.63097600,0.77378094,70.0,1306031.28628220,914221.90039754,0.58000000,0.00000050
S3,S3,5,3468000,stress,high,high_cost,320838798,290698,0.09052361,1687856.63097600,0.77378094,70.0,1306031.28628220,914221.90039754,0.90000000,0.00000077
S3,S3,5,3468000,flat,low,reference,320838798,0,0.00000000,1686328.72228800,1.00000000,90.0,1686328.72228800,1517695.85005920,0.70000000,0.00000047
S3,S3,5,3468000,flat,low,efficient,320838798,0,0.00000000,1686328.72228800,1.00000000,90.0,1686328.72228800,1517695.85005920,0.58000000,0.00000039
S3,S3,5,3468000,flat,low,high_cost,320838798,0,0.00000000,1686328.72228800,1.00000000,90.0,1686328.72228800,1517695.85005920,0.90000000,0.00000060
S3,S3,5,3468000,flat,base,reference,320838798,10003,0.00311767,1686381.29805600,1.00000000,90.0,1686381.29805600,1517743.16825040,0.70000000,0.00000047
S3,S3,5,3468000,flat,base,efficient,320838798,10003,0.00311767,1686381.29805600,1.00000000,90.0,1686381.29805600,1517743.16825040,0.58000000,0.00000039
S3,S3,5,3468000,flat,base,high_cost,320838798,10003,0.00311767,1686381.29805600,1.00000000,90.0,1686381.29805600,1517743.16825040,0.90000000,0.00000060
S3,S3,5,3468000,flat,high,reference,320838798,290698,0.09052361,1687856.63097600,1.00000000,90.0,1687856.63097600,1519070.96787840,0.70000000,0.00000047
S3,S3,5,3468000,flat,high,efficient,320838798,290698,0.09052361,1687856.63097600,1.00000000,90.0,1687856.63097600,1519070.96787840,0.58000000,0.00000039
S3,S3,5,3468000,flat,high,high_cost,320838798,290698,0.09052361,1687856.63097600,1.00000000,90.0,1687856.63097600,1519070.96787840,0.90000000,0.00000060
S3,S3,5,3468000,growth,low,reference,320838798,0,0.00000000,1686328.72228800,1.15927407,80.0,1954917.16849592,1563933.73479674,0.70000000,0.00000052
S3,S3,5,3468000,growth,low,efficient,320838798,0,0.00000000,1686328.72228800,1.15927407,80.0,1954917.16849592,1563933.73479674,0.58000000,0.00000043
S3,S3,5,3468000,growth,low,high_cost,320838798,0,0.00000000,1686328.72228800,1.15927407,80.0,1954917.16849592,1563933.73479674,0.90000000,0.00000067
S3,S3,5,3468000,growth,base,reference,320838798,10003,0.00311767,1686381.29805600,1.15927407,80.0,1954978.11822070,1563982.49457656,0.70000000,0.00000052
S3,S3,5,3468000,growth,base,efficient,320838798,10003,0.00311767,1686381.29805600,1.15927407,80.0,1954978.11822070,1563982.49457656,0.58000000,0.00000043
S3,S3,5,3468000,growth,base,high_cost,320838798,10003,0.00311767,1686381.29805600,1.15927407,80.0,1954978.11822070,1563982.49457656,0.90000000,0.00000067
S3,S3,5,3468000,growth,high,reference,320838798,290698,0.09052361,1687856.63097600,1.15927407,80.0,1956688.43342582,1565350.74674066,0.70000000,0.00000052
S3,S3,5,3468000,growth,high,efficient,320838798,290698,0.09052361,1687856.63097600,1.15927407,80.0,1956688.43342582,1565350.74674066,0.58000000,0.00000043
S3,S3,5,3468000,growth,high,high_cost,320838798,290698,0.09052361,1687856.63097600,1.15927407,80.0,1956688.43342582,1565350.74674066,0.90000000,0.00000067
S3,S3,10,6096000,stress,low,reference,164700054,0,0.00000000,865663.48382400,0.59873694,70.0,518304.70471521,362813.29330065,0.70000000,0.00000117
S3,S3,10,6096000,stress,low,efficient,164700054,0,0.00000000,865663.48382400,0.59873694,70.0,518304.70471521,362813.29330065,0.58000000,0.00000097
S3,S3,10,6096000,stress,low,high_cost,164700054,0,0.00000000,865663.48382400,0.59873694,70.0,518304.70471521,362813.29330065,0.90000000,0.00000150
S3,S3,10,6096000,stress,base,reference,164700054,10003,0.00607310,865716.05959200,0.59873694,70.0,518336.18376962,362835.32863874,0.70000000,0.00000117
S3,S3,10,6096000,stress,base,efficient,164700054,10003,0.00607310,865716.05959200,0.59873694,70.0,518336.18376962,362835.32863874,0.58000000,0.00000097
S3,S3,10,6096000,stress,base,high_cost,164700054,10003,0.00607310,865716.05959200,0.59873694,70.0,518336.18376962,362835.32863874,0.90000000,0.00000150
S3,S3,10,6096000,stress,high,reference,164700054,290698,0.17619048,867191.39251200,0.59873694,70.0,519219.52008650,363453.66406055,0.70000000,0.00000116
S3,S3,10,6096000,stress,high,efficient,164700054,290698,0.17619048,867191.39251200,0.59873694,70.0,519219.52008650,363453.66406055,0.58000000,0.00000097
S3,S3,10,6096000,stress,high,high_cost,164700054,290698,0.17619048,867191.39251200,0.59873694,70.0,519219.52008650,363453.66406055,0.90000000,0.00000150
S3,S3,10,6096000,flat,low,reference,164700054,0,0.00000000,865663.48382400,1.00000000,90.0,865663.48382400,779097.13544160,0.70000000,0.00000091
S3,S3,10,6096000,flat,low,efficient,164700054,0,0.00000000,865663.48382400,1.00000000,90.0,865663.48382400,779097.13544160,0.58000000,0.00000075
S3,S3,10,6096000,flat,low,high_cost,164700054,0,0.00000000,865663.48382400,1.00000000,90.0,865663.48382400,779097.13544160,0.90000000,0.00000117
S3,S3,10,6096000,flat,base,reference,164700054,10003,0.00607310,865716.05959200,1.00000000,90.0,865716.05959200,779144.45363280,0.70000000,0.00000091
S3,S3,10,6096000,flat,base,efficient,164700054,10003,0.00607310,865716.05959200,1.00000000,90.0,865716.05959200,779144.45363280,0.58000000,0.00000075
S3,S3,10,6096000,flat,base,high_cost,164700054,10003,0.00607310,865716.05959200,1.00000000,90.0,865716.05959200,779144.45363280,0.90000000,0.00000117
S3,S3,10,6096000,flat,high,reference,164700054,290698,0.17619048,867191.39251200,1.00000000,90.0,867191.39251200,780472.25326080,0.70000000,0.00000091
S3,S3,10,6096000,flat,high,efficient,164700054,290698,0.17619048,867191.39251200,1.00000000,90.0,867191.39251200,780472.25326080,0.58000000,0.00000075
S3,S3,10,6096000,flat,high,high_cost,164700054,290698,0.17619048,867191.39251200,1.00000000,90.0,867191.39251200,780472.25326080,0.90000000,0.00000116
S3,S3,10,6096000,growth,low,reference,164700054,0,0.00000000,865663.48382400,1.34391638,80.0,1163379.33491117,930703.46792894,0.70000000,0.00000102
S3,S3,10,6096000,growth,low,efficient,164700054,0,0.00000000,865663.48382400,1.34391638,80.0,1163379.33491117,930703.46792894,0.58000000,0.00000085
S3,S3,10,6096000,growth,low,high_cost,164700054,0,0.00000000,865663.48382400,1.34391638,80.0,1163379.33491117,930703.46792894,0.90000000,0.00000131
S3,S3,10,6096000,growth,base,reference,164700054,10003,0.00607310,865716.05959200,1.34391638,80.0,1163449.99234694,930759.99387755,0.70000000,0.00000102
S3,S3,10,6096000,growth,base,efficient,164700054,10003,0.00607310,865716.05959200,1.34391638,80.0,1163449.99234694,930759.99387755,0.58000000,0.00000085
S3,S3,10,6096000,growth,base,high_cost,164700054,10003,0.00607310,865716.05959200,1.34391638,80.0,1163449.99234694,930759.99387755,0.90000000,0.00000131
S3,S3,10,6096000,growth,high,reference,164700054,290698,0.17619048,867191.39251200,1.34391638,80.0,1165432.71642311,932346.17313849,0.70000000,0.00000102
S3,S3,10,6096000,growth,high,efficient,164700054,290698,0.17619048,867191.39251200,1.34391638,80.0,1165432.71642311,932346.17313849,0.58000000,0.00000084
S3,S3,10,6096000,growth,high,high_cost,164700054,290698,0.17619048,867191.39251200,1.34391638,80.0,1165432.71642311,932346.17313849,0.90000000,0.00000131
S3,S3,25,13980000,stress,low,reference,50000000,0,0.00000000,262800.00000000,0.27738957,70.0,72897.97981642,51028.58587149,0.70000000,0.00000384
S3,S3,25,13980000,stress,low,efficient,50000000,0,0.00000000,262800.00000000,0.27738957,70.0,72897.97981642,51028.58587149,0.58000000,0.00000318
S3,S3,25,13980000,stress,low,high_cost,50000000,0,0.00000000,262800.00000000,0.27738957,70.0,72897.97981642,51028.58587149,0.90000000,0.00000494
S3,S3,25,13980000,stress,base,reference,50000000,10003,0.02000200,262852.57576800,0.27738957,70.0,72912.56378626,51038.79465038,0.70000000,0.00000384
S3,S3,25,13980000,stress,base,efficient,50000000,10003,0.02000200,262852.57576800,0.27738957,70.0,72912.56378626,51038.79465038,0.58000000,0.00000318
S3,S3,25,13980000,stress,base,high_cost,50000000,10003,0.02000200,262852.57576800,0.27738957,70.0,72912.56378626,51038.79465038,0.90000000,0.00000494
S3,S3,25,13980000,stress,high,reference,50000000,290698,0.57803533,264327.90868800,0.27738957,70.0,73321.80575515,51325.26402861,0.70000000,0.00000382
S3,S3,25,13980000,stress,high,efficient,50000000,290698,0.57803533,264327.90868800,0.27738957,70.0,73321.80575515,51325.26402861,0.58000000,0.00000317
S3,S3,25,13980000,stress,high,high_cost,50000000,290698,0.57803533,264327.90868800,0.27738957,70.0,73321.80575515,51325.26402861,0.90000000,0.00000491
S3,S3,25,13980000,flat,low,reference,50000000,0,0.00000000,262800.00000000,1.00000000,90.0,262800.00000000,236520.00000000,0.70000000,0.00000299
S3,S3,25,13980000,flat,low,efficient,50000000,0,0.00000000,262800.00000000,1.00000000,90.0,262800.00000000,236520.00000000,0.58000000,0.00000248
S3,S3,25,13980000,flat,low,high_cost,50000000,0,0.00000000,262800.00000000,1.00000000,90.0,262800.00000000,236520.00000000,0.90000000,0.00000384
S3,S3,25,13980000,flat,base,reference,50000000,10003,0.02000200,262852.57576800,1.00000000,90.0,262852.57576800,236567.31819120,0.70000000,0.00000299
S3,S3,25,13980000,flat,base,efficient,50000000,10003,0.02000200,262852.57576800,1.00000000,90.0,262852.57576800,236567.31819120,0.58000000,0.00000248
S3,S3,25,13980000,flat,base,high_cost,50000000,10003,0.02000200,262852.57576800,1.00000000,90.0,262852.57576800,236567.31819120,0.90000000,0.00000384
S3,S3,25,13980000,flat,high,reference,50000000,290698,0.57803533,264327.90868800,1.00000000,90.0,264327.90868800,237895.11781920,0.70000000,0.00000297
S3,S3,25,13980000,flat,high,efficient,50000000,290698,0.57803533,264327.90868800,1.00000000,90.0,264327.90868800,237895.11781920,0.58000000,0.00000246
S3,S3,25,13980000,flat,high,high_cost,50000000,290698,0.57803533,264327.90868800,1.00000000,90.0,264327.90868800,237895.11781920,0.90000000,0.00000382
S3,S3,25,13980000,growth,low,reference,50000000,0,0.00000000,262800.00000000,2.09377793,80.0,550244.83991313,440195.87193050,0.70000000,0.00000336
S3,S3,25,13980000,growth,low,efficient,50000000,0,0.00000000,262800.00000000,2.09377793,80.0,550244.83991313,440195.87193050,0.58000000,0.00000279
S3,S3,25,13980000,growth,low,high_cost,50000000,0,0.00000000,262800.00000000,2.09377793,80.0,550244.83991313,440195.87193050,0.90000000,0.00000432
S3,S3,25,13980000,growth,base,reference,50000000,10003,0.02000200,262852.57576800,2.09377793,80.0,550354.92189580,440283.93751664,0.70000000,0.00000336
S3,S3,25,13980000,growth,base,efficient,50000000,10003,0.02000200,262852.57576800,2.09377793,80.0,550354.92189580,440283.93751664,0.58000000,0.00000279
S3,S3,25,13980000,growth,base,high_cost,50000000,10003,0.02000200,262852.57576800,2.09377793,80.0,550354.92189580,440283.93751664,0.90000000,0.00000432
S3,S3,25,13980000,growth,high,reference,50000000,290698,0.57803533,264327.90868800,2.09377793,80.0,553443.94140259,442755.15312207,0.70000000,0.00000334
S3,S3,25,13980000,growth,high,efficient,50000000,290698,0.57803533,264327.90868800,2.09377793,80.0,553443.94140259,442755.15312207,0.58000000,0.00000277
S3,S3,25,13980000,growth,high,high_cost,50000000,290698,0.57803533,264327.90868800,2.09377793,80.0,553443.94140259,442755.15312207,0.90000000,0.00000430
S3,S3,50,27120000,stress,low,reference,50000000,0,0.00000000,262800.00000000,0.07694498,70.0,20221.13950272,14154.79765190,0.70000000,0.00000384
S3,S3,50,27120000,stress,low,efficient,50000000,0,0.00000000,262800.00000000,0.07694498,70.0,20221.13950272,14154.79765190,0.58000000,0.00000318
S3,S3,50,27120000,stress,low,high_cost,50000000,0,0.00000000,262800.00000000,0.07694498,70.0,20221.13950272,14154.79765190,0.90000000,0.00000494
S3,S3,50,27120000,stress,base,reference,50000000,10003,0.02000200,262852.57576800,0.07694498,70.0,20225.18494389,14157.62946072,0.70000000,0.00000384
S3,S3,50,27120000,stress,base,efficient,50000000,10003,0.02000200,262852.57576800,0.07694498,70.0,20225.18494389,14157.62946072,0.58000000,0.00000318
S3,S3,50,27120000,stress,base,high_cost,50000000,10003,0.02000200,262852.57576800,0.07694498,70.0,20225.18494389,14157.62946072,0.90000000,0.00000494
S3,S3,50,27120000,stress,high,reference,50000000,290698,0.57803533,264327.90868800,0.07694498,70.0,20338.70439894,14237.09307926,0.70000000,0.00000382
S3,S3,50,27120000,stress,high,efficient,50000000,290698,0.57803533,264327.90868800,0.07694498,70.0,20338.70439894,14237.09307926,0.58000000,0.00000317
S3,S3,50,27120000,stress,high,high_cost,50000000,290698,0.57803533,264327.90868800,0.07694498,70.0,20338.70439894,14237.09307926,0.90000000,0.00000491
S3,S3,50,27120000,flat,low,reference,50000000,0,0.00000000,262800.00000000,1.00000000,90.0,262800.00000000,236520.00000000,0.70000000,0.00000299
S3,S3,50,27120000,flat,low,efficient,50000000,0,0.00000000,262800.00000000,1.00000000,90.0,262800.00000000,236520.00000000,0.58000000,0.00000248
S3,S3,50,27120000,flat,low,high_cost,50000000,0,0.00000000,262800.00000000,1.00000000,90.0,262800.00000000,236520.00000000,0.90000000,0.00000384
S3,S3,50,27120000,flat,base,reference,50000000,10003,0.02000200,262852.57576800,1.00000000,90.0,262852.57576800,236567.31819120,0.70000000,0.00000299
S3,S3,50,27120000,flat,base,efficient,50000000,10003,0.02000200,262852.57576800,1.00000000,90.0,262852.57576800,236567.31819120,0.58000000,0.00000248
S3,S3,50,27120000,flat,base,high_cost,50000000,10003,0.02000200,262852.57576800,1.00000000,90.0,262852.57576800,236567.31819120,0.90000000,0.00000384
S3,S3,50,27120000,flat,high,reference,50000000,290698,0.57803533,264327.90868800,1.00000000,90.0,264327.90868800,237895.11781920,0.70000000,0.00000297
S3,S3,50,27120000,flat,high,efficient,50000000,290698,0.57803533,264327.90868800,1.00000000,90.0,264327.90868800,237895.11781920,0.58000000,0.00000246
S3,S3,50,27120000,flat,high,high_cost,50000000,290698,0.57803533,264327.90868800,1.00000000,90.0,264327.90868800,237895.11781920,0.90000000,0.00000382
S3,S3,50,27120000,growth,low,reference,50000000,0,0.00000000,262800.00000000,4.38390602,80.0,1152090.50171622,921672.40137298,0.70000000,0.00000336
S3,S3,50,27120000,growth,low,efficient,50000000,0,0.00000000,262800.00000000,4.38390602,80.0,1152090.50171622,921672.40137298,0.58000000,0.00000279
S3,S3,50,27120000,growth,low,high_cost,50000000,0,0.00000000,262800.00000000,4.38390602,80.0,1152090.50171622,921672.40137298,0.90000000,0.00000432
S3,S3,50,27120000,growth,base,reference,50000000,10003,0.02000200,262852.57576800,4.38390602,80.0,1152320.98894200,921856.79115360,0.70000000,0.00000336
S3,S3,50,27120000,growth,base,efficient,50000000,10003,0.02000200,262852.57576800,4.38390602,80.0,1152320.98894200,921856.79115360,0.58000000,0.00000279
S3,S3,50,27120000,growth,base,high_cost,50000000,10003,0.02000200,262852.57576800,4.38390602,80.0,1152320.98894200,921856.79115360,0.90000000,0.00000432
S3,S3,50,27120000,growth,high,reference,50000000,290698,0.57803533,264327.90868800,4.38390602,80.0,1158788.70980958,927030.96784767,0.70000000,0.00000334
S3,S3,50,27120000,growth,high,efficient,50000000,290698,0.57803533,264327.90868800,4.38390602,80.0,1158788.70980958,927030.96784767,0.58000000,0.00000277
S3,S3,50,27120000,growth,high,high_cost,50000000,290698,0.57803533,264327.90868800,4.38390602,80.0,1158788.70980958,927030.96784767,0.90000000,0.00000430
S3,S3,100,53400000,stress,low,reference,50000000,0,0.00000000,262800.00000000,0.00592053,70.0,1555.91507910,1089.14055537,0.70000000,0.00000384
S3,S3,100,53400000,stress,low,efficient,50000000,0,0.00000000,262800.00000000,0.00592053,70.0,1555.91507910,1089.14055537,0.58000000,0.00000318
S3,S3,100,53400000,stress,low,high_cost,50000000,0,0.00000000,262800.00000000,0.00592053,70.0,1555.91507910,1089.14055537,0.90000000,0.00000494
S3,S3,100,53400000,stress,base,reference,50000000,10003,0.02000200,262852.57576800,0.00592053,70.0,1556.22635547,1089.35844883,0.70000000,0.00000384
S3,S3,100,53400000,stress,base,efficient,50000000,10003,0.02000200,262852.57576800,0.00592053,70.0,1556.22635547,1089.35844883,0.58000000,0.00000318
S3,S3,100,53400000,stress,base,high_cost,50000000,10003,0.02000200,262852.57576800,0.00592053,70.0,1556.22635547,1089.35844883,0.90000000,0.00000494
S3,S3,100,53400000,stress,high,reference,50000000,290698,0.57803533,264327.90868800,0.00592053,70.0,1564.96110714,1095.47277500,0.70000000,0.00000382
S3,S3,100,53400000,stress,high,efficient,50000000,290698,0.57803533,264327.90868800,0.00592053,70.0,1564.96110714,1095.47277500,0.58000000,0.00000317
S3,S3,100,53400000,stress,high,high_cost,50000000,290698,0.57803533,264327.90868800,0.00592053,70.0,1564.96110714,1095.47277500,0.90000000,0.00000491
S3,S3,100,53400000,flat,low,reference,50000000,0,0.00000000,262800.00000000,1.00000000,90.0,262800.00000000,236520.00000000,0.70000000,0.00000299
S3,S3,100,53400000,flat,low,efficient,50000000,0,0.00000000,262800.00000000,1.00000000,90.0,262800.00000000,236520.00000000,0.58000000,0.00000248
S3,S3,100,53400000,flat,low,high_cost,50000000,0,0.00000000,262800.00000000,1.00000000,90.0,262800.00000000,236520.00000000,0.90000000,0.00000384
S3,S3,100,53400000,flat,base,reference,50000000,10003,0.02000200,262852.57576800,1.00000000,90.0,262852.57576800,236567.31819120,0.70000000,0.00000299
S3,S3,100,53400000,flat,base,efficient,50000000,10003,0.02000200,262852.57576800,1.00000000,90.0,262852.57576800,236567.31819120,0.58000000,0.00000248
S3,S3,100,53400000,flat,base,high_cost,50000000,10003,0.02000200,262852.57576800,1.00000000,90.0,262852.57576800,236567.31819120,0.90000000,0.00000384
S3,S3,100,53400000,flat,high,reference,50000000,290698,0.57803533,264327.90868800,1.00000000,90.0,264327.90868800,237895.11781920,0.70000000,0.00000297
S3,S3,100,53400000,flat,high,efficient,50000000,290698,0.57803533,264327.90868800,1.00000000,90.0,264327.90868800,237895.11781920,0.58000000,0.00000246
S3,S3,100,53400000,flat,high,high_cost,50000000,290698,0.57803533,264327.90868800,1.00000000,90.0,264327.90868800,237895.11781920,0.90000000,0.00000382
S3,S3,100,53400000,growth,low,reference,50000000,0,0.00000000,262800.00000000,19.21863198,80.0,5050656.48456902,4040525.18765522,0.70000000,0.00000336
S3,S3,100,53400000,growth,low,efficient,50000000,0,0.00000000,262800.00000000,19.21863198,80.0,5050656.48456902,4040525.18765522,0.58000000,0.00000279
S3,S3,100,53400000,growth,low,high_cost,50000000,0,0.00000000,262800.00000000,19.21863198,80.0,5050656.48456902,4040525.18765522,0.90000000,0.00000432
S3,S3,100,53400000,growth,base,reference,50000000,10003,0.02000200,262852.57576800,19.21863198,80.0,5051666.91890532,4041333.53512426,0.70000000,0.00000336
S3,S3,100,53400000,growth,base,efficient,50000000,10003,0.02000200,262852.57576800,19.21863198,80.0,5051666.91890532,4041333.53512426,0.58000000,0.00000279
S3,S3,100,53400000,growth,base,high_cost,50000000,10003,0.02000200,262852.57576800,19.21863198,80.0,5051666.91890532,4041333.53512426,0.90000000,0.00000432
S3,S3,100,53400000,growth,high,reference,50000000,290698,0.57803533,264327.90868800,19.21863198,80.0,5080020.79934405,4064016.63947524,0.70000000,0.00000334
S3,S3,100,53400000,growth,high,efficient,50000000,290698,0.57803533,264327.90868800,19.21863198,80.0,5080020.79934405,4064016.63947524,0.58000000,0.00000277
S3,S3,100,53400000,growth,high,high_cost,50000000,290698,0.57803533,264327.90868800,19.21863198,80.0,5080020.79934405,4064016.63947524,0.90000000,0.00000430
S3,S3,250,132240000,stress,low,reference,50000000,0,0.00000000,262800.00000000,0.00000270,70.0,0.70880485,0.49616340,0.70000000,0.00000384
S3,S3,250,132240000,stress,low,efficient,50000000,0,0.00000000,262800.00000000,0.00000270,70.0,0.70880485,0.49616340,0.58000000,0.00000318
S3,S3,250,132240000,stress,low,high_cost,50000000,0,0.00000000,262800.00000000,0.00000270,70.0,0.70880485,0.49616340,0.90000000,0.00000494
S3,S3,250,132240000,stress,base,reference,50000000,10003,0.02000200,262852.57576800,0.00000270,70.0,0.70894666,0.49626266,0.70000000,0.00000384
S3,S3,250,132240000,stress,base,efficient,50000000,10003,0.02000200,262852.57576800,0.00000270,70.0,0.70894666,0.49626266,0.58000000,0.00000318
S3,S3,250,132240000,stress,base,high_cost,50000000,10003,0.02000200,262852.57576800,0.00000270,70.0,0.70894666,0.49626266,0.90000000,0.00000494
S3,S3,250,132240000,stress,high,reference,50000000,290698,0.57803533,264327.90868800,0.00000270,70.0,0.71292582,0.49904807,0.70000000,0.00000382
S3,S3,250,132240000,stress,high,efficient,50000000,290698,0.57803533,264327.90868800,0.00000270,70.0,0.71292582,0.49904807,0.58000000,0.00000317
S3,S3,250,132240000,stress,high,high_cost,50000000,290698,0.57803533,264327.90868800,0.00000270,70.0,0.71292582,0.49904807,0.90000000,0.00000491
S3,S3,250,132240000,flat,low,reference,50000000,0,0.00000000,262800.00000000,1.00000000,90.0,262800.00000000,236520.00000000,0.70000000,0.00000299
S3,S3,250,132240000,flat,low,efficient,50000000,0,0.00000000,262800.00000000,1.00000000,90.0,262800.00000000,236520.00000000,0.58000000,0.00000248
S3,S3,250,132240000,flat,low,high_cost,50000000,0,0.00000000,262800.00000000,1.00000000,90.0,262800.00000000,236520.00000000,0.90000000,0.00000384
S3,S3,250,132240000,flat,base,reference,50000000,10003,0.02000200,262852.57576800,1.00000000,90.0,262852.57576800,236567.31819120,0.70000000,0.00000299
S3,S3,250,132240000,flat,base,efficient,50000000,10003,0.02000200,262852.57576800,1.00000000,90.0,262852.57576800,236567.31819120,0.58000000,0.00000248
S3,S3,250,132240000,flat,base,high_cost,50000000,10003,0.02000200,262852.57576800,1.00000000,90.0,262852.57576800,236567.31819120,0.90000000,0.00000384
S3,S3,250,132240000,flat,high,reference,50000000,290698,0.57803533,264327.90868800,1.00000000,90.0,264327.90868800,237895.11781920,0.70000000,0.00000297
S3,S3,250,132240000,flat,high,efficient,50000000,290698,0.57803533,264327.90868800,1.00000000,90.0,264327.90868800,237895.11781920,0.58000000,0.00000246
S3,S3,250,132240000,flat,high,high_cost,50000000,290698,0.57803533,264327.90868800,1.00000000,90.0,264327.90868800,237895.11781920,0.90000000,0.00000382
S3,S3,250,132240000,growth,low,reference,50000000,0,0.00000000,262800.00000000,1619.22118137,80.0,425531326.46353434,340425061.17082747,0.70000000,0.00000336
S3,S3,250,132240000,growth,low,efficient,50000000,0,0.00000000,262800.00000000,1619.22118137,80.0,425531326.46353434,340425061.17082747,0.58000000,0.00000279
S3,S3,250,132240000,growth,low,high_cost,50000000,0,0.00000000,262800.00000000,1619.22118137,80.0,425531326.46353434,340425061.17082747,0.90000000,0.00000432
S3,S3,250,132240000,growth,base,reference,50000000,10003,0.02000200,262852.57576800,1619.22118137,80.0,425616458.26070664,340493166.60856531,0.70000000,0.00000336
S3,S3,250,132240000,growth,base,efficient,50000000,10003,0.02000200,262852.57576800,1619.22118137,80.0,425616458.26070664,340493166.60856531,0.58000000,0.00000279
S3,S3,250,132240000,growth,base,high_cost,50000000,10003,0.02000200,262852.57576800,1619.22118137,80.0,425616458.26070664,340493166.60856531,0.90000000,0.00000432
S3,S3,250,132240000,growth,high,reference,50000000,290698,0.57803533,264327.90868800,1619.22118137,80.0,428005348.57434027,342404278.85947222,0.70000000,0.00000334
S3,S3,250,132240000,growth,high,efficient,50000000,290698,0.57803533,264327.90868800,1619.22118137,80.0,428005348.57434027,342404278.85947222,0.58000000,0.00000277
S3,S3,250,132240000,growth,high,high_cost,50000000,290698,0.57803533,264327.90868800,1619.22118137,80.0,428005348.57434027,342404278.85947222,0.90000000,0.00000430
S3,S3,500,263640000,stress,low,reference,50000000,0,0.00000000,262800.00000000,0.00000000,70.0,0.00000191,0.00000134,0.70000000,0.00000384
S3,S3,500,263640000,stress,low,efficient,50000000,0,0.00000000,262800.00000000,0.00000000,70.0,0.00000191,0.00000134,0.58000000,0.00000318
S3,S3,500,263640000,stress,low,high_cost,50000000,0,0.00000000,262800.00000000,0.00000000,70.0,0.00000191,0.00000134,0.90000000,0.00000494
S3,S3,500,263640000,stress,base,reference,50000000,10003,0.02000200,262852.57576800,0.00000000,70.0,0.00000191,0.00000134,0.70000000,0.00000384
S3,S3,500,263640000,stress,base,efficient,50000000,10003,0.02000200,262852.57576800,0.00000000,70.0,0.00000191,0.00000134,0.58000000,0.00000318
S3,S3,500,263640000,stress,base,high_cost,50000000,10003,0.02000200,262852.57576800,0.00000000,70.0,0.00000191,0.00000134,0.90000000,0.00000494
S3,S3,500,263640000,stress,high,reference,50000000,290698,0.57803533,264327.90868800,0.00000000,70.0,0.00000192,0.00000135,0.70000000,0.00000382
S3,S3,500,263640000,stress,high,efficient,50000000,290698,0.57803533,264327.90868800,0.00000000,70.0,0.00000192,0.00000135,0.58000000,0.00000317
S3,S3,500,263640000,stress,high,high_cost,50000000,290698,0.57803533,264327.90868800,0.00000000,70.0,0.00000192,0.00000135,0.90000000,0.00000491
S3,S3,500,263640000,flat,low,reference,50000000,0,0.00000000,262800.00000000,1.00000000,90.0,262800.00000000,236520.00000000,0.70000000,0.00000299
S3,S3,500,263640000,flat,low,efficient,50000000,0,0.00000000,262800.00000000,1.00000000,90.0,262800.00000000,236520.00000000,0.58000000,0.00000248
S3,S3,500,263640000,flat,low,high_cost,50000000,0,0.00000000,262800.00000000,1.00000000,90.0,262800.00000000,236520.00000000,0.90000000,0.00000384
S3,S3,500,263640000,flat,base,reference,50000000,10003,0.02000200,262852.57576800,1.00000000,90.0,262852.57576800,236567.31819120,0.70000000,0.00000299
S3,S3,500,263640000,flat,base,efficient,50000000,10003,0.02000200,262852.57576800,1.00000000,90.0,262852.57576800,236567.31819120,0.58000000,0.00000248
S3,S3,500,263640000,flat,base,high_cost,50000000,10003,0.02000200,262852.57576800,1.00000000,90.0,262852.57576800,236567.31819120,0.90000000,0.00000384
S3,S3,500,263640000,flat,high,reference,50000000,290698,0.57803533,264327.90868800,1.00000000,90.0,264327.90868800,237895.11781920,0.70000000,0.00000297
S3,S3,500,263640000,flat,high,efficient,50000000,290698,0.57803533,264327.90868800,1.00000000,90.0,264327.90868800,237895.11781920,0.58000000,0.00000246
S3,S3,500,263640000,flat,high,high_cost,50000000,290698,0.57803533,264327.90868800,1.00000000,90.0,264327.90868800,237895.11781920,0.90000000,0.00000382
S3,S3,500,263640000,growth,low,reference,50000000,0,0.00000000,262800.00000000,2621877.23419108,80.0,689029337145.41492487,551223469716.33193990,0.70000000,0.00000336
S3,S3,500,263640000,growth,low,efficient,50000000,0,0.00000000,262800.00000000,2621877.23419108,80.0,689029337145.41492487,551223469716.33193990,0.58000000,0.00000279
S3,S3,500,263640000,growth,low,high_cost,50000000,0,0.00000000,262800.00000000,2621877.23419108,80.0,689029337145.41492487,551223469716.33193990,0.90000000,0.00000432
S3,S3,500,263640000,growth,base,reference,50000000,10003,0.02000200,262852.57576800,2621877.23419108,80.0,689167184354.60423658,551333747483.68338926,0.70000000,0.00000336
S3,S3,500,263640000,growth,base,efficient,50000000,10003,0.02000200,262852.57576800,2621877.23419108,80.0,689167184354.60423658,551333747483.68338926,0.58000000,0.00000279
S3,S3,500,263640000,growth,base,high_cost,50000000,10003,0.02000200,262852.57576800,2621877.23419108,80.0,689167184354.60423658,551333747483.68338926,0.90000000,0.00000432
S3,S3,500,263640000,growth,high,reference,50000000,290698,0.57803533,264327.90868800,2621877.23419108,80.0,693035326150.40488143,554428260920.32390514,0.70000000,0.00000334
S3,S3,500,263640000,growth,high,efficient,50000000,290698,0.57803533,264327.90868800,2621877.23419108,80.0,693035326150.40488143,554428260920.32390514,0.58000000,0.00000277
S3,S3,500,263640000,growth,high,high_cost,50000000,290698,0.57803533,264327.90868800,2621877.23419108,80.0,693035326150.40488143,554428260920.32390514,0.90000000,0.00000430
S4,S4,0,840000,stress,low,reference,619517543,0,0.00000000,3256184.20600800,1.00000000,70.0,3256184.20600800,2279328.94420560,0.70000000,0.00000031
S4,S4,0,840000,stress,low,efficient,619517543,0,0.00000000,3256184.20600800,1.00000000,70.0,3256184.20600800,2279328.94420560,0.58000000,0.00000026
S4,S4,0,840000,stress,low,high_cost,619517543,0,0.00000000,3256184.20600800,1.00000000,70.0,3256184.20600800,2279328.94420560,0.90000000,0.00000040
S4,S4,0,840000,stress,base,reference,619517543,10003,0.00161462,3256236.78177600,1.00000000,70.0,3256236.78177600,2279365.74724320,0.70000000,0.00000031
S4,S4,0,840000,stress,base,efficient,619517543,10003,0.00161462,3256236.78177600,1.00000000,70.0,3256236.78177600,2279365.74724320,0.58000000,0.00000026
S4,S4,0,840000,stress,base,high_cost,619517543,10003,0.00161462,3256236.78177600,1.00000000,70.0,3256236.78177600,2279365.74724320,0.90000000,0.00000040
S4,S4,0,840000,stress,high,reference,619517543,290698,0.04690128,3257712.11469600,1.00000000,70.0,3257712.11469600,2280398.48028720,0.70000000,0.00000031
S4,S4,0,840000,stress,high,efficient,619517543,290698,0.04690128,3257712.11469600,1.00000000,70.0,3257712.11469600,2280398.48028720,0.58000000,0.00000026
S4,S4,0,840000,stress,high,high_cost,619517543,290698,0.04690128,3257712.11469600,1.00000000,70.0,3257712.11469600,2280398.48028720,0.90000000,0.00000040
S4,S4,0,840000,flat,low,reference,619517543,0,0.00000000,3256184.20600800,1.00000000,90.0,3256184.20600800,2930565.78540720,0.70000000,0.00000024
S4,S4,0,840000,flat,low,efficient,619517543,0,0.00000000,3256184.20600800,1.00000000,90.0,3256184.20600800,2930565.78540720,0.58000000,0.00000020
S4,S4,0,840000,flat,low,high_cost,619517543,0,0.00000000,3256184.20600800,1.00000000,90.0,3256184.20600800,2930565.78540720,0.90000000,0.00000031
S4,S4,0,840000,flat,base,reference,619517543,10003,0.00161462,3256236.78177600,1.00000000,90.0,3256236.78177600,2930613.10359840,0.70000000,0.00000024
S4,S4,0,840000,flat,base,efficient,619517543,10003,0.00161462,3256236.78177600,1.00000000,90.0,3256236.78177600,2930613.10359840,0.58000000,0.00000020
S4,S4,0,840000,flat,base,high_cost,619517543,10003,0.00161462,3256236.78177600,1.00000000,90.0,3256236.78177600,2930613.10359840,0.90000000,0.00000031
S4,S4,0,840000,flat,high,reference,619517543,290698,0.04690128,3257712.11469600,1.00000000,90.0,3257712.11469600,2931940.90322640,0.70000000,0.00000024
S4,S4,0,840000,flat,high,efficient,619517543,290698,0.04690128,3257712.11469600,1.00000000,90.0,3257712.11469600,2931940.90322640,0.58000000,0.00000020
S4,S4,0,840000,flat,high,high_cost,619517543,290698,0.04690128,3257712.11469600,1.00000000,90.0,3257712.11469600,2931940.90322640,0.90000000,0.00000031
S4,S4,0,840000,growth,low,reference,619517543,0,0.00000000,3256184.20600800,1.00000000,80.0,3256184.20600800,2604947.36480640,0.70000000,0.00000027
S4,S4,0,840000,growth,low,efficient,619517543,0,0.00000000,3256184.20600800,1.00000000,80.0,3256184.20600800,2604947.36480640,0.58000000,0.00000022
S4,S4,0,840000,growth,low,high_cost,619517543,0,0.00000000,3256184.20600800,1.00000000,80.0,3256184.20600800,2604947.36480640,0.90000000,0.00000035
S4,S4,0,840000,growth,base,reference,619517543,10003,0.00161462,3256236.78177600,1.00000000,80.0,3256236.78177600,2604989.42542080,0.70000000,0.00000027
S4,S4,0,840000,growth,base,efficient,619517543,10003,0.00161462,3256236.78177600,1.00000000,80.0,3256236.78177600,2604989.42542080,0.58000000,0.00000022
S4,S4,0,840000,growth,base,high_cost,619517543,10003,0.00161462,3256236.78177600,1.00000000,80.0,3256236.78177600,2604989.42542080,0.90000000,0.00000035
S4,S4,0,840000,growth,high,reference,619517543,290698,0.04690128,3257712.11469600,1.00000000,80.0,3257712.11469600,2606169.69175680,0.70000000,0.00000027
S4,S4,0,840000,growth,high,efficient,619517543,290698,0.04690128,3257712.11469600,1.00000000,80.0,3257712.11469600,2606169.69175680,0.58000000,0.00000022
S4,S4,0,840000,growth,high,high_cost,619517543,290698,0.04690128,3257712.11469600,1.00000000,80.0,3257712.11469600,2606169.69175680,0.90000000,0.00000035
S4,S4,1,1365600,stress,low,reference,608696483,0,0.00000000,3199308.71464800,0.95000000,70.0,3039343.27891560,2127540.29524092,0.70000000,0.00000032
S4,S4,1,1365600,stress,low,efficient,608696483,0,0.00000000,3199308.71464800,0.95000000,70.0,3039343.27891560,2127540.29524092,0.58000000,0.00000026
S4,S4,1,1365600,stress,low,high_cost,608696483,0,0.00000000,3199308.71464800,0.95000000,70.0,3039343.27891560,2127540.29524092,0.90000000,0.00000041
S4,S4,1,1365600,stress,base,reference,608696483,10003,0.00164332,3199361.29041600,0.95000000,70.0,3039393.22589520,2127575.25812664,0.70000000,0.00000032
S4,S4,1,1365600,stress,base,efficient,608696483,10003,0.00164332,3199361.29041600,0.95000000,70.0,3039393.22589520,2127575.25812664,0.58000000,0.00000026
S4,S4,1,1365600,stress,base,high_cost,608696483,10003,0.00164332,3199361.29041600,0.95000000,70.0,3039393.22589520,2127575.25812664,0.90000000,0.00000041
S4,S4,1,1365600,stress,high,reference,608696483,290698,0.04773467,3200836.62333600,0.95000000,70.0,3040794.79216920,2128556.35451844,0.70000000,0.00000032
S4,S4,1,1365600,stress,high,efficient,608696483,290698,0.04773467,3200836.62333600,0.95000000,70.0,3040794.79216920,2128556.35451844,0.58000000,0.00000026
S4,S4,1,1365600,stress,high,high_cost,608696483,290698,0.04773467,3200836.62333600,0.95000000,70.0,3040794.79216920,2128556.35451844,0.90000000,0.00000041
S4,S4,1,1365600,flat,low,reference,608696483,0,0.00000000,3199308.71464800,1.00000000,90.0,3199308.71464800,2879377.84318320,0.70000000,0.00000025
S4,S4,1,1365600,flat,low,efficient,608696483,0,0.00000000,3199308.71464800,1.00000000,90.0,3199308.71464800,2879377.84318320,0.58000000,0.00000020
S4,S4,1,1365600,flat,low,high_cost,608696483,0,0.00000000,3199308.71464800,1.00000000,90.0,3199308.71464800,2879377.84318320,0.90000000,0.00000032
S4,S4,1,1365600,flat,base,reference,608696483,10003,0.00164332,3199361.29041600,1.00000000,90.0,3199361.29041600,2879425.16137440,0.70000000,0.00000025
S4,S4,1,1365600,flat,base,efficient,608696483,10003,0.00164332,3199361.29041600,1.00000000,90.0,3199361.29041600,2879425.16137440,0.58000000,0.00000020
S4,S4,1,1365600,flat,base,high_cost,608696483,10003,0.00164332,3199361.29041600,1.00000000,90.0,3199361.29041600,2879425.16137440,0.90000000,0.00000032
S4,S4,1,1365600,flat,high,reference,608696483,290698,0.04773467,3200836.62333600,1.00000000,90.0,3200836.62333600,2880752.96100240,0.70000000,0.00000025
S4,S4,1,1365600,flat,high,efficient,608696483,290698,0.04773467,3200836.62333600,1.00000000,90.0,3200836.62333600,2880752.96100240,0.58000000,0.00000020
S4,S4,1,1365600,flat,high,high_cost,608696483,290698,0.04773467,3200836.62333600,1.00000000,90.0,3200836.62333600,2880752.96100240,0.90000000,0.00000032
S4,S4,1,1365600,growth,low,reference,608696483,0,0.00000000,3199308.71464800,1.03000000,80.0,3295287.97608744,2636230.38086995,0.70000000,0.00000028
S4,S4,1,1365600,growth,low,efficient,608696483,0,0.00000000,3199308.71464800,1.03000000,80.0,3295287.97608744,2636230.38086995,0.58000000,0.00000023
S4,S4,1,1365600,growth,low,high_cost,608696483,0,0.00000000,3199308.71464800,1.03000000,80.0,3295287.97608744,2636230.38086995,0.90000000,0.00000036
S4,S4,1,1365600,growth,base,reference,608696483,10003,0.00164332,3199361.29041600,1.03000000,80.0,3295342.12912848,2636273.70330278,0.70000000,0.00000028
S4,S4,1,1365600,growth,base,efficient,608696483,10003,0.00164332,3199361.29041600,1.03000000,80.0,3295342.12912848,2636273.70330278,0.58000000,0.00000023
S4,S4,1,1365600,growth,base,high_cost,608696483,10003,0.00164332,3199361.29041600,1.03000000,80.0,3295342.12912848,2636273.70330278,0.90000000,0.00000036
S4,S4,1,1365600,growth,high,reference,608696483,290698,0.04773467,3200836.62333600,1.03000000,80.0,3296861.72203608,2637489.37762886,0.70000000,0.00000028
S4,S4,1,1365600,growth,high,efficient,608696483,290698,0.04773467,3200836.62333600,1.03000000,80.0,3296861.72203608,2637489.37762886,0.58000000,0.00000023
S4,S4,1,1365600,growth,high,high_cost,608696483,290698,0.04773467,3200836.62333600,1.03000000,80.0,3296861.72203608,2637489.37762886,0.90000000,0.00000036
S4,S4,2,1891200,stress,low,reference,592818254,0,0.00000000,3115852.74302400,0.90250000,70.0,2812057.10057916,1968439.97040541,0.70000000,0.00000032
S4,S4,2,1891200,stress,low,efficient,592818254,0,0.00000000,3115852.74302400,0.90250000,70.0,2812057.10057916,1968439.97040541,0.58000000,0.00000027
S4,S4,2,1891200,stress,low,high_cost,592818254,0,0.00000000,3115852.74302400,0.90250000,70.0,2812057.10057916,1968439.97040541,0.90000000,0.00000042
S4,S4,2,1891200,stress,base,reference,592818254,10003,0.00168734,3115905.31879200,0.90250000,70.0,2812104.55020978,1968473.18514685,0.70000000,0.00000032
S4,S4,2,1891200,stress,base,efficient,592818254,10003,0.00168734,3115905.31879200,0.90250000,70.0,2812104.55020978,1968473.18514685,0.58000000,0.00000027
S4,S4,2,1891200,stress,base,high_cost,592818254,10003,0.00168734,3115905.31879200,0.90250000,70.0,2812104.55020978,1968473.18514685,0.90000000,0.00000042
S4,S4,2,1891200,stress,high,reference,592818254,290698,0.04901258,3117380.65171200,0.90250000,70.0,2813436.03817008,1969405.22671906,0.70000000,0.00000032
S4,S4,2,1891200,stress,high,efficient,592818254,290698,0.04901258,3117380.65171200,0.90250000,70.0,2813436.03817008,1969405.22671906,0.58000000,0.00000027
S4,S4,2,1891200,stress,high,high_cost,592818254,290698,0.04901258,3117380.65171200,0.90250000,70.0,2813436.03817008,1969405.22671906,0.90000000,0.00000042
S4,S4,2,1891200,flat,low,reference,592818254,0,0.00000000,3115852.74302400,1.00000000,90.0,3115852.74302400,2804267.46872160,0.70000000,0.00000025
S4,S4,2,1891200,flat,low,efficient,592818254,0,0.00000000,3115852.74302400,1.00000000,90.0,3115852.74302400,2804267.46872160,0.58000000,0.00000021
S4,S4,2,1891200,flat,low,high_cost,592818254,0,0.00000000,3115852.74302400,1.00000000,90.0,3115852.74302400,2804267.46872160,0.90000000,0.00000032
S4,S4,2,1891200,flat,base,reference,592818254,10003,0.00168734,3115905.31879200,1.00000000,90.0,3115905.31879200,2804314.78691280,0.70000000,0.00000025
S4,S4,2,1891200,flat,base,efficient,592818254,10003,0.00168734,3115905.31879200,1.00000000,90.0,3115905.31879200,2804314.78691280,0.58000000,0.00000021
S4,S4,2,1891200,flat,base,high_cost,592818254,10003,0.00168734,3115905.31879200,1.00000000,90.0,3115905.31879200,2804314.78691280,0.90000000,0.00000032
S4,S4,2,1891200,flat,high,reference,592818254,290698,0.04901258,3117380.65171200,1.00000000,90.0,3117380.65171200,2805642.58654080,0.70000000,0.00000025
S4,S4,2,1891200,flat,high,efficient,592818254,290698,0.04901258,3117380.65171200,1.00000000,90.0,3117380.65171200,2805642.58654080,0.58000000,0.00000021
S4,S4,2,1891200,flat,high,high_cost,592818254,290698,0.04901258,3117380.65171200,1.00000000,90.0,3117380.65171200,2805642.58654080,0.90000000,0.00000032
S4,S4,2,1891200,growth,low,reference,592818254,0,0.00000000,3115852.74302400,1.06090000,80.0,3305608.17507416,2644486.54005933,0.70000000,0.00000028
S4,S4,2,1891200,growth,low,efficient,592818254,0,0.00000000,3115852.74302400,1.06090000,80.0,3305608.17507416,2644486.54005933,0.58000000,0.00000024
S4,S4,2,1891200,growth,low,high_cost,592818254,0,0.00000000,3115852.74302400,1.06090000,80.0,3305608.17507416,2644486.54005933,0.90000000,0.00000036
S4,S4,2,1891200,growth,base,reference,592818254,10003,0.00168734,3115905.31879200,1.06090000,80.0,3305663.95270643,2644531.16216515,0.70000000,0.00000028
S4,S4,2,1891200,growth,base,efficient,592818254,10003,0.00168734,3115905.31879200,1.06090000,80.0,3305663.95270643,2644531.16216515,0.58000000,0.00000024
S4,S4,2,1891200,growth,base,high_cost,592818254,10003,0.00168734,3115905.31879200,1.06090000,80.0,3305663.95270643,2644531.16216515,0.90000000,0.00000036
S4,S4,2,1891200,growth,high,reference,592818254,290698,0.04901258,3117380.65171200,1.06090000,80.0,3307229.13340126,2645783.30672101,0.70000000,0.00000028
S4,S4,2,1891200,growth,high,efficient,592818254,290698,0.04901258,3117380.65171200,1.06090000,80.0,3307229.13340126,2645783.30672101,0.58000000,0.00000023
S4,S4,2,1891200,growth,high,high_cost,592818254,290698,0.04901258,3117380.65171200,1.06090000,80.0,3307229.13340126,2645783.30672101,0.90000000,0.00000036
S4,S4,5,3468000,stress,low,reference,557361171,0,0.00000000,2929490.31477600,0.77378094,70.0,2266783.76216454,1586748.63351518,0.70000000,0.00000034
S4,S4,5,3468000,stress,low,efficient,557361171,0,0.00000000,2929490.31477600,0.77378094,70.0,2266783.76216454,1586748.63351518,0.58000000,0.00000029
S4,S4,5,3468000,stress,low,high_cost,557361171,0,0.00000000,2929490.31477600,0.77378094,70.0,2266783.76216454,1586748.63351518,0.90000000,0.00000044
S4,S4,5,3468000,stress,base,reference,557361171,10003,0.00179467,2929542.89054400,0.77378094,70.0,2266824.44429160,1586777.11100412,0.70000000,0.00000034
S4,S4,5,3468000,stress,base,efficient,557361171,10003,0.00179467,2929542.89054400,0.77378094,70.0,2266824.44429160,1586777.11100412,0.58000000,0.00000029
S4,S4,5,3468000,stress,base,high_cost,557361171,10003,0.00179467,2929542.89054400,0.77378094,70.0,2266824.44429160,1586777.11100412,0.90000000,0.00000044
S4,S4,5,3468000,stress,high,reference,557361171,290698,0.05212894,2931018.22346400,0.77378094,70.0,2267966.02878156,1587576.22014709,0.70000000,0.00000034
S4,S4,5,3468000,stress,high,efficient,557361171,290698,0.05212894,2931018.22346400,0.77378094,70.0,2267966.02878156,1587576.22014709,0.58000000,0.00000029
S4,S4,5,3468000,stress,high,high_cost,557361171,290698,0.05212894,2931018.22346400,0.77378094,70.0,2267966.02878156,1587576.22014709,0.90000000,0.00000044
S4,S4,5,3468000,flat,low,reference,557361171,0,0.00000000,2929490.31477600,1.00000000,90.0,2929490.31477600,2636541.28329840,0.70000000,0.00000027
S4,S4,5,3468000,flat,low,efficient,557361171,0,0.00000000,2929490.31477600,1.00000000,90.0,2929490.31477600,2636541.28329840,0.58000000,0.00000022
S4,S4,5,3468000,flat,low,high_cost,557361171,0,0.00000000,2929490.31477600,1.00000000,90.0,2929490.31477600,2636541.28329840,0.90000000,0.00000034
S4,S4,5,3468000,flat,base,reference,557361171,10003,0.00179467,2929542.89054400,1.00000000,90.0,2929542.89054400,2636588.60148960,0.70000000,0.00000027
S4,S4,5,3468000,flat,base,efficient,557361171,10003,0.00179467,2929542.89054400,1.00000000,90.0,2929542.89054400,2636588.60148960,0.58000000,0.00000022
S4,S4,5,3468000,flat,base,high_cost,557361171,10003,0.00179467,2929542.89054400,1.00000000,90.0,2929542.89054400,2636588.60148960,0.90000000,0.00000034
S4,S4,5,3468000,flat,high,reference,557361171,290698,0.05212894,2931018.22346400,1.00000000,90.0,2931018.22346400,2637916.40111760,0.70000000,0.00000027
S4,S4,5,3468000,flat,high,efficient,557361171,290698,0.05212894,2931018.22346400,1.00000000,90.0,2931018.22346400,2637916.40111760,0.58000000,0.00000022
S4,S4,5,3468000,flat,high,high_cost,557361171,290698,0.05212894,2931018.22346400,1.00000000,90.0,2931018.22346400,2637916.40111760,0.90000000,0.00000034
S4,S4,5,3468000,growth,low,reference,557361171,0,0.00000000,2929490.31477600,1.15927407,80.0,3396082.17283276,2716865.73826621,0.70000000,0.00000030
S4,S4,5,3468000,growth,low,efficient,557361171,0,0.00000000,2929490.31477600,1.15927407,80.0,3396082.17283276,2716865.73826621,0.58000000,0.00000025
S4,S4,5,3468000,growth,low,high_cost,557361171,0,0.00000000,2929490.31477600,1.15927407,80.0,3396082.17283276,2716865.73826621,0.90000000,0.00000039
S4,S4,5,3468000,growth,base,reference,557361171,10003,0.00179467,2929542.89054400,1.15927407,80.0,3396143.12255754,2716914.49804603,0.70000000,0.00000030
S4,S4,5,3468000,growth,base,efficient,557361171,10003,0.00179467,2929542.89054400,1.15927407,80.0,3396143.12255754,2716914.49804603,0.58000000,0.00000025
S4,S4,5,3468000,growth,base,high_cost,557361171,10003,0.00179467,2929542.89054400,1.15927407,80.0,3396143.12255754,2716914.49804603,0.90000000,0.00000039
S4,S4,5,3468000,growth,high,reference,557361171,290698,0.05212894,2931018.22346400,1.15927407,80.0,3397853.43776266,2718282.75021013,0.70000000,0.00000030
S4,S4,5,3468000,growth,high,efficient,557361171,290698,0.05212894,2931018.22346400,1.15927407,80.0,3397853.43776266,2718282.75021013,0.58000000,0.00000025
S4,S4,5,3468000,growth,high,high_cost,557361171,290698,0.05212894,2931018.22346400,1.15927407,80.0,3397853.43776266,2718282.75021013,0.90000000,0.00000039
S4,S4,10,6096000,stress,low,reference,497042362,0,0.00000000,2612454.65467200,0.59873694,70.0,1564173.10383737,1094921.17268616,0.70000000,0.00000039
S4,S4,10,6096000,stress,low,efficient,497042362,0,0.00000000,2612454.65467200,0.59873694,70.0,1564173.10383737,1094921.17268616,0.58000000,0.00000032
S4,S4,10,6096000,stress,low,high_cost,497042362,0,0.00000000,2612454.65467200,0.59873694,70.0,1564173.10383737,1094921.17268616,0.90000000,0.00000050
S4,S4,10,6096000,stress,base,reference,497042362,10003,0.00201246,2612507.23044000,0.59873694,70.0,1564204.58289178,1094943.20802425,0.70000000,0.00000039
S4,S4,10,6096000,stress,base,efficient,497042362,10003,0.00201246,2612507.23044000,0.59873694,70.0,1564204.58289178,1094943.20802425,0.58000000,0.00000032
S4,S4,10,6096000,stress,base,high_cost,497042362,10003,0.00201246,2612507.23044000,0.59873694,70.0,1564204.58289178,1094943.20802425,0.90000000,0.00000050
S4,S4,10,6096000,stress,high,reference,497042362,290698,0.05845137,2613982.56336000,0.59873694,70.0,1565087.91920866,1095561.54344606,0.70000000,0.00000039
S4,S4,10,6096000,stress,high,efficient,497042362,290698,0.05845137,2613982.56336000,0.59873694,70.0,1565087.91920866,1095561.54344606,0.58000000,0.00000032
S4,S4,10,6096000,stress,high,high_cost,497042362,290698,0.05845137,2613982.56336000,0.59873694,70.0,1565087.91920866,1095561.54344606,0.90000000,0.00000050
S4,S4,10,6096000,flat,low,reference,497042362,0,0.00000000,2612454.65467200,1.00000000,90.0,2612454.65467200,2351209.18920480,0.70000000,0.00000030
S4,S4,10,6096000,flat,low,efficient,497042362,0,0.00000000,2612454.65467200,1.00000000,90.0,2612454.65467200,2351209.18920480,0.58000000,0.00000025
S4,S4,10,6096000,flat,low,high_cost,497042362,0,0.00000000,2612454.65467200,1.00000000,90.0,2612454.65467200,2351209.18920480,0.90000000,0.00000039
S4,S4,10,6096000,flat,base,reference,497042362,10003,0.00201246,2612507.23044000,1.00000000,90.0,2612507.23044000,2351256.50739600,0.70000000,0.00000030
S4,S4,10,6096000,flat,base,efficient,497042362,10003,0.00201246,2612507.23044000,1.00000000,90.0,2612507.23044000,2351256.50739600,0.58000000,0.00000025
S4,S4,10,6096000,flat,base,high_cost,497042362,10003,0.00201246,2612507.23044000,1.00000000,90.0,2612507.23044000,2351256.50739600,0.90000000,0.00000039
S4,S4,10,6096000,flat,high,reference,497042362,290698,0.05845137,2613982.56336000,1.00000000,90.0,2613982.56336000,2352584.30702400,0.70000000,0.00000030
S4,S4,10,6096000,flat,high,efficient,497042362,290698,0.05845137,2613982.56336000,1.00000000,90.0,2613982.56336000,2352584.30702400,0.58000000,0.00000025
S4,S4,10,6096000,flat,high,high_cost,497042362,290698,0.05845137,2613982.56336000,1.00000000,90.0,2613982.56336000,2352584.30702400,0.90000000,0.00000039
S4,S4,10,6096000,growth,low,reference,497042362,0,0.00000000,2612454.65467200,1.34391638,80.0,3510920.60070749,2808736.48056599,0.70000000,0.00000034
S4,S4,10,6096000,growth,low,efficient,497042362,0,0.00000000,2612454.65467200,1.34391638,80.0,3510920.60070749,2808736.48056599,0.58000000,0.00000028
S4,S4,10,6096000,growth,low,high_cost,497042362,0,0.00000000,2612454.65467200,1.34391638,80.0,3510920.60070749,2808736.48056599,0.90000000,0.00000043
S4,S4,10,6096000,growth,base,reference,497042362,10003,0.00201246,2612507.23044000,1.34391638,80.0,3510991.25814326,2808793.00651461,0.70000000,0.00000034
S4,S4,10,6096000,growth,base,efficient,497042362,10003,0.00201246,2612507.23044000,1.34391638,80.0,3510991.25814326,2808793.00651461,0.58000000,0.00000028
S4,S4,10,6096000,growth,base,high_cost,497042362,10003,0.00201246,2612507.23044000,1.34391638,80.0,3510991.25814326,2808793.00651461,0.90000000,0.00000043
S4,S4,10,6096000,growth,high,reference,497042362,290698,0.05845137,2613982.56336000,1.34391638,80.0,3512973.98221944,2810379.18577555,0.70000000,0.00000034
S4,S4,10,6096000,growth,high,efficient,497042362,290698,0.05845137,2613982.56336000,1.34391638,80.0,3512973.98221944,2810379.18577555,0.58000000,0.00000028
S4,S4,10,6096000,growth,high,high_cost,497042362,290698,0.05845137,2613982.56336000,1.34391638,80.0,3512973.98221944,2810379.18577555,0.90000000,0.00000043
S4,S4,25,13980000,stress,low,reference,358770144,0,0.00000000,1885695.87686400,0.27738957,70.0,523072.37432091,366150.66202464,0.70000000,0.00000054
S4,S4,25,13980000,stress,low,efficient,358770144,0,0.00000000,1885695.87686400,0.27738957,70.0,523072.37432091,366150.66202464,0.58000000,0.00000044
S4,S4,25,13980000,stress,low,high_cost,358770144,0,0.00000000,1885695.87686400,0.27738957,70.0,523072.37432091,366150.66202464,0.90000000,0.00000069
S4,S4,25,13980000,stress,base,reference,358770144,10003,0.00278806,1885748.45263200,0.27738957,70.0,523086.95829075,366160.87080352,0.70000000,0.00000054
S4,S4,25,13980000,stress,base,efficient,358770144,10003,0.00278806,1885748.45263200,0.27738957,70.0,523086.95829075,366160.87080352,0.58000000,0.00000044
S4,S4,25,13980000,stress,base,high_cost,358770144,10003,0.00278806,1885748.45263200,0.27738957,70.0,523086.95829075,366160.87080352,0.90000000,0.00000069
S4,S4,25,13980000,stress,high,reference,358770144,290698,0.08096065,1887223.78555200,0.27738957,70.0,523496.20025964,366447.34018175,0.70000000,0.00000054
S4,S4,25,13980000,stress,high,efficient,358770144,290698,0.08096065,1887223.78555200,0.27738957,70.0,523496.20025964,366447.34018175,0.58000000,0.00000044
S4,S4,25,13980000,stress,high,high_cost,358770144,290698,0.08096065,1887223.78555200,0.27738957,70.0,523496.20025964,366447.34018175,0.90000000,0.00000069
S4,S4,25,13980000,flat,low,reference,358770144,0,0.00000000,1885695.87686400,1.00000000,90.0,1885695.87686400,1697126.28917760,0.70000000,0.00000042
S4,S4,25,13980000,flat,low,efficient,358770144,0,0.00000000,1885695.87686400,1.00000000,90.0,1885695.87686400,1697126.28917760,0.58000000,0.00000035
S4,S4,25,13980000,flat,low,high_cost,358770144,0,0.00000000,1885695.87686400,1.00000000,90.0,1885695.87686400,1697126.28917760,0.90000000,0.00000054
S4,S4,25,13980000,flat,base,reference,358770144,10003,0.00278806,1885748.45263200,1.00000000,90.0,1885748.45263200,1697173.60736880,0.70000000,0.00000042
S4,S4,25,13980000,flat,base,efficient,358770144,10003,0.00278806,1885748.45263200,1.00000000,90.0,1885748.45263200,1697173.60736880,0.58000000,0.00000035
S4,S4,25,13980000,flat,base,high_cost,358770144,10003,0.00278806,1885748.45263200,1.00000000,90.0,1885748.45263200,1697173.60736880,0.90000000,0.00000054
S4,S4,25,13980000,flat,high,reference,358770144,290698,0.08096065,1887223.78555200,1.00000000,90.0,1887223.78555200,1698501.40699680,0.70000000,0.00000042
S4,S4,25,13980000,flat,high,efficient,358770144,290698,0.08096065,1887223.78555200,1.00000000,90.0,1887223.78555200,1698501.40699680,0.58000000,0.00000034
S4,S4,25,13980000,flat,high,high_cost,358770144,290698,0.08096065,1887223.78555200,1.00000000,90.0,1887223.78555200,1698501.40699680,0.90000000,0.00000054
S4,S4,25,13980000,growth,low,reference,358770144,0,0.00000000,1885695.87686400,2.09377793,80.0,3948228.40901780,3158582.72721424,0.70000000,0.00000047
S4,S4,25,13980000,growth,low,efficient,358770144,0,0.00000000,1885695.87686400,2.09377793,80.0,3948228.40901780,3158582.72721424,0.58000000,0.00000039
S4,S4,25,13980000,growth,low,high_cost,358770144,0,0.00000000,1885695.87686400,2.09377793,80.0,3948228.40901780,3158582.72721424,0.90000000,0.00000060
S4,S4,25,13980000,growth,base,reference,358770144,10003,0.00278806,1885748.45263200,2.09377793,80.0,3948338.49100047,3158670.79280037,0.70000000,0.00000047
S4,S4,25,13980000,growth,base,efficient,358770144,10003,0.00278806,1885748.45263200,2.09377793,80.0,3948338.49100047,3158670.79280037,0.58000000,0.00000039
S4,S4,25,13980000,growth,base,high_cost,358770144,10003,0.00278806,1885748.45263200,2.09377793,80.0,3948338.49100047,3158670.79280037,0.90000000,0.00000060
S4,S4,25,13980000,growth,high,reference,358770144,290698,0.08096065,1887223.78555200,2.09377793,80.0,3951427.51050726,3161142.00840581,0.70000000,0.00000047
S4,S4,25,13980000,growth,high,efficient,358770144,290698,0.08096065,1887223.78555200,2.09377793,80.0,3951427.51050726,3161142.00840581,0.58000000,0.00000039
S4,S4,25,13980000,growth,high,high_cost,358770144,290698,0.08096065,1887223.78555200,2.09377793,80.0,3951427.51050726,3161142.00840581,0.90000000,0.00000060
S4,S4,50,27120000,stress,low,reference,205945615,0,0.00000000,1082450.15244000,0.07694498,70.0,83289.10021777,58302.37015244,0.70000000,0.00000093
S4,S4,50,27120000,stress,low,efficient,205945615,0,0.00000000,1082450.15244000,0.07694498,70.0,83289.10021777,58302.37015244,0.58000000,0.00000077
S4,S4,50,27120000,stress,low,high_cost,205945615,0,0.00000000,1082450.15244000,0.07694498,70.0,83289.10021777,58302.37015244,0.90000000,0.00000120
S4,S4,50,27120000,stress,base,reference,205945615,10003,0.00485687,1082502.72820800,0.07694498,70.0,83293.14565894,58305.20196126,0.70000000,0.00000093
S4,S4,50,27120000,stress,base,efficient,205945615,10003,0.00485687,1082502.72820800,0.07694498,70.0,83293.14565894,58305.20196126,0.58000000,0.00000077
S4,S4,50,27120000,stress,base,high_cost,205945615,10003,0.00485687,1082502.72820800,0.07694498,70.0,83293.14565894,58305.20196126,0.90000000,0.00000120
S4,S4,50,27120000,stress,high,reference,205945615,290698,0.14095384,1083978.06112800,0.07694498,70.0,83406.66511399,58384.66557980,0.70000000,0.00000093
S4,S4,50,27120000,stress,high,efficient,205945615,290698,0.14095384,1083978.06112800,0.07694498,70.0,83406.66511399,58384.66557980,0.58000000,0.00000077
S4,S4,50,27120000,stress,high,high_cost,205945615,290698,0.14095384,1083978.06112800,0.07694498,70.0,83406.66511399,58384.66557980,0.90000000,0.00000120
S4,S4,50,27120000,flat,low,reference,205945615,0,0.00000000,1082450.15244000,1.00000000,90.0,1082450.15244000,974205.13719600,0.70000000,0.00000073
S4,S4,50,27120000,flat,low,efficient,205945615,0,0.00000000,1082450.15244000,1.00000000,90.0,1082450.15244000,974205.13719600,0.58000000,0.00000060
S4,S4,50,27120000,flat,low,high_cost,205945615,0,0.00000000,1082450.15244000,1.00000000,90.0,1082450.15244000,974205.13719600,0.90000000,0.00000093
S4,S4,50,27120000,flat,base,reference,205945615,10003,0.00485687,1082502.72820800,1.00000000,90.0,1082502.72820800,974252.45538720,0.70000000,0.00000073
S4,S4,50,27120000,flat,base,efficient,205945615,10003,0.00485687,1082502.72820800,1.00000000,90.0,1082502.72820800,974252.45538720,0.58000000,0.00000060
S4,S4,50,27120000,flat,base,high_cost,205945615,10003,0.00485687,1082502.72820800,1.00000000,90.0,1082502.72820800,974252.45538720,0.90000000,0.00000093
S4,S4,50,27120000,flat,high,reference,205945615,290698,0.14095384,1083978.06112800,1.00000000,90.0,1083978.06112800,975580.25501520,0.70000000,0.00000072
S4,S4,50,27120000,flat,high,efficient,205945615,290698,0.14095384,1083978.06112800,1.00000000,90.0,1083978.06112800,975580.25501520,0.58000000,0.00000060
S4,S4,50,27120000,flat,high,high_cost,205945615,290698,0.14095384,1083978.06112800,1.00000000,90.0,1083978.06112800,975580.25501520,0.90000000,0.00000093
S4,S4,50,27120000,growth,low,reference,205945615,0,0.00000000,1082450.15244000,4.38390602,80.0,4745359.73823212,3796287.79058570,0.70000000,0.00000082
S4,S4,50,27120000,growth,low,efficient,205945615,0,0.00000000,1082450.15244000,4.38390602,80.0,4745359.73823212,3796287.79058570,0.58000000,0.00000068
S4,S4,50,27120000,growth,low,high_cost,205945615,0,0.00000000,1082450.15244000,4.38390602,80.0,4745359.73823212,3796287.79058570,0.90000000,0.00000105
S4,S4,50,27120000,growth,base,reference,205945615,10003,0.00485687,1082502.72820800,4.38390602,80.0,4745590.22545790,3796472.18036632,0.70000000,0.00000082
S4,S4,50,27120000,growth,base,efficient,205945615,10003,0.00485687,1082502.72820800,4.38390602,80.0,4745590.22545790,3796472.18036632,0.58000000,0.00000068
S4,S4,50,27120000,growth,base,high_cost,205945615,10003,0.00485687,1082502.72820800,4.38390602,80.0,4745590.22545790,3796472.18036632,0.90000000,0.00000105
S4,S4,50,27120000,growth,high,reference,205945615,290698,0.14095384,1083978.06112800,4.38390602,80.0,4752057.94632548,3801646.35706038,0.70000000,0.00000082
S4,S4,50,27120000,growth,high,efficient,205945615,290698,0.14095384,1083978.06112800,4.38390602,80.0,4752057.94632548,3801646.35706038,0.58000000,0.00000068
S4,S4,50,27120000,growth,high,high_cost,205945615,290698,0.14095384,1083978.06112800,4.38390602,80.0,4752057.94632548,3801646.35706038,0.90000000,0.00000105
S4,S4,100,53400000,stress,low,reference,68462278,0,0.00000000,359837.73316800,0.00592053,70.0,2130.42981380,1491.30086966,0.70000000,0.00000281
S4,S4,100,53400000,stress,low,efficient,68462278,0,0.00000000,359837.73316800,0.00592053,70.0,2130.42981380,1491.30086966,0.58000000,0.00000233
S4,S4,100,53400000,stress,low,high_cost,68462278,0,0.00000000,359837.73316800,0.00592053,70.0,2130.42981380,1491.30086966,0.90000000,0.00000361
S4,S4,100,53400000,stress,base,reference,68462278,10003,0.01460883,359890.30893600,0.00592053,70.0,2130.74109017,1491.51876312,0.70000000,0.00000281
S4,S4,100,53400000,stress,base,efficient,68462278,10003,0.01460883,359890.30893600,0.00592053,70.0,2130.74109017,1491.51876312,0.58000000,0.00000233
S4,S4,100,53400000,stress,base,high_cost,68462278,10003,0.01460883,359890.30893600,0.00592053,70.0,2130.74109017,1491.51876312,0.90000000,0.00000361
S4,S4,100,53400000,stress,high,reference,68462278,290698,0.42281515,361365.64185600,0.00592053,70.0,2139.47584183,1497.63308928,0.70000000,0.00000280
S4,S4,100,53400000,stress,high,efficient,68462278,290698,0.42281515,361365.64185600,0.00592053,70.0,2139.47584183,1497.63308928,0.58000000,0.00000232
S4,S4,100,53400000,stress,high,high_cost,68462278,290698,0.42281515,361365.64185600,0.00592053,70.0,2139.47584183,1497.63308928,0.90000000,0.00000359
S4,S4,100,53400000,flat,low,reference,68462278,0,0.00000000,359837.73316800,1.00000000,90.0,359837.73316800,323853.95985120,0.70000000,0.00000218
S4,S4,100,53400000,flat,low,efficient,68462278,0,0.00000000,359837.73316800,1.00000000,90.0,359837.73316800,323853.95985120,0.58000000,0.00000181
S4,S4,100,53400000,flat,low,high_cost,68462278,0,0.00000000,359837.73316800,1.00000000,90.0,359837.73316800,323853.95985120,0.90000000,0.00000281
S4,S4,100,53400000,flat,base,reference,68462278,10003,0.01460883,359890.30893600,1.00000000,90.0,359890.30893600,323901.27804240,0.70000000,0.00000218
S4,S4,100,53400000,flat,base,efficient,68462278,10003,0.01460883,359890.30893600,1.00000000,90.0,359890.30893600,323901.27804240,0.58000000,0.00000181
S4,S4,100,53400000,flat,base,high_cost,68462278,10003,0.01460883,359890.30893600,1.00000000,90.0,359890.30893600,323901.27804240,0.90000000,0.00000281
S4,S4,100,53400000,flat,high,reference,68462278,290698,0.42281515,361365.64185600,1.00000000,90.0,361365.64185600,325229.07767040,0.70000000,0.00000217
S4,S4,100,53400000,flat,high,efficient,68462278,290698,0.42281515,361365.64185600,1.00000000,90.0,361365.64185600,325229.07767040,0.58000000,0.00000180
S4,S4,100,53400000,flat,high,high_cost,68462278,290698,0.42281515,361365.64185600,1.00000000,90.0,361365.64185600,325229.07767040,0.90000000,0.00000280
S4,S4,100,53400000,growth,low,reference,68462278,0,0.00000000,359837.73316800,19.21863198,80.0,6915588.96658134,5532471.17326507,0.70000000,0.00000246
S4,S4,100,53400000,growth,low,efficient,68462278,0,0.00000000,359837.73316800,19.21863198,80.0,6915588.96658134,5532471.17326507,0.58000000,0.00000204
S4,S4,100,53400000,growth,low,high_cost,68462278,0,0.00000000,359837.73316800,19.21863198,80.0,6915588.96658134,5532471.17326507,0.90000000,0.00000316
S4,S4,100,53400000,growth,base,reference,68462278,10003,0.01460883,359890.30893600,19.21863198,80.0,6916599.40091764,5533279.52073412,0.70000000,0.00000246
S4,S4,100,53400000,growth,base,efficient,68462278,10003,0.01460883,359890.30893600,19.21863198,80.0,6916599.40091764,5533279.52073412,0.58000000,0.00000203
S4,S4,100,53400000,growth,base,high_cost,68462278,10003,0.01460883,359890.30893600,19.21863198,80.0,6916599.40091764,5533279.52073412,0.90000000,0.00000316
S4,S4,100,53400000,growth,high,reference,68462278,290698,0.42281515,361365.64185600,19.21863198,80.0,6944953.28135637,5555962.62508509,0.70000000,0.00000245
S4,S4,100,53400000,growth,high,efficient,68462278,290698,0.42281515,361365.64185600,19.21863198,80.0,6944953.28135637,5555962.62508509,0.58000000,0.00000203
S4,S4,100,53400000,growth,high,high_cost,68462278,290698,0.42281515,361365.64185600,19.21863198,80.0,6944953.28135637,5555962.62508509,0.90000000,0.00000314
S4,S4,250,132240000,stress,low,reference,2515004,0,0.00000000,13218.86102400,0.00000270,70.0,0.03565294,0.02495706,0.70000000,0.00007641
S4,S4,250,132240000,stress,low,efficient,2515004,0,0.00000000,13218.86102400,0.00000270,70.0,0.03565294,0.02495706,0.58000000,0.00006331
S4,S4,250,132240000,stress,low,high_cost,2515004,0,0.00000000,13218.86102400,0.00000270,70.0,0.03565294,0.02495706,0.90000000,0.00009825
S4,S4,250,132240000,stress,base,reference,2515004,10003,0.39615732,13271.43679200,0.00000270,70.0,0.03579474,0.02505632,0.70000000,0.00007611
S4,S4,250,132240000,stress,base,efficient,2515004,10003,0.39615732,13271.43679200,0.00000270,70.0,0.03579474,0.02505632,0.58000000,0.00006306
S4,S4,250,132240000,stress,base,high_cost,2515004,10003,0.39615732,13271.43679200,0.00000270,70.0,0.03579474,0.02505632,0.90000000,0.00009786
S4,S4,250,132240000,stress,high,reference,2515004,290698,10.36097205,14746.76971200,0.00000270,70.0,0.03977390,0.02784173,0.70000000,0.00006850
S4,S4,250,132240000,stress,high,efficient,2515004,290698,10.36097205,14746.76971200,0.00000270,70.0,0.03977390,0.02784173,0.58000000,0.00005675
S4,S4,250,132240000,stress,high,high_cost,2515004,290698,10.36097205,14746.76971200,0.00000270,70.0,0.03977390,0.02784173,0.90000000,0.00008807
S4,S4,250,132240000,flat,low,reference,2515004,0,0.00000000,13218.86102400,1.00000000,90.0,13218.86102400,11896.97492160,0.70000000,0.00005943
S4,S4,250,132240000,flat,low,efficient,2515004,0,0.00000000,13218.86102400,1.00000000,90.0,13218.86102400,11896.97492160,0.58000000,0.00004924
S4,S4,250,132240000,flat,low,high_cost,2515004,0,0.00000000,13218.86102400,1.00000000,90.0,13218.86102400,11896.97492160,0.90000000,0.00007641
S4,S4,250,132240000,flat,base,reference,2515004,10003,0.39615732,13271.43679200,1.00000000,90.0,13271.43679200,11944.29311280,0.70000000,0.00005920
S4,S4,250,132240000,flat,base,efficient,2515004,10003,0.39615732,13271.43679200,1.00000000,90.0,13271.43679200,11944.29311280,0.58000000,0.00004905
S4,S4,250,132240000,flat,base,high_cost,2515004,10003,0.39615732,13271.43679200,1.00000000,90.0,13271.43679200,11944.29311280,0.90000000,0.00007611
S4,S4,250,132240000,flat,high,reference,2515004,290698,10.36097205,14746.76971200,1.00000000,90.0,14746.76971200,13272.09274080,0.70000000,0.00005327
S4,S4,250,132240000,flat,high,efficient,2515004,290698,10.36097205,14746.76971200,1.00000000,90.0,14746.76971200,13272.09274080,0.58000000,0.00004414
S4,S4,250,132240000,flat,high,high_cost,2515004,290698,10.36097205,14746.76971200,1.00000000,90.0,14746.76971200,13272.09274080,0.90000000,0.00006850
S4,S4,250,132240000,growth,low,reference,2515004,0,0.00000000,13218.86102400,1619.22118137,80.0,21404259.76362189,17123407.81089752,0.70000000,0.00006686
S4,S4,250,132240000,growth,low,efficient,2515004,0,0.00000000,13218.86102400,1619.22118137,80.0,21404259.76362189,17123407.81089752,0.58000000,0.00005540
S4,S4,250,132240000,growth,low,high_cost,2515004,0,0.00000000,13218.86102400,1619.22118137,80.0,21404259.76362189,17123407.81089752,0.90000000,0.00008597
S4,S4,250,132240000,growth,base,reference,2515004,10003,0.39615732,13271.43679200,1619.22118137,80.0,21489391.56079419,17191513.24863535,0.70000000,0.00006660
S4,S4,250,132240000,growth,base,efficient,2515004,10003,0.39615732,13271.43679200,1619.22118137,80.0,21489391.56079419,17191513.24863535,0.58000000,0.00005518
S4,S4,250,132240000,growth,base,high_cost,2515004,10003,0.39615732,13271.43679200,1619.22118137,80.0,21489391.56079419,17191513.24863535,0.90000000,0.00008562
S4,S4,250,132240000,growth,high,reference,2515004,290698,10.36097205,14746.76971200,1619.22118137,80.0,23878281.87442782,19102625.49954226,0.70000000,0.00005993
S4,S4,250,132240000,growth,high,efficient,2515004,290698,10.36097205,14746.76971200,1619.22118137,80.0,23878281.87442782,19102625.49954226,0.58000000,0.00004966
S4,S4,250,132240000,growth,high,high_cost,2515004,290698,10.36097205,14746.76971200,1619.22118137,80.0,23878281.87442782,19102625.49954226,0.90000000,0.00007706
S4,S4,500,263640000,stress,low,reference,10060,0,0.00000000,52.87536000,0.00000000,70.0,0.00000000,0.00000000,0.70000000,0.01910344
S4,S4,500,263640000,stress,low,efficient,10060,0,0.00000000,52.87536000,0.00000000,70.0,0.00000000,0.00000000,0.58000000,0.01582856
S4,S4,500,263640000,stress,low,high_cost,10060,0,0.00000000,52.87536000,0.00000000,70.0,0.00000000,0.00000000,0.90000000,0.02456156
S4,S4,500,263640000,stress,base,reference,10060,10003,49.85794747,105.45112800,0.00000000,70.0,0.00000000,0.00000000,0.70000000,0.00957885
S4,S4,500,263640000,stress,base,efficient,10060,10003,49.85794747,105.45112800,0.00000000,70.0,0.00000000,0.00000000,0.58000000,0.00793677
S4,S4,500,263640000,stress,base,high_cost,10060,10003,49.85794747,105.45112800,0.00000000,70.0,0.00000000,0.00000000,0.90000000,0.01231567
S4,S4,500,263640000,stress,high,reference,10060,290698,96.65511807,1580.78404800,0.00000000,70.0,0.00000001,0.00000001,0.70000000,0.00063899
S4,S4,500,263640000,stress,high,efficient,10060,290698,96.65511807,1580.78404800,0.00000000,70.0,0.00000001,0.00000001,0.58000000,0.00052945
S4,S4,500,263640000,stress,high,high_cost,10060,290698,96.65511807,1580.78404800,0.00000000,70.0,0.00000001,0.00000001,0.90000000,0.00082156
S4,S4,500,263640000,flat,low,reference,10060,0,0.00000000,52.87536000,1.00000000,90.0,52.87536000,47.58782400,0.70000000,0.01485823
S4,S4,500,263640000,flat,low,efficient,10060,0,0.00000000,52.87536000,1.00000000,90.0,52.87536000,47.58782400,0.58000000,0.01231110
S4,S4,500,263640000,flat,low,high_cost,10060,0,0.00000000,52.87536000,1.00000000,90.0,52.87536000,47.58782400,0.90000000,0.01910344
S4,S4,500,263640000,flat,base,reference,10060,10003,49.85794747,105.45112800,1.00000000,90.0,105.45112800,94.90601520,0.70000000,0.00745022
S4,S4,500,263640000,flat,base,efficient,10060,10003,49.85794747,105.45112800,1.00000000,90.0,105.45112800,94.90601520,0.58000000,0.00617304
S4,S4,500,263640000,flat,base,high_cost,10060,10003,49.85794747,105.45112800,1.00000000,90.0,105.45112800,94.90601520,0.90000000,0.00957885
S4,S4,500,263640000,flat,high,reference,10060,290698,96.65511807,1580.78404800,1.00000000,90.0,1580.78404800,1422.70564320,0.70000000,0.00049699
S4,S4,500,263640000,flat,high,efficient,10060,290698,96.65511807,1580.78404800,1.00000000,90.0,1580.78404800,1422.70564320,0.58000000,0.00041179
S4,S4,500,263640000,flat,high,high_cost,10060,290698,96.65511807,1580.78404800,1.00000000,90.0,1580.78404800,1422.70564320,0.90000000,0.00063899
S4,S4,500,263640000,growth,low,reference,10060,0,0.00000000,52.87536000,2621877.23419108,80.0,138632702.63365748,110906162.10692599,0.70000000,0.01671551
S4,S4,500,263640000,growth,low,efficient,10060,0,0.00000000,52.87536000,2621877.23419108,80.0,138632702.63365748,110906162.10692599,0.58000000,0.01384999
S4,S4,500,263640000,growth,low,high_cost,10060,0,0.00000000,52.87536000,2621877.23419108,80.0,138632702.63365748,110906162.10692599,0.90000000,0.02149136
S4,S4,500,263640000,growth,base,reference,10060,10003,49.85794747,105.45112800,2621877.23419108,80.0,276479911.82296919,221183929.45837535,0.70000000,0.00838150
S4,S4,500,263640000,growth,base,efficient,10060,10003,49.85794747,105.45112800,2621877.23419108,80.0,276479911.82296919,221183929.45837535,0.58000000,0.00694467
S4,S4,500,263640000,growth,base,high_cost,10060,10003,49.85794747,105.45112800,2621877.23419108,80.0,276479911.82296919,221183929.45837535,0.90000000,0.01077621
S4,S4,500,263640000,growth,high,reference,10060,290698,96.65511807,1580.78404800,2621877.23419108,80.0,4144621707.62361404,3315697366.09889123,0.70000000,0.00055911
S4,S4,500,263640000,growth,high,efficient,10060,290698,96.65511807,1580.78404800,2621877.23419108,80.0,4144621707.62361404,3315697366.09889123,0.58000000,0.00046327
S4,S4,500,263640000,growth,high,high_cost,10060,290698,96.65511807,1580.78404800,2621877.23419108,80.0,4144621707.62361404,3315697366.09889123,0.90000000,0.00071886
S5a,S5/a,0,840000,stress,low,reference,312500000,0,0.00000000,1642500.00000000,1.00000000,70.0,1642500.00000000,1149750.00000000,0.70000000,0.00000061
S5a,S5/a,0,840000,stress,low,efficient,312500000,0,0.00000000,1642500.00000000,1.00000000,70.0,1642500.00000000,1149750.00000000,0.58000000,0.00000051
S5a,S5/a,0,840000,stress,low,high_cost,312500000,0,0.00000000,1642500.00000000,1.00000000,70.0,1642500.00000000,1149750.00000000,0.90000000,0.00000079
S5a,S5/a,0,840000,stress,base,reference,312500000,10003,0.00320086,1642552.57576800,1.00000000,70.0,1642552.57576800,1149786.80303760,0.70000000,0.00000061
S5a,S5/a,0,840000,stress,base,efficient,312500000,10003,0.00320086,1642552.57576800,1.00000000,70.0,1642552.57576800,1149786.80303760,0.58000000,0.00000051
S5a,S5/a,0,840000,stress,base,high_cost,312500000,10003,0.00320086,1642552.57576800,1.00000000,70.0,1642552.57576800,1149786.80303760,0.90000000,0.00000079
S5a,S5/a,0,840000,stress,high,reference,312500000,290698,0.09293691,1644027.90868800,1.00000000,70.0,1644027.90868800,1150819.53608160,0.70000000,0.00000061
S5a,S5/a,0,840000,stress,high,efficient,312500000,290698,0.09293691,1644027.90868800,1.00000000,70.0,1644027.90868800,1150819.53608160,0.58000000,0.00000051
S5a,S5/a,0,840000,stress,high,high_cost,312500000,290698,0.09293691,1644027.90868800,1.00000000,70.0,1644027.90868800,1150819.53608160,0.90000000,0.00000079
S5a,S5/a,0,840000,flat,low,reference,312500000,0,0.00000000,1642500.00000000,1.00000000,90.0,1642500.00000000,1478250.00000000,0.70000000,0.00000048
S5a,S5/a,0,840000,flat,low,efficient,312500000,0,0.00000000,1642500.00000000,1.00000000,90.0,1642500.00000000,1478250.00000000,0.58000000,0.00000040
S5a,S5/a,0,840000,flat,low,high_cost,312500000,0,0.00000000,1642500.00000000,1.00000000,90.0,1642500.00000000,1478250.00000000,0.90000000,0.00000061
S5a,S5/a,0,840000,flat,base,reference,312500000,10003,0.00320086,1642552.57576800,1.00000000,90.0,1642552.57576800,1478297.31819120,0.70000000,0.00000048
S5a,S5/a,0,840000,flat,base,efficient,312500000,10003,0.00320086,1642552.57576800,1.00000000,90.0,1642552.57576800,1478297.31819120,0.58000000,0.00000040
S5a,S5/a,0,840000,flat,base,high_cost,312500000,10003,0.00320086,1642552.57576800,1.00000000,90.0,1642552.57576800,1478297.31819120,0.90000000,0.00000061
S5a,S5/a,0,840000,flat,high,reference,312500000,290698,0.09293691,1644027.90868800,1.00000000,90.0,1644027.90868800,1479625.11781920,0.70000000,0.00000048
S5a,S5/a,0,840000,flat,high,efficient,312500000,290698,0.09293691,1644027.90868800,1.00000000,90.0,1644027.90868800,1479625.11781920,0.58000000,0.00000040
S5a,S5/a,0,840000,flat,high,high_cost,312500000,290698,0.09293691,1644027.90868800,1.00000000,90.0,1644027.90868800,1479625.11781920,0.90000000,0.00000061
S5a,S5/a,0,840000,growth,low,reference,312500000,0,0.00000000,1642500.00000000,1.00000000,80.0,1642500.00000000,1314000.00000000,0.70000000,0.00000054
S5a,S5/a,0,840000,growth,low,efficient,312500000,0,0.00000000,1642500.00000000,1.00000000,80.0,1642500.00000000,1314000.00000000,0.58000000,0.00000045
S5a,S5/a,0,840000,growth,low,high_cost,312500000,0,0.00000000,1642500.00000000,1.00000000,80.0,1642500.00000000,1314000.00000000,0.90000000,0.00000069
S5a,S5/a,0,840000,growth,base,reference,312500000,10003,0.00320086,1642552.57576800,1.00000000,80.0,1642552.57576800,1314042.06061440,0.70000000,0.00000054
S5a,S5/a,0,840000,growth,base,efficient,312500000,10003,0.00320086,1642552.57576800,1.00000000,80.0,1642552.57576800,1314042.06061440,0.58000000,0.00000045
S5a,S5/a,0,840000,growth,base,high_cost,312500000,10003,0.00320086,1642552.57576800,1.00000000,80.0,1642552.57576800,1314042.06061440,0.90000000,0.00000069
S5a,S5/a,0,840000,growth,high,reference,312500000,290698,0.09293691,1644027.90868800,1.00000000,80.0,1644027.90868800,1315222.32695040,0.70000000,0.00000054
S5a,S5/a,0,840000,growth,high,efficient,312500000,290698,0.09293691,1644027.90868800,1.00000000,80.0,1644027.90868800,1315222.32695040,0.58000000,0.00000045
S5a,S5/a,0,840000,growth,high,high_cost,312500000,290698,0.09293691,1644027.90868800,1.00000000,80.0,1644027.90868800,1315222.32695040,0.90000000,0.00000069
S5a,S5/a,1,1365600,stress,low,reference,312500000,0,0.00000000,1642500.00000000,0.95000000,70.0,1560375.00000000,1092262.50000000,0.70000000,0.00000061
S5a,S5/a,1,1365600,stress,low,efficient,312500000,0,0.00000000,1642500.00000000,0.95000000,70.0,1560375.00000000,1092262.50000000,0.58000000,0.00000051
S5a,S5/a,1,1365600,stress,low,high_cost,312500000,0,0.00000000,1642500.00000000,0.95000000,70.0,1560375.00000000,1092262.50000000,0.90000000,0.00000079
S5a,S5/a,1,1365600,stress,base,reference,312500000,10003,0.00320086,1642552.57576800,0.95000000,70.0,1560424.94697960,1092297.46288572,0.70000000,0.00000061
S5a,S5/a,1,1365600,stress,base,efficient,312500000,10003,0.00320086,1642552.57576800,0.95000000,70.0,1560424.94697960,1092297.46288572,0.58000000,0.00000051
S5a,S5/a,1,1365600,stress,base,high_cost,312500000,10003,0.00320086,1642552.57576800,0.95000000,70.0,1560424.94697960,1092297.46288572,0.90000000,0.00000079
S5a,S5/a,1,1365600,stress,high,reference,312500000,290698,0.09293691,1644027.90868800,0.95000000,70.0,1561826.51325360,1093278.55927752,0.70000000,0.00000061
S5a,S5/a,1,1365600,stress,high,efficient,312500000,290698,0.09293691,1644027.90868800,0.95000000,70.0,1561826.51325360,1093278.55927752,0.58000000,0.00000051
S5a,S5/a,1,1365600,stress,high,high_cost,312500000,290698,0.09293691,1644027.90868800,0.95000000,70.0,1561826.51325360,1093278.55927752,0.90000000,0.00000079
S5a,S5/a,1,1365600,flat,low,reference,312500000,0,0.00000000,1642500.00000000,1.00000000,90.0,1642500.00000000,1478250.00000000,0.70000000,0.00000048
S5a,S5/a,1,1365600,flat,low,efficient,312500000,0,0.00000000,1642500.00000000,1.00000000,90.0,1642500.00000000,1478250.00000000,0.58000000,0.00000040
S5a,S5/a,1,1365600,flat,low,high_cost,312500000,0,0.00000000,1642500.00000000,1.00000000,90.0,1642500.00000000,1478250.00000000,0.90000000,0.00000061
S5a,S5/a,1,1365600,flat,base,reference,312500000,10003,0.00320086,1642552.57576800,1.00000000,90.0,1642552.57576800,1478297.31819120,0.70000000,0.00000048
S5a,S5/a,1,1365600,flat,base,efficient,312500000,10003,0.00320086,1642552.57576800,1.00000000,90.0,1642552.57576800,1478297.31819120,0.58000000,0.00000040
S5a,S5/a,1,1365600,flat,base,high_cost,312500000,10003,0.00320086,1642552.57576800,1.00000000,90.0,1642552.57576800,1478297.31819120,0.90000000,0.00000061
S5a,S5/a,1,1365600,flat,high,reference,312500000,290698,0.09293691,1644027.90868800,1.00000000,90.0,1644027.90868800,1479625.11781920,0.70000000,0.00000048
S5a,S5/a,1,1365600,flat,high,efficient,312500000,290698,0.09293691,1644027.90868800,1.00000000,90.0,1644027.90868800,1479625.11781920,0.58000000,0.00000040
S5a,S5/a,1,1365600,flat,high,high_cost,312500000,290698,0.09293691,1644027.90868800,1.00000000,90.0,1644027.90868800,1479625.11781920,0.90000000,0.00000061
S5a,S5/a,1,1365600,growth,low,reference,312500000,0,0.00000000,1642500.00000000,1.03000000,80.0,1691775.00000000,1353420.00000000,0.70000000,0.00000054
S5a,S5/a,1,1365600,growth,low,efficient,312500000,0,0.00000000,1642500.00000000,1.03000000,80.0,1691775.00000000,1353420.00000000,0.58000000,0.00000045
S5a,S5/a,1,1365600,growth,low,high_cost,312500000,0,0.00000000,1642500.00000000,1.03000000,80.0,1691775.00000000,1353420.00000000,0.90000000,0.00000069
S5a,S5/a,1,1365600,growth,base,reference,312500000,10003,0.00320086,1642552.57576800,1.03000000,80.0,1691829.15304104,1353463.32243283,0.70000000,0.00000054
S5a,S5/a,1,1365600,growth,base,efficient,312500000,10003,0.00320086,1642552.57576800,1.03000000,80.0,1691829.15304104,1353463.32243283,0.58000000,0.00000045
S5a,S5/a,1,1365600,growth,base,high_cost,312500000,10003,0.00320086,1642552.57576800,1.03000000,80.0,1691829.15304104,1353463.32243283,0.90000000,0.00000069
S5a,S5/a,1,1365600,growth,high,reference,312500000,290698,0.09293691,1644027.90868800,1.03000000,80.0,1693348.74594864,1354678.99675891,0.70000000,0.00000054
S5a,S5/a,1,1365600,growth,high,efficient,312500000,290698,0.09293691,1644027.90868800,1.03000000,80.0,1693348.74594864,1354678.99675891,0.58000000,0.00000045
S5a,S5/a,1,1365600,growth,high,high_cost,312500000,290698,0.09293691,1644027.90868800,1.03000000,80.0,1693348.74594864,1354678.99675891,0.90000000,0.00000069
S5a,S5/a,2,1891200,stress,low,reference,312500000,0,0.00000000,1642500.00000000,0.90250000,70.0,1482356.25000000,1037649.37500000,0.70000000,0.00000061
S5a,S5/a,2,1891200,stress,low,efficient,312500000,0,0.00000000,1642500.00000000,0.90250000,70.0,1482356.25000000,1037649.37500000,0.58000000,0.00000051
S5a,S5/a,2,1891200,stress,low,high_cost,312500000,0,0.00000000,1642500.00000000,0.90250000,70.0,1482356.25000000,1037649.37500000,0.90000000,0.00000079
S5a,S5/a,2,1891200,stress,base,reference,312500000,10003,0.00320086,1642552.57576800,0.90250000,70.0,1482403.69963062,1037682.58974143,0.70000000,0.00000061
S5a,S5/a,2,1891200,stress,base,efficient,312500000,10003,0.00320086,1642552.57576800,0.90250000,70.0,1482403.69963062,1037682.58974143,0.58000000,0.00000051
S5a,S5/a,2,1891200,stress,base,high_cost,312500000,10003,0.00320086,1642552.57576800,0.90250000,70.0,1482403.69963062,1037682.58974143,0.90000000,0.00000079
S5a,S5/a,2,1891200,stress,high,reference,312500000,290698,0.09293691,1644027.90868800,0.90250000,70.0,1483735.18759092,1038614.63131364,0.70000000,0.00000061
S5a,S5/a,2,1891200,stress,high,efficient,312500000,290698,0.09293691,1644027.90868800,0.90250000,70.0,1483735.18759092,1038614.63131364,0.58000000,0.00000051
S5a,S5/a,2,1891200,stress,high,high_cost,312500000,290698,0.09293691,1644027.90868800,0.90250000,70.0,1483735.18759092,1038614.63131364,0.90000000,0.00000079
S5a,S5/a,2,1891200,flat,low,reference,312500000,0,0.00000000,1642500.00000000,1.00000000,90.0,1642500.00000000,1478250.00000000,0.70000000,0.00000048
S5a,S5/a,2,1891200,flat,low,efficient,312500000,0,0.00000000,1642500.00000000,1.00000000,90.0,1642500.00000000,1478250.00000000,0.58000000,0.00000040
S5a,S5/a,2,1891200,flat,low,high_cost,312500000,0,0.00000000,1642500.00000000,1.00000000,90.0,1642500.00000000,1478250.00000000,0.90000000,0.00000061
S5a,S5/a,2,1891200,flat,base,reference,312500000,10003,0.00320086,1642552.57576800,1.00000000,90.0,1642552.57576800,1478297.31819120,0.70000000,0.00000048
S5a,S5/a,2,1891200,flat,base,efficient,312500000,10003,0.00320086,1642552.57576800,1.00000000,90.0,1642552.57576800,1478297.31819120,0.58000000,0.00000040
S5a,S5/a,2,1891200,flat,base,high_cost,312500000,10003,0.00320086,1642552.57576800,1.00000000,90.0,1642552.57576800,1478297.31819120,0.90000000,0.00000061
S5a,S5/a,2,1891200,flat,high,reference,312500000,290698,0.09293691,1644027.90868800,1.00000000,90.0,1644027.90868800,1479625.11781920,0.70000000,0.00000048
S5a,S5/a,2,1891200,flat,high,efficient,312500000,290698,0.09293691,1644027.90868800,1.00000000,90.0,1644027.90868800,1479625.11781920,0.58000000,0.00000040
S5a,S5/a,2,1891200,flat,high,high_cost,312500000,290698,0.09293691,1644027.90868800,1.00000000,90.0,1644027.90868800,1479625.11781920,0.90000000,0.00000061
S5a,S5/a,2,1891200,growth,low,reference,312500000,0,0.00000000,1642500.00000000,1.06090000,80.0,1742528.25000000,1394022.60000000,0.70000000,0.00000054
S5a,S5/a,2,1891200,growth,low,efficient,312500000,0,0.00000000,1642500.00000000,1.06090000,80.0,1742528.25000000,1394022.60000000,0.58000000,0.00000045
S5a,S5/a,2,1891200,growth,low,high_cost,312500000,0,0.00000000,1642500.00000000,1.06090000,80.0,1742528.25000000,1394022.60000000,0.90000000,0.00000069
S5a,S5/a,2,1891200,growth,base,reference,312500000,10003,0.00320086,1642552.57576800,1.06090000,80.0,1742584.02763227,1394067.22210582,0.70000000,0.00000054
S5a,S5/a,2,1891200,growth,base,efficient,312500000,10003,0.00320086,1642552.57576800,1.06090000,80.0,1742584.02763227,1394067.22210582,0.58000000,0.00000045
S5a,S5/a,2,1891200,growth,base,high_cost,312500000,10003,0.00320086,1642552.57576800,1.06090000,80.0,1742584.02763227,1394067.22210582,0.90000000,0.00000069
S5a,S5/a,2,1891200,growth,high,reference,312500000,290698,0.09293691,1644027.90868800,1.06090000,80.0,1744149.20832710,1395319.36666168,0.70000000,0.00000054
S5a,S5/a,2,1891200,growth,high,efficient,312500000,290698,0.09293691,1644027.90868800,1.06090000,80.0,1744149.20832710,1395319.36666168,0.58000000,0.00000045
S5a,S5/a,2,1891200,growth,high,high_cost,312500000,290698,0.09293691,1644027.90868800,1.06090000,80.0,1744149.20832710,1395319.36666168,0.90000000,0.00000069
S5a,S5/a,5,3468000,stress,low,reference,156250000,0,0.00000000,821250.00000000,0.77378094,70.0,635467.59492188,444827.31644531,0.70000000,0.00000123
S5a,S5/a,5,3468000,stress,low,efficient,156250000,0,0.00000000,821250.00000000,0.77378094,70.0,635467.59492188,444827.31644531,0.58000000,0.00000102
S5a,S5/a,5,3468000,stress,low,high_cost,156250000,0,0.00000000,821250.00000000,0.77378094,70.0,635467.59492188,444827.31644531,0.90000000,0.00000158
S5a,S5/a,5,3468000,stress,base,reference,156250000,10003,0.00640151,821302.57576800,0.77378094,70.0,635508.27704893,444855.79393425,0.70000000,0.00000123
S5a,S5/a,5,3468000,stress,base,efficient,156250000,10003,0.00640151,821302.57576800,0.77378094,70.0,635508.27704893,444855.79393425,0.58000000,0.00000102
S5a,S5/a,5,3468000,stress,base,high_cost,156250000,10003,0.00640151,821302.57576800,0.77378094,70.0,635508.27704893,444855.79393425,0.90000000,0.00000158
S5a,S5/a,5,3468000,stress,high,reference,156250000,290698,0.18570123,822777.90868800,0.77378094,70.0,636649.86153889,445654.90307722,0.70000000,0.00000123
S5a,S5/a,5,3468000,stress,high,efficient,156250000,290698,0.18570123,822777.90868800,0.77378094,70.0,636649.86153889,445654.90307722,0.58000000,0.00000102
S5a,S5/a,5,3468000,stress,high,high_cost,156250000,290698,0.18570123,822777.90868800,0.77378094,70.0,636649.86153889,445654.90307722,0.90000000,0.00000158
S5a,S5/a,5,3468000,flat,low,reference,156250000,0,0.00000000,821250.00000000,1.00000000,90.0,821250.00000000,739125.00000000,0.70000000,0.00000096
S5a,S5/a,5,3468000,flat,low,efficient,156250000,0,0.00000000,821250.00000000,1.00000000,90.0,821250.00000000,739125.00000000,0.58000000,0.00000079
S5a,S5/a,5,3468000,flat,low,high_cost,156250000,0,0.00000000,821250.00000000,1.00000000,90.0,821250.00000000,739125.00000000,0.90000000,0.00000123
S5a,S5/a,5,3468000,flat,base,reference,156250000,10003,0.00640151,821302.57576800,1.00000000,90.0,821302.57576800,739172.31819120,0.70000000,0.00000096
S5a,S5/a,5,3468000,flat,base,efficient,156250000,10003,0.00640151,821302.57576800,1.00000000,90.0,821302.57576800,739172.31819120,0.58000000,0.00000079
S5a,S5/a,5,3468000,flat,base,high_cost,156250000,10003,0.00640151,821302.57576800,1.00000000,90.0,821302.57576800,739172.31819120,0.90000000,0.00000123
S5a,S5/a,5,3468000,flat,high,reference,156250000,290698,0.18570123,822777.90868800,1.00000000,90.0,822777.90868800,740500.11781920,0.70000000,0.00000095
S5a,S5/a,5,3468000,flat,high,efficient,156250000,290698,0.18570123,822777.90868800,1.00000000,90.0,822777.90868800,740500.11781920,0.58000000,0.00000079
S5a,S5/a,5,3468000,flat,high,high_cost,156250000,290698,0.18570123,822777.90868800,1.00000000,90.0,822777.90868800,740500.11781920,0.90000000,0.00000123
S5a,S5/a,5,3468000,growth,low,reference,156250000,0,0.00000000,821250.00000000,1.15927407,80.0,952053.83351888,761643.06681510,0.70000000,0.00000108
S5a,S5/a,5,3468000,growth,low,efficient,156250000,0,0.00000000,821250.00000000,1.15927407,80.0,952053.83351888,761643.06681510,0.58000000,0.00000089
S5a,S5/a,5,3468000,growth,low,high_cost,156250000,0,0.00000000,821250.00000000,1.15927407,80.0,952053.83351888,761643.06681510,0.90000000,0.00000138
S5a,S5/a,5,3468000,growth,base,reference,156250000,10003,0.00640151,821302.57576800,1.15927407,80.0,952114.78324365,761691.82659492,0.70000000,0.00000108
S5a,S5/a,5,3468000,growth,base,efficient,156250000,10003,0.00640151,821302.57576800,1.15927407,80.0,952114.78324365,761691.82659492,0.58000000,0.00000089
S5a,S5/a,5,3468000,growth,base,high_cost,156250000,10003,0.00640151,821302.57576800,1.15927407,80.0,952114.78324365,761691.82659492,0.90000000,0.00000138
S5a,S5/a,5,3468000,growth,high,reference,156250000,290698,0.18570123,822777.90868800,1.15927407,80.0,953825.09844877,763060.07875902,0.70000000,0.00000107
S5a,S5/a,5,3468000,growth,high,efficient,156250000,290698,0.18570123,822777.90868800,1.15927407,80.0,953825.09844877,763060.07875902,0.58000000,0.00000089
S5a,S5/a,5,3468000,growth,high,high_cost,156250000,290698,0.18570123,822777.90868800,1.15927407,80.0,953825.09844877,763060.07875902,0.90000000,0.00000138
S5a,S5/a,10,6096000,stress,low,reference,78125000,0,0.00000000,410625.00000000,0.59873694,70.0,245856.35567476,172099.44897233,0.70000000,0.00000246
S5a,S5/a,10,6096000,stress,low,efficient,78125000,0,0.00000000,410625.00000000,0.59873694,70.0,245856.35567476,172099.44897233,0.58000000,0.00000204
S5a,S5/a,10,6096000,stress,low,high_cost,78125000,0,0.00000000,410625.00000000,0.59873694,70.0,245856.35567476,172099.44897233,0.90000000,0.00000316
S5a,S5/a,10,6096000,stress,base,reference,78125000,10003,0.01280220,410677.57576800,0.59873694,70.0,245887.83472917,172121.48431042,0.70000000,0.00000246
S5a,S5/a,10,6096000,stress,base,efficient,78125000,10003,0.01280220,410677.57576800,0.59873694,70.0,245887.83472917,172121.48431042,0.58000000,0.00000204
S5a,S5/a,10,6096000,stress,base,high_cost,78125000,10003,0.01280220,410677.57576800,0.59873694,70.0,245887.83472917,172121.48431042,0.90000000,0.00000316
S5a,S5/a,10,6096000,stress,high,reference,78125000,290698,0.37071404,412152.90868800,0.59873694,70.0,246771.17104605,172739.81973223,0.70000000,0.00000245
S5a,S5/a,10,6096000,stress,high,efficient,78125000,290698,0.37071404,412152.90868800,0.59873694,70.0,246771.17104605,172739.81973223,0.58000000,0.00000203
S5a,S5/a,10,6096000,stress,high,high_cost,78125000,290698,0.37071404,412152.90868800,0.59873694,70.0,246771.17104605,172739.81973223,0.90000000,0.00000315
S5a,S5/a,10,6096000,flat,low,reference,78125000,0,0.00000000,410625.00000000,1.00000000,90.0,410625.00000000,369562.50000000,0.70000000,0.00000191
S5a,S5/a,10,6096000,flat,low,efficient,78125000,0,0.00000000,410625.00000000,1.00000000,90.0,410625.00000000,369562.50000000,0.58000000,0.00000159
S5a,S5/a,10,6096000,flat,low,high_cost,78125000,0,0.00000000,410625.00000000,1.00000000,90.0,410625.00000000,369562.50000000,0.90000000,0.00000246
S5a,S5/a,10,6096000,flat,base,reference,78125000,10003,0.01280220,410677.57576800,1.00000000,90.0,410677.57576800,369609.81819120,0.70000000,0.00000191
S5a,S5/a,10,6096000,flat,base,efficient,78125000,10003,0.01280220,410677.57576800,1.00000000,90.0,410677.57576800,369609.81819120,0.58000000,0.00000159
S5a,S5/a,10,6096000,flat,base,high_cost,78125000,10003,0.01280220,410677.57576800,1.00000000,90.0,410677.57576800,369609.81819120,0.90000000,0.00000246
S5a,S5/a,10,6096000,flat,high,reference,78125000,290698,0.37071404,412152.90868800,1.00000000,90.0,412152.90868800,370937.61781920,0.70000000,0.00000191
S5a,S5/a,10,6096000,flat,high,efficient,78125000,290698,0.37071404,412152.90868800,1.00000000,90.0,412152.90868800,370937.61781920,0.58000000,0.00000158
S5a,S5/a,10,6096000,flat,high,high_cost,78125000,290698,0.37071404,412152.90868800,1.00000000,90.0,412152.90868800,370937.61781920,0.90000000,0.00000245
S5a,S5/a,10,6096000,growth,low,reference,78125000,0,0.00000000,410625.00000000,1.34391638,80.0,551845.66326818,441476.53061454,0.70000000,0.00000215
S5a,S5/a,10,6096000,growth,low,efficient,78125000,0,0.00000000,410625.00000000,1.34391638,80.0,551845.66326818,441476.53061454,0.58000000,0.00000178
S5a,S5/a,10,6096000,growth,low,high_cost,78125000,0,0.00000000,410625.00000000,1.34391638,80.0,551845.66326818,441476.53061454,0.90000000,0.00000277
S5a,S5/a,10,6096000,growth,base,reference,78125000,10003,0.01280220,410677.57576800,1.34391638,80.0,551916.32070395,441533.05656316,0.70000000,0.00000215
S5a,S5/a,10,6096000,growth,base,efficient,78125000,10003,0.01280220,410677.57576800,1.34391638,80.0,551916.32070395,441533.05656316,0.58000000,0.00000178
S5a,S5/a,10,6096000,growth,base,high_cost,78125000,10003,0.01280220,410677.57576800,1.34391638,80.0,551916.32070395,441533.05656316,0.90000000,0.00000277
S5a,S5/a,10,6096000,growth,high,reference,78125000,290698,0.37071404,412152.90868800,1.34391638,80.0,553899.04478013,443119.23582410,0.70000000,0.00000214
S5a,S5/a,10,6096000,growth,high,efficient,78125000,290698,0.37071404,412152.90868800,1.34391638,80.0,553899.04478013,443119.23582410,0.58000000,0.00000178
S5a,S5/a,10,6096000,growth,high,high_cost,78125000,290698,0.37071404,412152.90868800,1.34391638,80.0,553899.04478013,443119.23582410,0.90000000,0.00000276
S5a,S5/a,25,13980000,stress,low,reference,4882812,0,0.00000000,25664.05987200,0.27738957,70.0,7118.94261247,4983.25982873,0.70000000,0.00003936
S5a,S5/a,25,13980000,stress,low,efficient,4882812,0,0.00000000,25664.05987200,0.27738957,70.0,7118.94261247,4983.25982873,0.58000000,0.00003261
S5a,S5/a,25,13980000,stress,low,high_cost,4882812,0,0.00000000,25664.05987200,0.27738957,70.0,7118.94261247,4983.25982873,0.90000000,0.00005060
S5a,S5/a,25,13980000,stress,base,reference,4882812,10003,0.20444264,25716.63564000,0.27738957,70.0,7133.52658231,4993.46860762,0.70000000,0.00003928
S5a,S5/a,25,13980000,stress,base,efficient,4882812,10003,0.20444264,25716.63564000,0.27738957,70.0,7133.52658231,4993.46860762,0.58000000,0.00003254
S5a,S5/a,25,13980000,stress,base,high_cost,4882812,10003,0.20444264,25716.63564000,0.27738957,70.0,7133.52658231,4993.46860762,0.90000000,0.00005050
S5a,S5/a,25,13980000,stress,high,reference,4882812,290698,5.61897049,27191.96856000,0.27738957,70.0,7542.76855120,5279.93798584,0.70000000,0.00003715
S5a,S5/a,25,13980000,stress,high,efficient,4882812,290698,5.61897049,27191.96856000,0.27738957,70.0,7542.76855120,5279.93798584,0.58000000,0.00003078
S5a,S5/a,25,13980000,stress,high,high_cost,4882812,290698,5.61897049,27191.96856000,0.27738957,70.0,7542.76855120,5279.93798584,0.90000000,0.00004776
S5a,S5/a,25,13980000,flat,low,reference,4882812,0,0.00000000,25664.05987200,1.00000000,90.0,25664.05987200,23097.65388480,0.70000000,0.00003061
S5a,S5/a,25,13980000,flat,low,efficient,4882812,0,0.00000000,25664.05987200,1.00000000,90.0,25664.05987200,23097.65388480,0.58000000,0.00002536
S5a,S5/a,25,13980000,flat,low,high_cost,4882812,0,0.00000000,25664.05987200,1.00000000,90.0,25664.05987200,23097.65388480,0.90000000,0.00003936
S5a,S5/a,25,13980000,flat,base,reference,4882812,10003,0.20444264,25716.63564000,1.00000000,90.0,25716.63564000,23144.97207600,0.70000000,0.00003055
S5a,S5/a,25,13980000,flat,base,efficient,4882812,10003,0.20444264,25716.63564000,1.00000000,90.0,25716.63564000,23144.97207600,0.58000000,0.00002531
S5a,S5/a,25,13980000,flat,base,high_cost,4882812,10003,0.20444264,25716.63564000,1.00000000,90.0,25716.63564000,23144.97207600,0.90000000,0.00003928
S5a,S5/a,25,13980000,flat,high,reference,4882812,290698,5.61897049,27191.96856000,1.00000000,90.0,27191.96856000,24472.77170400,0.70000000,0.00002889
S5a,S5/a,25,13980000,flat,high,efficient,4882812,290698,5.61897049,27191.96856000,1.00000000,90.0,27191.96856000,24472.77170400,0.58000000,0.00002394
S5a,S5/a,25,13980000,flat,high,high_cost,4882812,290698,5.61897049,27191.96856000,1.00000000,90.0,27191.96856000,24472.77170400,0.90000000,0.00003715
S5a,S5/a,25,13980000,growth,low,reference,4882812,0,0.00000000,25664.05987200,2.09377793,80.0,53734.84214532,42987.87371625,0.70000000,0.00003444
S5a,S5/a,25,13980000,growth,low,efficient,4882812,0,0.00000000,25664.05987200,2.09377793,80.0,53734.84214532,42987.87371625,0.58000000,0.00002853
S5a,S5/a,25,13980000,growth,low,high_cost,4882812,0,0.00000000,25664.05987200,2.09377793,80.0,53734.84214532,42987.87371625,0.90000000,0.00004428
S5a,S5/a,25,13980000,growth,base,reference,4882812,10003,0.20444264,25716.63564000,2.09377793,80.0,53844.92412799,43075.93930239,0.70000000,0.00003437
S5a,S5/a,25,13980000,growth,base,efficient,4882812,10003,0.20444264,25716.63564000,2.09377793,80.0,53844.92412799,43075.93930239,0.58000000,0.00002848
S5a,S5/a,25,13980000,growth,base,high_cost,4882812,10003,0.20444264,25716.63564000,2.09377793,80.0,53844.92412799,43075.93930239,0.90000000,0.00004419
S5a,S5/a,25,13980000,growth,high,reference,4882812,290698,5.61897049,27191.96856000,2.09377793,80.0,56933.94363478,45547.15490782,0.70000000,0.00003250
S5a,S5/a,25,13980000,growth,high,efficient,4882812,290698,5.61897049,27191.96856000,2.09377793,80.0,56933.94363478,45547.15490782,0.58000000,0.00002693
S5a,S5/a,25,13980000,growth,high,high_cost,4882812,290698,5.61897049,27191.96856000,2.09377793,80.0,56933.94363478,45547.15490782,0.90000000,0.00004179
S5a,S5/a,50,27120000,stress,low,reference,76293,0,0.00000000,400.99600800,0.07694498,70.0,30.85462792,21.59823955,0.70000000,0.00251898
S5a,S5/a,50,27120000,stress,low,efficient,76293,0,0.00000000,400.99600800,0.07694498,70.0,30.85462792,21.59823955,0.58000000,0.00208716
S5a,S5/a,50,27120000,stress,low,high_cost,76293,0,0.00000000,400.99600800,0.07694498,70.0,30.85462792,21.59823955,0.90000000,0.00323869
S5a,S5/a,50,27120000,stress,base,reference,76293,10003,11.59149903,453.57177600,0.07694498,70.0,34.90006909,24.43004836,0.70000000,0.00222699
S5a,S5/a,50,27120000,stress,base,efficient,76293,10003,11.59149903,453.57177600,0.07694498,70.0,34.90006909,24.43004836,0.58000000,0.00184522
S5a,S5/a,50,27120000,stress,base,high_cost,76293,10003,11.59149903,453.57177600,0.07694498,70.0,34.90006909,24.43004836,0.90000000,0.00286328
S5a,S5/a,50,27120000,stress,high,reference,76293,290698,79.21120681,1928.90469600,0.07694498,70.0,148.41952414,103.89366690,0.70000000,0.00052367
S5a,S5/a,50,27120000,stress,high,efficient,76293,290698,79.21120681,1928.90469600,0.07694498,70.0,148.41952414,103.89366690,0.58000000,0.00043389
S5a,S5/a,50,27120000,stress,high,high_cost,76293,290698,79.21120681,1928.90469600,0.07694498,70.0,148.41952414,103.89366690,0.90000000,0.00067328
S5a,S5/a,50,27120000,flat,low,reference,76293,0,0.00000000,400.99600800,1.00000000,90.0,400.99600800,360.89640720,0.70000000,0.00195921
S5a,S5/a,50,27120000,flat,low,efficient,76293,0,0.00000000,400.99600800,1.00000000,90.0,400.99600800,360.89640720,0.58000000,0.00162334
S5a,S5/a,50,27120000,flat,low,high_cost,76293,0,0.00000000,400.99600800,1.00000000,90.0,400.99600800,360.89640720,0.90000000,0.00251898
S5a,S5/a,50,27120000,flat,base,reference,76293,10003,11.59149903,453.57177600,1.00000000,90.0,453.57177600,408.21459840,0.70000000,0.00173211
S5a,S5/a,50,27120000,flat,base,efficient,76293,10003,11.59149903,453.57177600,1.00000000,90.0,453.57177600,408.21459840,0.58000000,0.00143517
S5a,S5/a,50,27120000,flat,base,high_cost,76293,10003,11.59149903,453.57177600,1.00000000,90.0,453.57177600,408.21459840,0.90000000,0.00222699
S5a,S5/a,50,27120000,flat,high,reference,76293,290698,79.21120681,1928.90469600,1.00000000,90.0,1928.90469600,1736.01422640,0.70000000,0.00040730
S5a,S5/a,50,27120000,flat,high,efficient,76293,290698,79.21120681,1928.90469600,1.00000000,90.0,1928.90469600,1736.01422640,0.58000000,0.00033747
S5a,S5/a,50,27120000,flat,high,high_cost,76293,290698,79.21120681,1928.90469600,1.00000000,90.0,1928.90469600,1736.01422640,0.90000000,0.00052367
S5a,S5/a,50,27120000,growth,low,reference,76293,0,0.00000000,400.99600800,4.38390602,80.0,1757.92881295,1406.34305036,0.70000000,0.00220411
S5a,S5/a,50,27120000,growth,low,efficient,76293,0,0.00000000,400.99600800,4.38390602,80.0,1757.92881295,1406.34305036,0.58000000,0.00182626
S5a,S5/a,50,27120000,growth,low,high_cost,76293,0,0.00000000,400.99600800,4.38390602,80.0,1757.92881295,1406.34305036,0.90000000,0.00283385
S5a,S5/a,50,27120000,growth,base,reference,76293,10003,11.59149903,453.57177600,4.38390602,80.0,1988.41603872,1590.73283098,0.70000000,0.00194862
S5a,S5/a,50,27120000,growth,base,efficient,76293,10003,11.59149903,453.57177600,4.38390602,80.0,1988.41603872,1590.73283098,0.58000000,0.00161457
S5a,S5/a,50,27120000,growth,base,high_cost,76293,10003,11.59149903,453.57177600,4.38390602,80.0,1988.41603872,1590.73283098,0.90000000,0.00250537
S5a,S5/a,50,27120000,growth,high,reference,76293,290698,79.21120681,1928.90469600,4.38390602,80.0,8456.13690631,6764.90952505,0.70000000,0.00045821
S5a,S5/a,50,27120000,growth,high,efficient,76293,290698,79.21120681,1928.90469600,4.38390602,80.0,8456.13690631,6764.90952505,0.58000000,0.00037966
S5a,S5/a,50,27120000,growth,high,high_cost,76293,290698,79.21120681,1928.90469600,4.38390602,80.0,8456.13690631,6764.90952505,0.90000000,0.00058912
S5a,S5/a,100,53400000,stress,low,reference,9,0,0.00000000,0.04730400,0.00592053,70.0,0.00028006,0.00019605,0.70000000,21.35339528
S5a,S5/a,100,53400000,stress,low,efficient,9,0,0.00000000,0.04730400,0.00592053,70.0,0.00028006,0.00019605,0.58000000,17.69281323
S5a,S5/a,100,53400000,stress,low,high_cost,9,0,0.00000000,0.04730400,0.00592053,70.0,0.00028006,0.00019605,0.90000000,27.45436535
S5a,S5/a,100,53400000,stress,base,reference,9,10003,99.91010787,52.62307200,0.00592053,70.0,0.31155644,0.21808950,0.70000000,0.01919502
S5a,S5/a,100,53400000,stress,base,efficient,9,10003,99.91010787,52.62307200,0.00592053,70.0,0.31155644,0.21808950,0.58000000,0.01590445
S5a,S5/a,100,53400000,stress,base,high_cost,9,10003,99.91010787,52.62307200,0.00592053,70.0,0.31155644,0.21808950,0.90000000,0.02467931
S5a,S5/a,100,53400000,stress,high,reference,9,290698,99.99690410,1527.95599200,0.00592053,70.0,9.04630810,6.33241567,0.70000000,0.00066108
S5a,S5/a,100,53400000,stress,high,efficient,9,290698,99.99690410,1527.95599200,0.00592053,70.0,9.04630810,6.33241567,0.58000000,0.00054775
S5a,S5/a,100,53400000,stress,high,high_cost,9,290698,99.99690410,1527.95599200,0.00592053,70.0,9.04630810,6.33241567,0.90000000,0.00084996
S5a,S5/a,100,53400000,flat,low,reference,9,0,0.00000000,0.04730400,1.00000000,90.0,0.04730400,0.04257360,0.70000000,16.60819633
S5a,S5/a,100,53400000,flat,low,efficient,9,0,0.00000000,0.04730400,1.00000000,90.0,0.04730400,0.04257360,0.58000000,13.76107696
S5a,S5/a,100,53400000,flat,low,high_cost,9,0,0.00000000,0.04730400,1.00000000,90.0,0.04730400,0.04257360,0.90000000,21.35339528
S5a,S5/a,100,53400000,flat,base,reference,9,10003,99.91010787,52.62307200,1.00000000,90.0,52.62307200,47.36076480,0.70000000,0.01492946
S5a,S5/a,100,53400000,flat,base,efficient,9,10003,99.91010787,52.62307200,1.00000000,90.0,52.62307200,47.36076480,0.58000000,0.01237013
S5a,S5/a,100,53400000,flat,base,high_cost,9,10003,99.91010787,52.62307200,1.00000000,90.0,52.62307200,47.36076480,0.90000000,0.01919502
S5a,S5/a,100,53400000,flat,high,reference,9,290698,99.99690410,1527.95599200,1.00000000,90.0,1527.95599200,1375.16039280,0.70000000,0.00051417
S5a,S5/a,100,53400000,flat,high,efficient,9,290698,99.99690410,1527.95599200,1.00000000,90.0,1527.95599200,1375.16039280,0.58000000,0.00042603
S5a,S5/a,100,53400000,flat,high,high_cost,9,290698,99.99690410,1527.95599200,1.00000000,90.0,1527.95599200,1375.16039280,0.90000000,0.00066108
S5a,S5/a,100,53400000,growth,low,reference,9,0,0.00000000,0.04730400,19.21863198,80.0,0.90911817,0.72729453,0.70000000,18.68422087
S5a,S5/a,100,53400000,growth,low,efficient,9,0,0.00000000,0.04730400,19.21863198,80.0,0.90911817,0.72729453,0.58000000,15.48121157
S5a,S5/a,100,53400000,growth,low,high_cost,9,0,0.00000000,0.04730400,19.21863198,80.0,0.90911817,0.72729453,0.90000000,24.02256968
S5a,S5/a,100,53400000,growth,base,reference,9,10003,99.91010787,52.62307200,19.21863198,80.0,1011.34345447,809.07476358,0.70000000,0.01679564
S5a,S5/a,100,53400000,growth,base,efficient,9,10003,99.91010787,52.62307200,19.21863198,80.0,1011.34345447,809.07476358,0.58000000,0.01391639
S5a,S5/a,100,53400000,growth,base,high_cost,9,10003,99.91010787,52.62307200,19.21863198,80.0,1011.34345447,809.07476358,0.90000000,0.02159440
S5a,S5/a,100,53400000,growth,high,reference,9,290698,99.99690410,1527.95599200,19.21863198,80.0,29365.22389319,23492.17911455,0.70000000,0.00057844
S5a,S5/a,100,53400000,growth,high,efficient,9,290698,99.99690410,1527.95599200,19.21863198,80.0,29365.22389319,23492.17911455,0.58000000,0.00047928
S5a,S5/a,100,53400000,growth,high,high_cost,9,290698,99.99690410,1527.95599200,19.21863198,80.0,29365.22389319,23492.17911455,0.90000000,0.00074371
S5a,S5/a,250,132240000,stress,low,reference,0,0,0.00000000,0.00000000,0.00000270,70.0,0.00000000,0.00000000,0.70000000,0.00000000
S5a,S5/a,250,132240000,stress,low,efficient,0,0,0.00000000,0.00000000,0.00000270,70.0,0.00000000,0.00000000,0.58000000,0.00000000
S5a,S5/a,250,132240000,stress,low,high_cost,0,0,0.00000000,0.00000000,0.00000270,70.0,0.00000000,0.00000000,0.90000000,0.00000000
S5a,S5/a,250,132240000,stress,base,reference,0,10003,100.00000000,52.57576800,0.00000270,70.0,0.00014180,0.00009926,0.70000000,0.01921229
S5a,S5/a,250,132240000,stress,base,efficient,0,10003,100.00000000,52.57576800,0.00000270,70.0,0.00014180,0.00009926,0.58000000,0.01591876
S5a,S5/a,250,132240000,stress,base,high_cost,0,10003,100.00000000,52.57576800,0.00000270,70.0,0.00014180,0.00009926,0.90000000,0.02470152
S5a,S5/a,250,132240000,stress,high,reference,0,290698,100.00000000,1527.90868800,0.00000270,70.0,0.00412096,0.00288467,0.70000000,0.00066110
S5a,S5/a,250,132240000,stress,high,efficient,0,290698,100.00000000,1527.90868800,0.00000270,70.0,0.00412096,0.00288467,0.58000000,0.00054777
S5a,S5/a,250,132240000,stress,high,high_cost,0,290698,100.00000000,1527.90868800,0.00000270,70.0,0.00412096,0.00288467,0.90000000,0.00084999
S5a,S5/a,250,132240000,flat,low,reference,0,0,0.00000000,0.00000000,1.00000000,90.0,0.00000000,0.00000000,0.70000000,0.00000000
S5a,S5/a,250,132240000,flat,low,efficient,0,0,0.00000000,0.00000000,1.00000000,90.0,0.00000000,0.00000000,0.58000000,0.00000000
S5a,S5/a,250,132240000,flat,low,high_cost,0,0,0.00000000,0.00000000,1.00000000,90.0,0.00000000,0.00000000,0.90000000,0.00000000
S5a,S5/a,250,132240000,flat,base,reference,0,10003,100.00000000,52.57576800,1.00000000,90.0,52.57576800,47.31819120,0.70000000,0.01494289
S5a,S5/a,250,132240000,flat,base,efficient,0,10003,100.00000000,52.57576800,1.00000000,90.0,52.57576800,47.31819120,0.58000000,0.01238125
S5a,S5/a,250,132240000,flat,base,high_cost,0,10003,100.00000000,52.57576800,1.00000000,90.0,52.57576800,47.31819120,0.90000000,0.01921229
S5a,S5/a,250,132240000,flat,high,reference,0,290698,100.00000000,1527.90868800,1.00000000,90.0,1527.90868800,1375.11781920,0.70000000,0.00051419
S5a,S5/a,250,132240000,flat,high,efficient,0,290698,100.00000000,1527.90868800,1.00000000,90.0,1527.90868800,1375.11781920,0.58000000,0.00042604
S5a,S5/a,250,132240000,flat,high,high_cost,0,290698,100.00000000,1527.90868800,1.00000000,90.0,1527.90868800,1375.11781920,0.90000000,0.00066110
S5a,S5/a,250,132240000,growth,low,reference,0,0,0.00000000,0.00000000,1619.22118137,80.0,0.00000000,0.00000000,0.70000000,0.00000000
S5a,S5/a,250,132240000,growth,low,efficient,0,0,0.00000000,0.00000000,1619.22118137,80.0,0.00000000,0.00000000,0.58000000,0.00000000
S5a,S5/a,250,132240000,growth,low,high_cost,0,0,0.00000000,0.00000000,1619.22118137,80.0,0.00000000,0.00000000,0.90000000,0.00000000
S5a,S5/a,250,132240000,growth,base,reference,0,10003,100.00000000,52.57576800,1619.22118137,80.0,85131.79717229,68105.43773784,0.70000000,0.01681076
S5a,S5/a,250,132240000,growth,base,efficient,0,10003,100.00000000,52.57576800,1619.22118137,80.0,85131.79717229,68105.43773784,0.58000000,0.01392891
S5a,S5/a,250,132240000,growth,base,high_cost,0,10003,100.00000000,52.57576800,1619.22118137,80.0,85131.79717229,68105.43773784,0.90000000,0.02161383
S5a,S5/a,250,132240000,growth,high,reference,0,290698,100.00000000,1527.90868800,1619.22118137,80.0,2474022.11080593,1979217.68864474,0.70000000,0.00057846
S5a,S5/a,250,132240000,growth,high,efficient,0,290698,100.00000000,1527.90868800,1619.22118137,80.0,2474022.11080593,1979217.68864474,0.58000000,0.00047930
S5a,S5/a,250,132240000,growth,high,high_cost,0,290698,100.00000000,1527.90868800,1619.22118137,80.0,2474022.11080593,1979217.68864474,0.90000000,0.00074374
S5a,S5/a,500,263640000,stress,low,reference,0,0,0.00000000,0.00000000,0.00000000,70.0,0.00000000,0.00000000,0.70000000,0.00000000
S5a,S5/a,500,263640000,stress,low,efficient,0,0,0.00000000,0.00000000,0.00000000,70.0,0.00000000,0.00000000,0.58000000,0.00000000
S5a,S5/a,500,263640000,stress,low,high_cost,0,0,0.00000000,0.00000000,0.00000000,70.0,0.00000000,0.00000000,0.90000000,0.00000000
S5a,S5/a,500,263640000,stress,base,reference,0,10003,100.00000000,52.57576800,0.00000000,70.0,0.00000000,0.00000000,0.70000000,0.01921229
S5a,S5/a,500,263640000,stress,base,efficient,0,10003,100.00000000,52.57576800,0.00000000,70.0,0.00000000,0.00000000,0.58000000,0.01591876
S5a,S5/a,500,263640000,stress,base,high_cost,0,10003,100.00000000,52.57576800,0.00000000,70.0,0.00000000,0.00000000,0.90000000,0.02470152
S5a,S5/a,500,263640000,stress,high,reference,0,290698,100.00000000,1527.90868800,0.00000000,70.0,0.00000001,0.00000001,0.70000000,0.00066110
S5a,S5/a,500,263640000,stress,high,efficient,0,290698,100.00000000,1527.90868800,0.00000000,70.0,0.00000001,0.00000001,0.58000000,0.00054777
S5a,S5/a,500,263640000,stress,high,high_cost,0,290698,100.00000000,1527.90868800,0.00000000,70.0,0.00000001,0.00000001,0.90000000,0.00084999
S5a,S5/a,500,263640000,flat,low,reference,0,0,0.00000000,0.00000000,1.00000000,90.0,0.00000000,0.00000000,0.70000000,0.00000000
S5a,S5/a,500,263640000,flat,low,efficient,0,0,0.00000000,0.00000000,1.00000000,90.0,0.00000000,0.00000000,0.58000000,0.00000000
S5a,S5/a,500,263640000,flat,low,high_cost,0,0,0.00000000,0.00000000,1.00000000,90.0,0.00000000,0.00000000,0.90000000,0.00000000
S5a,S5/a,500,263640000,flat,base,reference,0,10003,100.00000000,52.57576800,1.00000000,90.0,52.57576800,47.31819120,0.70000000,0.01494289
S5a,S5/a,500,263640000,flat,base,efficient,0,10003,100.00000000,52.57576800,1.00000000,90.0,52.57576800,47.31819120,0.58000000,0.01238125
S5a,S5/a,500,263640000,flat,base,high_cost,0,10003,100.00000000,52.57576800,1.00000000,90.0,52.57576800,47.31819120,0.90000000,0.01921229
S5a,S5/a,500,263640000,flat,high,reference,0,290698,100.00000000,1527.90868800,1.00000000,90.0,1527.90868800,1375.11781920,0.70000000,0.00051419
S5a,S5/a,500,263640000,flat,high,efficient,0,290698,100.00000000,1527.90868800,1.00000000,90.0,1527.90868800,1375.11781920,0.58000000,0.00042604
S5a,S5/a,500,263640000,flat,high,high_cost,0,290698,100.00000000,1527.90868800,1.00000000,90.0,1527.90868800,1375.11781920,0.90000000,0.00066110
S5a,S5/a,500,263640000,growth,low,reference,0,0,0.00000000,0.00000000,2621877.23419108,80.0,0.00000000,0.00000000,0.70000000,0.00000000
S5a,S5/a,500,263640000,growth,low,efficient,0,0,0.00000000,0.00000000,2621877.23419108,80.0,0.00000000,0.00000000,0.58000000,0.00000000
S5a,S5/a,500,263640000,growth,low,high_cost,0,0,0.00000000,0.00000000,2621877.23419108,80.0,0.00000000,0.00000000,0.90000000,0.00000000
S5a,S5/a,500,263640000,growth,base,reference,0,10003,100.00000000,52.57576800,2621877.23419108,80.0,137847209.18931171,110277767.35144937,0.70000000,0.01681076
S5a,S5/a,500,263640000,growth,base,efficient,0,10003,100.00000000,52.57576800,2621877.23419108,80.0,137847209.18931171,110277767.35144937,0.58000000,0.01392891
S5a,S5/a,500,263640000,growth,base,high_cost,0,10003,100.00000000,52.57576800,2621877.23419108,80.0,137847209.18931171,110277767.35144937,0.90000000,0.02161383
S5a,S5/a,500,263640000,growth,high,reference,0,290698,100.00000000,1527.90868800,2621877.23419108,80.0,4005989004.98995656,3204791203.99196525,0.70000000,0.00057846
S5a,S5/a,500,263640000,growth,high,efficient,0,290698,100.00000000,1527.90868800,2621877.23419108,80.0,4005989004.98995656,3204791203.99196525,0.58000000,0.00047930
S5a,S5/a,500,263640000,growth,high,high_cost,0,290698,100.00000000,1527.90868800,2621877.23419108,80.0,4005989004.98995656,3204791203.99196525,0.90000000,0.00074374
S5B,S5/b,0,840000,stress,low,reference,625000000,0,0.00000000,3285000.00000000,1.00000000,70.0,3285000.00000000,2299500.00000000,0.70000000,0.00000031
S5B,S5/b,0,840000,stress,low,efficient,625000000,0,0.00000000,3285000.00000000,1.00000000,70.0,3285000.00000000,2299500.00000000,0.58000000,0.00000025
S5B,S5/b,0,840000,stress,low,high_cost,625000000,0,0.00000000,3285000.00000000,1.00000000,70.0,3285000.00000000,2299500.00000000,0.90000000,0.00000040
S5B,S5/b,0,840000,stress,base,reference,625000000,10003,0.00160045,3285052.57576800,1.00000000,70.0,3285052.57576800,2299536.80303760,0.70000000,0.00000031
S5B,S5/b,0,840000,stress,base,efficient,625000000,10003,0.00160045,3285052.57576800,1.00000000,70.0,3285052.57576800,2299536.80303760,0.58000000,0.00000025
S5B,S5/b,0,840000,stress,base,high_cost,625000000,10003,0.00160045,3285052.57576800,1.00000000,70.0,3285052.57576800,2299536.80303760,0.90000000,0.00000040
S5B,S5/b,0,840000,stress,high,reference,625000000,290698,0.04649006,3286527.90868800,1.00000000,70.0,3286527.90868800,2300569.53608160,0.70000000,0.00000031
S5B,S5/b,0,840000,stress,high,efficient,625000000,290698,0.04649006,3286527.90868800,1.00000000,70.0,3286527.90868800,2300569.53608160,0.58000000,0.00000025
S5B,S5/b,0,840000,stress,high,high_cost,625000000,290698,0.04649006,3286527.90868800,1.00000000,70.0,3286527.90868800,2300569.53608160,0.90000000,0.00000040
S5B,S5/b,0,840000,flat,low,reference,625000000,0,0.00000000,3285000.00000000,1.00000000,90.0,3285000.00000000,2956500.00000000,0.70000000,0.00000024
S5B,S5/b,0,840000,flat,low,efficient,625000000,0,0.00000000,3285000.00000000,1.00000000,90.0,3285000.00000000,2956500.00000000,0.58000000,0.00000020
S5B,S5/b,0,840000,flat,low,high_cost,625000000,0,0.00000000,3285000.00000000,1.00000000,90.0,3285000.00000000,2956500.00000000,0.90000000,0.00000031
S5B,S5/b,0,840000,flat,base,reference,625000000,10003,0.00160045,3285052.57576800,1.00000000,90.0,3285052.57576800,2956547.31819120,0.70000000,0.00000024
S5B,S5/b,0,840000,flat,base,efficient,625000000,10003,0.00160045,3285052.57576800,1.00000000,90.0,3285052.57576800,2956547.31819120,0.58000000,0.00000020
S5B,S5/b,0,840000,flat,base,high_cost,625000000,10003,0.00160045,3285052.57576800,1.00000000,90.0,3285052.57576800,2956547.31819120,0.90000000,0.00000031
S5B,S5/b,0,840000,flat,high,reference,625000000,290698,0.04649006,3286527.90868800,1.00000000,90.0,3286527.90868800,2957875.11781920,0.70000000,0.00000024
S5B,S5/b,0,840000,flat,high,efficient,625000000,290698,0.04649006,3286527.90868800,1.00000000,90.0,3286527.90868800,2957875.11781920,0.58000000,0.00000020
S5B,S5/b,0,840000,flat,high,high_cost,625000000,290698,0.04649006,3286527.90868800,1.00000000,90.0,3286527.90868800,2957875.11781920,0.90000000,0.00000031
S5B,S5/b,0,840000,growth,low,reference,625000000,0,0.00000000,3285000.00000000,1.00000000,80.0,3285000.00000000,2628000.00000000,0.70000000,0.00000027
S5B,S5/b,0,840000,growth,low,efficient,625000000,0,0.00000000,3285000.00000000,1.00000000,80.0,3285000.00000000,2628000.00000000,0.58000000,0.00000022
S5B,S5/b,0,840000,growth,low,high_cost,625000000,0,0.00000000,3285000.00000000,1.00000000,80.0,3285000.00000000,2628000.00000000,0.90000000,0.00000035
S5B,S5/b,0,840000,growth,base,reference,625000000,10003,0.00160045,3285052.57576800,1.00000000,80.0,3285052.57576800,2628042.06061440,0.70000000,0.00000027
S5B,S5/b,0,840000,growth,base,efficient,625000000,10003,0.00160045,3285052.57576800,1.00000000,80.0,3285052.57576800,2628042.06061440,0.58000000,0.00000022
S5B,S5/b,0,840000,growth,base,high_cost,625000000,10003,0.00160045,3285052.57576800,1.00000000,80.0,3285052.57576800,2628042.06061440,0.90000000,0.00000035
S5B,S5/b,0,840000,growth,high,reference,625000000,290698,0.04649006,3286527.90868800,1.00000000,80.0,3286527.90868800,2629222.32695040,0.70000000,0.00000027
S5B,S5/b,0,840000,growth,high,efficient,625000000,290698,0.04649006,3286527.90868800,1.00000000,80.0,3286527.90868800,2629222.32695040,0.58000000,0.00000022
S5B,S5/b,0,840000,growth,high,high_cost,625000000,290698,0.04649006,3286527.90868800,1.00000000,80.0,3286527.90868800,2629222.32695040,0.90000000,0.00000035
S5B,S5/b,1,1365600,stress,low,reference,625000000,0,0.00000000,3285000.00000000,0.95000000,70.0,3120750.00000000,2184525.00000000,0.70000000,0.00000031
S5B,S5/b,1,1365600,stress,low,efficient,625000000,0,0.00000000,3285000.00000000,0.95000000,70.0,3120750.00000000,2184525.00000000,0.58000000,0.00000025
S5B,S5/b,1,1365600,stress,low,high_cost,625000000,0,0.00000000,3285000.00000000,0.95000000,70.0,3120750.00000000,2184525.00000000,0.90000000,0.00000040
S5B,S5/b,1,1365600,stress,base,reference,625000000,10003,0.00160045,3285052.57576800,0.95000000,70.0,3120799.94697960,2184559.96288572,0.70000000,0.00000031
S5B,S5/b,1,1365600,stress,base,efficient,625000000,10003,0.00160045,3285052.57576800,0.95000000,70.0,3120799.94697960,2184559.96288572,0.58000000,0.00000025
S5B,S5/b,1,1365600,stress,base,high_cost,625000000,10003,0.00160045,3285052.57576800,0.95000000,70.0,3120799.94697960,2184559.96288572,0.90000000,0.00000040
S5B,S5/b,1,1365600,stress,high,reference,625000000,290698,0.04649006,3286527.90868800,0.95000000,70.0,3122201.51325360,2185541.05927752,0.70000000,0.00000031
S5B,S5/b,1,1365600,stress,high,efficient,625000000,290698,0.04649006,3286527.90868800,0.95000000,70.0,3122201.51325360,2185541.05927752,0.58000000,0.00000025
S5B,S5/b,1,1365600,stress,high,high_cost,625000000,290698,0.04649006,3286527.90868800,0.95000000,70.0,3122201.51325360,2185541.05927752,0.90000000,0.00000040
S5B,S5/b,1,1365600,flat,low,reference,625000000,0,0.00000000,3285000.00000000,1.00000000,90.0,3285000.00000000,2956500.00000000,0.70000000,0.00000024
S5B,S5/b,1,1365600,flat,low,efficient,625000000,0,0.00000000,3285000.00000000,1.00000000,90.0,3285000.00000000,2956500.00000000,0.58000000,0.00000020
S5B,S5/b,1,1365600,flat,low,high_cost,625000000,0,0.00000000,3285000.00000000,1.00000000,90.0,3285000.00000000,2956500.00000000,0.90000000,0.00000031
S5B,S5/b,1,1365600,flat,base,reference,625000000,10003,0.00160045,3285052.57576800,1.00000000,90.0,3285052.57576800,2956547.31819120,0.70000000,0.00000024
S5B,S5/b,1,1365600,flat,base,efficient,625000000,10003,0.00160045,3285052.57576800,1.00000000,90.0,3285052.57576800,2956547.31819120,0.58000000,0.00000020
S5B,S5/b,1,1365600,flat,base,high_cost,625000000,10003,0.00160045,3285052.57576800,1.00000000,90.0,3285052.57576800,2956547.31819120,0.90000000,0.00000031
S5B,S5/b,1,1365600,flat,high,reference,625000000,290698,0.04649006,3286527.90868800,1.00000000,90.0,3286527.90868800,2957875.11781920,0.70000000,0.00000024
S5B,S5/b,1,1365600,flat,high,efficient,625000000,290698,0.04649006,3286527.90868800,1.00000000,90.0,3286527.90868800,2957875.11781920,0.58000000,0.00000020
S5B,S5/b,1,1365600,flat,high,high_cost,625000000,290698,0.04649006,3286527.90868800,1.00000000,90.0,3286527.90868800,2957875.11781920,0.90000000,0.00000031
S5B,S5/b,1,1365600,growth,low,reference,625000000,0,0.00000000,3285000.00000000,1.03000000,80.0,3383550.00000000,2706840.00000000,0.70000000,0.00000027
S5B,S5/b,1,1365600,growth,low,efficient,625000000,0,0.00000000,3285000.00000000,1.03000000,80.0,3383550.00000000,2706840.00000000,0.58000000,0.00000022
S5B,S5/b,1,1365600,growth,low,high_cost,625000000,0,0.00000000,3285000.00000000,1.03000000,80.0,3383550.00000000,2706840.00000000,0.90000000,0.00000035
S5B,S5/b,1,1365600,growth,base,reference,625000000,10003,0.00160045,3285052.57576800,1.03000000,80.0,3383604.15304104,2706883.32243283,0.70000000,0.00000027
S5B,S5/b,1,1365600,growth,base,efficient,625000000,10003,0.00160045,3285052.57576800,1.03000000,80.0,3383604.15304104,2706883.32243283,0.58000000,0.00000022
S5B,S5/b,1,1365600,growth,base,high_cost,625000000,10003,0.00160045,3285052.57576800,1.03000000,80.0,3383604.15304104,2706883.32243283,0.90000000,0.00000035
S5B,S5/b,1,1365600,growth,high,reference,625000000,290698,0.04649006,3286527.90868800,1.03000000,80.0,3385123.74594864,2708098.99675891,0.70000000,0.00000027
S5B,S5/b,1,1365600,growth,high,efficient,625000000,290698,0.04649006,3286527.90868800,1.03000000,80.0,3385123.74594864,2708098.99675891,0.58000000,0.00000022
S5B,S5/b,1,1365600,growth,high,high_cost,625000000,290698,0.04649006,3286527.90868800,1.03000000,80.0,3385123.74594864,2708098.99675891,0.90000000,0.00000035
S5B,S5/b,2,1891200,stress,low,reference,625000000,0,0.00000000,3285000.00000000,0.90250000,70.0,2964712.50000000,2075298.75000000,0.70000000,0.00000031
S5B,S5/b,2,1891200,stress,low,efficient,625000000,0,0.00000000,3285000.00000000,0.90250000,70.0,2964712.50000000,2075298.75000000,0.58000000,0.00000025
S5B,S5/b,2,1891200,stress,low,high_cost,625000000,0,0.00000000,3285000.00000000,0.90250000,70.0,2964712.50000000,2075298.75000000,0.90000000,0.00000040
S5B,S5/b,2,1891200,stress,base,reference,625000000,10003,0.00160045,3285052.57576800,0.90250000,70.0,2964759.94963062,2075331.96474143,0.70000000,0.00000031
S5B,S5/b,2,1891200,stress,base,efficient,625000000,10003,0.00160045,3285052.57576800,0.90250000,70.0,2964759.94963062,2075331.96474143,0.58000000,0.00000025
S5B,S5/b,2,1891200,stress,base,high_cost,625000000,10003,0.00160045,3285052.57576800,0.90250000,70.0,2964759.94963062,2075331.96474143,0.90000000,0.00000040
S5B,S5/b,2,1891200,stress,high,reference,625000000,290698,0.04649006,3286527.90868800,0.90250000,70.0,2966091.43759092,2076264.00631364,0.70000000,0.00000031
S5B,S5/b,2,1891200,stress,high,efficient,625000000,290698,0.04649006,3286527.90868800,0.90250000,70.0,2966091.43759092,2076264.00631364,0.58000000,0.00000025
S5B,S5/b,2,1891200,stress,high,high_cost,625000000,290698,0.04649006,3286527.90868800,0.90250000,70.0,2966091.43759092,2076264.00631364,0.90000000,0.00000040
S5B,S5/b,2,1891200,flat,low,reference,625000000,0,0.00000000,3285000.00000000,1.00000000,90.0,3285000.00000000,2956500.00000000,0.70000000,0.00000024
S5B,S5/b,2,1891200,flat,low,efficient,625000000,0,0.00000000,3285000.00000000,1.00000000,90.0,3285000.00000000,2956500.00000000,0.58000000,0.00000020
S5B,S5/b,2,1891200,flat,low,high_cost,625000000,0,0.00000000,3285000.00000000,1.00000000,90.0,3285000.00000000,2956500.00000000,0.90000000,0.00000031
S5B,S5/b,2,1891200,flat,base,reference,625000000,10003,0.00160045,3285052.57576800,1.00000000,90.0,3285052.57576800,2956547.31819120,0.70000000,0.00000024
S5B,S5/b,2,1891200,flat,base,efficient,625000000,10003,0.00160045,3285052.57576800,1.00000000,90.0,3285052.57576800,2956547.31819120,0.58000000,0.00000020
S5B,S5/b,2,1891200,flat,base,high_cost,625000000,10003,0.00160045,3285052.57576800,1.00000000,90.0,3285052.57576800,2956547.31819120,0.90000000,0.00000031
S5B,S5/b,2,1891200,flat,high,reference,625000000,290698,0.04649006,3286527.90868800,1.00000000,90.0,3286527.90868800,2957875.11781920,0.70000000,0.00000024
S5B,S5/b,2,1891200,flat,high,efficient,625000000,290698,0.04649006,3286527.90868800,1.00000000,90.0,3286527.90868800,2957875.11781920,0.58000000,0.00000020
S5B,S5/b,2,1891200,flat,high,high_cost,625000000,290698,0.04649006,3286527.90868800,1.00000000,90.0,3286527.90868800,2957875.11781920,0.90000000,0.00000031
S5B,S5/b,2,1891200,growth,low,reference,625000000,0,0.00000000,3285000.00000000,1.06090000,80.0,3485056.50000000,2788045.20000000,0.70000000,0.00000027
S5B,S5/b,2,1891200,growth,low,efficient,625000000,0,0.00000000,3285000.00000000,1.06090000,80.0,3485056.50000000,2788045.20000000,0.58000000,0.00000022
S5B,S5/b,2,1891200,growth,low,high_cost,625000000,0,0.00000000,3285000.00000000,1.06090000,80.0,3485056.50000000,2788045.20000000,0.90000000,0.00000035
S5B,S5/b,2,1891200,growth,base,reference,625000000,10003,0.00160045,3285052.57576800,1.06090000,80.0,3485112.27763227,2788089.82210582,0.70000000,0.00000027
S5B,S5/b,2,1891200,growth,base,efficient,625000000,10003,0.00160045,3285052.57576800,1.06090000,80.0,3485112.27763227,2788089.82210582,0.58000000,0.00000022
S5B,S5/b,2,1891200,growth,base,high_cost,625000000,10003,0.00160045,3285052.57576800,1.06090000,80.0,3485112.27763227,2788089.82210582,0.90000000,0.00000035
S5B,S5/b,2,1891200,growth,high,reference,625000000,290698,0.04649006,3286527.90868800,1.06090000,80.0,3486677.45832710,2789341.96666168,0.70000000,0.00000027
S5B,S5/b,2,1891200,growth,high,efficient,625000000,290698,0.04649006,3286527.90868800,1.06090000,80.0,3486677.45832710,2789341.96666168,0.58000000,0.00000022
S5B,S5/b,2,1891200,growth,high,high_cost,625000000,290698,0.04649006,3286527.90868800,1.06090000,80.0,3486677.45832710,2789341.96666168,0.90000000,0.00000035
S5B,S5/b,5,3468000,stress,low,reference,312500000,0,0.00000000,1642500.00000000,0.77378094,70.0,1270935.18984375,889654.63289062,0.70000000,0.00000061
S5B,S5/b,5,3468000,stress,low,efficient,312500000,0,0.00000000,1642500.00000000,0.77378094,70.0,1270935.18984375,889654.63289062,0.58000000,0.00000051
S5B,S5/b,5,3468000,stress,low,high_cost,312500000,0,0.00000000,1642500.00000000,0.77378094,70.0,1270935.18984375,889654.63289062,0.90000000,0.00000079
S5B,S5/b,5,3468000,stress,base,reference,312500000,10003,0.00320086,1642552.57576800,0.77378094,70.0,1270975.87197080,889683.11037956,0.70000000,0.00000061
S5B,S5/b,5,3468000,stress,base,efficient,312500000,10003,0.00320086,1642552.57576800,0.77378094,70.0,1270975.87197080,889683.11037956,0.58000000,0.00000051
S5B,S5/b,5,3468000,stress,base,high_cost,312500000,10003,0.00320086,1642552.57576800,0.77378094,70.0,1270975.87197080,889683.11037956,0.90000000,0.00000079
S5B,S5/b,5,3468000,stress,high,reference,312500000,290698,0.09293691,1644027.90868800,0.77378094,70.0,1272117.45646077,890482.21952254,0.70000000,0.00000061
S5B,S5/b,5,3468000,stress,high,efficient,312500000,290698,0.09293691,1644027.90868800,0.77378094,70.0,1272117.45646077,890482.21952254,0.58000000,0.00000051
S5B,S5/b,5,3468000,stress,high,high_cost,312500000,290698,0.09293691,1644027.90868800,0.77378094,70.0,1272117.45646077,890482.21952254,0.90000000,0.00000079
S5B,S5/b,5,3468000,flat,low,reference,312500000,0,0.00000000,1642500.00000000,1.00000000,90.0,1642500.00000000,1478250.00000000,0.70000000,0.00000048
S5B,S5/b,5,3468000,flat,low,efficient,312500000,0,0.00000000,1642500.00000000,1.00000000,90.0,1642500.00000000,1478250.00000000,0.58000000,0.00000040
S5B,S5/b,5,3468000,flat,low,high_cost,312500000,0,0.00000000,1642500.00000000,1.00000000,90.0,1642500.00000000,1478250.00000000,0.90000000,0.00000061
S5B,S5/b,5,3468000,flat,base,reference,312500000,10003,0.00320086,1642552.57576800,1.00000000,90.0,1642552.57576800,1478297.31819120,0.70000000,0.00000048
S5B,S5/b,5,3468000,flat,base,efficient,312500000,10003,0.00320086,1642552.57576800,1.00000000,90.0,1642552.57576800,1478297.31819120,0.58000000,0.00000040
S5B,S5/b,5,3468000,flat,base,high_cost,312500000,10003,0.00320086,1642552.57576800,1.00000000,90.0,1642552.57576800,1478297.31819120,0.90000000,0.00000061
S5B,S5/b,5,3468000,flat,high,reference,312500000,290698,0.09293691,1644027.90868800,1.00000000,90.0,1644027.90868800,1479625.11781920,0.70000000,0.00000048
S5B,S5/b,5,3468000,flat,high,efficient,312500000,290698,0.09293691,1644027.90868800,1.00000000,90.0,1644027.90868800,1479625.11781920,0.58000000,0.00000040
S5B,S5/b,5,3468000,flat,high,high_cost,312500000,290698,0.09293691,1644027.90868800,1.00000000,90.0,1644027.90868800,1479625.11781920,0.90000000,0.00000061
S5B,S5/b,5,3468000,growth,low,reference,312500000,0,0.00000000,1642500.00000000,1.15927407,80.0,1904107.66703775,1523286.13363020,0.70000000,0.00000054
S5B,S5/b,5,3468000,growth,low,efficient,312500000,0,0.00000000,1642500.00000000,1.15927407,80.0,1904107.66703775,1523286.13363020,0.58000000,0.00000045
S5B,S5/b,5,3468000,growth,low,high_cost,312500000,0,0.00000000,1642500.00000000,1.15927407,80.0,1904107.66703775,1523286.13363020,0.90000000,0.00000069
S5B,S5/b,5,3468000,growth,base,reference,312500000,10003,0.00320086,1642552.57576800,1.15927407,80.0,1904168.61676253,1523334.89341002,0.70000000,0.00000054
S5B,S5/b,5,3468000,growth,base,efficient,312500000,10003,0.00320086,1642552.57576800,1.15927407,80.0,1904168.61676253,1523334.89341002,0.58000000,0.00000045
S5B,S5/b,5,3468000,growth,base,high_cost,312500000,10003,0.00320086,1642552.57576800,1.15927407,80.0,1904168.61676253,1523334.89341002,0.90000000,0.00000069
S5B,S5/b,5,3468000,growth,high,reference,312500000,290698,0.09293691,1644027.90868800,1.15927407,80.0,1905878.93196765,1524703.14557412,0.70000000,0.00000054
S5B,S5/b,5,3468000,growth,high,efficient,312500000,290698,0.09293691,1644027.90868800,1.15927407,80.0,1905878.93196765,1524703.14557412,0.58000000,0.00000045
S5B,S5/b,5,3468000,growth,high,high_cost,312500000,290698,0.09293691,1644027.90868800,1.15927407,80.0,1905878.93196765,1524703.14557412,0.90000000,0.00000069
S5B,S5/b,10,6096000,stress,low,reference,156250000,0,0.00000000,821250.00000000,0.59873694,70.0,491712.71134952,344198.89794466,0.70000000,0.00000123
S5B,S5/b,10,6096000,stress,low,efficient,156250000,0,0.00000000,821250.00000000,0.59873694,70.0,491712.71134952,344198.89794466,0.58000000,0.00000102
S5B,S5/b,10,6096000,stress,low,high_cost,156250000,0,0.00000000,821250.00000000,0.59873694,70.0,491712.71134952,344198.89794466,0.90000000,0.00000158
S5B,S5/b,10,6096000,stress,base,reference,156250000,10003,0.00640151,821302.57576800,0.59873694,70.0,491744.19040393,344220.93328275,0.70000000,0.00000123
S5B,S5/b,10,6096000,stress,base,efficient,156250000,10003,0.00640151,821302.57576800,0.59873694,70.0,491744.19040393,344220.93328275,0.58000000,0.00000102
S5B,S5/b,10,6096000,stress,base,high_cost,156250000,10003,0.00640151,821302.57576800,0.59873694,70.0,491744.19040393,344220.93328275,0.90000000,0.00000158
S5B,S5/b,10,6096000,stress,high,reference,156250000,290698,0.18570123,822777.90868800,0.59873694,70.0,492627.52672081,344839.26870457,0.70000000,0.00000123
S5B,S5/b,10,6096000,stress,high,efficient,156250000,290698,0.18570123,822777.90868800,0.59873694,70.0,492627.52672081,344839.26870457,0.58000000,0.00000102
S5B,S5/b,10,6096000,stress,high,high_cost,156250000,290698,0.18570123,822777.90868800,0.59873694,70.0,492627.52672081,344839.26870457,0.90000000,0.00000158
S5B,S5/b,10,6096000,flat,low,reference,156250000,0,0.00000000,821250.00000000,1.00000000,90.0,821250.00000000,739125.00000000,0.70000000,0.00000096
S5B,S5/b,10,6096000,flat,low,efficient,156250000,0,0.00000000,821250.00000000,1.00000000,90.0,821250.00000000,739125.00000000,0.58000000,0.00000079
S5B,S5/b,10,6096000,flat,low,high_cost,156250000,0,0.00000000,821250.00000000,1.00000000,90.0,821250.00000000,739125.00000000,0.90000000,0.00000123
S5B,S5/b,10,6096000,flat,base,reference,156250000,10003,0.00640151,821302.57576800,1.00000000,90.0,821302.57576800,739172.31819120,0.70000000,0.00000096
S5B,S5/b,10,6096000,flat,base,efficient,156250000,10003,0.00640151,821302.57576800,1.00000000,90.0,821302.57576800,739172.31819120,0.58000000,0.00000079
S5B,S5/b,10,6096000,flat,base,high_cost,156250000,10003,0.00640151,821302.57576800,1.00000000,90.0,821302.57576800,739172.31819120,0.90000000,0.00000123
S5B,S5/b,10,6096000,flat,high,reference,156250000,290698,0.18570123,822777.90868800,1.00000000,90.0,822777.90868800,740500.11781920,0.70000000,0.00000095
S5B,S5/b,10,6096000,flat,high,efficient,156250000,290698,0.18570123,822777.90868800,1.00000000,90.0,822777.90868800,740500.11781920,0.58000000,0.00000079
S5B,S5/b,10,6096000,flat,high,high_cost,156250000,290698,0.18570123,822777.90868800,1.00000000,90.0,822777.90868800,740500.11781920,0.90000000,0.00000123
S5B,S5/b,10,6096000,growth,low,reference,156250000,0,0.00000000,821250.00000000,1.34391638,80.0,1103691.32653636,882953.06122909,0.70000000,0.00000108
S5B,S5/b,10,6096000,growth,low,efficient,156250000,0,0.00000000,821250.00000000,1.34391638,80.0,1103691.32653636,882953.06122909,0.58000000,0.00000089
S5B,S5/b,10,6096000,growth,low,high_cost,156250000,0,0.00000000,821250.00000000,1.34391638,80.0,1103691.32653636,882953.06122909,0.90000000,0.00000138
S5B,S5/b,10,6096000,growth,base,reference,156250000,10003,0.00640151,821302.57576800,1.34391638,80.0,1103761.98397213,883009.58717771,0.70000000,0.00000108
S5B,S5/b,10,6096000,growth,base,efficient,156250000,10003,0.00640151,821302.57576800,1.34391638,80.0,1103761.98397213,883009.58717771,0.58000000,0.00000089
S5B,S5/b,10,6096000,growth,base,high_cost,156250000,10003,0.00640151,821302.57576800,1.34391638,80.0,1103761.98397213,883009.58717771,0.90000000,0.00000138
S5B,S5/b,10,6096000,growth,high,reference,156250000,290698,0.18570123,822777.90868800,1.34391638,80.0,1105744.70804831,884595.76643864,0.70000000,0.00000107
S5B,S5/b,10,6096000,growth,high,efficient,156250000,290698,0.18570123,822777.90868800,1.34391638,80.0,1105744.70804831,884595.76643864,0.58000000,0.00000089
S5B,S5/b,10,6096000,growth,high,high_cost,156250000,290698,0.18570123,822777.90868800,1.34391638,80.0,1105744.70804831,884595.76643864,0.90000000,0.00000138
S5B,S5/b,25,13980000,stress,low,reference,9765625,0,0.00000000,51328.12500000,0.27738957,70.0,14237.88668289,9966.52067803,0.70000000,0.00001968
S5B,S5/b,25,13980000,stress,low,efficient,9765625,0,0.00000000,51328.12500000,0.27738957,70.0,14237.88668289,9966.52067803,0.58000000,0.00001631
S5B,S5/b,25,13980000,stress,low,high_cost,9765625,0,0.00000000,51328.12500000,0.27738957,70.0,14237.88668289,9966.52067803,0.90000000,0.00002530
S5B,S5/b,25,13980000,stress,base,reference,9765625,10003,0.10232591,51380.70076800,0.27738957,70.0,14252.47065274,9976.72945692,0.70000000,0.00001966
S5B,S5/b,25,13980000,stress,base,efficient,9765625,10003,0.10232591,51380.70076800,0.27738957,70.0,14252.47065274,9976.72945692,0.58000000,0.00001629
S5B,S5/b,25,13980000,stress,base,high_cost,9765625,10003,0.10232591,51380.70076800,0.27738957,70.0,14252.47065274,9976.72945692,0.90000000,0.00002528
S5B,S5/b,25,13980000,stress,high,reference,9765625,290698,2.89069872,52856.03368800,0.27738957,70.0,14661.71262163,10263.19883514,0.70000000,0.00001911
S5B,S5/b,25,13980000,stress,high,efficient,9765625,290698,2.89069872,52856.03368800,0.27738957,70.0,14661.71262163,10263.19883514,0.58000000,0.00001583
S5B,S5/b,25,13980000,stress,high,high_cost,9765625,290698,2.89069872,52856.03368800,0.27738957,70.0,14661.71262163,10263.19883514,0.90000000,0.00002457
S5B,S5/b,25,13980000,flat,low,reference,9765625,0,0.00000000,51328.12500000,1.00000000,90.0,51328.12500000,46195.31250000,0.70000000,0.00001531
S5B,S5/b,25,13980000,flat,low,efficient,9765625,0,0.00000000,51328.12500000,1.00000000,90.0,51328.12500000,46195.31250000,0.58000000,0.00001268
S5B,S5/b,25,13980000,flat,low,high_cost,9765625,0,0.00000000,51328.12500000,1.00000000,90.0,51328.12500000,46195.31250000,0.90000000,0.00001968
S5B,S5/b,25,13980000,flat,base,reference,9765625,10003,0.10232591,51380.70076800,1.00000000,90.0,51380.70076800,46242.63069120,0.70000000,0.00001529
S5B,S5/b,25,13980000,flat,base,efficient,9765625,10003,0.10232591,51380.70076800,1.00000000,90.0,51380.70076800,46242.63069120,0.58000000,0.00001267
S5B,S5/b,25,13980000,flat,base,high_cost,9765625,10003,0.10232591,51380.70076800,1.00000000,90.0,51380.70076800,46242.63069120,0.90000000,0.00001966
S5B,S5/b,25,13980000,flat,high,reference,9765625,290698,2.89069872,52856.03368800,1.00000000,90.0,52856.03368800,47570.43031920,0.70000000,0.00001486
S5B,S5/b,25,13980000,flat,high,efficient,9765625,290698,2.89069872,52856.03368800,1.00000000,90.0,52856.03368800,47570.43031920,0.58000000,0.00001232
S5B,S5/b,25,13980000,flat,high,high_cost,9765625,290698,2.89069872,52856.03368800,1.00000000,90.0,52856.03368800,47570.43031920,0.90000000,0.00001911
S5B,S5/b,25,13980000,growth,low,reference,9765625,0,0.00000000,51328.12500000,2.09377793,80.0,107469.69529553,85975.75623643,0.70000000,0.00001722
S5B,S5/b,25,13980000,growth,low,efficient,9765625,0,0.00000000,51328.12500000,2.09377793,80.0,107469.69529553,85975.75623643,0.58000000,0.00001427
S5B,S5/b,25,13980000,growth,low,high_cost,9765625,0,0.00000000,51328.12500000,2.09377793,80.0,107469.69529553,85975.75623643,0.90000000,0.00002214
S5B,S5/b,25,13980000,growth,base,reference,9765625,10003,0.10232591,51380.70076800,2.09377793,80.0,107579.77727821,86063.82182256,0.70000000,0.00001720
S5B,S5/b,25,13980000,growth,base,efficient,9765625,10003,0.10232591,51380.70076800,2.09377793,80.0,107579.77727821,86063.82182256,0.58000000,0.00001425
S5B,S5/b,25,13980000,growth,base,high_cost,9765625,10003,0.10232591,51380.70076800,2.09377793,80.0,107579.77727821,86063.82182256,0.90000000,0.00002212
S5B,S5/b,25,13980000,growth,high,reference,9765625,290698,2.89069872,52856.03368800,2.09377793,80.0,110668.79678499,88535.03742800,0.70000000,0.00001672
S5B,S5/b,25,13980000,growth,high,efficient,9765625,290698,2.89069872,52856.03368800,2.09377793,80.0,110668.79678499,88535.03742800,0.58000000,0.00001386
S5B,S5/b,25,13980000,growth,high,high_cost,9765625,290698,2.89069872,52856.03368800,2.09377793,80.0,110668.79678499,88535.03742800,0.90000000,0.00002150
S5B,S5/b,50,27120000,stress,low,reference,152587,0,0.00000000,801.99727200,0.07694498,70.0,61.70966027,43.19676219,0.70000000,0.00125948
S5B,S5/b,50,27120000,stress,low,efficient,152587,0,0.00000000,801.99727200,0.07694498,70.0,61.70966027,43.19676219,0.58000000,0.00104357
S5B,S5/b,50,27120000,stress,low,high_cost,152587,0,0.00000000,801.99727200,0.07694498,70.0,61.70966027,43.19676219,0.90000000,0.00161933
S5B,S5/b,50,27120000,stress,base,reference,152587,10003,6.15228489,854.57304000,0.07694498,70.0,65.75510143,46.02857100,0.70000000,0.00118199
S5B,S5/b,50,27120000,stress,base,efficient,152587,10003,6.15228489,854.57304000,0.07694498,70.0,65.75510143,46.02857100,0.58000000,0.00097937
S5B,S5/b,50,27120000,stress,base,high_cost,152587,10003,6.15228489,854.57304000,0.07694498,70.0,65.75510143,46.02857100,0.90000000,0.00151971
S5B,S5/b,50,27120000,stress,high,reference,152587,290698,65.57812694,2329.90596000,0.07694498,70.0,179.27455649,125.49218954,0.70000000,0.00043354
S5B,S5/b,50,27120000,stress,high,efficient,152587,290698,65.57812694,2329.90596000,0.07694498,70.0,179.27455649,125.49218954,0.58000000,0.00035922
S5B,S5/b,50,27120000,stress,high,high_cost,152587,290698,65.57812694,2329.90596000,0.07694498,70.0,179.27455649,125.49218954,0.90000000,0.00055741
S5B,S5/b,50,27120000,flat,low,reference,152587,0,0.00000000,801.99727200,1.00000000,90.0,801.99727200,721.79754480,0.70000000,0.00097960
S5B,S5/b,50,27120000,flat,low,efficient,152587,0,0.00000000,801.99727200,1.00000000,90.0,801.99727200,721.79754480,0.58000000,0.00081167
S5B,S5/b,50,27120000,flat,low,high_cost,152587,0,0.00000000,801.99727200,1.00000000,90.0,801.99727200,721.79754480,0.90000000,0.00125948
S5B,S5/b,50,27120000,flat,base,reference,152587,10003,6.15228489,854.57304000,1.00000000,90.0,854.57304000,769.11573600,0.70000000,0.00091933
S5B,S5/b,50,27120000,flat,base,efficient,152587,10003,6.15228489,854.57304000,1.00000000,90.0,854.57304000,769.11573600,0.58000000,0.00076173
S5B,S5/b,50,27120000,flat,base,high_cost,152587,10003,6.15228489,854.57304000,1.00000000,90.0,854.57304000,769.11573600,0.90000000,0.00118199
S5B,S5/b,50,27120000,flat,high,reference,152587,290698,65.57812694,2329.90596000,1.00000000,90.0,2329.90596000,2096.91536400,0.70000000,0.00033720
S5B,S5/b,50,27120000,flat,high,efficient,152587,290698,65.57812694,2329.90596000,1.00000000,90.0,2329.90596000,2096.91536400,0.58000000,0.00027939
S5B,S5/b,50,27120000,flat,high,high_cost,152587,290698,65.57812694,2329.90596000,1.00000000,90.0,2329.90596000,2096.91536400,0.90000000,0.00043354
S5B,S5/b,50,27120000,growth,low,reference,152587,0,0.00000000,801.99727200,4.38390602,80.0,3515.88066771,2812.70453417,0.70000000,0.00110205
S5B,S5/b,50,27120000,growth,low,efficient,152587,0,0.00000000,801.99727200,4.38390602,80.0,3515.88066771,2812.70453417,0.58000000,0.00091312
S5B,S5/b,50,27120000,growth,low,high_cost,152587,0,0.00000000,801.99727200,4.38390602,80.0,3515.88066771,2812.70453417,0.90000000,0.00141692
S5B,S5/b,50,27120000,growth,base,reference,152587,10003,6.15228489,854.57304000,4.38390602,80.0,3746.36789348,2997.09431478,0.70000000,0.00103425
S5B,S5/b,50,27120000,growth,base,efficient,152587,10003,6.15228489,854.57304000,4.38390602,80.0,3746.36789348,2997.09431478,0.58000000,0.00085695
S5B,S5/b,50,27120000,growth,base,high_cost,152587,10003,6.15228489,854.57304000,4.38390602,80.0,3746.36789348,2997.09431478,0.90000000,0.00132974
S5B,S5/b,50,27120000,growth,high,reference,152587,290698,65.57812694,2329.90596000,4.38390602,80.0,10214.08876107,8171.27100885,0.70000000,0.00037935
S5B,S5/b,50,27120000,growth,high,efficient,152587,290698,65.57812694,2329.90596000,4.38390602,80.0,10214.08876107,8171.27100885,0.58000000,0.00031431
S5B,S5/b,50,27120000,growth,high,high_cost,152587,290698,65.57812694,2329.90596000,4.38390602,80.0,10214.08876107,8171.27100885,0.90000000,0.00048773
S5B,S5/b,100,53400000,stress,low,reference,18,0,0.00000000,0.09460800,0.00592053,70.0,0.00056013,0.00039209,0.70000000,10.67669764
S5B,S5/b,100,53400000,stress,low,efficient,18,0,0.00000000,0.09460800,0.00592053,70.0,0.00056013,0.00039209,0.58000000,8.84640661
S5B,S5/b,100,53400000,stress,low,high_cost,18,0,0.00000000,0.09460800,0.00592053,70.0,0.00056013,0.00039209,0.90000000,13.72718268
S5B,S5/b,100,53400000,stress,base,reference,18,10003,99.82037721,52.67037600,0.00592053,70.0,0.31183650,0.21828555,0.70000000,0.01917778
S5B,S5/b,100,53400000,stress,base,efficient,18,10003,99.82037721,52.67037600,0.00592053,70.0,0.31183650,0.21828555,0.58000000,0.01589016
S5B,S5/b,100,53400000,stress,base,high_cost,18,10003,99.82037721,52.67037600,0.00592053,70.0,0.31183650,0.21828555,0.90000000,0.02465715
S5B,S5/b,100,53400000,stress,high,reference,18,290698,99.99380839,1528.00329600,0.00592053,70.0,9.04658816,6.33261171,0.70000000,0.00066106
S5B,S5/b,100,53400000,stress,high,efficient,18,290698,99.99380839,1528.00329600,0.00592053,70.0,9.04658816,6.33261171,0.58000000,0.00054773
S5B,S5/b,100,53400000,stress,high,high_cost,18,290698,99.99380839,1528.00329600,0.00592053,70.0,9.04658816,6.33261171,0.90000000,0.00084993
S5B,S5/b,100,53400000,flat,low,reference,18,0,0.00000000,0.09460800,1.00000000,90.0,0.09460800,0.08514720,0.70000000,8.30409816
S5B,S5/b,100,53400000,flat,low,efficient,18,0,0.00000000,0.09460800,1.00000000,90.0,0.09460800,0.08514720,0.58000000,6.88053848
S5B,S5/b,100,53400000,flat,low,high_cost,18,0,0.00000000,0.09460800,1.00000000,90.0,0.09460800,0.08514720,0.90000000,10.67669764
S5B,S5/b,100,53400000,flat,base,reference,18,10003,99.82037721,52.67037600,1.00000000,90.0,52.67037600,47.40333840,0.70000000,0.01491605
S5B,S5/b,100,53400000,flat,base,efficient,18,10003,99.82037721,52.67037600,1.00000000,90.0,52.67037600,47.40333840,0.58000000,0.01235902
S5B,S5/b,100,53400000,flat,base,high_cost,18,10003,99.82037721,52.67037600,1.00000000,90.0,52.67037600,47.40333840,0.90000000,0.01917778
S5B,S5/b,100,53400000,flat,high,reference,18,290698,99.99380839,1528.00329600,1.00000000,90.0,1528.00329600,1375.20296640,0.70000000,0.00051416
S5B,S5/b,100,53400000,flat,high,efficient,18,290698,99.99380839,1528.00329600,1.00000000,90.0,1528.00329600,1375.20296640,0.58000000,0.00042602
S5B,S5/b,100,53400000,flat,high,high_cost,18,290698,99.99380839,1528.00329600,1.00000000,90.0,1528.00329600,1375.20296640,0.90000000,0.00066106
S5B,S5/b,100,53400000,growth,low,reference,18,0,0.00000000,0.09460800,19.21863198,80.0,1.81823633,1.45458907,0.70000000,9.34211043
S5B,S5/b,100,53400000,growth,low,efficient,18,0,0.00000000,0.09460800,19.21863198,80.0,1.81823633,1.45458907,0.58000000,7.74060579
S5B,S5/b,100,53400000,growth,low,high_cost,18,0,0.00000000,0.09460800,19.21863198,80.0,1.81823633,1.45458907,0.90000000,12.01128484
S5B,S5/b,100,53400000,growth,base,reference,18,10003,99.82037721,52.67037600,19.21863198,80.0,1012.25257264,809.80205811,0.70000000,0.01678056
S5B,S5/b,100,53400000,growth,base,efficient,18,10003,99.82037721,52.67037600,19.21863198,80.0,1012.25257264,809.80205811,0.58000000,0.01390389
S5B,S5/b,100,53400000,growth,base,high_cost,18,10003,99.82037721,52.67037600,19.21863198,80.0,1012.25257264,809.80205811,0.90000000,0.02157501
S5B,S5/b,100,53400000,growth,high,reference,18,290698,99.99380839,1528.00329600,19.21863198,80.0,29366.13301136,23492.90640909,0.70000000,0.00057843
S5B,S5/b,100,53400000,growth,high,efficient,18,290698,99.99380839,1528.00329600,19.21863198,80.0,29366.13301136,23492.90640909,0.58000000,0.00047927
S5B,S5/b,100,53400000,growth,high,high_cost,18,290698,99.99380839,1528.00329600,19.21863198,80.0,29366.13301136,23492.90640909,0.90000000,0.00074369
S5B,S5/b,250,132240000,stress,low,reference,0,0,0.00000000,0.00000000,0.00000270,70.0,0.00000000,0.00000000,0.70000000,0.00000000
S5B,S5/b,250,132240000,stress,low,efficient,0,0,0.00000000,0.00000000,0.00000270,70.0,0.00000000,0.00000000,0.58000000,0.00000000
S5B,S5/b,250,132240000,stress,low,high_cost,0,0,0.00000000,0.00000000,0.00000270,70.0,0.00000000,0.00000000,0.90000000,0.00000000
S5B,S5/b,250,132240000,stress,base,reference,0,10003,100.00000000,52.57576800,0.00000270,70.0,0.00014180,0.00009926,0.70000000,0.01921229
S5B,S5/b,250,132240000,stress,base,efficient,0,10003,100.00000000,52.57576800,0.00000270,70.0,0.00014180,0.00009926,0.58000000,0.01591876
S5B,S5/b,250,132240000,stress,base,high_cost,0,10003,100.00000000,52.57576800,0.00000270,70.0,0.00014180,0.00009926,0.90000000,0.02470152
S5B,S5/b,250,132240000,stress,high,reference,0,290698,100.00000000,1527.90868800,0.00000270,70.0,0.00412096,0.00288467,0.70000000,0.00066110
S5B,S5/b,250,132240000,stress,high,efficient,0,290698,100.00000000,1527.90868800,0.00000270,70.0,0.00412096,0.00288467,0.58000000,0.00054777
S5B,S5/b,250,132240000,stress,high,high_cost,0,290698,100.00000000,1527.90868800,0.00000270,70.0,0.00412096,0.00288467,0.90000000,0.00084999
S5B,S5/b,250,132240000,flat,low,reference,0,0,0.00000000,0.00000000,1.00000000,90.0,0.00000000,0.00000000,0.70000000,0.00000000
S5B,S5/b,250,132240000,flat,low,efficient,0,0,0.00000000,0.00000000,1.00000000,90.0,0.00000000,0.00000000,0.58000000,0.00000000
S5B,S5/b,250,132240000,flat,low,high_cost,0,0,0.00000000,0.00000000,1.00000000,90.0,0.00000000,0.00000000,0.90000000,0.00000000
S5B,S5/b,250,132240000,flat,base,reference,0,10003,100.00000000,52.57576800,1.00000000,90.0,52.57576800,47.31819120,0.70000000,0.01494289
S5B,S5/b,250,132240000,flat,base,efficient,0,10003,100.00000000,52.57576800,1.00000000,90.0,52.57576800,47.31819120,0.58000000,0.01238125
S5B,S5/b,250,132240000,flat,base,high_cost,0,10003,100.00000000,52.57576800,1.00000000,90.0,52.57576800,47.31819120,0.90000000,0.01921229
S5B,S5/b,250,132240000,flat,high,reference,0,290698,100.00000000,1527.90868800,1.00000000,90.0,1527.90868800,1375.11781920,0.70000000,0.00051419
S5B,S5/b,250,132240000,flat,high,efficient,0,290698,100.00000000,1527.90868800,1.00000000,90.0,1527.90868800,1375.11781920,0.58000000,0.00042604
S5B,S5/b,250,132240000,flat,high,high_cost,0,290698,100.00000000,1527.90868800,1.00000000,90.0,1527.90868800,1375.11781920,0.90000000,0.00066110
S5B,S5/b,250,132240000,growth,low,reference,0,0,0.00000000,0.00000000,1619.22118137,80.0,0.00000000,0.00000000,0.70000000,0.00000000
S5B,S5/b,250,132240000,growth,low,efficient,0,0,0.00000000,0.00000000,1619.22118137,80.0,0.00000000,0.00000000,0.58000000,0.00000000
S5B,S5/b,250,132240000,growth,low,high_cost,0,0,0.00000000,0.00000000,1619.22118137,80.0,0.00000000,0.00000000,0.90000000,0.00000000
S5B,S5/b,250,132240000,growth,base,reference,0,10003,100.00000000,52.57576800,1619.22118137,80.0,85131.79717229,68105.43773784,0.70000000,0.01681076
S5B,S5/b,250,132240000,growth,base,efficient,0,10003,100.00000000,52.57576800,1619.22118137,80.0,85131.79717229,68105.43773784,0.58000000,0.01392891
S5B,S5/b,250,132240000,growth,base,high_cost,0,10003,100.00000000,52.57576800,1619.22118137,80.0,85131.79717229,68105.43773784,0.90000000,0.02161383
S5B,S5/b,250,132240000,growth,high,reference,0,290698,100.00000000,1527.90868800,1619.22118137,80.0,2474022.11080593,1979217.68864474,0.70000000,0.00057846
S5B,S5/b,250,132240000,growth,high,efficient,0,290698,100.00000000,1527.90868800,1619.22118137,80.0,2474022.11080593,1979217.68864474,0.58000000,0.00047930
S5B,S5/b,250,132240000,growth,high,high_cost,0,290698,100.00000000,1527.90868800,1619.22118137,80.0,2474022.11080593,1979217.68864474,0.90000000,0.00074374
S5B,S5/b,500,263640000,stress,low,reference,0,0,0.00000000,0.00000000,0.00000000,70.0,0.00000000,0.00000000,0.70000000,0.00000000
S5B,S5/b,500,263640000,stress,low,efficient,0,0,0.00000000,0.00000000,0.00000000,70.0,0.00000000,0.00000000,0.58000000,0.00000000
S5B,S5/b,500,263640000,stress,low,high_cost,0,0,0.00000000,0.00000000,0.00000000,70.0,0.00000000,0.00000000,0.90000000,0.00000000
S5B,S5/b,500,263640000,stress,base,reference,0,10003,100.00000000,52.57576800,0.00000000,70.0,0.00000000,0.00000000,0.70000000,0.01921229
S5B,S5/b,500,263640000,stress,base,efficient,0,10003,100.00000000,52.57576800,0.00000000,70.0,0.00000000,0.00000000,0.58000000,0.01591876
S5B,S5/b,500,263640000,stress,base,high_cost,0,10003,100.00000000,52.57576800,0.00000000,70.0,0.00000000,0.00000000,0.90000000,0.02470152
S5B,S5/b,500,263640000,stress,high,reference,0,290698,100.00000000,1527.90868800,0.00000000,70.0,0.00000001,0.00000001,0.70000000,0.00066110
S5B,S5/b,500,263640000,stress,high,efficient,0,290698,100.00000000,1527.90868800,0.00000000,70.0,0.00000001,0.00000001,0.58000000,0.00054777
S5B,S5/b,500,263640000,stress,high,high_cost,0,290698,100.00000000,1527.90868800,0.00000000,70.0,0.00000001,0.00000001,0.90000000,0.00084999
S5B,S5/b,500,263640000,flat,low,reference,0,0,0.00000000,0.00000000,1.00000000,90.0,0.00000000,0.00000000,0.70000000,0.00000000
S5B,S5/b,500,263640000,flat,low,efficient,0,0,0.00000000,0.00000000,1.00000000,90.0,0.00000000,0.00000000,0.58000000,0.00000000
S5B,S5/b,500,263640000,flat,low,high_cost,0,0,0.00000000,0.00000000,1.00000000,90.0,0.00000000,0.00000000,0.90000000,0.00000000
S5B,S5/b,500,263640000,flat,base,reference,0,10003,100.00000000,52.57576800,1.00000000,90.0,52.57576800,47.31819120,0.70000000,0.01494289
S5B,S5/b,500,263640000,flat,base,efficient,0,10003,100.00000000,52.57576800,1.00000000,90.0,52.57576800,47.31819120,0.58000000,0.01238125
S5B,S5/b,500,263640000,flat,base,high_cost,0,10003,100.00000000,52.57576800,1.00000000,90.0,52.57576800,47.31819120,0.90000000,0.01921229
S5B,S5/b,500,263640000,flat,high,reference,0,290698,100.00000000,1527.90868800,1.00000000,90.0,1527.90868800,1375.11781920,0.70000000,0.00051419
S5B,S5/b,500,263640000,flat,high,efficient,0,290698,100.00000000,1527.90868800,1.00000000,90.0,1527.90868800,1375.11781920,0.58000000,0.00042604
S5B,S5/b,500,263640000,flat,high,high_cost,0,290698,100.00000000,1527.90868800,1.00000000,90.0,1527.90868800,1375.11781920,0.90000000,0.00066110
S5B,S5/b,500,263640000,growth,low,reference,0,0,0.00000000,0.00000000,2621877.23419108,80.0,0.00000000,0.00000000,0.70000000,0.00000000
S5B,S5/b,500,263640000,growth,low,efficient,0,0,0.00000000,0.00000000,2621877.23419108,80.0,0.00000000,0.00000000,0.58000000,0.00000000
S5B,S5/b,500,263640000,growth,low,high_cost,0,0,0.00000000,0.00000000,2621877.23419108,80.0,0.00000000,0.00000000,0.90000000,0.00000000
S5B,S5/b,500,263640000,growth,base,reference,0,10003,100.00000000,52.57576800,2621877.23419108,80.0,137847209.18931171,110277767.35144937,0.70000000,0.01681076
S5B,S5/b,500,263640000,growth,base,efficient,0,10003,100.00000000,52.57576800,2621877.23419108,80.0,137847209.18931171,110277767.35144937,0.58000000,0.01392891
S5B,S5/b,500,263640000,growth,base,high_cost,0,10003,100.00000000,52.57576800,2621877.23419108,80.0,137847209.18931171,110277767.35144937,0.90000000,0.02161383
S5B,S5/b,500,263640000,growth,high,reference,0,290698,100.00000000,1527.90868800,2621877.23419108,80.0,4005989004.98995656,3204791203.99196525,0.70000000,0.00057846
S5B,S5/b,500,263640000,growth,high,efficient,0,290698,100.00000000,1527.90868800,2621877.23419108,80.0,4005989004.98995656,3204791203.99196525,0.58000000,0.00047930
S5B,S5/b,500,263640000,growth,high,high_cost,0,290698,100.00000000,1527.90868800,2621877.23419108,80.0,4005989004.98995656,3204791203.99196525,0.90000000,0.00074374
S6a,S6/a,0,840000,stress,low,reference,400000000,0,0.00000000,2102400.00000000,1.00000000,70.0,2102400.00000000,1471680.00000000,0.70000000,0.00000048
S6a,S6/a,0,840000,stress,low,efficient,400000000,0,0.00000000,2102400.00000000,1.00000000,70.0,2102400.00000000,1471680.00000000,0.58000000,0.00000040
S6a,S6/a,0,840000,stress,low,high_cost,400000000,0,0.00000000,2102400.00000000,1.00000000,70.0,2102400.00000000,1471680.00000000,0.90000000,0.00000062
S6a,S6/a,0,840000,stress,base,reference,400000000,10003,0.00250069,2102452.57576800,1.00000000,70.0,2102452.57576800,1471716.80303760,0.70000000,0.00000048
S6a,S6/a,0,840000,stress,base,efficient,400000000,10003,0.00250069,2102452.57576800,1.00000000,70.0,2102452.57576800,1471716.80303760,0.58000000,0.00000040
S6a,S6/a,0,840000,stress,base,high_cost,400000000,10003,0.00250069,2102452.57576800,1.00000000,70.0,2102452.57576800,1471716.80303760,0.90000000,0.00000062
S6a,S6/a,0,840000,stress,high,reference,400000000,290698,0.07262172,2103927.90868800,1.00000000,70.0,2103927.90868800,1472749.53608160,0.70000000,0.00000048
S6a,S6/a,0,840000,stress,high,efficient,400000000,290698,0.07262172,2103927.90868800,1.00000000,70.0,2103927.90868800,1472749.53608160,0.58000000,0.00000040
S6a,S6/a,0,840000,stress,high,high_cost,400000000,290698,0.07262172,2103927.90868800,1.00000000,70.0,2103927.90868800,1472749.53608160,0.90000000,0.00000062
S6a,S6/a,0,840000,flat,low,reference,400000000,0,0.00000000,2102400.00000000,1.00000000,90.0,2102400.00000000,1892160.00000000,0.70000000,0.00000037
S6a,S6/a,0,840000,flat,low,efficient,400000000,0,0.00000000,2102400.00000000,1.00000000,90.0,2102400.00000000,1892160.00000000,0.58000000,0.00000031
S6a,S6/a,0,840000,flat,low,high_cost,400000000,0,0.00000000,2102400.00000000,1.00000000,90.0,2102400.00000000,1892160.00000000,0.90000000,0.00000048
S6a,S6/a,0,840000,flat,base,reference,400000000,10003,0.00250069,2102452.57576800,1.00000000,90.0,2102452.57576800,1892207.31819120,0.70000000,0.00000037
S6a,S6/a,0,840000,flat,base,efficient,400000000,10003,0.00250069,2102452.57576800,1.00000000,90.0,2102452.57576800,1892207.31819120,0.58000000,0.00000031
S6a,S6/a,0,840000,flat,base,high_cost,400000000,10003,0.00250069,2102452.57576800,1.00000000,90.0,2102452.57576800,1892207.31819120,0.90000000,0.00000048
S6a,S6/a,0,840000,flat,high,reference,400000000,290698,0.07262172,2103927.90868800,1.00000000,90.0,2103927.90868800,1893535.11781920,0.70000000,0.00000037
S6a,S6/a,0,840000,flat,high,efficient,400000000,290698,0.07262172,2103927.90868800,1.00000000,90.0,2103927.90868800,1893535.11781920,0.58000000,0.00000031
S6a,S6/a,0,840000,flat,high,high_cost,400000000,290698,0.07262172,2103927.90868800,1.00000000,90.0,2103927.90868800,1893535.11781920,0.90000000,0.00000048
S6a,S6/a,0,840000,growth,low,reference,400000000,0,0.00000000,2102400.00000000,1.00000000,80.0,2102400.00000000,1681920.00000000,0.70000000,0.00000042
S6a,S6/a,0,840000,growth,low,efficient,400000000,0,0.00000000,2102400.00000000,1.00000000,80.0,2102400.00000000,1681920.00000000,0.58000000,0.00000035
S6a,S6/a,0,840000,growth,low,high_cost,400000000,0,0.00000000,2102400.00000000,1.00000000,80.0,2102400.00000000,1681920.00000000,0.90000000,0.00000054
S6a,S6/a,0,840000,growth,base,reference,400000000,10003,0.00250069,2102452.57576800,1.00000000,80.0,2102452.57576800,1681962.06061440,0.70000000,0.00000042
S6a,S6/a,0,840000,growth,base,efficient,400000000,10003,0.00250069,2102452.57576800,1.00000000,80.0,2102452.57576800,1681962.06061440,0.58000000,0.00000035
S6a,S6/a,0,840000,growth,base,high_cost,400000000,10003,0.00250069,2102452.57576800,1.00000000,80.0,2102452.57576800,1681962.06061440,0.90000000,0.00000054
S6a,S6/a,0,840000,growth,high,reference,400000000,290698,0.07262172,2103927.90868800,1.00000000,80.0,2103927.90868800,1683142.32695040,0.70000000,0.00000042
S6a,S6/a,0,840000,growth,high,efficient,400000000,290698,0.07262172,2103927.90868800,1.00000000,80.0,2103927.90868800,1683142.32695040,0.58000000,0.00000035
S6a,S6/a,0,840000,growth,high,high_cost,400000000,290698,0.07262172,2103927.90868800,1.00000000,80.0,2103927.90868800,1683142.32695040,0.90000000,0.00000054
S6a,S6/a,1,1365600,stress,low,reference,400000000,0,0.00000000,2102400.00000000,0.95000000,70.0,1997280.00000000,1398096.00000000,0.70000000,0.00000048
S6a,S6/a,1,1365600,stress,low,efficient,400000000,0,0.00000000,2102400.00000000,0.95000000,70.0,1997280.00000000,1398096.00000000,0.58000000,0.00000040
S6a,S6/a,1,1365600,stress,low,high_cost,400000000,0,0.00000000,2102400.00000000,0.95000000,70.0,1997280.00000000,1398096.00000000,0.90000000,0.00000062
S6a,S6/a,1,1365600,stress,base,reference,400000000,10003,0.00250069,2102452.57576800,0.95000000,70.0,1997329.94697960,1398130.96288572,0.70000000,0.00000048
S6a,S6/a,1,1365600,stress,base,efficient,400000000,10003,0.00250069,2102452.57576800,0.95000000,70.0,1997329.94697960,1398130.96288572,0.58000000,0.00000040
S6a,S6/a,1,1365600,stress,base,high_cost,400000000,10003,0.00250069,2102452.57576800,0.95000000,70.0,1997329.94697960,1398130.96288572,0.90000000,0.00000062
S6a,S6/a,1,1365600,stress,high,reference,400000000,290698,0.07262172,2103927.90868800,0.95000000,70.0,1998731.51325360,1399112.05927752,0.70000000,0.00000048
S6a,S6/a,1,1365600,stress,high,efficient,400000000,290698,0.07262172,2103927.90868800,0.95000000,70.0,1998731.51325360,1399112.05927752,0.58000000,0.00000040
S6a,S6/a,1,1365600,stress,high,high_cost,400000000,290698,0.07262172,2103927.90868800,0.95000000,70.0,1998731.51325360,1399112.05927752,0.90000000,0.00000062
S6a,S6/a,1,1365600,flat,low,reference,400000000,0,0.00000000,2102400.00000000,1.00000000,90.0,2102400.00000000,1892160.00000000,0.70000000,0.00000037
S6a,S6/a,1,1365600,flat,low,efficient,400000000,0,0.00000000,2102400.00000000,1.00000000,90.0,2102400.00000000,1892160.00000000,0.58000000,0.00000031
S6a,S6/a,1,1365600,flat,low,high_cost,400000000,0,0.00000000,2102400.00000000,1.00000000,90.0,2102400.00000000,1892160.00000000,0.90000000,0.00000048
S6a,S6/a,1,1365600,flat,base,reference,400000000,10003,0.00250069,2102452.57576800,1.00000000,90.0,2102452.57576800,1892207.31819120,0.70000000,0.00000037
S6a,S6/a,1,1365600,flat,base,efficient,400000000,10003,0.00250069,2102452.57576800,1.00000000,90.0,2102452.57576800,1892207.31819120,0.58000000,0.00000031
S6a,S6/a,1,1365600,flat,base,high_cost,400000000,10003,0.00250069,2102452.57576800,1.00000000,90.0,2102452.57576800,1892207.31819120,0.90000000,0.00000048
S6a,S6/a,1,1365600,flat,high,reference,400000000,290698,0.07262172,2103927.90868800,1.00000000,90.0,2103927.90868800,1893535.11781920,0.70000000,0.00000037
S6a,S6/a,1,1365600,flat,high,efficient,400000000,290698,0.07262172,2103927.90868800,1.00000000,90.0,2103927.90868800,1893535.11781920,0.58000000,0.00000031
S6a,S6/a,1,1365600,flat,high,high_cost,400000000,290698,0.07262172,2103927.90868800,1.00000000,90.0,2103927.90868800,1893535.11781920,0.90000000,0.00000048
S6a,S6/a,1,1365600,growth,low,reference,400000000,0,0.00000000,2102400.00000000,1.03000000,80.0,2165472.00000000,1732377.60000000,0.70000000,0.00000042
S6a,S6/a,1,1365600,growth,low,efficient,400000000,0,0.00000000,2102400.00000000,1.03000000,80.0,2165472.00000000,1732377.60000000,0.58000000,0.00000035
S6a,S6/a,1,1365600,growth,low,high_cost,400000000,0,0.00000000,2102400.00000000,1.03000000,80.0,2165472.00000000,1732377.60000000,0.90000000,0.00000054
S6a,S6/a,1,1365600,growth,base,reference,400000000,10003,0.00250069,2102452.57576800,1.03000000,80.0,2165526.15304104,1732420.92243283,0.70000000,0.00000042
S6a,S6/a,1,1365600,growth,base,efficient,400000000,10003,0.00250069,2102452.57576800,1.03000000,80.0,2165526.15304104,1732420.92243283,0.58000000,0.00000035
S6a,S6/a,1,1365600,growth,base,high_cost,400000000,10003,0.00250069,2102452.57576800,1.03000000,80.0,2165526.15304104,1732420.92243283,0.90000000,0.00000054
S6a,S6/a,1,1365600,growth,high,reference,400000000,290698,0.07262172,2103927.90868800,1.03000000,80.0,2167045.74594864,1733636.59675891,0.70000000,0.00000042
S6a,S6/a,1,1365600,growth,high,efficient,400000000,290698,0.07262172,2103927.90868800,1.03000000,80.0,2167045.74594864,1733636.59675891,0.58000000,0.00000035
S6a,S6/a,1,1365600,growth,high,high_cost,400000000,290698,0.07262172,2103927.90868800,1.03000000,80.0,2167045.74594864,1733636.59675891,0.90000000,0.00000054
S6a,S6/a,2,1891200,stress,low,reference,400000000,0,0.00000000,2102400.00000000,0.90250000,70.0,1897416.00000000,1328191.20000000,0.70000000,0.00000048
S6a,S6/a,2,1891200,stress,low,efficient,400000000,0,0.00000000,2102400.00000000,0.90250000,70.0,1897416.00000000,1328191.20000000,0.58000000,0.00000040
S6a,S6/a,2,1891200,stress,low,high_cost,400000000,0,0.00000000,2102400.00000000,0.90250000,70.0,1897416.00000000,1328191.20000000,0.90000000,0.00000062
S6a,S6/a,2,1891200,stress,base,reference,400000000,10003,0.00250069,2102452.57576800,0.90250000,70.0,1897463.44963062,1328224.41474143,0.70000000,0.00000048
S6a,S6/a,2,1891200,stress,base,efficient,400000000,10003,0.00250069,2102452.57576800,0.90250000,70.0,1897463.44963062,1328224.41474143,0.58000000,0.00000040
S6a,S6/a,2,1891200,stress,base,high_cost,400000000,10003,0.00250069,2102452.57576800,0.90250000,70.0,1897463.44963062,1328224.41474143,0.90000000,0.00000062
S6a,S6/a,2,1891200,stress,high,reference,400000000,290698,0.07262172,2103927.90868800,0.90250000,70.0,1898794.93759092,1329156.45631364,0.70000000,0.00000048
S6a,S6/a,2,1891200,stress,high,efficient,400000000,290698,0.07262172,2103927.90868800,0.90250000,70.0,1898794.93759092,1329156.45631364,0.58000000,0.00000040
S6a,S6/a,2,1891200,stress,high,high_cost,400000000,290698,0.07262172,2103927.90868800,0.90250000,70.0,1898794.93759092,1329156.45631364,0.90000000,0.00000062
S6a,S6/a,2,1891200,flat,low,reference,400000000,0,0.00000000,2102400.00000000,1.00000000,90.0,2102400.00000000,1892160.00000000,0.70000000,0.00000037
S6a,S6/a,2,1891200,flat,low,efficient,400000000,0,0.00000000,2102400.00000000,1.00000000,90.0,2102400.00000000,1892160.00000000,0.58000000,0.00000031
S6a,S6/a,2,1891200,flat,low,high_cost,400000000,0,0.00000000,2102400.00000000,1.00000000,90.0,2102400.00000000,1892160.00000000,0.90000000,0.00000048
S6a,S6/a,2,1891200,flat,base,reference,400000000,10003,0.00250069,2102452.57576800,1.00000000,90.0,2102452.57576800,1892207.31819120,0.70000000,0.00000037
S6a,S6/a,2,1891200,flat,base,efficient,400000000,10003,0.00250069,2102452.57576800,1.00000000,90.0,2102452.57576800,1892207.31819120,0.58000000,0.00000031
S6a,S6/a,2,1891200,flat,base,high_cost,400000000,10003,0.00250069,2102452.57576800,1.00000000,90.0,2102452.57576800,1892207.31819120,0.90000000,0.00000048
S6a,S6/a,2,1891200,flat,high,reference,400000000,290698,0.07262172,2103927.90868800,1.00000000,90.0,2103927.90868800,1893535.11781920,0.70000000,0.00000037
S6a,S6/a,2,1891200,flat,high,efficient,400000000,290698,0.07262172,2103927.90868800,1.00000000,90.0,2103927.90868800,1893535.11781920,0.58000000,0.00000031
S6a,S6/a,2,1891200,flat,high,high_cost,400000000,290698,0.07262172,2103927.90868800,1.00000000,90.0,2103927.90868800,1893535.11781920,0.90000000,0.00000048
S6a,S6/a,2,1891200,growth,low,reference,400000000,0,0.00000000,2102400.00000000,1.06090000,80.0,2230436.16000000,1784348.92800000,0.70000000,0.00000042
S6a,S6/a,2,1891200,growth,low,efficient,400000000,0,0.00000000,2102400.00000000,1.06090000,80.0,2230436.16000000,1784348.92800000,0.58000000,0.00000035
S6a,S6/a,2,1891200,growth,low,high_cost,400000000,0,0.00000000,2102400.00000000,1.06090000,80.0,2230436.16000000,1784348.92800000,0.90000000,0.00000054
S6a,S6/a,2,1891200,growth,base,reference,400000000,10003,0.00250069,2102452.57576800,1.06090000,80.0,2230491.93763227,1784393.55010582,0.70000000,0.00000042
S6a,S6/a,2,1891200,growth,base,efficient,400000000,10003,0.00250069,2102452.57576800,1.06090000,80.0,2230491.93763227,1784393.55010582,0.58000000,0.00000035
S6a,S6/a,2,1891200,growth,base,high_cost,400000000,10003,0.00250069,2102452.57576800,1.06090000,80.0,2230491.93763227,1784393.55010582,0.90000000,0.00000054
S6a,S6/a,2,1891200,growth,high,reference,400000000,290698,0.07262172,2103927.90868800,1.06090000,80.0,2232057.11832710,1785645.69466168,0.70000000,0.00000042
S6a,S6/a,2,1891200,growth,high,efficient,400000000,290698,0.07262172,2103927.90868800,1.06090000,80.0,2232057.11832710,1785645.69466168,0.58000000,0.00000035
S6a,S6/a,2,1891200,growth,high,high_cost,400000000,290698,0.07262172,2103927.90868800,1.06090000,80.0,2232057.11832710,1785645.69466168,0.90000000,0.00000054
S6a,S6/a,5,3468000,stress,low,reference,200000000,0,0.00000000,1051200.00000000,0.77378094,70.0,813398.52150000,569378.96505000,0.70000000,0.00000096
S6a,S6/a,5,3468000,stress,low,efficient,200000000,0,0.00000000,1051200.00000000,0.77378094,70.0,813398.52150000,569378.96505000,0.58000000,0.00000080
S6a,S6/a,5,3468000,stress,low,high_cost,200000000,0,0.00000000,1051200.00000000,0.77378094,70.0,813398.52150000,569378.96505000,0.90000000,0.00000124
S6a,S6/a,5,3468000,stress,base,reference,200000000,10003,0.00500125,1051252.57576800,0.77378094,70.0,813439.20362705,569407.44253894,0.70000000,0.00000096
S6a,S6/a,5,3468000,stress,base,efficient,200000000,10003,0.00500125,1051252.57576800,0.77378094,70.0,813439.20362705,569407.44253894,0.58000000,0.00000080
S6a,S6/a,5,3468000,stress,base,high_cost,200000000,10003,0.00500125,1051252.57576800,0.77378094,70.0,813439.20362705,569407.44253894,0.90000000,0.00000124
S6a,S6/a,5,3468000,stress,high,reference,200000000,290698,0.14513804,1052727.90868800,0.77378094,70.0,814580.78811702,570206.55168191,0.70000000,0.00000096
S6a,S6/a,5,3468000,stress,high,efficient,200000000,290698,0.14513804,1052727.90868800,0.77378094,70.0,814580.78811702,570206.55168191,0.58000000,0.00000080
S6a,S6/a,5,3468000,stress,high,high_cost,200000000,290698,0.14513804,1052727.90868800,0.77378094,70.0,814580.78811702,570206.55168191,0.90000000,0.00000123
S6a,S6/a,5,3468000,flat,low,reference,200000000,0,0.00000000,1051200.00000000,1.00000000,90.0,1051200.00000000,946080.00000000,0.70000000,0.00000075
S6a,S6/a,5,3468000,flat,low,efficient,200000000,0,0.00000000,1051200.00000000,1.00000000,90.0,1051200.00000000,946080.00000000,0.58000000,0.00000062
S6a,S6/a,5,3468000,flat,low,high_cost,200000000,0,0.00000000,1051200.00000000,1.00000000,90.0,1051200.00000000,946080.00000000,0.90000000,0.00000096
S6a,S6/a,5,3468000,flat,base,reference,200000000,10003,0.00500125,1051252.57576800,1.00000000,90.0,1051252.57576800,946127.31819120,0.70000000,0.00000075
S6a,S6/a,5,3468000,flat,base,efficient,200000000,10003,0.00500125,1051252.57576800,1.00000000,90.0,1051252.57576800,946127.31819120,0.58000000,0.00000062
S6a,S6/a,5,3468000,flat,base,high_cost,200000000,10003,0.00500125,1051252.57576800,1.00000000,90.0,1051252.57576800,946127.31819120,0.90000000,0.00000096
S6a,S6/a,5,3468000,flat,high,reference,200000000,290698,0.14513804,1052727.90868800,1.00000000,90.0,1052727.90868800,947455.11781920,0.70000000,0.00000075
S6a,S6/a,5,3468000,flat,high,efficient,200000000,290698,0.14513804,1052727.90868800,1.00000000,90.0,1052727.90868800,947455.11781920,0.58000000,0.00000062
S6a,S6/a,5,3468000,flat,high,high_cost,200000000,290698,0.14513804,1052727.90868800,1.00000000,90.0,1052727.90868800,947455.11781920,0.90000000,0.00000096
S6a,S6/a,5,3468000,growth,low,reference,200000000,0,0.00000000,1051200.00000000,1.15927407,80.0,1218628.90690416,974903.12552333,0.70000000,0.00000084
S6a,S6/a,5,3468000,growth,low,efficient,200000000,0,0.00000000,1051200.00000000,1.15927407,80.0,1218628.90690416,974903.12552333,0.58000000,0.00000070
S6a,S6/a,5,3468000,growth,low,high_cost,200000000,0,0.00000000,1051200.00000000,1.15927407,80.0,1218628.90690416,974903.12552333,0.90000000,0.00000108
S6a,S6/a,5,3468000,growth,base,reference,200000000,10003,0.00500125,1051252.57576800,1.15927407,80.0,1218689.85662894,974951.88530315,0.70000000,0.00000084
S6a,S6/a,5,3468000,growth,base,efficient,200000000,10003,0.00500125,1051252.57576800,1.15927407,80.0,1218689.85662894,974951.88530315,0.58000000,0.00000070
S6a,S6/a,5,3468000,growth,base,high_cost,200000000,10003,0.00500125,1051252.57576800,1.15927407,80.0,1218689.85662894,974951.88530315,0.90000000,0.00000108
S6a,S6/a,5,3468000,growth,high,reference,200000000,290698,0.14513804,1052727.90868800,1.15927407,80.0,1220400.17183406,976320.13746724,0.70000000,0.00000084
S6a,S6/a,5,3468000,growth,high,efficient,200000000,290698,0.14513804,1052727.90868800,1.15927407,80.0,1220400.17183406,976320.13746724,0.58000000,0.00000070
S6a,S6/a,5,3468000,growth,high,high_cost,200000000,290698,0.14513804,1052727.90868800,1.15927407,80.0,1220400.17183406,976320.13746724,0.90000000,0.00000108
S6a,S6/a,10,6096000,stress,low,reference,100000000,0,0.00000000,525600.00000000,0.59873694,70.0,314696.13526369,220287.29468458,0.70000000,0.00000192
S6a,S6/a,10,6096000,stress,low,efficient,100000000,0,0.00000000,525600.00000000,0.59873694,70.0,314696.13526369,220287.29468458,0.58000000,0.00000159
S6a,S6/a,10,6096000,stress,low,high_cost,100000000,0,0.00000000,525600.00000000,0.59873694,70.0,314696.13526369,220287.29468458,0.90000000,0.00000247
S6a,S6/a,10,6096000,stress,base,reference,100000000,10003,0.01000200,525652.57576800,0.59873694,70.0,314727.61431810,220309.33002267,0.70000000,0.00000192
S6a,S6/a,10,6096000,stress,base,efficient,100000000,10003,0.01000200,525652.57576800,0.59873694,70.0,314727.61431810,220309.33002267,0.58000000,0.00000159
S6a,S6/a,10,6096000,stress,base,high_cost,100000000,10003,0.01000200,525652.57576800,0.59873694,70.0,314727.61431810,220309.33002267,0.90000000,0.00000247
S6a,S6/a,10,6096000,stress,high,reference,100000000,290698,0.28985540,527127.90868800,0.59873694,70.0,315610.95063498,220927.66544449,0.70000000,0.00000192
S6a,S6/a,10,6096000,stress,high,efficient,100000000,290698,0.28985540,527127.90868800,0.59873694,70.0,315610.95063498,220927.66544449,0.58000000,0.00000159
S6a,S6/a,10,6096000,stress,high,high_cost,100000000,290698,0.28985540,527127.90868800,0.59873694,70.0,315610.95063498,220927.66544449,0.90000000,0.00000246
S6a,S6/a,10,6096000,flat,low,reference,100000000,0,0.00000000,525600.00000000,1.00000000,90.0,525600.00000000,473040.00000000,0.70000000,0.00000149
S6a,S6/a,10,6096000,flat,low,efficient,100000000,0,0.00000000,525600.00000000,1.00000000,90.0,525600.00000000,473040.00000000,0.58000000,0.00000124
S6a,S6/a,10,6096000,flat,low,high_cost,100000000,0,0.00000000,525600.00000000,1.00000000,90.0,525600.00000000,473040.00000000,0.90000000,0.00000192
S6a,S6/a,10,6096000,flat,base,reference,100000000,10003,0.01000200,525652.57576800,1.00000000,90.0,525652.57576800,473087.31819120,0.70000000,0.00000149
S6a,S6/a,10,6096000,flat,base,efficient,100000000,10003,0.01000200,525652.57576800,1.00000000,90.0,525652.57576800,473087.31819120,0.58000000,0.00000124
S6a,S6/a,10,6096000,flat,base,high_cost,100000000,10003,0.01000200,525652.57576800,1.00000000,90.0,525652.57576800,473087.31819120,0.90000000,0.00000192
S6a,S6/a,10,6096000,flat,high,reference,100000000,290698,0.28985540,527127.90868800,1.00000000,90.0,527127.90868800,474415.11781920,0.70000000,0.00000149
S6a,S6/a,10,6096000,flat,high,efficient,100000000,290698,0.28985540,527127.90868800,1.00000000,90.0,527127.90868800,474415.11781920,0.58000000,0.00000123
S6a,S6/a,10,6096000,flat,high,high_cost,100000000,290698,0.28985540,527127.90868800,1.00000000,90.0,527127.90868800,474415.11781920,0.90000000,0.00000192
S6a,S6/a,10,6096000,growth,low,reference,100000000,0,0.00000000,525600.00000000,1.34391638,80.0,706362.44898327,565089.95918662,0.70000000,0.00000168
S6a,S6/a,10,6096000,growth,low,efficient,100000000,0,0.00000000,525600.00000000,1.34391638,80.0,706362.44898327,565089.95918662,0.58000000,0.00000139
S6a,S6/a,10,6096000,growth,low,high_cost,100000000,0,0.00000000,525600.00000000,1.34391638,80.0,706362.44898327,565089.95918662,0.90000000,0.00000216
S6a,S6/a,10,6096000,growth,base,reference,100000000,10003,0.01000200,525652.57576800,1.34391638,80.0,706433.10641904,565146.48513523,0.70000000,0.00000168
S6a,S6/a,10,6096000,growth,base,efficient,100000000,10003,0.01000200,525652.57576800,1.34391638,80.0,706433.10641904,565146.48513523,0.58000000,0.00000139
S6a,S6/a,10,6096000,growth,base,high_cost,100000000,10003,0.01000200,525652.57576800,1.34391638,80.0,706433.10641904,565146.48513523,0.90000000,0.00000216
S6a,S6/a,10,6096000,growth,high,reference,100000000,290698,0.28985540,527127.90868800,1.34391638,80.0,708415.83049522,566732.66439617,0.70000000,0.00000168
S6a,S6/a,10,6096000,growth,high,efficient,100000000,290698,0.28985540,527127.90868800,1.34391638,80.0,708415.83049522,566732.66439617,0.58000000,0.00000139
S6a,S6/a,10,6096000,growth,high,high_cost,100000000,290698,0.28985540,527127.90868800,1.34391638,80.0,708415.83049522,566732.66439617,0.90000000,0.00000216
S6a,S6/a,25,13980000,stress,low,reference,50000000,0,0.00000000,262800.00000000,0.27738957,70.0,72897.97981642,51028.58587149,0.70000000,0.00000384
S6a,S6/a,25,13980000,stress,low,efficient,50000000,0,0.00000000,262800.00000000,0.27738957,70.0,72897.97981642,51028.58587149,0.58000000,0.00000318
S6a,S6/a,25,13980000,stress,low,high_cost,50000000,0,0.00000000,262800.00000000,0.27738957,70.0,72897.97981642,51028.58587149,0.90000000,0.00000494
S6a,S6/a,25,13980000,stress,base,reference,50000000,10003,0.02000200,262852.57576800,0.27738957,70.0,72912.56378626,51038.79465038,0.70000000,0.00000384
S6a,S6/a,25,13980000,stress,base,efficient,50000000,10003,0.02000200,262852.57576800,0.27738957,70.0,72912.56378626,51038.79465038,0.58000000,0.00000318
S6a,S6/a,25,13980000,stress,base,high_cost,50000000,10003,0.02000200,262852.57576800,0.27738957,70.0,72912.56378626,51038.79465038,0.90000000,0.00000494
S6a,S6/a,25,13980000,stress,high,reference,50000000,290698,0.57803533,264327.90868800,0.27738957,70.0,73321.80575515,51325.26402861,0.70000000,0.00000382
S6a,S6/a,25,13980000,stress,high,efficient,50000000,290698,0.57803533,264327.90868800,0.27738957,70.0,73321.80575515,51325.26402861,0.58000000,0.00000317
S6a,S6/a,25,13980000,stress,high,high_cost,50000000,290698,0.57803533,264327.90868800,0.27738957,70.0,73321.80575515,51325.26402861,0.90000000,0.00000491
S6a,S6/a,25,13980000,flat,low,reference,50000000,0,0.00000000,262800.00000000,1.00000000,90.0,262800.00000000,236520.00000000,0.70000000,0.00000299
S6a,S6/a,25,13980000,flat,low,efficient,50000000,0,0.00000000,262800.00000000,1.00000000,90.0,262800.00000000,236520.00000000,0.58000000,0.00000248
S6a,S6/a,25,13980000,flat,low,high_cost,50000000,0,0.00000000,262800.00000000,1.00000000,90.0,262800.00000000,236520.00000000,0.90000000,0.00000384
S6a,S6/a,25,13980000,flat,base,reference,50000000,10003,0.02000200,262852.57576800,1.00000000,90.0,262852.57576800,236567.31819120,0.70000000,0.00000299
S6a,S6/a,25,13980000,flat,base,efficient,50000000,10003,0.02000200,262852.57576800,1.00000000,90.0,262852.57576800,236567.31819120,0.58000000,0.00000248
S6a,S6/a,25,13980000,flat,base,high_cost,50000000,10003,0.02000200,262852.57576800,1.00000000,90.0,262852.57576800,236567.31819120,0.90000000,0.00000384
S6a,S6/a,25,13980000,flat,high,reference,50000000,290698,0.57803533,264327.90868800,1.00000000,90.0,264327.90868800,237895.11781920,0.70000000,0.00000297
S6a,S6/a,25,13980000,flat,high,efficient,50000000,290698,0.57803533,264327.90868800,1.00000000,90.0,264327.90868800,237895.11781920,0.58000000,0.00000246
S6a,S6/a,25,13980000,flat,high,high_cost,50000000,290698,0.57803533,264327.90868800,1.00000000,90.0,264327.90868800,237895.11781920,0.90000000,0.00000382
S6a,S6/a,25,13980000,growth,low,reference,50000000,0,0.00000000,262800.00000000,2.09377793,80.0,550244.83991313,440195.87193050,0.70000000,0.00000336
S6a,S6/a,25,13980000,growth,low,efficient,50000000,0,0.00000000,262800.00000000,2.09377793,80.0,550244.83991313,440195.87193050,0.58000000,0.00000279
S6a,S6/a,25,13980000,growth,low,high_cost,50000000,0,0.00000000,262800.00000000,2.09377793,80.0,550244.83991313,440195.87193050,0.90000000,0.00000432
S6a,S6/a,25,13980000,growth,base,reference,50000000,10003,0.02000200,262852.57576800,2.09377793,80.0,550354.92189580,440283.93751664,0.70000000,0.00000336
S6a,S6/a,25,13980000,growth,base,efficient,50000000,10003,0.02000200,262852.57576800,2.09377793,80.0,550354.92189580,440283.93751664,0.58000000,0.00000279
S6a,S6/a,25,13980000,growth,base,high_cost,50000000,10003,0.02000200,262852.57576800,2.09377793,80.0,550354.92189580,440283.93751664,0.90000000,0.00000432
S6a,S6/a,25,13980000,growth,high,reference,50000000,290698,0.57803533,264327.90868800,2.09377793,80.0,553443.94140259,442755.15312207,0.70000000,0.00000334
S6a,S6/a,25,13980000,growth,high,efficient,50000000,290698,0.57803533,264327.90868800,2.09377793,80.0,553443.94140259,442755.15312207,0.58000000,0.00000277
S6a,S6/a,25,13980000,growth,high,high_cost,50000000,290698,0.57803533,264327.90868800,2.09377793,80.0,553443.94140259,442755.15312207,0.90000000,0.00000430
S6a,S6/a,50,27120000,stress,low,reference,50000000,0,0.00000000,262800.00000000,0.07694498,70.0,20221.13950272,14154.79765190,0.70000000,0.00000384
S6a,S6/a,50,27120000,stress,low,efficient,50000000,0,0.00000000,262800.00000000,0.07694498,70.0,20221.13950272,14154.79765190,0.58000000,0.00000318
S6a,S6/a,50,27120000,stress,low,high_cost,50000000,0,0.00000000,262800.00000000,0.07694498,70.0,20221.13950272,14154.79765190,0.90000000,0.00000494
S6a,S6/a,50,27120000,stress,base,reference,50000000,10003,0.02000200,262852.57576800,0.07694498,70.0,20225.18494389,14157.62946072,0.70000000,0.00000384
S6a,S6/a,50,27120000,stress,base,efficient,50000000,10003,0.02000200,262852.57576800,0.07694498,70.0,20225.18494389,14157.62946072,0.58000000,0.00000318
S6a,S6/a,50,27120000,stress,base,high_cost,50000000,10003,0.02000200,262852.57576800,0.07694498,70.0,20225.18494389,14157.62946072,0.90000000,0.00000494
S6a,S6/a,50,27120000,stress,high,reference,50000000,290698,0.57803533,264327.90868800,0.07694498,70.0,20338.70439894,14237.09307926,0.70000000,0.00000382
S6a,S6/a,50,27120000,stress,high,efficient,50000000,290698,0.57803533,264327.90868800,0.07694498,70.0,20338.70439894,14237.09307926,0.58000000,0.00000317
S6a,S6/a,50,27120000,stress,high,high_cost,50000000,290698,0.57803533,264327.90868800,0.07694498,70.0,20338.70439894,14237.09307926,0.90000000,0.00000491
S6a,S6/a,50,27120000,flat,low,reference,50000000,0,0.00000000,262800.00000000,1.00000000,90.0,262800.00000000,236520.00000000,0.70000000,0.00000299
S6a,S6/a,50,27120000,flat,low,efficient,50000000,0,0.00000000,262800.00000000,1.00000000,90.0,262800.00000000,236520.00000000,0.58000000,0.00000248
S6a,S6/a,50,27120000,flat,low,high_cost,50000000,0,0.00000000,262800.00000000,1.00000000,90.0,262800.00000000,236520.00000000,0.90000000,0.00000384
S6a,S6/a,50,27120000,flat,base,reference,50000000,10003,0.02000200,262852.57576800,1.00000000,90.0,262852.57576800,236567.31819120,0.70000000,0.00000299
S6a,S6/a,50,27120000,flat,base,efficient,50000000,10003,0.02000200,262852.57576800,1.00000000,90.0,262852.57576800,236567.31819120,0.58000000,0.00000248
S6a,S6/a,50,27120000,flat,base,high_cost,50000000,10003,0.02000200,262852.57576800,1.00000000,90.0,262852.57576800,236567.31819120,0.90000000,0.00000384
S6a,S6/a,50,27120000,flat,high,reference,50000000,290698,0.57803533,264327.90868800,1.00000000,90.0,264327.90868800,237895.11781920,0.70000000,0.00000297
S6a,S6/a,50,27120000,flat,high,efficient,50000000,290698,0.57803533,264327.90868800,1.00000000,90.0,264327.90868800,237895.11781920,0.58000000,0.00000246
S6a,S6/a,50,27120000,flat,high,high_cost,50000000,290698,0.57803533,264327.90868800,1.00000000,90.0,264327.90868800,237895.11781920,0.90000000,0.00000382
S6a,S6/a,50,27120000,growth,low,reference,50000000,0,0.00000000,262800.00000000,4.38390602,80.0,1152090.50171622,921672.40137298,0.70000000,0.00000336
S6a,S6/a,50,27120000,growth,low,efficient,50000000,0,0.00000000,262800.00000000,4.38390602,80.0,1152090.50171622,921672.40137298,0.58000000,0.00000279
S6a,S6/a,50,27120000,growth,low,high_cost,50000000,0,0.00000000,262800.00000000,4.38390602,80.0,1152090.50171622,921672.40137298,0.90000000,0.00000432
S6a,S6/a,50,27120000,growth,base,reference,50000000,10003,0.02000200,262852.57576800,4.38390602,80.0,1152320.98894200,921856.79115360,0.70000000,0.00000336
S6a,S6/a,50,27120000,growth,base,efficient,50000000,10003,0.02000200,262852.57576800,4.38390602,80.0,1152320.98894200,921856.79115360,0.58000000,0.00000279
S6a,S6/a,50,27120000,growth,base,high_cost,50000000,10003,0.02000200,262852.57576800,4.38390602,80.0,1152320.98894200,921856.79115360,0.90000000,0.00000432
S6a,S6/a,50,27120000,growth,high,reference,50000000,290698,0.57803533,264327.90868800,4.38390602,80.0,1158788.70980958,927030.96784767,0.70000000,0.00000334
S6a,S6/a,50,27120000,growth,high,efficient,50000000,290698,0.57803533,264327.90868800,4.38390602,80.0,1158788.70980958,927030.96784767,0.58000000,0.00000277
S6a,S6/a,50,27120000,growth,high,high_cost,50000000,290698,0.57803533,264327.90868800,4.38390602,80.0,1158788.70980958,927030.96784767,0.90000000,0.00000430
S6a,S6/a,100,53400000,stress,low,reference,50000000,0,0.00000000,262800.00000000,0.00592053,70.0,1555.91507910,1089.14055537,0.70000000,0.00000384
S6a,S6/a,100,53400000,stress,low,efficient,50000000,0,0.00000000,262800.00000000,0.00592053,70.0,1555.91507910,1089.14055537,0.58000000,0.00000318
S6a,S6/a,100,53400000,stress,low,high_cost,50000000,0,0.00000000,262800.00000000,0.00592053,70.0,1555.91507910,1089.14055537,0.90000000,0.00000494
S6a,S6/a,100,53400000,stress,base,reference,50000000,10003,0.02000200,262852.57576800,0.00592053,70.0,1556.22635547,1089.35844883,0.70000000,0.00000384
S6a,S6/a,100,53400000,stress,base,efficient,50000000,10003,0.02000200,262852.57576800,0.00592053,70.0,1556.22635547,1089.35844883,0.58000000,0.00000318
S6a,S6/a,100,53400000,stress,base,high_cost,50000000,10003,0.02000200,262852.57576800,0.00592053,70.0,1556.22635547,1089.35844883,0.90000000,0.00000494
S6a,S6/a,100,53400000,stress,high,reference,50000000,290698,0.57803533,264327.90868800,0.00592053,70.0,1564.96110714,1095.47277500,0.70000000,0.00000382
S6a,S6/a,100,53400000,stress,high,efficient,50000000,290698,0.57803533,264327.90868800,0.00592053,70.0,1564.96110714,1095.47277500,0.58000000,0.00000317
S6a,S6/a,100,53400000,stress,high,high_cost,50000000,290698,0.57803533,264327.90868800,0.00592053,70.0,1564.96110714,1095.47277500,0.90000000,0.00000491
S6a,S6/a,100,53400000,flat,low,reference,50000000,0,0.00000000,262800.00000000,1.00000000,90.0,262800.00000000,236520.00000000,0.70000000,0.00000299
S6a,S6/a,100,53400000,flat,low,efficient,50000000,0,0.00000000,262800.00000000,1.00000000,90.0,262800.00000000,236520.00000000,0.58000000,0.00000248
S6a,S6/a,100,53400000,flat,low,high_cost,50000000,0,0.00000000,262800.00000000,1.00000000,90.0,262800.00000000,236520.00000000,0.90000000,0.00000384
S6a,S6/a,100,53400000,flat,base,reference,50000000,10003,0.02000200,262852.57576800,1.00000000,90.0,262852.57576800,236567.31819120,0.70000000,0.00000299
S6a,S6/a,100,53400000,flat,base,efficient,50000000,10003,0.02000200,262852.57576800,1.00000000,90.0,262852.57576800,236567.31819120,0.58000000,0.00000248
S6a,S6/a,100,53400000,flat,base,high_cost,50000000,10003,0.02000200,262852.57576800,1.00000000,90.0,262852.57576800,236567.31819120,0.90000000,0.00000384
S6a,S6/a,100,53400000,flat,high,reference,50000000,290698,0.57803533,264327.90868800,1.00000000,90.0,264327.90868800,237895.11781920,0.70000000,0.00000297
S6a,S6/a,100,53400000,flat,high,efficient,50000000,290698,0.57803533,264327.90868800,1.00000000,90.0,264327.90868800,237895.11781920,0.58000000,0.00000246
S6a,S6/a,100,53400000,flat,high,high_cost,50000000,290698,0.57803533,264327.90868800,1.00000000,90.0,264327.90868800,237895.11781920,0.90000000,0.00000382
S6a,S6/a,100,53400000,growth,low,reference,50000000,0,0.00000000,262800.00000000,19.21863198,80.0,5050656.48456902,4040525.18765522,0.70000000,0.00000336
S6a,S6/a,100,53400000,growth,low,efficient,50000000,0,0.00000000,262800.00000000,19.21863198,80.0,5050656.48456902,4040525.18765522,0.58000000,0.00000279
S6a,S6/a,100,53400000,growth,low,high_cost,50000000,0,0.00000000,262800.00000000,19.21863198,80.0,5050656.48456902,4040525.18765522,0.90000000,0.00000432
S6a,S6/a,100,53400000,growth,base,reference,50000000,10003,0.02000200,262852.57576800,19.21863198,80.0,5051666.91890532,4041333.53512426,0.70000000,0.00000336
S6a,S6/a,100,53400000,growth,base,efficient,50000000,10003,0.02000200,262852.57576800,19.21863198,80.0,5051666.91890532,4041333.53512426,0.58000000,0.00000279
S6a,S6/a,100,53400000,growth,base,high_cost,50000000,10003,0.02000200,262852.57576800,19.21863198,80.0,5051666.91890532,4041333.53512426,0.90000000,0.00000432
S6a,S6/a,100,53400000,growth,high,reference,50000000,290698,0.57803533,264327.90868800,19.21863198,80.0,5080020.79934405,4064016.63947524,0.70000000,0.00000334
S6a,S6/a,100,53400000,growth,high,efficient,50000000,290698,0.57803533,264327.90868800,19.21863198,80.0,5080020.79934405,4064016.63947524,0.58000000,0.00000277
S6a,S6/a,100,53400000,growth,high,high_cost,50000000,290698,0.57803533,264327.90868800,19.21863198,80.0,5080020.79934405,4064016.63947524,0.90000000,0.00000430
S6a,S6/a,250,132240000,stress,low,reference,50000000,0,0.00000000,262800.00000000,0.00000270,70.0,0.70880485,0.49616340,0.70000000,0.00000384
S6a,S6/a,250,132240000,stress,low,efficient,50000000,0,0.00000000,262800.00000000,0.00000270,70.0,0.70880485,0.49616340,0.58000000,0.00000318
S6a,S6/a,250,132240000,stress,low,high_cost,50000000,0,0.00000000,262800.00000000,0.00000270,70.0,0.70880485,0.49616340,0.90000000,0.00000494
S6a,S6/a,250,132240000,stress,base,reference,50000000,10003,0.02000200,262852.57576800,0.00000270,70.0,0.70894666,0.49626266,0.70000000,0.00000384
S6a,S6/a,250,132240000,stress,base,efficient,50000000,10003,0.02000200,262852.57576800,0.00000270,70.0,0.70894666,0.49626266,0.58000000,0.00000318
S6a,S6/a,250,132240000,stress,base,high_cost,50000000,10003,0.02000200,262852.57576800,0.00000270,70.0,0.70894666,0.49626266,0.90000000,0.00000494
S6a,S6/a,250,132240000,stress,high,reference,50000000,290698,0.57803533,264327.90868800,0.00000270,70.0,0.71292582,0.49904807,0.70000000,0.00000382
S6a,S6/a,250,132240000,stress,high,efficient,50000000,290698,0.57803533,264327.90868800,0.00000270,70.0,0.71292582,0.49904807,0.58000000,0.00000317
S6a,S6/a,250,132240000,stress,high,high_cost,50000000,290698,0.57803533,264327.90868800,0.00000270,70.0,0.71292582,0.49904807,0.90000000,0.00000491
S6a,S6/a,250,132240000,flat,low,reference,50000000,0,0.00000000,262800.00000000,1.00000000,90.0,262800.00000000,236520.00000000,0.70000000,0.00000299
S6a,S6/a,250,132240000,flat,low,efficient,50000000,0,0.00000000,262800.00000000,1.00000000,90.0,262800.00000000,236520.00000000,0.58000000,0.00000248
S6a,S6/a,250,132240000,flat,low,high_cost,50000000,0,0.00000000,262800.00000000,1.00000000,90.0,262800.00000000,236520.00000000,0.90000000,0.00000384
S6a,S6/a,250,132240000,flat,base,reference,50000000,10003,0.02000200,262852.57576800,1.00000000,90.0,262852.57576800,236567.31819120,0.70000000,0.00000299
S6a,S6/a,250,132240000,flat,base,efficient,50000000,10003,0.02000200,262852.57576800,1.00000000,90.0,262852.57576800,236567.31819120,0.58000000,0.00000248
S6a,S6/a,250,132240000,flat,base,high_cost,50000000,10003,0.02000200,262852.57576800,1.00000000,90.0,262852.57576800,236567.31819120,0.90000000,0.00000384
S6a,S6/a,250,132240000,flat,high,reference,50000000,290698,0.57803533,264327.90868800,1.00000000,90.0,264327.90868800,237895.11781920,0.70000000,0.00000297
S6a,S6/a,250,132240000,flat,high,efficient,50000000,290698,0.57803533,264327.90868800,1.00000000,90.0,264327.90868800,237895.11781920,0.58000000,0.00000246
S6a,S6/a,250,132240000,flat,high,high_cost,50000000,290698,0.57803533,264327.90868800,1.00000000,90.0,264327.90868800,237895.11781920,0.90000000,0.00000382
S6a,S6/a,250,132240000,growth,low,reference,50000000,0,0.00000000,262800.00000000,1619.22118137,80.0,425531326.46353434,340425061.17082747,0.70000000,0.00000336
S6a,S6/a,250,132240000,growth,low,efficient,50000000,0,0.00000000,262800.00000000,1619.22118137,80.0,425531326.46353434,340425061.17082747,0.58000000,0.00000279
S6a,S6/a,250,132240000,growth,low,high_cost,50000000,0,0.00000000,262800.00000000,1619.22118137,80.0,425531326.46353434,340425061.17082747,0.90000000,0.00000432
S6a,S6/a,250,132240000,growth,base,reference,50000000,10003,0.02000200,262852.57576800,1619.22118137,80.0,425616458.26070664,340493166.60856531,0.70000000,0.00000336
S6a,S6/a,250,132240000,growth,base,efficient,50000000,10003,0.02000200,262852.57576800,1619.22118137,80.0,425616458.26070664,340493166.60856531,0.58000000,0.00000279
S6a,S6/a,250,132240000,growth,base,high_cost,50000000,10003,0.02000200,262852.57576800,1619.22118137,80.0,425616458.26070664,340493166.60856531,0.90000000,0.00000432
S6a,S6/a,250,132240000,growth,high,reference,50000000,290698,0.57803533,264327.90868800,1619.22118137,80.0,428005348.57434027,342404278.85947222,0.70000000,0.00000334
S6a,S6/a,250,132240000,growth,high,efficient,50000000,290698,0.57803533,264327.90868800,1619.22118137,80.0,428005348.57434027,342404278.85947222,0.58000000,0.00000277
S6a,S6/a,250,132240000,growth,high,high_cost,50000000,290698,0.57803533,264327.90868800,1619.22118137,80.0,428005348.57434027,342404278.85947222,0.90000000,0.00000430
S6a,S6/a,500,263640000,stress,low,reference,50000000,0,0.00000000,262800.00000000,0.00000000,70.0,0.00000191,0.00000134,0.70000000,0.00000384
S6a,S6/a,500,263640000,stress,low,efficient,50000000,0,0.00000000,262800.00000000,0.00000000,70.0,0.00000191,0.00000134,0.58000000,0.00000318
S6a,S6/a,500,263640000,stress,low,high_cost,50000000,0,0.00000000,262800.00000000,0.00000000,70.0,0.00000191,0.00000134,0.90000000,0.00000494
S6a,S6/a,500,263640000,stress,base,reference,50000000,10003,0.02000200,262852.57576800,0.00000000,70.0,0.00000191,0.00000134,0.70000000,0.00000384
S6a,S6/a,500,263640000,stress,base,efficient,50000000,10003,0.02000200,262852.57576800,0.00000000,70.0,0.00000191,0.00000134,0.58000000,0.00000318
S6a,S6/a,500,263640000,stress,base,high_cost,50000000,10003,0.02000200,262852.57576800,0.00000000,70.0,0.00000191,0.00000134,0.90000000,0.00000494
S6a,S6/a,500,263640000,stress,high,reference,50000000,290698,0.57803533,264327.90868800,0.00000000,70.0,0.00000192,0.00000135,0.70000000,0.00000382
S6a,S6/a,500,263640000,stress,high,efficient,50000000,290698,0.57803533,264327.90868800,0.00000000,70.0,0.00000192,0.00000135,0.58000000,0.00000317
S6a,S6/a,500,263640000,stress,high,high_cost,50000000,290698,0.57803533,264327.90868800,0.00000000,70.0,0.00000192,0.00000135,0.90000000,0.00000491
S6a,S6/a,500,263640000,flat,low,reference,50000000,0,0.00000000,262800.00000000,1.00000000,90.0,262800.00000000,236520.00000000,0.70000000,0.00000299
S6a,S6/a,500,263640000,flat,low,efficient,50000000,0,0.00000000,262800.00000000,1.00000000,90.0,262800.00000000,236520.00000000,0.58000000,0.00000248
S6a,S6/a,500,263640000,flat,low,high_cost,50000000,0,0.00000000,262800.00000000,1.00000000,90.0,262800.00000000,236520.00000000,0.90000000,0.00000384
S6a,S6/a,500,263640000,flat,base,reference,50000000,10003,0.02000200,262852.57576800,1.00000000,90.0,262852.57576800,236567.31819120,0.70000000,0.00000299
S6a,S6/a,500,263640000,flat,base,efficient,50000000,10003,0.02000200,262852.57576800,1.00000000,90.0,262852.57576800,236567.31819120,0.58000000,0.00000248
S6a,S6/a,500,263640000,flat,base,high_cost,50000000,10003,0.02000200,262852.57576800,1.00000000,90.0,262852.57576800,236567.31819120,0.90000000,0.00000384
S6a,S6/a,500,263640000,flat,high,reference,50000000,290698,0.57803533,264327.90868800,1.00000000,90.0,264327.90868800,237895.11781920,0.70000000,0.00000297
S6a,S6/a,500,263640000,flat,high,efficient,50000000,290698,0.57803533,264327.90868800,1.00000000,90.0,264327.90868800,237895.11781920,0.58000000,0.00000246
S6a,S6/a,500,263640000,flat,high,high_cost,50000000,290698,0.57803533,264327.90868800,1.00000000,90.0,264327.90868800,237895.11781920,0.90000000,0.00000382
S6a,S6/a,500,263640000,growth,low,reference,50000000,0,0.00000000,262800.00000000,2621877.23419108,80.0,689029337145.41492487,551223469716.33193990,0.70000000,0.00000336
S6a,S6/a,500,263640000,growth,low,efficient,50000000,0,0.00000000,262800.00000000,2621877.23419108,80.0,689029337145.41492487,551223469716.33193990,0.58000000,0.00000279
S6a,S6/a,500,263640000,growth,low,high_cost,50000000,0,0.00000000,262800.00000000,2621877.23419108,80.0,689029337145.41492487,551223469716.33193990,0.90000000,0.00000432
S6a,S6/a,500,263640000,growth,base,reference,50000000,10003,0.02000200,262852.57576800,2621877.23419108,80.0,689167184354.60423658,551333747483.68338926,0.70000000,0.00000336
S6a,S6/a,500,263640000,growth,base,efficient,50000000,10003,0.02000200,262852.57576800,2621877.23419108,80.0,689167184354.60423658,551333747483.68338926,0.58000000,0.00000279
S6a,S6/a,500,263640000,growth,base,high_cost,50000000,10003,0.02000200,262852.57576800,2621877.23419108,80.0,689167184354.60423658,551333747483.68338926,0.90000000,0.00000432
S6a,S6/a,500,263640000,growth,high,reference,50000000,290698,0.57803533,264327.90868800,2621877.23419108,80.0,693035326150.40488143,554428260920.32390514,0.70000000,0.00000334
S6a,S6/a,500,263640000,growth,high,efficient,50000000,290698,0.57803533,264327.90868800,2621877.23419108,80.0,693035326150.40488143,554428260920.32390514,0.58000000,0.00000277
S6a,S6/a,500,263640000,growth,high,high_cost,50000000,290698,0.57803533,264327.90868800,2621877.23419108,80.0,693035326150.40488143,554428260920.32390514,0.90000000,0.00000430
S6B,S6/b,0,840000,stress,low,reference,400000000,0,0.00000000,2102400.00000000,1.00000000,70.0,2102400.00000000,1471680.00000000,0.70000000,0.00000048
S6B,S6/b,0,840000,stress,low,efficient,400000000,0,0.00000000,2102400.00000000,1.00000000,70.0,2102400.00000000,1471680.00000000,0.58000000,0.00000040
S6B,S6/b,0,840000,stress,low,high_cost,400000000,0,0.00000000,2102400.00000000,1.00000000,70.0,2102400.00000000,1471680.00000000,0.90000000,0.00000062
S6B,S6/b,0,840000,stress,base,reference,400000000,10003,0.00250069,2102452.57576800,1.00000000,70.0,2102452.57576800,1471716.80303760,0.70000000,0.00000048
S6B,S6/b,0,840000,stress,base,efficient,400000000,10003,0.00250069,2102452.57576800,1.00000000,70.0,2102452.57576800,1471716.80303760,0.58000000,0.00000040
S6B,S6/b,0,840000,stress,base,high_cost,400000000,10003,0.00250069,2102452.57576800,1.00000000,70.0,2102452.57576800,1471716.80303760,0.90000000,0.00000062
S6B,S6/b,0,840000,stress,high,reference,400000000,290698,0.07262172,2103927.90868800,1.00000000,70.0,2103927.90868800,1472749.53608160,0.70000000,0.00000048
S6B,S6/b,0,840000,stress,high,efficient,400000000,290698,0.07262172,2103927.90868800,1.00000000,70.0,2103927.90868800,1472749.53608160,0.58000000,0.00000040
S6B,S6/b,0,840000,stress,high,high_cost,400000000,290698,0.07262172,2103927.90868800,1.00000000,70.0,2103927.90868800,1472749.53608160,0.90000000,0.00000062
S6B,S6/b,0,840000,flat,low,reference,400000000,0,0.00000000,2102400.00000000,1.00000000,90.0,2102400.00000000,1892160.00000000,0.70000000,0.00000037
S6B,S6/b,0,840000,flat,low,efficient,400000000,0,0.00000000,2102400.00000000,1.00000000,90.0,2102400.00000000,1892160.00000000,0.58000000,0.00000031
S6B,S6/b,0,840000,flat,low,high_cost,400000000,0,0.00000000,2102400.00000000,1.00000000,90.0,2102400.00000000,1892160.00000000,0.90000000,0.00000048
S6B,S6/b,0,840000,flat,base,reference,400000000,10003,0.00250069,2102452.57576800,1.00000000,90.0,2102452.57576800,1892207.31819120,0.70000000,0.00000037
S6B,S6/b,0,840000,flat,base,efficient,400000000,10003,0.00250069,2102452.57576800,1.00000000,90.0,2102452.57576800,1892207.31819120,0.58000000,0.00000031
S6B,S6/b,0,840000,flat,base,high_cost,400000000,10003,0.00250069,2102452.57576800,1.00000000,90.0,2102452.57576800,1892207.31819120,0.90000000,0.00000048
S6B,S6/b,0,840000,flat,high,reference,400000000,290698,0.07262172,2103927.90868800,1.00000000,90.0,2103927.90868800,1893535.11781920,0.70000000,0.00000037
S6B,S6/b,0,840000,flat,high,efficient,400000000,290698,0.07262172,2103927.90868800,1.00000000,90.0,2103927.90868800,1893535.11781920,0.58000000,0.00000031
S6B,S6/b,0,840000,flat,high,high_cost,400000000,290698,0.07262172,2103927.90868800,1.00000000,90.0,2103927.90868800,1893535.11781920,0.90000000,0.00000048
S6B,S6/b,0,840000,growth,low,reference,400000000,0,0.00000000,2102400.00000000,1.00000000,80.0,2102400.00000000,1681920.00000000,0.70000000,0.00000042
S6B,S6/b,0,840000,growth,low,efficient,400000000,0,0.00000000,2102400.00000000,1.00000000,80.0,2102400.00000000,1681920.00000000,0.58000000,0.00000035
S6B,S6/b,0,840000,growth,low,high_cost,400000000,0,0.00000000,2102400.00000000,1.00000000,80.0,2102400.00000000,1681920.00000000,0.90000000,0.00000054
S6B,S6/b,0,840000,growth,base,reference,400000000,10003,0.00250069,2102452.57576800,1.00000000,80.0,2102452.57576800,1681962.06061440,0.70000000,0.00000042
S6B,S6/b,0,840000,growth,base,efficient,400000000,10003,0.00250069,2102452.57576800,1.00000000,80.0,2102452.57576800,1681962.06061440,0.58000000,0.00000035
S6B,S6/b,0,840000,growth,base,high_cost,400000000,10003,0.00250069,2102452.57576800,1.00000000,80.0,2102452.57576800,1681962.06061440,0.90000000,0.00000054
S6B,S6/b,0,840000,growth,high,reference,400000000,290698,0.07262172,2103927.90868800,1.00000000,80.0,2103927.90868800,1683142.32695040,0.70000000,0.00000042
S6B,S6/b,0,840000,growth,high,efficient,400000000,290698,0.07262172,2103927.90868800,1.00000000,80.0,2103927.90868800,1683142.32695040,0.58000000,0.00000035
S6B,S6/b,0,840000,growth,high,high_cost,400000000,290698,0.07262172,2103927.90868800,1.00000000,80.0,2103927.90868800,1683142.32695040,0.90000000,0.00000054
S6B,S6/b,1,1365600,stress,low,reference,400000000,0,0.00000000,2102400.00000000,0.95000000,70.0,1997280.00000000,1398096.00000000,0.70000000,0.00000048
S6B,S6/b,1,1365600,stress,low,efficient,400000000,0,0.00000000,2102400.00000000,0.95000000,70.0,1997280.00000000,1398096.00000000,0.58000000,0.00000040
S6B,S6/b,1,1365600,stress,low,high_cost,400000000,0,0.00000000,2102400.00000000,0.95000000,70.0,1997280.00000000,1398096.00000000,0.90000000,0.00000062
S6B,S6/b,1,1365600,stress,base,reference,400000000,10003,0.00250069,2102452.57576800,0.95000000,70.0,1997329.94697960,1398130.96288572,0.70000000,0.00000048
S6B,S6/b,1,1365600,stress,base,efficient,400000000,10003,0.00250069,2102452.57576800,0.95000000,70.0,1997329.94697960,1398130.96288572,0.58000000,0.00000040
S6B,S6/b,1,1365600,stress,base,high_cost,400000000,10003,0.00250069,2102452.57576800,0.95000000,70.0,1997329.94697960,1398130.96288572,0.90000000,0.00000062
S6B,S6/b,1,1365600,stress,high,reference,400000000,290698,0.07262172,2103927.90868800,0.95000000,70.0,1998731.51325360,1399112.05927752,0.70000000,0.00000048
S6B,S6/b,1,1365600,stress,high,efficient,400000000,290698,0.07262172,2103927.90868800,0.95000000,70.0,1998731.51325360,1399112.05927752,0.58000000,0.00000040
S6B,S6/b,1,1365600,stress,high,high_cost,400000000,290698,0.07262172,2103927.90868800,0.95000000,70.0,1998731.51325360,1399112.05927752,0.90000000,0.00000062
S6B,S6/b,1,1365600,flat,low,reference,400000000,0,0.00000000,2102400.00000000,1.00000000,90.0,2102400.00000000,1892160.00000000,0.70000000,0.00000037
S6B,S6/b,1,1365600,flat,low,efficient,400000000,0,0.00000000,2102400.00000000,1.00000000,90.0,2102400.00000000,1892160.00000000,0.58000000,0.00000031
S6B,S6/b,1,1365600,flat,low,high_cost,400000000,0,0.00000000,2102400.00000000,1.00000000,90.0,2102400.00000000,1892160.00000000,0.90000000,0.00000048
S6B,S6/b,1,1365600,flat,base,reference,400000000,10003,0.00250069,2102452.57576800,1.00000000,90.0,2102452.57576800,1892207.31819120,0.70000000,0.00000037
S6B,S6/b,1,1365600,flat,base,efficient,400000000,10003,0.00250069,2102452.57576800,1.00000000,90.0,2102452.57576800,1892207.31819120,0.58000000,0.00000031
S6B,S6/b,1,1365600,flat,base,high_cost,400000000,10003,0.00250069,2102452.57576800,1.00000000,90.0,2102452.57576800,1892207.31819120,0.90000000,0.00000048
S6B,S6/b,1,1365600,flat,high,reference,400000000,290698,0.07262172,2103927.90868800,1.00000000,90.0,2103927.90868800,1893535.11781920,0.70000000,0.00000037
S6B,S6/b,1,1365600,flat,high,efficient,400000000,290698,0.07262172,2103927.90868800,1.00000000,90.0,2103927.90868800,1893535.11781920,0.58000000,0.00000031
S6B,S6/b,1,1365600,flat,high,high_cost,400000000,290698,0.07262172,2103927.90868800,1.00000000,90.0,2103927.90868800,1893535.11781920,0.90000000,0.00000048
S6B,S6/b,1,1365600,growth,low,reference,400000000,0,0.00000000,2102400.00000000,1.03000000,80.0,2165472.00000000,1732377.60000000,0.70000000,0.00000042
S6B,S6/b,1,1365600,growth,low,efficient,400000000,0,0.00000000,2102400.00000000,1.03000000,80.0,2165472.00000000,1732377.60000000,0.58000000,0.00000035
S6B,S6/b,1,1365600,growth,low,high_cost,400000000,0,0.00000000,2102400.00000000,1.03000000,80.0,2165472.00000000,1732377.60000000,0.90000000,0.00000054
S6B,S6/b,1,1365600,growth,base,reference,400000000,10003,0.00250069,2102452.57576800,1.03000000,80.0,2165526.15304104,1732420.92243283,0.70000000,0.00000042
S6B,S6/b,1,1365600,growth,base,efficient,400000000,10003,0.00250069,2102452.57576800,1.03000000,80.0,2165526.15304104,1732420.92243283,0.58000000,0.00000035
S6B,S6/b,1,1365600,growth,base,high_cost,400000000,10003,0.00250069,2102452.57576800,1.03000000,80.0,2165526.15304104,1732420.92243283,0.90000000,0.00000054
S6B,S6/b,1,1365600,growth,high,reference,400000000,290698,0.07262172,2103927.90868800,1.03000000,80.0,2167045.74594864,1733636.59675891,0.70000000,0.00000042
S6B,S6/b,1,1365600,growth,high,efficient,400000000,290698,0.07262172,2103927.90868800,1.03000000,80.0,2167045.74594864,1733636.59675891,0.58000000,0.00000035
S6B,S6/b,1,1365600,growth,high,high_cost,400000000,290698,0.07262172,2103927.90868800,1.03000000,80.0,2167045.74594864,1733636.59675891,0.90000000,0.00000054
S6B,S6/b,2,1891200,stress,low,reference,400000000,0,0.00000000,2102400.00000000,0.90250000,70.0,1897416.00000000,1328191.20000000,0.70000000,0.00000048
S6B,S6/b,2,1891200,stress,low,efficient,400000000,0,0.00000000,2102400.00000000,0.90250000,70.0,1897416.00000000,1328191.20000000,0.58000000,0.00000040
S6B,S6/b,2,1891200,stress,low,high_cost,400000000,0,0.00000000,2102400.00000000,0.90250000,70.0,1897416.00000000,1328191.20000000,0.90000000,0.00000062
S6B,S6/b,2,1891200,stress,base,reference,400000000,10003,0.00250069,2102452.57576800,0.90250000,70.0,1897463.44963062,1328224.41474143,0.70000000,0.00000048
S6B,S6/b,2,1891200,stress,base,efficient,400000000,10003,0.00250069,2102452.57576800,0.90250000,70.0,1897463.44963062,1328224.41474143,0.58000000,0.00000040
S6B,S6/b,2,1891200,stress,base,high_cost,400000000,10003,0.00250069,2102452.57576800,0.90250000,70.0,1897463.44963062,1328224.41474143,0.90000000,0.00000062
S6B,S6/b,2,1891200,stress,high,reference,400000000,290698,0.07262172,2103927.90868800,0.90250000,70.0,1898794.93759092,1329156.45631364,0.70000000,0.00000048
S6B,S6/b,2,1891200,stress,high,efficient,400000000,290698,0.07262172,2103927.90868800,0.90250000,70.0,1898794.93759092,1329156.45631364,0.58000000,0.00000040
S6B,S6/b,2,1891200,stress,high,high_cost,400000000,290698,0.07262172,2103927.90868800,0.90250000,70.0,1898794.93759092,1329156.45631364,0.90000000,0.00000062
S6B,S6/b,2,1891200,flat,low,reference,400000000,0,0.00000000,2102400.00000000,1.00000000,90.0,2102400.00000000,1892160.00000000,0.70000000,0.00000037
S6B,S6/b,2,1891200,flat,low,efficient,400000000,0,0.00000000,2102400.00000000,1.00000000,90.0,2102400.00000000,1892160.00000000,0.58000000,0.00000031
S6B,S6/b,2,1891200,flat,low,high_cost,400000000,0,0.00000000,2102400.00000000,1.00000000,90.0,2102400.00000000,1892160.00000000,0.90000000,0.00000048
S6B,S6/b,2,1891200,flat,base,reference,400000000,10003,0.00250069,2102452.57576800,1.00000000,90.0,2102452.57576800,1892207.31819120,0.70000000,0.00000037
S6B,S6/b,2,1891200,flat,base,efficient,400000000,10003,0.00250069,2102452.57576800,1.00000000,90.0,2102452.57576800,1892207.31819120,0.58000000,0.00000031
S6B,S6/b,2,1891200,flat,base,high_cost,400000000,10003,0.00250069,2102452.57576800,1.00000000,90.0,2102452.57576800,1892207.31819120,0.90000000,0.00000048
S6B,S6/b,2,1891200,flat,high,reference,400000000,290698,0.07262172,2103927.90868800,1.00000000,90.0,2103927.90868800,1893535.11781920,0.70000000,0.00000037
S6B,S6/b,2,1891200,flat,high,efficient,400000000,290698,0.07262172,2103927.90868800,1.00000000,90.0,2103927.90868800,1893535.11781920,0.58000000,0.00000031
S6B,S6/b,2,1891200,flat,high,high_cost,400000000,290698,0.07262172,2103927.90868800,1.00000000,90.0,2103927.90868800,1893535.11781920,0.90000000,0.00000048
S6B,S6/b,2,1891200,growth,low,reference,400000000,0,0.00000000,2102400.00000000,1.06090000,80.0,2230436.16000000,1784348.92800000,0.70000000,0.00000042
S6B,S6/b,2,1891200,growth,low,efficient,400000000,0,0.00000000,2102400.00000000,1.06090000,80.0,2230436.16000000,1784348.92800000,0.58000000,0.00000035
S6B,S6/b,2,1891200,growth,low,high_cost,400000000,0,0.00000000,2102400.00000000,1.06090000,80.0,2230436.16000000,1784348.92800000,0.90000000,0.00000054
S6B,S6/b,2,1891200,growth,base,reference,400000000,10003,0.00250069,2102452.57576800,1.06090000,80.0,2230491.93763227,1784393.55010582,0.70000000,0.00000042
S6B,S6/b,2,1891200,growth,base,efficient,400000000,10003,0.00250069,2102452.57576800,1.06090000,80.0,2230491.93763227,1784393.55010582,0.58000000,0.00000035
S6B,S6/b,2,1891200,growth,base,high_cost,400000000,10003,0.00250069,2102452.57576800,1.06090000,80.0,2230491.93763227,1784393.55010582,0.90000000,0.00000054
S6B,S6/b,2,1891200,growth,high,reference,400000000,290698,0.07262172,2103927.90868800,1.06090000,80.0,2232057.11832710,1785645.69466168,0.70000000,0.00000042
S6B,S6/b,2,1891200,growth,high,efficient,400000000,290698,0.07262172,2103927.90868800,1.06090000,80.0,2232057.11832710,1785645.69466168,0.58000000,0.00000035
S6B,S6/b,2,1891200,growth,high,high_cost,400000000,290698,0.07262172,2103927.90868800,1.06090000,80.0,2232057.11832710,1785645.69466168,0.90000000,0.00000054
S6B,S6/b,5,3468000,stress,low,reference,200000000,0,0.00000000,1051200.00000000,0.77378094,70.0,813398.52150000,569378.96505000,0.70000000,0.00000096
S6B,S6/b,5,3468000,stress,low,efficient,200000000,0,0.00000000,1051200.00000000,0.77378094,70.0,813398.52150000,569378.96505000,0.58000000,0.00000080
S6B,S6/b,5,3468000,stress,low,high_cost,200000000,0,0.00000000,1051200.00000000,0.77378094,70.0,813398.52150000,569378.96505000,0.90000000,0.00000124
S6B,S6/b,5,3468000,stress,base,reference,200000000,10003,0.00500125,1051252.57576800,0.77378094,70.0,813439.20362705,569407.44253894,0.70000000,0.00000096
S6B,S6/b,5,3468000,stress,base,efficient,200000000,10003,0.00500125,1051252.57576800,0.77378094,70.0,813439.20362705,569407.44253894,0.58000000,0.00000080
S6B,S6/b,5,3468000,stress,base,high_cost,200000000,10003,0.00500125,1051252.57576800,0.77378094,70.0,813439.20362705,569407.44253894,0.90000000,0.00000124
S6B,S6/b,5,3468000,stress,high,reference,200000000,290698,0.14513804,1052727.90868800,0.77378094,70.0,814580.78811702,570206.55168191,0.70000000,0.00000096
S6B,S6/b,5,3468000,stress,high,efficient,200000000,290698,0.14513804,1052727.90868800,0.77378094,70.0,814580.78811702,570206.55168191,0.58000000,0.00000080
S6B,S6/b,5,3468000,stress,high,high_cost,200000000,290698,0.14513804,1052727.90868800,0.77378094,70.0,814580.78811702,570206.55168191,0.90000000,0.00000123
S6B,S6/b,5,3468000,flat,low,reference,200000000,0,0.00000000,1051200.00000000,1.00000000,90.0,1051200.00000000,946080.00000000,0.70000000,0.00000075
S6B,S6/b,5,3468000,flat,low,efficient,200000000,0,0.00000000,1051200.00000000,1.00000000,90.0,1051200.00000000,946080.00000000,0.58000000,0.00000062
S6B,S6/b,5,3468000,flat,low,high_cost,200000000,0,0.00000000,1051200.00000000,1.00000000,90.0,1051200.00000000,946080.00000000,0.90000000,0.00000096
S6B,S6/b,5,3468000,flat,base,reference,200000000,10003,0.00500125,1051252.57576800,1.00000000,90.0,1051252.57576800,946127.31819120,0.70000000,0.00000075
S6B,S6/b,5,3468000,flat,base,efficient,200000000,10003,0.00500125,1051252.57576800,1.00000000,90.0,1051252.57576800,946127.31819120,0.58000000,0.00000062
S6B,S6/b,5,3468000,flat,base,high_cost,200000000,10003,0.00500125,1051252.57576800,1.00000000,90.0,1051252.57576800,946127.31819120,0.90000000,0.00000096
S6B,S6/b,5,3468000,flat,high,reference,200000000,290698,0.14513804,1052727.90868800,1.00000000,90.0,1052727.90868800,947455.11781920,0.70000000,0.00000075
S6B,S6/b,5,3468000,flat,high,efficient,200000000,290698,0.14513804,1052727.90868800,1.00000000,90.0,1052727.90868800,947455.11781920,0.58000000,0.00000062
S6B,S6/b,5,3468000,flat,high,high_cost,200000000,290698,0.14513804,1052727.90868800,1.00000000,90.0,1052727.90868800,947455.11781920,0.90000000,0.00000096
S6B,S6/b,5,3468000,growth,low,reference,200000000,0,0.00000000,1051200.00000000,1.15927407,80.0,1218628.90690416,974903.12552333,0.70000000,0.00000084
S6B,S6/b,5,3468000,growth,low,efficient,200000000,0,0.00000000,1051200.00000000,1.15927407,80.0,1218628.90690416,974903.12552333,0.58000000,0.00000070
S6B,S6/b,5,3468000,growth,low,high_cost,200000000,0,0.00000000,1051200.00000000,1.15927407,80.0,1218628.90690416,974903.12552333,0.90000000,0.00000108
S6B,S6/b,5,3468000,growth,base,reference,200000000,10003,0.00500125,1051252.57576800,1.15927407,80.0,1218689.85662894,974951.88530315,0.70000000,0.00000084
S6B,S6/b,5,3468000,growth,base,efficient,200000000,10003,0.00500125,1051252.57576800,1.15927407,80.0,1218689.85662894,974951.88530315,0.58000000,0.00000070
S6B,S6/b,5,3468000,growth,base,high_cost,200000000,10003,0.00500125,1051252.57576800,1.15927407,80.0,1218689.85662894,974951.88530315,0.90000000,0.00000108
S6B,S6/b,5,3468000,growth,high,reference,200000000,290698,0.14513804,1052727.90868800,1.15927407,80.0,1220400.17183406,976320.13746724,0.70000000,0.00000084
S6B,S6/b,5,3468000,growth,high,efficient,200000000,290698,0.14513804,1052727.90868800,1.15927407,80.0,1220400.17183406,976320.13746724,0.58000000,0.00000070
S6B,S6/b,5,3468000,growth,high,high_cost,200000000,290698,0.14513804,1052727.90868800,1.15927407,80.0,1220400.17183406,976320.13746724,0.90000000,0.00000108
S6B,S6/b,10,6096000,stress,low,reference,100000000,0,0.00000000,525600.00000000,0.59873694,70.0,314696.13526369,220287.29468458,0.70000000,0.00000192
S6B,S6/b,10,6096000,stress,low,efficient,100000000,0,0.00000000,525600.00000000,0.59873694,70.0,314696.13526369,220287.29468458,0.58000000,0.00000159
S6B,S6/b,10,6096000,stress,low,high_cost,100000000,0,0.00000000,525600.00000000,0.59873694,70.0,314696.13526369,220287.29468458,0.90000000,0.00000247
S6B,S6/b,10,6096000,stress,base,reference,100000000,10003,0.01000200,525652.57576800,0.59873694,70.0,314727.61431810,220309.33002267,0.70000000,0.00000192
S6B,S6/b,10,6096000,stress,base,efficient,100000000,10003,0.01000200,525652.57576800,0.59873694,70.0,314727.61431810,220309.33002267,0.58000000,0.00000159
S6B,S6/b,10,6096000,stress,base,high_cost,100000000,10003,0.01000200,525652.57576800,0.59873694,70.0,314727.61431810,220309.33002267,0.90000000,0.00000247
S6B,S6/b,10,6096000,stress,high,reference,100000000,290698,0.28985540,527127.90868800,0.59873694,70.0,315610.95063498,220927.66544449,0.70000000,0.00000192
S6B,S6/b,10,6096000,stress,high,efficient,100000000,290698,0.28985540,527127.90868800,0.59873694,70.0,315610.95063498,220927.66544449,0.58000000,0.00000159
S6B,S6/b,10,6096000,stress,high,high_cost,100000000,290698,0.28985540,527127.90868800,0.59873694,70.0,315610.95063498,220927.66544449,0.90000000,0.00000246
S6B,S6/b,10,6096000,flat,low,reference,100000000,0,0.00000000,525600.00000000,1.00000000,90.0,525600.00000000,473040.00000000,0.70000000,0.00000149
S6B,S6/b,10,6096000,flat,low,efficient,100000000,0,0.00000000,525600.00000000,1.00000000,90.0,525600.00000000,473040.00000000,0.58000000,0.00000124
S6B,S6/b,10,6096000,flat,low,high_cost,100000000,0,0.00000000,525600.00000000,1.00000000,90.0,525600.00000000,473040.00000000,0.90000000,0.00000192
S6B,S6/b,10,6096000,flat,base,reference,100000000,10003,0.01000200,525652.57576800,1.00000000,90.0,525652.57576800,473087.31819120,0.70000000,0.00000149
S6B,S6/b,10,6096000,flat,base,efficient,100000000,10003,0.01000200,525652.57576800,1.00000000,90.0,525652.57576800,473087.31819120,0.58000000,0.00000124
S6B,S6/b,10,6096000,flat,base,high_cost,100000000,10003,0.01000200,525652.57576800,1.00000000,90.0,525652.57576800,473087.31819120,0.90000000,0.00000192
S6B,S6/b,10,6096000,flat,high,reference,100000000,290698,0.28985540,527127.90868800,1.00000000,90.0,527127.90868800,474415.11781920,0.70000000,0.00000149
S6B,S6/b,10,6096000,flat,high,efficient,100000000,290698,0.28985540,527127.90868800,1.00000000,90.0,527127.90868800,474415.11781920,0.58000000,0.00000123
S6B,S6/b,10,6096000,flat,high,high_cost,100000000,290698,0.28985540,527127.90868800,1.00000000,90.0,527127.90868800,474415.11781920,0.90000000,0.00000192
S6B,S6/b,10,6096000,growth,low,reference,100000000,0,0.00000000,525600.00000000,1.34391638,80.0,706362.44898327,565089.95918662,0.70000000,0.00000168
S6B,S6/b,10,6096000,growth,low,efficient,100000000,0,0.00000000,525600.00000000,1.34391638,80.0,706362.44898327,565089.95918662,0.58000000,0.00000139
S6B,S6/b,10,6096000,growth,low,high_cost,100000000,0,0.00000000,525600.00000000,1.34391638,80.0,706362.44898327,565089.95918662,0.90000000,0.00000216
S6B,S6/b,10,6096000,growth,base,reference,100000000,10003,0.01000200,525652.57576800,1.34391638,80.0,706433.10641904,565146.48513523,0.70000000,0.00000168
S6B,S6/b,10,6096000,growth,base,efficient,100000000,10003,0.01000200,525652.57576800,1.34391638,80.0,706433.10641904,565146.48513523,0.58000000,0.00000139
S6B,S6/b,10,6096000,growth,base,high_cost,100000000,10003,0.01000200,525652.57576800,1.34391638,80.0,706433.10641904,565146.48513523,0.90000000,0.00000216
S6B,S6/b,10,6096000,growth,high,reference,100000000,290698,0.28985540,527127.90868800,1.34391638,80.0,708415.83049522,566732.66439617,0.70000000,0.00000168
S6B,S6/b,10,6096000,growth,high,efficient,100000000,290698,0.28985540,527127.90868800,1.34391638,80.0,708415.83049522,566732.66439617,0.58000000,0.00000139
S6B,S6/b,10,6096000,growth,high,high_cost,100000000,290698,0.28985540,527127.90868800,1.34391638,80.0,708415.83049522,566732.66439617,0.90000000,0.00000216
S6B,S6/b,25,13980000,stress,low,reference,60000000,0,0.00000000,315360.00000000,0.27738957,70.0,87477.57577970,61234.30304579,0.70000000,0.00000320
S6B,S6/b,25,13980000,stress,low,efficient,60000000,0,0.00000000,315360.00000000,0.27738957,70.0,87477.57577970,61234.30304579,0.58000000,0.00000265
S6B,S6/b,25,13980000,stress,low,high_cost,60000000,0,0.00000000,315360.00000000,0.27738957,70.0,87477.57577970,61234.30304579,0.90000000,0.00000412
S6B,S6/b,25,13980000,stress,base,reference,60000000,10003,0.01666889,315412.57576800,0.27738957,70.0,87492.15974954,61244.51182468,0.70000000,0.00000320
S6B,S6/b,25,13980000,stress,base,efficient,60000000,10003,0.01666889,315412.57576800,0.27738957,70.0,87492.15974954,61244.51182468,0.58000000,0.00000265
S6B,S6/b,25,13980000,stress,base,high_cost,60000000,10003,0.01666889,315412.57576800,0.27738957,70.0,87492.15974954,61244.51182468,0.90000000,0.00000412
S6B,S6/b,25,13980000,stress,high,reference,60000000,290698,0.48216061,316887.90868800,0.27738957,70.0,87901.40171844,61530.98120290,0.70000000,0.00000319
S6B,S6/b,25,13980000,stress,high,efficient,60000000,290698,0.48216061,316887.90868800,0.27738957,70.0,87901.40171844,61530.98120290,0.58000000,0.00000264
S6B,S6/b,25,13980000,stress,high,high_cost,60000000,290698,0.48216061,316887.90868800,0.27738957,70.0,87901.40171844,61530.98120290,0.90000000,0.00000410
S6B,S6/b,25,13980000,flat,low,reference,60000000,0,0.00000000,315360.00000000,1.00000000,90.0,315360.00000000,283824.00000000,0.70000000,0.00000249
S6B,S6/b,25,13980000,flat,low,efficient,60000000,0,0.00000000,315360.00000000,1.00000000,90.0,315360.00000000,283824.00000000,0.58000000,0.00000206
S6B,S6/b,25,13980000,flat,low,high_cost,60000000,0,0.00000000,315360.00000000,1.00000000,90.0,315360.00000000,283824.00000000,0.90000000,0.00000320
S6B,S6/b,25,13980000,flat,base,reference,60000000,10003,0.01666889,315412.57576800,1.00000000,90.0,315412.57576800,283871.31819120,0.70000000,0.00000249
S6B,S6/b,25,13980000,flat,base,efficient,60000000,10003,0.01666889,315412.57576800,1.00000000,90.0,315412.57576800,283871.31819120,0.58000000,0.00000206
S6B,S6/b,25,13980000,flat,base,high_cost,60000000,10003,0.01666889,315412.57576800,1.00000000,90.0,315412.57576800,283871.31819120,0.90000000,0.00000320
S6B,S6/b,25,13980000,flat,high,reference,60000000,290698,0.48216061,316887.90868800,1.00000000,90.0,316887.90868800,285199.11781920,0.70000000,0.00000248
S6B,S6/b,25,13980000,flat,high,efficient,60000000,290698,0.48216061,316887.90868800,1.00000000,90.0,316887.90868800,285199.11781920,0.58000000,0.00000205
S6B,S6/b,25,13980000,flat,high,high_cost,60000000,290698,0.48216061,316887.90868800,1.00000000,90.0,316887.90868800,285199.11781920,0.90000000,0.00000319
S6B,S6/b,25,13980000,growth,low,reference,60000000,0,0.00000000,315360.00000000,2.09377793,80.0,660293.80789575,528235.04631660,0.70000000,0.00000280
S6B,S6/b,25,13980000,growth,low,efficient,60000000,0,0.00000000,315360.00000000,2.09377793,80.0,660293.80789575,528235.04631660,0.58000000,0.00000232
S6B,S6/b,25,13980000,growth,low,high_cost,60000000,0,0.00000000,315360.00000000,2.09377793,80.0,660293.80789575,528235.04631660,0.90000000,0.00000360
S6B,S6/b,25,13980000,growth,base,reference,60000000,10003,0.01666889,315412.57576800,2.09377793,80.0,660403.88987843,528323.11190274,0.70000000,0.00000280
S6B,S6/b,25,13980000,growth,base,efficient,60000000,10003,0.01666889,315412.57576800,2.09377793,80.0,660403.88987843,528323.11190274,0.58000000,0.00000232
S6B,S6/b,25,13980000,growth,base,high_cost,60000000,10003,0.01666889,315412.57576800,2.09377793,80.0,660403.88987843,528323.11190274,0.90000000,0.00000360
S6B,S6/b,25,13980000,growth,high,reference,60000000,290698,0.48216061,316887.90868800,2.09377793,80.0,663492.90938521,530794.32750817,0.70000000,0.00000279
S6B,S6/b,25,13980000,growth,high,efficient,60000000,290698,0.48216061,316887.90868800,2.09377793,80.0,663492.90938521,530794.32750817,0.58000000,0.00000231
S6B,S6/b,25,13980000,growth,high,high_cost,60000000,290698,0.48216061,316887.90868800,2.09377793,80.0,663492.90938521,530794.32750817,0.90000000,0.00000359
S6B,S6/b,50,27120000,stress,low,reference,60000000,0,0.00000000,315360.00000000,0.07694498,70.0,24265.36740326,16985.75718229,0.70000000,0.00000320
S6B,S6/b,50,27120000,stress,low,efficient,60000000,0,0.00000000,315360.00000000,0.07694498,70.0,24265.36740326,16985.75718229,0.58000000,0.00000265
S6B,S6/b,50,27120000,stress,low,high_cost,60000000,0,0.00000000,315360.00000000,0.07694498,70.0,24265.36740326,16985.75718229,0.90000000,0.00000412
S6B,S6/b,50,27120000,stress,base,reference,60000000,10003,0.01666889,315412.57576800,0.07694498,70.0,24269.41284443,16988.58899110,0.70000000,0.00000320
S6B,S6/b,50,27120000,stress,base,efficient,60000000,10003,0.01666889,315412.57576800,0.07694498,70.0,24269.41284443,16988.58899110,0.58000000,0.00000265
S6B,S6/b,50,27120000,stress,base,high_cost,60000000,10003,0.01666889,315412.57576800,0.07694498,70.0,24269.41284443,16988.58899110,0.90000000,0.00000412
S6B,S6/b,50,27120000,stress,high,reference,60000000,290698,0.48216061,316887.90868800,0.07694498,70.0,24382.93229949,17068.05260964,0.70000000,0.00000319
S6B,S6/b,50,27120000,stress,high,efficient,60000000,290698,0.48216061,316887.90868800,0.07694498,70.0,24382.93229949,17068.05260964,0.58000000,0.00000264
S6B,S6/b,50,27120000,stress,high,high_cost,60000000,290698,0.48216061,316887.90868800,0.07694498,70.0,24382.93229949,17068.05260964,0.90000000,0.00000410
S6B,S6/b,50,27120000,flat,low,reference,60000000,0,0.00000000,315360.00000000,1.00000000,90.0,315360.00000000,283824.00000000,0.70000000,0.00000249
S6B,S6/b,50,27120000,flat,low,efficient,60000000,0,0.00000000,315360.00000000,1.00000000,90.0,315360.00000000,283824.00000000,0.58000000,0.00000206
S6B,S6/b,50,27120000,flat,low,high_cost,60000000,0,0.00000000,315360.00000000,1.00000000,90.0,315360.00000000,283824.00000000,0.90000000,0.00000320
S6B,S6/b,50,27120000,flat,base,reference,60000000,10003,0.01666889,315412.57576800,1.00000000,90.0,315412.57576800,283871.31819120,0.70000000,0.00000249
S6B,S6/b,50,27120000,flat,base,efficient,60000000,10003,0.01666889,315412.57576800,1.00000000,90.0,315412.57576800,283871.31819120,0.58000000,0.00000206
S6B,S6/b,50,27120000,flat,base,high_cost,60000000,10003,0.01666889,315412.57576800,1.00000000,90.0,315412.57576800,283871.31819120,0.90000000,0.00000320
S6B,S6/b,50,27120000,flat,high,reference,60000000,290698,0.48216061,316887.90868800,1.00000000,90.0,316887.90868800,285199.11781920,0.70000000,0.00000248
S6B,S6/b,50,27120000,flat,high,efficient,60000000,290698,0.48216061,316887.90868800,1.00000000,90.0,316887.90868800,285199.11781920,0.58000000,0.00000205
S6B,S6/b,50,27120000,flat,high,high_cost,60000000,290698,0.48216061,316887.90868800,1.00000000,90.0,316887.90868800,285199.11781920,0.90000000,0.00000319
S6B,S6/b,50,27120000,growth,low,reference,60000000,0,0.00000000,315360.00000000,4.38390602,80.0,1382508.60205947,1106006.88164757,0.70000000,0.00000280
S6B,S6/b,50,27120000,growth,low,efficient,60000000,0,0.00000000,315360.00000000,4.38390602,80.0,1382508.60205947,1106006.88164757,0.58000000,0.00000232
S6B,S6/b,50,27120000,growth,low,high_cost,60000000,0,0.00000000,315360.00000000,4.38390602,80.0,1382508.60205947,1106006.88164757,0.90000000,0.00000360
S6B,S6/b,50,27120000,growth,base,reference,60000000,10003,0.01666889,315412.57576800,4.38390602,80.0,1382739.08928524,1106191.27142819,0.70000000,0.00000280
S6B,S6/b,50,27120000,growth,base,efficient,60000000,10003,0.01666889,315412.57576800,4.38390602,80.0,1382739.08928524,1106191.27142819,0.58000000,0.00000232
S6B,S6/b,50,27120000,growth,base,high_cost,60000000,10003,0.01666889,315412.57576800,4.38390602,80.0,1382739.08928524,1106191.27142819,0.90000000,0.00000360
S6B,S6/b,50,27120000,growth,high,reference,60000000,290698,0.48216061,316887.90868800,4.38390602,80.0,1389206.81015283,1111365.44812226,0.70000000,0.00000279
S6B,S6/b,50,27120000,growth,high,efficient,60000000,290698,0.48216061,316887.90868800,4.38390602,80.0,1389206.81015283,1111365.44812226,0.58000000,0.00000231
S6B,S6/b,50,27120000,growth,high,high_cost,60000000,290698,0.48216061,316887.90868800,4.38390602,80.0,1389206.81015283,1111365.44812226,0.90000000,0.00000359
S6B,S6/b,100,53400000,stress,low,reference,60000000,0,0.00000000,315360.00000000,0.00592053,70.0,1867.09809492,1306.96866645,0.70000000,0.00000320
S6B,S6/b,100,53400000,stress,low,efficient,60000000,0,0.00000000,315360.00000000,0.00592053,70.0,1867.09809492,1306.96866645,0.58000000,0.00000265
S6B,S6/b,100,53400000,stress,low,high_cost,60000000,0,0.00000000,315360.00000000,0.00592053,70.0,1867.09809492,1306.96866645,0.90000000,0.00000412
S6B,S6/b,100,53400000,stress,base,reference,60000000,10003,0.01666889,315412.57576800,0.00592053,70.0,1867.40937130,1307.18655991,0.70000000,0.00000320
S6B,S6/b,100,53400000,stress,base,efficient,60000000,10003,0.01666889,315412.57576800,0.00592053,70.0,1867.40937130,1307.18655991,0.58000000,0.00000265
S6B,S6/b,100,53400000,stress,base,high_cost,60000000,10003,0.01666889,315412.57576800,0.00592053,70.0,1867.40937130,1307.18655991,0.90000000,0.00000412
S6B,S6/b,100,53400000,stress,high,reference,60000000,290698,0.48216061,316887.90868800,0.00592053,70.0,1876.14412296,1313.30088607,0.70000000,0.00000319
S6B,S6/b,100,53400000,stress,high,efficient,60000000,290698,0.48216061,316887.90868800,0.00592053,70.0,1876.14412296,1313.30088607,0.58000000,0.00000264
S6B,S6/b,100,53400000,stress,high,high_cost,60000000,290698,0.48216061,316887.90868800,0.00592053,70.0,1876.14412296,1313.30088607,0.90000000,0.00000410
S6B,S6/b,100,53400000,flat,low,reference,60000000,0,0.00000000,315360.00000000,1.00000000,90.0,315360.00000000,283824.00000000,0.70000000,0.00000249
S6B,S6/b,100,53400000,flat,low,efficient,60000000,0,0.00000000,315360.00000000,1.00000000,90.0,315360.00000000,283824.00000000,0.58000000,0.00000206
S6B,S6/b,100,53400000,flat,low,high_cost,60000000,0,0.00000000,315360.00000000,1.00000000,90.0,315360.00000000,283824.00000000,0.90000000,0.00000320
S6B,S6/b,100,53400000,flat,base,reference,60000000,10003,0.01666889,315412.57576800,1.00000000,90.0,315412.57576800,283871.31819120,0.70000000,0.00000249
S6B,S6/b,100,53400000,flat,base,efficient,60000000,10003,0.01666889,315412.57576800,1.00000000,90.0,315412.57576800,283871.31819120,0.58000000,0.00000206
S6B,S6/b,100,53400000,flat,base,high_cost,60000000,10003,0.01666889,315412.57576800,1.00000000,90.0,315412.57576800,283871.31819120,0.90000000,0.00000320
S6B,S6/b,100,53400000,flat,high,reference,60000000,290698,0.48216061,316887.90868800,1.00000000,90.0,316887.90868800,285199.11781920,0.70000000,0.00000248
S6B,S6/b,100,53400000,flat,high,efficient,60000000,290698,0.48216061,316887.90868800,1.00000000,90.0,316887.90868800,285199.11781920,0.58000000,0.00000205
S6B,S6/b,100,53400000,flat,high,high_cost,60000000,290698,0.48216061,316887.90868800,1.00000000,90.0,316887.90868800,285199.11781920,0.90000000,0.00000319
S6B,S6/b,100,53400000,growth,low,reference,60000000,0,0.00000000,315360.00000000,19.21863198,80.0,6060787.78148283,4848630.22518626,0.70000000,0.00000280
S6B,S6/b,100,53400000,growth,low,efficient,60000000,0,0.00000000,315360.00000000,19.21863198,80.0,6060787.78148283,4848630.22518626,0.58000000,0.00000232
S6B,S6/b,100,53400000,growth,low,high_cost,60000000,0,0.00000000,315360.00000000,19.21863198,80.0,6060787.78148283,4848630.22518626,0.90000000,0.00000360
S6B,S6/b,100,53400000,growth,base,reference,60000000,10003,0.01666889,315412.57576800,19.21863198,80.0,6061798.21581913,4849438.57265530,0.70000000,0.00000280
S6B,S6/b,100,53400000,growth,base,efficient,60000000,10003,0.01666889,315412.57576800,19.21863198,80.0,6061798.21581913,4849438.57265530,0.58000000,0.00000232
S6B,S6/b,100,53400000,growth,base,high_cost,60000000,10003,0.01666889,315412.57576800,19.21863198,80.0,6061798.21581913,4849438.57265530,0.90000000,0.00000360
S6B,S6/b,100,53400000,growth,high,reference,60000000,290698,0.48216061,316887.90868800,19.21863198,80.0,6090152.09625785,4872121.67700628,0.70000000,0.00000279
S6B,S6/b,100,53400000,growth,high,efficient,60000000,290698,0.48216061,316887.90868800,19.21863198,80.0,6090152.09625785,4872121.67700628,0.58000000,0.00000231
S6B,S6/b,100,53400000,growth,high,high_cost,60000000,290698,0.48216061,316887.90868800,19.21863198,80.0,6090152.09625785,4872121.67700628,0.90000000,0.00000359
S6B,S6/b,250,132240000,stress,low,reference,60000000,0,0.00000000,315360.00000000,0.00000270,70.0,0.85056582,0.59539608,0.70000000,0.00000320
S6B,S6/b,250,132240000,stress,low,efficient,60000000,0,0.00000000,315360.00000000,0.00000270,70.0,0.85056582,0.59539608,0.58000000,0.00000265
S6B,S6/b,250,132240000,stress,low,high_cost,60000000,0,0.00000000,315360.00000000,0.00000270,70.0,0.85056582,0.59539608,0.90000000,0.00000412
S6B,S6/b,250,132240000,stress,base,reference,60000000,10003,0.01666889,315412.57576800,0.00000270,70.0,0.85070763,0.59549534,0.70000000,0.00000320
S6B,S6/b,250,132240000,stress,base,efficient,60000000,10003,0.01666889,315412.57576800,0.00000270,70.0,0.85070763,0.59549534,0.58000000,0.00000265
S6B,S6/b,250,132240000,stress,base,high_cost,60000000,10003,0.01666889,315412.57576800,0.00000270,70.0,0.85070763,0.59549534,0.90000000,0.00000412
S6B,S6/b,250,132240000,stress,high,reference,60000000,290698,0.48216061,316887.90868800,0.00000270,70.0,0.85468679,0.59828075,0.70000000,0.00000319
S6B,S6/b,250,132240000,stress,high,efficient,60000000,290698,0.48216061,316887.90868800,0.00000270,70.0,0.85468679,0.59828075,0.58000000,0.00000264
S6B,S6/b,250,132240000,stress,high,high_cost,60000000,290698,0.48216061,316887.90868800,0.00000270,70.0,0.85468679,0.59828075,0.90000000,0.00000410
S6B,S6/b,250,132240000,flat,low,reference,60000000,0,0.00000000,315360.00000000,1.00000000,90.0,315360.00000000,283824.00000000,0.70000000,0.00000249
S6B,S6/b,250,132240000,flat,low,efficient,60000000,0,0.00000000,315360.00000000,1.00000000,90.0,315360.00000000,283824.00000000,0.58000000,0.00000206
S6B,S6/b,250,132240000,flat,low,high_cost,60000000,0,0.00000000,315360.00000000,1.00000000,90.0,315360.00000000,283824.00000000,0.90000000,0.00000320
S6B,S6/b,250,132240000,flat,base,reference,60000000,10003,0.01666889,315412.57576800,1.00000000,90.0,315412.57576800,283871.31819120,0.70000000,0.00000249
S6B,S6/b,250,132240000,flat,base,efficient,60000000,10003,0.01666889,315412.57576800,1.00000000,90.0,315412.57576800,283871.31819120,0.58000000,0.00000206
S6B,S6/b,250,132240000,flat,base,high_cost,60000000,10003,0.01666889,315412.57576800,1.00000000,90.0,315412.57576800,283871.31819120,0.90000000,0.00000320
S6B,S6/b,250,132240000,flat,high,reference,60000000,290698,0.48216061,316887.90868800,1.00000000,90.0,316887.90868800,285199.11781920,0.70000000,0.00000248
S6B,S6/b,250,132240000,flat,high,efficient,60000000,290698,0.48216061,316887.90868800,1.00000000,90.0,316887.90868800,285199.11781920,0.58000000,0.00000205
S6B,S6/b,250,132240000,flat,high,high_cost,60000000,290698,0.48216061,316887.90868800,1.00000000,90.0,316887.90868800,285199.11781920,0.90000000,0.00000319
S6B,S6/b,250,132240000,growth,low,reference,60000000,0,0.00000000,315360.00000000,1619.22118137,80.0,510637591.75624121,408510073.40499297,0.70000000,0.00000280
S6B,S6/b,250,132240000,growth,low,efficient,60000000,0,0.00000000,315360.00000000,1619.22118137,80.0,510637591.75624121,408510073.40499297,0.58000000,0.00000232
S6B,S6/b,250,132240000,growth,low,high_cost,60000000,0,0.00000000,315360.00000000,1619.22118137,80.0,510637591.75624121,408510073.40499297,0.90000000,0.00000360
S6B,S6/b,250,132240000,growth,base,reference,60000000,10003,0.01666889,315412.57576800,1619.22118137,80.0,510722723.55341350,408578178.84273080,0.70000000,0.00000280
S6B,S6/b,250,132240000,growth,base,efficient,60000000,10003,0.01666889,315412.57576800,1619.22118137,80.0,510722723.55341350,408578178.84273080,0.58000000,0.00000232
S6B,S6/b,250,132240000,growth,base,high_cost,60000000,10003,0.01666889,315412.57576800,1619.22118137,80.0,510722723.55341350,408578178.84273080,0.90000000,0.00000360
S6B,S6/b,250,132240000,growth,high,reference,60000000,290698,0.48216061,316887.90868800,1619.22118137,80.0,513111613.86704714,410489291.09363771,0.70000000,0.00000279
S6B,S6/b,250,132240000,growth,high,efficient,60000000,290698,0.48216061,316887.90868800,1619.22118137,80.0,513111613.86704714,410489291.09363771,0.58000000,0.00000231
S6B,S6/b,250,132240000,growth,high,high_cost,60000000,290698,0.48216061,316887.90868800,1619.22118137,80.0,513111613.86704714,410489291.09363771,0.90000000,0.00000359
S6B,S6/b,500,263640000,stress,low,reference,0,0,0.00000000,0.00000000,0.00000000,70.0,0.00000000,0.00000000,0.70000000,0.00000000
S6B,S6/b,500,263640000,stress,low,efficient,0,0,0.00000000,0.00000000,0.00000000,70.0,0.00000000,0.00000000,0.58000000,0.00000000
S6B,S6/b,500,263640000,stress,low,high_cost,0,0,0.00000000,0.00000000,0.00000000,70.0,0.00000000,0.00000000,0.90000000,0.00000000
S6B,S6/b,500,263640000,stress,base,reference,0,10003,100.00000000,52.57576800,0.00000000,70.0,0.00000000,0.00000000,0.70000000,0.01921229
S6B,S6/b,500,263640000,stress,base,efficient,0,10003,100.00000000,52.57576800,0.00000000,70.0,0.00000000,0.00000000,0.58000000,0.01591876
S6B,S6/b,500,263640000,stress,base,high_cost,0,10003,100.00000000,52.57576800,0.00000000,70.0,0.00000000,0.00000000,0.90000000,0.02470152
S6B,S6/b,500,263640000,stress,high,reference,0,290698,100.00000000,1527.90868800,0.00000000,70.0,0.00000001,0.00000001,0.70000000,0.00066110
S6B,S6/b,500,263640000,stress,high,efficient,0,290698,100.00000000,1527.90868800,0.00000000,70.0,0.00000001,0.00000001,0.58000000,0.00054777
S6B,S6/b,500,263640000,stress,high,high_cost,0,290698,100.00000000,1527.90868800,0.00000000,70.0,0.00000001,0.00000001,0.90000000,0.00084999
S6B,S6/b,500,263640000,flat,low,reference,0,0,0.00000000,0.00000000,1.00000000,90.0,0.00000000,0.00000000,0.70000000,0.00000000
S6B,S6/b,500,263640000,flat,low,efficient,0,0,0.00000000,0.00000000,1.00000000,90.0,0.00000000,0.00000000,0.58000000,0.00000000
S6B,S6/b,500,263640000,flat,low,high_cost,0,0,0.00000000,0.00000000,1.00000000,90.0,0.00000000,0.00000000,0.90000000,0.00000000
S6B,S6/b,500,263640000,flat,base,reference,0,10003,100.00000000,52.57576800,1.00000000,90.0,52.57576800,47.31819120,0.70000000,0.01494289
S6B,S6/b,500,263640000,flat,base,efficient,0,10003,100.00000000,52.57576800,1.00000000,90.0,52.57576800,47.31819120,0.58000000,0.01238125
S6B,S6/b,500,263640000,flat,base,high_cost,0,10003,100.00000000,52.57576800,1.00000000,90.0,52.57576800,47.31819120,0.90000000,0.01921229
S6B,S6/b,500,263640000,flat,high,reference,0,290698,100.00000000,1527.90868800,1.00000000,90.0,1527.90868800,1375.11781920,0.70000000,0.00051419
S6B,S6/b,500,263640000,flat,high,efficient,0,290698,100.00000000,1527.90868800,1.00000000,90.0,1527.90868800,1375.11781920,0.58000000,0.00042604
S6B,S6/b,500,263640000,flat,high,high_cost,0,290698,100.00000000,1527.90868800,1.00000000,90.0,1527.90868800,1375.11781920,0.90000000,0.00066110
S6B,S6/b,500,263640000,growth,low,reference,0,0,0.00000000,0.00000000,2621877.23419108,80.0,0.00000000,0.00000000,0.70000000,0.00000000
S6B,S6/b,500,263640000,growth,low,efficient,0,0,0.00000000,0.00000000,2621877.23419108,80.0,0.00000000,0.00000000,0.58000000,0.00000000
S6B,S6/b,500,263640000,growth,low,high_cost,0,0,0.00000000,0.00000000,2621877.23419108,80.0,0.00000000,0.00000000,0.90000000,0.00000000
S6B,S6/b,500,263640000,growth,base,reference,0,10003,100.00000000,52.57576800,2621877.23419108,80.0,137847209.18931171,110277767.35144937,0.70000000,0.01681076
S6B,S6/b,500,263640000,growth,base,efficient,0,10003,100.00000000,52.57576800,2621877.23419108,80.0,137847209.18931171,110277767.35144937,0.58000000,0.01392891
S6B,S6/b,500,263640000,growth,base,high_cost,0,10003,100.00000000,52.57576800,2621877.23419108,80.0,137847209.18931171,110277767.35144937,0.90000000,0.02161383
S6B,S6/b,500,263640000,growth,high,reference,0,290698,100.00000000,1527.90868800,2621877.23419108,80.0,4005989004.98995656,3204791203.99196525,0.70000000,0.00057846
S6B,S6/b,500,263640000,growth,high,efficient,0,290698,100.00000000,1527.90868800,2621877.23419108,80.0,4005989004.98995656,3204791203.99196525,0.58000000,0.00047930
S6B,S6/b,500,263640000,growth,high,high_cost,0,290698,100.00000000,1527.90868800,2621877.23419108,80.0,4005989004.98995656,3204791203.99196525,0.90000000,0.00074374
S6c,S6/c,0,840000,stress,low,reference,400000000,0,0.00000000,2102400.00000000,1.00000000,70.0,2102400.00000000,1471680.00000000,0.70000000,0.00000048
S6c,S6/c,0,840000,stress,low,efficient,400000000,0,0.00000000,2102400.00000000,1.00000000,70.0,2102400.00000000,1471680.00000000,0.58000000,0.00000040
S6c,S6/c,0,840000,stress,low,high_cost,400000000,0,0.00000000,2102400.00000000,1.00000000,70.0,2102400.00000000,1471680.00000000,0.90000000,0.00000062
S6c,S6/c,0,840000,stress,base,reference,400000000,10003,0.00250069,2102452.57576800,1.00000000,70.0,2102452.57576800,1471716.80303760,0.70000000,0.00000048
S6c,S6/c,0,840000,stress,base,efficient,400000000,10003,0.00250069,2102452.57576800,1.00000000,70.0,2102452.57576800,1471716.80303760,0.58000000,0.00000040
S6c,S6/c,0,840000,stress,base,high_cost,400000000,10003,0.00250069,2102452.57576800,1.00000000,70.0,2102452.57576800,1471716.80303760,0.90000000,0.00000062
S6c,S6/c,0,840000,stress,high,reference,400000000,290698,0.07262172,2103927.90868800,1.00000000,70.0,2103927.90868800,1472749.53608160,0.70000000,0.00000048
S6c,S6/c,0,840000,stress,high,efficient,400000000,290698,0.07262172,2103927.90868800,1.00000000,70.0,2103927.90868800,1472749.53608160,0.58000000,0.00000040
S6c,S6/c,0,840000,stress,high,high_cost,400000000,290698,0.07262172,2103927.90868800,1.00000000,70.0,2103927.90868800,1472749.53608160,0.90000000,0.00000062
S6c,S6/c,0,840000,flat,low,reference,400000000,0,0.00000000,2102400.00000000,1.00000000,90.0,2102400.00000000,1892160.00000000,0.70000000,0.00000037
S6c,S6/c,0,840000,flat,low,efficient,400000000,0,0.00000000,2102400.00000000,1.00000000,90.0,2102400.00000000,1892160.00000000,0.58000000,0.00000031
S6c,S6/c,0,840000,flat,low,high_cost,400000000,0,0.00000000,2102400.00000000,1.00000000,90.0,2102400.00000000,1892160.00000000,0.90000000,0.00000048
S6c,S6/c,0,840000,flat,base,reference,400000000,10003,0.00250069,2102452.57576800,1.00000000,90.0,2102452.57576800,1892207.31819120,0.70000000,0.00000037
S6c,S6/c,0,840000,flat,base,efficient,400000000,10003,0.00250069,2102452.57576800,1.00000000,90.0,2102452.57576800,1892207.31819120,0.58000000,0.00000031
S6c,S6/c,0,840000,flat,base,high_cost,400000000,10003,0.00250069,2102452.57576800,1.00000000,90.0,2102452.57576800,1892207.31819120,0.90000000,0.00000048
S6c,S6/c,0,840000,flat,high,reference,400000000,290698,0.07262172,2103927.90868800,1.00000000,90.0,2103927.90868800,1893535.11781920,0.70000000,0.00000037
S6c,S6/c,0,840000,flat,high,efficient,400000000,290698,0.07262172,2103927.90868800,1.00000000,90.0,2103927.90868800,1893535.11781920,0.58000000,0.00000031
S6c,S6/c,0,840000,flat,high,high_cost,400000000,290698,0.07262172,2103927.90868800,1.00000000,90.0,2103927.90868800,1893535.11781920,0.90000000,0.00000048
S6c,S6/c,0,840000,growth,low,reference,400000000,0,0.00000000,2102400.00000000,1.00000000,80.0,2102400.00000000,1681920.00000000,0.70000000,0.00000042
S6c,S6/c,0,840000,growth,low,efficient,400000000,0,0.00000000,2102400.00000000,1.00000000,80.0,2102400.00000000,1681920.00000000,0.58000000,0.00000035
S6c,S6/c,0,840000,growth,low,high_cost,400000000,0,0.00000000,2102400.00000000,1.00000000,80.0,2102400.00000000,1681920.00000000,0.90000000,0.00000054
S6c,S6/c,0,840000,growth,base,reference,400000000,10003,0.00250069,2102452.57576800,1.00000000,80.0,2102452.57576800,1681962.06061440,0.70000000,0.00000042
S6c,S6/c,0,840000,growth,base,efficient,400000000,10003,0.00250069,2102452.57576800,1.00000000,80.0,2102452.57576800,1681962.06061440,0.58000000,0.00000035
S6c,S6/c,0,840000,growth,base,high_cost,400000000,10003,0.00250069,2102452.57576800,1.00000000,80.0,2102452.57576800,1681962.06061440,0.90000000,0.00000054
S6c,S6/c,0,840000,growth,high,reference,400000000,290698,0.07262172,2103927.90868800,1.00000000,80.0,2103927.90868800,1683142.32695040,0.70000000,0.00000042
S6c,S6/c,0,840000,growth,high,efficient,400000000,290698,0.07262172,2103927.90868800,1.00000000,80.0,2103927.90868800,1683142.32695040,0.58000000,0.00000035
S6c,S6/c,0,840000,growth,high,high_cost,400000000,290698,0.07262172,2103927.90868800,1.00000000,80.0,2103927.90868800,1683142.32695040,0.90000000,0.00000054
S6c,S6/c,1,1365600,stress,low,reference,400000000,0,0.00000000,2102400.00000000,0.95000000,70.0,1997280.00000000,1398096.00000000,0.70000000,0.00000048
S6c,S6/c,1,1365600,stress,low,efficient,400000000,0,0.00000000,2102400.00000000,0.95000000,70.0,1997280.00000000,1398096.00000000,0.58000000,0.00000040
S6c,S6/c,1,1365600,stress,low,high_cost,400000000,0,0.00000000,2102400.00000000,0.95000000,70.0,1997280.00000000,1398096.00000000,0.90000000,0.00000062
S6c,S6/c,1,1365600,stress,base,reference,400000000,10003,0.00250069,2102452.57576800,0.95000000,70.0,1997329.94697960,1398130.96288572,0.70000000,0.00000048
S6c,S6/c,1,1365600,stress,base,efficient,400000000,10003,0.00250069,2102452.57576800,0.95000000,70.0,1997329.94697960,1398130.96288572,0.58000000,0.00000040
S6c,S6/c,1,1365600,stress,base,high_cost,400000000,10003,0.00250069,2102452.57576800,0.95000000,70.0,1997329.94697960,1398130.96288572,0.90000000,0.00000062
S6c,S6/c,1,1365600,stress,high,reference,400000000,290698,0.07262172,2103927.90868800,0.95000000,70.0,1998731.51325360,1399112.05927752,0.70000000,0.00000048
S6c,S6/c,1,1365600,stress,high,efficient,400000000,290698,0.07262172,2103927.90868800,0.95000000,70.0,1998731.51325360,1399112.05927752,0.58000000,0.00000040
S6c,S6/c,1,1365600,stress,high,high_cost,400000000,290698,0.07262172,2103927.90868800,0.95000000,70.0,1998731.51325360,1399112.05927752,0.90000000,0.00000062
S6c,S6/c,1,1365600,flat,low,reference,400000000,0,0.00000000,2102400.00000000,1.00000000,90.0,2102400.00000000,1892160.00000000,0.70000000,0.00000037
S6c,S6/c,1,1365600,flat,low,efficient,400000000,0,0.00000000,2102400.00000000,1.00000000,90.0,2102400.00000000,1892160.00000000,0.58000000,0.00000031
S6c,S6/c,1,1365600,flat,low,high_cost,400000000,0,0.00000000,2102400.00000000,1.00000000,90.0,2102400.00000000,1892160.00000000,0.90000000,0.00000048
S6c,S6/c,1,1365600,flat,base,reference,400000000,10003,0.00250069,2102452.57576800,1.00000000,90.0,2102452.57576800,1892207.31819120,0.70000000,0.00000037
S6c,S6/c,1,1365600,flat,base,efficient,400000000,10003,0.00250069,2102452.57576800,1.00000000,90.0,2102452.57576800,1892207.31819120,0.58000000,0.00000031
S6c,S6/c,1,1365600,flat,base,high_cost,400000000,10003,0.00250069,2102452.57576800,1.00000000,90.0,2102452.57576800,1892207.31819120,0.90000000,0.00000048
S6c,S6/c,1,1365600,flat,high,reference,400000000,290698,0.07262172,2103927.90868800,1.00000000,90.0,2103927.90868800,1893535.11781920,0.70000000,0.00000037
S6c,S6/c,1,1365600,flat,high,efficient,400000000,290698,0.07262172,2103927.90868800,1.00000000,90.0,2103927.90868800,1893535.11781920,0.58000000,0.00000031
S6c,S6/c,1,1365600,flat,high,high_cost,400000000,290698,0.07262172,2103927.90868800,1.00000000,90.0,2103927.90868800,1893535.11781920,0.90000000,0.00000048
S6c,S6/c,1,1365600,growth,low,reference,400000000,0,0.00000000,2102400.00000000,1.03000000,80.0,2165472.00000000,1732377.60000000,0.70000000,0.00000042
S6c,S6/c,1,1365600,growth,low,efficient,400000000,0,0.00000000,2102400.00000000,1.03000000,80.0,2165472.00000000,1732377.60000000,0.58000000,0.00000035
S6c,S6/c,1,1365600,growth,low,high_cost,400000000,0,0.00000000,2102400.00000000,1.03000000,80.0,2165472.00000000,1732377.60000000,0.90000000,0.00000054
S6c,S6/c,1,1365600,growth,base,reference,400000000,10003,0.00250069,2102452.57576800,1.03000000,80.0,2165526.15304104,1732420.92243283,0.70000000,0.00000042
S6c,S6/c,1,1365600,growth,base,efficient,400000000,10003,0.00250069,2102452.57576800,1.03000000,80.0,2165526.15304104,1732420.92243283,0.58000000,0.00000035
S6c,S6/c,1,1365600,growth,base,high_cost,400000000,10003,0.00250069,2102452.57576800,1.03000000,80.0,2165526.15304104,1732420.92243283,0.90000000,0.00000054
S6c,S6/c,1,1365600,growth,high,reference,400000000,290698,0.07262172,2103927.90868800,1.03000000,80.0,2167045.74594864,1733636.59675891,0.70000000,0.00000042
S6c,S6/c,1,1365600,growth,high,efficient,400000000,290698,0.07262172,2103927.90868800,1.03000000,80.0,2167045.74594864,1733636.59675891,0.58000000,0.00000035
S6c,S6/c,1,1365600,growth,high,high_cost,400000000,290698,0.07262172,2103927.90868800,1.03000000,80.0,2167045.74594864,1733636.59675891,0.90000000,0.00000054
S6c,S6/c,2,1891200,stress,low,reference,400000000,0,0.00000000,2102400.00000000,0.90250000,70.0,1897416.00000000,1328191.20000000,0.70000000,0.00000048
S6c,S6/c,2,1891200,stress,low,efficient,400000000,0,0.00000000,2102400.00000000,0.90250000,70.0,1897416.00000000,1328191.20000000,0.58000000,0.00000040
S6c,S6/c,2,1891200,stress,low,high_cost,400000000,0,0.00000000,2102400.00000000,0.90250000,70.0,1897416.00000000,1328191.20000000,0.90000000,0.00000062
S6c,S6/c,2,1891200,stress,base,reference,400000000,10003,0.00250069,2102452.57576800,0.90250000,70.0,1897463.44963062,1328224.41474143,0.70000000,0.00000048
S6c,S6/c,2,1891200,stress,base,efficient,400000000,10003,0.00250069,2102452.57576800,0.90250000,70.0,1897463.44963062,1328224.41474143,0.58000000,0.00000040
S6c,S6/c,2,1891200,stress,base,high_cost,400000000,10003,0.00250069,2102452.57576800,0.90250000,70.0,1897463.44963062,1328224.41474143,0.90000000,0.00000062
S6c,S6/c,2,1891200,stress,high,reference,400000000,290698,0.07262172,2103927.90868800,0.90250000,70.0,1898794.93759092,1329156.45631364,0.70000000,0.00000048
S6c,S6/c,2,1891200,stress,high,efficient,400000000,290698,0.07262172,2103927.90868800,0.90250000,70.0,1898794.93759092,1329156.45631364,0.58000000,0.00000040
S6c,S6/c,2,1891200,stress,high,high_cost,400000000,290698,0.07262172,2103927.90868800,0.90250000,70.0,1898794.93759092,1329156.45631364,0.90000000,0.00000062
S6c,S6/c,2,1891200,flat,low,reference,400000000,0,0.00000000,2102400.00000000,1.00000000,90.0,2102400.00000000,1892160.00000000,0.70000000,0.00000037
S6c,S6/c,2,1891200,flat,low,efficient,400000000,0,0.00000000,2102400.00000000,1.00000000,90.0,2102400.00000000,1892160.00000000,0.58000000,0.00000031
S6c,S6/c,2,1891200,flat,low,high_cost,400000000,0,0.00000000,2102400.00000000,1.00000000,90.0,2102400.00000000,1892160.00000000,0.90000000,0.00000048
S6c,S6/c,2,1891200,flat,base,reference,400000000,10003,0.00250069,2102452.57576800,1.00000000,90.0,2102452.57576800,1892207.31819120,0.70000000,0.00000037
S6c,S6/c,2,1891200,flat,base,efficient,400000000,10003,0.00250069,2102452.57576800,1.00000000,90.0,2102452.57576800,1892207.31819120,0.58000000,0.00000031
S6c,S6/c,2,1891200,flat,base,high_cost,400000000,10003,0.00250069,2102452.57576800,1.00000000,90.0,2102452.57576800,1892207.31819120,0.90000000,0.00000048
S6c,S6/c,2,1891200,flat,high,reference,400000000,290698,0.07262172,2103927.90868800,1.00000000,90.0,2103927.90868800,1893535.11781920,0.70000000,0.00000037
S6c,S6/c,2,1891200,flat,high,efficient,400000000,290698,0.07262172,2103927.90868800,1.00000000,90.0,2103927.90868800,1893535.11781920,0.58000000,0.00000031
S6c,S6/c,2,1891200,flat,high,high_cost,400000000,290698,0.07262172,2103927.90868800,1.00000000,90.0,2103927.90868800,1893535.11781920,0.90000000,0.00000048
S6c,S6/c,2,1891200,growth,low,reference,400000000,0,0.00000000,2102400.00000000,1.06090000,80.0,2230436.16000000,1784348.92800000,0.70000000,0.00000042
S6c,S6/c,2,1891200,growth,low,efficient,400000000,0,0.00000000,2102400.00000000,1.06090000,80.0,2230436.16000000,1784348.92800000,0.58000000,0.00000035
S6c,S6/c,2,1891200,growth,low,high_cost,400000000,0,0.00000000,2102400.00000000,1.06090000,80.0,2230436.16000000,1784348.92800000,0.90000000,0.00000054
S6c,S6/c,2,1891200,growth,base,reference,400000000,10003,0.00250069,2102452.57576800,1.06090000,80.0,2230491.93763227,1784393.55010582,0.70000000,0.00000042
S6c,S6/c,2,1891200,growth,base,efficient,400000000,10003,0.00250069,2102452.57576800,1.06090000,80.0,2230491.93763227,1784393.55010582,0.58000000,0.00000035
S6c,S6/c,2,1891200,growth,base,high_cost,400000000,10003,0.00250069,2102452.57576800,1.06090000,80.0,2230491.93763227,1784393.55010582,0.90000000,0.00000054
S6c,S6/c,2,1891200,growth,high,reference,400000000,290698,0.07262172,2103927.90868800,1.06090000,80.0,2232057.11832710,1785645.69466168,0.70000000,0.00000042
S6c,S6/c,2,1891200,growth,high,efficient,400000000,290698,0.07262172,2103927.90868800,1.06090000,80.0,2232057.11832710,1785645.69466168,0.58000000,0.00000035
S6c,S6/c,2,1891200,growth,high,high_cost,400000000,290698,0.07262172,2103927.90868800,1.06090000,80.0,2232057.11832710,1785645.69466168,0.90000000,0.00000054
S6c,S6/c,5,3468000,stress,low,reference,200000000,0,0.00000000,1051200.00000000,0.77378094,70.0,813398.52150000,569378.96505000,0.70000000,0.00000096
S6c,S6/c,5,3468000,stress,low,efficient,200000000,0,0.00000000,1051200.00000000,0.77378094,70.0,813398.52150000,569378.96505000,0.58000000,0.00000080
S6c,S6/c,5,3468000,stress,low,high_cost,200000000,0,0.00000000,1051200.00000000,0.77378094,70.0,813398.52150000,569378.96505000,0.90000000,0.00000124
S6c,S6/c,5,3468000,stress,base,reference,200000000,10003,0.00500125,1051252.57576800,0.77378094,70.0,813439.20362705,569407.44253894,0.70000000,0.00000096
S6c,S6/c,5,3468000,stress,base,efficient,200000000,10003,0.00500125,1051252.57576800,0.77378094,70.0,813439.20362705,569407.44253894,0.58000000,0.00000080
S6c,S6/c,5,3468000,stress,base,high_cost,200000000,10003,0.00500125,1051252.57576800,0.77378094,70.0,813439.20362705,569407.44253894,0.90000000,0.00000124
S6c,S6/c,5,3468000,stress,high,reference,200000000,290698,0.14513804,1052727.90868800,0.77378094,70.0,814580.78811702,570206.55168191,0.70000000,0.00000096
S6c,S6/c,5,3468000,stress,high,efficient,200000000,290698,0.14513804,1052727.90868800,0.77378094,70.0,814580.78811702,570206.55168191,0.58000000,0.00000080
S6c,S6/c,5,3468000,stress,high,high_cost,200000000,290698,0.14513804,1052727.90868800,0.77378094,70.0,814580.78811702,570206.55168191,0.90000000,0.00000123
S6c,S6/c,5,3468000,flat,low,reference,200000000,0,0.00000000,1051200.00000000,1.00000000,90.0,1051200.00000000,946080.00000000,0.70000000,0.00000075
S6c,S6/c,5,3468000,flat,low,efficient,200000000,0,0.00000000,1051200.00000000,1.00000000,90.0,1051200.00000000,946080.00000000,0.58000000,0.00000062
S6c,S6/c,5,3468000,flat,low,high_cost,200000000,0,0.00000000,1051200.00000000,1.00000000,90.0,1051200.00000000,946080.00000000,0.90000000,0.00000096
S6c,S6/c,5,3468000,flat,base,reference,200000000,10003,0.00500125,1051252.57576800,1.00000000,90.0,1051252.57576800,946127.31819120,0.70000000,0.00000075
S6c,S6/c,5,3468000,flat,base,efficient,200000000,10003,0.00500125,1051252.57576800,1.00000000,90.0,1051252.57576800,946127.31819120,0.58000000,0.00000062
S6c,S6/c,5,3468000,flat,base,high_cost,200000000,10003,0.00500125,1051252.57576800,1.00000000,90.0,1051252.57576800,946127.31819120,0.90000000,0.00000096
S6c,S6/c,5,3468000,flat,high,reference,200000000,290698,0.14513804,1052727.90868800,1.00000000,90.0,1052727.90868800,947455.11781920,0.70000000,0.00000075
S6c,S6/c,5,3468000,flat,high,efficient,200000000,290698,0.14513804,1052727.90868800,1.00000000,90.0,1052727.90868800,947455.11781920,0.58000000,0.00000062
S6c,S6/c,5,3468000,flat,high,high_cost,200000000,290698,0.14513804,1052727.90868800,1.00000000,90.0,1052727.90868800,947455.11781920,0.90000000,0.00000096
S6c,S6/c,5,3468000,growth,low,reference,200000000,0,0.00000000,1051200.00000000,1.15927407,80.0,1218628.90690416,974903.12552333,0.70000000,0.00000084
S6c,S6/c,5,3468000,growth,low,efficient,200000000,0,0.00000000,1051200.00000000,1.15927407,80.0,1218628.90690416,974903.12552333,0.58000000,0.00000070
S6c,S6/c,5,3468000,growth,low,high_cost,200000000,0,0.00000000,1051200.00000000,1.15927407,80.0,1218628.90690416,974903.12552333,0.90000000,0.00000108
S6c,S6/c,5,3468000,growth,base,reference,200000000,10003,0.00500125,1051252.57576800,1.15927407,80.0,1218689.85662894,974951.88530315,0.70000000,0.00000084
S6c,S6/c,5,3468000,growth,base,efficient,200000000,10003,0.00500125,1051252.57576800,1.15927407,80.0,1218689.85662894,974951.88530315,0.58000000,0.00000070
S6c,S6/c,5,3468000,growth,base,high_cost,200000000,10003,0.00500125,1051252.57576800,1.15927407,80.0,1218689.85662894,974951.88530315,0.90000000,0.00000108
S6c,S6/c,5,3468000,growth,high,reference,200000000,290698,0.14513804,1052727.90868800,1.15927407,80.0,1220400.17183406,976320.13746724,0.70000000,0.00000084
S6c,S6/c,5,3468000,growth,high,efficient,200000000,290698,0.14513804,1052727.90868800,1.15927407,80.0,1220400.17183406,976320.13746724,0.58000000,0.00000070
S6c,S6/c,5,3468000,growth,high,high_cost,200000000,290698,0.14513804,1052727.90868800,1.15927407,80.0,1220400.17183406,976320.13746724,0.90000000,0.00000108
S6c,S6/c,10,6096000,stress,low,reference,100000000,0,0.00000000,525600.00000000,0.59873694,70.0,314696.13526369,220287.29468458,0.70000000,0.00000192
S6c,S6/c,10,6096000,stress,low,efficient,100000000,0,0.00000000,525600.00000000,0.59873694,70.0,314696.13526369,220287.29468458,0.58000000,0.00000159
S6c,S6/c,10,6096000,stress,low,high_cost,100000000,0,0.00000000,525600.00000000,0.59873694,70.0,314696.13526369,220287.29468458,0.90000000,0.00000247
S6c,S6/c,10,6096000,stress,base,reference,100000000,10003,0.01000200,525652.57576800,0.59873694,70.0,314727.61431810,220309.33002267,0.70000000,0.00000192
S6c,S6/c,10,6096000,stress,base,efficient,100000000,10003,0.01000200,525652.57576800,0.59873694,70.0,314727.61431810,220309.33002267,0.58000000,0.00000159
S6c,S6/c,10,6096000,stress,base,high_cost,100000000,10003,0.01000200,525652.57576800,0.59873694,70.0,314727.61431810,220309.33002267,0.90000000,0.00000247
S6c,S6/c,10,6096000,stress,high,reference,100000000,290698,0.28985540,527127.90868800,0.59873694,70.0,315610.95063498,220927.66544449,0.70000000,0.00000192
S6c,S6/c,10,6096000,stress,high,efficient,100000000,290698,0.28985540,527127.90868800,0.59873694,70.0,315610.95063498,220927.66544449,0.58000000,0.00000159
S6c,S6/c,10,6096000,stress,high,high_cost,100000000,290698,0.28985540,527127.90868800,0.59873694,70.0,315610.95063498,220927.66544449,0.90000000,0.00000246
S6c,S6/c,10,6096000,flat,low,reference,100000000,0,0.00000000,525600.00000000,1.00000000,90.0,525600.00000000,473040.00000000,0.70000000,0.00000149
S6c,S6/c,10,6096000,flat,low,efficient,100000000,0,0.00000000,525600.00000000,1.00000000,90.0,525600.00000000,473040.00000000,0.58000000,0.00000124
S6c,S6/c,10,6096000,flat,low,high_cost,100000000,0,0.00000000,525600.00000000,1.00000000,90.0,525600.00000000,473040.00000000,0.90000000,0.00000192
S6c,S6/c,10,6096000,flat,base,reference,100000000,10003,0.01000200,525652.57576800,1.00000000,90.0,525652.57576800,473087.31819120,0.70000000,0.00000149
S6c,S6/c,10,6096000,flat,base,efficient,100000000,10003,0.01000200,525652.57576800,1.00000000,90.0,525652.57576800,473087.31819120,0.58000000,0.00000124
S6c,S6/c,10,6096000,flat,base,high_cost,100000000,10003,0.01000200,525652.57576800,1.00000000,90.0,525652.57576800,473087.31819120,0.90000000,0.00000192
S6c,S6/c,10,6096000,flat,high,reference,100000000,290698,0.28985540,527127.90868800,1.00000000,90.0,527127.90868800,474415.11781920,0.70000000,0.00000149
S6c,S6/c,10,6096000,flat,high,efficient,100000000,290698,0.28985540,527127.90868800,1.00000000,90.0,527127.90868800,474415.11781920,0.58000000,0.00000123
S6c,S6/c,10,6096000,flat,high,high_cost,100000000,290698,0.28985540,527127.90868800,1.00000000,90.0,527127.90868800,474415.11781920,0.90000000,0.00000192
S6c,S6/c,10,6096000,growth,low,reference,100000000,0,0.00000000,525600.00000000,1.34391638,80.0,706362.44898327,565089.95918662,0.70000000,0.00000168
S6c,S6/c,10,6096000,growth,low,efficient,100000000,0,0.00000000,525600.00000000,1.34391638,80.0,706362.44898327,565089.95918662,0.58000000,0.00000139
S6c,S6/c,10,6096000,growth,low,high_cost,100000000,0,0.00000000,525600.00000000,1.34391638,80.0,706362.44898327,565089.95918662,0.90000000,0.00000216
S6c,S6/c,10,6096000,growth,base,reference,100000000,10003,0.01000200,525652.57576800,1.34391638,80.0,706433.10641904,565146.48513523,0.70000000,0.00000168
S6c,S6/c,10,6096000,growth,base,efficient,100000000,10003,0.01000200,525652.57576800,1.34391638,80.0,706433.10641904,565146.48513523,0.58000000,0.00000139
S6c,S6/c,10,6096000,growth,base,high_cost,100000000,10003,0.01000200,525652.57576800,1.34391638,80.0,706433.10641904,565146.48513523,0.90000000,0.00000216
S6c,S6/c,10,6096000,growth,high,reference,100000000,290698,0.28985540,527127.90868800,1.34391638,80.0,708415.83049522,566732.66439617,0.70000000,0.00000168
S6c,S6/c,10,6096000,growth,high,efficient,100000000,290698,0.28985540,527127.90868800,1.34391638,80.0,708415.83049522,566732.66439617,0.58000000,0.00000139
S6c,S6/c,10,6096000,growth,high,high_cost,100000000,290698,0.28985540,527127.90868800,1.34391638,80.0,708415.83049522,566732.66439617,0.90000000,0.00000216
S6c,S6/c,25,13980000,stress,low,reference,60000000,0,0.00000000,315360.00000000,0.27738957,70.0,87477.57577970,61234.30304579,0.70000000,0.00000320
S6c,S6/c,25,13980000,stress,low,efficient,60000000,0,0.00000000,315360.00000000,0.27738957,70.0,87477.57577970,61234.30304579,0.58000000,0.00000265
S6c,S6/c,25,13980000,stress,low,high_cost,60000000,0,0.00000000,315360.00000000,0.27738957,70.0,87477.57577970,61234.30304579,0.90000000,0.00000412
S6c,S6/c,25,13980000,stress,base,reference,60000000,10003,0.01666889,315412.57576800,0.27738957,70.0,87492.15974954,61244.51182468,0.70000000,0.00000320
S6c,S6/c,25,13980000,stress,base,efficient,60000000,10003,0.01666889,315412.57576800,0.27738957,70.0,87492.15974954,61244.51182468,0.58000000,0.00000265
S6c,S6/c,25,13980000,stress,base,high_cost,60000000,10003,0.01666889,315412.57576800,0.27738957,70.0,87492.15974954,61244.51182468,0.90000000,0.00000412
S6c,S6/c,25,13980000,stress,high,reference,60000000,290698,0.48216061,316887.90868800,0.27738957,70.0,87901.40171844,61530.98120290,0.70000000,0.00000319
S6c,S6/c,25,13980000,stress,high,efficient,60000000,290698,0.48216061,316887.90868800,0.27738957,70.0,87901.40171844,61530.98120290,0.58000000,0.00000264
S6c,S6/c,25,13980000,stress,high,high_cost,60000000,290698,0.48216061,316887.90868800,0.27738957,70.0,87901.40171844,61530.98120290,0.90000000,0.00000410
S6c,S6/c,25,13980000,flat,low,reference,60000000,0,0.00000000,315360.00000000,1.00000000,90.0,315360.00000000,283824.00000000,0.70000000,0.00000249
S6c,S6/c,25,13980000,flat,low,efficient,60000000,0,0.00000000,315360.00000000,1.00000000,90.0,315360.00000000,283824.00000000,0.58000000,0.00000206
S6c,S6/c,25,13980000,flat,low,high_cost,60000000,0,0.00000000,315360.00000000,1.00000000,90.0,315360.00000000,283824.00000000,0.90000000,0.00000320
S6c,S6/c,25,13980000,flat,base,reference,60000000,10003,0.01666889,315412.57576800,1.00000000,90.0,315412.57576800,283871.31819120,0.70000000,0.00000249
S6c,S6/c,25,13980000,flat,base,efficient,60000000,10003,0.01666889,315412.57576800,1.00000000,90.0,315412.57576800,283871.31819120,0.58000000,0.00000206
S6c,S6/c,25,13980000,flat,base,high_cost,60000000,10003,0.01666889,315412.57576800,1.00000000,90.0,315412.57576800,283871.31819120,0.90000000,0.00000320
S6c,S6/c,25,13980000,flat,high,reference,60000000,290698,0.48216061,316887.90868800,1.00000000,90.0,316887.90868800,285199.11781920,0.70000000,0.00000248
S6c,S6/c,25,13980000,flat,high,efficient,60000000,290698,0.48216061,316887.90868800,1.00000000,90.0,316887.90868800,285199.11781920,0.58000000,0.00000205
S6c,S6/c,25,13980000,flat,high,high_cost,60000000,290698,0.48216061,316887.90868800,1.00000000,90.0,316887.90868800,285199.11781920,0.90000000,0.00000319
S6c,S6/c,25,13980000,growth,low,reference,60000000,0,0.00000000,315360.00000000,2.09377793,80.0,660293.80789575,528235.04631660,0.70000000,0.00000280
S6c,S6/c,25,13980000,growth,low,efficient,60000000,0,0.00000000,315360.00000000,2.09377793,80.0,660293.80789575,528235.04631660,0.58000000,0.00000232
S6c,S6/c,25,13980000,growth,low,high_cost,60000000,0,0.00000000,315360.00000000,2.09377793,80.0,660293.80789575,528235.04631660,0.90000000,0.00000360
S6c,S6/c,25,13980000,growth,base,reference,60000000,10003,0.01666889,315412.57576800,2.09377793,80.0,660403.88987843,528323.11190274,0.70000000,0.00000280
S6c,S6/c,25,13980000,growth,base,efficient,60000000,10003,0.01666889,315412.57576800,2.09377793,80.0,660403.88987843,528323.11190274,0.58000000,0.00000232
S6c,S6/c,25,13980000,growth,base,high_cost,60000000,10003,0.01666889,315412.57576800,2.09377793,80.0,660403.88987843,528323.11190274,0.90000000,0.00000360
S6c,S6/c,25,13980000,growth,high,reference,60000000,290698,0.48216061,316887.90868800,2.09377793,80.0,663492.90938521,530794.32750817,0.70000000,0.00000279
S6c,S6/c,25,13980000,growth,high,efficient,60000000,290698,0.48216061,316887.90868800,2.09377793,80.0,663492.90938521,530794.32750817,0.58000000,0.00000231
S6c,S6/c,25,13980000,growth,high,high_cost,60000000,290698,0.48216061,316887.90868800,2.09377793,80.0,663492.90938521,530794.32750817,0.90000000,0.00000359
S6c,S6/c,50,27120000,stress,low,reference,60000000,0,0.00000000,315360.00000000,0.07694498,70.0,24265.36740326,16985.75718229,0.70000000,0.00000320
S6c,S6/c,50,27120000,stress,low,efficient,60000000,0,0.00000000,315360.00000000,0.07694498,70.0,24265.36740326,16985.75718229,0.58000000,0.00000265
S6c,S6/c,50,27120000,stress,low,high_cost,60000000,0,0.00000000,315360.00000000,0.07694498,70.0,24265.36740326,16985.75718229,0.90000000,0.00000412
S6c,S6/c,50,27120000,stress,base,reference,60000000,10003,0.01666889,315412.57576800,0.07694498,70.0,24269.41284443,16988.58899110,0.70000000,0.00000320
S6c,S6/c,50,27120000,stress,base,efficient,60000000,10003,0.01666889,315412.57576800,0.07694498,70.0,24269.41284443,16988.58899110,0.58000000,0.00000265
S6c,S6/c,50,27120000,stress,base,high_cost,60000000,10003,0.01666889,315412.57576800,0.07694498,70.0,24269.41284443,16988.58899110,0.90000000,0.00000412
S6c,S6/c,50,27120000,stress,high,reference,60000000,290698,0.48216061,316887.90868800,0.07694498,70.0,24382.93229949,17068.05260964,0.70000000,0.00000319
S6c,S6/c,50,27120000,stress,high,efficient,60000000,290698,0.48216061,316887.90868800,0.07694498,70.0,24382.93229949,17068.05260964,0.58000000,0.00000264
S6c,S6/c,50,27120000,stress,high,high_cost,60000000,290698,0.48216061,316887.90868800,0.07694498,70.0,24382.93229949,17068.05260964,0.90000000,0.00000410
S6c,S6/c,50,27120000,flat,low,reference,60000000,0,0.00000000,315360.00000000,1.00000000,90.0,315360.00000000,283824.00000000,0.70000000,0.00000249
S6c,S6/c,50,27120000,flat,low,efficient,60000000,0,0.00000000,315360.00000000,1.00000000,90.0,315360.00000000,283824.00000000,0.58000000,0.00000206
S6c,S6/c,50,27120000,flat,low,high_cost,60000000,0,0.00000000,315360.00000000,1.00000000,90.0,315360.00000000,283824.00000000,0.90000000,0.00000320
S6c,S6/c,50,27120000,flat,base,reference,60000000,10003,0.01666889,315412.57576800,1.00000000,90.0,315412.57576800,283871.31819120,0.70000000,0.00000249
S6c,S6/c,50,27120000,flat,base,efficient,60000000,10003,0.01666889,315412.57576800,1.00000000,90.0,315412.57576800,283871.31819120,0.58000000,0.00000206
S6c,S6/c,50,27120000,flat,base,high_cost,60000000,10003,0.01666889,315412.57576800,1.00000000,90.0,315412.57576800,283871.31819120,0.90000000,0.00000320
S6c,S6/c,50,27120000,flat,high,reference,60000000,290698,0.48216061,316887.90868800,1.00000000,90.0,316887.90868800,285199.11781920,0.70000000,0.00000248
S6c,S6/c,50,27120000,flat,high,efficient,60000000,290698,0.48216061,316887.90868800,1.00000000,90.0,316887.90868800,285199.11781920,0.58000000,0.00000205
S6c,S6/c,50,27120000,flat,high,high_cost,60000000,290698,0.48216061,316887.90868800,1.00000000,90.0,316887.90868800,285199.11781920,0.90000000,0.00000319
S6c,S6/c,50,27120000,growth,low,reference,60000000,0,0.00000000,315360.00000000,4.38390602,80.0,1382508.60205947,1106006.88164757,0.70000000,0.00000280
S6c,S6/c,50,27120000,growth,low,efficient,60000000,0,0.00000000,315360.00000000,4.38390602,80.0,1382508.60205947,1106006.88164757,0.58000000,0.00000232
S6c,S6/c,50,27120000,growth,low,high_cost,60000000,0,0.00000000,315360.00000000,4.38390602,80.0,1382508.60205947,1106006.88164757,0.90000000,0.00000360
S6c,S6/c,50,27120000,growth,base,reference,60000000,10003,0.01666889,315412.57576800,4.38390602,80.0,1382739.08928524,1106191.27142819,0.70000000,0.00000280
S6c,S6/c,50,27120000,growth,base,efficient,60000000,10003,0.01666889,315412.57576800,4.38390602,80.0,1382739.08928524,1106191.27142819,0.58000000,0.00000232
S6c,S6/c,50,27120000,growth,base,high_cost,60000000,10003,0.01666889,315412.57576800,4.38390602,80.0,1382739.08928524,1106191.27142819,0.90000000,0.00000360
S6c,S6/c,50,27120000,growth,high,reference,60000000,290698,0.48216061,316887.90868800,4.38390602,80.0,1389206.81015283,1111365.44812226,0.70000000,0.00000279
S6c,S6/c,50,27120000,growth,high,efficient,60000000,290698,0.48216061,316887.90868800,4.38390602,80.0,1389206.81015283,1111365.44812226,0.58000000,0.00000231
S6c,S6/c,50,27120000,growth,high,high_cost,60000000,290698,0.48216061,316887.90868800,4.38390602,80.0,1389206.81015283,1111365.44812226,0.90000000,0.00000359
S6c,S6/c,100,53400000,stress,low,reference,60000000,0,0.00000000,315360.00000000,0.00592053,70.0,1867.09809492,1306.96866645,0.70000000,0.00000320
S6c,S6/c,100,53400000,stress,low,efficient,60000000,0,0.00000000,315360.00000000,0.00592053,70.0,1867.09809492,1306.96866645,0.58000000,0.00000265
S6c,S6/c,100,53400000,stress,low,high_cost,60000000,0,0.00000000,315360.00000000,0.00592053,70.0,1867.09809492,1306.96866645,0.90000000,0.00000412
S6c,S6/c,100,53400000,stress,base,reference,60000000,10003,0.01666889,315412.57576800,0.00592053,70.0,1867.40937130,1307.18655991,0.70000000,0.00000320
S6c,S6/c,100,53400000,stress,base,efficient,60000000,10003,0.01666889,315412.57576800,0.00592053,70.0,1867.40937130,1307.18655991,0.58000000,0.00000265
S6c,S6/c,100,53400000,stress,base,high_cost,60000000,10003,0.01666889,315412.57576800,0.00592053,70.0,1867.40937130,1307.18655991,0.90000000,0.00000412
S6c,S6/c,100,53400000,stress,high,reference,60000000,290698,0.48216061,316887.90868800,0.00592053,70.0,1876.14412296,1313.30088607,0.70000000,0.00000319
S6c,S6/c,100,53400000,stress,high,efficient,60000000,290698,0.48216061,316887.90868800,0.00592053,70.0,1876.14412296,1313.30088607,0.58000000,0.00000264
S6c,S6/c,100,53400000,stress,high,high_cost,60000000,290698,0.48216061,316887.90868800,0.00592053,70.0,1876.14412296,1313.30088607,0.90000000,0.00000410
S6c,S6/c,100,53400000,flat,low,reference,60000000,0,0.00000000,315360.00000000,1.00000000,90.0,315360.00000000,283824.00000000,0.70000000,0.00000249
S6c,S6/c,100,53400000,flat,low,efficient,60000000,0,0.00000000,315360.00000000,1.00000000,90.0,315360.00000000,283824.00000000,0.58000000,0.00000206
S6c,S6/c,100,53400000,flat,low,high_cost,60000000,0,0.00000000,315360.00000000,1.00000000,90.0,315360.00000000,283824.00000000,0.90000000,0.00000320
S6c,S6/c,100,53400000,flat,base,reference,60000000,10003,0.01666889,315412.57576800,1.00000000,90.0,315412.57576800,283871.31819120,0.70000000,0.00000249
S6c,S6/c,100,53400000,flat,base,efficient,60000000,10003,0.01666889,315412.57576800,1.00000000,90.0,315412.57576800,283871.31819120,0.58000000,0.00000206
S6c,S6/c,100,53400000,flat,base,high_cost,60000000,10003,0.01666889,315412.57576800,1.00000000,90.0,315412.57576800,283871.31819120,0.90000000,0.00000320
S6c,S6/c,100,53400000,flat,high,reference,60000000,290698,0.48216061,316887.90868800,1.00000000,90.0,316887.90868800,285199.11781920,0.70000000,0.00000248
S6c,S6/c,100,53400000,flat,high,efficient,60000000,290698,0.48216061,316887.90868800,1.00000000,90.0,316887.90868800,285199.11781920,0.58000000,0.00000205
S6c,S6/c,100,53400000,flat,high,high_cost,60000000,290698,0.48216061,316887.90868800,1.00000000,90.0,316887.90868800,285199.11781920,0.90000000,0.00000319
S6c,S6/c,100,53400000,growth,low,reference,60000000,0,0.00000000,315360.00000000,19.21863198,80.0,6060787.78148283,4848630.22518626,0.70000000,0.00000280
S6c,S6/c,100,53400000,growth,low,efficient,60000000,0,0.00000000,315360.00000000,19.21863198,80.0,6060787.78148283,4848630.22518626,0.58000000,0.00000232
S6c,S6/c,100,53400000,growth,low,high_cost,60000000,0,0.00000000,315360.00000000,19.21863198,80.0,6060787.78148283,4848630.22518626,0.90000000,0.00000360
S6c,S6/c,100,53400000,growth,base,reference,60000000,10003,0.01666889,315412.57576800,19.21863198,80.0,6061798.21581913,4849438.57265530,0.70000000,0.00000280
S6c,S6/c,100,53400000,growth,base,efficient,60000000,10003,0.01666889,315412.57576800,19.21863198,80.0,6061798.21581913,4849438.57265530,0.58000000,0.00000232
S6c,S6/c,100,53400000,growth,base,high_cost,60000000,10003,0.01666889,315412.57576800,19.21863198,80.0,6061798.21581913,4849438.57265530,0.90000000,0.00000360
S6c,S6/c,100,53400000,growth,high,reference,60000000,290698,0.48216061,316887.90868800,19.21863198,80.0,6090152.09625785,4872121.67700628,0.70000000,0.00000279
S6c,S6/c,100,53400000,growth,high,efficient,60000000,290698,0.48216061,316887.90868800,19.21863198,80.0,6090152.09625785,4872121.67700628,0.58000000,0.00000231
S6c,S6/c,100,53400000,growth,high,high_cost,60000000,290698,0.48216061,316887.90868800,19.21863198,80.0,6090152.09625785,4872121.67700628,0.90000000,0.00000359
S6c,S6/c,250,132240000,stress,low,reference,60000000,0,0.00000000,315360.00000000,0.00000270,70.0,0.85056582,0.59539608,0.70000000,0.00000320
S6c,S6/c,250,132240000,stress,low,efficient,60000000,0,0.00000000,315360.00000000,0.00000270,70.0,0.85056582,0.59539608,0.58000000,0.00000265
S6c,S6/c,250,132240000,stress,low,high_cost,60000000,0,0.00000000,315360.00000000,0.00000270,70.0,0.85056582,0.59539608,0.90000000,0.00000412
S6c,S6/c,250,132240000,stress,base,reference,60000000,10003,0.01666889,315412.57576800,0.00000270,70.0,0.85070763,0.59549534,0.70000000,0.00000320
S6c,S6/c,250,132240000,stress,base,efficient,60000000,10003,0.01666889,315412.57576800,0.00000270,70.0,0.85070763,0.59549534,0.58000000,0.00000265
S6c,S6/c,250,132240000,stress,base,high_cost,60000000,10003,0.01666889,315412.57576800,0.00000270,70.0,0.85070763,0.59549534,0.90000000,0.00000412
S6c,S6/c,250,132240000,stress,high,reference,60000000,290698,0.48216061,316887.90868800,0.00000270,70.0,0.85468679,0.59828075,0.70000000,0.00000319
S6c,S6/c,250,132240000,stress,high,efficient,60000000,290698,0.48216061,316887.90868800,0.00000270,70.0,0.85468679,0.59828075,0.58000000,0.00000264
S6c,S6/c,250,132240000,stress,high,high_cost,60000000,290698,0.48216061,316887.90868800,0.00000270,70.0,0.85468679,0.59828075,0.90000000,0.00000410
S6c,S6/c,250,132240000,flat,low,reference,60000000,0,0.00000000,315360.00000000,1.00000000,90.0,315360.00000000,283824.00000000,0.70000000,0.00000249
S6c,S6/c,250,132240000,flat,low,efficient,60000000,0,0.00000000,315360.00000000,1.00000000,90.0,315360.00000000,283824.00000000,0.58000000,0.00000206
S6c,S6/c,250,132240000,flat,low,high_cost,60000000,0,0.00000000,315360.00000000,1.00000000,90.0,315360.00000000,283824.00000000,0.90000000,0.00000320
S6c,S6/c,250,132240000,flat,base,reference,60000000,10003,0.01666889,315412.57576800,1.00000000,90.0,315412.57576800,283871.31819120,0.70000000,0.00000249
S6c,S6/c,250,132240000,flat,base,efficient,60000000,10003,0.01666889,315412.57576800,1.00000000,90.0,315412.57576800,283871.31819120,0.58000000,0.00000206
S6c,S6/c,250,132240000,flat,base,high_cost,60000000,10003,0.01666889,315412.57576800,1.00000000,90.0,315412.57576800,283871.31819120,0.90000000,0.00000320
S6c,S6/c,250,132240000,flat,high,reference,60000000,290698,0.48216061,316887.90868800,1.00000000,90.0,316887.90868800,285199.11781920,0.70000000,0.00000248
S6c,S6/c,250,132240000,flat,high,efficient,60000000,290698,0.48216061,316887.90868800,1.00000000,90.0,316887.90868800,285199.11781920,0.58000000,0.00000205
S6c,S6/c,250,132240000,flat,high,high_cost,60000000,290698,0.48216061,316887.90868800,1.00000000,90.0,316887.90868800,285199.11781920,0.90000000,0.00000319
S6c,S6/c,250,132240000,growth,low,reference,60000000,0,0.00000000,315360.00000000,1619.22118137,80.0,510637591.75624121,408510073.40499297,0.70000000,0.00000280
S6c,S6/c,250,132240000,growth,low,efficient,60000000,0,0.00000000,315360.00000000,1619.22118137,80.0,510637591.75624121,408510073.40499297,0.58000000,0.00000232
S6c,S6/c,250,132240000,growth,low,high_cost,60000000,0,0.00000000,315360.00000000,1619.22118137,80.0,510637591.75624121,408510073.40499297,0.90000000,0.00000360
S6c,S6/c,250,132240000,growth,base,reference,60000000,10003,0.01666889,315412.57576800,1619.22118137,80.0,510722723.55341350,408578178.84273080,0.70000000,0.00000280
S6c,S6/c,250,132240000,growth,base,efficient,60000000,10003,0.01666889,315412.57576800,1619.22118137,80.0,510722723.55341350,408578178.84273080,0.58000000,0.00000232
S6c,S6/c,250,132240000,growth,base,high_cost,60000000,10003,0.01666889,315412.57576800,1619.22118137,80.0,510722723.55341350,408578178.84273080,0.90000000,0.00000360
S6c,S6/c,250,132240000,growth,high,reference,60000000,290698,0.48216061,316887.90868800,1619.22118137,80.0,513111613.86704714,410489291.09363771,0.70000000,0.00000279
S6c,S6/c,250,132240000,growth,high,efficient,60000000,290698,0.48216061,316887.90868800,1619.22118137,80.0,513111613.86704714,410489291.09363771,0.58000000,0.00000231
S6c,S6/c,250,132240000,growth,high,high_cost,60000000,290698,0.48216061,316887.90868800,1619.22118137,80.0,513111613.86704714,410489291.09363771,0.90000000,0.00000359
S6c,S6/c,500,263640000,stress,low,reference,0,0,0.00000000,0.00000000,0.00000000,70.0,0.00000000,0.00000000,0.70000000,0.00000000
S6c,S6/c,500,263640000,stress,low,efficient,0,0,0.00000000,0.00000000,0.00000000,70.0,0.00000000,0.00000000,0.58000000,0.00000000
S6c,S6/c,500,263640000,stress,low,high_cost,0,0,0.00000000,0.00000000,0.00000000,70.0,0.00000000,0.00000000,0.90000000,0.00000000
S6c,S6/c,500,263640000,stress,base,reference,0,10003,100.00000000,52.57576800,0.00000000,70.0,0.00000000,0.00000000,0.70000000,0.01921229
S6c,S6/c,500,263640000,stress,base,efficient,0,10003,100.00000000,52.57576800,0.00000000,70.0,0.00000000,0.00000000,0.58000000,0.01591876
S6c,S6/c,500,263640000,stress,base,high_cost,0,10003,100.00000000,52.57576800,0.00000000,70.0,0.00000000,0.00000000,0.90000000,0.02470152
S6c,S6/c,500,263640000,stress,high,reference,0,290698,100.00000000,1527.90868800,0.00000000,70.0,0.00000001,0.00000001,0.70000000,0.00066110
S6c,S6/c,500,263640000,stress,high,efficient,0,290698,100.00000000,1527.90868800,0.00000000,70.0,0.00000001,0.00000001,0.58000000,0.00054777
S6c,S6/c,500,263640000,stress,high,high_cost,0,290698,100.00000000,1527.90868800,0.00000000,70.0,0.00000001,0.00000001,0.90000000,0.00084999
S6c,S6/c,500,263640000,flat,low,reference,0,0,0.00000000,0.00000000,1.00000000,90.0,0.00000000,0.00000000,0.70000000,0.00000000
S6c,S6/c,500,263640000,flat,low,efficient,0,0,0.00000000,0.00000000,1.00000000,90.0,0.00000000,0.00000000,0.58000000,0.00000000
S6c,S6/c,500,263640000,flat,low,high_cost,0,0,0.00000000,0.00000000,1.00000000,90.0,0.00000000,0.00000000,0.90000000,0.00000000
S6c,S6/c,500,263640000,flat,base,reference,0,10003,100.00000000,52.57576800,1.00000000,90.0,52.57576800,47.31819120,0.70000000,0.01494289
S6c,S6/c,500,263640000,flat,base,efficient,0,10003,100.00000000,52.57576800,1.00000000,90.0,52.57576800,47.31819120,0.58000000,0.01238125
S6c,S6/c,500,263640000,flat,base,high_cost,0,10003,100.00000000,52.57576800,1.00000000,90.0,52.57576800,47.31819120,0.90000000,0.01921229
S6c,S6/c,500,263640000,flat,high,reference,0,290698,100.00000000,1527.90868800,1.00000000,90.0,1527.90868800,1375.11781920,0.70000000,0.00051419
S6c,S6/c,500,263640000,flat,high,efficient,0,290698,100.00000000,1527.90868800,1.00000000,90.0,1527.90868800,1375.11781920,0.58000000,0.00042604
S6c,S6/c,500,263640000,flat,high,high_cost,0,290698,100.00000000,1527.90868800,1.00000000,90.0,1527.90868800,1375.11781920,0.90000000,0.00066110
S6c,S6/c,500,263640000,growth,low,reference,0,0,0.00000000,0.00000000,2621877.23419108,80.0,0.00000000,0.00000000,0.70000000,0.00000000
S6c,S6/c,500,263640000,growth,low,efficient,0,0,0.00000000,0.00000000,2621877.23419108,80.0,0.00000000,0.00000000,0.58000000,0.00000000
S6c,S6/c,500,263640000,growth,low,high_cost,0,0,0.00000000,0.00000000,2621877.23419108,80.0,0.00000000,0.00000000,0.90000000,0.00000000
S6c,S6/c,500,263640000,growth,base,reference,0,10003,100.00000000,52.57576800,2621877.23419108,80.0,137847209.18931171,110277767.35144937,0.70000000,0.01681076
S6c,S6/c,500,263640000,growth,base,efficient,0,10003,100.00000000,52.57576800,2621877.23419108,80.0,137847209.18931171,110277767.35144937,0.58000000,0.01392891
S6c,S6/c,500,263640000,growth,base,high_cost,0,10003,100.00000000,52.57576800,2621877.23419108,80.0,137847209.18931171,110277767.35144937,0.90000000,0.02161383
S6c,S6/c,500,263640000,growth,high,reference,0,290698,100.00000000,1527.90868800,2621877.23419108,80.0,4005989004.98995656,3204791203.99196525,0.70000000,0.00057846
S6c,S6/c,500,263640000,growth,high,efficient,0,290698,100.00000000,1527.90868800,2621877.23419108,80.0,4005989004.98995656,3204791203.99196525,0.58000000,0.00047930
S6c,S6/c,500,263640000,growth,high,high_cost,0,290698,100.00000000,1527.90868800,2621877.23419108,80.0,4005989004.98995656,3204791203.99196525,0.90000000,0.00074374
S7,S7,0,840000,stress,low,reference,400000000,0,0.00000000,2102400.00000000,1.00000000,70.0,2102400.00000000,1471680.00000000,0.70000000,0.00000048
S7,S7,0,840000,stress,low,efficient,400000000,0,0.00000000,2102400.00000000,1.00000000,70.0,2102400.00000000,1471680.00000000,0.58000000,0.00000040
S7,S7,0,840000,stress,low,high_cost,400000000,0,0.00000000,2102400.00000000,1.00000000,70.0,2102400.00000000,1471680.00000000,0.90000000,0.00000062
S7,S7,0,840000,stress,base,reference,400000000,10003,0.00250069,2102452.57576800,1.00000000,70.0,2102452.57576800,1471716.80303760,0.70000000,0.00000048
S7,S7,0,840000,stress,base,efficient,400000000,10003,0.00250069,2102452.57576800,1.00000000,70.0,2102452.57576800,1471716.80303760,0.58000000,0.00000040
S7,S7,0,840000,stress,base,high_cost,400000000,10003,0.00250069,2102452.57576800,1.00000000,70.0,2102452.57576800,1471716.80303760,0.90000000,0.00000062
S7,S7,0,840000,stress,high,reference,400000000,290698,0.07262172,2103927.90868800,1.00000000,70.0,2103927.90868800,1472749.53608160,0.70000000,0.00000048
S7,S7,0,840000,stress,high,efficient,400000000,290698,0.07262172,2103927.90868800,1.00000000,70.0,2103927.90868800,1472749.53608160,0.58000000,0.00000040
S7,S7,0,840000,stress,high,high_cost,400000000,290698,0.07262172,2103927.90868800,1.00000000,70.0,2103927.90868800,1472749.53608160,0.90000000,0.00000062
S7,S7,0,840000,flat,low,reference,400000000,0,0.00000000,2102400.00000000,1.00000000,90.0,2102400.00000000,1892160.00000000,0.70000000,0.00000037
S7,S7,0,840000,flat,low,efficient,400000000,0,0.00000000,2102400.00000000,1.00000000,90.0,2102400.00000000,1892160.00000000,0.58000000,0.00000031
S7,S7,0,840000,flat,low,high_cost,400000000,0,0.00000000,2102400.00000000,1.00000000,90.0,2102400.00000000,1892160.00000000,0.90000000,0.00000048
S7,S7,0,840000,flat,base,reference,400000000,10003,0.00250069,2102452.57576800,1.00000000,90.0,2102452.57576800,1892207.31819120,0.70000000,0.00000037
S7,S7,0,840000,flat,base,efficient,400000000,10003,0.00250069,2102452.57576800,1.00000000,90.0,2102452.57576800,1892207.31819120,0.58000000,0.00000031
S7,S7,0,840000,flat,base,high_cost,400000000,10003,0.00250069,2102452.57576800,1.00000000,90.0,2102452.57576800,1892207.31819120,0.90000000,0.00000048
S7,S7,0,840000,flat,high,reference,400000000,290698,0.07262172,2103927.90868800,1.00000000,90.0,2103927.90868800,1893535.11781920,0.70000000,0.00000037
S7,S7,0,840000,flat,high,efficient,400000000,290698,0.07262172,2103927.90868800,1.00000000,90.0,2103927.90868800,1893535.11781920,0.58000000,0.00000031
S7,S7,0,840000,flat,high,high_cost,400000000,290698,0.07262172,2103927.90868800,1.00000000,90.0,2103927.90868800,1893535.11781920,0.90000000,0.00000048
S7,S7,0,840000,growth,low,reference,400000000,0,0.00000000,2102400.00000000,1.00000000,80.0,2102400.00000000,1681920.00000000,0.70000000,0.00000042
S7,S7,0,840000,growth,low,efficient,400000000,0,0.00000000,2102400.00000000,1.00000000,80.0,2102400.00000000,1681920.00000000,0.58000000,0.00000035
S7,S7,0,840000,growth,low,high_cost,400000000,0,0.00000000,2102400.00000000,1.00000000,80.0,2102400.00000000,1681920.00000000,0.90000000,0.00000054
S7,S7,0,840000,growth,base,reference,400000000,10003,0.00250069,2102452.57576800,1.00000000,80.0,2102452.57576800,1681962.06061440,0.70000000,0.00000042
S7,S7,0,840000,growth,base,efficient,400000000,10003,0.00250069,2102452.57576800,1.00000000,80.0,2102452.57576800,1681962.06061440,0.58000000,0.00000035
S7,S7,0,840000,growth,base,high_cost,400000000,10003,0.00250069,2102452.57576800,1.00000000,80.0,2102452.57576800,1681962.06061440,0.90000000,0.00000054
S7,S7,0,840000,growth,high,reference,400000000,290698,0.07262172,2103927.90868800,1.00000000,80.0,2103927.90868800,1683142.32695040,0.70000000,0.00000042
S7,S7,0,840000,growth,high,efficient,400000000,290698,0.07262172,2103927.90868800,1.00000000,80.0,2103927.90868800,1683142.32695040,0.58000000,0.00000035
S7,S7,0,840000,growth,high,high_cost,400000000,290698,0.07262172,2103927.90868800,1.00000000,80.0,2103927.90868800,1683142.32695040,0.90000000,0.00000054
S7,S7,1,1365600,stress,low,reference,400000000,0,0.00000000,2102400.00000000,0.95000000,70.0,1997280.00000000,1398096.00000000,0.70000000,0.00000048
S7,S7,1,1365600,stress,low,efficient,400000000,0,0.00000000,2102400.00000000,0.95000000,70.0,1997280.00000000,1398096.00000000,0.58000000,0.00000040
S7,S7,1,1365600,stress,low,high_cost,400000000,0,0.00000000,2102400.00000000,0.95000000,70.0,1997280.00000000,1398096.00000000,0.90000000,0.00000062
S7,S7,1,1365600,stress,base,reference,400000000,10003,0.00250069,2102452.57576800,0.95000000,70.0,1997329.94697960,1398130.96288572,0.70000000,0.00000048
S7,S7,1,1365600,stress,base,efficient,400000000,10003,0.00250069,2102452.57576800,0.95000000,70.0,1997329.94697960,1398130.96288572,0.58000000,0.00000040
S7,S7,1,1365600,stress,base,high_cost,400000000,10003,0.00250069,2102452.57576800,0.95000000,70.0,1997329.94697960,1398130.96288572,0.90000000,0.00000062
S7,S7,1,1365600,stress,high,reference,400000000,290698,0.07262172,2103927.90868800,0.95000000,70.0,1998731.51325360,1399112.05927752,0.70000000,0.00000048
S7,S7,1,1365600,stress,high,efficient,400000000,290698,0.07262172,2103927.90868800,0.95000000,70.0,1998731.51325360,1399112.05927752,0.58000000,0.00000040
S7,S7,1,1365600,stress,high,high_cost,400000000,290698,0.07262172,2103927.90868800,0.95000000,70.0,1998731.51325360,1399112.05927752,0.90000000,0.00000062
S7,S7,1,1365600,flat,low,reference,400000000,0,0.00000000,2102400.00000000,1.00000000,90.0,2102400.00000000,1892160.00000000,0.70000000,0.00000037
S7,S7,1,1365600,flat,low,efficient,400000000,0,0.00000000,2102400.00000000,1.00000000,90.0,2102400.00000000,1892160.00000000,0.58000000,0.00000031
S7,S7,1,1365600,flat,low,high_cost,400000000,0,0.00000000,2102400.00000000,1.00000000,90.0,2102400.00000000,1892160.00000000,0.90000000,0.00000048
S7,S7,1,1365600,flat,base,reference,400000000,10003,0.00250069,2102452.57576800,1.00000000,90.0,2102452.57576800,1892207.31819120,0.70000000,0.00000037
S7,S7,1,1365600,flat,base,efficient,400000000,10003,0.00250069,2102452.57576800,1.00000000,90.0,2102452.57576800,1892207.31819120,0.58000000,0.00000031
S7,S7,1,1365600,flat,base,high_cost,400000000,10003,0.00250069,2102452.57576800,1.00000000,90.0,2102452.57576800,1892207.31819120,0.90000000,0.00000048
S7,S7,1,1365600,flat,high,reference,400000000,290698,0.07262172,2103927.90868800,1.00000000,90.0,2103927.90868800,1893535.11781920,0.70000000,0.00000037
S7,S7,1,1365600,flat,high,efficient,400000000,290698,0.07262172,2103927.90868800,1.00000000,90.0,2103927.90868800,1893535.11781920,0.58000000,0.00000031
S7,S7,1,1365600,flat,high,high_cost,400000000,290698,0.07262172,2103927.90868800,1.00000000,90.0,2103927.90868800,1893535.11781920,0.90000000,0.00000048
S7,S7,1,1365600,growth,low,reference,400000000,0,0.00000000,2102400.00000000,1.03000000,80.0,2165472.00000000,1732377.60000000,0.70000000,0.00000042
S7,S7,1,1365600,growth,low,efficient,400000000,0,0.00000000,2102400.00000000,1.03000000,80.0,2165472.00000000,1732377.60000000,0.58000000,0.00000035
S7,S7,1,1365600,growth,low,high_cost,400000000,0,0.00000000,2102400.00000000,1.03000000,80.0,2165472.00000000,1732377.60000000,0.90000000,0.00000054
S7,S7,1,1365600,growth,base,reference,400000000,10003,0.00250069,2102452.57576800,1.03000000,80.0,2165526.15304104,1732420.92243283,0.70000000,0.00000042
S7,S7,1,1365600,growth,base,efficient,400000000,10003,0.00250069,2102452.57576800,1.03000000,80.0,2165526.15304104,1732420.92243283,0.58000000,0.00000035
S7,S7,1,1365600,growth,base,high_cost,400000000,10003,0.00250069,2102452.57576800,1.03000000,80.0,2165526.15304104,1732420.92243283,0.90000000,0.00000054
S7,S7,1,1365600,growth,high,reference,400000000,290698,0.07262172,2103927.90868800,1.03000000,80.0,2167045.74594864,1733636.59675891,0.70000000,0.00000042
S7,S7,1,1365600,growth,high,efficient,400000000,290698,0.07262172,2103927.90868800,1.03000000,80.0,2167045.74594864,1733636.59675891,0.58000000,0.00000035
S7,S7,1,1365600,growth,high,high_cost,400000000,290698,0.07262172,2103927.90868800,1.03000000,80.0,2167045.74594864,1733636.59675891,0.90000000,0.00000054
S7,S7,2,1891200,stress,low,reference,400000000,0,0.00000000,2102400.00000000,0.90250000,70.0,1897416.00000000,1328191.20000000,0.70000000,0.00000048
S7,S7,2,1891200,stress,low,efficient,400000000,0,0.00000000,2102400.00000000,0.90250000,70.0,1897416.00000000,1328191.20000000,0.58000000,0.00000040
S7,S7,2,1891200,stress,low,high_cost,400000000,0,0.00000000,2102400.00000000,0.90250000,70.0,1897416.00000000,1328191.20000000,0.90000000,0.00000062
S7,S7,2,1891200,stress,base,reference,400000000,10003,0.00250069,2102452.57576800,0.90250000,70.0,1897463.44963062,1328224.41474143,0.70000000,0.00000048
S7,S7,2,1891200,stress,base,efficient,400000000,10003,0.00250069,2102452.57576800,0.90250000,70.0,1897463.44963062,1328224.41474143,0.58000000,0.00000040
S7,S7,2,1891200,stress,base,high_cost,400000000,10003,0.00250069,2102452.57576800,0.90250000,70.0,1897463.44963062,1328224.41474143,0.90000000,0.00000062
S7,S7,2,1891200,stress,high,reference,400000000,290698,0.07262172,2103927.90868800,0.90250000,70.0,1898794.93759092,1329156.45631364,0.70000000,0.00000048
S7,S7,2,1891200,stress,high,efficient,400000000,290698,0.07262172,2103927.90868800,0.90250000,70.0,1898794.93759092,1329156.45631364,0.58000000,0.00000040
S7,S7,2,1891200,stress,high,high_cost,400000000,290698,0.07262172,2103927.90868800,0.90250000,70.0,1898794.93759092,1329156.45631364,0.90000000,0.00000062
S7,S7,2,1891200,flat,low,reference,400000000,0,0.00000000,2102400.00000000,1.00000000,90.0,2102400.00000000,1892160.00000000,0.70000000,0.00000037
S7,S7,2,1891200,flat,low,efficient,400000000,0,0.00000000,2102400.00000000,1.00000000,90.0,2102400.00000000,1892160.00000000,0.58000000,0.00000031
S7,S7,2,1891200,flat,low,high_cost,400000000,0,0.00000000,2102400.00000000,1.00000000,90.0,2102400.00000000,1892160.00000000,0.90000000,0.00000048
S7,S7,2,1891200,flat,base,reference,400000000,10003,0.00250069,2102452.57576800,1.00000000,90.0,2102452.57576800,1892207.31819120,0.70000000,0.00000037
S7,S7,2,1891200,flat,base,efficient,400000000,10003,0.00250069,2102452.57576800,1.00000000,90.0,2102452.57576800,1892207.31819120,0.58000000,0.00000031
S7,S7,2,1891200,flat,base,high_cost,400000000,10003,0.00250069,2102452.57576800,1.00000000,90.0,2102452.57576800,1892207.31819120,0.90000000,0.00000048
S7,S7,2,1891200,flat,high,reference,400000000,290698,0.07262172,2103927.90868800,1.00000000,90.0,2103927.90868800,1893535.11781920,0.70000000,0.00000037
S7,S7,2,1891200,flat,high,efficient,400000000,290698,0.07262172,2103927.90868800,1.00000000,90.0,2103927.90868800,1893535.11781920,0.58000000,0.00000031
S7,S7,2,1891200,flat,high,high_cost,400000000,290698,0.07262172,2103927.90868800,1.00000000,90.0,2103927.90868800,1893535.11781920,0.90000000,0.00000048
S7,S7,2,1891200,growth,low,reference,400000000,0,0.00000000,2102400.00000000,1.06090000,80.0,2230436.16000000,1784348.92800000,0.70000000,0.00000042
S7,S7,2,1891200,growth,low,efficient,400000000,0,0.00000000,2102400.00000000,1.06090000,80.0,2230436.16000000,1784348.92800000,0.58000000,0.00000035
S7,S7,2,1891200,growth,low,high_cost,400000000,0,0.00000000,2102400.00000000,1.06090000,80.0,2230436.16000000,1784348.92800000,0.90000000,0.00000054
S7,S7,2,1891200,growth,base,reference,400000000,10003,0.00250069,2102452.57576800,1.06090000,80.0,2230491.93763227,1784393.55010582,0.70000000,0.00000042
S7,S7,2,1891200,growth,base,efficient,400000000,10003,0.00250069,2102452.57576800,1.06090000,80.0,2230491.93763227,1784393.55010582,0.58000000,0.00000035
S7,S7,2,1891200,growth,base,high_cost,400000000,10003,0.00250069,2102452.57576800,1.06090000,80.0,2230491.93763227,1784393.55010582,0.90000000,0.00000054
S7,S7,2,1891200,growth,high,reference,400000000,290698,0.07262172,2103927.90868800,1.06090000,80.0,2232057.11832710,1785645.69466168,0.70000000,0.00000042
S7,S7,2,1891200,growth,high,efficient,400000000,290698,0.07262172,2103927.90868800,1.06090000,80.0,2232057.11832710,1785645.69466168,0.58000000,0.00000035
S7,S7,2,1891200,growth,high,high_cost,400000000,290698,0.07262172,2103927.90868800,1.06090000,80.0,2232057.11832710,1785645.69466168,0.90000000,0.00000054
S7,S7,5,3468000,stress,low,reference,200000000,0,0.00000000,1051200.00000000,0.77378094,70.0,813398.52150000,569378.96505000,0.70000000,0.00000096
S7,S7,5,3468000,stress,low,efficient,200000000,0,0.00000000,1051200.00000000,0.77378094,70.0,813398.52150000,569378.96505000,0.58000000,0.00000080
S7,S7,5,3468000,stress,low,high_cost,200000000,0,0.00000000,1051200.00000000,0.77378094,70.0,813398.52150000,569378.96505000,0.90000000,0.00000124
S7,S7,5,3468000,stress,base,reference,200000000,10003,0.00500125,1051252.57576800,0.77378094,70.0,813439.20362705,569407.44253894,0.70000000,0.00000096
S7,S7,5,3468000,stress,base,efficient,200000000,10003,0.00500125,1051252.57576800,0.77378094,70.0,813439.20362705,569407.44253894,0.58000000,0.00000080
S7,S7,5,3468000,stress,base,high_cost,200000000,10003,0.00500125,1051252.57576800,0.77378094,70.0,813439.20362705,569407.44253894,0.90000000,0.00000124
S7,S7,5,3468000,stress,high,reference,200000000,290698,0.14513804,1052727.90868800,0.77378094,70.0,814580.78811702,570206.55168191,0.70000000,0.00000096
S7,S7,5,3468000,stress,high,efficient,200000000,290698,0.14513804,1052727.90868800,0.77378094,70.0,814580.78811702,570206.55168191,0.58000000,0.00000080
S7,S7,5,3468000,stress,high,high_cost,200000000,290698,0.14513804,1052727.90868800,0.77378094,70.0,814580.78811702,570206.55168191,0.90000000,0.00000123
S7,S7,5,3468000,flat,low,reference,200000000,0,0.00000000,1051200.00000000,1.00000000,90.0,1051200.00000000,946080.00000000,0.70000000,0.00000075
S7,S7,5,3468000,flat,low,efficient,200000000,0,0.00000000,1051200.00000000,1.00000000,90.0,1051200.00000000,946080.00000000,0.58000000,0.00000062
S7,S7,5,3468000,flat,low,high_cost,200000000,0,0.00000000,1051200.00000000,1.00000000,90.0,1051200.00000000,946080.00000000,0.90000000,0.00000096
S7,S7,5,3468000,flat,base,reference,200000000,10003,0.00500125,1051252.57576800,1.00000000,90.0,1051252.57576800,946127.31819120,0.70000000,0.00000075
S7,S7,5,3468000,flat,base,efficient,200000000,10003,0.00500125,1051252.57576800,1.00000000,90.0,1051252.57576800,946127.31819120,0.58000000,0.00000062
S7,S7,5,3468000,flat,base,high_cost,200000000,10003,0.00500125,1051252.57576800,1.00000000,90.0,1051252.57576800,946127.31819120,0.90000000,0.00000096
S7,S7,5,3468000,flat,high,reference,200000000,290698,0.14513804,1052727.90868800,1.00000000,90.0,1052727.90868800,947455.11781920,0.70000000,0.00000075
S7,S7,5,3468000,flat,high,efficient,200000000,290698,0.14513804,1052727.90868800,1.00000000,90.0,1052727.90868800,947455.11781920,0.58000000,0.00000062
S7,S7,5,3468000,flat,high,high_cost,200000000,290698,0.14513804,1052727.90868800,1.00000000,90.0,1052727.90868800,947455.11781920,0.90000000,0.00000096
S7,S7,5,3468000,growth,low,reference,200000000,0,0.00000000,1051200.00000000,1.15927407,80.0,1218628.90690416,974903.12552333,0.70000000,0.00000084
S7,S7,5,3468000,growth,low,efficient,200000000,0,0.00000000,1051200.00000000,1.15927407,80.0,1218628.90690416,974903.12552333,0.58000000,0.00000070
S7,S7,5,3468000,growth,low,high_cost,200000000,0,0.00000000,1051200.00000000,1.15927407,80.0,1218628.90690416,974903.12552333,0.90000000,0.00000108
S7,S7,5,3468000,growth,base,reference,200000000,10003,0.00500125,1051252.57576800,1.15927407,80.0,1218689.85662894,974951.88530315,0.70000000,0.00000084
S7,S7,5,3468000,growth,base,efficient,200000000,10003,0.00500125,1051252.57576800,1.15927407,80.0,1218689.85662894,974951.88530315,0.58000000,0.00000070
S7,S7,5,3468000,growth,base,high_cost,200000000,10003,0.00500125,1051252.57576800,1.15927407,80.0,1218689.85662894,974951.88530315,0.90000000,0.00000108
S7,S7,5,3468000,growth,high,reference,200000000,290698,0.14513804,1052727.90868800,1.15927407,80.0,1220400.17183406,976320.13746724,0.70000000,0.00000084
S7,S7,5,3468000,growth,high,efficient,200000000,290698,0.14513804,1052727.90868800,1.15927407,80.0,1220400.17183406,976320.13746724,0.58000000,0.00000070
S7,S7,5,3468000,growth,high,high_cost,200000000,290698,0.14513804,1052727.90868800,1.15927407,80.0,1220400.17183406,976320.13746724,0.90000000,0.00000108
S7,S7,10,6096000,stress,low,reference,100000000,0,0.00000000,525600.00000000,0.59873694,70.0,314696.13526369,220287.29468458,0.70000000,0.00000192
S7,S7,10,6096000,stress,low,efficient,100000000,0,0.00000000,525600.00000000,0.59873694,70.0,314696.13526369,220287.29468458,0.58000000,0.00000159
S7,S7,10,6096000,stress,low,high_cost,100000000,0,0.00000000,525600.00000000,0.59873694,70.0,314696.13526369,220287.29468458,0.90000000,0.00000247
S7,S7,10,6096000,stress,base,reference,100000000,10003,0.01000200,525652.57576800,0.59873694,70.0,314727.61431810,220309.33002267,0.70000000,0.00000192
S7,S7,10,6096000,stress,base,efficient,100000000,10003,0.01000200,525652.57576800,0.59873694,70.0,314727.61431810,220309.33002267,0.58000000,0.00000159
S7,S7,10,6096000,stress,base,high_cost,100000000,10003,0.01000200,525652.57576800,0.59873694,70.0,314727.61431810,220309.33002267,0.90000000,0.00000247
S7,S7,10,6096000,stress,high,reference,100000000,290698,0.28985540,527127.90868800,0.59873694,70.0,315610.95063498,220927.66544449,0.70000000,0.00000192
S7,S7,10,6096000,stress,high,efficient,100000000,290698,0.28985540,527127.90868800,0.59873694,70.0,315610.95063498,220927.66544449,0.58000000,0.00000159
S7,S7,10,6096000,stress,high,high_cost,100000000,290698,0.28985540,527127.90868800,0.59873694,70.0,315610.95063498,220927.66544449,0.90000000,0.00000246
S7,S7,10,6096000,flat,low,reference,100000000,0,0.00000000,525600.00000000,1.00000000,90.0,525600.00000000,473040.00000000,0.70000000,0.00000149
S7,S7,10,6096000,flat,low,efficient,100000000,0,0.00000000,525600.00000000,1.00000000,90.0,525600.00000000,473040.00000000,0.58000000,0.00000124
S7,S7,10,6096000,flat,low,high_cost,100000000,0,0.00000000,525600.00000000,1.00000000,90.0,525600.00000000,473040.00000000,0.90000000,0.00000192
S7,S7,10,6096000,flat,base,reference,100000000,10003,0.01000200,525652.57576800,1.00000000,90.0,525652.57576800,473087.31819120,0.70000000,0.00000149
S7,S7,10,6096000,flat,base,efficient,100000000,10003,0.01000200,525652.57576800,1.00000000,90.0,525652.57576800,473087.31819120,0.58000000,0.00000124
S7,S7,10,6096000,flat,base,high_cost,100000000,10003,0.01000200,525652.57576800,1.00000000,90.0,525652.57576800,473087.31819120,0.90000000,0.00000192
S7,S7,10,6096000,flat,high,reference,100000000,290698,0.28985540,527127.90868800,1.00000000,90.0,527127.90868800,474415.11781920,0.70000000,0.00000149
S7,S7,10,6096000,flat,high,efficient,100000000,290698,0.28985540,527127.90868800,1.00000000,90.0,527127.90868800,474415.11781920,0.58000000,0.00000123
S7,S7,10,6096000,flat,high,high_cost,100000000,290698,0.28985540,527127.90868800,1.00000000,90.0,527127.90868800,474415.11781920,0.90000000,0.00000192
S7,S7,10,6096000,growth,low,reference,100000000,0,0.00000000,525600.00000000,1.34391638,80.0,706362.44898327,565089.95918662,0.70000000,0.00000168
S7,S7,10,6096000,growth,low,efficient,100000000,0,0.00000000,525600.00000000,1.34391638,80.0,706362.44898327,565089.95918662,0.58000000,0.00000139
S7,S7,10,6096000,growth,low,high_cost,100000000,0,0.00000000,525600.00000000,1.34391638,80.0,706362.44898327,565089.95918662,0.90000000,0.00000216
S7,S7,10,6096000,growth,base,reference,100000000,10003,0.01000200,525652.57576800,1.34391638,80.0,706433.10641904,565146.48513523,0.70000000,0.00000168
S7,S7,10,6096000,growth,base,efficient,100000000,10003,0.01000200,525652.57576800,1.34391638,80.0,706433.10641904,565146.48513523,0.58000000,0.00000139
S7,S7,10,6096000,growth,base,high_cost,100000000,10003,0.01000200,525652.57576800,1.34391638,80.0,706433.10641904,565146.48513523,0.90000000,0.00000216
S7,S7,10,6096000,growth,high,reference,100000000,290698,0.28985540,527127.90868800,1.34391638,80.0,708415.83049522,566732.66439617,0.70000000,0.00000168
S7,S7,10,6096000,growth,high,efficient,100000000,290698,0.28985540,527127.90868800,1.34391638,80.0,708415.83049522,566732.66439617,0.58000000,0.00000139
S7,S7,10,6096000,growth,high,high_cost,100000000,290698,0.28985540,527127.90868800,1.34391638,80.0,708415.83049522,566732.66439617,0.90000000,0.00000216
S7,S7,25,13980000,stress,low,reference,60000000,0,0.00000000,315360.00000000,0.27738957,70.0,87477.57577970,61234.30304579,0.70000000,0.00000320
S7,S7,25,13980000,stress,low,efficient,60000000,0,0.00000000,315360.00000000,0.27738957,70.0,87477.57577970,61234.30304579,0.58000000,0.00000265
S7,S7,25,13980000,stress,low,high_cost,60000000,0,0.00000000,315360.00000000,0.27738957,70.0,87477.57577970,61234.30304579,0.90000000,0.00000412
S7,S7,25,13980000,stress,base,reference,60000000,10003,0.01666889,315412.57576800,0.27738957,70.0,87492.15974954,61244.51182468,0.70000000,0.00000320
S7,S7,25,13980000,stress,base,efficient,60000000,10003,0.01666889,315412.57576800,0.27738957,70.0,87492.15974954,61244.51182468,0.58000000,0.00000265
S7,S7,25,13980000,stress,base,high_cost,60000000,10003,0.01666889,315412.57576800,0.27738957,70.0,87492.15974954,61244.51182468,0.90000000,0.00000412
S7,S7,25,13980000,stress,high,reference,60000000,290698,0.48216061,316887.90868800,0.27738957,70.0,87901.40171844,61530.98120290,0.70000000,0.00000319
S7,S7,25,13980000,stress,high,efficient,60000000,290698,0.48216061,316887.90868800,0.27738957,70.0,87901.40171844,61530.98120290,0.58000000,0.00000264
S7,S7,25,13980000,stress,high,high_cost,60000000,290698,0.48216061,316887.90868800,0.27738957,70.0,87901.40171844,61530.98120290,0.90000000,0.00000410
S7,S7,25,13980000,flat,low,reference,60000000,0,0.00000000,315360.00000000,1.00000000,90.0,315360.00000000,283824.00000000,0.70000000,0.00000249
S7,S7,25,13980000,flat,low,efficient,60000000,0,0.00000000,315360.00000000,1.00000000,90.0,315360.00000000,283824.00000000,0.58000000,0.00000206
S7,S7,25,13980000,flat,low,high_cost,60000000,0,0.00000000,315360.00000000,1.00000000,90.0,315360.00000000,283824.00000000,0.90000000,0.00000320
S7,S7,25,13980000,flat,base,reference,60000000,10003,0.01666889,315412.57576800,1.00000000,90.0,315412.57576800,283871.31819120,0.70000000,0.00000249
S7,S7,25,13980000,flat,base,efficient,60000000,10003,0.01666889,315412.57576800,1.00000000,90.0,315412.57576800,283871.31819120,0.58000000,0.00000206
S7,S7,25,13980000,flat,base,high_cost,60000000,10003,0.01666889,315412.57576800,1.00000000,90.0,315412.57576800,283871.31819120,0.90000000,0.00000320
S7,S7,25,13980000,flat,high,reference,60000000,290698,0.48216061,316887.90868800,1.00000000,90.0,316887.90868800,285199.11781920,0.70000000,0.00000248
S7,S7,25,13980000,flat,high,efficient,60000000,290698,0.48216061,316887.90868800,1.00000000,90.0,316887.90868800,285199.11781920,0.58000000,0.00000205
S7,S7,25,13980000,flat,high,high_cost,60000000,290698,0.48216061,316887.90868800,1.00000000,90.0,316887.90868800,285199.11781920,0.90000000,0.00000319
S7,S7,25,13980000,growth,low,reference,60000000,0,0.00000000,315360.00000000,2.09377793,80.0,660293.80789575,528235.04631660,0.70000000,0.00000280
S7,S7,25,13980000,growth,low,efficient,60000000,0,0.00000000,315360.00000000,2.09377793,80.0,660293.80789575,528235.04631660,0.58000000,0.00000232
S7,S7,25,13980000,growth,low,high_cost,60000000,0,0.00000000,315360.00000000,2.09377793,80.0,660293.80789575,528235.04631660,0.90000000,0.00000360
S7,S7,25,13980000,growth,base,reference,60000000,10003,0.01666889,315412.57576800,2.09377793,80.0,660403.88987843,528323.11190274,0.70000000,0.00000280
S7,S7,25,13980000,growth,base,efficient,60000000,10003,0.01666889,315412.57576800,2.09377793,80.0,660403.88987843,528323.11190274,0.58000000,0.00000232
S7,S7,25,13980000,growth,base,high_cost,60000000,10003,0.01666889,315412.57576800,2.09377793,80.0,660403.88987843,528323.11190274,0.90000000,0.00000360
S7,S7,25,13980000,growth,high,reference,60000000,290698,0.48216061,316887.90868800,2.09377793,80.0,663492.90938521,530794.32750817,0.70000000,0.00000279
S7,S7,25,13980000,growth,high,efficient,60000000,290698,0.48216061,316887.90868800,2.09377793,80.0,663492.90938521,530794.32750817,0.58000000,0.00000231
S7,S7,25,13980000,growth,high,high_cost,60000000,290698,0.48216061,316887.90868800,2.09377793,80.0,663492.90938521,530794.32750817,0.90000000,0.00000359
S7,S7,50,27120000,stress,low,reference,60000000,0,0.00000000,315360.00000000,0.07694498,70.0,24265.36740326,16985.75718229,0.70000000,0.00000320
S7,S7,50,27120000,stress,low,efficient,60000000,0,0.00000000,315360.00000000,0.07694498,70.0,24265.36740326,16985.75718229,0.58000000,0.00000265
S7,S7,50,27120000,stress,low,high_cost,60000000,0,0.00000000,315360.00000000,0.07694498,70.0,24265.36740326,16985.75718229,0.90000000,0.00000412
S7,S7,50,27120000,stress,base,reference,60000000,10003,0.01666889,315412.57576800,0.07694498,70.0,24269.41284443,16988.58899110,0.70000000,0.00000320
S7,S7,50,27120000,stress,base,efficient,60000000,10003,0.01666889,315412.57576800,0.07694498,70.0,24269.41284443,16988.58899110,0.58000000,0.00000265
S7,S7,50,27120000,stress,base,high_cost,60000000,10003,0.01666889,315412.57576800,0.07694498,70.0,24269.41284443,16988.58899110,0.90000000,0.00000412
S7,S7,50,27120000,stress,high,reference,60000000,290698,0.48216061,316887.90868800,0.07694498,70.0,24382.93229949,17068.05260964,0.70000000,0.00000319
S7,S7,50,27120000,stress,high,efficient,60000000,290698,0.48216061,316887.90868800,0.07694498,70.0,24382.93229949,17068.05260964,0.58000000,0.00000264
S7,S7,50,27120000,stress,high,high_cost,60000000,290698,0.48216061,316887.90868800,0.07694498,70.0,24382.93229949,17068.05260964,0.90000000,0.00000410
S7,S7,50,27120000,flat,low,reference,60000000,0,0.00000000,315360.00000000,1.00000000,90.0,315360.00000000,283824.00000000,0.70000000,0.00000249
S7,S7,50,27120000,flat,low,efficient,60000000,0,0.00000000,315360.00000000,1.00000000,90.0,315360.00000000,283824.00000000,0.58000000,0.00000206
S7,S7,50,27120000,flat,low,high_cost,60000000,0,0.00000000,315360.00000000,1.00000000,90.0,315360.00000000,283824.00000000,0.90000000,0.00000320
S7,S7,50,27120000,flat,base,reference,60000000,10003,0.01666889,315412.57576800,1.00000000,90.0,315412.57576800,283871.31819120,0.70000000,0.00000249
S7,S7,50,27120000,flat,base,efficient,60000000,10003,0.01666889,315412.57576800,1.00000000,90.0,315412.57576800,283871.31819120,0.58000000,0.00000206
S7,S7,50,27120000,flat,base,high_cost,60000000,10003,0.01666889,315412.57576800,1.00000000,90.0,315412.57576800,283871.31819120,0.90000000,0.00000320
S7,S7,50,27120000,flat,high,reference,60000000,290698,0.48216061,316887.90868800,1.00000000,90.0,316887.90868800,285199.11781920,0.70000000,0.00000248
S7,S7,50,27120000,flat,high,efficient,60000000,290698,0.48216061,316887.90868800,1.00000000,90.0,316887.90868800,285199.11781920,0.58000000,0.00000205
S7,S7,50,27120000,flat,high,high_cost,60000000,290698,0.48216061,316887.90868800,1.00000000,90.0,316887.90868800,285199.11781920,0.90000000,0.00000319
S7,S7,50,27120000,growth,low,reference,60000000,0,0.00000000,315360.00000000,4.38390602,80.0,1382508.60205947,1106006.88164757,0.70000000,0.00000280
S7,S7,50,27120000,growth,low,efficient,60000000,0,0.00000000,315360.00000000,4.38390602,80.0,1382508.60205947,1106006.88164757,0.58000000,0.00000232
S7,S7,50,27120000,growth,low,high_cost,60000000,0,0.00000000,315360.00000000,4.38390602,80.0,1382508.60205947,1106006.88164757,0.90000000,0.00000360
S7,S7,50,27120000,growth,base,reference,60000000,10003,0.01666889,315412.57576800,4.38390602,80.0,1382739.08928524,1106191.27142819,0.70000000,0.00000280
S7,S7,50,27120000,growth,base,efficient,60000000,10003,0.01666889,315412.57576800,4.38390602,80.0,1382739.08928524,1106191.27142819,0.58000000,0.00000232
S7,S7,50,27120000,growth,base,high_cost,60000000,10003,0.01666889,315412.57576800,4.38390602,80.0,1382739.08928524,1106191.27142819,0.90000000,0.00000360
S7,S7,50,27120000,growth,high,reference,60000000,290698,0.48216061,316887.90868800,4.38390602,80.0,1389206.81015283,1111365.44812226,0.70000000,0.00000279
S7,S7,50,27120000,growth,high,efficient,60000000,290698,0.48216061,316887.90868800,4.38390602,80.0,1389206.81015283,1111365.44812226,0.58000000,0.00000231
S7,S7,50,27120000,growth,high,high_cost,60000000,290698,0.48216061,316887.90868800,4.38390602,80.0,1389206.81015283,1111365.44812226,0.90000000,0.00000359
S7,S7,100,53400000,stress,low,reference,60000000,0,0.00000000,315360.00000000,0.00592053,70.0,1867.09809492,1306.96866645,0.70000000,0.00000320
S7,S7,100,53400000,stress,low,efficient,60000000,0,0.00000000,315360.00000000,0.00592053,70.0,1867.09809492,1306.96866645,0.58000000,0.00000265
S7,S7,100,53400000,stress,low,high_cost,60000000,0,0.00000000,315360.00000000,0.00592053,70.0,1867.09809492,1306.96866645,0.90000000,0.00000412
S7,S7,100,53400000,stress,base,reference,60000000,10003,0.01666889,315412.57576800,0.00592053,70.0,1867.40937130,1307.18655991,0.70000000,0.00000320
S7,S7,100,53400000,stress,base,efficient,60000000,10003,0.01666889,315412.57576800,0.00592053,70.0,1867.40937130,1307.18655991,0.58000000,0.00000265
S7,S7,100,53400000,stress,base,high_cost,60000000,10003,0.01666889,315412.57576800,0.00592053,70.0,1867.40937130,1307.18655991,0.90000000,0.00000412
S7,S7,100,53400000,stress,high,reference,60000000,290698,0.48216061,316887.90868800,0.00592053,70.0,1876.14412296,1313.30088607,0.70000000,0.00000319
S7,S7,100,53400000,stress,high,efficient,60000000,290698,0.48216061,316887.90868800,0.00592053,70.0,1876.14412296,1313.30088607,0.58000000,0.00000264
S7,S7,100,53400000,stress,high,high_cost,60000000,290698,0.48216061,316887.90868800,0.00592053,70.0,1876.14412296,1313.30088607,0.90000000,0.00000410
S7,S7,100,53400000,flat,low,reference,60000000,0,0.00000000,315360.00000000,1.00000000,90.0,315360.00000000,283824.00000000,0.70000000,0.00000249
S7,S7,100,53400000,flat,low,efficient,60000000,0,0.00000000,315360.00000000,1.00000000,90.0,315360.00000000,283824.00000000,0.58000000,0.00000206
S7,S7,100,53400000,flat,low,high_cost,60000000,0,0.00000000,315360.00000000,1.00000000,90.0,315360.00000000,283824.00000000,0.90000000,0.00000320
S7,S7,100,53400000,flat,base,reference,60000000,10003,0.01666889,315412.57576800,1.00000000,90.0,315412.57576800,283871.31819120,0.70000000,0.00000249
S7,S7,100,53400000,flat,base,efficient,60000000,10003,0.01666889,315412.57576800,1.00000000,90.0,315412.57576800,283871.31819120,0.58000000,0.00000206
S7,S7,100,53400000,flat,base,high_cost,60000000,10003,0.01666889,315412.57576800,1.00000000,90.0,315412.57576800,283871.31819120,0.90000000,0.00000320
S7,S7,100,53400000,flat,high,reference,60000000,290698,0.48216061,316887.90868800,1.00000000,90.0,316887.90868800,285199.11781920,0.70000000,0.00000248
S7,S7,100,53400000,flat,high,efficient,60000000,290698,0.48216061,316887.90868800,1.00000000,90.0,316887.90868800,285199.11781920,0.58000000,0.00000205
S7,S7,100,53400000,flat,high,high_cost,60000000,290698,0.48216061,316887.90868800,1.00000000,90.0,316887.90868800,285199.11781920,0.90000000,0.00000319
S7,S7,100,53400000,growth,low,reference,60000000,0,0.00000000,315360.00000000,19.21863198,80.0,6060787.78148283,4848630.22518626,0.70000000,0.00000280
S7,S7,100,53400000,growth,low,efficient,60000000,0,0.00000000,315360.00000000,19.21863198,80.0,6060787.78148283,4848630.22518626,0.58000000,0.00000232
S7,S7,100,53400000,growth,low,high_cost,60000000,0,0.00000000,315360.00000000,19.21863198,80.0,6060787.78148283,4848630.22518626,0.90000000,0.00000360
S7,S7,100,53400000,growth,base,reference,60000000,10003,0.01666889,315412.57576800,19.21863198,80.0,6061798.21581913,4849438.57265530,0.70000000,0.00000280
S7,S7,100,53400000,growth,base,efficient,60000000,10003,0.01666889,315412.57576800,19.21863198,80.0,6061798.21581913,4849438.57265530,0.58000000,0.00000232
S7,S7,100,53400000,growth,base,high_cost,60000000,10003,0.01666889,315412.57576800,19.21863198,80.0,6061798.21581913,4849438.57265530,0.90000000,0.00000360
S7,S7,100,53400000,growth,high,reference,60000000,290698,0.48216061,316887.90868800,19.21863198,80.0,6090152.09625785,4872121.67700628,0.70000000,0.00000279
S7,S7,100,53400000,growth,high,efficient,60000000,290698,0.48216061,316887.90868800,19.21863198,80.0,6090152.09625785,4872121.67700628,0.58000000,0.00000231
S7,S7,100,53400000,growth,high,high_cost,60000000,290698,0.48216061,316887.90868800,19.21863198,80.0,6090152.09625785,4872121.67700628,0.90000000,0.00000359
S7,S7,250,132240000,stress,low,reference,60000000,0,0.00000000,315360.00000000,0.00000270,70.0,0.85056582,0.59539608,0.70000000,0.00000320
S7,S7,250,132240000,stress,low,efficient,60000000,0,0.00000000,315360.00000000,0.00000270,70.0,0.85056582,0.59539608,0.58000000,0.00000265
S7,S7,250,132240000,stress,low,high_cost,60000000,0,0.00000000,315360.00000000,0.00000270,70.0,0.85056582,0.59539608,0.90000000,0.00000412
S7,S7,250,132240000,stress,base,reference,60000000,10003,0.01666889,315412.57576800,0.00000270,70.0,0.85070763,0.59549534,0.70000000,0.00000320
S7,S7,250,132240000,stress,base,efficient,60000000,10003,0.01666889,315412.57576800,0.00000270,70.0,0.85070763,0.59549534,0.58000000,0.00000265
S7,S7,250,132240000,stress,base,high_cost,60000000,10003,0.01666889,315412.57576800,0.00000270,70.0,0.85070763,0.59549534,0.90000000,0.00000412
S7,S7,250,132240000,stress,high,reference,60000000,290698,0.48216061,316887.90868800,0.00000270,70.0,0.85468679,0.59828075,0.70000000,0.00000319
S7,S7,250,132240000,stress,high,efficient,60000000,290698,0.48216061,316887.90868800,0.00000270,70.0,0.85468679,0.59828075,0.58000000,0.00000264
S7,S7,250,132240000,stress,high,high_cost,60000000,290698,0.48216061,316887.90868800,0.00000270,70.0,0.85468679,0.59828075,0.90000000,0.00000410
S7,S7,250,132240000,flat,low,reference,60000000,0,0.00000000,315360.00000000,1.00000000,90.0,315360.00000000,283824.00000000,0.70000000,0.00000249
S7,S7,250,132240000,flat,low,efficient,60000000,0,0.00000000,315360.00000000,1.00000000,90.0,315360.00000000,283824.00000000,0.58000000,0.00000206
S7,S7,250,132240000,flat,low,high_cost,60000000,0,0.00000000,315360.00000000,1.00000000,90.0,315360.00000000,283824.00000000,0.90000000,0.00000320
S7,S7,250,132240000,flat,base,reference,60000000,10003,0.01666889,315412.57576800,1.00000000,90.0,315412.57576800,283871.31819120,0.70000000,0.00000249
S7,S7,250,132240000,flat,base,efficient,60000000,10003,0.01666889,315412.57576800,1.00000000,90.0,315412.57576800,283871.31819120,0.58000000,0.00000206
S7,S7,250,132240000,flat,base,high_cost,60000000,10003,0.01666889,315412.57576800,1.00000000,90.0,315412.57576800,283871.31819120,0.90000000,0.00000320
S7,S7,250,132240000,flat,high,reference,60000000,290698,0.48216061,316887.90868800,1.00000000,90.0,316887.90868800,285199.11781920,0.70000000,0.00000248
S7,S7,250,132240000,flat,high,efficient,60000000,290698,0.48216061,316887.90868800,1.00000000,90.0,316887.90868800,285199.11781920,0.58000000,0.00000205
S7,S7,250,132240000,flat,high,high_cost,60000000,290698,0.48216061,316887.90868800,1.00000000,90.0,316887.90868800,285199.11781920,0.90000000,0.00000319
S7,S7,250,132240000,growth,low,reference,60000000,0,0.00000000,315360.00000000,1619.22118137,80.0,510637591.75624121,408510073.40499297,0.70000000,0.00000280
S7,S7,250,132240000,growth,low,efficient,60000000,0,0.00000000,315360.00000000,1619.22118137,80.0,510637591.75624121,408510073.40499297,0.58000000,0.00000232
S7,S7,250,132240000,growth,low,high_cost,60000000,0,0.00000000,315360.00000000,1619.22118137,80.0,510637591.75624121,408510073.40499297,0.90000000,0.00000360
S7,S7,250,132240000,growth,base,reference,60000000,10003,0.01666889,315412.57576800,1619.22118137,80.0,510722723.55341350,408578178.84273080,0.70000000,0.00000280
S7,S7,250,132240000,growth,base,efficient,60000000,10003,0.01666889,315412.57576800,1619.22118137,80.0,510722723.55341350,408578178.84273080,0.58000000,0.00000232
S7,S7,250,132240000,growth,base,high_cost,60000000,10003,0.01666889,315412.57576800,1619.22118137,80.0,510722723.55341350,408578178.84273080,0.90000000,0.00000360
S7,S7,250,132240000,growth,high,reference,60000000,290698,0.48216061,316887.90868800,1619.22118137,80.0,513111613.86704714,410489291.09363771,0.70000000,0.00000279
S7,S7,250,132240000,growth,high,efficient,60000000,290698,0.48216061,316887.90868800,1619.22118137,80.0,513111613.86704714,410489291.09363771,0.58000000,0.00000231
S7,S7,250,132240000,growth,high,high_cost,60000000,290698,0.48216061,316887.90868800,1619.22118137,80.0,513111613.86704714,410489291.09363771,0.90000000,0.00000359
S7,S7,500,263640000,stress,low,reference,60000000,0,0.00000000,315360.00000000,0.00000000,70.0,0.00000229,0.00000161,0.70000000,0.00000320
S7,S7,500,263640000,stress,low,efficient,60000000,0,0.00000000,315360.00000000,0.00000000,70.0,0.00000229,0.00000161,0.58000000,0.00000265
S7,S7,500,263640000,stress,low,high_cost,60000000,0,0.00000000,315360.00000000,0.00000000,70.0,0.00000229,0.00000161,0.90000000,0.00000412
S7,S7,500,263640000,stress,base,reference,60000000,10003,0.01666889,315412.57576800,0.00000000,70.0,0.00000229,0.00000161,0.70000000,0.00000320
S7,S7,500,263640000,stress,base,efficient,60000000,10003,0.01666889,315412.57576800,0.00000000,70.0,0.00000229,0.00000161,0.58000000,0.00000265
S7,S7,500,263640000,stress,base,high_cost,60000000,10003,0.01666889,315412.57576800,0.00000000,70.0,0.00000229,0.00000161,0.90000000,0.00000412
S7,S7,500,263640000,stress,high,reference,60000000,290698,0.48216061,316887.90868800,0.00000000,70.0,0.00000231,0.00000161,0.70000000,0.00000319
S7,S7,500,263640000,stress,high,efficient,60000000,290698,0.48216061,316887.90868800,0.00000000,70.0,0.00000231,0.00000161,0.58000000,0.00000264
S7,S7,500,263640000,stress,high,high_cost,60000000,290698,0.48216061,316887.90868800,0.00000000,70.0,0.00000231,0.00000161,0.90000000,0.00000410
S7,S7,500,263640000,flat,low,reference,60000000,0,0.00000000,315360.00000000,1.00000000,90.0,315360.00000000,283824.00000000,0.70000000,0.00000249
S7,S7,500,263640000,flat,low,efficient,60000000,0,0.00000000,315360.00000000,1.00000000,90.0,315360.00000000,283824.00000000,0.58000000,0.00000206
S7,S7,500,263640000,flat,low,high_cost,60000000,0,0.00000000,315360.00000000,1.00000000,90.0,315360.00000000,283824.00000000,0.90000000,0.00000320
S7,S7,500,263640000,flat,base,reference,60000000,10003,0.01666889,315412.57576800,1.00000000,90.0,315412.57576800,283871.31819120,0.70000000,0.00000249
S7,S7,500,263640000,flat,base,efficient,60000000,10003,0.01666889,315412.57576800,1.00000000,90.0,315412.57576800,283871.31819120,0.58000000,0.00000206
S7,S7,500,263640000,flat,base,high_cost,60000000,10003,0.01666889,315412.57576800,1.00000000,90.0,315412.57576800,283871.31819120,0.90000000,0.00000320
S7,S7,500,263640000,flat,high,reference,60000000,290698,0.48216061,316887.90868800,1.00000000,90.0,316887.90868800,285199.11781920,0.70000000,0.00000248
S7,S7,500,263640000,flat,high,efficient,60000000,290698,0.48216061,316887.90868800,1.00000000,90.0,316887.90868800,285199.11781920,0.58000000,0.00000205
S7,S7,500,263640000,flat,high,high_cost,60000000,290698,0.48216061,316887.90868800,1.00000000,90.0,316887.90868800,285199.11781920,0.90000000,0.00000319
S7,S7,500,263640000,growth,low,reference,60000000,0,0.00000000,315360.00000000,2621877.23419108,80.0,826835204574.49790984,661468163659.59832788,0.70000000,0.00000280
S7,S7,500,263640000,growth,low,efficient,60000000,0,0.00000000,315360.00000000,2621877.23419108,80.0,826835204574.49790984,661468163659.59832788,0.58000000,0.00000232
S7,S7,500,263640000,growth,low,high_cost,60000000,0,0.00000000,315360.00000000,2621877.23419108,80.0,826835204574.49790984,661468163659.59832788,0.90000000,0.00000360
S7,S7,500,263640000,growth,base,reference,60000000,10003,0.01666889,315412.57576800,2621877.23419108,80.0,826973051783.68722155,661578441426.94977724,0.70000000,0.00000280
S7,S7,500,263640000,growth,base,efficient,60000000,10003,0.01666889,315412.57576800,2621877.23419108,80.0,826973051783.68722155,661578441426.94977724,0.58000000,0.00000232
S7,S7,500,263640000,growth,base,high_cost,60000000,10003,0.01666889,315412.57576800,2621877.23419108,80.0,826973051783.68722155,661578441426.94977724,0.90000000,0.00000360
S7,S7,500,263640000,growth,high,reference,60000000,290698,0.48216061,316887.90868800,2621877.23419108,80.0,830841193579.48786640,664672954863.59029312,0.70000000,0.00000279
S7,S7,500,263640000,growth,high,efficient,60000000,290698,0.48216061,316887.90868800,2621877.23419108,80.0,830841193579.48786640,664672954863.59029312,0.58000000,0.00000231
S7,S7,500,263640000,growth,high,high_cost,60000000,290698,0.48216061,316887.90868800,2621877.23419108,80.0,830841193579.48786640,664672954863.59029312,0.90000000,0.00000359
