scenario_id,scenario_display_id,scenario_name,boundary_height,boundary_type,old_subsidy_rin,new_subsidy_rin,required_price_multiplier,required_price_growth_pct,interpretation,evidence_class
S0,S0,Unchanged binary halving,840000,activation,6.25000000,3.12500000,2.00000000,100.00000000,price-only compensation; fees and miner costs held constant,consensus-deterministic
S0,S0,Unchanged binary halving,1050000,scheduled subsidy boundary,3.12500000,1.56250000,2.00000000,100.00000000,price-only compensation; fees and miner costs held constant,consensus-deterministic
S0,S0,Unchanged binary halving,1260000,scheduled subsidy boundary,1.56250000,0.78125000,2.00000000,100.00000000,price-only compensation; fees and miner costs held constant,consensus-deterministic
S0,S0,Unchanged binary halving,1470000,scheduled subsidy boundary,0.78125000,0.39062500,2.00000000,100.00000000,price-only compensation; fees and miner costs held constant,consensus-deterministic
S0,S0,Unchanged binary halving,1680000,scheduled subsidy boundary,0.39062500,0.19531250,2.00000000,100.00000000,price-only compensation; fees and miner costs held constant,consensus-deterministic
S0,S0,Unchanged binary halving,1890000,scheduled subsidy boundary,0.19531250,0.09765625,2.00000000,100.00000000,price-only compensation; fees and miner costs held constant,consensus-deterministic
S0,S0,Unchanged binary halving,2100000,scheduled subsidy boundary,0.09765625,0.04882812,2.00000020,100.00002048,price-only compensation; fees and miner costs held constant,consensus-deterministic
S0,S0,Unchanged binary halving,2310000,scheduled subsidy boundary,0.04882812,0.02441406,2.00000000,100.00000000,price-only compensation; fees and miner costs held constant,consensus-deterministic
S0,S0,Unchanged binary halving,2520000,scheduled subsidy boundary,0.02441406,0.01220703,2.00000000,100.00000000,price-only compensation; fees and miner costs held constant,consensus-deterministic
S0,S0,Unchanged binary halving,2730000,scheduled subsidy boundary,0.01220703,0.00610351,2.00000164,100.00016384,price-only compensation; fees and miner costs held constant,consensus-deterministic
S0,S0,Unchanged binary halving,2940000,scheduled subsidy boundary,0.00610351,0.00305175,2.00000328,100.00032768,price-only compensation; fees and miner costs held constant,consensus-deterministic
S0,S0,Unchanged binary halving,3150000,scheduled subsidy boundary,0.00305175,0.00152587,2.00000655,100.00065536,price-only compensation; fees and miner costs held constant,consensus-deterministic
S0,S0,Unchanged binary halving,3360000,scheduled subsidy boundary,0.00152587,0.00076293,2.00001311,100.00131074,price-only compensation; fees and miner costs held constant,consensus-deterministic
S0,S0,Unchanged binary halving,3570000,scheduled subsidy boundary,0.00076293,0.00038146,2.00002622,100.00262151,price-only compensation; fees and miner costs held constant,consensus-deterministic
S0,S0,Unchanged binary halving,3780000,scheduled subsidy boundary,0.00038146,0.00019073,2.00000000,100.00000000,price-only compensation; fees and miner costs held constant,consensus-deterministic
S0,S0,Unchanged binary halving,3990000,scheduled subsidy boundary,0.00019073,0.00009536,2.00010487,100.01048658,price-only compensation; fees and miner costs held constant,consensus-deterministic
S0,S0,Unchanged binary halving,4200000,scheduled subsidy boundary,0.00009536,0.00004768,2.00000000,100.00000000,price-only compensation; fees and miner costs held constant,consensus-deterministic
S0,S0,Unchanged binary halving,4410000,scheduled subsidy boundary,0.00004768,0.00002384,2.00000000,100.00000000,price-only compensation; fees and miner costs held constant,consensus-deterministic
S0,S0,Unchanged binary halving,4620000,scheduled subsidy boundary,0.00002384,0.00001192,2.00000000,100.00000000,price-only compensation; fees and miner costs held constant,consensus-deterministic
S0,S0,Unchanged binary halving,4830000,scheduled subsidy boundary,0.00001192,0.00000596,2.00000000,100.00000000,price-only compensation; fees and miner costs held constant,consensus-deterministic
S0,S0,Unchanged binary halving,5040000,scheduled subsidy boundary,0.00000596,0.00000298,2.00000000,100.00000000,price-only compensation; fees and miner costs held constant,consensus-deterministic
S0,S0,Unchanged binary halving,5250000,scheduled subsidy boundary,0.00000298,0.00000149,2.00000000,100.00000000,price-only compensation; fees and miner costs held constant,consensus-deterministic
S0,S0,Unchanged binary halving,5460000,scheduled subsidy boundary,0.00000149,0.00000074,2.01351351,101.35135135,price-only compensation; fees and miner costs held constant,consensus-deterministic
S0,S0,Unchanged binary halving,5670000,scheduled subsidy boundary,0.00000074,0.00000037,2.00000000,100.00000000,price-only compensation; fees and miner costs held constant,consensus-deterministic
S0,S0,Unchanged binary halving,5880000,scheduled subsidy boundary,0.00000037,0.00000018,2.05555556,105.55555556,price-only compensation; fees and miner costs held constant,consensus-deterministic
S0,S0,Unchanged binary halving,6090000,scheduled subsidy boundary,0.00000018,0.00000009,2.00000000,100.00000000,price-only compensation; fees and miner costs held constant,consensus-deterministic
S0,S0,Unchanged binary halving,6300000,scheduled subsidy boundary,0.00000009,0.00000004,2.25000000,125.00000000,price-only compensation; fees and miner costs held constant,consensus-deterministic
S0,S0,Unchanged binary halving,6510000,scheduled subsidy boundary,0.00000004,0.00000002,2.00000000,100.00000000,price-only compensation; fees and miner costs held constant,consensus-deterministic
S0,S0,Unchanged binary halving,6720000,scheduled subsidy boundary,0.00000002,0.00000001,2.00000000,100.00000000,price-only compensation; fees and miner costs held constant,consensus-deterministic
S1,S1,1/20 reduction without a floor,840000,activation,6.25000000,5.93750000,1.05263158,5.26315789,price-only compensation; fees and miner costs held constant,consensus-deterministic
S1,S1,1/20 reduction without a floor,1050000,scheduled subsidy boundary,5.93750000,5.64062500,1.05263158,5.26315789,price-only compensation; fees and miner costs held constant,consensus-deterministic
S1,S1,1/20 reduction without a floor,1260000,scheduled subsidy boundary,5.64062500,5.35859375,1.05263158,5.26315789,price-only compensation; fees and miner costs held constant,consensus-deterministic
S1,S1,1/20 reduction without a floor,1470000,scheduled subsidy boundary,5.35859375,5.09066406,1.05263158,5.26315795,price-only compensation; fees and miner costs held constant,consensus-deterministic
S1,S1,1/20 reduction without a floor,1680000,scheduled subsidy boundary,5.09066406,4.83613085,1.05263158,5.26315805,price-only compensation; fees and miner costs held constant,consensus-deterministic
S1,S1,1/20 reduction without a floor,1890000,scheduled subsidy boundary,4.83613085,4.59432430,1.05263158,5.26315807,price-only compensation; fees and miner costs held constant,consensus-deterministic
S1,S1,1/20 reduction without a floor,2100000,scheduled subsidy boundary,4.59432430,4.36460808,1.05263158,5.26315802,price-only compensation; fees and miner costs held constant,consensus-deterministic
S1,S1,1/20 reduction without a floor,2310000,scheduled subsidy boundary,4.36460808,4.14637767,1.05263158,5.26315805,price-only compensation; fees and miner costs held constant,consensus-deterministic
S1,S1,1/20 reduction without a floor,2520000,scheduled subsidy boundary,4.14637767,3.93905878,1.05263158,5.26315807,price-only compensation; fees and miner costs held constant,consensus-deterministic
S1,S1,1/20 reduction without a floor,2730000,scheduled subsidy boundary,3.93905878,3.74210584,1.05263158,5.26315792,price-only compensation; fees and miner costs held constant,consensus-deterministic
S1,S1,1/20 reduction without a floor,2940000,scheduled subsidy boundary,3.74210584,3.55500054,1.05263158,5.26315813,price-only compensation; fees and miner costs held constant,consensus-deterministic
S1,S1,1/20 reduction without a floor,3150000,scheduled subsidy boundary,3.55500054,3.37725051,1.05263158,5.26315799,price-only compensation; fees and miner costs held constant,consensus-deterministic
S1,S1,1/20 reduction without a floor,3360000,scheduled subsidy boundary,3.37725051,3.20838798,1.05263158,5.26315804,price-only compensation; fees and miner costs held constant,consensus-deterministic
S1,S1,1/20 reduction without a floor,3570000,scheduled subsidy boundary,3.20838798,3.04796858,1.05263158,5.26315793,price-only compensation; fees and miner costs held constant,consensus-deterministic
S1,S1,1/20 reduction without a floor,3780000,scheduled subsidy boundary,3.04796858,2.89557015,1.05263158,5.26315793,price-only compensation; fees and miner costs held constant,consensus-deterministic
S1,S1,1/20 reduction without a floor,3990000,scheduled subsidy boundary,2.89557015,2.75079164,1.05263158,5.26315799,price-only compensation; fees and miner costs held constant,consensus-deterministic
S1,S1,1/20 reduction without a floor,4200000,scheduled subsidy boundary,2.75079164,2.61325205,1.05263158,5.26315822,price-only compensation; fees and miner costs held constant,consensus-deterministic
S1,S1,1/20 reduction without a floor,4410000,scheduled subsidy boundary,2.61325205,2.48258944,1.05263158,5.26315821,price-only compensation; fees and miner costs held constant,consensus-deterministic
S1,S1,1/20 reduction without a floor,4620000,scheduled subsidy boundary,2.48258944,2.35845996,1.05263158,5.26315825,price-only compensation; fees and miner costs held constant,consensus-deterministic
S1,S1,1/20 reduction without a floor,4830000,scheduled subsidy boundary,2.35845996,2.24053696,1.05263158,5.26315799,price-only compensation; fees and miner costs held constant,consensus-deterministic
S1,S1,1/20 reduction without a floor,5040000,scheduled subsidy boundary,2.24053696,2.12851011,1.05263158,5.26315799,price-only compensation; fees and miner costs held constant,consensus-deterministic
S1,S1,1/20 reduction without a floor,5250000,scheduled subsidy boundary,2.12851011,2.02208460,1.05263158,5.26315813,price-only compensation; fees and miner costs held constant,consensus-deterministic
S1,S1,1/20 reduction without a floor,5460000,scheduled subsidy boundary,2.02208460,1.92098037,1.05263158,5.26315789,price-only compensation; fees and miner costs held constant,consensus-deterministic
S1,S1,1/20 reduction without a floor,5670000,scheduled subsidy boundary,1.92098037,1.82493135,1.05263158,5.26315798,price-only compensation; fees and miner costs held constant,consensus-deterministic
S1,S1,1/20 reduction without a floor,5880000,scheduled subsidy boundary,1.82493135,1.73368478,1.05263158,5.26315805,price-only compensation; fees and miner costs held constant,consensus-deterministic
S1,S1,1/20 reduction without a floor,6090000,scheduled subsidy boundary,1.73368478,1.64700054,1.05263158,5.26315796,price-only compensation; fees and miner costs held constant,consensus-deterministic
S1,S1,1/20 reduction without a floor,6300000,scheduled subsidy boundary,1.64700054,1.56465051,1.05263158,5.26315810,price-only compensation; fees and miner costs held constant,consensus-deterministic
S1,S1,1/20 reduction without a floor,6510000,scheduled subsidy boundary,1.56465051,1.48641798,1.05263158,5.26315821,price-only compensation; fees and miner costs held constant,consensus-deterministic
S1,S1,1/20 reduction without a floor,6720000,scheduled subsidy boundary,1.48641798,1.41209708,1.05263158,5.26315797,price-only compensation; fees and miner costs held constant,consensus-deterministic
S1,S1,1/20 reduction without a floor,6930000,scheduled subsidy boundary,1.41209708,1.34149222,1.05263158,5.26315837,price-only compensation; fees and miner costs held constant,consensus-deterministic
S1,S1,1/20 reduction without a floor,7140000,scheduled subsidy boundary,1.34149222,1.27441760,1.05263159,5.26315864,price-only compensation; fees and miner costs held constant,consensus-deterministic
S1,S1,1/20 reduction without a floor,7350000,scheduled subsidy boundary,1.27441760,1.21069672,1.05263158,5.26315789,price-only compensation; fees and miner costs held constant,consensus-deterministic
S1,S1,1/20 reduction without a floor,7560000,scheduled subsidy boundary,1.21069672,1.15016188,1.05263158,5.26315826,price-only compensation; fees and miner costs held constant,consensus-deterministic
S1,S1,1/20 reduction without a floor,7770000,scheduled subsidy boundary,1.15016188,1.09265378,1.05263158,5.26315847,price-only compensation; fees and miner costs held constant,consensus-deterministic
S1,S1,1/20 reduction without a floor,7980000,scheduled subsidy boundary,1.09265378,1.03802109,1.05263158,5.26315800,price-only compensation; fees and miner costs held constant,consensus-deterministic
S1,S1,1/20 reduction without a floor,8190000,scheduled subsidy boundary,1.03802109,0.98612003,1.05263158,5.26315848,price-only compensation; fees and miner costs held constant,consensus-deterministic
S1,S1,1/20 reduction without a floor,8400000,scheduled subsidy boundary,0.98612003,0.93681402,1.05263159,5.26315885,price-only compensation; fees and miner costs held constant,consensus-deterministic
S1,S1,1/20 reduction without a floor,8610000,scheduled subsidy boundary,0.93681402,0.88997331,1.05263159,5.26315896,price-only compensation; fees and miner costs held constant,consensus-deterministic
S1,S1,1/20 reduction without a floor,8820000,scheduled subsidy boundary,0.88997331,0.84547464,1.05263158,5.26315845,price-only compensation; fees and miner costs held constant,consensus-deterministic
S1,S1,1/20 reduction without a floor,9030000,scheduled subsidy boundary,0.84547464,0.80320090,1.05263159,5.26315894,price-only compensation; fees and miner costs held constant,consensus-deterministic
S1,S1,1/20 reduction without a floor,9240000,scheduled subsidy boundary,0.80320090,0.76304085,1.05263159,5.26315858,price-only compensation; fees and miner costs held constant,consensus-deterministic
S1,S1,1/20 reduction without a floor,9450000,scheduled subsidy boundary,0.76304085,0.72488880,1.05263159,5.26315898,price-only compensation; fees and miner costs held constant,consensus-deterministic
S1,S1,1/20 reduction without a floor,9660000,scheduled subsidy boundary,0.72488880,0.68864436,1.05263158,5.26315789,price-only compensation; fees and miner costs held constant,consensus-deterministic
S1,S1,1/20 reduction without a floor,9870000,scheduled subsidy boundary,0.68864436,0.65421214,1.05263158,5.26315822,price-only compensation; fees and miner costs held constant,consensus-deterministic
S1,S1,1/20 reduction without a floor,10080000,scheduled subsidy boundary,0.65421214,0.62150153,1.05263158,5.26315840,price-only compensation; fees and miner costs held constant,consensus-deterministic
S1,S1,1/20 reduction without a floor,10290000,scheduled subsidy boundary,0.62150153,0.59042645,1.05263159,5.26315852,price-only compensation; fees and miner costs held constant,consensus-deterministic
S1,S1,1/20 reduction without a floor,10500000,scheduled subsidy boundary,0.59042645,0.56090512,1.05263159,5.26315930,price-only compensation; fees and miner costs held constant,consensus-deterministic
S1,S1,1/20 reduction without a floor,10710000,scheduled subsidy boundary,0.56090512,0.53285986,1.05263159,5.26315868,price-only compensation; fees and miner costs held constant,consensus-deterministic
S1,S1,1/20 reduction without a floor,10920000,scheduled subsidy boundary,0.53285986,0.50621686,1.05263159,5.26315935,price-only compensation; fees and miner costs held constant,consensus-deterministic
S1,S1,1/20 reduction without a floor,11130000,scheduled subsidy boundary,0.50621686,0.48090601,1.05263159,5.26315943,price-only compensation; fees and miner costs held constant,consensus-deterministic
S1,S1,1/20 reduction without a floor,11340000,scheduled subsidy boundary,0.48090601,0.45686070,1.05263160,5.26316008,price-only compensation; fees and miner costs held constant,consensus-deterministic
S1,S1,1/20 reduction without a floor,11550000,scheduled subsidy boundary,0.45686070,0.43401766,1.05263159,5.26315911,price-only compensation; fees and miner costs held constant,consensus-deterministic
S1,S1,1/20 reduction without a floor,11760000,scheduled subsidy boundary,0.43401766,0.41231677,1.05263160,5.26315968,price-only compensation; fees and miner costs held constant,consensus-deterministic
S1,S1,1/20 reduction without a floor,11970000,scheduled subsidy boundary,0.41231677,0.39170093,1.05263158,5.26315830,price-only compensation; fees and miner costs held constant,consensus-deterministic
S1,S1,1/20 reduction without a floor,12180000,scheduled subsidy boundary,0.39170093,0.37211588,1.05263159,5.26315888,price-only compensation; fees and miner costs held constant,consensus-deterministic
S1,S1,1/20 reduction without a floor,12390000,scheduled subsidy boundary,0.37211588,0.35351008,1.05263160,5.26315968,price-only compensation; fees and miner costs held constant,consensus-deterministic
S1,S1,1/20 reduction without a floor,12600000,scheduled subsidy boundary,0.35351008,0.33583457,1.05263160,5.26315978,price-only compensation; fees and miner costs held constant,consensus-deterministic
S1,S1,1/20 reduction without a floor,12810000,scheduled subsidy boundary,0.33583457,0.31904284,1.05263158,5.26315839,price-only compensation; fees and miner costs held constant,consensus-deterministic
S1,S1,1/20 reduction without a floor,13020000,scheduled subsidy boundary,0.31904284,0.30309069,1.05263161,5.26316067,price-only compensation; fees and miner costs held constant,consensus-deterministic
S1,S1,1/20 reduction without a floor,13230000,scheduled subsidy boundary,0.30309069,0.28793615,1.05263160,5.26315991,price-only compensation; fees and miner costs held constant,consensus-deterministic
S1,S1,1/20 reduction without a floor,13440000,scheduled subsidy boundary,0.28793615,0.27353934,1.05263159,5.26315886,price-only compensation; fees and miner costs held constant,consensus-deterministic
S1,S1,1/20 reduction without a floor,13650000,scheduled subsidy boundary,0.27353934,0.25986237,1.05263159,5.26315911,price-only compensation; fees and miner costs held constant,consensus-deterministic
S1,S1,1/20 reduction without a floor,13860000,scheduled subsidy boundary,0.25986237,0.24686925,1.05263159,5.26315853,price-only compensation; fees and miner costs held constant,consensus-deterministic
S1,S1,1/20 reduction without a floor,14070000,scheduled subsidy boundary,0.24686925,0.23452578,1.05263161,5.26316126,price-only compensation; fees and miner costs held constant,consensus-deterministic
S1,S1,1/20 reduction without a floor,14280000,scheduled subsidy boundary,0.23452578,0.22279949,1.05263158,5.26315837,price-only compensation; fees and miner costs held constant,consensus-deterministic
S1,S1,1/20 reduction without a floor,14490000,scheduled subsidy boundary,0.22279949,0.21165951,1.05263161,5.26316063,price-only compensation; fees and miner costs held constant,consensus-deterministic
S1,S1,1/20 reduction without a floor,14700000,scheduled subsidy boundary,0.21165951,0.20107653,1.05263160,5.26316025,price-only compensation; fees and miner costs held constant,consensus-deterministic
S1,S1,1/20 reduction without a floor,14910000,scheduled subsidy boundary,0.20107653,0.19102270,1.05263160,5.26315982,price-only compensation; fees and miner costs held constant,consensus-deterministic
S1,S1,1/20 reduction without a floor,15120000,scheduled subsidy boundary,0.19102270,0.18147156,1.05263161,5.26316080,price-only compensation; fees and miner costs held constant,consensus-deterministic
S1,S1,1/20 reduction without a floor,15330000,scheduled subsidy boundary,0.18147156,0.17239798,1.05263159,5.26315912,price-only compensation; fees and miner costs held constant,consensus-deterministic
S1,S1,1/20 reduction without a floor,15540000,scheduled subsidy boundary,0.17239798,0.16377808,1.05263159,5.26315854,price-only compensation; fees and miner costs held constant,consensus-deterministic
S1,S1,1/20 reduction without a floor,15750000,scheduled subsidy boundary,0.16377808,0.15558917,1.05263162,5.26316195,price-only compensation; fees and miner costs held constant,consensus-deterministic
S1,S1,1/20 reduction without a floor,15960000,scheduled subsidy boundary,0.15558917,0.14780971,1.05263159,5.26315896,price-only compensation; fees and miner costs held constant,consensus-deterministic
S1,S1,1/20 reduction without a floor,16170000,scheduled subsidy boundary,0.14780971,0.14041922,1.05263161,5.26316127,price-only compensation; fees and miner costs held constant,consensus-deterministic
S1,S1,1/20 reduction without a floor,16380000,scheduled subsidy boundary,0.14041922,0.13339825,1.05263165,5.26316500,price-only compensation; fees and miner costs held constant,consensus-deterministic
S1,S1,1/20 reduction without a floor,16590000,scheduled subsidy boundary,0.13339825,0.12672833,1.05263164,5.26316412,price-only compensation; fees and miner costs held constant,consensus-deterministic
S1,S1,1/20 reduction without a floor,16800000,scheduled subsidy boundary,0.12672833,0.12039191,1.05263161,5.26316095,price-only compensation; fees and miner costs held constant,consensus-deterministic
S1,S1,1/20 reduction without a floor,17010000,scheduled subsidy boundary,0.12039191,0.11437231,1.05263162,5.26316204,price-only compensation; fees and miner costs held constant,consensus-deterministic
S1,S1,1/20 reduction without a floor,17220000,scheduled subsidy boundary,0.11437231,0.10865369,1.05263162,5.26316225,price-only compensation; fees and miner costs held constant,consensus-deterministic
S1,S1,1/20 reduction without a floor,17430000,scheduled subsidy boundary,0.10865369,0.10322100,1.05263164,5.26316350,price-only compensation; fees and miner costs held constant,consensus-deterministic
S1,S1,1/20 reduction without a floor,17640000,scheduled subsidy boundary,0.10322100,0.09805995,1.05263158,5.26315789,price-only compensation; fees and miner costs held constant,consensus-deterministic
S1,S1,1/20 reduction without a floor,17850000,scheduled subsidy boundary,0.09805995,0.09315695,1.05263161,5.26316072,price-only compensation; fees and miner costs held constant,consensus-deterministic
S1,S1,1/20 reduction without a floor,18060000,scheduled subsidy boundary,0.09315695,0.08849910,1.05263161,5.26316087,price-only compensation; fees and miner costs held constant,consensus-deterministic
S1,S1,1/20 reduction without a floor,18270000,scheduled subsidy boundary,0.08849910,0.08407414,1.05263164,5.26316415,price-only compensation; fees and miner costs held constant,consensus-deterministic
S1,S1,1/20 reduction without a floor,18480000,scheduled subsidy boundary,0.08407414,0.07987043,1.05263162,5.26316185,price-only compensation; fees and miner costs held constant,consensus-deterministic
S1,S1,1/20 reduction without a floor,18690000,scheduled subsidy boundary,0.07987043,0.07587690,1.05263170,5.26316969,price-only compensation; fees and miner costs held constant,consensus-deterministic
S1,S1,1/20 reduction without a floor,18900000,scheduled subsidy boundary,0.07587690,0.07208305,1.05263165,5.26316520,price-only compensation; fees and miner costs held constant,consensus-deterministic
S1,S1,1/20 reduction without a floor,19110000,scheduled subsidy boundary,0.07208305,0.06847889,1.05263169,5.26316942,price-only compensation; fees and miner costs held constant,consensus-deterministic
S1,S1,1/20 reduction without a floor,19320000,scheduled subsidy boundary,0.06847889,0.06505494,1.05263167,5.26316679,price-only compensation; fees and miner costs held constant,consensus-deterministic
S1,S1,1/20 reduction without a floor,19530000,scheduled subsidy boundary,0.06505494,0.06180219,1.05263163,5.26316300,price-only compensation; fees and miner costs held constant,consensus-deterministic
S1,S1,1/20 reduction without a floor,19740000,scheduled subsidy boundary,0.06180219,0.05871208,1.05263159,5.26315879,price-only compensation; fees and miner costs held constant,consensus-deterministic
S1,S1,1/20 reduction without a floor,19950000,scheduled subsidy boundary,0.05871208,0.05577647,1.05263169,5.26316922,price-only compensation; fees and miner costs held constant,consensus-deterministic
S1,S1,1/20 reduction without a floor,20160000,scheduled subsidy boundary,0.05577647,0.05298764,1.05263171,5.26317081,price-only compensation; fees and miner costs held constant,consensus-deterministic
S1,S1,1/20 reduction without a floor,20370000,scheduled subsidy boundary,0.05298764,0.05033825,1.05263175,5.26317462,price-only compensation; fees and miner costs held constant,consensus-deterministic
S1,S1,1/20 reduction without a floor,20580000,scheduled subsidy boundary,0.05033825,0.04782133,1.05263174,5.26317440,price-only compensation; fees and miner costs held constant,consensus-deterministic
S1,S1,1/20 reduction without a floor,20790000,scheduled subsidy boundary,0.04782133,0.04543026,1.05263166,5.26316600,price-only compensation; fees and miner costs held constant,consensus-deterministic
S1,S1,1/20 reduction without a floor,21000000,scheduled subsidy boundary,0.04543026,0.04315874,1.05263175,5.26317497,price-only compensation; fees and miner costs held constant,consensus-deterministic
S1,S1,1/20 reduction without a floor,21210000,scheduled subsidy boundary,0.04315874,0.04100080,1.05263166,5.26316560,price-only compensation; fees and miner costs held constant,consensus-deterministic
S1,S1,1/20 reduction without a floor,21420000,scheduled subsidy boundary,0.04100080,0.03895076,1.05263158,5.26315789,price-only compensation; fees and miner costs held constant,consensus-deterministic
S1,S1,1/20 reduction without a floor,21630000,scheduled subsidy boundary,0.03895076,0.03700322,1.05263164,5.26316358,price-only compensation; fees and miner costs held constant,consensus-deterministic
S1,S1,1/20 reduction without a floor,21840000,scheduled subsidy boundary,0.03700322,0.03515305,1.05263185,5.26318484,price-only compensation; fees and miner costs held constant,consensus-deterministic
S1,S1,1/20 reduction without a floor,22050000,scheduled subsidy boundary,0.03515305,0.03339539,1.05263182,5.26318153,price-only compensation; fees and miner costs held constant,consensus-deterministic
S1,S1,1/20 reduction without a floor,22260000,scheduled subsidy boundary,0.03339539,0.03172562,1.05263160,5.26315955,price-only compensation; fees and miner costs held constant,consensus-deterministic
S1,S1,1/20 reduction without a floor,22470000,scheduled subsidy boundary,0.03172562,0.03013933,1.05263189,5.26318933,price-only compensation; fees and miner costs held constant,consensus-deterministic
S1,S1,1/20 reduction without a floor,22680000,scheduled subsidy boundary,0.03013933,0.02863236,1.05263171,5.26317076,price-only compensation; fees and miner costs held constant,consensus-deterministic
S1,S1,1/20 reduction without a floor,22890000,scheduled subsidy boundary,0.02863236,0.02720074,1.05263166,5.26316563,price-only compensation; fees and miner costs held constant,consensus-deterministic
S1,S1,1/20 reduction without a floor,23100000,scheduled subsidy boundary,0.02720074,0.02584070,1.05263170,5.26317012,price-only compensation; fees and miner costs held constant,consensus-deterministic
S1,S1,1/20 reduction without a floor,23310000,scheduled subsidy boundary,0.02584070,0.02454866,1.05263179,5.26317933,price-only compensation; fees and miner costs held constant,consensus-deterministic
S1,S1,1/20 reduction without a floor,23520000,scheduled subsidy boundary,0.02454866,0.02332122,1.05263189,5.26318949,price-only compensation; fees and miner costs held constant,consensus-deterministic
S1,S1,1/20 reduction without a floor,23730000,scheduled subsidy boundary,0.02332122,0.02215515,1.05263201,5.26320066,price-only compensation; fees and miner costs held constant,consensus-deterministic
S1,S1,1/20 reduction without a floor,23940000,scheduled subsidy boundary,0.02215515,0.02104739,1.05263170,5.26317040,price-only compensation; fees and miner costs held constant,consensus-deterministic
S1,S1,1/20 reduction without a floor,24150000,scheduled subsidy boundary,0.02104739,0.01999502,1.05263161,5.26316053,price-only compensation; fees and miner costs held constant,consensus-deterministic
S1,S1,1/20 reduction without a floor,24360000,scheduled subsidy boundary,0.01999502,0.01899526,1.05263208,5.26320777,price-only compensation; fees and miner costs held constant,consensus-deterministic
S1,S1,1/20 reduction without a floor,24570000,scheduled subsidy boundary,0.01899526,0.01804549,1.05263199,5.26319873,price-only compensation; fees and miner costs held constant,consensus-deterministic
S1,S1,1/20 reduction without a floor,24780000,scheduled subsidy boundary,0.01804549,0.01714321,1.05263192,5.26319167,price-only compensation; fees and miner costs held constant,consensus-deterministic
S1,S1,1/20 reduction without a floor,24990000,scheduled subsidy boundary,0.01714321,0.01628604,1.05263219,5.26321930,price-only compensation; fees and miner costs held constant,consensus-deterministic
S1,S1,1/20 reduction without a floor,25200000,scheduled subsidy boundary,0.01628604,0.01547173,1.05263212,5.26321232,price-only compensation; fees and miner costs held constant,consensus-deterministic
S1,S1,1/20 reduction without a floor,25410000,scheduled subsidy boundary,0.01547173,0.01469814,1.05263183,5.26318296,price-only compensation; fees and miner costs held constant,consensus-deterministic
S1,S1,1/20 reduction without a floor,25620000,scheduled subsidy boundary,0.01469814,0.01396323,1.05263181,5.26318051,price-only compensation; fees and miner costs held constant,consensus-deterministic
S1,S1,1/20 reduction without a floor,25830000,scheduled subsidy boundary,0.01396323,0.01326506,1.05263225,5.26322535,price-only compensation; fees and miner costs held constant,consensus-deterministic
S1,S1,1/20 reduction without a floor,26040000,scheduled subsidy boundary,0.01326506,0.01260180,1.05263216,5.26321637,price-only compensation; fees and miner costs held constant,consensus-deterministic
S1,S1,1/20 reduction without a floor,26250000,scheduled subsidy boundary,0.01260180,0.01197171,1.05263158,5.26315789,price-only compensation; fees and miner costs held constant,consensus-deterministic
S1,S1,1/20 reduction without a floor,26460000,scheduled subsidy boundary,0.01197171,0.01137312,1.05263200,5.26319954,price-only compensation; fees and miner costs held constant,consensus-deterministic
S1,S1,1/20 reduction without a floor,26670000,scheduled subsidy boundary,0.01137312,0.01080446,1.05263197,5.26319686,price-only compensation; fees and miner costs held constant,consensus-deterministic
S1,S1,1/20 reduction without a floor,26880000,scheduled subsidy boundary,0.01080446,0.01026423,1.05263230,5.26322968,price-only compensation; fees and miner costs held constant,consensus-deterministic
S1,S1,1/20 reduction without a floor,27090000,scheduled subsidy boundary,0.01026423,0.00975101,1.05263250,5.26324965,price-only compensation; fees and miner costs held constant,consensus-deterministic
S1,S1,1/20 reduction without a floor,27300000,scheduled subsidy boundary,0.00975101,0.00926345,1.05263266,5.26326585,price-only compensation; fees and miner costs held constant,consensus-deterministic
S1,S1,1/20 reduction without a floor,27510000,scheduled subsidy boundary,0.00926345,0.00880027,1.05263248,5.26324760,price-only compensation; fees and miner costs held constant,consensus-deterministic
S1,S1,1/20 reduction without a floor,27720000,scheduled subsidy boundary,0.00880027,0.00836025,1.05263240,5.26323974,price-only compensation; fees and miner costs held constant,consensus-deterministic
S1,S1,1/20 reduction without a floor,27930000,scheduled subsidy boundary,0.00836025,0.00794223,1.05263257,5.26325730,price-only compensation; fees and miner costs held constant,consensus-deterministic
S1,S1,1/20 reduction without a floor,28140000,scheduled subsidy boundary,0.00794223,0.00754511,1.05263276,5.26327648,price-only compensation; fees and miner costs held constant,consensus-deterministic
S1,S1,1/20 reduction without a floor,28350000,scheduled subsidy boundary,0.00754511,0.00716785,1.05263224,5.26322398,price-only compensation; fees and miner costs held constant,consensus-deterministic
S1,S1,1/20 reduction without a floor,28560000,scheduled subsidy boundary,0.00716785,0.00680945,1.05263274,5.26327383,price-only compensation; fees and miner costs held constant,consensus-deterministic
S1,S1,1/20 reduction without a floor,28770000,scheduled subsidy boundary,0.00680945,0.00646897,1.05263280,5.26327993,price-only compensation; fees and miner costs held constant,consensus-deterministic
S1,S1,1/20 reduction without a floor,28980000,scheduled subsidy boundary,0.00646897,0.00614552,1.05263184,5.26318359,price-only compensation; fees and miner costs held constant,consensus-deterministic
S1,S1,1/20 reduction without a floor,29190000,scheduled subsidy boundary,0.00614552,0.00583824,1.05263230,5.26323001,price-only compensation; fees and miner costs held constant,consensus-deterministic
S1,S1,1/20 reduction without a floor,29400000,scheduled subsidy boundary,0.00583824,0.00554632,1.05263310,5.26330973,price-only compensation; fees and miner costs held constant,consensus-deterministic
S1,S1,1/20 reduction without a floor,29610000,scheduled subsidy boundary,0.00554632,0.00526900,1.05263238,5.26323781,price-only compensation; fees and miner costs held constant,consensus-deterministic
S1,S1,1/20 reduction without a floor,29820000,scheduled subsidy boundary,0.00526900,0.00500555,1.05263158,5.26315789,price-only compensation; fees and miner costs held constant,consensus-deterministic
S1,S1,1/20 reduction without a floor,30030000,scheduled subsidy boundary,0.00500555,0.00475527,1.05263213,5.26321324,price-only compensation; fees and miner costs held constant,consensus-deterministic
S1,S1,1/20 reduction without a floor,30240000,scheduled subsidy boundary,0.00475527,0.00451750,1.05263309,5.26330935,price-only compensation; fees and miner costs held constant,consensus-deterministic
S1,S1,1/20 reduction without a floor,30450000,scheduled subsidy boundary,0.00451750,0.00429162,1.05263281,5.26328053,price-only compensation; fees and miner costs held constant,consensus-deterministic
S1,S1,1/20 reduction without a floor,30660000,scheduled subsidy boundary,0.00429162,0.00407703,1.05263390,5.26339026,price-only compensation; fees and miner costs held constant,consensus-deterministic
S1,S1,1/20 reduction without a floor,30870000,scheduled subsidy boundary,0.00407703,0.00387317,1.05263389,5.26338890,price-only compensation; fees and miner costs held constant,consensus-deterministic
S1,S1,1/20 reduction without a floor,31080000,scheduled subsidy boundary,0.00387317,0.00367951,1.05263201,5.26320081,price-only compensation; fees and miner costs held constant,consensus-deterministic
S1,S1,1/20 reduction without a floor,31290000,scheduled subsidy boundary,0.00367951,0.00349553,1.05263293,5.26329341,price-only compensation; fees and miner costs held constant,consensus-deterministic
S1,S1,1/20 reduction without a floor,31500000,scheduled subsidy boundary,0.00349553,0.00332075,1.05263269,5.26326884,price-only compensation; fees and miner costs held constant,consensus-deterministic
S1,S1,1/20 reduction without a floor,31710000,scheduled subsidy boundary,0.00332075,0.00315471,1.05263241,5.26324131,price-only compensation; fees and miner costs held constant,consensus-deterministic
S1,S1,1/20 reduction without a floor,31920000,scheduled subsidy boundary,0.00315471,0.00299697,1.05263316,5.26331595,price-only compensation; fees and miner costs held constant,consensus-deterministic
S1,S1,1/20 reduction without a floor,32130000,scheduled subsidy boundary,0.00299697,0.00284712,1.05263213,5.26321335,price-only compensation; fees and miner costs held constant,consensus-deterministic
S1,S1,1/20 reduction without a floor,32340000,scheduled subsidy boundary,0.00284712,0.00270476,1.05263314,5.26331357,price-only compensation; fees and miner costs held constant,consensus-deterministic
S1,S1,1/20 reduction without a floor,32550000,scheduled subsidy boundary,0.00270476,0.00256952,1.05263240,5.26323983,price-only compensation; fees and miner costs held constant,consensus-deterministic
S1,S1,1/20 reduction without a floor,32760000,scheduled subsidy boundary,0.00256952,0.00244104,1.05263330,5.26333038,price-only compensation; fees and miner costs held constant,consensus-deterministic
S1,S1,1/20 reduction without a floor,32970000,scheduled subsidy boundary,0.00244104,0.00231898,1.05263521,5.26352103,price-only compensation; fees and miner costs held constant,consensus-deterministic
S1,S1,1/20 reduction without a floor,33180000,scheduled subsidy boundary,0.00231898,0.00220303,1.05263206,5.26320568,price-only compensation; fees and miner costs held constant,consensus-deterministic
S1,S1,1/20 reduction without a floor,33390000,scheduled subsidy boundary,0.00220303,0.00209287,1.05263585,5.26358541,price-only compensation; fees and miner costs held constant,consensus-deterministic
S1,S1,1/20 reduction without a floor,33600000,scheduled subsidy boundary,0.00209287,0.00198822,1.05263502,5.26350203,price-only compensation; fees and miner costs held constant,consensus-deterministic
S1,S1,1/20 reduction without a floor,33810000,scheduled subsidy boundary,0.00198822,0.00188880,1.05263659,5.26365947,price-only compensation; fees and miner costs held constant,consensus-deterministic
S1,S1,1/20 reduction without a floor,34020000,scheduled subsidy boundary,0.00188880,0.00179436,1.05263158,5.26315789,price-only compensation; fees and miner costs held constant,consensus-deterministic
S1,S1,1/20 reduction without a floor,34230000,scheduled subsidy boundary,0.00179436,0.00170464,1.05263281,5.26328140,price-only compensation; fees and miner costs held constant,consensus-deterministic
S1,S1,1/20 reduction without a floor,34440000,scheduled subsidy boundary,0.00170464,0.00161940,1.05263678,5.26367791,price-only compensation; fees and miner costs held constant,consensus-deterministic
S1,S1,1/20 reduction without a floor,34650000,scheduled subsidy boundary,0.00161940,0.00153843,1.05263158,5.26315789,price-only compensation; fees and miner costs held constant,consensus-deterministic
S1,S1,1/20 reduction without a floor,34860000,scheduled subsidy boundary,0.00153843,0.00146150,1.05263770,5.26377010,price-only compensation; fees and miner costs held constant,consensus-deterministic
S1,S1,1/20 reduction without a floor,35070000,scheduled subsidy boundary,0.00146150,0.00138842,1.05263537,5.26353697,price-only compensation; fees and miner costs held constant,consensus-deterministic
S1,S1,1/20 reduction without a floor,35280000,scheduled subsidy boundary,0.00138842,0.00131899,1.05263876,5.26387615,price-only compensation; fees and miner costs held constant,consensus-deterministic
S1,S1,1/20 reduction without a floor,35490000,scheduled subsidy boundary,0.00131899,0.00125304,1.05263200,5.26319990,price-only compensation; fees and miner costs held constant,consensus-deterministic
S1,S1,1/20 reduction without a floor,35700000,scheduled subsidy boundary,0.00125304,0.00119038,1.05263865,5.26386532,price-only compensation; fees and miner costs held constant,consensus-deterministic
S1,S1,1/20 reduction without a floor,35910000,scheduled subsidy boundary,0.00119038,0.00113086,1.05263251,5.26325098,price-only compensation; fees and miner costs held constant,consensus-deterministic
S1,S1,1/20 reduction without a floor,36120000,scheduled subsidy boundary,0.00113086,0.00107431,1.05263844,5.26384377,price-only compensation; fees and miner costs held constant,consensus-deterministic
S1,S1,1/20 reduction without a floor,36330000,scheduled subsidy boundary,0.00107431,0.00102059,1.05263622,5.26362202,price-only compensation; fees and miner costs held constant,consensus-deterministic
S1,S1,1/20 reduction without a floor,36540000,scheduled subsidy boundary,0.00102059,0.00096956,1.05263212,5.26321218,price-only compensation; fees and miner costs held constant,consensus-deterministic
S1,S1,1/20 reduction without a floor,36750000,scheduled subsidy boundary,0.00096956,0.00092108,1.05263386,5.26338646,price-only compensation; fees and miner costs held constant,consensus-deterministic
S1,S1,1/20 reduction without a floor,36960000,scheduled subsidy boundary,0.00092108,0.00087502,1.05263880,5.26387968,price-only compensation; fees and miner costs held constant,consensus-deterministic
S1,S1,1/20 reduction without a floor,37170000,scheduled subsidy boundary,0.00087502,0.00083126,1.05264298,5.26429757,price-only compensation; fees and miner costs held constant,consensus-deterministic
S1,S1,1/20 reduction without a floor,37380000,scheduled subsidy boundary,0.00083126,0.00078969,1.05264091,5.26409097,price-only compensation; fees and miner costs held constant,consensus-deterministic
S1,S1,1/20 reduction without a floor,37590000,scheduled subsidy boundary,0.00078969,0.00075020,1.05263930,5.26392962,price-only compensation; fees and miner costs held constant,consensus-deterministic
S1,S1,1/20 reduction without a floor,37800000,scheduled subsidy boundary,0.00075020,0.00071269,1.05263158,5.26315789,price-only compensation; fees and miner costs held constant,consensus-deterministic
S1,S1,1/20 reduction without a floor,38010000,scheduled subsidy boundary,0.00071269,0.00067705,1.05264013,5.26401300,price-only compensation; fees and miner costs held constant,consensus-deterministic
S1,S1,1/20 reduction without a floor,38220000,scheduled subsidy boundary,0.00067705,0.00064319,1.05264385,5.26438533,price-only compensation; fees and miner costs held constant,consensus-deterministic
S1,S1,1/20 reduction without a floor,38430000,scheduled subsidy boundary,0.00064319,0.00061103,1.05263244,5.26324403,price-only compensation; fees and miner costs held constant,consensus-deterministic
S1,S1,1/20 reduction without a floor,38640000,scheduled subsidy boundary,0.00061103,0.00058047,1.05264699,5.26469930,price-only compensation; fees and miner costs held constant,consensus-deterministic
S1,S1,1/20 reduction without a floor,38850000,scheduled subsidy boundary,0.00058047,0.00055144,1.05264399,5.26439867,price-only compensation; fees and miner costs held constant,consensus-deterministic
S1,S1,1/20 reduction without a floor,39060000,scheduled subsidy boundary,0.00055144,0.00052386,1.05264765,5.26476540,price-only compensation; fees and miner costs held constant,consensus-deterministic
S1,S1,1/20 reduction without a floor,39270000,scheduled subsidy boundary,0.00052386,0.00049766,1.05264639,5.26463851,price-only compensation; fees and miner costs held constant,consensus-deterministic
S1,S1,1/20 reduction without a floor,39480000,scheduled subsidy boundary,0.00049766,0.00047277,1.05264716,5.26471646,price-only compensation; fees and miner costs held constant,consensus-deterministic
S1,S1,1/20 reduction without a floor,39690000,scheduled subsidy boundary,0.00047277,0.00044913,1.05263509,5.26350945,price-only compensation; fees and miner costs held constant,consensus-deterministic
S1,S1,1/20 reduction without a floor,39900000,scheduled subsidy boundary,0.00044913,0.00042667,1.05264021,5.26402137,price-only compensation; fees and miner costs held constant,consensus-deterministic
S1,S1,1/20 reduction without a floor,40110000,scheduled subsidy boundary,0.00042667,0.00040533,1.05264846,5.26484593,price-only compensation; fees and miner costs held constant,consensus-deterministic
S1,S1,1/20 reduction without a floor,40320000,scheduled subsidy boundary,0.00040533,0.00038506,1.05264115,5.26411468,price-only compensation; fees and miner costs held constant,consensus-deterministic
S1,S1,1/20 reduction without a floor,40530000,scheduled subsidy boundary,0.00038506,0.00036580,1.05265172,5.26517223,price-only compensation; fees and miner costs held constant,consensus-deterministic
S1,S1,1/20 reduction without a floor,40740000,scheduled subsidy boundary,0.00036580,0.00034751,1.05263158,5.26315789,price-only compensation; fees and miner costs held constant,consensus-deterministic
S1,S1,1/20 reduction without a floor,40950000,scheduled subsidy boundary,0.00034751,0.00033013,1.05264593,5.26459274,price-only compensation; fees and miner costs held constant,consensus-deterministic
S1,S1,1/20 reduction without a floor,41160000,scheduled subsidy boundary,0.00033013,0.00031362,1.05264333,5.26433263,price-only compensation; fees and miner costs held constant,consensus-deterministic
S1,S1,1/20 reduction without a floor,41370000,scheduled subsidy boundary,0.00031362,0.00029793,1.05266338,5.26633773,price-only compensation; fees and miner costs held constant,consensus-deterministic
S1,S1,1/20 reduction without a floor,41580000,scheduled subsidy boundary,0.00029793,0.00028303,1.05264460,5.26445960,price-only compensation; fees and miner costs held constant,consensus-deterministic
S1,S1,1/20 reduction without a floor,41790000,scheduled subsidy boundary,0.00028303,0.00026887,1.05266486,5.26648566,price-only compensation; fees and miner costs held constant,consensus-deterministic
S1,S1,1/20 reduction without a floor,42000000,scheduled subsidy boundary,0.00026887,0.00025542,1.05265837,5.26583666,price-only compensation; fees and miner costs held constant,consensus-deterministic
S1,S1,1/20 reduction without a floor,42210000,scheduled subsidy boundary,0.00025542,0.00024264,1.05267062,5.26706231,price-only compensation; fees and miner costs held constant,consensus-deterministic
S1,S1,1/20 reduction without a floor,42420000,scheduled subsidy boundary,0.00024264,0.00023050,1.05266811,5.26681128,price-only compensation; fees and miner costs held constant,consensus-deterministic
S1,S1,1/20 reduction without a floor,42630000,scheduled subsidy boundary,0.00023050,0.00021897,1.05265561,5.26556149,price-only compensation; fees and miner costs held constant,consensus-deterministic
S1,S1,1/20 reduction without a floor,42840000,scheduled subsidy boundary,0.00021897,0.00020802,1.05263917,5.26391693,price-only compensation; fees and miner costs held constant,consensus-deterministic
S1,S1,1/20 reduction without a floor,43050000,scheduled subsidy boundary,0.00020802,0.00019761,1.05267952,5.26795203,price-only compensation; fees and miner costs held constant,consensus-deterministic
S1,S1,1/20 reduction without a floor,43260000,scheduled subsidy boundary,0.00019761,0.00018772,1.05268485,5.26848498,price-only compensation; fees and miner costs held constant,consensus-deterministic
S1,S1,1/20 reduction without a floor,43470000,scheduled subsidy boundary,0.00018772,0.00017833,1.05265519,5.26551898,price-only compensation; fees and miner costs held constant,consensus-deterministic
S1,S1,1/20 reduction without a floor,43680000,scheduled subsidy boundary,0.00017833,0.00016941,1.05265333,5.26533262,price-only compensation; fees and miner costs held constant,consensus-deterministic
S1,S1,1/20 reduction without a floor,43890000,scheduled subsidy boundary,0.00016941,0.00016093,1.05269372,5.26937178,price-only compensation; fees and miner costs held constant,consensus-deterministic
S1,S1,1/20 reduction without a floor,44100000,scheduled subsidy boundary,0.00016093,0.00015288,1.05265568,5.26556777,price-only compensation; fees and miner costs held constant,consensus-deterministic
S1,S1,1/20 reduction without a floor,44310000,scheduled subsidy boundary,0.00015288,0.00014523,1.05267507,5.26750671,price-only compensation; fees and miner costs held constant,consensus-deterministic
S1,S1,1/20 reduction without a floor,44520000,scheduled subsidy boundary,0.00014523,0.00013796,1.05269643,5.26964337,price-only compensation; fees and miner costs held constant,consensus-deterministic
S1,S1,1/20 reduction without a floor,44730000,scheduled subsidy boundary,0.00013796,0.00013106,1.05264764,5.26476423,price-only compensation; fees and miner costs held constant,consensus-deterministic
S1,S1,1/20 reduction without a floor,44940000,scheduled subsidy boundary,0.00013106,0.00012450,1.05269076,5.26907631,price-only compensation; fees and miner costs held constant,consensus-deterministic
S1,S1,1/20 reduction without a floor,45150000,scheduled subsidy boundary,0.00012450,0.00011827,1.05267608,5.26760802,price-only compensation; fees and miner costs held constant,consensus-deterministic
S1,S1,1/20 reduction without a floor,45360000,scheduled subsidy boundary,0.00011827,0.00011235,1.05269248,5.26924789,price-only compensation; fees and miner costs held constant,consensus-deterministic
S1,S1,1/20 reduction without a floor,45570000,scheduled subsidy boundary,0.00011235,0.00010673,1.05265624,5.26562354,price-only compensation; fees and miner costs held constant,consensus-deterministic
S1,S1,1/20 reduction without a floor,45780000,scheduled subsidy boundary,0.00010673,0.00010139,1.05266792,5.26679160,price-only compensation; fees and miner costs held constant,consensus-deterministic
S1,S1,1/20 reduction without a floor,45990000,scheduled subsidy boundary,0.00010139,0.00009632,1.05263704,5.26370432,price-only compensation; fees and miner costs held constant,consensus-deterministic
S1,S1,1/20 reduction without a floor,46200000,scheduled subsidy boundary,0.00009632,0.00009150,1.05267760,5.26775956,price-only compensation; fees and miner costs held constant,consensus-deterministic
S1,S1,1/20 reduction without a floor,46410000,scheduled subsidy boundary,0.00009150,0.00008692,1.05269213,5.26921307,price-only compensation; fees and miner costs held constant,consensus-deterministic
S1,S1,1/20 reduction without a floor,46620000,scheduled subsidy boundary,0.00008692,0.00008257,1.05268257,5.26825724,price-only compensation; fees and miner costs held constant,consensus-deterministic
S1,S1,1/20 reduction without a floor,46830000,scheduled subsidy boundary,0.00008257,0.00007844,1.05265171,5.26517083,price-only compensation; fees and miner costs held constant,consensus-deterministic
S1,S1,1/20 reduction without a floor,47040000,scheduled subsidy boundary,0.00007844,0.00007451,1.05274460,5.27445980,price-only compensation; fees and miner costs held constant,consensus-deterministic
S1,S1,1/20 reduction without a floor,47250000,scheduled subsidy boundary,0.00007451,0.00007078,1.05269850,5.26985024,price-only compensation; fees and miner costs held constant,consensus-deterministic
S1,S1,1/20 reduction without a floor,47460000,scheduled subsidy boundary,0.00007078,0.00006724,1.05264723,5.26472338,price-only compensation; fees and miner costs held constant,consensus-deterministic
S1,S1,1/20 reduction without a floor,47670000,scheduled subsidy boundary,0.00006724,0.00006387,1.05276343,5.27634257,price-only compensation; fees and miner costs held constant,consensus-deterministic
S1,S1,1/20 reduction without a floor,47880000,scheduled subsidy boundary,0.00006387,0.00006067,1.05274435,5.27443547,price-only compensation; fees and miner costs held constant,consensus-deterministic
S1,S1,1/20 reduction without a floor,48090000,scheduled subsidy boundary,0.00006067,0.00005763,1.05275030,5.27503037,price-only compensation; fees and miner costs held constant,consensus-deterministic
S1,S1,1/20 reduction without a floor,48300000,scheduled subsidy boundary,0.00005763,0.00005474,1.05279503,5.27950311,price-only compensation; fees and miner costs held constant,consensus-deterministic
S1,S1,1/20 reduction without a floor,48510000,scheduled subsidy boundary,0.00005474,0.00005200,1.05269231,5.26923077,price-only compensation; fees and miner costs held constant,consensus-deterministic
S1,S1,1/20 reduction without a floor,48720000,scheduled subsidy boundary,0.00005200,0.00004940,1.05263158,5.26315789,price-only compensation; fees and miner costs held constant,consensus-deterministic
S1,S1,1/20 reduction without a floor,48930000,scheduled subsidy boundary,0.00004940,0.00004693,1.05263158,5.26315789,price-only compensation; fees and miner costs held constant,consensus-deterministic
S1,S1,1/20 reduction without a floor,49140000,scheduled subsidy boundary,0.00004693,0.00004458,1.05271422,5.27142216,price-only compensation; fees and miner costs held constant,consensus-deterministic
S1,S1,1/20 reduction without a floor,49350000,scheduled subsidy boundary,0.00004458,0.00004235,1.05265643,5.26564345,price-only compensation; fees and miner costs held constant,consensus-deterministic
S1,S1,1/20 reduction without a floor,49560000,scheduled subsidy boundary,0.00004235,0.00004023,1.05269699,5.26969923,price-only compensation; fees and miner costs held constant,consensus-deterministic
S1,S1,1/20 reduction without a floor,49770000,scheduled subsidy boundary,0.00004023,0.00003821,1.05286574,5.28657420,price-only compensation; fees and miner costs held constant,consensus-deterministic
S1,S1,1/20 reduction without a floor,49980000,scheduled subsidy boundary,0.00003821,0.00003629,1.05290714,5.29071370,price-only compensation; fees and miner costs held constant,consensus-deterministic
S1,S1,1/20 reduction without a floor,50190000,scheduled subsidy boundary,0.00003629,0.00003447,1.05279954,5.27995358,price-only compensation; fees and miner costs held constant,consensus-deterministic
S1,S1,1/20 reduction without a floor,50400000,scheduled subsidy boundary,0.00003447,0.00003274,1.05284056,5.28405620,price-only compensation; fees and miner costs held constant,consensus-deterministic
S1,S1,1/20 reduction without a floor,50610000,scheduled subsidy boundary,0.00003274,0.00003110,1.05273312,5.27331190,price-only compensation; fees and miner costs held constant,consensus-deterministic
S1,S1,1/20 reduction without a floor,50820000,scheduled subsidy boundary,0.00003110,0.00002954,1.05280975,5.28097495,price-only compensation; fees and miner costs held constant,consensus-deterministic
S1,S1,1/20 reduction without a floor,51030000,scheduled subsidy boundary,0.00002954,0.00002806,1.05274412,5.27441197,price-only compensation; fees and miner costs held constant,consensus-deterministic
S1,S1,1/20 reduction without a floor,51240000,scheduled subsidy boundary,0.00002806,0.00002665,1.05290807,5.29080675,price-only compensation; fees and miner costs held constant,consensus-deterministic
S1,S1,1/20 reduction without a floor,51450000,scheduled subsidy boundary,0.00002665,0.00002531,1.05294350,5.29435006,price-only compensation; fees and miner costs held constant,consensus-deterministic
S1,S1,1/20 reduction without a floor,51660000,scheduled subsidy boundary,0.00002531,0.00002404,1.05282862,5.28286190,price-only compensation; fees and miner costs held constant,consensus-deterministic
S1,S1,1/20 reduction without a floor,51870000,scheduled subsidy boundary,0.00002404,0.00002283,1.05300044,5.30004380,price-only compensation; fees and miner costs held constant,consensus-deterministic
S1,S1,1/20 reduction without a floor,52080000,scheduled subsidy boundary,0.00002283,0.00002168,1.05304428,5.30442804,price-only compensation; fees and miner costs held constant,consensus-deterministic
S1,S1,1/20 reduction without a floor,52290000,scheduled subsidy boundary,0.00002168,0.00002059,1.05293832,5.29383196,price-only compensation; fees and miner costs held constant,consensus-deterministic
S1,S1,1/20 reduction without a floor,52500000,scheduled subsidy boundary,0.00002059,0.00001956,1.05265849,5.26584867,price-only compensation; fees and miner costs held constant,consensus-deterministic
S1,S1,1/20 reduction without a floor,52710000,scheduled subsidy boundary,0.00001956,0.00001858,1.05274489,5.27448870,price-only compensation; fees and miner costs held constant,consensus-deterministic
S1,S1,1/20 reduction without a floor,52920000,scheduled subsidy boundary,0.00001858,0.00001765,1.05269122,5.26912181,price-only compensation; fees and miner costs held constant,consensus-deterministic
S1,S1,1/20 reduction without a floor,53130000,scheduled subsidy boundary,0.00001765,0.00001676,1.05310263,5.31026253,price-only compensation; fees and miner costs held constant,consensus-deterministic
S1,S1,1/20 reduction without a floor,53340000,scheduled subsidy boundary,0.00001676,0.00001592,1.05276382,5.27638191,price-only compensation; fees and miner costs held constant,consensus-deterministic
S1,S1,1/20 reduction without a floor,53550000,scheduled subsidy boundary,0.00001592,0.00001512,1.05291005,5.29100529,price-only compensation; fees and miner costs held constant,consensus-deterministic
S1,S1,1/20 reduction without a floor,53760000,scheduled subsidy boundary,0.00001512,0.00001436,1.05292479,5.29247911,price-only compensation; fees and miner costs held constant,consensus-deterministic
S1,S1,1/20 reduction without a floor,53970000,scheduled subsidy boundary,0.00001436,0.00001364,1.05278592,5.27859238,price-only compensation; fees and miner costs held constant,consensus-deterministic
S1,S1,1/20 reduction without a floor,54180000,scheduled subsidy boundary,0.00001364,0.00001295,1.05328185,5.32818533,price-only compensation; fees and miner costs held constant,consensus-deterministic
S1,S1,1/20 reduction without a floor,54390000,scheduled subsidy boundary,0.00001295,0.00001230,1.05284553,5.28455285,price-only compensation; fees and miner costs held constant,consensus-deterministic
S1,S1,1/20 reduction without a floor,54600000,scheduled subsidy boundary,0.00001230,0.00001168,1.05308219,5.30821918,price-only compensation; fees and miner costs held constant,consensus-deterministic
S1,S1,1/20 reduction without a floor,54810000,scheduled subsidy boundary,0.00001168,0.00001109,1.05320108,5.32010821,price-only compensation; fees and miner costs held constant,consensus-deterministic
S1,S1,1/20 reduction without a floor,55020000,scheduled subsidy boundary,0.00001109,0.00001053,1.05318139,5.31813865,price-only compensation; fees and miner costs held constant,consensus-deterministic
S1,S1,1/20 reduction without a floor,55230000,scheduled subsidy boundary,0.00001053,0.00001000,1.05300000,5.30000000,price-only compensation; fees and miner costs held constant,consensus-deterministic
S1,S1,1/20 reduction without a floor,55440000,scheduled subsidy boundary,0.00001000,0.00000950,1.05263158,5.26315789,price-only compensation; fees and miner costs held constant,consensus-deterministic
S1,S1,1/20 reduction without a floor,55650000,scheduled subsidy boundary,0.00000950,0.00000902,1.05321508,5.32150776,price-only compensation; fees and miner costs held constant,consensus-deterministic
S1,S1,1/20 reduction without a floor,55860000,scheduled subsidy boundary,0.00000902,0.00000856,1.05373832,5.37383178,price-only compensation; fees and miner costs held constant,consensus-deterministic
S1,S1,1/20 reduction without a floor,56070000,scheduled subsidy boundary,0.00000856,0.00000813,1.05289053,5.28905289,price-only compensation; fees and miner costs held constant,consensus-deterministic
S1,S1,1/20 reduction without a floor,56280000,scheduled subsidy boundary,0.00000813,0.00000772,1.05310881,5.31088083,price-only compensation; fees and miner costs held constant,consensus-deterministic
S1,S1,1/20 reduction without a floor,56490000,scheduled subsidy boundary,0.00000772,0.00000733,1.05320600,5.32060027,price-only compensation; fees and miner costs held constant,consensus-deterministic
S1,S1,1/20 reduction without a floor,56700000,scheduled subsidy boundary,0.00000733,0.00000696,1.05316092,5.31609195,price-only compensation; fees and miner costs held constant,consensus-deterministic
S1,S1,1/20 reduction without a floor,56910000,scheduled subsidy boundary,0.00000696,0.00000661,1.05295008,5.29500756,price-only compensation; fees and miner costs held constant,consensus-deterministic
S1,S1,1/20 reduction without a floor,57120000,scheduled subsidy boundary,0.00000661,0.00000627,1.05422648,5.42264753,price-only compensation; fees and miner costs held constant,consensus-deterministic
S1,S1,1/20 reduction without a floor,57330000,scheduled subsidy boundary,0.00000627,0.00000595,1.05378151,5.37815126,price-only compensation; fees and miner costs held constant,consensus-deterministic
S1,S1,1/20 reduction without a floor,57540000,scheduled subsidy boundary,0.00000595,0.00000565,1.05309735,5.30973451,price-only compensation; fees and miner costs held constant,consensus-deterministic
S1,S1,1/20 reduction without a floor,57750000,scheduled subsidy boundary,0.00000565,0.00000536,1.05410448,5.41044776,price-only compensation; fees and miner costs held constant,consensus-deterministic
S1,S1,1/20 reduction without a floor,57960000,scheduled subsidy boundary,0.00000536,0.00000509,1.05304519,5.30451866,price-only compensation; fees and miner costs held constant,consensus-deterministic
S1,S1,1/20 reduction without a floor,58170000,scheduled subsidy boundary,0.00000509,0.00000483,1.05383023,5.38302277,price-only compensation; fees and miner costs held constant,consensus-deterministic
S1,S1,1/20 reduction without a floor,58380000,scheduled subsidy boundary,0.00000483,0.00000458,1.05458515,5.45851528,price-only compensation; fees and miner costs held constant,consensus-deterministic
S1,S1,1/20 reduction without a floor,58590000,scheduled subsidy boundary,0.00000458,0.00000435,1.05287356,5.28735632,price-only compensation; fees and miner costs held constant,consensus-deterministic
S1,S1,1/20 reduction without a floor,58800000,scheduled subsidy boundary,0.00000435,0.00000413,1.05326877,5.32687651,price-only compensation; fees and miner costs held constant,consensus-deterministic
S1,S1,1/20 reduction without a floor,59010000,scheduled subsidy boundary,0.00000413,0.00000392,1.05357143,5.35714286,price-only compensation; fees and miner costs held constant,consensus-deterministic
S1,S1,1/20 reduction without a floor,59220000,scheduled subsidy boundary,0.00000392,0.00000372,1.05376344,5.37634409,price-only compensation; fees and miner costs held constant,consensus-deterministic
S1,S1,1/20 reduction without a floor,59430000,scheduled subsidy boundary,0.00000372,0.00000353,1.05382436,5.38243626,price-only compensation; fees and miner costs held constant,consensus-deterministic
S1,S1,1/20 reduction without a floor,59640000,scheduled subsidy boundary,0.00000353,0.00000335,1.05373134,5.37313433,price-only compensation; fees and miner costs held constant,consensus-deterministic
S1,S1,1/20 reduction without a floor,59850000,scheduled subsidy boundary,0.00000335,0.00000318,1.05345912,5.34591195,price-only compensation; fees and miner costs held constant,consensus-deterministic
S1,S1,1/20 reduction without a floor,60060000,scheduled subsidy boundary,0.00000318,0.00000302,1.05298013,5.29801325,price-only compensation; fees and miner costs held constant,consensus-deterministic
S1,S1,1/20 reduction without a floor,60270000,scheduled subsidy boundary,0.00000302,0.00000286,1.05594406,5.59440559,price-only compensation; fees and miner costs held constant,consensus-deterministic
S1,S1,1/20 reduction without a floor,60480000,scheduled subsidy boundary,0.00000286,0.00000271,1.05535055,5.53505535,price-only compensation; fees and miner costs held constant,consensus-deterministic
S1,S1,1/20 reduction without a floor,60690000,scheduled subsidy boundary,0.00000271,0.00000257,1.05447471,5.44747082,price-only compensation; fees and miner costs held constant,consensus-deterministic
S1,S1,1/20 reduction without a floor,60900000,scheduled subsidy boundary,0.00000257,0.00000244,1.05327869,5.32786885,price-only compensation; fees and miner costs held constant,consensus-deterministic
S1,S1,1/20 reduction without a floor,61110000,scheduled subsidy boundary,0.00000244,0.00000231,1.05627706,5.62770563,price-only compensation; fees and miner costs held constant,consensus-deterministic
S1,S1,1/20 reduction without a floor,61320000,scheduled subsidy boundary,0.00000231,0.00000219,1.05479452,5.47945205,price-only compensation; fees and miner costs held constant,consensus-deterministic
S1,S1,1/20 reduction without a floor,61530000,scheduled subsidy boundary,0.00000219,0.00000208,1.05288462,5.28846154,price-only compensation; fees and miner costs held constant,consensus-deterministic
S1,S1,1/20 reduction without a floor,61740000,scheduled subsidy boundary,0.00000208,0.00000197,1.05583756,5.58375635,price-only compensation; fees and miner costs held constant,consensus-deterministic
S1,S1,1/20 reduction without a floor,61950000,scheduled subsidy boundary,0.00000197,0.00000187,1.05347594,5.34759358,price-only compensation; fees and miner costs held constant,consensus-deterministic
S1,S1,1/20 reduction without a floor,62160000,scheduled subsidy boundary,0.00000187,0.00000177,1.05649718,5.64971751,price-only compensation; fees and miner costs held constant,consensus-deterministic
S1,S1,1/20 reduction without a floor,62370000,scheduled subsidy boundary,0.00000177,0.00000168,1.05357143,5.35714286,price-only compensation; fees and miner costs held constant,consensus-deterministic
S1,S1,1/20 reduction without a floor,62580000,scheduled subsidy boundary,0.00000168,0.00000159,1.05660377,5.66037736,price-only compensation; fees and miner costs held constant,consensus-deterministic
S1,S1,1/20 reduction without a floor,62790000,scheduled subsidy boundary,0.00000159,0.00000151,1.05298013,5.29801325,price-only compensation; fees and miner costs held constant,consensus-deterministic
S1,S1,1/20 reduction without a floor,63000000,scheduled subsidy boundary,0.00000151,0.00000143,1.05594406,5.59440559,price-only compensation; fees and miner costs held constant,consensus-deterministic
S1,S1,1/20 reduction without a floor,63210000,scheduled subsidy boundary,0.00000143,0.00000135,1.05925926,5.92592593,price-only compensation; fees and miner costs held constant,consensus-deterministic
S1,S1,1/20 reduction without a floor,63420000,scheduled subsidy boundary,0.00000135,0.00000128,1.05468750,5.46875000,price-only compensation; fees and miner costs held constant,consensus-deterministic
S1,S1,1/20 reduction without a floor,63630000,scheduled subsidy boundary,0.00000128,0.00000121,1.05785124,5.78512397,price-only compensation; fees and miner costs held constant,consensus-deterministic
S1,S1,1/20 reduction without a floor,63840000,scheduled subsidy boundary,0.00000121,0.00000114,1.06140351,6.14035088,price-only compensation; fees and miner costs held constant,consensus-deterministic
S1,S1,1/20 reduction without a floor,64050000,scheduled subsidy boundary,0.00000114,0.00000108,1.05555556,5.55555556,price-only compensation; fees and miner costs held constant,consensus-deterministic
S1,S1,1/20 reduction without a floor,64260000,scheduled subsidy boundary,0.00000108,0.00000102,1.05882353,5.88235294,price-only compensation; fees and miner costs held constant,consensus-deterministic
S1,S1,1/20 reduction without a floor,64470000,scheduled subsidy boundary,0.00000102,0.00000096,1.06250000,6.25000000,price-only compensation; fees and miner costs held constant,consensus-deterministic
S1,S1,1/20 reduction without a floor,64680000,scheduled subsidy boundary,0.00000096,0.00000091,1.05494505,5.49450549,price-only compensation; fees and miner costs held constant,consensus-deterministic
S1,S1,1/20 reduction without a floor,64890000,scheduled subsidy boundary,0.00000091,0.00000086,1.05813953,5.81395349,price-only compensation; fees and miner costs held constant,consensus-deterministic
S1,S1,1/20 reduction without a floor,65100000,scheduled subsidy boundary,0.00000086,0.00000081,1.06172840,6.17283951,price-only compensation; fees and miner costs held constant,consensus-deterministic
S1,S1,1/20 reduction without a floor,65310000,scheduled subsidy boundary,0.00000081,0.00000076,1.06578947,6.57894737,price-only compensation; fees and miner costs held constant,consensus-deterministic
S1,S1,1/20 reduction without a floor,65520000,scheduled subsidy boundary,0.00000076,0.00000072,1.05555556,5.55555556,price-only compensation; fees and miner costs held constant,consensus-deterministic
S1,S1,1/20 reduction without a floor,65730000,scheduled subsidy boundary,0.00000072,0.00000068,1.05882353,5.88235294,price-only compensation; fees and miner costs held constant,consensus-deterministic
S1,S1,1/20 reduction without a floor,65940000,scheduled subsidy boundary,0.00000068,0.00000064,1.06250000,6.25000000,price-only compensation; fees and miner costs held constant,consensus-deterministic
S1,S1,1/20 reduction without a floor,66150000,scheduled subsidy boundary,0.00000064,0.00000060,1.06666667,6.66666667,price-only compensation; fees and miner costs held constant,consensus-deterministic
S1,S1,1/20 reduction without a floor,66360000,scheduled subsidy boundary,0.00000060,0.00000057,1.05263158,5.26315789,price-only compensation; fees and miner costs held constant,consensus-deterministic
S1,S1,1/20 reduction without a floor,66570000,scheduled subsidy boundary,0.00000057,0.00000054,1.05555556,5.55555556,price-only compensation; fees and miner costs held constant,consensus-deterministic
S1,S1,1/20 reduction without a floor,66780000,scheduled subsidy boundary,0.00000054,0.00000051,1.05882353,5.88235294,price-only compensation; fees and miner costs held constant,consensus-deterministic
S1,S1,1/20 reduction without a floor,66990000,scheduled subsidy boundary,0.00000051,0.00000048,1.06250000,6.25000000,price-only compensation; fees and miner costs held constant,consensus-deterministic
S1,S1,1/20 reduction without a floor,67200000,scheduled subsidy boundary,0.00000048,0.00000045,1.06666667,6.66666667,price-only compensation; fees and miner costs held constant,consensus-deterministic
S1,S1,1/20 reduction without a floor,67410000,scheduled subsidy boundary,0.00000045,0.00000042,1.07142857,7.14285714,price-only compensation; fees and miner costs held constant,consensus-deterministic
S1,S1,1/20 reduction without a floor,67620000,scheduled subsidy boundary,0.00000042,0.00000039,1.07692308,7.69230769,price-only compensation; fees and miner costs held constant,consensus-deterministic
S1,S1,1/20 reduction without a floor,67830000,scheduled subsidy boundary,0.00000039,0.00000037,1.05405405,5.40540541,price-only compensation; fees and miner costs held constant,consensus-deterministic
S1,S1,1/20 reduction without a floor,68040000,scheduled subsidy boundary,0.00000037,0.00000035,1.05714286,5.71428571,price-only compensation; fees and miner costs held constant,consensus-deterministic
S1,S1,1/20 reduction without a floor,68250000,scheduled subsidy boundary,0.00000035,0.00000033,1.06060606,6.06060606,price-only compensation; fees and miner costs held constant,consensus-deterministic
S1,S1,1/20 reduction without a floor,68460000,scheduled subsidy boundary,0.00000033,0.00000031,1.06451613,6.45161290,price-only compensation; fees and miner costs held constant,consensus-deterministic
S1,S1,1/20 reduction without a floor,68670000,scheduled subsidy boundary,0.00000031,0.00000029,1.06896552,6.89655172,price-only compensation; fees and miner costs held constant,consensus-deterministic
S1,S1,1/20 reduction without a floor,68880000,scheduled subsidy boundary,0.00000029,0.00000027,1.07407407,7.40740741,price-only compensation; fees and miner costs held constant,consensus-deterministic
S1,S1,1/20 reduction without a floor,69090000,scheduled subsidy boundary,0.00000027,0.00000025,1.08000000,8.00000000,price-only compensation; fees and miner costs held constant,consensus-deterministic
S1,S1,1/20 reduction without a floor,69300000,scheduled subsidy boundary,0.00000025,0.00000023,1.08695652,8.69565217,price-only compensation; fees and miner costs held constant,consensus-deterministic
S1,S1,1/20 reduction without a floor,69510000,scheduled subsidy boundary,0.00000023,0.00000021,1.09523810,9.52380952,price-only compensation; fees and miner costs held constant,consensus-deterministic
S1,S1,1/20 reduction without a floor,69720000,scheduled subsidy boundary,0.00000021,0.00000019,1.10526316,10.52631579,price-only compensation; fees and miner costs held constant,consensus-deterministic
S1,S1,1/20 reduction without a floor,69930000,scheduled subsidy boundary,0.00000019,0.00000018,1.05555556,5.55555556,price-only compensation; fees and miner costs held constant,consensus-deterministic
S1,S1,1/20 reduction without a floor,70140000,scheduled subsidy boundary,0.00000018,0.00000017,1.05882353,5.88235294,price-only compensation; fees and miner costs held constant,consensus-deterministic
S1,S1,1/20 reduction without a floor,70350000,scheduled subsidy boundary,0.00000017,0.00000016,1.06250000,6.25000000,price-only compensation; fees and miner costs held constant,consensus-deterministic
S1,S1,1/20 reduction without a floor,70560000,scheduled subsidy boundary,0.00000016,0.00000015,1.06666667,6.66666667,price-only compensation; fees and miner costs held constant,consensus-deterministic
S1,S1,1/20 reduction without a floor,70770000,scheduled subsidy boundary,0.00000015,0.00000014,1.07142857,7.14285714,price-only compensation; fees and miner costs held constant,consensus-deterministic
S1,S1,1/20 reduction without a floor,70980000,scheduled subsidy boundary,0.00000014,0.00000013,1.07692308,7.69230769,price-only compensation; fees and miner costs held constant,consensus-deterministic
S1,S1,1/20 reduction without a floor,71190000,scheduled subsidy boundary,0.00000013,0.00000012,1.08333333,8.33333333,price-only compensation; fees and miner costs held constant,consensus-deterministic
S1,S1,1/20 reduction without a floor,71400000,scheduled subsidy boundary,0.00000012,0.00000011,1.09090909,9.09090909,price-only compensation; fees and miner costs held constant,consensus-deterministic
S1,S1,1/20 reduction without a floor,71610000,scheduled subsidy boundary,0.00000011,0.00000010,1.10000000,10.00000000,price-only compensation; fees and miner costs held constant,consensus-deterministic
S1,S1,1/20 reduction without a floor,71820000,scheduled subsidy boundary,0.00000010,0.00000009,1.11111111,11.11111111,price-only compensation; fees and miner costs held constant,consensus-deterministic
S1,S1,1/20 reduction without a floor,72030000,scheduled subsidy boundary,0.00000009,0.00000008,1.12500000,12.50000000,price-only compensation; fees and miner costs held constant,consensus-deterministic
S1,S1,1/20 reduction without a floor,72240000,scheduled subsidy boundary,0.00000008,0.00000007,1.14285714,14.28571429,price-only compensation; fees and miner costs held constant,consensus-deterministic
S1,S1,1/20 reduction without a floor,72450000,scheduled subsidy boundary,0.00000007,0.00000006,1.16666667,16.66666667,price-only compensation; fees and miner costs held constant,consensus-deterministic
S1,S1,1/20 reduction without a floor,72660000,scheduled subsidy boundary,0.00000006,0.00000005,1.20000000,20.00000000,price-only compensation; fees and miner costs held constant,consensus-deterministic
S1,S1,1/20 reduction without a floor,72870000,scheduled subsidy boundary,0.00000005,0.00000004,1.25000000,25.00000000,price-only compensation; fees and miner costs held constant,consensus-deterministic
S1,S1,1/20 reduction without a floor,73080000,scheduled subsidy boundary,0.00000004,0.00000003,1.33333333,33.33333333,price-only compensation; fees and miner costs held constant,consensus-deterministic
S1,S1,1/20 reduction without a floor,73290000,scheduled subsidy boundary,0.00000003,0.00000002,1.50000000,50.00000000,price-only compensation; fees and miner costs held constant,consensus-deterministic
S1,S1,1/20 reduction without a floor,73500000,scheduled subsidy boundary,0.00000002,0.00000001,2.00000000,100.00000000,price-only compensation; fees and miner costs held constant,consensus-deterministic
S2a,S2/a,1/20 reduction with bounded 0.5 RIN phase,840000,activation,6.25000000,5.93750000,1.05263158,5.26315789,price-only compensation; fees and miner costs held constant,consensus-deterministic
S2a,S2/a,1/20 reduction with bounded 0.5 RIN phase,1050000,scheduled subsidy boundary,5.93750000,5.64062500,1.05263158,5.26315789,price-only compensation; fees and miner costs held constant,consensus-deterministic
S2a,S2/a,1/20 reduction with bounded 0.5 RIN phase,1260000,scheduled subsidy boundary,5.64062500,5.35859375,1.05263158,5.26315789,price-only compensation; fees and miner costs held constant,consensus-deterministic
S2a,S2/a,1/20 reduction with bounded 0.5 RIN phase,1470000,scheduled subsidy boundary,5.35859375,5.09066406,1.05263158,5.26315795,price-only compensation; fees and miner costs held constant,consensus-deterministic
S2a,S2/a,1/20 reduction with bounded 0.5 RIN phase,1680000,scheduled subsidy boundary,5.09066406,4.83613085,1.05263158,5.26315805,price-only compensation; fees and miner costs held constant,consensus-deterministic
S2a,S2/a,1/20 reduction with bounded 0.5 RIN phase,1890000,scheduled subsidy boundary,4.83613085,4.59432430,1.05263158,5.26315807,price-only compensation; fees and miner costs held constant,consensus-deterministic
S2a,S2/a,1/20 reduction with bounded 0.5 RIN phase,2100000,scheduled subsidy boundary,4.59432430,4.36460808,1.05263158,5.26315802,price-only compensation; fees and miner costs held constant,consensus-deterministic
S2a,S2/a,1/20 reduction with bounded 0.5 RIN phase,2310000,scheduled subsidy boundary,4.36460808,4.14637767,1.05263158,5.26315805,price-only compensation; fees and miner costs held constant,consensus-deterministic
S2a,S2/a,1/20 reduction with bounded 0.5 RIN phase,2520000,scheduled subsidy boundary,4.14637767,3.93905878,1.05263158,5.26315807,price-only compensation; fees and miner costs held constant,consensus-deterministic
S2a,S2/a,1/20 reduction with bounded 0.5 RIN phase,2730000,scheduled subsidy boundary,3.93905878,3.74210584,1.05263158,5.26315792,price-only compensation; fees and miner costs held constant,consensus-deterministic
S2a,S2/a,1/20 reduction with bounded 0.5 RIN phase,2940000,scheduled subsidy boundary,3.74210584,3.55500054,1.05263158,5.26315813,price-only compensation; fees and miner costs held constant,consensus-deterministic
S2a,S2/a,1/20 reduction with bounded 0.5 RIN phase,3150000,scheduled subsidy boundary,3.55500054,3.37725051,1.05263158,5.26315799,price-only compensation; fees and miner costs held constant,consensus-deterministic
S2a,S2/a,1/20 reduction with bounded 0.5 RIN phase,3360000,scheduled subsidy boundary,3.37725051,3.20838798,1.05263158,5.26315804,price-only compensation; fees and miner costs held constant,consensus-deterministic
S2a,S2/a,1/20 reduction with bounded 0.5 RIN phase,3570000,scheduled subsidy boundary,3.20838798,3.04796858,1.05263158,5.26315793,price-only compensation; fees and miner costs held constant,consensus-deterministic
S2a,S2/a,1/20 reduction with bounded 0.5 RIN phase,3780000,scheduled subsidy boundary,3.04796858,2.89557015,1.05263158,5.26315793,price-only compensation; fees and miner costs held constant,consensus-deterministic
S2a,S2/a,1/20 reduction with bounded 0.5 RIN phase,3990000,scheduled subsidy boundary,2.89557015,2.75079164,1.05263158,5.26315799,price-only compensation; fees and miner costs held constant,consensus-deterministic
S2a,S2/a,1/20 reduction with bounded 0.5 RIN phase,4200000,scheduled subsidy boundary,2.75079164,2.61325205,1.05263158,5.26315822,price-only compensation; fees and miner costs held constant,consensus-deterministic
S2a,S2/a,1/20 reduction with bounded 0.5 RIN phase,4410000,scheduled subsidy boundary,2.61325205,2.48258944,1.05263158,5.26315821,price-only compensation; fees and miner costs held constant,consensus-deterministic
S2a,S2/a,1/20 reduction with bounded 0.5 RIN phase,4620000,scheduled subsidy boundary,2.48258944,2.35845996,1.05263158,5.26315825,price-only compensation; fees and miner costs held constant,consensus-deterministic
S2a,S2/a,1/20 reduction with bounded 0.5 RIN phase,4830000,scheduled subsidy boundary,2.35845996,2.24053696,1.05263158,5.26315799,price-only compensation; fees and miner costs held constant,consensus-deterministic
S2a,S2/a,1/20 reduction with bounded 0.5 RIN phase,5040000,scheduled subsidy boundary,2.24053696,2.12851011,1.05263158,5.26315799,price-only compensation; fees and miner costs held constant,consensus-deterministic
S2a,S2/a,1/20 reduction with bounded 0.5 RIN phase,5250000,scheduled subsidy boundary,2.12851011,2.02208460,1.05263158,5.26315813,price-only compensation; fees and miner costs held constant,consensus-deterministic
S2a,S2/a,1/20 reduction with bounded 0.5 RIN phase,5460000,scheduled subsidy boundary,2.02208460,1.92098037,1.05263158,5.26315789,price-only compensation; fees and miner costs held constant,consensus-deterministic
S2a,S2/a,1/20 reduction with bounded 0.5 RIN phase,5670000,scheduled subsidy boundary,1.92098037,1.82493135,1.05263158,5.26315798,price-only compensation; fees and miner costs held constant,consensus-deterministic
S2a,S2/a,1/20 reduction with bounded 0.5 RIN phase,5880000,scheduled subsidy boundary,1.82493135,1.73368478,1.05263158,5.26315805,price-only compensation; fees and miner costs held constant,consensus-deterministic
S2a,S2/a,1/20 reduction with bounded 0.5 RIN phase,6090000,scheduled subsidy boundary,1.73368478,1.64700054,1.05263158,5.26315796,price-only compensation; fees and miner costs held constant,consensus-deterministic
S2a,S2/a,1/20 reduction with bounded 0.5 RIN phase,6300000,scheduled subsidy boundary,1.64700054,1.56465051,1.05263158,5.26315810,price-only compensation; fees and miner costs held constant,consensus-deterministic
S2a,S2/a,1/20 reduction with bounded 0.5 RIN phase,6510000,scheduled subsidy boundary,1.56465051,1.48641798,1.05263158,5.26315821,price-only compensation; fees and miner costs held constant,consensus-deterministic
S2a,S2/a,1/20 reduction with bounded 0.5 RIN phase,6720000,scheduled subsidy boundary,1.48641798,1.41209708,1.05263158,5.26315797,price-only compensation; fees and miner costs held constant,consensus-deterministic
S2a,S2/a,1/20 reduction with bounded 0.5 RIN phase,6930000,scheduled subsidy boundary,1.41209708,1.34149222,1.05263158,5.26315837,price-only compensation; fees and miner costs held constant,consensus-deterministic
S2a,S2/a,1/20 reduction with bounded 0.5 RIN phase,7140000,scheduled subsidy boundary,1.34149222,1.27441760,1.05263159,5.26315864,price-only compensation; fees and miner costs held constant,consensus-deterministic
S2a,S2/a,1/20 reduction with bounded 0.5 RIN phase,7350000,scheduled subsidy boundary,1.27441760,1.21069672,1.05263158,5.26315789,price-only compensation; fees and miner costs held constant,consensus-deterministic
S2a,S2/a,1/20 reduction with bounded 0.5 RIN phase,7560000,scheduled subsidy boundary,1.21069672,1.15016188,1.05263158,5.26315826,price-only compensation; fees and miner costs held constant,consensus-deterministic
S2a,S2/a,1/20 reduction with bounded 0.5 RIN phase,7770000,scheduled subsidy boundary,1.15016188,1.09265378,1.05263158,5.26315847,price-only compensation; fees and miner costs held constant,consensus-deterministic
S2a,S2/a,1/20 reduction with bounded 0.5 RIN phase,7980000,scheduled subsidy boundary,1.09265378,1.03802109,1.05263158,5.26315800,price-only compensation; fees and miner costs held constant,consensus-deterministic
S2a,S2/a,1/20 reduction with bounded 0.5 RIN phase,8190000,scheduled subsidy boundary,1.03802109,0.98612003,1.05263158,5.26315848,price-only compensation; fees and miner costs held constant,consensus-deterministic
S2a,S2/a,1/20 reduction with bounded 0.5 RIN phase,8400000,scheduled subsidy boundary,0.98612003,0.93681402,1.05263159,5.26315885,price-only compensation; fees and miner costs held constant,consensus-deterministic
S2a,S2/a,1/20 reduction with bounded 0.5 RIN phase,8610000,scheduled subsidy boundary,0.93681402,0.88997331,1.05263159,5.26315896,price-only compensation; fees and miner costs held constant,consensus-deterministic
S2a,S2/a,1/20 reduction with bounded 0.5 RIN phase,8820000,scheduled subsidy boundary,0.88997331,0.84547464,1.05263158,5.26315845,price-only compensation; fees and miner costs held constant,consensus-deterministic
S2a,S2/a,1/20 reduction with bounded 0.5 RIN phase,9030000,scheduled subsidy boundary,0.84547464,0.80320090,1.05263159,5.26315894,price-only compensation; fees and miner costs held constant,consensus-deterministic
S2a,S2/a,1/20 reduction with bounded 0.5 RIN phase,9240000,scheduled subsidy boundary,0.80320090,0.76304085,1.05263159,5.26315858,price-only compensation; fees and miner costs held constant,consensus-deterministic
S2a,S2/a,1/20 reduction with bounded 0.5 RIN phase,9450000,scheduled subsidy boundary,0.76304085,0.72488880,1.05263159,5.26315898,price-only compensation; fees and miner costs held constant,consensus-deterministic
S2a,S2/a,1/20 reduction with bounded 0.5 RIN phase,9660000,scheduled subsidy boundary,0.72488880,0.68864436,1.05263158,5.26315789,price-only compensation; fees and miner costs held constant,consensus-deterministic
S2a,S2/a,1/20 reduction with bounded 0.5 RIN phase,9870000,scheduled subsidy boundary,0.68864436,0.65421214,1.05263158,5.26315822,price-only compensation; fees and miner costs held constant,consensus-deterministic
S2a,S2/a,1/20 reduction with bounded 0.5 RIN phase,10080000,scheduled subsidy boundary,0.65421214,0.62150153,1.05263158,5.26315840,price-only compensation; fees and miner costs held constant,consensus-deterministic
S2a,S2/a,1/20 reduction with bounded 0.5 RIN phase,10290000,scheduled subsidy boundary,0.62150153,0.59042645,1.05263159,5.26315852,price-only compensation; fees and miner costs held constant,consensus-deterministic
S2a,S2/a,1/20 reduction with bounded 0.5 RIN phase,10500000,scheduled subsidy boundary,0.59042645,0.56090512,1.05263159,5.26315930,price-only compensation; fees and miner costs held constant,consensus-deterministic
S2a,S2/a,1/20 reduction with bounded 0.5 RIN phase,10710000,scheduled subsidy boundary,0.56090512,0.53285986,1.05263159,5.26315868,price-only compensation; fees and miner costs held constant,consensus-deterministic
S2a,S2/a,1/20 reduction with bounded 0.5 RIN phase,10920000,scheduled subsidy boundary,0.53285986,0.50621686,1.05263159,5.26315935,price-only compensation; fees and miner costs held constant,consensus-deterministic
S2a,S2/a,1/20 reduction with bounded 0.5 RIN phase,11130000,scheduled subsidy boundary,0.50621686,0.50000000,1.01243372,1.24337200,price-only compensation; fees and miner costs held constant,consensus-deterministic
S2b,S2/b,Bounded 1 RIN phase comparator,840000,activation,6.25000000,5.93750000,1.05263158,5.26315789,price-only compensation; fees and miner costs held constant,consensus-deterministic
S2b,S2/b,Bounded 1 RIN phase comparator,1050000,scheduled subsidy boundary,5.93750000,5.64062500,1.05263158,5.26315789,price-only compensation; fees and miner costs held constant,consensus-deterministic
S2b,S2/b,Bounded 1 RIN phase comparator,1260000,scheduled subsidy boundary,5.64062500,5.35859375,1.05263158,5.26315789,price-only compensation; fees and miner costs held constant,consensus-deterministic
S2b,S2/b,Bounded 1 RIN phase comparator,1470000,scheduled subsidy boundary,5.35859375,5.09066406,1.05263158,5.26315795,price-only compensation; fees and miner costs held constant,consensus-deterministic
S2b,S2/b,Bounded 1 RIN phase comparator,1680000,scheduled subsidy boundary,5.09066406,4.83613085,1.05263158,5.26315805,price-only compensation; fees and miner costs held constant,consensus-deterministic
S2b,S2/b,Bounded 1 RIN phase comparator,1890000,scheduled subsidy boundary,4.83613085,4.59432430,1.05263158,5.26315807,price-only compensation; fees and miner costs held constant,consensus-deterministic
S2b,S2/b,Bounded 1 RIN phase comparator,2100000,scheduled subsidy boundary,4.59432430,4.36460808,1.05263158,5.26315802,price-only compensation; fees and miner costs held constant,consensus-deterministic
S2b,S2/b,Bounded 1 RIN phase comparator,2310000,scheduled subsidy boundary,4.36460808,4.14637767,1.05263158,5.26315805,price-only compensation; fees and miner costs held constant,consensus-deterministic
S2b,S2/b,Bounded 1 RIN phase comparator,2520000,scheduled subsidy boundary,4.14637767,3.93905878,1.05263158,5.26315807,price-only compensation; fees and miner costs held constant,consensus-deterministic
S2b,S2/b,Bounded 1 RIN phase comparator,2730000,scheduled subsidy boundary,3.93905878,3.74210584,1.05263158,5.26315792,price-only compensation; fees and miner costs held constant,consensus-deterministic
S2b,S2/b,Bounded 1 RIN phase comparator,2940000,scheduled subsidy boundary,3.74210584,3.55500054,1.05263158,5.26315813,price-only compensation; fees and miner costs held constant,consensus-deterministic
S2b,S2/b,Bounded 1 RIN phase comparator,3150000,scheduled subsidy boundary,3.55500054,3.37725051,1.05263158,5.26315799,price-only compensation; fees and miner costs held constant,consensus-deterministic
S2b,S2/b,Bounded 1 RIN phase comparator,3360000,scheduled subsidy boundary,3.37725051,3.20838798,1.05263158,5.26315804,price-only compensation; fees and miner costs held constant,consensus-deterministic
S2b,S2/b,Bounded 1 RIN phase comparator,3570000,scheduled subsidy boundary,3.20838798,3.04796858,1.05263158,5.26315793,price-only compensation; fees and miner costs held constant,consensus-deterministic
S2b,S2/b,Bounded 1 RIN phase comparator,3780000,scheduled subsidy boundary,3.04796858,2.89557015,1.05263158,5.26315793,price-only compensation; fees and miner costs held constant,consensus-deterministic
S2b,S2/b,Bounded 1 RIN phase comparator,3990000,scheduled subsidy boundary,2.89557015,2.75079164,1.05263158,5.26315799,price-only compensation; fees and miner costs held constant,consensus-deterministic
S2b,S2/b,Bounded 1 RIN phase comparator,4200000,scheduled subsidy boundary,2.75079164,2.61325205,1.05263158,5.26315822,price-only compensation; fees and miner costs held constant,consensus-deterministic
S2b,S2/b,Bounded 1 RIN phase comparator,4410000,scheduled subsidy boundary,2.61325205,2.48258944,1.05263158,5.26315821,price-only compensation; fees and miner costs held constant,consensus-deterministic
S2b,S2/b,Bounded 1 RIN phase comparator,4620000,scheduled subsidy boundary,2.48258944,2.35845996,1.05263158,5.26315825,price-only compensation; fees and miner costs held constant,consensus-deterministic
S2b,S2/b,Bounded 1 RIN phase comparator,4830000,scheduled subsidy boundary,2.35845996,2.24053696,1.05263158,5.26315799,price-only compensation; fees and miner costs held constant,consensus-deterministic
S2b,S2/b,Bounded 1 RIN phase comparator,5040000,scheduled subsidy boundary,2.24053696,2.12851011,1.05263158,5.26315799,price-only compensation; fees and miner costs held constant,consensus-deterministic
S2b,S2/b,Bounded 1 RIN phase comparator,5250000,scheduled subsidy boundary,2.12851011,2.02208460,1.05263158,5.26315813,price-only compensation; fees and miner costs held constant,consensus-deterministic
S2b,S2/b,Bounded 1 RIN phase comparator,5460000,scheduled subsidy boundary,2.02208460,1.92098037,1.05263158,5.26315789,price-only compensation; fees and miner costs held constant,consensus-deterministic
S2b,S2/b,Bounded 1 RIN phase comparator,5670000,scheduled subsidy boundary,1.92098037,1.82493135,1.05263158,5.26315798,price-only compensation; fees and miner costs held constant,consensus-deterministic
S2b,S2/b,Bounded 1 RIN phase comparator,5880000,scheduled subsidy boundary,1.82493135,1.73368478,1.05263158,5.26315805,price-only compensation; fees and miner costs held constant,consensus-deterministic
S2b,S2/b,Bounded 1 RIN phase comparator,6090000,scheduled subsidy boundary,1.73368478,1.64700054,1.05263158,5.26315796,price-only compensation; fees and miner costs held constant,consensus-deterministic
S2b,S2/b,Bounded 1 RIN phase comparator,6300000,scheduled subsidy boundary,1.64700054,1.56465051,1.05263158,5.26315810,price-only compensation; fees and miner costs held constant,consensus-deterministic
S2b,S2/b,Bounded 1 RIN phase comparator,6510000,scheduled subsidy boundary,1.56465051,1.48641798,1.05263158,5.26315821,price-only compensation; fees and miner costs held constant,consensus-deterministic
S2b,S2/b,Bounded 1 RIN phase comparator,6720000,scheduled subsidy boundary,1.48641798,1.41209708,1.05263158,5.26315797,price-only compensation; fees and miner costs held constant,consensus-deterministic
S2b,S2/b,Bounded 1 RIN phase comparator,6930000,scheduled subsidy boundary,1.41209708,1.34149222,1.05263158,5.26315837,price-only compensation; fees and miner costs held constant,consensus-deterministic
S2b,S2/b,Bounded 1 RIN phase comparator,7140000,scheduled subsidy boundary,1.34149222,1.27441760,1.05263159,5.26315864,price-only compensation; fees and miner costs held constant,consensus-deterministic
S2b,S2/b,Bounded 1 RIN phase comparator,7350000,scheduled subsidy boundary,1.27441760,1.21069672,1.05263158,5.26315789,price-only compensation; fees and miner costs held constant,consensus-deterministic
S2b,S2/b,Bounded 1 RIN phase comparator,7560000,scheduled subsidy boundary,1.21069672,1.15016188,1.05263158,5.26315826,price-only compensation; fees and miner costs held constant,consensus-deterministic
S2b,S2/b,Bounded 1 RIN phase comparator,7770000,scheduled subsidy boundary,1.15016188,1.09265378,1.05263158,5.26315847,price-only compensation; fees and miner costs held constant,consensus-deterministic
S2b,S2/b,Bounded 1 RIN phase comparator,7980000,scheduled subsidy boundary,1.09265378,1.03802109,1.05263158,5.26315800,price-only compensation; fees and miner costs held constant,consensus-deterministic
S2b,S2/b,Bounded 1 RIN phase comparator,8190000,scheduled subsidy boundary,1.03802109,1.00000000,1.03802109,3.80210900,price-only compensation; fees and miner costs held constant,consensus-deterministic
S3,S3,Perpetual 0.5 RIN tail-emission comparator,840000,activation,6.25000000,5.93750000,1.05263158,5.26315789,price-only compensation; fees and miner costs held constant,consensus-deterministic
S3,S3,Perpetual 0.5 RIN tail-emission comparator,1050000,scheduled subsidy boundary,5.93750000,5.64062500,1.05263158,5.26315789,price-only compensation; fees and miner costs held constant,consensus-deterministic
S3,S3,Perpetual 0.5 RIN tail-emission comparator,1260000,scheduled subsidy boundary,5.64062500,5.35859375,1.05263158,5.26315789,price-only compensation; fees and miner costs held constant,consensus-deterministic
S3,S3,Perpetual 0.5 RIN tail-emission comparator,1470000,scheduled subsidy boundary,5.35859375,5.09066406,1.05263158,5.26315795,price-only compensation; fees and miner costs held constant,consensus-deterministic
S3,S3,Perpetual 0.5 RIN tail-emission comparator,1680000,scheduled subsidy boundary,5.09066406,4.83613085,1.05263158,5.26315805,price-only compensation; fees and miner costs held constant,consensus-deterministic
S3,S3,Perpetual 0.5 RIN tail-emission comparator,1890000,scheduled subsidy boundary,4.83613085,4.59432430,1.05263158,5.26315807,price-only compensation; fees and miner costs held constant,consensus-deterministic
S3,S3,Perpetual 0.5 RIN tail-emission comparator,2100000,scheduled subsidy boundary,4.59432430,4.36460808,1.05263158,5.26315802,price-only compensation; fees and miner costs held constant,consensus-deterministic
S3,S3,Perpetual 0.5 RIN tail-emission comparator,2310000,scheduled subsidy boundary,4.36460808,4.14637767,1.05263158,5.26315805,price-only compensation; fees and miner costs held constant,consensus-deterministic
S3,S3,Perpetual 0.5 RIN tail-emission comparator,2520000,scheduled subsidy boundary,4.14637767,3.93905878,1.05263158,5.26315807,price-only compensation; fees and miner costs held constant,consensus-deterministic
S3,S3,Perpetual 0.5 RIN tail-emission comparator,2730000,scheduled subsidy boundary,3.93905878,3.74210584,1.05263158,5.26315792,price-only compensation; fees and miner costs held constant,consensus-deterministic
S3,S3,Perpetual 0.5 RIN tail-emission comparator,2940000,scheduled subsidy boundary,3.74210584,3.55500054,1.05263158,5.26315813,price-only compensation; fees and miner costs held constant,consensus-deterministic
S3,S3,Perpetual 0.5 RIN tail-emission comparator,3150000,scheduled subsidy boundary,3.55500054,3.37725051,1.05263158,5.26315799,price-only compensation; fees and miner costs held constant,consensus-deterministic
S3,S3,Perpetual 0.5 RIN tail-emission comparator,3360000,scheduled subsidy boundary,3.37725051,3.20838798,1.05263158,5.26315804,price-only compensation; fees and miner costs held constant,consensus-deterministic
S3,S3,Perpetual 0.5 RIN tail-emission comparator,3570000,scheduled subsidy boundary,3.20838798,3.04796858,1.05263158,5.26315793,price-only compensation; fees and miner costs held constant,consensus-deterministic
S3,S3,Perpetual 0.5 RIN tail-emission comparator,3780000,scheduled subsidy boundary,3.04796858,2.89557015,1.05263158,5.26315793,price-only compensation; fees and miner costs held constant,consensus-deterministic
S3,S3,Perpetual 0.5 RIN tail-emission comparator,3990000,scheduled subsidy boundary,2.89557015,2.75079164,1.05263158,5.26315799,price-only compensation; fees and miner costs held constant,consensus-deterministic
S3,S3,Perpetual 0.5 RIN tail-emission comparator,4200000,scheduled subsidy boundary,2.75079164,2.61325205,1.05263158,5.26315822,price-only compensation; fees and miner costs held constant,consensus-deterministic
S3,S3,Perpetual 0.5 RIN tail-emission comparator,4410000,scheduled subsidy boundary,2.61325205,2.48258944,1.05263158,5.26315821,price-only compensation; fees and miner costs held constant,consensus-deterministic
S3,S3,Perpetual 0.5 RIN tail-emission comparator,4620000,scheduled subsidy boundary,2.48258944,2.35845996,1.05263158,5.26315825,price-only compensation; fees and miner costs held constant,consensus-deterministic
S3,S3,Perpetual 0.5 RIN tail-emission comparator,4830000,scheduled subsidy boundary,2.35845996,2.24053696,1.05263158,5.26315799,price-only compensation; fees and miner costs held constant,consensus-deterministic
S3,S3,Perpetual 0.5 RIN tail-emission comparator,5040000,scheduled subsidy boundary,2.24053696,2.12851011,1.05263158,5.26315799,price-only compensation; fees and miner costs held constant,consensus-deterministic
S3,S3,Perpetual 0.5 RIN tail-emission comparator,5250000,scheduled subsidy boundary,2.12851011,2.02208460,1.05263158,5.26315813,price-only compensation; fees and miner costs held constant,consensus-deterministic
S3,S3,Perpetual 0.5 RIN tail-emission comparator,5460000,scheduled subsidy boundary,2.02208460,1.92098037,1.05263158,5.26315789,price-only compensation; fees and miner costs held constant,consensus-deterministic
S3,S3,Perpetual 0.5 RIN tail-emission comparator,5670000,scheduled subsidy boundary,1.92098037,1.82493135,1.05263158,5.26315798,price-only compensation; fees and miner costs held constant,consensus-deterministic
S3,S3,Perpetual 0.5 RIN tail-emission comparator,5880000,scheduled subsidy boundary,1.82493135,1.73368478,1.05263158,5.26315805,price-only compensation; fees and miner costs held constant,consensus-deterministic
S3,S3,Perpetual 0.5 RIN tail-emission comparator,6090000,scheduled subsidy boundary,1.73368478,1.64700054,1.05263158,5.26315796,price-only compensation; fees and miner costs held constant,consensus-deterministic
S3,S3,Perpetual 0.5 RIN tail-emission comparator,6300000,scheduled subsidy boundary,1.64700054,1.56465051,1.05263158,5.26315810,price-only compensation; fees and miner costs held constant,consensus-deterministic
S3,S3,Perpetual 0.5 RIN tail-emission comparator,6510000,scheduled subsidy boundary,1.56465051,1.48641798,1.05263158,5.26315821,price-only compensation; fees and miner costs held constant,consensus-deterministic
S3,S3,Perpetual 0.5 RIN tail-emission comparator,6720000,scheduled subsidy boundary,1.48641798,1.41209708,1.05263158,5.26315797,price-only compensation; fees and miner costs held constant,consensus-deterministic
S3,S3,Perpetual 0.5 RIN tail-emission comparator,6930000,scheduled subsidy boundary,1.41209708,1.34149222,1.05263158,5.26315837,price-only compensation; fees and miner costs held constant,consensus-deterministic
S3,S3,Perpetual 0.5 RIN tail-emission comparator,7140000,scheduled subsidy boundary,1.34149222,1.27441760,1.05263159,5.26315864,price-only compensation; fees and miner costs held constant,consensus-deterministic
S3,S3,Perpetual 0.5 RIN tail-emission comparator,7350000,scheduled subsidy boundary,1.27441760,1.21069672,1.05263158,5.26315789,price-only compensation; fees and miner costs held constant,consensus-deterministic
S3,S3,Perpetual 0.5 RIN tail-emission comparator,7560000,scheduled subsidy boundary,1.21069672,1.15016188,1.05263158,5.26315826,price-only compensation; fees and miner costs held constant,consensus-deterministic
S3,S3,Perpetual 0.5 RIN tail-emission comparator,7770000,scheduled subsidy boundary,1.15016188,1.09265378,1.05263158,5.26315847,price-only compensation; fees and miner costs held constant,consensus-deterministic
S3,S3,Perpetual 0.5 RIN tail-emission comparator,7980000,scheduled subsidy boundary,1.09265378,1.03802109,1.05263158,5.26315800,price-only compensation; fees and miner costs held constant,consensus-deterministic
S3,S3,Perpetual 0.5 RIN tail-emission comparator,8190000,scheduled subsidy boundary,1.03802109,0.98612003,1.05263158,5.26315848,price-only compensation; fees and miner costs held constant,consensus-deterministic
S3,S3,Perpetual 0.5 RIN tail-emission comparator,8400000,scheduled subsidy boundary,0.98612003,0.93681402,1.05263159,5.26315885,price-only compensation; fees and miner costs held constant,consensus-deterministic
S3,S3,Perpetual 0.5 RIN tail-emission comparator,8610000,scheduled subsidy boundary,0.93681402,0.88997331,1.05263159,5.26315896,price-only compensation; fees and miner costs held constant,consensus-deterministic
S3,S3,Perpetual 0.5 RIN tail-emission comparator,8820000,scheduled subsidy boundary,0.88997331,0.84547464,1.05263158,5.26315845,price-only compensation; fees and miner costs held constant,consensus-deterministic
S3,S3,Perpetual 0.5 RIN tail-emission comparator,9030000,scheduled subsidy boundary,0.84547464,0.80320090,1.05263159,5.26315894,price-only compensation; fees and miner costs held constant,consensus-deterministic
S3,S3,Perpetual 0.5 RIN tail-emission comparator,9240000,scheduled subsidy boundary,0.80320090,0.76304085,1.05263159,5.26315858,price-only compensation; fees and miner costs held constant,consensus-deterministic
S3,S3,Perpetual 0.5 RIN tail-emission comparator,9450000,scheduled subsidy boundary,0.76304085,0.72488880,1.05263159,5.26315898,price-only compensation; fees and miner costs held constant,consensus-deterministic
S3,S3,Perpetual 0.5 RIN tail-emission comparator,9660000,scheduled subsidy boundary,0.72488880,0.68864436,1.05263158,5.26315789,price-only compensation; fees and miner costs held constant,consensus-deterministic
S3,S3,Perpetual 0.5 RIN tail-emission comparator,9870000,scheduled subsidy boundary,0.68864436,0.65421214,1.05263158,5.26315822,price-only compensation; fees and miner costs held constant,consensus-deterministic
S3,S3,Perpetual 0.5 RIN tail-emission comparator,10080000,scheduled subsidy boundary,0.65421214,0.62150153,1.05263158,5.26315840,price-only compensation; fees and miner costs held constant,consensus-deterministic
S3,S3,Perpetual 0.5 RIN tail-emission comparator,10290000,scheduled subsidy boundary,0.62150153,0.59042645,1.05263159,5.26315852,price-only compensation; fees and miner costs held constant,consensus-deterministic
S3,S3,Perpetual 0.5 RIN tail-emission comparator,10500000,scheduled subsidy boundary,0.59042645,0.56090512,1.05263159,5.26315930,price-only compensation; fees and miner costs held constant,consensus-deterministic
S3,S3,Perpetual 0.5 RIN tail-emission comparator,10710000,scheduled subsidy boundary,0.56090512,0.53285986,1.05263159,5.26315868,price-only compensation; fees and miner costs held constant,consensus-deterministic
S3,S3,Perpetual 0.5 RIN tail-emission comparator,10920000,scheduled subsidy boundary,0.53285986,0.50621686,1.05263159,5.26315935,price-only compensation; fees and miner costs held constant,consensus-deterministic
S3,S3,Perpetual 0.5 RIN tail-emission comparator,11130000,scheduled subsidy boundary,0.50621686,0.50000000,1.01243372,1.24337200,price-only compensation; fees and miner costs held constant,consensus-deterministic
S4,S4,Idealized 113/114 cap-derived geometric schedule,840000,activation,6.25000000,6.19517543,1.00884956,0.88495589,price-only compensation; fees and miner costs held constant,consensus-deterministic
S4,S4,Idealized 113/114 cap-derived geometric schedule,1050000,scheduled subsidy boundary,6.19517543,6.14083178,1.00884956,0.88495585,price-only compensation; fees and miner costs held constant,consensus-deterministic
S4,S4,Idealized 113/114 cap-derived geometric schedule,1260000,scheduled subsidy boundary,6.14083178,6.08696483,1.00884956,0.88495583,price-only compensation; fees and miner costs held constant,consensus-deterministic
S4,S4,Idealized 113/114 cap-derived geometric schedule,1470000,scheduled subsidy boundary,6.08696483,6.03357040,1.00884956,0.88495578,price-only compensation; fees and miner costs held constant,consensus-deterministic
S4,S4,Idealized 113/114 cap-derived geometric schedule,1680000,scheduled subsidy boundary,6.03357040,5.98064434,1.00884956,0.88495582,price-only compensation; fees and miner costs held constant,consensus-deterministic
S4,S4,Idealized 113/114 cap-derived geometric schedule,1890000,scheduled subsidy boundary,5.98064434,5.92818254,1.00884956,0.88495588,price-only compensation; fees and miner costs held constant,consensus-deterministic
S4,S4,Idealized 113/114 cap-derived geometric schedule,2100000,scheduled subsidy boundary,5.92818254,5.87618093,1.00884956,0.88495590,price-only compensation; fees and miner costs held constant,consensus-deterministic
S4,S4,Idealized 113/114 cap-derived geometric schedule,2310000,scheduled subsidy boundary,5.87618093,5.82463548,1.00884956,0.88495581,price-only compensation; fees and miner costs held constant,consensus-deterministic
S4,S4,Idealized 113/114 cap-derived geometric schedule,2520000,scheduled subsidy boundary,5.82463548,5.77354218,1.00884956,0.88495586,price-only compensation; fees and miner costs held constant,consensus-deterministic
S4,S4,Idealized 113/114 cap-derived geometric schedule,2730000,scheduled subsidy boundary,5.77354218,5.72289707,1.00884956,0.88495581,price-only compensation; fees and miner costs held constant,consensus-deterministic
S4,S4,Idealized 113/114 cap-derived geometric schedule,2940000,scheduled subsidy boundary,5.72289707,5.67269621,1.00884956,0.88495590,price-only compensation; fees and miner costs held constant,consensus-deterministic
S4,S4,Idealized 113/114 cap-derived geometric schedule,3150000,scheduled subsidy boundary,5.67269621,5.62293571,1.00884956,0.88495588,price-only compensation; fees and miner costs held constant,consensus-deterministic
S4,S4,Idealized 113/114 cap-derived geometric schedule,3360000,scheduled subsidy boundary,5.62293571,5.57361171,1.00884956,0.88495580,price-only compensation; fees and miner costs held constant,consensus-deterministic
S4,S4,Idealized 113/114 cap-derived geometric schedule,3570000,scheduled subsidy boundary,5.57361171,5.52472037,1.00884956,0.88495592,price-only compensation; fees and miner costs held constant,consensus-deterministic
S4,S4,Idealized 113/114 cap-derived geometric schedule,3780000,scheduled subsidy boundary,5.52472037,5.47625791,1.00884956,0.88495576,price-only compensation; fees and miner costs held constant,consensus-deterministic
S4,S4,Idealized 113/114 cap-derived geometric schedule,3990000,scheduled subsidy boundary,5.47625791,5.42822055,1.00884956,0.88495594,price-only compensation; fees and miner costs held constant,consensus-deterministic
S4,S4,Idealized 113/114 cap-derived geometric schedule,4200000,scheduled subsidy boundary,5.42822055,5.38060458,1.00884956,0.88495576,price-only compensation; fees and miner costs held constant,consensus-deterministic
S4,S4,Idealized 113/114 cap-derived geometric schedule,4410000,scheduled subsidy boundary,5.38060458,5.33340629,1.00884956,0.88495583,price-only compensation; fees and miner costs held constant,consensus-deterministic
S4,S4,Idealized 113/114 cap-derived geometric schedule,4620000,scheduled subsidy boundary,5.33340629,5.28662202,1.00884956,0.88495583,price-only compensation; fees and miner costs held constant,consensus-deterministic
S4,S4,Idealized 113/114 cap-derived geometric schedule,4830000,scheduled subsidy boundary,5.28662202,5.24024814,1.00884956,0.88495580,price-only compensation; fees and miner costs held constant,consensus-deterministic
S4,S4,Idealized 113/114 cap-derived geometric schedule,5040000,scheduled subsidy boundary,5.24024814,5.19428105,1.00884956,0.88495577,price-only compensation; fees and miner costs held constant,consensus-deterministic
S4,S4,Idealized 113/114 cap-derived geometric schedule,5250000,scheduled subsidy boundary,5.19428105,5.14871718,1.00884956,0.88495577,price-only compensation; fees and miner costs held constant,consensus-deterministic
S4,S4,Idealized 113/114 cap-derived geometric schedule,5460000,scheduled subsidy boundary,5.14871718,5.10355299,1.00884956,0.88495584,price-only compensation; fees and miner costs held constant,consensus-deterministic
S4,S4,Idealized 113/114 cap-derived geometric schedule,5670000,scheduled subsidy boundary,5.10355299,5.05878498,1.00884956,0.88495578,price-only compensation; fees and miner costs held constant,consensus-deterministic
S4,S4,Idealized 113/114 cap-derived geometric schedule,5880000,scheduled subsidy boundary,5.05878498,5.01440967,1.00884956,0.88495582,price-only compensation; fees and miner costs held constant,consensus-deterministic
S4,S4,Idealized 113/114 cap-derived geometric schedule,6090000,scheduled subsidy boundary,5.01440967,4.97042362,1.00884956,0.88495576,price-only compensation; fees and miner costs held constant,consensus-deterministic
S4,S4,Idealized 113/114 cap-derived geometric schedule,6300000,scheduled subsidy boundary,4.97042362,4.92682341,1.00884956,0.88495581,price-only compensation; fees and miner costs held constant,consensus-deterministic
S4,S4,Idealized 113/114 cap-derived geometric schedule,6510000,scheduled subsidy boundary,4.92682341,4.88360566,1.00884956,0.88495577,price-only compensation; fees and miner costs held constant,consensus-deterministic
S4,S4,Idealized 113/114 cap-derived geometric schedule,6720000,scheduled subsidy boundary,4.88360566,4.84076701,1.00884956,0.88495583,price-only compensation; fees and miner costs held constant,consensus-deterministic
S4,S4,Idealized 113/114 cap-derived geometric schedule,6930000,scheduled subsidy boundary,4.84076701,4.79830414,1.00884956,0.88495578,price-only compensation; fees and miner costs held constant,consensus-deterministic
S4,S4,Idealized 113/114 cap-derived geometric schedule,7140000,scheduled subsidy boundary,4.79830414,4.75621375,1.00884956,0.88495581,price-only compensation; fees and miner costs held constant,consensus-deterministic
S4,S4,Idealized 113/114 cap-derived geometric schedule,7350000,scheduled subsidy boundary,4.75621375,4.71449257,1.00884956,0.88495590,price-only compensation; fees and miner costs held constant,consensus-deterministic
S4,S4,Idealized 113/114 cap-derived geometric schedule,7560000,scheduled subsidy boundary,4.71449257,4.67313737,1.00884956,0.88495580,price-only compensation; fees and miner costs held constant,consensus-deterministic
S4,S4,Idealized 113/114 cap-derived geometric schedule,7770000,scheduled subsidy boundary,4.67313737,4.63214493,1.00884956,0.88495590,price-only compensation; fees and miner costs held constant,consensus-deterministic
S4,S4,Idealized 113/114 cap-derived geometric schedule,7980000,scheduled subsidy boundary,4.63214493,4.59151207,1.00884956,0.88495597,price-only compensation; fees and miner costs held constant,consensus-deterministic
S4,S4,Idealized 113/114 cap-derived geometric schedule,8190000,scheduled subsidy boundary,4.59151207,4.55123564,1.00884956,0.88495594,price-only compensation; fees and miner costs held constant,consensus-deterministic
S4,S4,Idealized 113/114 cap-derived geometric schedule,8400000,scheduled subsidy boundary,4.55123564,4.51131252,1.00884956,0.88495576,price-only compensation; fees and miner costs held constant,consensus-deterministic
S4,S4,Idealized 113/114 cap-derived geometric schedule,8610000,scheduled subsidy boundary,4.51131252,4.47173960,1.00884956,0.88495582,price-only compensation; fees and miner costs held constant,consensus-deterministic
S4,S4,Idealized 113/114 cap-derived geometric schedule,8820000,scheduled subsidy boundary,4.47173960,4.43251381,1.00884956,0.88495584,price-only compensation; fees and miner costs held constant,consensus-deterministic
S4,S4,Idealized 113/114 cap-derived geometric schedule,9030000,scheduled subsidy boundary,4.43251381,4.39363210,1.00884956,0.88495598,price-only compensation; fees and miner costs held constant,consensus-deterministic
S4,S4,Idealized 113/114 cap-derived geometric schedule,9240000,scheduled subsidy boundary,4.39363210,4.35509146,1.00884956,0.88495593,price-only compensation; fees and miner costs held constant,consensus-deterministic
S4,S4,Idealized 113/114 cap-derived geometric schedule,9450000,scheduled subsidy boundary,4.35509146,4.31688890,1.00884956,0.88495583,price-only compensation; fees and miner costs held constant,consensus-deterministic
S4,S4,Idealized 113/114 cap-derived geometric schedule,9660000,scheduled subsidy boundary,4.31688890,4.27902145,1.00884956,0.88495583,price-only compensation; fees and miner costs held constant,consensus-deterministic
S4,S4,Idealized 113/114 cap-derived geometric schedule,9870000,scheduled subsidy boundary,4.27902145,4.24148617,1.00884956,0.88495585,price-only compensation; fees and miner costs held constant,consensus-deterministic
S4,S4,Idealized 113/114 cap-derived geometric schedule,10080000,scheduled subsidy boundary,4.24148617,4.20428015,1.00884956,0.88495578,price-only compensation; fees and miner costs held constant,consensus-deterministic
S4,S4,Idealized 113/114 cap-derived geometric schedule,10290000,scheduled subsidy boundary,4.20428015,4.16740049,1.00884956,0.88495598,price-only compensation; fees and miner costs held constant,consensus-deterministic
S4,S4,Idealized 113/114 cap-derived geometric schedule,10500000,scheduled subsidy boundary,4.16740049,4.13084434,1.00884956,0.88495588,price-only compensation; fees and miner costs held constant,consensus-deterministic
S4,S4,Idealized 113/114 cap-derived geometric schedule,10710000,scheduled subsidy boundary,4.13084434,4.09460886,1.00884956,0.88495583,price-only compensation; fees and miner costs held constant,consensus-deterministic
S4,S4,Idealized 113/114 cap-derived geometric schedule,10920000,scheduled subsidy boundary,4.09460886,4.05869123,1.00884956,0.88495596,price-only compensation; fees and miner costs held constant,consensus-deterministic
S4,S4,Idealized 113/114 cap-derived geometric schedule,11130000,scheduled subsidy boundary,4.05869123,4.02308867,1.00884956,0.88495589,price-only compensation; fees and miner costs held constant,consensus-deterministic
S4,S4,Idealized 113/114 cap-derived geometric schedule,11340000,scheduled subsidy boundary,4.02308867,3.98779841,1.00884956,0.88495597,price-only compensation; fees and miner costs held constant,consensus-deterministic
S4,S4,Idealized 113/114 cap-derived geometric schedule,11550000,scheduled subsidy boundary,3.98779841,3.95281772,1.00884956,0.88495581,price-only compensation; fees and miner costs held constant,consensus-deterministic
S4,S4,Idealized 113/114 cap-derived geometric schedule,11760000,scheduled subsidy boundary,3.95281772,3.91814388,1.00884956,0.88495576,price-only compensation; fees and miner costs held constant,consensus-deterministic
S4,S4,Idealized 113/114 cap-derived geometric schedule,11970000,scheduled subsidy boundary,3.91814388,3.88377419,1.00884956,0.88495593,price-only compensation; fees and miner costs held constant,consensus-deterministic
S4,S4,Idealized 113/114 cap-derived geometric schedule,12180000,scheduled subsidy boundary,3.88377419,3.84970599,1.00884956,0.88495589,price-only compensation; fees and miner costs held constant,consensus-deterministic
S4,S4,Idealized 113/114 cap-derived geometric schedule,12390000,scheduled subsidy boundary,3.84970599,3.81593663,1.00884956,0.88495600,price-only compensation; fees and miner costs held constant,consensus-deterministic
S4,S4,Idealized 113/114 cap-derived geometric schedule,12600000,scheduled subsidy boundary,3.81593663,3.78246350,1.00884956,0.88495580,price-only compensation; fees and miner costs held constant,consensus-deterministic
S4,S4,Idealized 113/114 cap-derived geometric schedule,12810000,scheduled subsidy boundary,3.78246350,3.74928399,1.00884956,0.88495590,price-only compensation; fees and miner costs held constant,consensus-deterministic
S4,S4,Idealized 113/114 cap-derived geometric schedule,13020000,scheduled subsidy boundary,3.74928399,3.71639553,1.00884956,0.88495586,price-only compensation; fees and miner costs held constant,consensus-deterministic
S4,S4,Idealized 113/114 cap-derived geometric schedule,13230000,scheduled subsidy boundary,3.71639553,3.68379556,1.00884956,0.88495600,price-only compensation; fees and miner costs held constant,consensus-deterministic
S4,S4,Idealized 113/114 cap-derived geometric schedule,13440000,scheduled subsidy boundary,3.68379556,3.65148156,1.00884956,0.88495586,price-only compensation; fees and miner costs held constant,consensus-deterministic
S4,S4,Idealized 113/114 cap-derived geometric schedule,13650000,scheduled subsidy boundary,3.65148156,3.61945102,1.00884956,0.88495575,price-only compensation; fees and miner costs held constant,consensus-deterministic
S4,S4,Idealized 113/114 cap-derived geometric schedule,13860000,scheduled subsidy boundary,3.61945102,3.58770144,1.00884956,0.88495602,price-only compensation; fees and miner costs held constant,consensus-deterministic
S4,S4,Idealized 113/114 cap-derived geometric schedule,14070000,scheduled subsidy boundary,3.58770144,3.55623037,1.00884956,0.88495589,price-only compensation; fees and miner costs held constant,consensus-deterministic
S4,S4,Idealized 113/114 cap-derived geometric schedule,14280000,scheduled subsidy boundary,3.55623037,3.52503536,1.00884956,0.88495595,price-only compensation; fees and miner costs held constant,consensus-deterministic
S4,S4,Idealized 113/114 cap-derived geometric schedule,14490000,scheduled subsidy boundary,3.52503536,3.49411399,1.00884956,0.88495596,price-only compensation; fees and miner costs held constant,consensus-deterministic
S4,S4,Idealized 113/114 cap-derived geometric schedule,14700000,scheduled subsidy boundary,3.49411399,3.46346386,1.00884956,0.88495596,price-only compensation; fees and miner costs held constant,consensus-deterministic
S4,S4,Idealized 113/114 cap-derived geometric schedule,14910000,scheduled subsidy boundary,3.46346386,3.43308259,1.00884956,0.88495599,price-only compensation; fees and miner costs held constant,consensus-deterministic
S4,S4,Idealized 113/114 cap-derived geometric schedule,15120000,scheduled subsidy boundary,3.43308259,3.40296783,1.00884956,0.88495577,price-only compensation; fees and miner costs held constant,consensus-deterministic
S4,S4,Idealized 113/114 cap-derived geometric schedule,15330000,scheduled subsidy boundary,3.40296783,3.37311723,1.00884956,0.88495590,price-only compensation; fees and miner costs held constant,consensus-deterministic
S4,S4,Idealized 113/114 cap-derived geometric schedule,15540000,scheduled subsidy boundary,3.37311723,3.34352848,1.00884956,0.88495582,price-only compensation; fees and miner costs held constant,consensus-deterministic
S4,S4,Idealized 113/114 cap-derived geometric schedule,15750000,scheduled subsidy boundary,3.34352848,3.31419928,1.00884956,0.88495584,price-only compensation; fees and miner costs held constant,consensus-deterministic
S4,S4,Idealized 113/114 cap-derived geometric schedule,15960000,scheduled subsidy boundary,3.31419928,3.28512735,1.00884956,0.88495595,price-only compensation; fees and miner costs held constant,consensus-deterministic
S4,S4,Idealized 113/114 cap-derived geometric schedule,16170000,scheduled subsidy boundary,3.28512735,3.25631044,1.00884956,0.88495586,price-only compensation; fees and miner costs held constant,consensus-deterministic
S4,S4,Idealized 113/114 cap-derived geometric schedule,16380000,scheduled subsidy boundary,3.25631044,3.22774631,1.00884956,0.88495586,price-only compensation; fees and miner costs held constant,consensus-deterministic
S4,S4,Idealized 113/114 cap-derived geometric schedule,16590000,scheduled subsidy boundary,3.22774631,3.19943274,1.00884956,0.88495594,price-only compensation; fees and miner costs held constant,consensus-deterministic
S4,S4,Idealized 113/114 cap-derived geometric schedule,16800000,scheduled subsidy boundary,3.19943274,3.17136754,1.00884956,0.88495577,price-only compensation; fees and miner costs held constant,consensus-deterministic
S4,S4,Idealized 113/114 cap-derived geometric schedule,17010000,scheduled subsidy boundary,3.17136754,3.14354852,1.00884956,0.88495596,price-only compensation; fees and miner costs held constant,consensus-deterministic
S4,S4,Idealized 113/114 cap-derived geometric schedule,17220000,scheduled subsidy boundary,3.14354852,3.11597353,1.00884956,0.88495585,price-only compensation; fees and miner costs held constant,consensus-deterministic
S4,S4,Idealized 113/114 cap-derived geometric schedule,17430000,scheduled subsidy boundary,3.11597353,3.08864042,1.00884956,0.88495604,price-only compensation; fees and miner costs held constant,consensus-deterministic
S4,S4,Idealized 113/114 cap-derived geometric schedule,17640000,scheduled subsidy boundary,3.08864042,3.06154708,1.00884956,0.88495585,price-only compensation; fees and miner costs held constant,consensus-deterministic
S4,S4,Idealized 113/114 cap-derived geometric schedule,17850000,scheduled subsidy boundary,3.06154708,3.03469140,1.00884956,0.88495588,price-only compensation; fees and miner costs held constant,consensus-deterministic
S4,S4,Idealized 113/114 cap-derived geometric schedule,18060000,scheduled subsidy boundary,3.03469140,3.00807130,1.00884956,0.88495575,price-only compensation; fees and miner costs held constant,consensus-deterministic
S4,S4,Idealized 113/114 cap-derived geometric schedule,18270000,scheduled subsidy boundary,3.00807130,2.98168470,1.00884956,0.88495608,price-only compensation; fees and miner costs held constant,consensus-deterministic
S4,S4,Idealized 113/114 cap-derived geometric schedule,18480000,scheduled subsidy boundary,2.98168470,2.95552957,1.00884956,0.88495579,price-only compensation; fees and miner costs held constant,consensus-deterministic
S4,S4,Idealized 113/114 cap-derived geometric schedule,18690000,scheduled subsidy boundary,2.95552957,2.92960387,1.00884956,0.88495582,price-only compensation; fees and miner costs held constant,consensus-deterministic
S4,S4,Idealized 113/114 cap-derived geometric schedule,18900000,scheduled subsidy boundary,2.92960387,2.90390559,1.00884956,0.88495577,price-only compensation; fees and miner costs held constant,consensus-deterministic
S4,S4,Idealized 113/114 cap-derived geometric schedule,19110000,scheduled subsidy boundary,2.90390559,2.87843273,1.00884956,0.88495589,price-only compensation; fees and miner costs held constant,consensus-deterministic
S4,S4,Idealized 113/114 cap-derived geometric schedule,19320000,scheduled subsidy boundary,2.87843273,2.85318332,1.00884956,0.88495576,price-only compensation; fees and miner costs held constant,consensus-deterministic
S4,S4,Idealized 113/114 cap-derived geometric schedule,19530000,scheduled subsidy boundary,2.85318332,2.82815539,1.00884956,0.88495597,price-only compensation; fees and miner costs held constant,consensus-deterministic
S4,S4,Idealized 113/114 cap-derived geometric schedule,19740000,scheduled subsidy boundary,2.82815539,2.80334700,1.00884956,0.88495609,price-only compensation; fees and miner costs held constant,consensus-deterministic
S4,S4,Idealized 113/114 cap-derived geometric schedule,19950000,scheduled subsidy boundary,2.80334700,2.77875623,1.00884956,0.88495600,price-only compensation; fees and miner costs held constant,consensus-deterministic
S4,S4,Idealized 113/114 cap-derived geometric schedule,20160000,scheduled subsidy boundary,2.77875623,2.75438117,1.00884956,0.88495595,price-only compensation; fees and miner costs held constant,consensus-deterministic
S4,S4,Idealized 113/114 cap-derived geometric schedule,20370000,scheduled subsidy boundary,2.75438117,2.73021993,1.00884956,0.88495581,price-only compensation; fees and miner costs held constant,consensus-deterministic
S4,S4,Idealized 113/114 cap-derived geometric schedule,20580000,scheduled subsidy boundary,2.73021993,2.70627063,1.00884956,0.88495584,price-only compensation; fees and miner costs held constant,consensus-deterministic
S4,S4,Idealized 113/114 cap-derived geometric schedule,20790000,scheduled subsidy boundary,2.70627063,2.68253141,1.00884956,0.88495590,price-only compensation; fees and miner costs held constant,consensus-deterministic
S4,S4,Idealized 113/114 cap-derived geometric schedule,21000000,scheduled subsidy boundary,2.68253141,2.65900043,1.00884956,0.88495586,price-only compensation; fees and miner costs held constant,consensus-deterministic
S4,S4,Idealized 113/114 cap-derived geometric schedule,21210000,scheduled subsidy boundary,2.65900043,2.63567586,1.00884956,0.88495594,price-only compensation; fees and miner costs held constant,consensus-deterministic
S4,S4,Idealized 113/114 cap-derived geometric schedule,21420000,scheduled subsidy boundary,2.63567586,2.61255589,1.00884956,0.88495600,price-only compensation; fees and miner costs held constant,consensus-deterministic
S4,S4,Idealized 113/114 cap-derived geometric schedule,21630000,scheduled subsidy boundary,2.61255589,2.58963873,1.00884956,0.88495587,price-only compensation; fees and miner costs held constant,consensus-deterministic
S4,S4,Idealized 113/114 cap-derived geometric schedule,21840000,scheduled subsidy boundary,2.58963873,2.56692260,1.00884956,0.88495578,price-only compensation; fees and miner costs held constant,consensus-deterministic
S4,S4,Idealized 113/114 cap-derived geometric schedule,22050000,scheduled subsidy boundary,2.56692260,2.54440573,1.00884956,0.88495595,price-only compensation; fees and miner costs held constant,consensus-deterministic
S4,S4,Idealized 113/114 cap-derived geometric schedule,22260000,scheduled subsidy boundary,2.54440573,2.52208638,1.00884956,0.88495581,price-only compensation; fees and miner costs held constant,consensus-deterministic
S4,S4,Idealized 113/114 cap-derived geometric schedule,22470000,scheduled subsidy boundary,2.52208638,2.49996281,1.00884956,0.88495596,price-only compensation; fees and miner costs held constant,consensus-deterministic
S4,S4,Idealized 113/114 cap-derived geometric schedule,22680000,scheduled subsidy boundary,2.49996281,2.47803331,1.00884956,0.88495582,price-only compensation; fees and miner costs held constant,consensus-deterministic
S4,S4,Idealized 113/114 cap-derived geometric schedule,22890000,scheduled subsidy boundary,2.47803331,2.45629617,1.00884956,0.88495599,price-only compensation; fees and miner costs held constant,consensus-deterministic
S4,S4,Idealized 113/114 cap-derived geometric schedule,23100000,scheduled subsidy boundary,2.45629617,2.43474971,1.00884956,0.88495585,price-only compensation; fees and miner costs held constant,consensus-deterministic
S4,S4,Idealized 113/114 cap-derived geometric schedule,23310000,scheduled subsidy boundary,2.43474971,2.41339225,1.00884956,0.88495602,price-only compensation; fees and miner costs held constant,consensus-deterministic
S4,S4,Idealized 113/114 cap-derived geometric schedule,23520000,scheduled subsidy boundary,2.41339225,2.39222214,1.00884956,0.88495586,price-only compensation; fees and miner costs held constant,consensus-deterministic
S4,S4,Idealized 113/114 cap-derived geometric schedule,23730000,scheduled subsidy boundary,2.39222214,2.37123773,1.00884956,0.88495598,price-only compensation; fees and miner costs held constant,consensus-deterministic
S4,S4,Idealized 113/114 cap-derived geometric schedule,23940000,scheduled subsidy boundary,2.37123773,2.35043739,1.00884956,0.88495614,price-only compensation; fees and miner costs held constant,consensus-deterministic
S4,S4,Idealized 113/114 cap-derived geometric schedule,24150000,scheduled subsidy boundary,2.35043739,2.32981951,1.00884956,0.88495611,price-only compensation; fees and miner costs held constant,consensus-deterministic
S4,S4,Idealized 113/114 cap-derived geometric schedule,24360000,scheduled subsidy boundary,2.32981951,2.30938249,1.00884956,0.88495605,price-only compensation; fees and miner costs held constant,consensus-deterministic
S4,S4,Idealized 113/114 cap-derived geometric schedule,24570000,scheduled subsidy boundary,2.30938249,2.28912474,1.00884956,0.88495614,price-only compensation; fees and miner costs held constant,consensus-deterministic
S4,S4,Idealized 113/114 cap-derived geometric schedule,24780000,scheduled subsidy boundary,2.28912474,2.26904469,1.00884956,0.88495613,price-only compensation; fees and miner costs held constant,consensus-deterministic
S4,S4,Idealized 113/114 cap-derived geometric schedule,24990000,scheduled subsidy boundary,2.26904469,2.24914078,1.00884956,0.88495617,price-only compensation; fees and miner costs held constant,consensus-deterministic
S4,S4,Idealized 113/114 cap-derived geometric schedule,25200000,scheduled subsidy boundary,2.24914078,2.22941147,1.00884956,0.88495597,price-only compensation; fees and miner costs held constant,consensus-deterministic
S4,S4,Idealized 113/114 cap-derived geometric schedule,25410000,scheduled subsidy boundary,2.22941147,2.20985522,1.00884956,0.88495616,price-only compensation; fees and miner costs held constant,consensus-deterministic
S4,S4,Idealized 113/114 cap-derived geometric schedule,25620000,scheduled subsidy boundary,2.20985522,2.19047052,1.00884956,0.88495599,price-only compensation; fees and miner costs held constant,consensus-deterministic
S4,S4,Idealized 113/114 cap-derived geometric schedule,25830000,scheduled subsidy boundary,2.19047052,2.17125586,1.00884956,0.88495605,price-only compensation; fees and miner costs held constant,consensus-deterministic
S4,S4,Idealized 113/114 cap-derived geometric schedule,26040000,scheduled subsidy boundary,2.17125586,2.15220975,1.00884956,0.88495603,price-only compensation; fees and miner costs held constant,consensus-deterministic
S4,S4,Idealized 113/114 cap-derived geometric schedule,26250000,scheduled subsidy boundary,2.15220975,2.13333071,1.00884956,0.88495609,price-only compensation; fees and miner costs held constant,consensus-deterministic
S4,S4,Idealized 113/114 cap-derived geometric schedule,26460000,scheduled subsidy boundary,2.13333071,2.11461728,1.00884956,0.88495588,price-only compensation; fees and miner costs held constant,consensus-deterministic
S4,S4,Idealized 113/114 cap-derived geometric schedule,26670000,scheduled subsidy boundary,2.11461728,2.09606800,1.00884956,0.88495602,price-only compensation; fees and miner costs held constant,consensus-deterministic
S4,S4,Idealized 113/114 cap-derived geometric schedule,26880000,scheduled subsidy boundary,2.09606800,2.07768143,1.00884956,0.88495617,price-only compensation; fees and miner costs held constant,consensus-deterministic
S4,S4,Idealized 113/114 cap-derived geometric schedule,27090000,scheduled subsidy boundary,2.07768143,2.05945615,1.00884956,0.88495596,price-only compensation; fees and miner costs held constant,consensus-deterministic
S4,S4,Idealized 113/114 cap-derived geometric schedule,27300000,scheduled subsidy boundary,2.05945615,2.04139074,1.00884956,0.88495601,price-only compensation; fees and miner costs held constant,consensus-deterministic
S4,S4,Idealized 113/114 cap-derived geometric schedule,27510000,scheduled subsidy boundary,2.04139074,2.02348380,1.00884956,0.88495594,price-only compensation; fees and miner costs held constant,consensus-deterministic
S4,S4,Idealized 113/114 cap-derived geometric schedule,27720000,scheduled subsidy boundary,2.02348380,2.00573394,1.00884956,0.88495586,price-only compensation; fees and miner costs held constant,consensus-deterministic
S4,S4,Idealized 113/114 cap-derived geometric schedule,27930000,scheduled subsidy boundary,2.00573394,1.98813978,1.00884956,0.88495589,price-only compensation; fees and miner costs held constant,consensus-deterministic
S4,S4,Idealized 113/114 cap-derived geometric schedule,28140000,scheduled subsidy boundary,1.98813978,1.97069995,1.00884956,0.88495613,price-only compensation; fees and miner costs held constant,consensus-deterministic
S4,S4,Idealized 113/114 cap-derived geometric schedule,28350000,scheduled subsidy boundary,1.97069995,1.95341310,1.00884956,0.88495618,price-only compensation; fees and miner costs held constant,consensus-deterministic
S4,S4,Idealized 113/114 cap-derived geometric schedule,28560000,scheduled subsidy boundary,1.95341310,1.93627789,1.00884956,0.88495614,price-only compensation; fees and miner costs held constant,consensus-deterministic
S4,S4,Idealized 113/114 cap-derived geometric schedule,28770000,scheduled subsidy boundary,1.93627789,1.91929299,1.00884956,0.88495608,price-only compensation; fees and miner costs held constant,consensus-deterministic
S4,S4,Idealized 113/114 cap-derived geometric schedule,28980000,scheduled subsidy boundary,1.91929299,1.90245708,1.00884956,0.88495610,price-only compensation; fees and miner costs held constant,consensus-deterministic
S4,S4,Idealized 113/114 cap-derived geometric schedule,29190000,scheduled subsidy boundary,1.90245708,1.88576886,1.00884956,0.88495575,price-only compensation; fees and miner costs held constant,consensus-deterministic
S4,S4,Idealized 113/114 cap-derived geometric schedule,29400000,scheduled subsidy boundary,1.88576886,1.86922702,1.00884956,0.88495618,price-only compensation; fees and miner costs held constant,consensus-deterministic
S4,S4,Idealized 113/114 cap-derived geometric schedule,29610000,scheduled subsidy boundary,1.86922702,1.85283029,1.00884956,0.88495585,price-only compensation; fees and miner costs held constant,consensus-deterministic
S4,S4,Idealized 113/114 cap-derived geometric schedule,29820000,scheduled subsidy boundary,1.85283029,1.83657739,1.00884956,0.88495590,price-only compensation; fees and miner costs held constant,consensus-deterministic
S4,S4,Idealized 113/114 cap-derived geometric schedule,30030000,scheduled subsidy boundary,1.83657739,1.82046706,1.00884956,0.88495586,price-only compensation; fees and miner costs held constant,consensus-deterministic
S4,S4,Idealized 113/114 cap-derived geometric schedule,30240000,scheduled subsidy boundary,1.82046706,1.80449805,1.00884956,0.88495579,price-only compensation; fees and miner costs held constant,consensus-deterministic
S4,S4,Idealized 113/114 cap-derived geometric schedule,30450000,scheduled subsidy boundary,1.80449805,1.78866911,1.00884956,0.88495630,price-only compensation; fees and miner costs held constant,consensus-deterministic
S4,S4,Idealized 113/114 cap-derived geometric schedule,30660000,scheduled subsidy boundary,1.78866911,1.77297903,1.00884956,0.88495576,price-only compensation; fees and miner costs held constant,consensus-deterministic
S4,S4,Idealized 113/114 cap-derived geometric schedule,30870000,scheduled subsidy boundary,1.77297903,1.75742658,1.00884956,0.88495589,price-only compensation; fees and miner costs held constant,consensus-deterministic
S4,S4,Idealized 113/114 cap-derived geometric schedule,31080000,scheduled subsidy boundary,1.75742658,1.74201055,1.00884956,0.88495618,price-only compensation; fees and miner costs held constant,consensus-deterministic
S4,S4,Idealized 113/114 cap-derived geometric schedule,31290000,scheduled subsidy boundary,1.74201055,1.72672975,1.00884956,0.88495609,price-only compensation; fees and miner costs held constant,consensus-deterministic
S4,S4,Idealized 113/114 cap-derived geometric schedule,31500000,scheduled subsidy boundary,1.72672975,1.71158299,1.00884956,0.88495621,price-only compensation; fees and miner costs held constant,consensus-deterministic
S4,S4,Idealized 113/114 cap-derived geometric schedule,31710000,scheduled subsidy boundary,1.71158299,1.69656910,1.00884956,0.88495600,price-only compensation; fees and miner costs held constant,consensus-deterministic
S4,S4,Idealized 113/114 cap-derived geometric schedule,31920000,scheduled subsidy boundary,1.69656910,1.68168691,1.00884956,0.88495605,price-only compensation; fees and miner costs held constant,consensus-deterministic
S4,S4,Idealized 113/114 cap-derived geometric schedule,32130000,scheduled subsidy boundary,1.68168691,1.66693527,1.00884956,0.88495578,price-only compensation; fees and miner costs held constant,consensus-deterministic
S4,S4,Idealized 113/114 cap-derived geometric schedule,32340000,scheduled subsidy boundary,1.66693527,1.65231303,1.00884956,0.88495580,price-only compensation; fees and miner costs held constant,consensus-deterministic
S4,S4,Idealized 113/114 cap-derived geometric schedule,32550000,scheduled subsidy boundary,1.65231303,1.63781905,1.00884956,0.88495613,price-only compensation; fees and miner costs held constant,consensus-deterministic
S4,S4,Idealized 113/114 cap-derived geometric schedule,32760000,scheduled subsidy boundary,1.63781905,1.62345221,1.00884956,0.88495614,price-only compensation; fees and miner costs held constant,consensus-deterministic
S4,S4,Idealized 113/114 cap-derived geometric schedule,32970000,scheduled subsidy boundary,1.62345221,1.60921140,1.00884956,0.88495582,price-only compensation; fees and miner costs held constant,consensus-deterministic
S4,S4,Idealized 113/114 cap-derived geometric schedule,33180000,scheduled subsidy boundary,1.60921140,1.59509551,1.00884956,0.88495579,price-only compensation; fees and miner costs held constant,consensus-deterministic
S4,S4,Idealized 113/114 cap-derived geometric schedule,33390000,scheduled subsidy boundary,1.59509551,1.58110344,1.00884956,0.88495602,price-only compensation; fees and miner costs held constant,consensus-deterministic
S4,S4,Idealized 113/114 cap-derived geometric schedule,33600000,scheduled subsidy boundary,1.58110344,1.56723411,1.00884956,0.88495585,price-only compensation; fees and miner costs held constant,consensus-deterministic
S4,S4,Idealized 113/114 cap-derived geometric schedule,33810000,scheduled subsidy boundary,1.56723411,1.55348644,1.00884956,0.88495591,price-only compensation; fees and miner costs held constant,consensus-deterministic
S4,S4,Idealized 113/114 cap-derived geometric schedule,34020000,scheduled subsidy boundary,1.55348644,1.53985936,1.00884956,0.88495614,price-only compensation; fees and miner costs held constant,consensus-deterministic
S4,S4,Idealized 113/114 cap-derived geometric schedule,34230000,scheduled subsidy boundary,1.53985936,1.52635182,1.00884956,0.88495587,price-only compensation; fees and miner costs held constant,consensus-deterministic
S4,S4,Idealized 113/114 cap-derived geometric schedule,34440000,scheduled subsidy boundary,1.52635182,1.51296276,1.00884956,0.88495635,price-only compensation; fees and miner costs held constant,consensus-deterministic
S4,S4,Idealized 113/114 cap-derived geometric schedule,34650000,scheduled subsidy boundary,1.51296276,1.49969115,1.00884956,0.88495621,price-only compensation; fees and miner costs held constant,consensus-deterministic
S4,S4,Idealized 113/114 cap-derived geometric schedule,34860000,scheduled subsidy boundary,1.49969115,1.48653596,1.00884956,0.88495606,price-only compensation; fees and miner costs held constant,consensus-deterministic
S4,S4,Idealized 113/114 cap-derived geometric schedule,35070000,scheduled subsidy boundary,1.48653596,1.47349617,1.00884956,0.88495581,price-only compensation; fees and miner costs held constant,consensus-deterministic
S4,S4,Idealized 113/114 cap-derived geometric schedule,35280000,scheduled subsidy boundary,1.47349617,1.46057076,1.00884956,0.88495610,price-only compensation; fees and miner costs held constant,consensus-deterministic
S4,S4,Idealized 113/114 cap-derived geometric schedule,35490000,scheduled subsidy boundary,1.46057076,1.44775873,1.00884956,0.88495616,price-only compensation; fees and miner costs held constant,consensus-deterministic
S4,S4,Idealized 113/114 cap-derived geometric schedule,35700000,scheduled subsidy boundary,1.44775873,1.43505909,1.00884956,0.88495589,price-only compensation; fees and miner costs held constant,consensus-deterministic
S4,S4,Idealized 113/114 cap-derived geometric schedule,35910000,scheduled subsidy boundary,1.43505909,1.42247085,1.00884956,0.88495592,price-only compensation; fees and miner costs held constant,consensus-deterministic
S4,S4,Idealized 113/114 cap-derived geometric schedule,36120000,scheduled subsidy boundary,1.42247085,1.40999303,1.00884956,0.88495615,price-only compensation; fees and miner costs held constant,consensus-deterministic
S4,S4,Idealized 113/114 cap-derived geometric schedule,36330000,scheduled subsidy boundary,1.40999303,1.39762467,1.00884956,0.88495576,price-only compensation; fees and miner costs held constant,consensus-deterministic
S4,S4,Idealized 113/114 cap-derived geometric schedule,36540000,scheduled subsidy boundary,1.39762467,1.38536480,1.00884956,0.88495608,price-only compensation; fees and miner costs held constant,consensus-deterministic
S4,S4,Idealized 113/114 cap-derived geometric schedule,36750000,scheduled subsidy boundary,1.38536480,1.37321247,1.00884956,0.88495628,price-only compensation; fees and miner costs held constant,consensus-deterministic
S4,S4,Idealized 113/114 cap-derived geometric schedule,36960000,scheduled subsidy boundary,1.37321247,1.36116674,1.00884956,0.88495624,price-only compensation; fees and miner costs held constant,consensus-deterministic
S4,S4,Idealized 113/114 cap-derived geometric schedule,37170000,scheduled subsidy boundary,1.36116674,1.34922668,1.00884956,0.88495582,price-only compensation; fees and miner costs held constant,consensus-deterministic
S4,S4,Idealized 113/114 cap-derived geometric schedule,37380000,scheduled subsidy boundary,1.34922668,1.33739135,1.00884956,0.88495637,price-only compensation; fees and miner costs held constant,consensus-deterministic
S4,S4,Idealized 113/114 cap-derived geometric schedule,37590000,scheduled subsidy boundary,1.33739135,1.32565984,1.00884956,0.88495628,price-only compensation; fees and miner costs held constant,consensus-deterministic
S4,S4,Idealized 113/114 cap-derived geometric schedule,37800000,scheduled subsidy boundary,1.32565984,1.31403124,1.00884956,0.88495613,price-only compensation; fees and miner costs held constant,consensus-deterministic
S4,S4,Idealized 113/114 cap-derived geometric schedule,38010000,scheduled subsidy boundary,1.31403124,1.30250465,1.00884956,0.88495577,price-only compensation; fees and miner costs held constant,consensus-deterministic
S4,S4,Idealized 113/114 cap-derived geometric schedule,38220000,scheduled subsidy boundary,1.30250465,1.29107917,1.00884956,0.88495580,price-only compensation; fees and miner costs held constant,consensus-deterministic
S4,S4,Idealized 113/114 cap-derived geometric schedule,38430000,scheduled subsidy boundary,1.29107917,1.27975391,1.00884956,0.88495608,price-only compensation; fees and miner costs held constant,consensus-deterministic
S4,S4,Idealized 113/114 cap-derived geometric schedule,38640000,scheduled subsidy boundary,1.27975391,1.26852799,1.00884956,0.88495643,price-only compensation; fees and miner costs held constant,consensus-deterministic
S4,S4,Idealized 113/114 cap-derived geometric schedule,38850000,scheduled subsidy boundary,1.26852799,1.25740055,1.00884956,0.88495587,price-only compensation; fees and miner costs held constant,consensus-deterministic
S4,S4,Idealized 113/114 cap-derived geometric schedule,39060000,scheduled subsidy boundary,1.25740055,1.24637072,1.00884956,0.88495580,price-only compensation; fees and miner costs held constant,consensus-deterministic
S4,S4,Idealized 113/114 cap-derived geometric schedule,39270000,scheduled subsidy boundary,1.24637072,1.23543764,1.00884956,0.88495604,price-only compensation; fees and miner costs held constant,consensus-deterministic
S4,S4,Idealized 113/114 cap-derived geometric schedule,39480000,scheduled subsidy boundary,1.23543764,1.22460046,1.00884956,0.88495639,price-only compensation; fees and miner costs held constant,consensus-deterministic
S4,S4,Idealized 113/114 cap-derived geometric schedule,39690000,scheduled subsidy boundary,1.22460046,1.21385835,1.00884956,0.88495581,price-only compensation; fees and miner costs held constant,consensus-deterministic
S4,S4,Idealized 113/114 cap-derived geometric schedule,39900000,scheduled subsidy boundary,1.21385835,1.20321046,1.00884957,0.88495657,price-only compensation; fees and miner costs held constant,consensus-deterministic
S4,S4,Idealized 113/114 cap-derived geometric schedule,40110000,scheduled subsidy boundary,1.20321046,1.19265598,1.00884956,0.88495595,price-only compensation; fees and miner costs held constant,consensus-deterministic
S4,S4,Idealized 113/114 cap-derived geometric schedule,40320000,scheduled subsidy boundary,1.19265598,1.18219408,1.00884956,0.88495622,price-only compensation; fees and miner costs held constant,consensus-deterministic
S4,S4,Idealized 113/114 cap-derived geometric schedule,40530000,scheduled subsidy boundary,1.18219408,1.17182395,1.00884956,0.88495631,price-only compensation; fees and miner costs held constant,consensus-deterministic
S4,S4,Idealized 113/114 cap-derived geometric schedule,40740000,scheduled subsidy boundary,1.17182395,1.16154479,1.00884956,0.88495597,price-only compensation; fees and miner costs held constant,consensus-deterministic
S4,S4,Idealized 113/114 cap-derived geometric schedule,40950000,scheduled subsidy boundary,1.16154479,1.15135580,1.00884956,0.88495581,price-only compensation; fees and miner costs held constant,consensus-deterministic
S4,S4,Idealized 113/114 cap-derived geometric schedule,41160000,scheduled subsidy boundary,1.15135580,1.14125618,1.00884956,0.88495643,price-only compensation; fees and miner costs held constant,consensus-deterministic
S4,S4,Idealized 113/114 cap-derived geometric schedule,41370000,scheduled subsidy boundary,1.14125618,1.13124516,1.00884956,0.88495583,price-only compensation; fees and miner costs held constant,consensus-deterministic
S4,S4,Idealized 113/114 cap-derived geometric schedule,41580000,scheduled subsidy boundary,1.13124516,1.12132195,1.00884956,0.88495637,price-only compensation; fees and miner costs held constant,consensus-deterministic
S4,S4,Idealized 113/114 cap-derived geometric schedule,41790000,scheduled subsidy boundary,1.12132195,1.11148579,1.00884956,0.88495598,price-only compensation; fees and miner costs held constant,consensus-deterministic
S4,S4,Idealized 113/114 cap-derived geometric schedule,42000000,scheduled subsidy boundary,1.11148579,1.10173591,1.00884956,0.88495618,price-only compensation; fees and miner costs held constant,consensus-deterministic
S4,S4,Idealized 113/114 cap-derived geometric schedule,42210000,scheduled subsidy boundary,1.10173591,1.09207155,1.00884957,0.88495667,price-only compensation; fees and miner costs held constant,consensus-deterministic
S4,S4,Idealized 113/114 cap-derived geometric schedule,42420000,scheduled subsidy boundary,1.09207155,1.08249197,1.00884956,0.88495622,price-only compensation; fees and miner costs held constant,consensus-deterministic
S4,S4,Idealized 113/114 cap-derived geometric schedule,42630000,scheduled subsidy boundary,1.08249197,1.07299642,1.00884956,0.88495635,price-only compensation; fees and miner costs held constant,consensus-deterministic
S4,S4,Idealized 113/114 cap-derived geometric schedule,42840000,scheduled subsidy boundary,1.07299642,1.06358417,1.00884956,0.88495582,price-only compensation; fees and miner costs held constant,consensus-deterministic
S4,S4,Idealized 113/114 cap-derived geometric schedule,43050000,scheduled subsidy boundary,1.06358417,1.05425448,1.00884956,0.88495616,price-only compensation; fees and miner costs held constant,consensus-deterministic
S4,S4,Idealized 113/114 cap-derived geometric schedule,43260000,scheduled subsidy boundary,1.05425448,1.04500663,1.00884956,0.88495611,price-only compensation; fees and miner costs held constant,consensus-deterministic
S4,S4,Idealized 113/114 cap-derived geometric schedule,43470000,scheduled subsidy boundary,1.04500663,1.03583990,1.00884956,0.88495626,price-only compensation; fees and miner costs held constant,consensus-deterministic
S4,S4,Idealized 113/114 cap-derived geometric schedule,43680000,scheduled subsidy boundary,1.03583990,1.02675358,1.00884956,0.88495625,price-only compensation; fees and miner costs held constant,consensus-deterministic
S4,S4,Idealized 113/114 cap-derived geometric schedule,43890000,scheduled subsidy boundary,1.02675358,1.01774696,1.00884957,0.88495671,price-only compensation; fees and miner costs held constant,consensus-deterministic
S4,S4,Idealized 113/114 cap-derived geometric schedule,44100000,scheduled subsidy boundary,1.01774696,1.00881935,1.00884956,0.88495626,price-only compensation; fees and miner costs held constant,consensus-deterministic
S4,S4,Idealized 113/114 cap-derived geometric schedule,44310000,scheduled subsidy boundary,1.00881935,0.99997005,1.00884957,0.88495650,price-only compensation; fees and miner costs held constant,consensus-deterministic
S4,S4,Idealized 113/114 cap-derived geometric schedule,44520000,scheduled subsidy boundary,0.99997005,0.99119838,1.00884956,0.88495605,price-only compensation; fees and miner costs held constant,consensus-deterministic
S4,S4,Idealized 113/114 cap-derived geometric schedule,44730000,scheduled subsidy boundary,0.99119838,0.98250365,1.00884957,0.88495651,price-only compensation; fees and miner costs held constant,consensus-deterministic
S4,S4,Idealized 113/114 cap-derived geometric schedule,44940000,scheduled subsidy boundary,0.98250365,0.97388519,1.00884956,0.88495647,price-only compensation; fees and miner costs held constant,consensus-deterministic
S4,S4,Idealized 113/114 cap-derived geometric schedule,45150000,scheduled subsidy boundary,0.97388519,0.96534233,1.00884957,0.88495653,price-only compensation; fees and miner costs held constant,consensus-deterministic
S4,S4,Idealized 113/114 cap-derived geometric schedule,45360000,scheduled subsidy boundary,0.96534233,0.95687441,1.00884956,0.88495626,price-only compensation; fees and miner costs held constant,consensus-deterministic
S4,S4,Idealized 113/114 cap-derived geometric schedule,45570000,scheduled subsidy boundary,0.95687441,0.94848077,1.00884956,0.88495627,price-only compensation; fees and miner costs held constant,consensus-deterministic
S4,S4,Idealized 113/114 cap-derived geometric schedule,45780000,scheduled subsidy boundary,0.94848077,0.94016076,1.00884956,0.88495610,price-only compensation; fees and miner costs held constant,consensus-deterministic
S4,S4,Idealized 113/114 cap-derived geometric schedule,45990000,scheduled subsidy boundary,0.94016076,0.93191373,1.00884956,0.88495638,price-only compensation; fees and miner costs held constant,consensus-deterministic
S4,S4,Idealized 113/114 cap-derived geometric schedule,46200000,scheduled subsidy boundary,0.93191373,0.92373904,1.00884957,0.88495664,price-only compensation; fees and miner costs held constant,consensus-deterministic
S4,S4,Idealized 113/114 cap-derived geometric schedule,46410000,scheduled subsidy boundary,0.92373904,0.91563606,1.00884956,0.88495641,price-only compensation; fees and miner costs held constant,consensus-deterministic
S4,S4,Idealized 113/114 cap-derived geometric schedule,46620000,scheduled subsidy boundary,0.91563606,0.90760416,1.00884956,0.88495628,price-only compensation; fees and miner costs held constant,consensus-deterministic
S4,S4,Idealized 113/114 cap-derived geometric schedule,46830000,scheduled subsidy boundary,0.90760416,0.89964272,1.00884956,0.88495575,price-only compensation; fees and miner costs held constant,consensus-deterministic
S4,S4,Idealized 113/114 cap-derived geometric schedule,47040000,scheduled subsidy boundary,0.89964272,0.89175111,1.00884957,0.88495657,price-only compensation; fees and miner costs held constant,consensus-deterministic
S4,S4,Idealized 113/114 cap-derived geometric schedule,47250000,scheduled subsidy boundary,0.89175111,0.88392873,1.00884956,0.88495596,price-only compensation; fees and miner costs held constant,consensus-deterministic
S4,S4,Idealized 113/114 cap-derived geometric schedule,47460000,scheduled subsidy boundary,0.88392873,0.87617496,1.00884957,0.88495681,price-only compensation; fees and miner costs held constant,consensus-deterministic
S4,S4,Idealized 113/114 cap-derived geometric schedule,47670000,scheduled subsidy boundary,0.87617496,0.86848921,1.00884956,0.88495630,price-only compensation; fees and miner costs held constant,consensus-deterministic
S4,S4,Idealized 113/114 cap-derived geometric schedule,47880000,scheduled subsidy boundary,0.86848921,0.86087088,1.00884956,0.88495617,price-only compensation; fees and miner costs held constant,consensus-deterministic
S4,S4,Idealized 113/114 cap-derived geometric schedule,48090000,scheduled subsidy boundary,0.86087088,0.85331938,1.00884956,0.88495588,price-only compensation; fees and miner costs held constant,consensus-deterministic
S4,S4,Idealized 113/114 cap-derived geometric schedule,48300000,scheduled subsidy boundary,0.85331938,0.84583412,1.00884956,0.88495602,price-only compensation; fees and miner costs held constant,consensus-deterministic
S4,S4,Idealized 113/114 cap-derived geometric schedule,48510000,scheduled subsidy boundary,0.84583412,0.83841452,1.00884956,0.88495605,price-only compensation; fees and miner costs held constant,consensus-deterministic
S4,S4,Idealized 113/114 cap-derived geometric schedule,48720000,scheduled subsidy boundary,0.83841452,0.83106000,1.00884957,0.88495656,price-only compensation; fees and miner costs held constant,consensus-deterministic
S4,S4,Idealized 113/114 cap-derived geometric schedule,48930000,scheduled subsidy boundary,0.83106000,0.82377000,1.00884956,0.88495575,price-only compensation; fees and miner costs held constant,consensus-deterministic
S4,S4,Idealized 113/114 cap-derived geometric schedule,49140000,scheduled subsidy boundary,0.82377000,0.81654394,1.00884957,0.88495666,price-only compensation; fees and miner costs held constant,consensus-deterministic
S4,S4,Idealized 113/114 cap-derived geometric schedule,49350000,scheduled subsidy boundary,0.81654394,0.80938127,1.00884956,0.88495623,price-only compensation; fees and miner costs held constant,consensus-deterministic
S4,S4,Idealized 113/114 cap-derived geometric schedule,49560000,scheduled subsidy boundary,0.80938127,0.80228143,1.00884956,0.88495629,price-only compensation; fees and miner costs held constant,consensus-deterministic
S4,S4,Idealized 113/114 cap-derived geometric schedule,49770000,scheduled subsidy boundary,0.80228143,0.79524387,1.00884956,0.88495621,price-only compensation; fees and miner costs held constant,consensus-deterministic
S4,S4,Idealized 113/114 cap-derived geometric schedule,49980000,scheduled subsidy boundary,0.79524387,0.78826804,1.00884957,0.88495659,price-only compensation; fees and miner costs held constant,consensus-deterministic
S4,S4,Idealized 113/114 cap-derived geometric schedule,50190000,scheduled subsidy boundary,0.78826804,0.78135340,1.00884957,0.88495679,price-only compensation; fees and miner costs held constant,consensus-deterministic
S4,S4,Idealized 113/114 cap-derived geometric schedule,50400000,scheduled subsidy boundary,0.78135340,0.77449942,1.00884956,0.88495612,price-only compensation; fees and miner costs held constant,consensus-deterministic
S4,S4,Idealized 113/114 cap-derived geometric schedule,50610000,scheduled subsidy boundary,0.77449942,0.76770556,1.00884956,0.88495647,price-only compensation; fees and miner costs held constant,consensus-deterministic
S4,S4,Idealized 113/114 cap-derived geometric schedule,50820000,scheduled subsidy boundary,0.76770556,0.76097130,1.00884956,0.88495585,price-only compensation; fees and miner costs held constant,consensus-deterministic
S4,S4,Idealized 113/114 cap-derived geometric schedule,51030000,scheduled subsidy boundary,0.76097130,0.75429611,1.00884956,0.88495617,price-only compensation; fees and miner costs held constant,consensus-deterministic
S4,S4,Idealized 113/114 cap-derived geometric schedule,51240000,scheduled subsidy boundary,0.75429611,0.74767947,1.00884957,0.88495676,price-only compensation; fees and miner costs held constant,consensus-deterministic
S4,S4,Idealized 113/114 cap-derived geometric schedule,51450000,scheduled subsidy boundary,0.74767947,0.74112087,1.00884957,0.88495686,price-only compensation; fees and miner costs held constant,consensus-deterministic
S4,S4,Idealized 113/114 cap-derived geometric schedule,51660000,scheduled subsidy boundary,0.74112087,0.73461980,1.00884957,0.88495709,price-only compensation; fees and miner costs held constant,consensus-deterministic
S4,S4,Idealized 113/114 cap-derived geometric schedule,51870000,scheduled subsidy boundary,0.73461980,0.72817576,1.00884957,0.88495668,price-only compensation; fees and miner costs held constant,consensus-deterministic
S4,S4,Idealized 113/114 cap-derived geometric schedule,52080000,scheduled subsidy boundary,0.72817576,0.72178825,1.00884956,0.88495622,price-only compensation; fees and miner costs held constant,consensus-deterministic
S4,S4,Idealized 113/114 cap-derived geometric schedule,52290000,scheduled subsidy boundary,0.72178825,0.71545677,1.00884956,0.88495633,price-only compensation; fees and miner costs held constant,consensus-deterministic
S4,S4,Idealized 113/114 cap-derived geometric schedule,52500000,scheduled subsidy boundary,0.71545677,0.70918083,1.00884956,0.88495624,price-only compensation; fees and miner costs held constant,consensus-deterministic
S4,S4,Idealized 113/114 cap-derived geometric schedule,52710000,scheduled subsidy boundary,0.70918083,0.70295994,1.00884957,0.88495655,price-only compensation; fees and miner costs held constant,consensus-deterministic
S4,S4,Idealized 113/114 cap-derived geometric schedule,52920000,scheduled subsidy boundary,0.70295994,0.69679362,1.00884956,0.88495644,price-only compensation; fees and miner costs held constant,consensus-deterministic
S4,S4,Idealized 113/114 cap-derived geometric schedule,53130000,scheduled subsidy boundary,0.69679362,0.69068139,1.00884957,0.88495652,price-only compensation; fees and miner costs held constant,consensus-deterministic
S4,S4,Idealized 113/114 cap-derived geometric schedule,53340000,scheduled subsidy boundary,0.69068139,0.68462278,1.00884956,0.88495595,price-only compensation; fees and miner costs held constant,consensus-deterministic
S4,S4,Idealized 113/114 cap-derived geometric schedule,53550000,scheduled subsidy boundary,0.68462278,0.67861731,1.00884957,0.88495680,price-only compensation; fees and miner costs held constant,consensus-deterministic
S4,S4,Idealized 113/114 cap-derived geometric schedule,53760000,scheduled subsidy boundary,0.67861731,0.67266452,1.00884957,0.88495674,price-only compensation; fees and miner costs held constant,consensus-deterministic
S4,S4,Idealized 113/114 cap-derived geometric schedule,53970000,scheduled subsidy boundary,0.67266452,0.66676395,1.00884956,0.88495636,price-only compensation; fees and miner costs held constant,consensus-deterministic
S4,S4,Idealized 113/114 cap-derived geometric schedule,54180000,scheduled subsidy boundary,0.66676395,0.66091514,1.00884956,0.88495627,price-only compensation; fees and miner costs held constant,consensus-deterministic
S4,S4,Idealized 113/114 cap-derived geometric schedule,54390000,scheduled subsidy boundary,0.66091514,0.65511763,1.00884957,0.88495710,price-only compensation; fees and miner costs held constant,consensus-deterministic
S4,S4,Idealized 113/114 cap-derived geometric schedule,54600000,scheduled subsidy boundary,0.65511763,0.64937098,1.00884956,0.88495639,price-only compensation; fees and miner costs held constant,consensus-deterministic
S4,S4,Idealized 113/114 cap-derived geometric schedule,54810000,scheduled subsidy boundary,0.64937098,0.64367474,1.00884956,0.88495627,price-only compensation; fees and miner costs held constant,consensus-deterministic
S4,S4,Idealized 113/114 cap-derived geometric schedule,55020000,scheduled subsidy boundary,0.64367474,0.63802847,1.00884956,0.88495581,price-only compensation; fees and miner costs held constant,consensus-deterministic
S4,S4,Idealized 113/114 cap-derived geometric schedule,55230000,scheduled subsidy boundary,0.63802847,0.63243172,1.00884957,0.88495719,price-only compensation; fees and miner costs held constant,consensus-deterministic
S4,S4,Idealized 113/114 cap-derived geometric schedule,55440000,scheduled subsidy boundary,0.63243172,0.62688407,1.00884956,0.88495629,price-only compensation; fees and miner costs held constant,consensus-deterministic
S4,S4,Idealized 113/114 cap-derived geometric schedule,55650000,scheduled subsidy boundary,0.62688407,0.62138508,1.00884957,0.88495688,price-only compensation; fees and miner costs held constant,consensus-deterministic
S4,S4,Idealized 113/114 cap-derived geometric schedule,55860000,scheduled subsidy boundary,0.62138508,0.61593433,1.00884956,0.88495636,price-only compensation; fees and miner costs held constant,consensus-deterministic
S4,S4,Idealized 113/114 cap-derived geometric schedule,56070000,scheduled subsidy boundary,0.61593433,0.61053139,1.00884957,0.88495696,price-only compensation; fees and miner costs held constant,consensus-deterministic
S4,S4,Idealized 113/114 cap-derived geometric schedule,56280000,scheduled subsidy boundary,0.61053139,0.60517585,1.00884956,0.88495600,price-only compensation; fees and miner costs held constant,consensus-deterministic
S4,S4,Idealized 113/114 cap-derived geometric schedule,56490000,scheduled subsidy boundary,0.60517585,0.59986728,1.00884957,0.88495742,price-only compensation; fees and miner costs held constant,consensus-deterministic
S4,S4,Idealized 113/114 cap-derived geometric schedule,56700000,scheduled subsidy boundary,0.59986728,0.59460528,1.00884957,0.88495682,price-only compensation; fees and miner costs held constant,consensus-deterministic
S4,S4,Idealized 113/114 cap-derived geometric schedule,56910000,scheduled subsidy boundary,0.59460528,0.58938944,1.00884956,0.88495647,price-only compensation; fees and miner costs held constant,consensus-deterministic
S4,S4,Idealized 113/114 cap-derived geometric schedule,57120000,scheduled subsidy boundary,0.58938944,0.58421935,1.00884957,0.88495699,price-only compensation; fees and miner costs held constant,consensus-deterministic
S4,S4,Idealized 113/114 cap-derived geometric schedule,57330000,scheduled subsidy boundary,0.58421935,0.57909461,1.00884957,0.88495730,price-only compensation; fees and miner costs held constant,consensus-deterministic
S4,S4,Idealized 113/114 cap-derived geometric schedule,57540000,scheduled subsidy boundary,0.57909461,0.57401483,1.00884956,0.88495623,price-only compensation; fees and miner costs held constant,consensus-deterministic
S4,S4,Idealized 113/114 cap-derived geometric schedule,57750000,scheduled subsidy boundary,0.57401483,0.56897961,1.00884956,0.88495614,price-only compensation; fees and miner costs held constant,consensus-deterministic
S4,S4,Idealized 113/114 cap-derived geometric schedule,57960000,scheduled subsidy boundary,0.56897961,0.56398856,1.00884956,0.88495589,price-only compensation; fees and miner costs held constant,consensus-deterministic
S4,S4,Idealized 113/114 cap-derived geometric schedule,58170000,scheduled subsidy boundary,0.56398856,0.55904129,1.00884956,0.88495610,price-only compensation; fees and miner costs held constant,consensus-deterministic
S4,S4,Idealized 113/114 cap-derived geometric schedule,58380000,scheduled subsidy boundary,0.55904129,0.55413741,1.00884957,0.88495740,price-only compensation; fees and miner costs held constant,consensus-deterministic
S4,S4,Idealized 113/114 cap-derived geometric schedule,58590000,scheduled subsidy boundary,0.55413741,0.54927655,1.00884957,0.88495677,price-only compensation; fees and miner costs held constant,consensus-deterministic
S4,S4,Idealized 113/114 cap-derived geometric schedule,58800000,scheduled subsidy boundary,0.54927655,0.54445833,1.00884957,0.88495661,price-only compensation; fees and miner costs held constant,consensus-deterministic
S4,S4,Idealized 113/114 cap-derived geometric schedule,59010000,scheduled subsidy boundary,0.54445833,0.53968237,1.00884958,0.88495757,price-only compensation; fees and miner costs held constant,consensus-deterministic
S4,S4,Idealized 113/114 cap-derived geometric schedule,59220000,scheduled subsidy boundary,0.53968237,0.53494831,1.00884957,0.88495653,price-only compensation; fees and miner costs held constant,consensus-deterministic
S4,S4,Idealized 113/114 cap-derived geometric schedule,59430000,scheduled subsidy boundary,0.53494831,0.53025578,1.00884956,0.88495594,price-only compensation; fees and miner costs held constant,consensus-deterministic
S4,S4,Idealized 113/114 cap-derived geometric schedule,59640000,scheduled subsidy boundary,0.53025578,0.52560441,1.00884956,0.88495643,price-only compensation; fees and miner costs held constant,consensus-deterministic
S4,S4,Idealized 113/114 cap-derived geometric schedule,59850000,scheduled subsidy boundary,0.52560441,0.52099384,1.00884957,0.88495672,price-only compensation; fees and miner costs held constant,consensus-deterministic
S4,S4,Idealized 113/114 cap-derived geometric schedule,60060000,scheduled subsidy boundary,0.52099384,0.51642371,1.00884957,0.88495743,price-only compensation; fees and miner costs held constant,consensus-deterministic
S4,S4,Idealized 113/114 cap-derived geometric schedule,60270000,scheduled subsidy boundary,0.51642371,0.51189367,1.00884957,0.88495722,price-only compensation; fees and miner costs held constant,consensus-deterministic
S4,S4,Idealized 113/114 cap-derived geometric schedule,60480000,scheduled subsidy boundary,0.51189367,0.50740337,1.00884957,0.88495668,price-only compensation; fees and miner costs held constant,consensus-deterministic
S4,S4,Idealized 113/114 cap-derived geometric schedule,60690000,scheduled subsidy boundary,0.50740337,0.50295246,1.00884956,0.88495640,price-only compensation; fees and miner costs held constant,consensus-deterministic
S4,S4,Idealized 113/114 cap-derived geometric schedule,60900000,scheduled subsidy boundary,0.50295246,0.49854059,1.00884957,0.88495703,price-only compensation; fees and miner costs held constant,consensus-deterministic
S4,S4,Idealized 113/114 cap-derived geometric schedule,61110000,scheduled subsidy boundary,0.49854059,0.49416742,1.00884957,0.88495717,price-only compensation; fees and miner costs held constant,consensus-deterministic
S4,S4,Idealized 113/114 cap-derived geometric schedule,61320000,scheduled subsidy boundary,0.49416742,0.48983261,1.00884957,0.88495741,price-only compensation; fees and miner costs held constant,consensus-deterministic
S4,S4,Idealized 113/114 cap-derived geometric schedule,61530000,scheduled subsidy boundary,0.48983261,0.48553583,1.00884956,0.88495632,price-only compensation; fees and miner costs held constant,consensus-deterministic
S4,S4,Idealized 113/114 cap-derived geometric schedule,61740000,scheduled subsidy boundary,0.48553583,0.48127674,1.00884957,0.88495654,price-only compensation; fees and miner costs held constant,consensus-deterministic
S4,S4,Idealized 113/114 cap-derived geometric schedule,61950000,scheduled subsidy boundary,0.48127674,0.47705501,1.00884957,0.88495664,price-only compensation; fees and miner costs held constant,consensus-deterministic
S4,S4,Idealized 113/114 cap-derived geometric schedule,62160000,scheduled subsidy boundary,0.47705501,0.47287031,1.00884957,0.88495723,price-only compensation; fees and miner costs held constant,consensus-deterministic
S4,S4,Idealized 113/114 cap-derived geometric schedule,62370000,scheduled subsidy boundary,0.47287031,0.46872232,1.00884957,0.88495679,price-only compensation; fees and miner costs held constant,consensus-deterministic
S4,S4,Idealized 113/114 cap-derived geometric schedule,62580000,scheduled subsidy boundary,0.46872232,0.46461072,1.00884956,0.88495590,price-only compensation; fees and miner costs held constant,consensus-deterministic
S4,S4,Idealized 113/114 cap-derived geometric schedule,62790000,scheduled subsidy boundary,0.46461072,0.46053518,1.00884957,0.88495737,price-only compensation; fees and miner costs held constant,consensus-deterministic
S4,S4,Idealized 113/114 cap-derived geometric schedule,63000000,scheduled subsidy boundary,0.46053518,0.45649539,1.00884957,0.88495746,price-only compensation; fees and miner costs held constant,consensus-deterministic
S4,S4,Idealized 113/114 cap-derived geometric schedule,63210000,scheduled subsidy boundary,0.45649539,0.45249104,1.00884957,0.88495675,price-only compensation; fees and miner costs held constant,consensus-deterministic
S4,S4,Idealized 113/114 cap-derived geometric schedule,63420000,scheduled subsidy boundary,0.45249104,0.44852182,1.00884956,0.88495583,price-only compensation; fees and miner costs held constant,consensus-deterministic
S4,S4,Idealized 113/114 cap-derived geometric schedule,63630000,scheduled subsidy boundary,0.44852182,0.44458741,1.00884958,0.88495758,price-only compensation; fees and miner costs held constant,consensus-deterministic
S4,S4,Idealized 113/114 cap-derived geometric schedule,63840000,scheduled subsidy boundary,0.44458741,0.44068752,1.00884956,0.88495585,price-only compensation; fees and miner costs held constant,consensus-deterministic
S4,S4,Idealized 113/114 cap-derived geometric schedule,64050000,scheduled subsidy boundary,0.44068752,0.43682184,1.00884956,0.88495575,price-only compensation; fees and miner costs held constant,consensus-deterministic
S4,S4,Idealized 113/114 cap-derived geometric schedule,64260000,scheduled subsidy boundary,0.43682184,0.43299006,1.00884958,0.88495796,price-only compensation; fees and miner costs held constant,consensus-deterministic
S4,S4,Idealized 113/114 cap-derived geometric schedule,64470000,scheduled subsidy boundary,0.43299006,0.42919190,1.00884956,0.88495612,price-only compensation; fees and miner costs held constant,consensus-deterministic
S4,S4,Idealized 113/114 cap-derived geometric schedule,64680000,scheduled subsidy boundary,0.42919190,0.42542705,1.00884958,0.88495783,price-only compensation; fees and miner costs held constant,consensus-deterministic
S4,S4,Idealized 113/114 cap-derived geometric schedule,64890000,scheduled subsidy boundary,0.42542705,0.42169523,1.00884957,0.88495665,price-only compensation; fees and miner costs held constant,consensus-deterministic
S4,S4,Idealized 113/114 cap-derived geometric schedule,65100000,scheduled subsidy boundary,0.42169523,0.41799614,1.00884958,0.88495793,price-only compensation; fees and miner costs held constant,consensus-deterministic
S4,S4,Idealized 113/114 cap-derived geometric schedule,65310000,scheduled subsidy boundary,0.41799614,0.41432950,1.00884958,0.88495750,price-only compensation; fees and miner costs held constant,consensus-deterministic
S4,S4,Idealized 113/114 cap-derived geometric schedule,65520000,scheduled subsidy boundary,0.41432950,0.41069503,1.00884956,0.88495592,price-only compensation; fees and miner costs held constant,consensus-deterministic
S4,S4,Idealized 113/114 cap-derived geometric schedule,65730000,scheduled subsidy boundary,0.41069503,0.40709244,1.00884956,0.88495625,price-only compensation; fees and miner costs held constant,consensus-deterministic
S4,S4,Idealized 113/114 cap-derived geometric schedule,65940000,scheduled subsidy boundary,0.40709244,0.40352145,1.00884957,0.88495667,price-only compensation; fees and miner costs held constant,consensus-deterministic
S4,S4,Idealized 113/114 cap-derived geometric schedule,66150000,scheduled subsidy boundary,0.40352145,0.39998178,1.00884958,0.88495781,price-only compensation; fees and miner costs held constant,consensus-deterministic
S4,S4,Idealized 113/114 cap-derived geometric schedule,66360000,scheduled subsidy boundary,0.39998178,0.39647316,1.00884958,0.88495776,price-only compensation; fees and miner costs held constant,consensus-deterministic
S4,S4,Idealized 113/114 cap-derived geometric schedule,66570000,scheduled subsidy boundary,0.39647316,0.39299532,1.00884957,0.88495710,price-only compensation; fees and miner costs held constant,consensus-deterministic
S4,S4,Idealized 113/114 cap-derived geometric schedule,66780000,scheduled subsidy boundary,0.39299532,0.38954799,1.00884956,0.88495643,price-only compensation; fees and miner costs held constant,consensus-deterministic
S4,S4,Idealized 113/114 cap-derived geometric schedule,66990000,scheduled subsidy boundary,0.38954799,0.38613090,1.00884956,0.88495637,price-only compensation; fees and miner costs held constant,consensus-deterministic
S4,S4,Idealized 113/114 cap-derived geometric schedule,67200000,scheduled subsidy boundary,0.38613090,0.38274378,1.00884958,0.88495756,price-only compensation; fees and miner costs held constant,consensus-deterministic
S4,S4,Idealized 113/114 cap-derived geometric schedule,67410000,scheduled subsidy boundary,0.38274378,0.37938637,1.00884958,0.88495799,price-only compensation; fees and miner costs held constant,consensus-deterministic
S4,S4,Idealized 113/114 cap-derived geometric schedule,67620000,scheduled subsidy boundary,0.37938637,0.37605841,1.00884958,0.88495827,price-only compensation; fees and miner costs held constant,consensus-deterministic
S4,S4,Idealized 113/114 cap-derived geometric schedule,67830000,scheduled subsidy boundary,0.37605841,0.37275965,1.00884956,0.88495630,price-only compensation; fees and miner costs held constant,consensus-deterministic
S4,S4,Idealized 113/114 cap-derived geometric schedule,68040000,scheduled subsidy boundary,0.37275965,0.36948982,1.00884958,0.88495808,price-only compensation; fees and miner costs held constant,consensus-deterministic
S4,S4,Idealized 113/114 cap-derived geometric schedule,68250000,scheduled subsidy boundary,0.36948982,0.36624868,1.00884956,0.88495609,price-only compensation; fees and miner costs held constant,consensus-deterministic
S4,S4,Idealized 113/114 cap-derived geometric schedule,68460000,scheduled subsidy boundary,0.36624868,0.36303597,1.00884956,0.88495639,price-only compensation; fees and miner costs held constant,consensus-deterministic
S4,S4,Idealized 113/114 cap-derived geometric schedule,68670000,scheduled subsidy boundary,0.36303597,0.35985144,1.00884957,0.88495686,price-only compensation; fees and miner costs held constant,consensus-deterministic
S4,S4,Idealized 113/114 cap-derived geometric schedule,68880000,scheduled subsidy boundary,0.35985144,0.35669484,1.00884958,0.88495813,price-only compensation; fees and miner costs held constant,consensus-deterministic
S4,S4,Idealized 113/114 cap-derived geometric schedule,69090000,scheduled subsidy boundary,0.35669484,0.35356593,1.00884958,0.88495800,price-only compensation; fees and miner costs held constant,consensus-deterministic
S4,S4,Idealized 113/114 cap-derived geometric schedule,69300000,scheduled subsidy boundary,0.35356593,0.35046447,1.00884957,0.88495704,price-only compensation; fees and miner costs held constant,consensus-deterministic
S4,S4,Idealized 113/114 cap-derived geometric schedule,69510000,scheduled subsidy boundary,0.35046447,0.34739022,1.00884956,0.88495583,price-only compensation; fees and miner costs held constant,consensus-deterministic
S4,S4,Idealized 113/114 cap-derived geometric schedule,69720000,scheduled subsidy boundary,0.34739022,0.34434293,1.00884958,0.88495791,price-only compensation; fees and miner costs held constant,consensus-deterministic
S4,S4,Idealized 113/114 cap-derived geometric schedule,69930000,scheduled subsidy boundary,0.34434293,0.34132237,1.00884958,0.88495811,price-only compensation; fees and miner costs held constant,consensus-deterministic
S4,S4,Idealized 113/114 cap-derived geometric schedule,70140000,scheduled subsidy boundary,0.34132237,0.33832831,1.00884957,0.88495698,price-only compensation; fees and miner costs held constant,consensus-deterministic
S4,S4,Idealized 113/114 cap-derived geometric schedule,70350000,scheduled subsidy boundary,0.33832831,0.33536051,1.00884958,0.88495810,price-only compensation; fees and miner costs held constant,consensus-deterministic
S4,S4,Idealized 113/114 cap-derived geometric schedule,70560000,scheduled subsidy boundary,0.33536051,0.33241875,1.00884956,0.88495610,price-only compensation; fees and miner costs held constant,consensus-deterministic
S4,S4,Idealized 113/114 cap-derived geometric schedule,70770000,scheduled subsidy boundary,0.33241875,0.32950279,1.00884958,0.88495761,price-only compensation; fees and miner costs held constant,consensus-deterministic
S4,S4,Idealized 113/114 cap-derived geometric schedule,70980000,scheduled subsidy boundary,0.32950279,0.32661241,1.00884957,0.88495719,price-only compensation; fees and miner costs held constant,consensus-deterministic
S4,S4,Idealized 113/114 cap-derived geometric schedule,71190000,scheduled subsidy boundary,0.32661241,0.32374738,1.00884959,0.88495851,price-only compensation; fees and miner costs held constant,consensus-deterministic
S4,S4,Idealized 113/114 cap-derived geometric schedule,71400000,scheduled subsidy boundary,0.32374738,0.32090749,1.00884956,0.88495597,price-only compensation; fees and miner costs held constant,consensus-deterministic
S4,S4,Idealized 113/114 cap-derived geometric schedule,71610000,scheduled subsidy boundary,0.32090749,0.31809251,1.00884956,0.88495639,price-only compensation; fees and miner costs held constant,consensus-deterministic
S4,S4,Idealized 113/114 cap-derived geometric schedule,71820000,scheduled subsidy boundary,0.31809251,0.31530222,1.00884957,0.88495730,price-only compensation; fees and miner costs held constant,consensus-deterministic
S4,S4,Idealized 113/114 cap-derived geometric schedule,72030000,scheduled subsidy boundary,0.31530222,0.31253641,1.00884956,0.88495609,price-only compensation; fees and miner costs held constant,consensus-deterministic
S4,S4,Idealized 113/114 cap-derived geometric schedule,72240000,scheduled subsidy boundary,0.31253641,0.30979486,1.00884957,0.88495658,price-only compensation; fees and miner costs held constant,consensus-deterministic
S4,S4,Idealized 113/114 cap-derived geometric schedule,72450000,scheduled subsidy boundary,0.30979486,0.30707736,1.00884956,0.88495616,price-only compensation; fees and miner costs held constant,consensus-deterministic
S4,S4,Idealized 113/114 cap-derived geometric schedule,72660000,scheduled subsidy boundary,0.30707736,0.30438369,1.00884959,0.88495872,price-only compensation; fees and miner costs held constant,consensus-deterministic
S4,S4,Idealized 113/114 cap-derived geometric schedule,72870000,scheduled subsidy boundary,0.30438369,0.30171365,1.00884958,0.88495830,price-only compensation; fees and miner costs held constant,consensus-deterministic
S4,S4,Idealized 113/114 cap-derived geometric schedule,73080000,scheduled subsidy boundary,0.30171365,0.29906703,1.00884959,0.88495880,price-only compensation; fees and miner costs held constant,consensus-deterministic
S4,S4,Idealized 113/114 cap-derived geometric schedule,73290000,scheduled subsidy boundary,0.29906703,0.29644363,1.00884957,0.88495745,price-only compensation; fees and miner costs held constant,consensus-deterministic
S4,S4,Idealized 113/114 cap-derived geometric schedule,73500000,scheduled subsidy boundary,0.29644363,0.29384324,1.00884958,0.88495825,price-only compensation; fees and miner costs held constant,consensus-deterministic
S4,S4,Idealized 113/114 cap-derived geometric schedule,73710000,scheduled subsidy boundary,0.29384324,0.29126566,1.00884958,0.88495843,price-only compensation; fees and miner costs held constant,consensus-deterministic
S4,S4,Idealized 113/114 cap-derived geometric schedule,73920000,scheduled subsidy boundary,0.29126566,0.28871069,1.00884959,0.88495857,price-only compensation; fees and miner costs held constant,consensus-deterministic
S4,S4,Idealized 113/114 cap-derived geometric schedule,74130000,scheduled subsidy boundary,0.28871069,0.28617814,1.00884956,0.88495578,price-only compensation; fees and miner costs held constant,consensus-deterministic
S4,S4,Idealized 113/114 cap-derived geometric schedule,74340000,scheduled subsidy boundary,0.28617814,0.28366780,1.00884958,0.88495769,price-only compensation; fees and miner costs held constant,consensus-deterministic
S4,S4,Idealized 113/114 cap-derived geometric schedule,74550000,scheduled subsidy boundary,0.28366780,0.28117948,1.00884958,0.88495789,price-only compensation; fees and miner costs held constant,consensus-deterministic
S4,S4,Idealized 113/114 cap-derived geometric schedule,74760000,scheduled subsidy boundary,0.28117948,0.27871299,1.00884957,0.88495696,price-only compensation; fees and miner costs held constant,consensus-deterministic
S4,S4,Idealized 113/114 cap-derived geometric schedule,74970000,scheduled subsidy boundary,0.27871299,0.27626813,1.00884959,0.88495912,price-only compensation; fees and miner costs held constant,consensus-deterministic
S4,S4,Idealized 113/114 cap-derived geometric schedule,75180000,scheduled subsidy boundary,0.27626813,0.27384472,1.00884958,0.88495772,price-only compensation; fees and miner costs held constant,consensus-deterministic
S4,S4,Idealized 113/114 cap-derived geometric schedule,75390000,scheduled subsidy boundary,0.27384472,0.27144257,1.00884957,0.88495699,price-only compensation; fees and miner costs held constant,consensus-deterministic
S4,S4,Idealized 113/114 cap-derived geometric schedule,75600000,scheduled subsidy boundary,0.27144257,0.26906149,1.00884958,0.88495756,price-only compensation; fees and miner costs held constant,consensus-deterministic
S4,S4,Idealized 113/114 cap-derived geometric schedule,75810000,scheduled subsidy boundary,0.26906149,0.26670130,1.00884956,0.88495632,price-only compensation; fees and miner costs held constant,consensus-deterministic
S4,S4,Idealized 113/114 cap-derived geometric schedule,76020000,scheduled subsidy boundary,0.26670130,0.26436181,1.00884958,0.88495763,price-only compensation; fees and miner costs held constant,consensus-deterministic
S4,S4,Idealized 113/114 cap-derived geometric schedule,76230000,scheduled subsidy boundary,0.26436181,0.26204284,1.00884958,0.88495835,price-only compensation; fees and miner costs held constant,consensus-deterministic
S4,S4,Idealized 113/114 cap-derived geometric schedule,76440000,scheduled subsidy boundary,0.26204284,0.25974421,1.00884959,0.88495909,price-only compensation; fees and miner costs held constant,consensus-deterministic
S4,S4,Idealized 113/114 cap-derived geometric schedule,76650000,scheduled subsidy boundary,0.25974421,0.25746575,1.00884957,0.88495654,price-only compensation; fees and miner costs held constant,consensus-deterministic
S4,S4,Idealized 113/114 cap-derived geometric schedule,76860000,scheduled subsidy boundary,0.25746575,0.25520727,1.00884959,0.88495912,price-only compensation; fees and miner costs held constant,consensus-deterministic
S4,S4,Idealized 113/114 cap-derived geometric schedule,77070000,scheduled subsidy boundary,0.25520727,0.25296860,1.00884960,0.88495964,price-only compensation; fees and miner costs held constant,consensus-deterministic
S4,S4,Idealized 113/114 cap-derived geometric schedule,77280000,scheduled subsidy boundary,0.25296860,0.25074957,1.00884959,0.88495865,price-only compensation; fees and miner costs held constant,consensus-deterministic
S4,S4,Idealized 113/114 cap-derived geometric schedule,77490000,scheduled subsidy boundary,0.25074957,0.24855001,1.00884957,0.88495671,price-only compensation; fees and miner costs held constant,consensus-deterministic
S4,S4,Idealized 113/114 cap-derived geometric schedule,77700000,scheduled subsidy boundary,0.24855001,0.24636974,1.00884959,0.88495852,price-only compensation; fees and miner costs held constant,consensus-deterministic
S4,S4,Idealized 113/114 cap-derived geometric schedule,77910000,scheduled subsidy boundary,0.24636974,0.24420860,1.00884957,0.88495655,price-only compensation; fees and miner costs held constant,consensus-deterministic
S4,S4,Idealized 113/114 cap-derived geometric schedule,78120000,scheduled subsidy boundary,0.24420860,0.24206641,1.00884960,0.88495963,price-only compensation; fees and miner costs held constant,consensus-deterministic
S4,S4,Idealized 113/114 cap-derived geometric schedule,78330000,scheduled subsidy boundary,0.24206641,0.23994302,1.00884956,0.88495594,price-only compensation; fees and miner costs held constant,consensus-deterministic
S4,S4,Idealized 113/114 cap-derived geometric schedule,78540000,scheduled subsidy boundary,0.23994302,0.23783825,1.00884959,0.88495858,price-only compensation; fees and miner costs held constant,consensus-deterministic
S4,S4,Idealized 113/114 cap-derived geometric schedule,78750000,scheduled subsidy boundary,0.23783825,0.23575194,1.00884960,0.88495984,price-only compensation; fees and miner costs held constant,consensus-deterministic
S4,S4,Idealized 113/114 cap-derived geometric schedule,78960000,scheduled subsidy boundary,0.23575194,0.23368394,1.00884956,0.88495598,price-only compensation; fees and miner costs held constant,consensus-deterministic
S4,S4,Idealized 113/114 cap-derived geometric schedule,79170000,scheduled subsidy boundary,0.23368394,0.23163408,1.00884956,0.88495613,price-only compensation; fees and miner costs held constant,consensus-deterministic
S4,S4,Idealized 113/114 cap-derived geometric schedule,79380000,scheduled subsidy boundary,0.23163408,0.22960220,1.00884957,0.88495668,price-only compensation; fees and miner costs held constant,consensus-deterministic
S4,S4,Idealized 113/114 cap-derived geometric schedule,79590000,scheduled subsidy boundary,0.22960220,0.22758814,1.00884958,0.88495824,price-only compensation; fees and miner costs held constant,consensus-deterministic
S4,S4,Idealized 113/114 cap-derived geometric schedule,79800000,scheduled subsidy boundary,0.22758814,0.22559175,1.00884957,0.88495701,price-only compensation; fees and miner costs held constant,consensus-deterministic
S4,S4,Idealized 113/114 cap-derived geometric schedule,80010000,scheduled subsidy boundary,0.22559175,0.22361287,1.00884958,0.88495801,price-only compensation; fees and miner costs held constant,consensus-deterministic
S4,S4,Idealized 113/114 cap-derived geometric schedule,80220000,scheduled subsidy boundary,0.22361287,0.22165135,1.00884957,0.88495739,price-only compensation; fees and miner costs held constant,consensus-deterministic
S4,S4,Idealized 113/114 cap-derived geometric schedule,80430000,scheduled subsidy boundary,0.22165135,0.21970703,1.00884960,0.88496030,price-only compensation; fees and miner costs held constant,consensus-deterministic
S4,S4,Idealized 113/114 cap-derived geometric schedule,80640000,scheduled subsidy boundary,0.21970703,0.21777977,1.00884958,0.88495823,price-only compensation; fees and miner costs held constant,consensus-deterministic
S4,S4,Idealized 113/114 cap-derived geometric schedule,80850000,scheduled subsidy boundary,0.21777977,0.21586942,1.00884956,0.88495629,price-only compensation; fees and miner costs held constant,consensus-deterministic
S4,S4,Idealized 113/114 cap-derived geometric schedule,81060000,scheduled subsidy boundary,0.21586942,0.21397582,1.00884960,0.88495981,price-only compensation; fees and miner costs held constant,consensus-deterministic
S4,S4,Idealized 113/114 cap-derived geometric schedule,81270000,scheduled subsidy boundary,0.21397582,0.21209883,1.00884960,0.88496009,price-only compensation; fees and miner costs held constant,consensus-deterministic
S4,S4,Idealized 113/114 cap-derived geometric schedule,81480000,scheduled subsidy boundary,0.21209883,0.21023831,1.00884958,0.88495765,price-only compensation; fees and miner costs held constant,consensus-deterministic
S4,S4,Idealized 113/114 cap-derived geometric schedule,81690000,scheduled subsidy boundary,0.21023831,0.20839411,1.00884958,0.88495783,price-only compensation; fees and miner costs held constant,consensus-deterministic
S4,S4,Idealized 113/114 cap-derived geometric schedule,81900000,scheduled subsidy boundary,0.20839411,0.20656609,1.00884956,0.88495648,price-only compensation; fees and miner costs held constant,consensus-deterministic
S4,S4,Idealized 113/114 cap-derived geometric schedule,82110000,scheduled subsidy boundary,0.20656609,0.20475410,1.00884959,0.88495908,price-only compensation; fees and miner costs held constant,consensus-deterministic
S4,S4,Idealized 113/114 cap-derived geometric schedule,82320000,scheduled subsidy boundary,0.20475410,0.20295801,1.00884956,0.88495645,price-only compensation; fees and miner costs held constant,consensus-deterministic
S4,S4,Idealized 113/114 cap-derived geometric schedule,82530000,scheduled subsidy boundary,0.20295801,0.20117767,1.00884959,0.88495905,price-only compensation; fees and miner costs held constant,consensus-deterministic
S4,S4,Idealized 113/114 cap-derived geometric schedule,82740000,scheduled subsidy boundary,0.20117767,0.19941295,1.00884958,0.88495757,price-only compensation; fees and miner costs held constant,consensus-deterministic
S4,S4,Idealized 113/114 cap-derived geometric schedule,82950000,scheduled subsidy boundary,0.19941295,0.19766371,1.00884958,0.88495759,price-only compensation; fees and miner costs held constant,consensus-deterministic
S4,S4,Idealized 113/114 cap-derived geometric schedule,83160000,scheduled subsidy boundary,0.19766371,0.19592981,1.00884960,0.88495977,price-only compensation; fees and miner costs held constant,consensus-deterministic
S4,S4,Idealized 113/114 cap-derived geometric schedule,83370000,scheduled subsidy boundary,0.19592981,0.19421112,1.00884960,0.88495963,price-only compensation; fees and miner costs held constant,consensus-deterministic
S4,S4,Idealized 113/114 cap-derived geometric schedule,83580000,scheduled subsidy boundary,0.19421112,0.19250751,1.00884958,0.88495768,price-only compensation; fees and miner costs held constant,consensus-deterministic
S4,S4,Idealized 113/114 cap-derived geometric schedule,83790000,scheduled subsidy boundary,0.19250751,0.19081884,1.00884960,0.88495979,price-only compensation; fees and miner costs held constant,consensus-deterministic
S4,S4,Idealized 113/114 cap-derived geometric schedule,84000000,scheduled subsidy boundary,0.19081884,0.18914499,1.00884956,0.88495603,price-only compensation; fees and miner costs held constant,consensus-deterministic
S4,S4,Idealized 113/114 cap-derived geometric schedule,84210000,scheduled subsidy boundary,0.18914499,0.18748582,1.00884958,0.88495759,price-only compensation; fees and miner costs held constant,consensus-deterministic
S4,S4,Idealized 113/114 cap-derived geometric schedule,84420000,scheduled subsidy boundary,0.18748582,0.18584120,1.00884960,0.88495985,price-only compensation; fees and miner costs held constant,consensus-deterministic
S4,S4,Idealized 113/114 cap-derived geometric schedule,84630000,scheduled subsidy boundary,0.18584120,0.18421101,1.00884958,0.88495796,price-only compensation; fees and miner costs held constant,consensus-deterministic
S4,S4,Idealized 113/114 cap-derived geometric schedule,84840000,scheduled subsidy boundary,0.18421101,0.18259512,1.00884958,0.88495793,price-only compensation; fees and miner costs held constant,consensus-deterministic
S4,S4,Idealized 113/114 cap-derived geometric schedule,85050000,scheduled subsidy boundary,0.18259512,0.18099340,1.00884960,0.88496045,price-only compensation; fees and miner costs held constant,consensus-deterministic
S4,S4,Idealized 113/114 cap-derived geometric schedule,85260000,scheduled subsidy boundary,0.18099340,0.17940573,1.00884961,0.88496059,price-only compensation; fees and miner costs held constant,consensus-deterministic
S4,S4,Idealized 113/114 cap-derived geometric schedule,85470000,scheduled subsidy boundary,0.17940573,0.17783199,1.00884959,0.88495889,price-only compensation; fees and miner costs held constant,consensus-deterministic
S4,S4,Idealized 113/114 cap-derived geometric schedule,85680000,scheduled subsidy boundary,0.17783199,0.17627206,1.00884956,0.88495590,price-only compensation; fees and miner costs held constant,consensus-deterministic
S4,S4,Idealized 113/114 cap-derived geometric schedule,85890000,scheduled subsidy boundary,0.17627206,0.17472581,1.00884958,0.88495798,price-only compensation; fees and miner costs held constant,consensus-deterministic
S4,S4,Idealized 113/114 cap-derived geometric schedule,86100000,scheduled subsidy boundary,0.17472581,0.17319312,1.00884960,0.88496010,price-only compensation; fees and miner costs held constant,consensus-deterministic
S4,S4,Idealized 113/114 cap-derived geometric schedule,86310000,scheduled subsidy boundary,0.17319312,0.17167388,1.00884957,0.88495699,price-only compensation; fees and miner costs held constant,consensus-deterministic
S4,S4,Idealized 113/114 cap-derived geometric schedule,86520000,scheduled subsidy boundary,0.17167388,0.17016796,1.00884961,0.88496095,price-only compensation; fees and miner costs held constant,consensus-deterministic
S4,S4,Idealized 113/114 cap-derived geometric schedule,86730000,scheduled subsidy boundary,0.17016796,0.16867525,1.00884961,0.88496089,price-only compensation; fees and miner costs held constant,consensus-deterministic
S4,S4,Idealized 113/114 cap-derived geometric schedule,86940000,scheduled subsidy boundary,0.16867525,0.16719564,1.00884957,0.88495729,price-only compensation; fees and miner costs held constant,consensus-deterministic
S4,S4,Idealized 113/114 cap-derived geometric schedule,87150000,scheduled subsidy boundary,0.16719564,0.16572901,1.00884957,0.88495671,price-only compensation; fees and miner costs held constant,consensus-deterministic
S4,S4,Idealized 113/114 cap-derived geometric schedule,87360000,scheduled subsidy boundary,0.16572901,0.16427524,1.00884960,0.88495990,price-only compensation; fees and miner costs held constant,consensus-deterministic
S4,S4,Idealized 113/114 cap-derived geometric schedule,87570000,scheduled subsidy boundary,0.16427524,0.16283422,1.00884961,0.88496140,price-only compensation; fees and miner costs held constant,consensus-deterministic
S4,S4,Idealized 113/114 cap-derived geometric schedule,87780000,scheduled subsidy boundary,0.16283422,0.16140584,1.00884962,0.88496178,price-only compensation; fees and miner costs held constant,consensus-deterministic
S4,S4,Idealized 113/114 cap-derived geometric schedule,87990000,scheduled subsidy boundary,0.16140584,0.15998999,1.00884962,0.88496162,price-only compensation; fees and miner costs held constant,consensus-deterministic
S4,S4,Idealized 113/114 cap-derived geometric schedule,88200000,scheduled subsidy boundary,0.15998999,0.15858656,1.00884961,0.88496150,price-only compensation; fees and miner costs held constant,consensus-deterministic
S4,S4,Idealized 113/114 cap-derived geometric schedule,88410000,scheduled subsidy boundary,0.15858656,0.15719544,1.00884962,0.88496206,price-only compensation; fees and miner costs held constant,consensus-deterministic
S4,S4,Idealized 113/114 cap-derived geometric schedule,88620000,scheduled subsidy boundary,0.15719544,0.15581653,1.00884957,0.88495746,price-only compensation; fees and miner costs held constant,consensus-deterministic
S4,S4,Idealized 113/114 cap-derived geometric schedule,88830000,scheduled subsidy boundary,0.15581653,0.15444971,1.00884961,0.88496120,price-only compensation; fees and miner costs held constant,consensus-deterministic
S4,S4,Idealized 113/114 cap-derived geometric schedule,89040000,scheduled subsidy boundary,0.15444971,0.15309488,1.00884961,0.88496101,price-only compensation; fees and miner costs held constant,consensus-deterministic
S4,S4,Idealized 113/114 cap-derived geometric schedule,89250000,scheduled subsidy boundary,0.15309488,0.15175194,1.00884957,0.88495739,price-only compensation; fees and miner costs held constant,consensus-deterministic
S4,S4,Idealized 113/114 cap-derived geometric schedule,89460000,scheduled subsidy boundary,0.15175194,0.15042078,1.00884958,0.88495752,price-only compensation; fees and miner costs held constant,consensus-deterministic
S4,S4,Idealized 113/114 cap-derived geometric schedule,89670000,scheduled subsidy boundary,0.15042078,0.14910129,1.00884962,0.88496216,price-only compensation; fees and miner costs held constant,consensus-deterministic
S4,S4,Idealized 113/114 cap-derived geometric schedule,89880000,scheduled subsidy boundary,0.14910129,0.14779338,1.00884958,0.88495845,price-only compensation; fees and miner costs held constant,consensus-deterministic
S4,S4,Idealized 113/114 cap-derived geometric schedule,90090000,scheduled subsidy boundary,0.14779338,0.14649694,1.00884960,0.88496046,price-only compensation; fees and miner costs held constant,consensus-deterministic
S4,S4,Idealized 113/114 cap-derived geometric schedule,90300000,scheduled subsidy boundary,0.14649694,0.14521187,1.00884962,0.88496209,price-only compensation; fees and miner costs held constant,consensus-deterministic
S4,S4,Idealized 113/114 cap-derived geometric schedule,90510000,scheduled subsidy boundary,0.14521187,0.14393808,1.00884957,0.88495692,price-only compensation; fees and miner costs held constant,consensus-deterministic
S4,S4,Idealized 113/114 cap-derived geometric schedule,90720000,scheduled subsidy boundary,0.14393808,0.14267546,1.00884959,0.88495947,price-only compensation; fees and miner costs held constant,consensus-deterministic
S4,S4,Idealized 113/114 cap-derived geometric schedule,90930000,scheduled subsidy boundary,0.14267546,0.14142392,1.00884956,0.88495638,price-only compensation; fees and miner costs held constant,consensus-deterministic
S4,S4,Idealized 113/114 cap-derived geometric schedule,91140000,scheduled subsidy boundary,0.14142392,0.14018335,1.00884962,0.88496244,price-only compensation; fees and miner costs held constant,consensus-deterministic
S4,S4,Idealized 113/114 cap-derived geometric schedule,91350000,scheduled subsidy boundary,0.14018335,0.13895367,1.00884957,0.88495683,price-only compensation; fees and miner costs held constant,consensus-deterministic
S4,S4,Idealized 113/114 cap-derived geometric schedule,91560000,scheduled subsidy boundary,0.13895367,0.13773477,1.00884962,0.88496173,price-only compensation; fees and miner costs held constant,consensus-deterministic
S4,S4,Idealized 113/114 cap-derived geometric schedule,91770000,scheduled subsidy boundary,0.13773477,0.13652657,1.00884956,0.88495595,price-only compensation; fees and miner costs held constant,consensus-deterministic
S4,S4,Idealized 113/114 cap-derived geometric schedule,91980000,scheduled subsidy boundary,0.13652657,0.13532896,1.00884962,0.88496210,price-only compensation; fees and miner costs held constant,consensus-deterministic
S4,S4,Idealized 113/114 cap-derived geometric schedule,92190000,scheduled subsidy boundary,0.13532896,0.13414186,1.00884959,0.88495865,price-only compensation; fees and miner costs held constant,consensus-deterministic
S4,S4,Idealized 113/114 cap-derived geometric schedule,92400000,scheduled subsidy boundary,0.13414186,0.13296517,1.00884961,0.88496108,price-only compensation; fees and miner costs held constant,consensus-deterministic
S4,S4,Idealized 113/114 cap-derived geometric schedule,92610000,scheduled subsidy boundary,0.13296517,0.13179880,1.00884963,0.88496253,price-only compensation; fees and miner costs held constant,consensus-deterministic
S4,S4,Idealized 113/114 cap-derived geometric schedule,92820000,scheduled subsidy boundary,0.13179880,0.13064267,1.00884956,0.88495589,price-only compensation; fees and miner costs held constant,consensus-deterministic
S4,S4,Idealized 113/114 cap-derived geometric schedule,93030000,scheduled subsidy boundary,0.13064267,0.12949668,1.00884957,0.88495705,price-only compensation; fees and miner costs held constant,consensus-deterministic
S4,S4,Idealized 113/114 cap-derived geometric schedule,93240000,scheduled subsidy boundary,0.12949668,0.12836074,1.00884959,0.88495906,price-only compensation; fees and miner costs held constant,consensus-deterministic
S4,S4,Idealized 113/114 cap-derived geometric schedule,93450000,scheduled subsidy boundary,0.12836074,0.12723476,1.00884963,0.88496257,price-only compensation; fees and miner costs held constant,consensus-deterministic
S4,S4,Idealized 113/114 cap-derived geometric schedule,93660000,scheduled subsidy boundary,0.12723476,0.12611866,1.00884960,0.88496024,price-only compensation; fees and miner costs held constant,consensus-deterministic
S4,S4,Idealized 113/114 cap-derived geometric schedule,93870000,scheduled subsidy boundary,0.12611866,0.12501235,1.00884961,0.88496057,price-only compensation; fees and miner costs held constant,consensus-deterministic
S4,S4,Idealized 113/114 cap-derived geometric schedule,94080000,scheduled subsidy boundary,0.12501235,0.12391575,1.00884956,0.88495611,price-only compensation; fees and miner costs held constant,consensus-deterministic
S4,S4,Idealized 113/114 cap-derived geometric schedule,94290000,scheduled subsidy boundary,0.12391575,0.12282876,1.00884964,0.88496375,price-only compensation; fees and miner costs held constant,consensus-deterministic
S4,S4,Idealized 113/114 cap-derived geometric schedule,94500000,scheduled subsidy boundary,0.12282876,0.12175131,1.00884960,0.88495968,price-only compensation; fees and miner costs held constant,consensus-deterministic
S4,S4,Idealized 113/114 cap-derived geometric schedule,94710000,scheduled subsidy boundary,0.12175131,0.12068331,1.00884961,0.88496081,price-only compensation; fees and miner costs held constant,consensus-deterministic
S4,S4,Idealized 113/114 cap-derived geometric schedule,94920000,scheduled subsidy boundary,0.12068331,0.11962468,1.00884960,0.88495953,price-only compensation; fees and miner costs held constant,consensus-deterministic
S4,S4,Idealized 113/114 cap-derived geometric schedule,95130000,scheduled subsidy boundary,0.11962468,0.11857534,1.00884956,0.88495635,price-only compensation; fees and miner costs held constant,consensus-deterministic
S4,S4,Idealized 113/114 cap-derived geometric schedule,95340000,scheduled subsidy boundary,0.11857534,0.11753520,1.00884960,0.88496042,price-only compensation; fees and miner costs held constant,consensus-deterministic
S4,S4,Idealized 113/114 cap-derived geometric schedule,95550000,scheduled subsidy boundary,0.11753520,0.11650418,1.00884964,0.88496396,price-only compensation; fees and miner costs held constant,consensus-deterministic
S4,S4,Idealized 113/114 cap-derived geometric schedule,95760000,scheduled subsidy boundary,0.11650418,0.11548221,1.00884959,0.88495882,price-only compensation; fees and miner costs held constant,consensus-deterministic
S4,S4,Idealized 113/114 cap-derived geometric schedule,95970000,scheduled subsidy boundary,0.11548221,0.11446920,1.00884963,0.88496294,price-only compensation; fees and miner costs held constant,consensus-deterministic
S4,S4,Idealized 113/114 cap-derived geometric schedule,96180000,scheduled subsidy boundary,0.11446920,0.11346508,1.00884959,0.88495950,price-only compensation; fees and miner costs held constant,consensus-deterministic
S4,S4,Idealized 113/114 cap-derived geometric schedule,96390000,scheduled subsidy boundary,0.11346508,0.11246977,1.00884958,0.88495780,price-only compensation; fees and miner costs held constant,consensus-deterministic
S4,S4,Idealized 113/114 cap-derived geometric schedule,96600000,scheduled subsidy boundary,0.11246977,0.11148319,1.00884959,0.88495853,price-only compensation; fees and miner costs held constant,consensus-deterministic
S4,S4,Idealized 113/114 cap-derived geometric schedule,96810000,scheduled subsidy boundary,0.11148319,0.11050526,1.00884962,0.88496240,price-only compensation; fees and miner costs held constant,consensus-deterministic
S4,S4,Idealized 113/114 cap-derived geometric schedule,97020000,scheduled subsidy boundary,0.11050526,0.10953591,1.00884961,0.88496092,price-only compensation; fees and miner costs held constant,consensus-deterministic
S4,S4,Idealized 113/114 cap-derived geometric schedule,97230000,scheduled subsidy boundary,0.10953591,0.10857506,1.00884964,0.88496382,price-only compensation; fees and miner costs held constant,consensus-deterministic
S4,S4,Idealized 113/114 cap-derived geometric schedule,97440000,scheduled subsidy boundary,0.10857506,0.10762264,1.00884962,0.88496249,price-only compensation; fees and miner costs held constant,consensus-deterministic
S4,S4,Idealized 113/114 cap-derived geometric schedule,97650000,scheduled subsidy boundary,0.10762264,0.10667858,1.00884957,0.88495741,price-only compensation; fees and miner costs held constant,consensus-deterministic
S4,S4,Idealized 113/114 cap-derived geometric schedule,97860000,scheduled subsidy boundary,0.10667858,0.10574280,1.00884959,0.88495860,price-only compensation; fees and miner costs held constant,consensus-deterministic
S4,S4,Idealized 113/114 cap-derived geometric schedule,98070000,scheduled subsidy boundary,0.10574280,0.10481523,1.00884957,0.88495727,price-only compensation; fees and miner costs held constant,consensus-deterministic
S4,S4,Idealized 113/114 cap-derived geometric schedule,98280000,scheduled subsidy boundary,0.10481523,0.10389579,1.00884964,0.88496367,price-only compensation; fees and miner costs held constant,consensus-deterministic
S4,S4,Idealized 113/114 cap-derived geometric schedule,98490000,scheduled subsidy boundary,0.10389579,0.10298442,1.00884959,0.88495910,price-only compensation; fees and miner costs held constant,consensus-deterministic
S4,S4,Idealized 113/114 cap-derived geometric schedule,98700000,scheduled subsidy boundary,0.10298442,0.10208104,1.00884964,0.88496355,price-only compensation; fees and miner costs held constant,consensus-deterministic
S4,S4,Idealized 113/114 cap-derived geometric schedule,98910000,scheduled subsidy boundary,0.10208104,0.10118559,1.00884958,0.88495803,price-only compensation; fees and miner costs held constant,consensus-deterministic
S4,S4,Idealized 113/114 cap-derived geometric schedule,99120000,scheduled subsidy boundary,0.10118559,0.10029799,1.00884963,0.88496290,price-only compensation; fees and miner costs held constant,consensus-deterministic
S4,S4,Idealized 113/114 cap-derived geometric schedule,99330000,scheduled subsidy boundary,0.10029799,0.09941818,1.00884959,0.88495887,price-only compensation; fees and miner costs held constant,consensus-deterministic
S4,S4,Idealized 113/114 cap-derived geometric schedule,99540000,scheduled subsidy boundary,0.09941818,0.09854609,1.00884956,0.88495647,price-only compensation; fees and miner costs held constant,consensus-deterministic
S4,S4,Idealized 113/114 cap-derived geometric schedule,99750000,scheduled subsidy boundary,0.09854609,0.09768165,1.00884956,0.88495639,price-only compensation; fees and miner costs held constant,consensus-deterministic
S4,S4,Idealized 113/114 cap-derived geometric schedule,99960000,scheduled subsidy boundary,0.09768165,0.09682479,1.00884959,0.88495932,price-only compensation; fees and miner costs held constant,consensus-deterministic
S4,S4,Idealized 113/114 cap-derived geometric schedule,100170000,scheduled subsidy boundary,0.09682479,0.09597544,1.00884966,0.88496599,price-only compensation; fees and miner costs held constant,consensus-deterministic
S4,S4,Idealized 113/114 cap-derived geometric schedule,100380000,scheduled subsidy boundary,0.09597544,0.09513355,1.00884956,0.88495594,price-only compensation; fees and miner costs held constant,consensus-deterministic
S4,S4,Idealized 113/114 cap-derived geometric schedule,100590000,scheduled subsidy boundary,0.09513355,0.09429904,1.00884961,0.88496129,price-only compensation; fees and miner costs held constant,consensus-deterministic
S4,S4,Idealized 113/114 cap-derived geometric schedule,100800000,scheduled subsidy boundary,0.09429904,0.09347185,1.00884962,0.88496162,price-only compensation; fees and miner costs held constant,consensus-deterministic
S4,S4,Idealized 113/114 cap-derived geometric schedule,101010000,scheduled subsidy boundary,0.09347185,0.09265192,1.00884957,0.88495738,price-only compensation; fees and miner costs held constant,consensus-deterministic
S4,S4,Idealized 113/114 cap-derived geometric schedule,101220000,scheduled subsidy boundary,0.09265192,0.09183918,1.00884960,0.88495999,price-only compensation; fees and miner costs held constant,consensus-deterministic
S4,S4,Idealized 113/114 cap-derived geometric schedule,101430000,scheduled subsidy boundary,0.09183918,0.09103357,1.00884959,0.88495925,price-only compensation; fees and miner costs held constant,consensus-deterministic
S4,S4,Idealized 113/114 cap-derived geometric schedule,101640000,scheduled subsidy boundary,0.09103357,0.09023502,1.00884967,0.88496683,price-only compensation; fees and miner costs held constant,consensus-deterministic
S4,S4,Idealized 113/114 cap-derived geometric schedule,101850000,scheduled subsidy boundary,0.09023502,0.08944348,1.00884961,0.88496109,price-only compensation; fees and miner costs held constant,consensus-deterministic
S4,S4,Idealized 113/114 cap-derived geometric schedule,102060000,scheduled subsidy boundary,0.08944348,0.08865888,1.00884965,0.88496494,price-only compensation; fees and miner costs held constant,consensus-deterministic
S4,S4,Idealized 113/114 cap-derived geometric schedule,102270000,scheduled subsidy boundary,0.08865888,0.08788117,1.00884956,0.88495636,price-only compensation; fees and miner costs held constant,consensus-deterministic
S4,S4,Idealized 113/114 cap-derived geometric schedule,102480000,scheduled subsidy boundary,0.08788117,0.08711028,1.00884959,0.88495870,price-only compensation; fees and miner costs held constant,consensus-deterministic
S4,S4,Idealized 113/114 cap-derived geometric schedule,102690000,scheduled subsidy boundary,0.08711028,0.08634615,1.00884961,0.88496129,price-only compensation; fees and miner costs held constant,consensus-deterministic
S4,S4,Idealized 113/114 cap-derived geometric schedule,102900000,scheduled subsidy boundary,0.08634615,0.08558872,1.00884965,0.88496475,price-only compensation; fees and miner costs held constant,consensus-deterministic
S4,S4,Idealized 113/114 cap-derived geometric schedule,103110000,scheduled subsidy boundary,0.08558872,0.08483794,1.00884958,0.88495784,price-only compensation; fees and miner costs held constant,consensus-deterministic
S4,S4,Idealized 113/114 cap-derived geometric schedule,103320000,scheduled subsidy boundary,0.08483794,0.08409374,1.00884965,0.88496480,price-only compensation; fees and miner costs held constant,consensus-deterministic
S4,S4,Idealized 113/114 cap-derived geometric schedule,103530000,scheduled subsidy boundary,0.08409374,0.08335607,1.00884963,0.88496255,price-only compensation; fees and miner costs held constant,consensus-deterministic
S4,S4,Idealized 113/114 cap-derived geometric schedule,103740000,scheduled subsidy boundary,0.08335607,0.08262487,1.00884964,0.88496357,price-only compensation; fees and miner costs held constant,consensus-deterministic
S4,S4,Idealized 113/114 cap-derived geometric schedule,103950000,scheduled subsidy boundary,0.08262487,0.08190009,1.00884956,0.88495629,price-only compensation; fees and miner costs held constant,consensus-deterministic
S4,S4,Idealized 113/114 cap-derived geometric schedule,104160000,scheduled subsidy boundary,0.08190009,0.08118166,1.00884966,0.88496589,price-only compensation; fees and miner costs held constant,consensus-deterministic
S4,S4,Idealized 113/114 cap-derived geometric schedule,104370000,scheduled subsidy boundary,0.08118166,0.08046954,1.00884956,0.88495597,price-only compensation; fees and miner costs held constant,consensus-deterministic
S4,S4,Idealized 113/114 cap-derived geometric schedule,104580000,scheduled subsidy boundary,0.08046954,0.07976366,1.00884964,0.88496441,price-only compensation; fees and miner costs held constant,consensus-deterministic
S4,S4,Idealized 113/114 cap-derived geometric schedule,104790000,scheduled subsidy boundary,0.07976366,0.07906397,1.00884967,0.88496695,price-only compensation; fees and miner costs held constant,consensus-deterministic
S4,S4,Idealized 113/114 cap-derived geometric schedule,105000000,scheduled subsidy boundary,0.07906397,0.07837042,1.00884964,0.88496400,price-only compensation; fees and miner costs held constant,consensus-deterministic
S4,S4,Idealized 113/114 cap-derived geometric schedule,105210000,scheduled subsidy boundary,0.07837042,0.07768296,1.00884956,0.88495598,price-only compensation; fees and miner costs held constant,consensus-deterministic
S4,S4,Idealized 113/114 cap-derived geometric schedule,105420000,scheduled subsidy boundary,0.07768296,0.07700153,1.00884956,0.88495644,price-only compensation; fees and miner costs held constant,consensus-deterministic
S4,S4,Idealized 113/114 cap-derived geometric schedule,105630000,scheduled subsidy boundary,0.07700153,0.07632607,1.00884966,0.88496630,price-only compensation; fees and miner costs held constant,consensus-deterministic
S4,S4,Idealized 113/114 cap-derived geometric schedule,105840000,scheduled subsidy boundary,0.07632607,0.07565654,1.00884960,0.88495985,price-only compensation; fees and miner costs held constant,consensus-deterministic
S4,S4,Idealized 113/114 cap-derived geometric schedule,106050000,scheduled subsidy boundary,0.07565654,0.07499288,1.00884964,0.88496401,price-only compensation; fees and miner costs held constant,consensus-deterministic
S4,S4,Idealized 113/114 cap-derived geometric schedule,106260000,scheduled subsidy boundary,0.07499288,0.07433504,1.00884966,0.88496623,price-only compensation; fees and miner costs held constant,consensus-deterministic
S4,S4,Idealized 113/114 cap-derived geometric schedule,106470000,scheduled subsidy boundary,0.07433504,0.07368297,1.00884967,0.88496704,price-only compensation; fees and miner costs held constant,consensus-deterministic
S4,S4,Idealized 113/114 cap-derived geometric schedule,106680000,scheduled subsidy boundary,0.07368297,0.07303662,1.00884967,0.88496702,price-only compensation; fees and miner costs held constant,consensus-deterministic
S4,S4,Idealized 113/114 cap-derived geometric schedule,106890000,scheduled subsidy boundary,0.07303662,0.07239594,1.00884967,0.88496675,price-only compensation; fees and miner costs held constant,consensus-deterministic
S4,S4,Idealized 113/114 cap-derived geometric schedule,107100000,scheduled subsidy boundary,0.07239594,0.07176088,1.00884967,0.88496685,price-only compensation; fees and miner costs held constant,consensus-deterministic
S4,S4,Idealized 113/114 cap-derived geometric schedule,107310000,scheduled subsidy boundary,0.07176088,0.07113139,1.00884968,0.88496794,price-only compensation; fees and miner costs held constant,consensus-deterministic
S4,S4,Idealized 113/114 cap-derived geometric schedule,107520000,scheduled subsidy boundary,0.07113139,0.07050743,1.00884956,0.88495638,price-only compensation; fees and miner costs held constant,consensus-deterministic
S4,S4,Idealized 113/114 cap-derived geometric schedule,107730000,scheduled subsidy boundary,0.07050743,0.06988894,1.00884961,0.88496120,price-only compensation; fees and miner costs held constant,consensus-deterministic
S4,S4,Idealized 113/114 cap-derived geometric schedule,107940000,scheduled subsidy boundary,0.06988894,0.06927587,1.00884969,0.88496904,price-only compensation; fees and miner costs held constant,consensus-deterministic
S4,S4,Idealized 113/114 cap-derived geometric schedule,108150000,scheduled subsidy boundary,0.06927587,0.06866818,1.00884966,0.88496593,price-only compensation; fees and miner costs held constant,consensus-deterministic
S4,S4,Idealized 113/114 cap-derived geometric schedule,108360000,scheduled subsidy boundary,0.06866818,0.06806582,1.00884967,0.88496693,price-only compensation; fees and miner costs held constant,consensus-deterministic
S4,S4,Idealized 113/114 cap-derived geometric schedule,108570000,scheduled subsidy boundary,0.06806582,0.06746875,1.00884958,0.88495785,price-only compensation; fees and miner costs held constant,consensus-deterministic
S4,S4,Idealized 113/114 cap-derived geometric schedule,108780000,scheduled subsidy boundary,0.06746875,0.06687691,1.00884969,0.88496912,price-only compensation; fees and miner costs held constant,consensus-deterministic
S4,S4,Idealized 113/114 cap-derived geometric schedule,108990000,scheduled subsidy boundary,0.06687691,0.06629027,1.00884956,0.88495642,price-only compensation; fees and miner costs held constant,consensus-deterministic
S4,S4,Idealized 113/114 cap-derived geometric schedule,109200000,scheduled subsidy boundary,0.06629027,0.06570877,1.00884966,0.88496558,price-only compensation; fees and miner costs held constant,consensus-deterministic
S4,S4,Idealized 113/114 cap-derived geometric schedule,109410000,scheduled subsidy boundary,0.06570877,0.06513237,1.00884967,0.88496703,price-only compensation; fees and miner costs held constant,consensus-deterministic
S4,S4,Idealized 113/114 cap-derived geometric schedule,109620000,scheduled subsidy boundary,0.06513237,0.06456103,1.00884961,0.88496110,price-only compensation; fees and miner costs held constant,consensus-deterministic
S4,S4,Idealized 113/114 cap-derived geometric schedule,109830000,scheduled subsidy boundary,0.06456103,0.06399470,1.00884964,0.88496391,price-only compensation; fees and miner costs held constant,consensus-deterministic
S4,S4,Idealized 113/114 cap-derived geometric schedule,110040000,scheduled subsidy boundary,0.06399470,0.06343334,1.00884960,0.88496050,price-only compensation; fees and miner costs held constant,consensus-deterministic
S4,S4,Idealized 113/114 cap-derived geometric schedule,110250000,scheduled subsidy boundary,0.06343334,0.06287690,1.00884967,0.88496729,price-only compensation; fees and miner costs held constant,consensus-deterministic
S4,S4,Idealized 113/114 cap-derived geometric schedule,110460000,scheduled subsidy boundary,0.06287690,0.06232534,1.00884969,0.88496910,price-only compensation; fees and miner costs held constant,consensus-deterministic
S4,S4,Idealized 113/114 cap-derived geometric schedule,110670000,scheduled subsidy boundary,0.06232534,0.06177862,1.00884966,0.88496635,price-only compensation; fees and miner costs held constant,consensus-deterministic
S4,S4,Idealized 113/114 cap-derived geometric schedule,110880000,scheduled subsidy boundary,0.06177862,0.06123670,1.00884960,0.88495951,price-only compensation; fees and miner costs held constant,consensus-deterministic
S4,S4,Idealized 113/114 cap-derived geometric schedule,111090000,scheduled subsidy boundary,0.06123670,0.06069953,1.00884966,0.88496567,price-only compensation; fees and miner costs held constant,consensus-deterministic
S4,S4,Idealized 113/114 cap-derived geometric schedule,111300000,scheduled subsidy boundary,0.06069953,0.06016707,1.00884969,0.88496914,price-only compensation; fees and miner costs held constant,consensus-deterministic
S4,S4,Idealized 113/114 cap-derived geometric schedule,111510000,scheduled subsidy boundary,0.06016707,0.05963928,1.00884970,0.88497044,price-only compensation; fees and miner costs held constant,consensus-deterministic
S4,S4,Idealized 113/114 cap-derived geometric schedule,111720000,scheduled subsidy boundary,0.05963928,0.05911612,1.00884970,0.88497012,price-only compensation; fees and miner costs held constant,consensus-deterministic
S4,S4,Idealized 113/114 cap-derived geometric schedule,111930000,scheduled subsidy boundary,0.05911612,0.05859755,1.00884969,0.88496874,price-only compensation; fees and miner costs held constant,consensus-deterministic
S4,S4,Idealized 113/114 cap-derived geometric schedule,112140000,scheduled subsidy boundary,0.05859755,0.05808353,1.00884967,0.88496687,price-only compensation; fees and miner costs held constant,consensus-deterministic
S4,S4,Idealized 113/114 cap-derived geometric schedule,112350000,scheduled subsidy boundary,0.05808353,0.05757402,1.00884965,0.88496513,price-only compensation; fees and miner costs held constant,consensus-deterministic
S4,S4,Idealized 113/114 cap-derived geometric schedule,112560000,scheduled subsidy boundary,0.05757402,0.05706898,1.00884964,0.88496413,price-only compensation; fees and miner costs held constant,consensus-deterministic
S4,S4,Idealized 113/114 cap-derived geometric schedule,112770000,scheduled subsidy boundary,0.05706898,0.05656837,1.00884965,0.88496451,price-only compensation; fees and miner costs held constant,consensus-deterministic
S4,S4,Idealized 113/114 cap-derived geometric schedule,112980000,scheduled subsidy boundary,0.05656837,0.05607215,1.00884967,0.88496696,price-only compensation; fees and miner costs held constant,consensus-deterministic
S4,S4,Idealized 113/114 cap-derived geometric schedule,113190000,scheduled subsidy boundary,0.05607215,0.05558028,1.00884972,0.88497215,price-only compensation; fees and miner costs held constant,consensus-deterministic
S4,S4,Idealized 113/114 cap-derived geometric schedule,113400000,scheduled subsidy boundary,0.05558028,0.05509273,1.00884962,0.88496250,price-only compensation; fees and miner costs held constant,consensus-deterministic
S4,S4,Idealized 113/114 cap-derived geometric schedule,113610000,scheduled subsidy boundary,0.05509273,0.05460946,1.00884957,0.88495656,price-only compensation; fees and miner costs held constant,consensus-deterministic
S4,S4,Idealized 113/114 cap-derived geometric schedule,113820000,scheduled subsidy boundary,0.05460946,0.05413042,1.00884974,0.88497374,price-only compensation; fees and miner costs held constant,consensus-deterministic
S4,S4,Idealized 113/114 cap-derived geometric schedule,114030000,scheduled subsidy boundary,0.05413042,0.05365559,1.00884959,0.88495905,price-only compensation; fees and miner costs held constant,consensus-deterministic
S4,S4,Idealized 113/114 cap-derived geometric schedule,114240000,scheduled subsidy boundary,0.05365559,0.05318492,1.00884969,0.88496890,price-only compensation; fees and miner costs held constant,consensus-deterministic
S4,S4,Idealized 113/114 cap-derived geometric schedule,114450000,scheduled subsidy boundary,0.05318492,0.05271838,1.00884966,0.88496650,price-only compensation; fees and miner costs held constant,consensus-deterministic
S4,S4,Idealized 113/114 cap-derived geometric schedule,114660000,scheduled subsidy boundary,0.05271838,0.05225593,1.00884971,0.88497133,price-only compensation; fees and miner costs held constant,consensus-deterministic
S4,S4,Idealized 113/114 cap-derived geometric schedule,114870000,scheduled subsidy boundary,0.05225593,0.05179754,1.00884965,0.88496481,price-only compensation; fees and miner costs held constant,consensus-deterministic
S4,S4,Idealized 113/114 cap-derived geometric schedule,115080000,scheduled subsidy boundary,0.05179754,0.05134317,1.00884967,0.88496678,price-only compensation; fees and miner costs held constant,consensus-deterministic
S4,S4,Idealized 113/114 cap-derived geometric schedule,115290000,scheduled subsidy boundary,0.05134317,0.05089279,1.00884958,0.88495836,price-only compensation; fees and miner costs held constant,consensus-deterministic
S4,S4,Idealized 113/114 cap-derived geometric schedule,115500000,scheduled subsidy boundary,0.05089279,0.05044636,1.00884960,0.88495979,price-only compensation; fees and miner costs held constant,consensus-deterministic
S4,S4,Idealized 113/114 cap-derived geometric schedule,115710000,scheduled subsidy boundary,0.05044636,0.05000384,1.00884972,0.88497203,price-only compensation; fees and miner costs held constant,consensus-deterministic
S4,S4,Idealized 113/114 cap-derived geometric schedule,115920000,scheduled subsidy boundary,0.05000384,0.04956520,1.00884976,0.88497575,price-only compensation; fees and miner costs held constant,consensus-deterministic
S4,S4,Idealized 113/114 cap-derived geometric schedule,116130000,scheduled subsidy boundary,0.04956520,0.04913041,1.00884971,0.88497124,price-only compensation; fees and miner costs held constant,consensus-deterministic
S4,S4,Idealized 113/114 cap-derived geometric schedule,116340000,scheduled subsidy boundary,0.04913041,0.04869944,1.00884959,0.88495884,price-only compensation; fees and miner costs held constant,consensus-deterministic
S4,S4,Idealized 113/114 cap-derived geometric schedule,116550000,scheduled subsidy boundary,0.04869944,0.04827225,1.00884960,0.88495979,price-only compensation; fees and miner costs held constant,consensus-deterministic
S4,S4,Idealized 113/114 cap-derived geometric schedule,116760000,scheduled subsidy boundary,0.04827225,0.04784880,1.00884975,0.88497517,price-only compensation; fees and miner costs held constant,consensus-deterministic
S4,S4,Idealized 113/114 cap-derived geometric schedule,116970000,scheduled subsidy boundary,0.04784880,0.04742907,1.00884964,0.88496359,price-only compensation; fees and miner costs held constant,consensus-deterministic
S4,S4,Idealized 113/114 cap-derived geometric schedule,117180000,scheduled subsidy boundary,0.04742907,0.04701302,1.00884968,0.88496761,price-only compensation; fees and miner costs held constant,consensus-deterministic
S4,S4,Idealized 113/114 cap-derived geometric schedule,117390000,scheduled subsidy boundary,0.04701302,0.04660062,1.00884967,0.88496677,price-only compensation; fees and miner costs held constant,consensus-deterministic
S4,S4,Idealized 113/114 cap-derived geometric schedule,117600000,scheduled subsidy boundary,0.04660062,0.04619184,1.00884961,0.88496150,price-only compensation; fees and miner costs held constant,consensus-deterministic
S4,S4,Idealized 113/114 cap-derived geometric schedule,117810000,scheduled subsidy boundary,0.04619184,0.04578664,1.00884974,0.88497431,price-only compensation; fees and miner costs held constant,consensus-deterministic
S4,S4,Idealized 113/114 cap-derived geometric schedule,118020000,scheduled subsidy boundary,0.04578664,0.04538500,1.00884962,0.88496199,price-only compensation; fees and miner costs held constant,consensus-deterministic
S4,S4,Idealized 113/114 cap-derived geometric schedule,118230000,scheduled subsidy boundary,0.04538500,0.04498688,1.00884969,0.88496913,price-only compensation; fees and miner costs held constant,consensus-deterministic
S4,S4,Idealized 113/114 cap-derived geometric schedule,118440000,scheduled subsidy boundary,0.04498688,0.04459225,1.00884974,0.88497441,price-only compensation; fees and miner costs held constant,consensus-deterministic
S4,S4,Idealized 113/114 cap-derived geometric schedule,118650000,scheduled subsidy boundary,0.04459225,0.04420108,1.00884978,0.88497838,price-only compensation; fees and miner costs held constant,consensus-deterministic
S4,S4,Idealized 113/114 cap-derived geometric schedule,118860000,scheduled subsidy boundary,0.04420108,0.04381335,1.00884959,0.88495858,price-only compensation; fees and miner costs held constant,consensus-deterministic
S4,S4,Idealized 113/114 cap-derived geometric schedule,119070000,scheduled subsidy boundary,0.04381335,0.04342902,1.00884961,0.88496125,price-only compensation; fees and miner costs held constant,consensus-deterministic
S4,S4,Idealized 113/114 cap-derived geometric schedule,119280000,scheduled subsidy boundary,0.04342902,0.04304806,1.00884964,0.88496439,price-only compensation; fees and miner costs held constant,consensus-deterministic
S4,S4,Idealized 113/114 cap-derived geometric schedule,119490000,scheduled subsidy boundary,0.04304806,0.04267044,1.00884969,0.88496861,price-only compensation; fees and miner costs held constant,consensus-deterministic
S4,S4,Idealized 113/114 cap-derived geometric schedule,119700000,scheduled subsidy boundary,0.04267044,0.04229613,1.00884975,0.88497458,price-only compensation; fees and miner costs held constant,consensus-deterministic
S4,S4,Idealized 113/114 cap-derived geometric schedule,119910000,scheduled subsidy boundary,0.04229613,0.04192511,1.00884959,0.88495892,price-only compensation; fees and miner costs held constant,consensus-deterministic
S4,S4,Idealized 113/114 cap-derived geometric schedule,120120000,scheduled subsidy boundary,0.04192511,0.04155734,1.00884970,0.88497002,price-only compensation; fees and miner costs held constant,consensus-deterministic
S4,S4,Idealized 113/114 cap-derived geometric schedule,120330000,scheduled subsidy boundary,0.04155734,0.04119280,1.00884960,0.88496048,price-only compensation; fees and miner costs held constant,consensus-deterministic
S4,S4,Idealized 113/114 cap-derived geometric schedule,120540000,scheduled subsidy boundary,0.04119280,0.04083145,1.00884980,0.88497959,price-only compensation; fees and miner costs held constant,consensus-deterministic
S4,S4,Idealized 113/114 cap-derived geometric schedule,120750000,scheduled subsidy boundary,0.04083145,0.04047327,1.00884979,0.88497915,price-only compensation; fees and miner costs held constant,consensus-deterministic
S4,S4,Idealized 113/114 cap-derived geometric schedule,120960000,scheduled subsidy boundary,0.04047327,0.04011824,1.00884959,0.88495906,price-only compensation; fees and miner costs held constant,consensus-deterministic
S4,S4,Idealized 113/114 cap-derived geometric schedule,121170000,scheduled subsidy boundary,0.04011824,0.03976632,1.00884970,0.88496999,price-only compensation; fees and miner costs held constant,consensus-deterministic
S4,S4,Idealized 113/114 cap-derived geometric schedule,121380000,scheduled subsidy boundary,0.03976632,0.03941749,1.00884962,0.88496249,price-only compensation; fees and miner costs held constant,consensus-deterministic
S4,S4,Idealized 113/114 cap-derived geometric schedule,121590000,scheduled subsidy boundary,0.03941749,0.03907172,1.00884962,0.88496232,price-only compensation; fees and miner costs held constant,consensus-deterministic
S4,S4,Idealized 113/114 cap-derived geometric schedule,121800000,scheduled subsidy boundary,0.03907172,0.03872898,1.00884970,0.88497038,price-only compensation; fees and miner costs held constant,consensus-deterministic
S4,S4,Idealized 113/114 cap-derived geometric schedule,122010000,scheduled subsidy boundary,0.03872898,0.03838925,1.00884961,0.88496128,price-only compensation; fees and miner costs held constant,consensus-deterministic
S4,S4,Idealized 113/114 cap-derived geometric schedule,122220000,scheduled subsidy boundary,0.03838925,0.03805250,1.00884962,0.88496157,price-only compensation; fees and miner costs held constant,consensus-deterministic
S4,S4,Idealized 113/114 cap-derived geometric schedule,122430000,scheduled subsidy boundary,0.03805250,0.03771870,1.00884972,0.88497218,price-only compensation; fees and miner costs held constant,consensus-deterministic
S4,S4,Idealized 113/114 cap-derived geometric schedule,122640000,scheduled subsidy boundary,0.03771870,0.03738783,1.00884967,0.88496711,price-only compensation; fees and miner costs held constant,consensus-deterministic
S4,S4,Idealized 113/114 cap-derived geometric schedule,122850000,scheduled subsidy boundary,0.03738783,0.03705986,1.00884974,0.88497366,price-only compensation; fees and miner costs held constant,consensus-deterministic
S4,S4,Idealized 113/114 cap-derived geometric schedule,123060000,scheduled subsidy boundary,0.03705986,0.03673477,1.00884965,0.88496539,price-only compensation; fees and miner costs held constant,consensus-deterministic
S4,S4,Idealized 113/114 cap-derived geometric schedule,123270000,scheduled subsidy boundary,0.03673477,0.03641253,1.00884970,0.88497009,price-only compensation; fees and miner costs held constant,consensus-deterministic
S4,S4,Idealized 113/114 cap-derived geometric schedule,123480000,scheduled subsidy boundary,0.03641253,0.03609312,1.00884961,0.88496090,price-only compensation; fees and miner costs held constant,consensus-deterministic
S4,S4,Idealized 113/114 cap-derived geometric schedule,123690000,scheduled subsidy boundary,0.03609312,0.03577651,1.00884966,0.88496614,price-only compensation; fees and miner costs held constant,consensus-deterministic
S4,S4,Idealized 113/114 cap-derived geometric schedule,123900000,scheduled subsidy boundary,0.03577651,0.03546268,1.00884958,0.88495850,price-only compensation; fees and miner costs held constant,consensus-deterministic
S4,S4,Idealized 113/114 cap-derived geometric schedule,124110000,scheduled subsidy boundary,0.03546268,0.03515160,1.00884967,0.88496683,price-only compensation; fees and miner costs held constant,consensus-deterministic
S4,S4,Idealized 113/114 cap-derived geometric schedule,124320000,scheduled subsidy boundary,0.03515160,0.03484325,1.00884963,0.88496337,price-only compensation; fees and miner costs held constant,consensus-deterministic
S4,S4,Idealized 113/114 cap-derived geometric schedule,124530000,scheduled subsidy boundary,0.03484325,0.03453760,1.00884978,0.88497753,price-only compensation; fees and miner costs held constant,consensus-deterministic
S4,S4,Idealized 113/114 cap-derived geometric schedule,124740000,scheduled subsidy boundary,0.03453760,0.03423463,1.00884981,0.88498108,price-only compensation; fees and miner costs held constant,consensus-deterministic
S4,S4,Idealized 113/114 cap-derived geometric schedule,124950000,scheduled subsidy boundary,0.03423463,0.03393432,1.00884974,0.88497427,price-only compensation; fees and miner costs held constant,consensus-deterministic
S4,S4,Idealized 113/114 cap-derived geometric schedule,125160000,scheduled subsidy boundary,0.03393432,0.03363665,1.00884957,0.88495733,price-only compensation; fees and miner costs held constant,consensus-deterministic
S4,S4,Idealized 113/114 cap-derived geometric schedule,125370000,scheduled subsidy boundary,0.03363665,0.03334159,1.00884961,0.88496080,price-only compensation; fees and miner costs held constant,consensus-deterministic
S4,S4,Idealized 113/114 cap-derived geometric schedule,125580000,scheduled subsidy boundary,0.03334159,0.03304911,1.00884986,0.88498601,price-only compensation; fees and miner costs held constant,consensus-deterministic
S4,S4,Idealized 113/114 cap-derived geometric schedule,125790000,scheduled subsidy boundary,0.03304911,0.03275920,1.00884973,0.88497277,price-only compensation; fees and miner costs held constant,consensus-deterministic
S4,S4,Idealized 113/114 cap-derived geometric schedule,126000000,scheduled subsidy boundary,0.03275920,0.03247183,1.00884982,0.88498246,price-only compensation; fees and miner costs held constant,consensus-deterministic
S4,S4,Idealized 113/114 cap-derived geometric schedule,126210000,scheduled subsidy boundary,0.03247183,0.03218698,1.00884985,0.88498517,price-only compensation; fees and miner costs held constant,consensus-deterministic
S4,S4,Idealized 113/114 cap-derived geometric schedule,126420000,scheduled subsidy boundary,0.03218698,0.03190463,1.00884981,0.88498127,price-only compensation; fees and miner costs held constant,consensus-deterministic
S4,S4,Idealized 113/114 cap-derived geometric schedule,126630000,scheduled subsidy boundary,0.03190463,0.03162476,1.00884971,0.88497114,price-only compensation; fees and miner costs held constant,consensus-deterministic
S4,S4,Idealized 113/114 cap-derived geometric schedule,126840000,scheduled subsidy boundary,0.03162476,0.03134734,1.00884987,0.88498737,price-only compensation; fees and miner costs held constant,consensus-deterministic
S4,S4,Idealized 113/114 cap-derived geometric schedule,127050000,scheduled subsidy boundary,0.03134734,0.03107236,1.00884967,0.88496657,price-only compensation; fees and miner costs held constant,consensus-deterministic
S4,S4,Idealized 113/114 cap-derived geometric schedule,127260000,scheduled subsidy boundary,0.03107236,0.03079979,1.00884974,0.88497357,price-only compensation; fees and miner costs held constant,consensus-deterministic
S4,S4,Idealized 113/114 cap-derived geometric schedule,127470000,scheduled subsidy boundary,0.03079979,0.03052961,1.00884977,0.88497691,price-only compensation; fees and miner costs held constant,consensus-deterministic
S4,S4,Idealized 113/114 cap-derived geometric schedule,127680000,scheduled subsidy boundary,0.03052961,0.03026180,1.00884977,0.88497710,price-only compensation; fees and miner costs held constant,consensus-deterministic
S4,S4,Idealized 113/114 cap-derived geometric schedule,127890000,scheduled subsidy boundary,0.03026180,0.02999634,1.00884975,0.88497463,price-only compensation; fees and miner costs held constant,consensus-deterministic
S4,S4,Idealized 113/114 cap-derived geometric schedule,128100000,scheduled subsidy boundary,0.02999634,0.02973321,1.00884970,0.88497004,price-only compensation; fees and miner costs held constant,consensus-deterministic
S4,S4,Idealized 113/114 cap-derived geometric schedule,128310000,scheduled subsidy boundary,0.02973321,0.02947239,1.00884964,0.88496386,price-only compensation; fees and miner costs held constant,consensus-deterministic
S4,S4,Idealized 113/114 cap-derived geometric schedule,128520000,scheduled subsidy boundary,0.02947239,0.02921386,1.00884957,0.88495666,price-only compensation; fees and miner costs held constant,consensus-deterministic
S4,S4,Idealized 113/114 cap-derived geometric schedule,128730000,scheduled subsidy boundary,0.02921386,0.02895759,1.00884984,0.88498387,price-only compensation; fees and miner costs held constant,consensus-deterministic
S4,S4,Idealized 113/114 cap-derived geometric schedule,128940000,scheduled subsidy boundary,0.02895759,0.02870357,1.00884977,0.88497703,price-only compensation; fees and miner costs held constant,consensus-deterministic
S4,S4,Idealized 113/114 cap-derived geometric schedule,129150000,scheduled subsidy boundary,0.02870357,0.02845178,1.00884971,0.88497099,price-only compensation; fees and miner costs held constant,consensus-deterministic
S4,S4,Idealized 113/114 cap-derived geometric schedule,129360000,scheduled subsidy boundary,0.02845178,0.02820220,1.00884966,0.88496642,price-only compensation; fees and miner costs held constant,consensus-deterministic
S4,S4,Idealized 113/114 cap-derived geometric schedule,129570000,scheduled subsidy boundary,0.02820220,0.02795481,1.00884964,0.88496398,price-only compensation; fees and miner costs held constant,consensus-deterministic
S4,S4,Idealized 113/114 cap-derived geometric schedule,129780000,scheduled subsidy boundary,0.02795481,0.02770959,1.00884964,0.88496438,price-only compensation; fees and miner costs held constant,consensus-deterministic
S4,S4,Idealized 113/114 cap-derived geometric schedule,129990000,scheduled subsidy boundary,0.02770959,0.02746652,1.00884968,0.88496832,price-only compensation; fees and miner costs held constant,consensus-deterministic
S4,S4,Idealized 113/114 cap-derived geometric schedule,130200000,scheduled subsidy boundary,0.02746652,0.02722558,1.00884977,0.88497656,price-only compensation; fees and miner costs held constant,consensus-deterministic
S4,S4,Idealized 113/114 cap-derived geometric schedule,130410000,scheduled subsidy boundary,0.02722558,0.02698675,1.00884990,0.88498986,price-only compensation; fees and miner costs held constant,consensus-deterministic
S4,S4,Idealized 113/114 cap-derived geometric schedule,130620000,scheduled subsidy boundary,0.02698675,0.02675002,1.00884971,0.88497130,price-only compensation; fees and miner costs held constant,consensus-deterministic
S4,S4,Idealized 113/114 cap-derived geometric schedule,130830000,scheduled subsidy boundary,0.02675002,0.02651537,1.00884958,0.88495842,price-only compensation; fees and miner costs held constant,consensus-deterministic
S4,S4,Idealized 113/114 cap-derived geometric schedule,131040000,scheduled subsidy boundary,0.02651537,0.02628277,1.00884990,0.88499043,price-only compensation; fees and miner costs held constant,consensus-deterministic
S4,S4,Idealized 113/114 cap-derived geometric schedule,131250000,scheduled subsidy boundary,0.02628277,0.02605221,1.00884992,0.88499210,price-only compensation; fees and miner costs held constant,consensus-deterministic
S4,S4,Idealized 113/114 cap-derived geometric schedule,131460000,scheduled subsidy boundary,0.02605221,0.02582368,1.00884963,0.88496295,price-only compensation; fees and miner costs held constant,consensus-deterministic
S4,S4,Idealized 113/114 cap-derived geometric schedule,131670000,scheduled subsidy boundary,0.02582368,0.02559715,1.00884981,0.88498134,price-only compensation; fees and miner costs held constant,consensus-deterministic
S4,S4,Idealized 113/114 cap-derived geometric schedule,131880000,scheduled subsidy boundary,0.02559715,0.02537261,1.00884970,0.88497005,price-only compensation; fees and miner costs held constant,consensus-deterministic
S4,S4,Idealized 113/114 cap-derived geometric schedule,132090000,scheduled subsidy boundary,0.02537261,0.02515004,1.00884969,0.88496877,price-only compensation; fees and miner costs held constant,consensus-deterministic
S4,S4,Idealized 113/114 cap-derived geometric schedule,132300000,scheduled subsidy boundary,0.02515004,0.02492942,1.00884978,0.88497847,price-only compensation; fees and miner costs held constant,consensus-deterministic
S4,S4,Idealized 113/114 cap-derived geometric schedule,132510000,scheduled subsidy boundary,0.02492942,0.02471074,1.00884959,0.88495933,price-only compensation; fees and miner costs held constant,consensus-deterministic
S4,S4,Idealized 113/114 cap-derived geometric schedule,132720000,scheduled subsidy boundary,0.02471074,0.02449397,1.00884993,0.88499333,price-only compensation; fees and miner costs held constant,consensus-deterministic
S4,S4,Idealized 113/114 cap-derived geometric schedule,132930000,scheduled subsidy boundary,0.02449397,0.02427911,1.00884958,0.88495830,price-only compensation; fees and miner costs held constant,consensus-deterministic
S4,S4,Idealized 113/114 cap-derived geometric schedule,133140000,scheduled subsidy boundary,0.02427911,0.02406613,1.00884978,0.88497818,price-only compensation; fees and miner costs held constant,consensus-deterministic
S4,S4,Idealized 113/114 cap-derived geometric schedule,133350000,scheduled subsidy boundary,0.02406613,0.02385502,1.00884971,0.88497096,price-only compensation; fees and miner costs held constant,consensus-deterministic
S4,S4,Idealized 113/114 cap-derived geometric schedule,133560000,scheduled subsidy boundary,0.02385502,0.02364576,1.00884979,0.88497896,price-only compensation; fees and miner costs held constant,consensus-deterministic
S4,S4,Idealized 113/114 cap-derived geometric schedule,133770000,scheduled subsidy boundary,0.02364576,0.02343834,1.00884960,0.88496028,price-only compensation; fees and miner costs held constant,consensus-deterministic
S4,S4,Idealized 113/114 cap-derived geometric schedule,133980000,scheduled subsidy boundary,0.02343834,0.02323274,1.00884958,0.88495804,price-only compensation; fees and miner costs held constant,consensus-deterministic
S4,S4,Idealized 113/114 cap-derived geometric schedule,134190000,scheduled subsidy boundary,0.02323274,0.02302894,1.00884973,0.88497343,price-only compensation; fees and miner costs held constant,consensus-deterministic
S4,S4,Idealized 113/114 cap-derived geometric schedule,134400000,scheduled subsidy boundary,0.02302894,0.02282693,1.00884964,0.88496351,price-only compensation; fees and miner costs held constant,consensus-deterministic
S4,S4,Idealized 113/114 cap-derived geometric schedule,134610000,scheduled subsidy boundary,0.02282693,0.02262669,1.00884973,0.88497257,price-only compensation; fees and miner costs held constant,consensus-deterministic
S4,S4,Idealized 113/114 cap-derived geometric schedule,134820000,scheduled subsidy boundary,0.02262669,0.02242821,1.00884957,0.88495694,price-only compensation; fees and miner costs held constant,consensus-deterministic
S4,S4,Idealized 113/114 cap-derived geometric schedule,135030000,scheduled subsidy boundary,0.02242821,0.02223147,1.00884962,0.88496172,price-only compensation; fees and miner costs held constant,consensus-deterministic
S4,S4,Idealized 113/114 cap-derived geometric schedule,135240000,scheduled subsidy boundary,0.02223147,0.02203645,1.00884988,0.88498828,price-only compensation; fees and miner costs held constant,consensus-deterministic
S4,S4,Idealized 113/114 cap-derived geometric schedule,135450000,scheduled subsidy boundary,0.02203645,0.02184314,1.00884992,0.88499181,price-only compensation; fees and miner costs held constant,consensus-deterministic
S4,S4,Idealized 113/114 cap-derived geometric schedule,135660000,scheduled subsidy boundary,0.02184314,0.02165153,1.00884972,0.88497210,price-only compensation; fees and miner costs held constant,consensus-deterministic
S4,S4,Idealized 113/114 cap-derived geometric schedule,135870000,scheduled subsidy boundary,0.02165153,0.02146160,1.00884976,0.88497596,price-only compensation; fees and miner costs held constant,consensus-deterministic
S4,S4,Idealized 113/114 cap-derived geometric schedule,136080000,scheduled subsidy boundary,0.02146160,0.02127334,1.00884957,0.88495742,price-only compensation; fees and miner costs held constant,consensus-deterministic
S4,S4,Idealized 113/114 cap-derived geometric schedule,136290000,scheduled subsidy boundary,0.02127334,0.02108673,1.00884964,0.88496415,price-only compensation; fees and miner costs held constant,consensus-deterministic
S4,S4,Idealized 113/114 cap-derived geometric schedule,136500000,scheduled subsidy boundary,0.02108673,0.02090175,1.00884998,0.88499767,price-only compensation; fees and miner costs held constant,consensus-deterministic
S4,S4,Idealized 113/114 cap-derived geometric schedule,136710000,scheduled subsidy boundary,0.02090175,0.02071840,1.00884962,0.88496216,price-only compensation; fees and miner costs held constant,consensus-deterministic
S4,S4,Idealized 113/114 cap-derived geometric schedule,136920000,scheduled subsidy boundary,0.02071840,0.02053665,1.00885003,0.88500315,price-only compensation; fees and miner costs held constant,consensus-deterministic
S4,S4,Idealized 113/114 cap-derived geometric schedule,137130000,scheduled subsidy boundary,0.02053665,0.02035650,1.00884975,0.88497532,price-only compensation; fees and miner costs held constant,consensus-deterministic
S4,S4,Idealized 113/114 cap-derived geometric schedule,137340000,scheduled subsidy boundary,0.02035650,0.02017793,1.00884977,0.88497680,price-only compensation; fees and miner costs held constant,consensus-deterministic
S4,S4,Idealized 113/114 cap-derived geometric schedule,137550000,scheduled subsidy boundary,0.02017793,0.02000093,1.00884959,0.88495885,price-only compensation; fees and miner costs held constant,consensus-deterministic
S4,S4,Idealized 113/114 cap-derived geometric schedule,137760000,scheduled subsidy boundary,0.02000093,0.01982548,1.00884972,0.88497227,price-only compensation; fees and miner costs held constant,consensus-deterministic
S4,S4,Idealized 113/114 cap-derived geometric schedule,137970000,scheduled subsidy boundary,0.01982548,0.01965157,1.00884967,0.88496746,price-only compensation; fees and miner costs held constant,consensus-deterministic
S4,S4,Idealized 113/114 cap-derived geometric schedule,138180000,scheduled subsidy boundary,0.01965157,0.01947918,1.00884996,0.88499619,price-only compensation; fees and miner costs held constant,consensus-deterministic
S4,S4,Idealized 113/114 cap-derived geometric schedule,138390000,scheduled subsidy boundary,0.01947918,0.01930831,1.00884956,0.88495575,price-only compensation; fees and miner costs held constant,consensus-deterministic
S4,S4,Idealized 113/114 cap-derived geometric schedule,138600000,scheduled subsidy boundary,0.01930831,0.01913893,1.00885002,0.88500245,price-only compensation; fees and miner costs held constant,consensus-deterministic
S4,S4,Idealized 113/114 cap-derived geometric schedule,138810000,scheduled subsidy boundary,0.01913893,0.01897104,1.00884980,0.88498048,price-only compensation; fees and miner costs held constant,consensus-deterministic
S4,S4,Idealized 113/114 cap-derived geometric schedule,139020000,scheduled subsidy boundary,0.01897104,0.01880462,1.00884995,0.88499528,price-only compensation; fees and miner costs held constant,consensus-deterministic
S4,S4,Idealized 113/114 cap-derived geometric schedule,139230000,scheduled subsidy boundary,0.01880462,0.01863966,1.00884995,0.88499468,price-only compensation; fees and miner costs held constant,consensus-deterministic
S4,S4,Idealized 113/114 cap-derived geometric schedule,139440000,scheduled subsidy boundary,0.01863966,0.01847615,1.00884979,0.88497874,price-only compensation; fees and miner costs held constant,consensus-deterministic
S4,S4,Idealized 113/114 cap-derived geometric schedule,139650000,scheduled subsidy boundary,0.01847615,0.01831407,1.00885003,0.88500262,price-only compensation; fees and miner costs held constant,consensus-deterministic
S4,S4,Idealized 113/114 cap-derived geometric schedule,139860000,scheduled subsidy boundary,0.01831407,0.01815342,1.00884957,0.88495721,price-only compensation; fees and miner costs held constant,consensus-deterministic
S4,S4,Idealized 113/114 cap-derived geometric schedule,140070000,scheduled subsidy boundary,0.01815342,0.01799417,1.00885009,0.88500887,price-only compensation; fees and miner costs held constant,consensus-deterministic
S4,S4,Idealized 113/114 cap-derived geometric schedule,140280000,scheduled subsidy boundary,0.01799417,0.01783632,1.00884992,0.88499197,price-only compensation; fees and miner costs held constant,consensus-deterministic
S4,S4,Idealized 113/114 cap-derived geometric schedule,140490000,scheduled subsidy boundary,0.01783632,0.01767986,1.00884962,0.88496176,price-only compensation; fees and miner costs held constant,consensus-deterministic
S4,S4,Idealized 113/114 cap-derived geometric schedule,140700000,scheduled subsidy boundary,0.01767986,0.01752477,1.00884976,0.88497595,price-only compensation; fees and miner costs held constant,consensus-deterministic
S4,S4,Idealized 113/114 cap-derived geometric schedule,140910000,scheduled subsidy boundary,0.01752477,0.01737104,1.00884979,0.88497868,price-only compensation; fees and miner costs held constant,consensus-deterministic
S4,S4,Idealized 113/114 cap-derived geometric schedule,141120000,scheduled subsidy boundary,0.01737104,0.01721866,1.00884970,0.88497014,price-only compensation; fees and miner costs held constant,consensus-deterministic
S4,S4,Idealized 113/114 cap-derived geometric schedule,141330000,scheduled subsidy boundary,0.01721866,0.01706761,1.00885010,0.88500968,price-only compensation; fees and miner costs held constant,consensus-deterministic
S4,S4,Idealized 113/114 cap-derived geometric schedule,141540000,scheduled subsidy boundary,0.01706761,0.01691789,1.00884980,0.88498034,price-only compensation; fees and miner costs held constant,consensus-deterministic
S4,S4,Idealized 113/114 cap-derived geometric schedule,141750000,scheduled subsidy boundary,0.01691789,0.01676948,1.00885001,0.88500061,price-only compensation; fees and miner costs held constant,consensus-deterministic
S4,S4,Idealized 113/114 cap-derived geometric schedule,141960000,scheduled subsidy boundary,0.01676948,0.01662237,1.00885012,0.88501219,price-only compensation; fees and miner costs held constant,consensus-deterministic
S4,S4,Idealized 113/114 cap-derived geometric schedule,142170000,scheduled subsidy boundary,0.01662237,0.01647655,1.00885015,0.88501537,price-only compensation; fees and miner costs held constant,consensus-deterministic
S4,S4,Idealized 113/114 cap-derived geometric schedule,142380000,scheduled subsidy boundary,0.01647655,0.01633201,1.00885010,0.88501048,price-only compensation; fees and miner costs held constant,consensus-deterministic
S4,S4,Idealized 113/114 cap-derived geometric schedule,142590000,scheduled subsidy boundary,0.01633201,0.01618874,1.00884998,0.88499784,price-only compensation; fees and miner costs held constant,consensus-deterministic
S4,S4,Idealized 113/114 cap-derived geometric schedule,142800000,scheduled subsidy boundary,0.01618874,0.01604673,1.00884978,0.88497781,price-only compensation; fees and miner costs held constant,consensus-deterministic
S4,S4,Idealized 113/114 cap-derived geometric schedule,143010000,scheduled subsidy boundary,0.01604673,0.01590596,1.00885014,0.88501417,price-only compensation; fees and miner costs held constant,consensus-deterministic
S4,S4,Idealized 113/114 cap-derived geometric schedule,143220000,scheduled subsidy boundary,0.01590596,0.01576643,1.00884982,0.88498157,price-only compensation; fees and miner costs held constant,consensus-deterministic
S4,S4,Idealized 113/114 cap-derived geometric schedule,143430000,scheduled subsidy boundary,0.01576643,0.01562812,1.00885007,0.88500728,price-only compensation; fees and miner costs held constant,consensus-deterministic
S4,S4,Idealized 113/114 cap-derived geometric schedule,143640000,scheduled subsidy boundary,0.01562812,0.01549103,1.00884964,0.88496375,price-only compensation; fees and miner costs held constant,consensus-deterministic
S4,S4,Idealized 113/114 cap-derived geometric schedule,143850000,scheduled subsidy boundary,0.01549103,0.01535514,1.00884981,0.88498053,price-only compensation; fees and miner costs held constant,consensus-deterministic
S4,S4,Idealized 113/114 cap-derived geometric schedule,144060000,scheduled subsidy boundary,0.01535514,0.01522044,1.00884994,0.88499413,price-only compensation; fees and miner costs held constant,consensus-deterministic
S4,S4,Idealized 113/114 cap-derived geometric schedule,144270000,scheduled subsidy boundary,0.01522044,0.01508692,1.00885005,0.88500502,price-only compensation; fees and miner costs held constant,consensus-deterministic
S4,S4,Idealized 113/114 cap-derived geometric schedule,144480000,scheduled subsidy boundary,0.01508692,0.01495457,1.00885014,0.88501374,price-only compensation; fees and miner costs held constant,consensus-deterministic
S4,S4,Idealized 113/114 cap-derived geometric schedule,144690000,scheduled subsidy boundary,0.01495457,0.01482338,1.00885021,0.88502083,price-only compensation; fees and miner costs held constant,consensus-deterministic
S4,S4,Idealized 113/114 cap-derived geometric schedule,144900000,scheduled subsidy boundary,0.01482338,0.01469335,1.00884958,0.88495816,price-only compensation; fees and miner costs held constant,consensus-deterministic
S4,S4,Idealized 113/114 cap-derived geometric schedule,145110000,scheduled subsidy boundary,0.01469335,0.01456446,1.00884962,0.88496244,price-only compensation; fees and miner costs held constant,consensus-deterministic
S4,S4,Idealized 113/114 cap-derived geometric schedule,145320000,scheduled subsidy boundary,0.01456446,0.01443670,1.00884967,0.88496679,price-only compensation; fees and miner costs held constant,consensus-deterministic
S4,S4,Idealized 113/114 cap-derived geometric schedule,145530000,scheduled subsidy boundary,0.01443670,0.01431006,1.00884972,0.88497183,price-only compensation; fees and miner costs held constant,consensus-deterministic
S4,S4,Idealized 113/114 cap-derived geometric schedule,145740000,scheduled subsidy boundary,0.01431006,0.01418453,1.00884978,0.88497821,price-only compensation; fees and miner costs held constant,consensus-deterministic
S4,S4,Idealized 113/114 cap-derived geometric schedule,145950000,scheduled subsidy boundary,0.01418453,0.01406010,1.00884987,0.88498659,price-only compensation; fees and miner costs held constant,consensus-deterministic
S4,S4,Idealized 113/114 cap-derived geometric schedule,146160000,scheduled subsidy boundary,0.01406010,0.01393676,1.00884998,0.88499766,price-only compensation; fees and miner costs held constant,consensus-deterministic
S4,S4,Idealized 113/114 cap-derived geometric schedule,146370000,scheduled subsidy boundary,0.01393676,0.01381450,1.00885012,0.88501212,price-only compensation; fees and miner costs held constant,consensus-deterministic
S4,S4,Idealized 113/114 cap-derived geometric schedule,146580000,scheduled subsidy boundary,0.01381450,0.01369332,1.00884957,0.88495704,price-only compensation; fees and miner costs held constant,consensus-deterministic
S4,S4,Idealized 113/114 cap-derived geometric schedule,146790000,scheduled subsidy boundary,0.01369332,0.01357320,1.00884979,0.88497922,price-only compensation; fees and miner costs held constant,consensus-deterministic
S4,S4,Idealized 113/114 cap-derived geometric schedule,147000000,scheduled subsidy boundary,0.01357320,0.01345413,1.00885007,0.88500706,price-only compensation; fees and miner costs held constant,consensus-deterministic
S4,S4,Idealized 113/114 cap-derived geometric schedule,147210000,scheduled subsidy boundary,0.01345413,0.01333611,1.00884966,0.88496571,price-only compensation; fees and miner costs held constant,consensus-deterministic
S4,S4,Idealized 113/114 cap-derived geometric schedule,147420000,scheduled subsidy boundary,0.01333611,0.01321912,1.00885006,0.88500596,price-only compensation; fees and miner costs held constant,consensus-deterministic
S4,S4,Idealized 113/114 cap-derived geometric schedule,147630000,scheduled subsidy boundary,0.01321912,0.01310316,1.00884977,0.88497736,price-only compensation; fees and miner costs held constant,consensus-deterministic
S4,S4,Idealized 113/114 cap-derived geometric schedule,147840000,scheduled subsidy boundary,0.01310316,0.01298822,1.00884956,0.88495575,price-only compensation; fees and miner costs held constant,consensus-deterministic
S4,S4,Idealized 113/114 cap-derived geometric schedule,148050000,scheduled subsidy boundary,0.01298822,0.01287428,1.00885020,0.88502037,price-only compensation; fees and miner costs held constant,consensus-deterministic
S4,S4,Idealized 113/114 cap-derived geometric schedule,148260000,scheduled subsidy boundary,0.01287428,0.01276134,1.00885017,0.88501678,price-only compensation; fees and miner costs held constant,consensus-deterministic
S4,S4,Idealized 113/114 cap-derived geometric schedule,148470000,scheduled subsidy boundary,0.01276134,0.01264939,1.00885023,0.88502291,price-only compensation; fees and miner costs held constant,consensus-deterministic
S4,S4,Idealized 113/114 cap-derived geometric schedule,148680000,scheduled subsidy boundary,0.01264939,0.01253843,1.00884959,0.88495928,price-only compensation; fees and miner costs held constant,consensus-deterministic
S4,S4,Idealized 113/114 cap-derived geometric schedule,148890000,scheduled subsidy boundary,0.01253843,0.01242844,1.00884986,0.88498637,price-only compensation; fees and miner costs held constant,consensus-deterministic
S4,S4,Idealized 113/114 cap-derived geometric schedule,149100000,scheduled subsidy boundary,0.01242844,0.01231941,1.00885026,0.88502615,price-only compensation; fees and miner costs held constant,consensus-deterministic
S4,S4,Idealized 113/114 cap-derived geometric schedule,149310000,scheduled subsidy boundary,0.01231941,0.01221134,1.00884997,0.88499706,price-only compensation; fees and miner costs held constant,consensus-deterministic
S4,S4,Idealized 113/114 cap-derived geometric schedule,149520000,scheduled subsidy boundary,0.01221134,0.01210422,1.00884981,0.88498061,price-only compensation; fees and miner costs held constant,consensus-deterministic
S4,S4,Idealized 113/114 cap-derived geometric schedule,149730000,scheduled subsidy boundary,0.01210422,0.01199804,1.00884978,0.88497788,price-only compensation; fees and miner costs held constant,consensus-deterministic
S4,S4,Idealized 113/114 cap-derived geometric schedule,149940000,scheduled subsidy boundary,0.01199804,0.01189279,1.00884990,0.88498998,price-only compensation; fees and miner costs held constant,consensus-deterministic
S4,S4,Idealized 113/114 cap-derived geometric schedule,150150000,scheduled subsidy boundary,0.01189279,0.01178846,1.00885018,0.88501806,price-only compensation; fees and miner costs held constant,consensus-deterministic
S4,S4,Idealized 113/114 cap-derived geometric schedule,150360000,scheduled subsidy boundary,0.01178846,0.01168505,1.00884977,0.88497696,price-only compensation; fees and miner costs held constant,consensus-deterministic
S4,S4,Idealized 113/114 cap-derived geometric schedule,150570000,scheduled subsidy boundary,0.01168505,0.01158254,1.00885039,0.88503903,price-only compensation; fees and miner costs held constant,consensus-deterministic
S4,S4,Idealized 113/114 cap-derived geometric schedule,150780000,scheduled subsidy boundary,0.01158254,0.01148093,1.00885033,0.88503283,price-only compensation; fees and miner costs held constant,consensus-deterministic
S4,S4,Idealized 113/114 cap-derived geometric schedule,150990000,scheduled subsidy boundary,0.01148093,0.01138022,1.00884957,0.88495653,price-only compensation; fees and miner costs held constant,consensus-deterministic
S4,S4,Idealized 113/114 cap-derived geometric schedule,151200000,scheduled subsidy boundary,0.01138022,0.01128039,1.00884987,0.88498713,price-only compensation; fees and miner costs held constant,consensus-deterministic
S4,S4,Idealized 113/114 cap-derived geometric schedule,151410000,scheduled subsidy boundary,0.01128039,0.01118143,1.00885039,0.88503885,price-only compensation; fees and miner costs held constant,consensus-deterministic
S4,S4,Idealized 113/114 cap-derived geometric schedule,151620000,scheduled subsidy boundary,0.01118143,0.01108334,1.00885022,0.88502202,price-only compensation; fees and miner costs held constant,consensus-deterministic
S4,S4,Idealized 113/114 cap-derived geometric schedule,151830000,scheduled subsidy boundary,0.01108334,0.01098611,1.00885027,0.88502664,price-only compensation; fees and miner costs held constant,consensus-deterministic
S4,S4,Idealized 113/114 cap-derived geometric schedule,152040000,scheduled subsidy boundary,0.01098611,0.01088974,1.00884961,0.88496144,price-only compensation; fees and miner costs held constant,consensus-deterministic
S4,S4,Idealized 113/114 cap-derived geometric schedule,152250000,scheduled subsidy boundary,0.01088974,0.01079421,1.00885012,0.88501150,price-only compensation; fees and miner costs held constant,consensus-deterministic
S4,S4,Idealized 113/114 cap-derived geometric schedule,152460000,scheduled subsidy boundary,0.01079421,0.01069952,1.00884993,0.88499297,price-only compensation; fees and miner costs held constant,consensus-deterministic
S4,S4,Idealized 113/114 cap-derived geometric schedule,152670000,scheduled subsidy boundary,0.01069952,0.01060566,1.00884999,0.88499914,price-only compensation; fees and miner costs held constant,consensus-deterministic
S4,S4,Idealized 113/114 cap-derived geometric schedule,152880000,scheduled subsidy boundary,0.01060566,0.01051262,1.00885032,0.88503151,price-only compensation; fees and miner costs held constant,consensus-deterministic
S4,S4,Idealized 113/114 cap-derived geometric schedule,153090000,scheduled subsidy boundary,0.01051262,0.01042040,1.00884995,0.88499482,price-only compensation; fees and miner costs held constant,consensus-deterministic
S4,S4,Idealized 113/114 cap-derived geometric schedule,153300000,scheduled subsidy boundary,0.01042040,0.01032899,1.00884985,0.88498488,price-only compensation; fees and miner costs held constant,consensus-deterministic
S4,S4,Idealized 113/114 cap-derived geometric schedule,153510000,scheduled subsidy boundary,0.01032899,0.01023838,1.00885003,0.88500329,price-only compensation; fees and miner costs held constant,consensus-deterministic
S4,S4,Idealized 113/114 cap-derived geometric schedule,153720000,scheduled subsidy boundary,0.01023838,0.01014856,1.00885052,0.88505167,price-only compensation; fees and miner costs held constant,consensus-deterministic
S4,S4,Idealized 113/114 cap-derived geometric schedule,153930000,scheduled subsidy boundary,0.01014856,0.01005953,1.00885031,0.88503141,price-only compensation; fees and miner costs held constant,consensus-deterministic
S4,S4,Idealized 113/114 cap-derived geometric schedule,154140000,scheduled subsidy boundary,0.01005953,0.00997128,1.00885042,0.88504184,price-only compensation; fees and miner costs held constant,consensus-deterministic
S4,S4,Idealized 113/114 cap-derived geometric schedule,154350000,scheduled subsidy boundary,0.00997128,0.00988381,1.00884983,0.88498261,price-only compensation; fees and miner costs held constant,consensus-deterministic
S4,S4,Idealized 113/114 cap-derived geometric schedule,154560000,scheduled subsidy boundary,0.00988381,0.00979710,1.00885058,0.88505782,price-only compensation; fees and miner costs held constant,consensus-deterministic
S4,S4,Idealized 113/114 cap-derived geometric schedule,154770000,scheduled subsidy boundary,0.00979710,0.00971116,1.00884961,0.88496122,price-only compensation; fees and miner costs held constant,consensus-deterministic
S4,S4,Idealized 113/114 cap-derived geometric schedule,154980000,scheduled subsidy boundary,0.00971116,0.00962597,1.00885002,0.88500172,price-only compensation; fees and miner costs held constant,consensus-deterministic
S4,S4,Idealized 113/114 cap-derived geometric schedule,155190000,scheduled subsidy boundary,0.00962597,0.00954153,1.00884973,0.88497337,price-only compensation; fees and miner costs held constant,consensus-deterministic
S4,S4,Idealized 113/114 cap-derived geometric schedule,155400000,scheduled subsidy boundary,0.00954153,0.00945783,1.00884981,0.88498102,price-only compensation; fees and miner costs held constant,consensus-deterministic
S4,S4,Idealized 113/114 cap-derived geometric schedule,155610000,scheduled subsidy boundary,0.00945783,0.00937486,1.00885027,0.88502655,price-only compensation; fees and miner costs held constant,consensus-deterministic
S4,S4,Idealized 113/114 cap-derived geometric schedule,155820000,scheduled subsidy boundary,0.00937486,0.00929262,1.00885003,0.88500337,price-only compensation; fees and miner costs held constant,consensus-deterministic
S4,S4,Idealized 113/114 cap-derived geometric schedule,156030000,scheduled subsidy boundary,0.00929262,0.00921110,1.00885019,0.88501916,price-only compensation; fees and miner costs held constant,consensus-deterministic
S4,S4,Idealized 113/114 cap-derived geometric schedule,156240000,scheduled subsidy boundary,0.00921110,0.00913030,1.00884965,0.88496544,price-only compensation; fees and miner costs held constant,consensus-deterministic
S4,S4,Idealized 113/114 cap-derived geometric schedule,156450000,scheduled subsidy boundary,0.00913030,0.00905020,1.00885063,0.88506331,price-only compensation; fees and miner costs held constant,consensus-deterministic
S4,S4,Idealized 113/114 cap-derived geometric schedule,156660000,scheduled subsidy boundary,0.00905020,0.00897081,1.00884981,0.88498140,price-only compensation; fees and miner costs held constant,consensus-deterministic
S4,S4,Idealized 113/114 cap-derived geometric schedule,156870000,scheduled subsidy boundary,0.00897081,0.00889211,1.00885054,0.88505428,price-only compensation; fees and miner costs held constant,consensus-deterministic
S4,S4,Idealized 113/114 cap-derived geometric schedule,157080000,scheduled subsidy boundary,0.00889211,0.00881410,1.00885059,0.88505917,price-only compensation; fees and miner costs held constant,consensus-deterministic
S4,S4,Idealized 113/114 cap-derived geometric schedule,157290000,scheduled subsidy boundary,0.00881410,0.00873678,1.00884994,0.88499424,price-only compensation; fees and miner costs held constant,consensus-deterministic
S4,S4,Idealized 113/114 cap-derived geometric schedule,157500000,scheduled subsidy boundary,0.00873678,0.00866014,1.00884974,0.88497415,price-only compensation; fees and miner costs held constant,consensus-deterministic
S4,S4,Idealized 113/114 cap-derived geometric schedule,157710000,scheduled subsidy boundary,0.00866014,0.00858417,1.00885001,0.88500111,price-only compensation; fees and miner costs held constant,consensus-deterministic
S4,S4,Idealized 113/114 cap-derived geometric schedule,157920000,scheduled subsidy boundary,0.00858417,0.00850887,1.00884959,0.88495887,price-only compensation; fees and miner costs held constant,consensus-deterministic
S4,S4,Idealized 113/114 cap-derived geometric schedule,158130000,scheduled subsidy boundary,0.00850887,0.00843423,1.00884965,0.88496520,price-only compensation; fees and miner costs held constant,consensus-deterministic
S4,S4,Idealized 113/114 cap-derived geometric schedule,158340000,scheduled subsidy boundary,0.00843423,0.00836024,1.00885022,0.88502244,price-only compensation; fees and miner costs held constant,consensus-deterministic
S4,S4,Idealized 113/114 cap-derived geometric schedule,158550000,scheduled subsidy boundary,0.00836024,0.00828690,1.00885011,0.88501128,price-only compensation; fees and miner costs held constant,consensus-deterministic
S4,S4,Idealized 113/114 cap-derived geometric schedule,158760000,scheduled subsidy boundary,0.00828690,0.00821420,1.00885053,0.88505271,price-only compensation; fees and miner costs held constant,consensus-deterministic
S4,S4,Idealized 113/114 cap-derived geometric schedule,158970000,scheduled subsidy boundary,0.00821420,0.00814214,1.00885025,0.88502531,price-only compensation; fees and miner costs held constant,consensus-deterministic
S4,S4,Idealized 113/114 cap-derived geometric schedule,159180000,scheduled subsidy boundary,0.00814214,0.00807071,1.00885052,0.88505224,price-only compensation; fees and miner costs held constant,consensus-deterministic
S4,S4,Idealized 113/114 cap-derived geometric schedule,159390000,scheduled subsidy boundary,0.00807071,0.00799991,1.00885010,0.88500996,price-only compensation; fees and miner costs held constant,consensus-deterministic
S4,S4,Idealized 113/114 cap-derived geometric schedule,159600000,scheduled subsidy boundary,0.00799991,0.00792973,1.00885024,0.88502383,price-only compensation; fees and miner costs held constant,consensus-deterministic
S4,S4,Idealized 113/114 cap-derived geometric schedule,159810000,scheduled subsidy boundary,0.00792973,0.00786017,1.00884968,0.88496814,price-only compensation; fees and miner costs held constant,consensus-deterministic
S4,S4,Idealized 113/114 cap-derived geometric schedule,160020000,scheduled subsidy boundary,0.00786017,0.00779122,1.00884971,0.88497052,price-only compensation; fees and miner costs held constant,consensus-deterministic
S4,S4,Idealized 113/114 cap-derived geometric schedule,160230000,scheduled subsidy boundary,0.00779122,0.00772287,1.00885034,0.88503367,price-only compensation; fees and miner costs held constant,consensus-deterministic
S4,S4,Idealized 113/114 cap-derived geometric schedule,160440000,scheduled subsidy boundary,0.00772287,0.00765512,1.00885029,0.88502858,price-only compensation; fees and miner costs held constant,consensus-deterministic
S4,S4,Idealized 113/114 cap-derived geometric schedule,160650000,scheduled subsidy boundary,0.00765512,0.00758796,1.00885086,0.88508637,price-only compensation; fees and miner costs held constant,consensus-deterministic
S4,S4,Idealized 113/114 cap-derived geometric schedule,160860000,scheduled subsidy boundary,0.00758796,0.00752139,1.00885076,0.88507576,price-only compensation; fees and miner costs held constant,consensus-deterministic
S4,S4,Idealized 113/114 cap-derived geometric schedule,161070000,scheduled subsidy boundary,0.00752139,0.00745541,1.00884995,0.88499492,price-only compensation; fees and miner costs held constant,consensus-deterministic
S4,S4,Idealized 113/114 cap-derived geometric schedule,161280000,scheduled subsidy boundary,0.00745541,0.00739001,1.00884979,0.88497850,price-only compensation; fees and miner costs held constant,consensus-deterministic
S4,S4,Idealized 113/114 cap-derived geometric schedule,161490000,scheduled subsidy boundary,0.00739001,0.00732518,1.00885029,0.88502945,price-only compensation; fees and miner costs held constant,consensus-deterministic
S4,S4,Idealized 113/114 cap-derived geometric schedule,161700000,scheduled subsidy boundary,0.00732518,0.00726092,1.00885012,0.88501182,price-only compensation; fees and miner costs held constant,consensus-deterministic
S4,S4,Idealized 113/114 cap-derived geometric schedule,161910000,scheduled subsidy boundary,0.00726092,0.00719722,1.00885064,0.88506396,price-only compensation; fees and miner costs held constant,consensus-deterministic
S4,S4,Idealized 113/114 cap-derived geometric schedule,162120000,scheduled subsidy boundary,0.00719722,0.00713408,1.00885048,0.88504755,price-only compensation; fees and miner costs held constant,consensus-deterministic
S4,S4,Idealized 113/114 cap-derived geometric schedule,162330000,scheduled subsidy boundary,0.00713408,0.00707150,1.00884961,0.88496076,price-only compensation; fees and miner costs held constant,consensus-deterministic
S4,S4,Idealized 113/114 cap-derived geometric schedule,162540000,scheduled subsidy boundary,0.00707150,0.00700946,1.00885090,0.88508958,price-only compensation; fees and miner costs held constant,consensus-deterministic
S4,S4,Idealized 113/114 cap-derived geometric schedule,162750000,scheduled subsidy boundary,0.00700946,0.00694797,1.00885007,0.88500670,price-only compensation; fees and miner costs held constant,consensus-deterministic
S4,S4,Idealized 113/114 cap-derived geometric schedule,162960000,scheduled subsidy boundary,0.00694797,0.00688702,1.00884998,0.88499816,price-only compensation; fees and miner costs held constant,consensus-deterministic
S4,S4,Idealized 113/114 cap-derived geometric schedule,163170000,scheduled subsidy boundary,0.00688702,0.00682660,1.00885067,0.88506724,price-only compensation; fees and miner costs held constant,consensus-deterministic
S4,S4,Idealized 113/114 cap-derived geometric schedule,163380000,scheduled subsidy boundary,0.00682660,0.00676671,1.00885068,0.88506822,price-only compensation; fees and miner costs held constant,consensus-deterministic
S4,S4,Idealized 113/114 cap-derived geometric schedule,163590000,scheduled subsidy boundary,0.00676671,0.00670735,1.00884999,0.88499929,price-only compensation; fees and miner costs held constant,consensus-deterministic
S4,S4,Idealized 113/114 cap-derived geometric schedule,163800000,scheduled subsidy boundary,0.00670735,0.00664851,1.00885010,0.88501033,price-only compensation; fees and miner costs held constant,consensus-deterministic
S4,S4,Idealized 113/114 cap-derived geometric schedule,164010000,scheduled subsidy boundary,0.00664851,0.00659018,1.00885105,0.88510481,price-only compensation; fees and miner costs held constant,consensus-deterministic
S4,S4,Idealized 113/114 cap-derived geometric schedule,164220000,scheduled subsidy boundary,0.00659018,0.00653237,1.00884977,0.88497743,price-only compensation; fees and miner costs held constant,consensus-deterministic
S4,S4,Idealized 113/114 cap-derived geometric schedule,164430000,scheduled subsidy boundary,0.00653237,0.00647506,1.00885088,0.88508832,price-only compensation; fees and miner costs held constant,consensus-deterministic
S4,S4,Idealized 113/114 cap-derived geometric schedule,164640000,scheduled subsidy boundary,0.00647506,0.00641826,1.00884975,0.88497506,price-only compensation; fees and miner costs held constant,consensus-deterministic
S4,S4,Idealized 113/114 cap-derived geometric schedule,164850000,scheduled subsidy boundary,0.00641826,0.00636195,1.00885106,0.88510598,price-only compensation; fees and miner costs held constant,consensus-deterministic
S4,S4,Idealized 113/114 cap-derived geometric schedule,165060000,scheduled subsidy boundary,0.00636195,0.00630614,1.00885010,0.88501048,price-only compensation; fees and miner costs held constant,consensus-deterministic
S4,S4,Idealized 113/114 cap-derived geometric schedule,165270000,scheduled subsidy boundary,0.00630614,0.00625082,1.00885004,0.88500389,price-only compensation; fees and miner costs held constant,consensus-deterministic
S4,S4,Idealized 113/114 cap-derived geometric schedule,165480000,scheduled subsidy boundary,0.00625082,0.00619598,1.00885090,0.88509001,price-only compensation; fees and miner costs held constant,consensus-deterministic
S4,S4,Idealized 113/114 cap-derived geometric schedule,165690000,scheduled subsidy boundary,0.00619598,0.00614162,1.00885108,0.88510849,price-only compensation; fees and miner costs held constant,consensus-deterministic
S4,S4,Idealized 113/114 cap-derived geometric schedule,165900000,scheduled subsidy boundary,0.00614162,0.00608774,1.00885058,0.88505751,price-only compensation; fees and miner costs held constant,consensus-deterministic
S4,S4,Idealized 113/114 cap-derived geometric schedule,166110000,scheduled subsidy boundary,0.00608774,0.00603433,1.00885102,0.88510241,price-only compensation; fees and miner costs held constant,consensus-deterministic
S4,S4,Idealized 113/114 cap-derived geometric schedule,166320000,scheduled subsidy boundary,0.00603433,0.00598139,1.00885079,0.88507855,price-only compensation; fees and miner costs held constant,consensus-deterministic
S4,S4,Idealized 113/114 cap-derived geometric schedule,166530000,scheduled subsidy boundary,0.00598139,0.00592892,1.00884984,0.88498411,price-only compensation; fees and miner costs held constant,consensus-deterministic
S4,S4,Idealized 113/114 cap-derived geometric schedule,166740000,scheduled subsidy boundary,0.00592892,0.00587691,1.00884989,0.88498888,price-only compensation; fees and miner costs held constant,consensus-deterministic
S4,S4,Idealized 113/114 cap-derived geometric schedule,166950000,scheduled subsidy boundary,0.00587691,0.00582535,1.00885097,0.88509703,price-only compensation; fees and miner costs held constant,consensus-deterministic
S4,S4,Idealized 113/114 cap-derived geometric schedule,167160000,scheduled subsidy boundary,0.00582535,0.00577425,1.00884963,0.88496342,price-only compensation; fees and miner costs held constant,consensus-deterministic
S4,S4,Idealized 113/114 cap-derived geometric schedule,167370000,scheduled subsidy boundary,0.00577425,0.00572359,1.00885109,0.88510882,price-only compensation; fees and miner costs held constant,consensus-deterministic
S4,S4,Idealized 113/114 cap-derived geometric schedule,167580000,scheduled subsidy boundary,0.00572359,0.00567338,1.00885010,0.88501035,price-only compensation; fees and miner costs held constant,consensus-deterministic
S4,S4,Idealized 113/114 cap-derived geometric schedule,167790000,scheduled subsidy boundary,0.00567338,0.00562361,1.00885019,0.88501870,price-only compensation; fees and miner costs held constant,consensus-deterministic
S4,S4,Idealized 113/114 cap-derived geometric schedule,168000000,scheduled subsidy boundary,0.00562361,0.00557428,1.00884957,0.88495734,price-only compensation; fees and miner costs held constant,consensus-deterministic
S4,S4,Idealized 113/114 cap-derived geometric schedule,168210000,scheduled subsidy boundary,0.00557428,0.00552538,1.00885007,0.88500700,price-only compensation; fees and miner costs held constant,consensus-deterministic
S4,S4,Idealized 113/114 cap-derived geometric schedule,168420000,scheduled subsidy boundary,0.00552538,0.00547691,1.00884988,0.88498807,price-only compensation; fees and miner costs held constant,consensus-deterministic
S4,S4,Idealized 113/114 cap-derived geometric schedule,168630000,scheduled subsidy boundary,0.00547691,0.00542886,1.00885085,0.88508453,price-only compensation; fees and miner costs held constant,consensus-deterministic
S4,S4,Idealized 113/114 cap-derived geometric schedule,168840000,scheduled subsidy boundary,0.00542886,0.00538123,1.00885114,0.88511363,price-only compensation; fees and miner costs held constant,consensus-deterministic
S4,S4,Idealized 113/114 cap-derived geometric schedule,169050000,scheduled subsidy boundary,0.00538123,0.00533402,1.00885074,0.88507355,price-only compensation; fees and miner costs held constant,consensus-deterministic
S4,S4,Idealized 113/114 cap-derived geometric schedule,169260000,scheduled subsidy boundary,0.00533402,0.00528723,1.00884962,0.88496245,price-only compensation; fees and miner costs held constant,consensus-deterministic
S4,S4,Idealized 113/114 cap-derived geometric schedule,169470000,scheduled subsidy boundary,0.00528723,0.00524085,1.00884971,0.88497095,price-only compensation; fees and miner costs held constant,consensus-deterministic
S4,S4,Idealized 113/114 cap-derived geometric schedule,169680000,scheduled subsidy boundary,0.00524085,0.00519487,1.00885104,0.88510396,price-only compensation; fees and miner costs held constant,consensus-deterministic
S4,S4,Idealized 113/114 cap-derived geometric schedule,169890000,scheduled subsidy boundary,0.00519487,0.00514930,1.00884975,0.88497466,price-only compensation; fees and miner costs held constant,consensus-deterministic
S4,S4,Idealized 113/114 cap-derived geometric schedule,170100000,scheduled subsidy boundary,0.00514930,0.00510413,1.00884970,0.88496962,price-only compensation; fees and miner costs held constant,consensus-deterministic
S4,S4,Idealized 113/114 cap-derived geometric schedule,170310000,scheduled subsidy boundary,0.00510413,0.00505935,1.00885094,0.88509393,price-only compensation; fees and miner costs held constant,consensus-deterministic
S4,S4,Idealized 113/114 cap-derived geometric schedule,170520000,scheduled subsidy boundary,0.00505935,0.00501496,1.00885152,0.88515163,price-only compensation; fees and miner costs held constant,consensus-deterministic
S4,S4,Idealized 113/114 cap-derived geometric schedule,170730000,scheduled subsidy boundary,0.00501496,0.00497096,1.00885141,0.88514090,price-only compensation; fees and miner costs held constant,consensus-deterministic
S4,S4,Idealized 113/114 cap-derived geometric schedule,170940000,scheduled subsidy boundary,0.00497096,0.00492735,1.00885060,0.88505992,price-only compensation; fees and miner costs held constant,consensus-deterministic
S4,S4,Idealized 113/114 cap-derived geometric schedule,171150000,scheduled subsidy boundary,0.00492735,0.00488412,1.00885113,0.88511339,price-only compensation; fees and miner costs held constant,consensus-deterministic
S4,S4,Idealized 113/114 cap-derived geometric schedule,171360000,scheduled subsidy boundary,0.00488412,0.00484127,1.00885098,0.88509833,price-only compensation; fees and miner costs held constant,consensus-deterministic
S4,S4,Idealized 113/114 cap-derived geometric schedule,171570000,scheduled subsidy boundary,0.00484127,0.00479880,1.00885013,0.88501292,price-only compensation; fees and miner costs held constant,consensus-deterministic
S4,S4,Idealized 113/114 cap-derived geometric schedule,171780000,scheduled subsidy boundary,0.00479880,0.00475670,1.00885067,0.88506738,price-only compensation; fees and miner costs held constant,consensus-deterministic
S4,S4,Idealized 113/114 cap-derived geometric schedule,171990000,scheduled subsidy boundary,0.00475670,0.00471497,1.00885053,0.88505335,price-only compensation; fees and miner costs held constant,consensus-deterministic
S4,S4,Idealized 113/114 cap-derived geometric schedule,172200000,scheduled subsidy boundary,0.00471497,0.00467361,1.00884969,0.88496901,price-only compensation; fees and miner costs held constant,consensus-deterministic
S4,S4,Idealized 113/114 cap-derived geometric schedule,172410000,scheduled subsidy boundary,0.00467361,0.00463261,1.00885030,0.88503025,price-only compensation; fees and miner costs held constant,consensus-deterministic
S4,S4,Idealized 113/114 cap-derived geometric schedule,172620000,scheduled subsidy boundary,0.00463261,0.00459197,1.00885023,0.88502320,price-only compensation; fees and miner costs held constant,consensus-deterministic
S4,S4,Idealized 113/114 cap-derived geometric schedule,172830000,scheduled subsidy boundary,0.00459197,0.00455168,1.00885168,0.88516767,price-only compensation; fees and miner costs held constant,consensus-deterministic
S4,S4,Idealized 113/114 cap-derived geometric schedule,173040000,scheduled subsidy boundary,0.00455168,0.00451175,1.00885022,0.88502244,price-only compensation; fees and miner costs held constant,consensus-deterministic
S4,S4,Idealized 113/114 cap-derived geometric schedule,173250000,scheduled subsidy boundary,0.00451175,0.00447217,1.00885029,0.88502897,price-only compensation; fees and miner costs held constant,consensus-deterministic
S4,S4,Idealized 113/114 cap-derived geometric schedule,173460000,scheduled subsidy boundary,0.00447217,0.00443294,1.00884966,0.88496573,price-only compensation; fees and miner costs held constant,consensus-deterministic
S4,S4,Idealized 113/114 cap-derived geometric schedule,173670000,scheduled subsidy boundary,0.00443294,0.00439405,1.00885060,0.88506048,price-only compensation; fees and miner costs held constant,consensus-deterministic
S4,S4,Idealized 113/114 cap-derived geometric schedule,173880000,scheduled subsidy boundary,0.00439405,0.00435550,1.00885088,0.88508782,price-only compensation; fees and miner costs held constant,consensus-deterministic
S4,S4,Idealized 113/114 cap-derived geometric schedule,174090000,scheduled subsidy boundary,0.00435550,0.00431729,1.00885046,0.88504594,price-only compensation; fees and miner costs held constant,consensus-deterministic
S4,S4,Idealized 113/114 cap-derived geometric schedule,174300000,scheduled subsidy boundary,0.00431729,0.00427941,1.00885169,0.88516875,price-only compensation; fees and miner costs held constant,consensus-deterministic
S4,S4,Idealized 113/114 cap-derived geometric schedule,174510000,scheduled subsidy boundary,0.00427941,0.00424187,1.00884987,0.88498705,price-only compensation; fees and miner costs held constant,consensus-deterministic
S4,S4,Idealized 113/114 cap-derived geometric schedule,174720000,scheduled subsidy boundary,0.00424187,0.00420466,1.00884970,0.88497049,price-only compensation; fees and miner costs held constant,consensus-deterministic
S4,S4,Idealized 113/114 cap-derived geometric schedule,174930000,scheduled subsidy boundary,0.00420466,0.00416777,1.00885126,0.88512562,price-only compensation; fees and miner costs held constant,consensus-deterministic
S4,S4,Idealized 113/114 cap-derived geometric schedule,175140000,scheduled subsidy boundary,0.00416777,0.00413121,1.00884971,0.88497075,price-only compensation; fees and miner costs held constant,consensus-deterministic
S4,S4,Idealized 113/114 cap-derived geometric schedule,175350000,scheduled subsidy boundary,0.00413121,0.00409497,1.00884988,0.88498817,price-only compensation; fees and miner costs held constant,consensus-deterministic
S4,S4,Idealized 113/114 cap-derived geometric schedule,175560000,scheduled subsidy boundary,0.00409497,0.00405904,1.00885185,0.88518467,price-only compensation; fees and miner costs held constant,consensus-deterministic
S4,S4,Idealized 113/114 cap-derived geometric schedule,175770000,scheduled subsidy boundary,0.00405904,0.00402343,1.00885066,0.88506573,price-only compensation; fees and miner costs held constant,consensus-deterministic
S4,S4,Idealized 113/114 cap-derived geometric schedule,175980000,scheduled subsidy boundary,0.00402343,0.00398813,1.00885127,0.88512661,price-only compensation; fees and miner costs held constant,consensus-deterministic
S4,S4,Idealized 113/114 cap-derived geometric schedule,176190000,scheduled subsidy boundary,0.00398813,0.00395314,1.00885119,0.88511917,price-only compensation; fees and miner costs held constant,consensus-deterministic
S4,S4,Idealized 113/114 cap-derived geometric schedule,176400000,scheduled subsidy boundary,0.00395314,0.00391846,1.00885042,0.88504157,price-only compensation; fees and miner costs held constant,consensus-deterministic
S4,S4,Idealized 113/114 cap-derived geometric schedule,176610000,scheduled subsidy boundary,0.00391846,0.00388408,1.00885152,0.88515170,price-only compensation; fees and miner costs held constant,consensus-deterministic
S4,S4,Idealized 113/114 cap-derived geometric schedule,176820000,scheduled subsidy boundary,0.00388408,0.00385000,1.00885195,0.88519481,price-only compensation; fees and miner costs held constant,consensus-deterministic
S4,S4,Idealized 113/114 cap-derived geometric schedule,177030000,scheduled subsidy boundary,0.00385000,0.00381622,1.00885169,0.88516909,price-only compensation; fees and miner costs held constant,consensus-deterministic
S4,S4,Idealized 113/114 cap-derived geometric schedule,177240000,scheduled subsidy boundary,0.00381622,0.00378274,1.00885073,0.88507273,price-only compensation; fees and miner costs held constant,consensus-deterministic
S4,S4,Idealized 113/114 cap-derived geometric schedule,177450000,scheduled subsidy boundary,0.00378274,0.00374955,1.00885173,0.88517289,price-only compensation; fees and miner costs held constant,consensus-deterministic
S4,S4,Idealized 113/114 cap-derived geometric schedule,177660000,scheduled subsidy boundary,0.00374955,0.00371665,1.00885206,0.88520576,price-only compensation; fees and miner costs held constant,consensus-deterministic
S4,S4,Idealized 113/114 cap-derived geometric schedule,177870000,scheduled subsidy boundary,0.00371665,0.00368404,1.00885170,0.88516954,price-only compensation; fees and miner costs held constant,consensus-deterministic
S4,S4,Idealized 113/114 cap-derived geometric schedule,178080000,scheduled subsidy boundary,0.00368404,0.00365172,1.00885062,0.88506238,price-only compensation; fees and miner costs held constant,consensus-deterministic
S4,S4,Idealized 113/114 cap-derived geometric schedule,178290000,scheduled subsidy boundary,0.00365172,0.00361968,1.00885161,0.88516112,price-only compensation; fees and miner costs held constant,consensus-deterministic
S4,S4,Idealized 113/114 cap-derived geometric schedule,178500000,scheduled subsidy boundary,0.00361968,0.00358792,1.00885193,0.88519253,price-only compensation; fees and miner costs held constant,consensus-deterministic
S4,S4,Idealized 113/114 cap-derived geometric schedule,178710000,scheduled subsidy boundary,0.00358792,0.00355644,1.00885155,0.88515482,price-only compensation; fees and miner costs held constant,consensus-deterministic
S4,S4,Idealized 113/114 cap-derived geometric schedule,178920000,scheduled subsidy boundary,0.00355644,0.00352524,1.00885046,0.88504612,price-only compensation; fees and miner costs held constant,consensus-deterministic
S4,S4,Idealized 113/114 cap-derived geometric schedule,179130000,scheduled subsidy boundary,0.00352524,0.00349431,1.00885153,0.88515329,price-only compensation; fees and miner costs held constant,consensus-deterministic
S4,S4,Idealized 113/114 cap-derived geometric schedule,179340000,scheduled subsidy boundary,0.00349431,0.00346365,1.00885193,0.88519337,price-only compensation; fees and miner costs held constant,consensus-deterministic
S4,S4,Idealized 113/114 cap-derived geometric schedule,179550000,scheduled subsidy boundary,0.00346365,0.00343326,1.00885165,0.88516454,price-only compensation; fees and miner costs held constant,consensus-deterministic
S4,S4,Idealized 113/114 cap-derived geometric schedule,179760000,scheduled subsidy boundary,0.00343326,0.00340314,1.00885065,0.88506497,price-only compensation; fees and miner costs held constant,consensus-deterministic
S4,S4,Idealized 113/114 cap-derived geometric schedule,179970000,scheduled subsidy boundary,0.00340314,0.00337328,1.00885192,0.88519186,price-only compensation; fees and miner costs held constant,consensus-deterministic
S4,S4,Idealized 113/114 cap-derived geometric schedule,180180000,scheduled subsidy boundary,0.00337328,0.00334368,1.00885252,0.88525218,price-only compensation; fees and miner costs held constant,consensus-deterministic
S4,S4,Idealized 113/114 cap-derived geometric schedule,180390000,scheduled subsidy boundary,0.00334368,0.00331434,1.00885244,0.88524412,price-only compensation; fees and miner costs held constant,consensus-deterministic
S4,S4,Idealized 113/114 cap-derived geometric schedule,180600000,scheduled subsidy boundary,0.00331434,0.00328526,1.00885166,0.88516586,price-only compensation; fees and miner costs held constant,consensus-deterministic
S4,S4,Idealized 113/114 cap-derived geometric schedule,180810000,scheduled subsidy boundary,0.00328526,0.00325644,1.00885016,0.88501554,price-only compensation; fees and miner costs held constant,consensus-deterministic
S4,S4,Idealized 113/114 cap-derived geometric schedule,181020000,scheduled subsidy boundary,0.00325644,0.00322787,1.00885104,0.88510380,price-only compensation; fees and miner costs held constant,consensus-deterministic
S4,S4,Idealized 113/114 cap-derived geometric schedule,181230000,scheduled subsidy boundary,0.00322787,0.00319955,1.00885124,0.88512447,price-only compensation; fees and miner costs held constant,consensus-deterministic
S4,S4,Idealized 113/114 cap-derived geometric schedule,181440000,scheduled subsidy boundary,0.00319955,0.00317148,1.00885076,0.88507574,price-only compensation; fees and miner costs held constant,consensus-deterministic
S4,S4,Idealized 113/114 cap-derived geometric schedule,181650000,scheduled subsidy boundary,0.00317148,0.00314366,1.00884956,0.88495575,price-only compensation; fees and miner costs held constant,consensus-deterministic
S4,S4,Idealized 113/114 cap-derived geometric schedule,181860000,scheduled subsidy boundary,0.00314366,0.00311608,1.00885086,0.88508639,price-only compensation; fees and miner costs held constant,consensus-deterministic
S4,S4,Idealized 113/114 cap-derived geometric schedule,182070000,scheduled subsidy boundary,0.00311608,0.00308874,1.00885151,0.88515058,price-only compensation; fees and miner costs held constant,consensus-deterministic
S4,S4,Idealized 113/114 cap-derived geometric schedule,182280000,scheduled subsidy boundary,0.00308874,0.00306164,1.00885147,0.88514652,price-only compensation; fees and miner costs held constant,consensus-deterministic
S4,S4,Idealized 113/114 cap-derived geometric schedule,182490000,scheduled subsidy boundary,0.00306164,0.00303478,1.00885072,0.88507239,price-only compensation; fees and miner costs held constant,consensus-deterministic
S4,S4,Idealized 113/114 cap-derived geometric schedule,182700000,scheduled subsidy boundary,0.00303478,0.00300815,1.00885262,0.88526171,price-only compensation; fees and miner costs held constant,consensus-deterministic
S4,S4,Idealized 113/114 cap-derived geometric schedule,182910000,scheduled subsidy boundary,0.00300815,0.00298176,1.00885048,0.88504776,price-only compensation; fees and miner costs held constant,consensus-deterministic
S4,S4,Idealized 113/114 cap-derived geometric schedule,183120000,scheduled subsidy boundary,0.00298176,0.00295560,1.00885099,0.88509947,price-only compensation; fees and miner costs held constant,consensus-deterministic
S4,S4,Idealized 113/114 cap-derived geometric schedule,183330000,scheduled subsidy boundary,0.00295560,0.00292967,1.00885083,0.88508262,price-only compensation; fees and miner costs held constant,consensus-deterministic
S4,S4,Idealized 113/114 cap-derived geometric schedule,183540000,scheduled subsidy boundary,0.00292967,0.00290397,1.00884995,0.88499537,price-only compensation; fees and miner costs held constant,consensus-deterministic
S4,S4,Idealized 113/114 cap-derived geometric schedule,183750000,scheduled subsidy boundary,0.00290397,0.00287849,1.00885186,0.88518633,price-only compensation; fees and miner costs held constant,consensus-deterministic
S4,S4,Idealized 113/114 cap-derived geometric schedule,183960000,scheduled subsidy boundary,0.00287849,0.00285324,1.00884959,0.88495885,price-only compensation; fees and miner costs held constant,consensus-deterministic
S4,S4,Idealized 113/114 cap-derived geometric schedule,184170000,scheduled subsidy boundary,0.00285324,0.00282821,1.00885012,0.88501207,price-only compensation; fees and miner costs held constant,consensus-deterministic
S4,S4,Idealized 113/114 cap-derived geometric schedule,184380000,scheduled subsidy boundary,0.00282821,0.00280340,1.00884997,0.88499679,price-only compensation; fees and miner costs held constant,consensus-deterministic
S4,S4,Idealized 113/114 cap-derived geometric schedule,184590000,scheduled subsidy boundary,0.00280340,0.00277880,1.00885274,0.88527422,price-only compensation; fees and miner costs held constant,consensus-deterministic
S4,S4,Idealized 113/114 cap-derived geometric schedule,184800000,scheduled subsidy boundary,0.00277880,0.00275442,1.00885123,0.88512282,price-only compensation; fees and miner costs held constant,consensus-deterministic
S4,S4,Idealized 113/114 cap-derived geometric schedule,185010000,scheduled subsidy boundary,0.00275442,0.00273025,1.00885267,0.88526692,price-only compensation; fees and miner costs held constant,consensus-deterministic
S4,S4,Idealized 113/114 cap-derived geometric schedule,185220000,scheduled subsidy boundary,0.00273025,0.00270630,1.00884972,0.88497210,price-only compensation; fees and miner costs held constant,consensus-deterministic
S4,S4,Idealized 113/114 cap-derived geometric schedule,185430000,scheduled subsidy boundary,0.00270630,0.00268256,1.00884976,0.88497555,price-only compensation; fees and miner costs held constant,consensus-deterministic
S4,S4,Idealized 113/114 cap-derived geometric schedule,185640000,scheduled subsidy boundary,0.00268256,0.00265902,1.00885289,0.88528856,price-only compensation; fees and miner costs held constant,consensus-deterministic
S4,S4,Idealized 113/114 cap-derived geometric schedule,185850000,scheduled subsidy boundary,0.00265902,0.00263569,1.00885157,0.88515721,price-only compensation; fees and miner costs held constant,consensus-deterministic
S4,S4,Idealized 113/114 cap-derived geometric schedule,186060000,scheduled subsidy boundary,0.00263569,0.00261256,1.00885339,0.88533852,price-only compensation; fees and miner costs held constant,consensus-deterministic
S4,S4,Idealized 113/114 cap-derived geometric schedule,186270000,scheduled subsidy boundary,0.00261256,0.00258964,1.00885065,0.88506511,price-only compensation; fees and miner costs held constant,consensus-deterministic
S4,S4,Idealized 113/114 cap-derived geometric schedule,186480000,scheduled subsidy boundary,0.00258964,0.00256692,1.00885107,0.88510744,price-only compensation; fees and miner costs held constant,consensus-deterministic
S4,S4,Idealized 113/114 cap-derived geometric schedule,186690000,scheduled subsidy boundary,0.00256692,0.00254440,1.00885081,0.88508096,price-only compensation; fees and miner costs held constant,consensus-deterministic
S4,S4,Idealized 113/114 cap-derived geometric schedule,186900000,scheduled subsidy boundary,0.00254440,0.00252208,1.00884984,0.88498382,price-only compensation; fees and miner costs held constant,consensus-deterministic
S4,S4,Idealized 113/114 cap-derived geometric schedule,187110000,scheduled subsidy boundary,0.00252208,0.00249995,1.00885218,0.88521770,price-only compensation; fees and miner costs held constant,consensus-deterministic
S4,S4,Idealized 113/114 cap-derived geometric schedule,187320000,scheduled subsidy boundary,0.00249995,0.00247802,1.00884981,0.88498075,price-only compensation; fees and miner costs held constant,consensus-deterministic
S4,S4,Idealized 113/114 cap-derived geometric schedule,187530000,scheduled subsidy boundary,0.00247802,0.00245628,1.00885078,0.88507825,price-only compensation; fees and miner costs held constant,consensus-deterministic
S4,S4,Idealized 113/114 cap-derived geometric schedule,187740000,scheduled subsidy boundary,0.00245628,0.00243473,1.00885108,0.88510841,price-only compensation; fees and miner costs held constant,consensus-deterministic
S4,S4,Idealized 113/114 cap-derived geometric schedule,187950000,scheduled subsidy boundary,0.00243473,0.00241337,1.00885069,0.88506943,price-only compensation; fees and miner costs held constant,consensus-deterministic
S4,S4,Idealized 113/114 cap-derived geometric schedule,188160000,scheduled subsidy boundary,0.00241337,0.00239220,1.00884959,0.88495945,price-only compensation; fees and miner costs held constant,consensus-deterministic
S4,S4,Idealized 113/114 cap-derived geometric schedule,188370000,scheduled subsidy boundary,0.00239220,0.00237121,1.00885202,0.88520207,price-only compensation; fees and miner costs held constant,consensus-deterministic
S4,S4,Idealized 113/114 cap-derived geometric schedule,188580000,scheduled subsidy boundary,0.00237121,0.00235040,1.00885381,0.88538121,price-only compensation; fees and miner costs held constant,consensus-deterministic
S4,S4,Idealized 113/114 cap-derived geometric schedule,188790000,scheduled subsidy boundary,0.00235040,0.00232978,1.00885062,0.88506211,price-only compensation; fees and miner costs held constant,consensus-deterministic
S4,S4,Idealized 113/114 cap-derived geometric schedule,189000000,scheduled subsidy boundary,0.00232978,0.00230934,1.00885101,0.88510137,price-only compensation; fees and miner costs held constant,consensus-deterministic
S4,S4,Idealized 113/114 cap-derived geometric schedule,189210000,scheduled subsidy boundary,0.00230934,0.00228908,1.00885072,0.88507173,price-only compensation; fees and miner costs held constant,consensus-deterministic
S4,S4,Idealized 113/114 cap-derived geometric schedule,189420000,scheduled subsidy boundary,0.00228908,0.00226900,1.00884971,0.88497135,price-only compensation; fees and miner costs held constant,consensus-deterministic
S4,S4,Idealized 113/114 cap-derived geometric schedule,189630000,scheduled subsidy boundary,0.00226900,0.00224909,1.00885247,0.88524692,price-only compensation; fees and miner costs held constant,consensus-deterministic
S4,S4,Idealized 113/114 cap-derived geometric schedule,189840000,scheduled subsidy boundary,0.00224909,0.00222936,1.00885007,0.88500736,price-only compensation; fees and miner costs held constant,consensus-deterministic
S4,S4,Idealized 113/114 cap-derived geometric schedule,190050000,scheduled subsidy boundary,0.00222936,0.00220980,1.00885148,0.88514798,price-only compensation; fees and miner costs held constant,consensus-deterministic
S4,S4,Idealized 113/114 cap-derived geometric schedule,190260000,scheduled subsidy boundary,0.00220980,0.00219041,1.00885222,0.88522240,price-only compensation; fees and miner costs held constant,consensus-deterministic
S4,S4,Idealized 113/114 cap-derived geometric schedule,190470000,scheduled subsidy boundary,0.00219041,0.00217119,1.00885229,0.88522884,price-only compensation; fees and miner costs held constant,consensus-deterministic
S4,S4,Idealized 113/114 cap-derived geometric schedule,190680000,scheduled subsidy boundary,0.00217119,0.00215214,1.00885165,0.88516546,price-only compensation; fees and miner costs held constant,consensus-deterministic
S4,S4,Idealized 113/114 cap-derived geometric schedule,190890000,scheduled subsidy boundary,0.00215214,0.00213326,1.00885030,0.88503042,price-only compensation; fees and miner costs held constant,consensus-deterministic
S4,S4,Idealized 113/114 cap-derived geometric schedule,191100000,scheduled subsidy boundary,0.00213326,0.00211454,1.00885299,0.88529893,price-only compensation; fees and miner costs held constant,consensus-deterministic
S4,S4,Idealized 113/114 cap-derived geometric schedule,191310000,scheduled subsidy boundary,0.00211454,0.00209599,1.00885023,0.88502331,price-only compensation; fees and miner costs held constant,consensus-deterministic
S4,S4,Idealized 113/114 cap-derived geometric schedule,191520000,scheduled subsidy boundary,0.00209599,0.00207760,1.00885156,0.88515595,price-only compensation; fees and miner costs held constant,consensus-deterministic
S4,S4,Idealized 113/114 cap-derived geometric schedule,191730000,scheduled subsidy boundary,0.00207760,0.00205937,1.00885222,0.88522218,price-only compensation; fees and miner costs held constant,consensus-deterministic
S4,S4,Idealized 113/114 cap-derived geometric schedule,191940000,scheduled subsidy boundary,0.00205937,0.00204130,1.00885220,0.88522020,price-only compensation; fees and miner costs held constant,consensus-deterministic
S4,S4,Idealized 113/114 cap-derived geometric schedule,192150000,scheduled subsidy boundary,0.00204130,0.00202339,1.00885148,0.88514819,price-only compensation; fees and miner costs held constant,consensus-deterministic
S4,S4,Idealized 113/114 cap-derived geometric schedule,192360000,scheduled subsidy boundary,0.00202339,0.00200564,1.00885004,0.88500429,price-only compensation; fees and miner costs held constant,consensus-deterministic
S4,S4,Idealized 113/114 cap-derived geometric schedule,192570000,scheduled subsidy boundary,0.00200564,0.00198804,1.00885294,0.88529406,price-only compensation; fees and miner costs held constant,consensus-deterministic
S4,S4,Idealized 113/114 cap-derived geometric schedule,192780000,scheduled subsidy boundary,0.00198804,0.00197060,1.00885010,0.88500964,price-only compensation; fees and miner costs held constant,consensus-deterministic
S4,S4,Idealized 113/114 cap-derived geometric schedule,192990000,scheduled subsidy boundary,0.00197060,0.00195331,1.00885164,0.88516416,price-only compensation; fees and miner costs held constant,consensus-deterministic
S4,S4,Idealized 113/114 cap-derived geometric schedule,193200000,scheduled subsidy boundary,0.00195331,0.00193617,1.00885253,0.88525284,price-only compensation; fees and miner costs held constant,consensus-deterministic
S4,S4,Idealized 113/114 cap-derived geometric schedule,193410000,scheduled subsidy boundary,0.00193617,0.00191918,1.00885274,0.88527392,price-only compensation; fees and miner costs held constant,consensus-deterministic
S4,S4,Idealized 113/114 cap-derived geometric schedule,193620000,scheduled subsidy boundary,0.00191918,0.00190234,1.00885226,0.88522556,price-only compensation; fees and miner costs held constant,consensus-deterministic
S4,S4,Idealized 113/114 cap-derived geometric schedule,193830000,scheduled subsidy boundary,0.00190234,0.00188565,1.00885106,0.88510593,price-only compensation; fees and miner costs held constant,consensus-deterministic
S4,S4,Idealized 113/114 cap-derived geometric schedule,194040000,scheduled subsidy boundary,0.00188565,0.00186910,1.00885453,0.88545289,price-only compensation; fees and miner costs held constant,consensus-deterministic
S4,S4,Idealized 113/114 cap-derived geometric schedule,194250000,scheduled subsidy boundary,0.00186910,0.00185270,1.00885195,0.88519458,price-only compensation; fees and miner costs held constant,consensus-deterministic
S4,S4,Idealized 113/114 cap-derived geometric schedule,194460000,scheduled subsidy boundary,0.00185270,0.00183644,1.00885409,0.88540873,price-only compensation; fees and miner costs held constant,consensus-deterministic
S4,S4,Idealized 113/114 cap-derived geometric schedule,194670000,scheduled subsidy boundary,0.00183644,0.00182033,1.00885004,0.88500437,price-only compensation; fees and miner costs held constant,consensus-deterministic
S4,S4,Idealized 113/114 cap-derived geometric schedule,194880000,scheduled subsidy boundary,0.00182033,0.00180436,1.00885078,0.88507837,price-only compensation; fees and miner costs held constant,consensus-deterministic
S4,S4,Idealized 113/114 cap-derived geometric schedule,195090000,scheduled subsidy boundary,0.00180436,0.00178853,1.00885084,0.88508440,price-only compensation; fees and miner costs held constant,consensus-deterministic
S4,S4,Idealized 113/114 cap-derived geometric schedule,195300000,scheduled subsidy boundary,0.00178853,0.00177284,1.00885021,0.88502064,price-only compensation; fees and miner costs held constant,consensus-deterministic
S4,S4,Idealized 113/114 cap-derived geometric schedule,195510000,scheduled subsidy boundary,0.00177284,0.00175728,1.00885459,0.88545935,price-only compensation; fees and miner costs held constant,consensus-deterministic
S4,S4,Idealized 113/114 cap-derived geometric schedule,195720000,scheduled subsidy boundary,0.00175728,0.00174186,1.00885261,0.88526058,price-only compensation; fees and miner costs held constant,consensus-deterministic
S4,S4,Idealized 113/114 cap-derived geometric schedule,195930000,scheduled subsidy boundary,0.00174186,0.00172658,1.00884987,0.88498651,price-only compensation; fees and miner costs held constant,consensus-deterministic
S4,S4,Idealized 113/114 cap-derived geometric schedule,196140000,scheduled subsidy boundary,0.00172658,0.00171143,1.00885225,0.88522464,price-only compensation; fees and miner costs held constant,consensus-deterministic
S4,S4,Idealized 113/114 cap-derived geometric schedule,196350000,scheduled subsidy boundary,0.00171143,0.00169641,1.00885399,0.88539917,price-only compensation; fees and miner costs held constant,consensus-deterministic
S4,S4,Idealized 113/114 cap-derived geometric schedule,196560000,scheduled subsidy boundary,0.00169641,0.00168152,1.00885508,0.88550835,price-only compensation; fees and miner costs held constant,consensus-deterministic
S4,S4,Idealized 113/114 cap-derived geometric schedule,196770000,scheduled subsidy boundary,0.00168152,0.00166676,1.00885550,0.88555041,price-only compensation; fees and miner costs held constant,consensus-deterministic
S4,S4,Idealized 113/114 cap-derived geometric schedule,196980000,scheduled subsidy boundary,0.00166676,0.00165213,1.00885524,0.88552354,price-only compensation; fees and miner costs held constant,consensus-deterministic
S4,S4,Idealized 113/114 cap-derived geometric schedule,197190000,scheduled subsidy boundary,0.00165213,0.00163763,1.00885426,0.88542589,price-only compensation; fees and miner costs held constant,consensus-deterministic
S4,S4,Idealized 113/114 cap-derived geometric schedule,197400000,scheduled subsidy boundary,0.00163763,0.00162326,1.00885256,0.88525560,price-only compensation; fees and miner costs held constant,consensus-deterministic
S4,S4,Idealized 113/114 cap-derived geometric schedule,197610000,scheduled subsidy boundary,0.00162326,0.00160902,1.00885011,0.88501075,price-only compensation; fees and miner costs held constant,consensus-deterministic
S4,S4,Idealized 113/114 cap-derived geometric schedule,197820000,scheduled subsidy boundary,0.00160902,0.00159490,1.00885322,0.88532196,price-only compensation; fees and miner costs held constant,consensus-deterministic
S4,S4,Idealized 113/114 cap-derived geometric schedule,198030000,scheduled subsidy boundary,0.00159490,0.00158090,1.00885572,0.88557151,price-only compensation; fees and miner costs held constant,consensus-deterministic
S4,S4,Idealized 113/114 cap-derived geometric schedule,198240000,scheduled subsidy boundary,0.00158090,0.00156703,1.00885114,0.88511388,price-only compensation; fees and miner costs held constant,consensus-deterministic
S4,S4,Idealized 113/114 cap-derived geometric schedule,198450000,scheduled subsidy boundary,0.00156703,0.00155328,1.00885224,0.88522353,price-only compensation; fees and miner costs held constant,consensus-deterministic
S4,S4,Idealized 113/114 cap-derived geometric schedule,198660000,scheduled subsidy boundary,0.00155328,0.00153965,1.00885266,0.88526613,price-only compensation; fees and miner costs held constant,consensus-deterministic
S4,S4,Idealized 113/114 cap-derived geometric schedule,198870000,scheduled subsidy boundary,0.00153965,0.00152614,1.00885240,0.88523989,price-only compensation; fees and miner costs held constant,consensus-deterministic
S4,S4,Idealized 113/114 cap-derived geometric schedule,199080000,scheduled subsidy boundary,0.00152614,0.00151275,1.00885143,0.88514295,price-only compensation; fees and miner costs held constant,consensus-deterministic
S4,S4,Idealized 113/114 cap-derived geometric schedule,199290000,scheduled subsidy boundary,0.00151275,0.00149948,1.00884973,0.88497346,price-only compensation; fees and miner costs held constant,consensus-deterministic
S4,S4,Idealized 113/114 cap-derived geometric schedule,199500000,scheduled subsidy boundary,0.00149948,0.00148632,1.00885408,0.88540826,price-only compensation; fees and miner costs held constant,consensus-deterministic
S4,S4,Idealized 113/114 cap-derived geometric schedule,199710000,scheduled subsidy boundary,0.00148632,0.00147328,1.00885100,0.88509991,price-only compensation; fees and miner costs held constant,consensus-deterministic
S4,S4,Idealized 113/114 cap-derived geometric schedule,199920000,scheduled subsidy boundary,0.00147328,0.00146035,1.00885404,0.88540418,price-only compensation; fees and miner costs held constant,consensus-deterministic
S4,S4,Idealized 113/114 cap-derived geometric schedule,200130000,scheduled subsidy boundary,0.00146035,0.00144753,1.00885647,0.88564658,price-only compensation; fees and miner costs held constant,consensus-deterministic
S4,S4,Idealized 113/114 cap-derived geometric schedule,200340000,scheduled subsidy boundary,0.00144753,0.00143483,1.00885122,0.88512228,price-only compensation; fees and miner costs held constant,consensus-deterministic
S4,S4,Idealized 113/114 cap-derived geometric schedule,200550000,scheduled subsidy boundary,0.00143483,0.00142224,1.00885223,0.88522331,price-only compensation; fees and miner costs held constant,consensus-deterministic
S4,S4,Idealized 113/114 cap-derived geometric schedule,200760000,scheduled subsidy boundary,0.00142224,0.00140976,1.00885257,0.88525707,price-only compensation; fees and miner costs held constant,consensus-deterministic
S4,S4,Idealized 113/114 cap-derived geometric schedule,200970000,scheduled subsidy boundary,0.00140976,0.00139739,1.00885222,0.88522173,price-only compensation; fees and miner costs held constant,consensus-deterministic
S4,S4,Idealized 113/114 cap-derived geometric schedule,201180000,scheduled subsidy boundary,0.00139739,0.00138513,1.00885115,0.88511548,price-only compensation; fees and miner costs held constant,consensus-deterministic
S4,S4,Idealized 113/114 cap-derived geometric schedule,201390000,scheduled subsidy boundary,0.00138513,0.00137297,1.00885671,0.88567121,price-only compensation; fees and miner costs held constant,consensus-deterministic
S4,S4,Idealized 113/114 cap-derived geometric schedule,201600000,scheduled subsidy boundary,0.00137297,0.00136092,1.00885430,0.88543044,price-only compensation; fees and miner costs held constant,consensus-deterministic
S4,S4,Idealized 113/114 cap-derived geometric schedule,201810000,scheduled subsidy boundary,0.00136092,0.00134898,1.00885113,0.88511320,price-only compensation; fees and miner costs held constant,consensus-deterministic
S4,S4,Idealized 113/114 cap-derived geometric schedule,202020000,scheduled subsidy boundary,0.00134898,0.00133714,1.00885472,0.88547198,price-only compensation; fees and miner costs held constant,consensus-deterministic
S4,S4,Idealized 113/114 cap-derived geometric schedule,202230000,scheduled subsidy boundary,0.00133714,0.00132541,1.00885009,0.88500917,price-only compensation; fees and miner costs held constant,consensus-deterministic
S4,S4,Idealized 113/114 cap-derived geometric schedule,202440000,scheduled subsidy boundary,0.00132541,0.00131378,1.00885232,0.88523193,price-only compensation; fees and miner costs held constant,consensus-deterministic
S4,S4,Idealized 113/114 cap-derived geometric schedule,202650000,scheduled subsidy boundary,0.00131378,0.00130225,1.00885391,0.88539067,price-only compensation; fees and miner costs held constant,consensus-deterministic
S4,S4,Idealized 113/114 cap-derived geometric schedule,202860000,scheduled subsidy boundary,0.00130225,0.00129082,1.00885484,0.88548365,price-only compensation; fees and miner costs held constant,consensus-deterministic
S4,S4,Idealized 113/114 cap-derived geometric schedule,203070000,scheduled subsidy boundary,0.00129082,0.00127949,1.00885509,0.88550907,price-only compensation; fees and miner costs held constant,consensus-deterministic
S4,S4,Idealized 113/114 cap-derived geometric schedule,203280000,scheduled subsidy boundary,0.00127949,0.00126826,1.00885465,0.88546513,price-only compensation; fees and miner costs held constant,consensus-deterministic
S4,S4,Idealized 113/114 cap-derived geometric schedule,203490000,scheduled subsidy boundary,0.00126826,0.00125713,1.00885350,0.88534996,price-only compensation; fees and miner costs held constant,consensus-deterministic
S4,S4,Idealized 113/114 cap-derived geometric schedule,203700000,scheduled subsidy boundary,0.00125713,0.00124610,1.00885162,0.88516170,price-only compensation; fees and miner costs held constant,consensus-deterministic
S4,S4,Idealized 113/114 cap-derived geometric schedule,203910000,scheduled subsidy boundary,0.00124610,0.00123516,1.00885715,0.88571521,price-only compensation; fees and miner costs held constant,consensus-deterministic
S4,S4,Idealized 113/114 cap-derived geometric schedule,204120000,scheduled subsidy boundary,0.00123516,0.00122432,1.00885389,0.88538944,price-only compensation; fees and miner costs held constant,consensus-deterministic
S4,S4,Idealized 113/114 cap-derived geometric schedule,204330000,scheduled subsidy boundary,0.00122432,0.00121358,1.00884985,0.88498492,price-only compensation; fees and miner costs held constant,consensus-deterministic
S4,S4,Idealized 113/114 cap-derived geometric schedule,204540000,scheduled subsidy boundary,0.00121358,0.00120293,1.00885338,0.88533830,price-only compensation; fees and miner costs held constant,consensus-deterministic
S4,S4,Idealized 113/114 cap-derived geometric schedule,204750000,scheduled subsidy boundary,0.00120293,0.00119237,1.00885631,0.88563114,price-only compensation; fees and miner costs held constant,consensus-deterministic
S4,S4,Idealized 113/114 cap-derived geometric schedule,204960000,scheduled subsidy boundary,0.00119237,0.00118191,1.00885008,0.88500816,price-only compensation; fees and miner costs held constant,consensus-deterministic
S4,S4,Idealized 113/114 cap-derived geometric schedule,205170000,scheduled subsidy boundary,0.00118191,0.00117154,1.00885160,0.88515970,price-only compensation; fees and miner costs held constant,consensus-deterministic
S4,S4,Idealized 113/114 cap-derived geometric schedule,205380000,scheduled subsidy boundary,0.00117154,0.00116126,1.00885245,0.88524534,price-only compensation; fees and miner costs held constant,consensus-deterministic
S4,S4,Idealized 113/114 cap-derived geometric schedule,205590000,scheduled subsidy boundary,0.00116126,0.00115107,1.00885263,0.88526328,price-only compensation; fees and miner costs held constant,consensus-deterministic
S4,S4,Idealized 113/114 cap-derived geometric schedule,205800000,scheduled subsidy boundary,0.00115107,0.00114097,1.00885212,0.88521171,price-only compensation; fees and miner costs held constant,consensus-deterministic
S4,S4,Idealized 113/114 cap-derived geometric schedule,206010000,scheduled subsidy boundary,0.00114097,0.00113096,1.00885089,0.88508877,price-only compensation; fees and miner costs held constant,consensus-deterministic
S4,S4,Idealized 113/114 cap-derived geometric schedule,206220000,scheduled subsidy boundary,0.00113096,0.00112103,1.00885793,0.88579253,price-only compensation; fees and miner costs held constant,consensus-deterministic
S4,S4,Idealized 113/114 cap-derived geometric schedule,206430000,scheduled subsidy boundary,0.00112103,0.00111119,1.00885537,0.88553713,price-only compensation; fees and miner costs held constant,consensus-deterministic
S4,S4,Idealized 113/114 cap-derived geometric schedule,206640000,scheduled subsidy boundary,0.00111119,0.00110144,1.00885205,0.88520482,price-only compensation; fees and miner costs held constant,consensus-deterministic
S4,S4,Idealized 113/114 cap-derived geometric schedule,206850000,scheduled subsidy boundary,0.00110144,0.00109177,1.00885718,0.88571769,price-only compensation; fees and miner costs held constant,consensus-deterministic
S4,S4,Idealized 113/114 cap-derived geometric schedule,207060000,scheduled subsidy boundary,0.00109177,0.00108219,1.00885242,0.88524196,price-only compensation; fees and miner costs held constant,consensus-deterministic
S4,S4,Idealized 113/114 cap-derived geometric schedule,207270000,scheduled subsidy boundary,0.00108219,0.00107269,1.00885624,0.88562399,price-only compensation; fees and miner costs held constant,consensus-deterministic
S4,S4,Idealized 113/114 cap-derived geometric schedule,207480000,scheduled subsidy boundary,0.00107269,0.00106328,1.00884997,0.88499737,price-only compensation; fees and miner costs held constant,consensus-deterministic
S4,S4,Idealized 113/114 cap-derived geometric schedule,207690000,scheduled subsidy boundary,0.00106328,0.00105395,1.00885241,0.88524124,price-only compensation; fees and miner costs held constant,consensus-deterministic
S4,S4,Idealized 113/114 cap-derived geometric schedule,207900000,scheduled subsidy boundary,0.00105395,0.00104470,1.00885422,0.88542165,price-only compensation; fees and miner costs held constant,consensus-deterministic
S4,S4,Idealized 113/114 cap-derived geometric schedule,208110000,scheduled subsidy boundary,0.00104470,0.00103553,1.00885537,0.88553687,price-only compensation; fees and miner costs held constant,consensus-deterministic
S4,S4,Idealized 113/114 cap-derived geometric schedule,208320000,scheduled subsidy boundary,0.00103553,0.00102644,1.00885585,0.88558513,price-only compensation; fees and miner costs held constant,consensus-deterministic
S4,S4,Idealized 113/114 cap-derived geometric schedule,208530000,scheduled subsidy boundary,0.00102644,0.00101743,1.00885565,0.88556461,price-only compensation; fees and miner costs held constant,consensus-deterministic
S4,S4,Idealized 113/114 cap-derived geometric schedule,208740000,scheduled subsidy boundary,0.00101743,0.00100850,1.00885473,0.88547348,price-only compensation; fees and miner costs held constant,consensus-deterministic
S4,S4,Idealized 113/114 cap-derived geometric schedule,208950000,scheduled subsidy boundary,0.00100850,0.00099965,1.00885310,0.88530986,price-only compensation; fees and miner costs held constant,consensus-deterministic
S4,S4,Idealized 113/114 cap-derived geometric schedule,209160000,scheduled subsidy boundary,0.00099965,0.00099088,1.00885072,0.88507186,price-only compensation; fees and miner costs held constant,consensus-deterministic
S4,S4,Idealized 113/114 cap-derived geometric schedule,209370000,scheduled subsidy boundary,0.00099088,0.00098218,1.00885785,0.88578468,price-only compensation; fees and miner costs held constant,consensus-deterministic
S4,S4,Idealized 113/114 cap-derived geometric schedule,209580000,scheduled subsidy boundary,0.00098218,0.00097356,1.00885410,0.88541025,price-only compensation; fees and miner costs held constant,consensus-deterministic
S4,S4,Idealized 113/114 cap-derived geometric schedule,209790000,scheduled subsidy boundary,0.00097356,0.00096502,1.00884956,0.88495575,price-only compensation; fees and miner costs held constant,consensus-deterministic
S4,S4,Idealized 113/114 cap-derived geometric schedule,210000000,scheduled subsidy boundary,0.00096502,0.00095655,1.00885474,0.88547384,price-only compensation; fees and miner costs held constant,consensus-deterministic
S4,S4,Idealized 113/114 cap-derived geometric schedule,210210000,scheduled subsidy boundary,0.00095655,0.00094815,1.00885936,0.88593577,price-only compensation; fees and miner costs held constant,consensus-deterministic
S4,S4,Idealized 113/114 cap-derived geometric schedule,210420000,scheduled subsidy boundary,0.00094815,0.00093983,1.00885266,0.88526648,price-only compensation; fees and miner costs held constant,consensus-deterministic
S4,S4,Idealized 113/114 cap-derived geometric schedule,210630000,scheduled subsidy boundary,0.00093983,0.00093158,1.00885592,0.88559222,price-only compensation; fees and miner costs held constant,consensus-deterministic
S4,S4,Idealized 113/114 cap-derived geometric schedule,210840000,scheduled subsidy boundary,0.00093158,0.00092340,1.00885857,0.88585662,price-only compensation; fees and miner costs held constant,consensus-deterministic
S4,S4,Idealized 113/114 cap-derived geometric schedule,211050000,scheduled subsidy boundary,0.00092340,0.00091530,1.00884956,0.88495575,price-only compensation; fees and miner costs held constant,consensus-deterministic
S4,S4,Idealized 113/114 cap-derived geometric schedule,211260000,scheduled subsidy boundary,0.00091530,0.00090727,1.00885073,0.88507280,price-only compensation; fees and miner costs held constant,consensus-deterministic
S4,S4,Idealized 113/114 cap-derived geometric schedule,211470000,scheduled subsidy boundary,0.00090727,0.00089931,1.00885123,0.88512304,price-only compensation; fees and miner costs held constant,consensus-deterministic
S4,S4,Idealized 113/114 cap-derived geometric schedule,211680000,scheduled subsidy boundary,0.00089931,0.00089142,1.00885105,0.88510466,price-only compensation; fees and miner costs held constant,consensus-deterministic
S4,S4,Idealized 113/114 cap-derived geometric schedule,211890000,scheduled subsidy boundary,0.00089142,0.00088360,1.00885016,0.88501584,price-only compensation; fees and miner costs held constant,consensus-deterministic
S4,S4,Idealized 113/114 cap-derived geometric schedule,212100000,scheduled subsidy boundary,0.00088360,0.00087584,1.00886007,0.88600658,price-only compensation; fees and miner costs held constant,consensus-deterministic
S4,S4,Idealized 113/114 cap-derived geometric schedule,212310000,scheduled subsidy boundary,0.00087584,0.00086815,1.00885792,0.88579163,price-only compensation; fees and miner costs held constant,consensus-deterministic
S4,S4,Idealized 113/114 cap-derived geometric schedule,212520000,scheduled subsidy boundary,0.00086815,0.00086053,1.00885501,0.88550080,price-only compensation; fees and miner costs held constant,consensus-deterministic
S4,S4,Idealized 113/114 cap-derived geometric schedule,212730000,scheduled subsidy boundary,0.00086053,0.00085298,1.00885132,0.88513213,price-only compensation; fees and miner costs held constant,consensus-deterministic
S4,S4,Idealized 113/114 cap-derived geometric schedule,212940000,scheduled subsidy boundary,0.00085298,0.00084549,1.00885877,0.88587683,price-only compensation; fees and miner costs held constant,consensus-deterministic
S4,S4,Idealized 113/114 cap-derived geometric schedule,213150000,scheduled subsidy boundary,0.00084549,0.00083807,1.00885368,0.88536757,price-only compensation; fees and miner costs held constant,consensus-deterministic
S4,S4,Idealized 113/114 cap-derived geometric schedule,213360000,scheduled subsidy boundary,0.00083807,0.00083071,1.00885989,0.88598909,price-only compensation; fees and miner costs held constant,consensus-deterministic
S4,S4,Idealized 113/114 cap-derived geometric schedule,213570000,scheduled subsidy boundary,0.00083071,0.00082342,1.00885332,0.88533191,price-only compensation; fees and miner costs held constant,consensus-deterministic
S4,S4,Idealized 113/114 cap-derived geometric schedule,213780000,scheduled subsidy boundary,0.00082342,0.00081619,1.00885823,0.88582315,price-only compensation; fees and miner costs held constant,consensus-deterministic
S4,S4,Idealized 113/114 cap-derived geometric schedule,213990000,scheduled subsidy boundary,0.00081619,0.00080903,1.00885010,0.88501044,price-only compensation; fees and miner costs held constant,consensus-deterministic
S4,S4,Idealized 113/114 cap-derived geometric schedule,214200000,scheduled subsidy boundary,0.00080903,0.00080193,1.00885364,0.88536406,price-only compensation; fees and miner costs held constant,consensus-deterministic
S4,S4,Idealized 113/114 cap-derived geometric schedule,214410000,scheduled subsidy boundary,0.00080193,0.00079489,1.00885657,0.88565713,price-only compensation; fees and miner costs held constant,consensus-deterministic
S4,S4,Idealized 113/114 cap-derived geometric schedule,214620000,scheduled subsidy boundary,0.00079489,0.00078791,1.00885888,0.88588798,price-only compensation; fees and miner costs held constant,consensus-deterministic
S4,S4,Idealized 113/114 cap-derived geometric schedule,214830000,scheduled subsidy boundary,0.00078791,0.00078099,1.00886055,0.88605488,price-only compensation; fees and miner costs held constant,consensus-deterministic
S4,S4,Idealized 113/114 cap-derived geometric schedule,215040000,scheduled subsidy boundary,0.00078099,0.00077413,1.00886156,0.88615607,price-only compensation; fees and miner costs held constant,consensus-deterministic
S4,S4,Idealized 113/114 cap-derived geometric schedule,215250000,scheduled subsidy boundary,0.00077413,0.00076733,1.00886190,0.88618977,price-only compensation; fees and miner costs held constant,consensus-deterministic
S4,S4,Idealized 113/114 cap-derived geometric schedule,215460000,scheduled subsidy boundary,0.00076733,0.00076059,1.00886154,0.88615417,price-only compensation; fees and miner costs held constant,consensus-deterministic
S4,S4,Idealized 113/114 cap-derived geometric schedule,215670000,scheduled subsidy boundary,0.00076059,0.00075391,1.00886047,0.88604741,price-only compensation; fees and miner costs held constant,consensus-deterministic
S4,S4,Idealized 113/114 cap-derived geometric schedule,215880000,scheduled subsidy boundary,0.00075391,0.00074729,1.00885868,0.88586760,price-only compensation; fees and miner costs held constant,consensus-deterministic
S4,S4,Idealized 113/114 cap-derived geometric schedule,216090000,scheduled subsidy boundary,0.00074729,0.00074073,1.00885613,0.88561284,price-only compensation; fees and miner costs held constant,consensus-deterministic
S4,S4,Idealized 113/114 cap-derived geometric schedule,216300000,scheduled subsidy boundary,0.00074073,0.00073423,1.00885281,0.88528118,price-only compensation; fees and miner costs held constant,consensus-deterministic
S4,S4,Idealized 113/114 cap-derived geometric schedule,216510000,scheduled subsidy boundary,0.00073423,0.00072778,1.00886257,0.88625684,price-only compensation; fees and miner costs held constant,consensus-deterministic
S4,S4,Idealized 113/114 cap-derived geometric schedule,216720000,scheduled subsidy boundary,0.00072778,0.00072139,1.00885790,0.88578993,price-only compensation; fees and miner costs held constant,consensus-deterministic
S4,S4,Idealized 113/114 cap-derived geometric schedule,216930000,scheduled subsidy boundary,0.00072139,0.00071506,1.00885240,0.88524040,price-only compensation; fees and miner costs held constant,consensus-deterministic
S4,S4,Idealized 113/114 cap-derived geometric schedule,217140000,scheduled subsidy boundary,0.00071506,0.00070878,1.00886030,0.88602952,price-only compensation; fees and miner costs held constant,consensus-deterministic
S4,S4,Idealized 113/114 cap-derived geometric schedule,217350000,scheduled subsidy boundary,0.00070878,0.00070256,1.00885334,0.88533364,price-only compensation; fees and miner costs held constant,consensus-deterministic
S4,S4,Idealized 113/114 cap-derived geometric schedule,217560000,scheduled subsidy boundary,0.00070256,0.00069639,1.00885998,0.88599779,price-only compensation; fees and miner costs held constant,consensus-deterministic
S4,S4,Idealized 113/114 cap-derived geometric schedule,217770000,scheduled subsidy boundary,0.00069639,0.00069028,1.00885148,0.88514806,price-only compensation; fees and miner costs held constant,consensus-deterministic
S4,S4,Idealized 113/114 cap-derived geometric schedule,217980000,scheduled subsidy boundary,0.00069028,0.00068422,1.00885680,0.88568004,price-only compensation; fees and miner costs held constant,consensus-deterministic
S4,S4,Idealized 113/114 cap-derived geometric schedule,218190000,scheduled subsidy boundary,0.00068422,0.00067821,1.00886156,0.88615621,price-only compensation; fees and miner costs held constant,consensus-deterministic
S4,S4,Idealized 113/114 cap-derived geometric schedule,218400000,scheduled subsidy boundary,0.00067821,0.00067226,1.00885074,0.88507423,price-only compensation; fees and miner costs held constant,consensus-deterministic
S4,S4,Idealized 113/114 cap-derived geometric schedule,218610000,scheduled subsidy boundary,0.00067226,0.00066636,1.00885407,0.88540729,price-only compensation; fees and miner costs held constant,consensus-deterministic
S4,S4,Idealized 113/114 cap-derived geometric schedule,218820000,scheduled subsidy boundary,0.00066636,0.00066051,1.00885679,0.88567925,price-only compensation; fees and miner costs held constant,consensus-deterministic
S4,S4,Idealized 113/114 cap-derived geometric schedule,219030000,scheduled subsidy boundary,0.00066051,0.00065471,1.00885888,0.88588841,price-only compensation; fees and miner costs held constant,consensus-deterministic
S4,S4,Idealized 113/114 cap-derived geometric schedule,219240000,scheduled subsidy boundary,0.00065471,0.00064896,1.00886033,0.88603304,price-only compensation; fees and miner costs held constant,consensus-deterministic
S4,S4,Idealized 113/114 cap-derived geometric schedule,219450000,scheduled subsidy boundary,0.00064896,0.00064326,1.00886111,0.88611137,price-only compensation; fees and miner costs held constant,consensus-deterministic
S4,S4,Idealized 113/114 cap-derived geometric schedule,219660000,scheduled subsidy boundary,0.00064326,0.00063761,1.00886122,0.88612161,price-only compensation; fees and miner costs held constant,consensus-deterministic
S4,S4,Idealized 113/114 cap-derived geometric schedule,219870000,scheduled subsidy boundary,0.00063761,0.00063201,1.00886062,0.88606193,price-only compensation; fees and miner costs held constant,consensus-deterministic
S4,S4,Idealized 113/114 cap-derived geometric schedule,220080000,scheduled subsidy boundary,0.00063201,0.00062646,1.00885930,0.88593047,price-only compensation; fees and miner costs held constant,consensus-deterministic
S4,S4,Idealized 113/114 cap-derived geometric schedule,220290000,scheduled subsidy boundary,0.00062646,0.00062096,1.00885725,0.88572533,price-only compensation; fees and miner costs held constant,consensus-deterministic
S4,S4,Idealized 113/114 cap-derived geometric schedule,220500000,scheduled subsidy boundary,0.00062096,0.00061551,1.00885445,0.88544459,price-only compensation; fees and miner costs held constant,consensus-deterministic
S4,S4,Idealized 113/114 cap-derived geometric schedule,220710000,scheduled subsidy boundary,0.00061551,0.00061011,1.00885086,0.88508630,price-only compensation; fees and miner costs held constant,consensus-deterministic
S4,S4,Idealized 113/114 cap-derived geometric schedule,220920000,scheduled subsidy boundary,0.00061011,0.00060475,1.00886317,0.88631666,price-only compensation; fees and miner costs held constant,consensus-deterministic
S4,S4,Idealized 113/114 cap-derived geometric schedule,221130000,scheduled subsidy boundary,0.00060475,0.00059944,1.00885827,0.88582677,price-only compensation; fees and miner costs held constant,consensus-deterministic
S4,S4,Idealized 113/114 cap-derived geometric schedule,221340000,scheduled subsidy boundary,0.00059944,0.00059418,1.00885254,0.88525363,price-only compensation; fees and miner costs held constant,consensus-deterministic
S4,S4,Idealized 113/114 cap-derived geometric schedule,221550000,scheduled subsidy boundary,0.00059418,0.00058896,1.00886308,0.88630807,price-only compensation; fees and miner costs held constant,consensus-deterministic
S4,S4,Idealized 113/114 cap-derived geometric schedule,221760000,scheduled subsidy boundary,0.00058896,0.00058379,1.00885592,0.88559242,price-only compensation; fees and miner costs held constant,consensus-deterministic
S4,S4,Idealized 113/114 cap-derived geometric schedule,221970000,scheduled subsidy boundary,0.00058379,0.00057866,1.00886531,0.88653095,price-only compensation; fees and miner costs held constant,consensus-deterministic
S4,S4,Idealized 113/114 cap-derived geometric schedule,222180000,scheduled subsidy boundary,0.00057866,0.00057358,1.00885665,0.88566547,price-only compensation; fees and miner costs held constant,consensus-deterministic
S4,S4,Idealized 113/114 cap-derived geometric schedule,222390000,scheduled subsidy boundary,0.00057358,0.00056854,1.00886481,0.88648116,price-only compensation; fees and miner costs held constant,consensus-deterministic
S4,S4,Idealized 113/114 cap-derived geometric schedule,222600000,scheduled subsidy boundary,0.00056854,0.00056355,1.00885458,0.88545826,price-only compensation; fees and miner costs held constant,consensus-deterministic
S4,S4,Idealized 113/114 cap-derived geometric schedule,222810000,scheduled subsidy boundary,0.00056355,0.00055860,1.00886144,0.88614393,price-only compensation; fees and miner costs held constant,consensus-deterministic
S4,S4,Idealized 113/114 cap-derived geometric schedule,223020000,scheduled subsidy boundary,0.00055860,0.00055370,1.00884956,0.88495575,price-only compensation; fees and miner costs held constant,consensus-deterministic
S4,S4,Idealized 113/114 cap-derived geometric schedule,223230000,scheduled subsidy boundary,0.00055370,0.00054884,1.00885504,0.88550397,price-only compensation; fees and miner costs held constant,consensus-deterministic
S4,S4,Idealized 113/114 cap-derived geometric schedule,223440000,scheduled subsidy boundary,0.00054884,0.00054402,1.00885997,0.88599684,price-only compensation; fees and miner costs held constant,consensus-deterministic
S4,S4,Idealized 113/114 cap-derived geometric schedule,223650000,scheduled subsidy boundary,0.00054402,0.00053924,1.00886433,0.88643276,price-only compensation; fees and miner costs held constant,consensus-deterministic
S4,S4,Idealized 113/114 cap-derived geometric schedule,223860000,scheduled subsidy boundary,0.00053924,0.00053450,1.00886810,0.88681010,price-only compensation; fees and miner costs held constant,consensus-deterministic
S4,S4,Idealized 113/114 cap-derived geometric schedule,224070000,scheduled subsidy boundary,0.00053450,0.00052981,1.00885223,0.88522300,price-only compensation; fees and miner costs held constant,consensus-deterministic
S4,S4,Idealized 113/114 cap-derived geometric schedule,224280000,scheduled subsidy boundary,0.00052981,0.00052516,1.00885444,0.88544444,price-only compensation; fees and miner costs held constant,consensus-deterministic
S4,S4,Idealized 113/114 cap-derived geometric schedule,224490000,scheduled subsidy boundary,0.00052516,0.00052055,1.00885602,0.88560177,price-only compensation; fees and miner costs held constant,consensus-deterministic
S4,S4,Idealized 113/114 cap-derived geometric schedule,224700000,scheduled subsidy boundary,0.00052055,0.00051598,1.00885693,0.88569324,price-only compensation; fees and miner costs held constant,consensus-deterministic
S4,S4,Idealized 113/114 cap-derived geometric schedule,224910000,scheduled subsidy boundary,0.00051598,0.00051145,1.00885717,0.88571708,price-only compensation; fees and miner costs held constant,consensus-deterministic
S4,S4,Idealized 113/114 cap-derived geometric schedule,225120000,scheduled subsidy boundary,0.00051145,0.00050696,1.00885671,0.88567145,price-only compensation; fees and miner costs held constant,consensus-deterministic
S4,S4,Idealized 113/114 cap-derived geometric schedule,225330000,scheduled subsidy boundary,0.00050696,0.00050251,1.00885555,0.88555452,price-only compensation; fees and miner costs held constant,consensus-deterministic
S4,S4,Idealized 113/114 cap-derived geometric schedule,225540000,scheduled subsidy boundary,0.00050251,0.00049810,1.00885364,0.88536438,price-only compensation; fees and miner costs held constant,consensus-deterministic
S4,S4,Idealized 113/114 cap-derived geometric schedule,225750000,scheduled subsidy boundary,0.00049810,0.00049373,1.00885099,0.88509914,price-only compensation; fees and miner costs held constant,consensus-deterministic
S4,S4,Idealized 113/114 cap-derived geometric schedule,225960000,scheduled subsidy boundary,0.00049373,0.00048939,1.00886818,0.88681828,price-only compensation; fees and miner costs held constant,consensus-deterministic
S4,S4,Idealized 113/114 cap-derived geometric schedule,226170000,scheduled subsidy boundary,0.00048939,0.00048509,1.00886433,0.88643345,price-only compensation; fees and miner costs held constant,consensus-deterministic
S4,S4,Idealized 113/114 cap-derived geometric schedule,226380000,scheduled subsidy boundary,0.00048509,0.00048083,1.00885968,0.88596801,price-only compensation; fees and miner costs held constant,consensus-deterministic
S4,S4,Idealized 113/114 cap-derived geometric schedule,226590000,scheduled subsidy boundary,0.00048083,0.00047661,1.00885420,0.88541995,price-only compensation; fees and miner costs held constant,consensus-deterministic
S4,S4,Idealized 113/114 cap-derived geometric schedule,226800000,scheduled subsidy boundary,0.00047661,0.00047242,1.00886923,0.88692265,price-only compensation; fees and miner costs held constant,consensus-deterministic
S4,S4,Idealized 113/114 cap-derived geometric schedule,227010000,scheduled subsidy boundary,0.00047242,0.00046827,1.00886241,0.88624084,price-only compensation; fees and miner costs held constant,consensus-deterministic
S4,S4,Idealized 113/114 cap-derived geometric schedule,227220000,scheduled subsidy boundary,0.00046827,0.00046416,1.00885471,0.88547053,price-only compensation; fees and miner costs held constant,consensus-deterministic
S4,S4,Idealized 113/114 cap-derived geometric schedule,227430000,scheduled subsidy boundary,0.00046416,0.00046008,1.00886802,0.88680230,price-only compensation; fees and miner costs held constant,consensus-deterministic
S4,S4,Idealized 113/114 cap-derived geometric schedule,227640000,scheduled subsidy boundary,0.00046008,0.00045604,1.00885887,0.88588720,price-only compensation; fees and miner costs held constant,consensus-deterministic
S4,S4,Idealized 113/114 cap-derived geometric schedule,227850000,scheduled subsidy boundary,0.00045604,0.00045203,1.00887109,0.88710926,price-only compensation; fees and miner costs held constant,consensus-deterministic
S4,S4,Idealized 113/114 cap-derived geometric schedule,228060000,scheduled subsidy boundary,0.00045203,0.00044806,1.00886042,0.88604205,price-only compensation; fees and miner costs held constant,consensus-deterministic
S4,S4,Idealized 113/114 cap-derived geometric schedule,228270000,scheduled subsidy boundary,0.00044806,0.00044412,1.00887148,0.88714762,price-only compensation; fees and miner costs held constant,consensus-deterministic
S4,S4,Idealized 113/114 cap-derived geometric schedule,228480000,scheduled subsidy boundary,0.00044412,0.00044022,1.00885921,0.88592068,price-only compensation; fees and miner costs held constant,consensus-deterministic
S4,S4,Idealized 113/114 cap-derived geometric schedule,228690000,scheduled subsidy boundary,0.00044022,0.00043635,1.00886903,0.88690272,price-only compensation; fees and miner costs held constant,consensus-deterministic
S4,S4,Idealized 113/114 cap-derived geometric schedule,228900000,scheduled subsidy boundary,0.00043635,0.00043252,1.00885508,0.88550818,price-only compensation; fees and miner costs held constant,consensus-deterministic
S4,S4,Idealized 113/114 cap-derived geometric schedule,229110000,scheduled subsidy boundary,0.00043252,0.00042872,1.00886359,0.88635940,price-only compensation; fees and miner costs held constant,consensus-deterministic
S4,S4,Idealized 113/114 cap-derived geometric schedule,229320000,scheduled subsidy boundary,0.00042872,0.00042495,1.00887163,0.88716320,price-only compensation; fees and miner costs held constant,consensus-deterministic
S4,S4,Idealized 113/114 cap-derived geometric schedule,229530000,scheduled subsidy boundary,0.00042495,0.00042122,1.00885523,0.88552300,price-only compensation; fees and miner costs held constant,consensus-deterministic
S4,S4,Idealized 113/114 cap-derived geometric schedule,229740000,scheduled subsidy boundary,0.00042122,0.00041752,1.00886185,0.88618509,price-only compensation; fees and miner costs held constant,consensus-deterministic
S4,S4,Idealized 113/114 cap-derived geometric schedule,229950000,scheduled subsidy boundary,0.00041752,0.00041385,1.00886795,0.88679473,price-only compensation; fees and miner costs held constant,consensus-deterministic
S4,S4,Idealized 113/114 cap-derived geometric schedule,230160000,scheduled subsidy boundary,0.00041385,0.00041021,1.00887350,0.88735038,price-only compensation; fees and miner costs held constant,consensus-deterministic
S4,S4,Idealized 113/114 cap-derived geometric schedule,230370000,scheduled subsidy boundary,0.00041021,0.00040661,1.00885369,0.88536927,price-only compensation; fees and miner costs held constant,consensus-deterministic
S4,S4,Idealized 113/114 cap-derived geometric schedule,230580000,scheduled subsidy boundary,0.00040661,0.00040304,1.00885768,0.88576816,price-only compensation; fees and miner costs held constant,consensus-deterministic
S4,S4,Idealized 113/114 cap-derived geometric schedule,230790000,scheduled subsidy boundary,0.00040304,0.00039950,1.00886108,0.88610763,price-only compensation; fees and miner costs held constant,consensus-deterministic
S4,S4,Idealized 113/114 cap-derived geometric schedule,231000000,scheduled subsidy boundary,0.00039950,0.00039599,1.00886386,0.88638602,price-only compensation; fees and miner costs held constant,consensus-deterministic
S4,S4,Idealized 113/114 cap-derived geometric schedule,231210000,scheduled subsidy boundary,0.00039599,0.00039251,1.00886602,0.88660162,price-only compensation; fees and miner costs held constant,consensus-deterministic
S4,S4,Idealized 113/114 cap-derived geometric schedule,231420000,scheduled subsidy boundary,0.00039251,0.00038906,1.00886753,0.88675269,price-only compensation; fees and miner costs held constant,consensus-deterministic
S4,S4,Idealized 113/114 cap-derived geometric schedule,231630000,scheduled subsidy boundary,0.00038906,0.00038564,1.00886837,0.88683746,price-only compensation; fees and miner costs held constant,consensus-deterministic
S4,S4,Idealized 113/114 cap-derived geometric schedule,231840000,scheduled subsidy boundary,0.00038564,0.00038225,1.00886854,0.88685415,price-only compensation; fees and miner costs held constant,consensus-deterministic
S4,S4,Idealized 113/114 cap-derived geometric schedule,232050000,scheduled subsidy boundary,0.00038225,0.00037889,1.00886801,0.88680092,price-only compensation; fees and miner costs held constant,consensus-deterministic
S4,S4,Idealized 113/114 cap-derived geometric schedule,232260000,scheduled subsidy boundary,0.00037889,0.00037556,1.00886676,0.88667590,price-only compensation; fees and miner costs held constant,consensus-deterministic
S4,S4,Idealized 113/114 cap-derived geometric schedule,232470000,scheduled subsidy boundary,0.00037556,0.00037226,1.00886477,0.88647719,price-only compensation; fees and miner costs held constant,consensus-deterministic
S4,S4,Idealized 113/114 cap-derived geometric schedule,232680000,scheduled subsidy boundary,0.00037226,0.00036899,1.00886203,0.88620288,price-only compensation; fees and miner costs held constant,consensus-deterministic
S4,S4,Idealized 113/114 cap-derived geometric schedule,232890000,scheduled subsidy boundary,0.00036899,0.00036575,1.00885851,0.88585099,price-only compensation; fees and miner costs held constant,consensus-deterministic
S4,S4,Idealized 113/114 cap-derived geometric schedule,233100000,scheduled subsidy boundary,0.00036575,0.00036254,1.00885420,0.88541954,price-only compensation; fees and miner costs held constant,consensus-deterministic
S4,S4,Idealized 113/114 cap-derived geometric schedule,233310000,scheduled subsidy boundary,0.00036254,0.00035935,1.00887714,0.88771393,price-only compensation; fees and miner costs held constant,consensus-deterministic
S4,S4,Idealized 113/114 cap-derived geometric schedule,233520000,scheduled subsidy boundary,0.00035935,0.00035619,1.00887167,0.88716696,price-only compensation; fees and miner costs held constant,consensus-deterministic
S4,S4,Idealized 113/114 cap-derived geometric schedule,233730000,scheduled subsidy boundary,0.00035619,0.00035306,1.00886535,0.88653487,price-only compensation; fees and miner costs held constant,consensus-deterministic
S4,S4,Idealized 113/114 cap-derived geometric schedule,233940000,scheduled subsidy boundary,0.00035306,0.00034996,1.00885816,0.88581552,price-only compensation; fees and miner costs held constant,consensus-deterministic
S4,S4,Idealized 113/114 cap-derived geometric schedule,234150000,scheduled subsidy boundary,0.00034996,0.00034689,1.00885007,0.88500677,price-only compensation; fees and miner costs held constant,consensus-deterministic
S4,S4,Idealized 113/114 cap-derived geometric schedule,234360000,scheduled subsidy boundary,0.00034689,0.00034384,1.00887040,0.88704048,price-only compensation; fees and miner costs held constant,consensus-deterministic
S4,S4,Idealized 113/114 cap-derived geometric schedule,234570000,scheduled subsidy boundary,0.00034384,0.00034082,1.00886098,0.88609823,price-only compensation; fees and miner costs held constant,consensus-deterministic
S4,S4,Idealized 113/114 cap-derived geometric schedule,234780000,scheduled subsidy boundary,0.00034082,0.00033783,1.00885061,0.88506053,price-only compensation; fees and miner costs held constant,consensus-deterministic
S4,S4,Idealized 113/114 cap-derived geometric schedule,234990000,scheduled subsidy boundary,0.00033783,0.00033486,1.00886938,0.88693782,price-only compensation; fees and miner costs held constant,consensus-deterministic
S4,S4,Idealized 113/114 cap-derived geometric schedule,235200000,scheduled subsidy boundary,0.00033486,0.00033192,1.00885756,0.88575560,price-only compensation; fees and miner costs held constant,consensus-deterministic
S4,S4,Idealized 113/114 cap-derived geometric schedule,235410000,scheduled subsidy boundary,0.00033192,0.00032900,1.00887538,0.88753799,price-only compensation; fees and miner costs held constant,consensus-deterministic
S4,S4,Idealized 113/114 cap-derived geometric schedule,235620000,scheduled subsidy boundary,0.00032900,0.00032611,1.00886204,0.88620404,price-only compensation; fees and miner costs held constant,consensus-deterministic
S4,S4,Idealized 113/114 cap-derived geometric schedule,235830000,scheduled subsidy boundary,0.00032611,0.00032324,1.00887885,0.88788516,price-only compensation; fees and miner costs held constant,consensus-deterministic
S4,S4,Idealized 113/114 cap-derived geometric schedule,236040000,scheduled subsidy boundary,0.00032324,0.00032040,1.00886392,0.88639201,price-only compensation; fees and miner costs held constant,consensus-deterministic
S4,S4,Idealized 113/114 cap-derived geometric schedule,236250000,scheduled subsidy boundary,0.00032040,0.00031758,1.00887965,0.88796524,price-only compensation; fees and miner costs held constant,consensus-deterministic
S4,S4,Idealized 113/114 cap-derived geometric schedule,236460000,scheduled subsidy boundary,0.00031758,0.00031479,1.00886305,0.88630516,price-only compensation; fees and miner costs held constant,consensus-deterministic
S4,S4,Idealized 113/114 cap-derived geometric schedule,236670000,scheduled subsidy boundary,0.00031479,0.00031202,1.00887764,0.88776360,price-only compensation; fees and miner costs held constant,consensus-deterministic
S4,S4,Idealized 113/114 cap-derived geometric schedule,236880000,scheduled subsidy boundary,0.00031202,0.00030928,1.00885929,0.88592861,price-only compensation; fees and miner costs held constant,consensus-deterministic
S4,S4,Idealized 113/114 cap-derived geometric schedule,237090000,scheduled subsidy boundary,0.00030928,0.00030656,1.00887265,0.88726514,price-only compensation; fees and miner costs held constant,consensus-deterministic
S4,S4,Idealized 113/114 cap-derived geometric schedule,237300000,scheduled subsidy boundary,0.00030656,0.00030387,1.00885247,0.88524698,price-only compensation; fees and miner costs held constant,consensus-deterministic
S4,S4,Idealized 113/114 cap-derived geometric schedule,237510000,scheduled subsidy boundary,0.00030387,0.00030120,1.00886454,0.88645418,price-only compensation; fees and miner costs held constant,consensus-deterministic
S4,S4,Idealized 113/114 cap-derived geometric schedule,237720000,scheduled subsidy boundary,0.00030120,0.00029855,1.00887624,0.88762351,price-only compensation; fees and miner costs held constant,consensus-deterministic
S4,S4,Idealized 113/114 cap-derived geometric schedule,237930000,scheduled subsidy boundary,0.00029855,0.00029593,1.00885345,0.88534451,price-only compensation; fees and miner costs held constant,consensus-deterministic
S4,S4,Idealized 113/114 cap-derived geometric schedule,238140000,scheduled subsidy boundary,0.00029593,0.00029333,1.00886374,0.88637371,price-only compensation; fees and miner costs held constant,consensus-deterministic
S4,S4,Idealized 113/114 cap-derived geometric schedule,238350000,scheduled subsidy boundary,0.00029333,0.00029075,1.00887360,0.88736028,price-only compensation; fees and miner costs held constant,consensus-deterministic
S4,S4,Idealized 113/114 cap-derived geometric schedule,238560000,scheduled subsidy boundary,0.00029075,0.00028819,1.00888303,0.88830286,price-only compensation; fees and miner costs held constant,consensus-deterministic
S4,S4,Idealized 113/114 cap-derived geometric schedule,238770000,scheduled subsidy boundary,0.00028819,0.00028566,1.00885668,0.88566828,price-only compensation; fees and miner costs held constant,consensus-deterministic
S4,S4,Idealized 113/114 cap-derived geometric schedule,238980000,scheduled subsidy boundary,0.00028566,0.00028315,1.00886456,0.88645594,price-only compensation; fees and miner costs held constant,consensus-deterministic
S4,S4,Idealized 113/114 cap-derived geometric schedule,239190000,scheduled subsidy boundary,0.00028315,0.00028066,1.00887194,0.88719447,price-only compensation; fees and miner costs held constant,consensus-deterministic
S4,S4,Idealized 113/114 cap-derived geometric schedule,239400000,scheduled subsidy boundary,0.00028066,0.00027819,1.00887882,0.88788238,price-only compensation; fees and miner costs held constant,consensus-deterministic
S4,S4,Idealized 113/114 cap-derived geometric schedule,239610000,scheduled subsidy boundary,0.00027819,0.00027574,1.00888518,0.88851817,price-only compensation; fees and miner costs held constant,consensus-deterministic
S4,S4,Idealized 113/114 cap-derived geometric schedule,239820000,scheduled subsidy boundary,0.00027574,0.00027332,1.00885409,0.88540904,price-only compensation; fees and miner costs held constant,consensus-deterministic
S4,S4,Idealized 113/114 cap-derived geometric schedule,240030000,scheduled subsidy boundary,0.00027332,0.00027092,1.00885870,0.88587037,price-only compensation; fees and miner costs held constant,consensus-deterministic
S4,S4,Idealized 113/114 cap-derived geometric schedule,240240000,scheduled subsidy boundary,0.00027092,0.00026854,1.00886274,0.88627393,price-only compensation; fees and miner costs held constant,consensus-deterministic
S4,S4,Idealized 113/114 cap-derived geometric schedule,240450000,scheduled subsidy boundary,0.00026854,0.00026618,1.00886618,0.88661808,price-only compensation; fees and miner costs held constant,consensus-deterministic
S4,S4,Idealized 113/114 cap-derived geometric schedule,240660000,scheduled subsidy boundary,0.00026618,0.00026384,1.00886901,0.88690115,price-only compensation; fees and miner costs held constant,consensus-deterministic
S4,S4,Idealized 113/114 cap-derived geometric schedule,240870000,scheduled subsidy boundary,0.00026384,0.00026152,1.00887121,0.88712144,price-only compensation; fees and miner costs held constant,consensus-deterministic
S4,S4,Idealized 113/114 cap-derived geometric schedule,241080000,scheduled subsidy boundary,0.00026152,0.00025922,1.00887277,0.88727722,price-only compensation; fees and miner costs held constant,consensus-deterministic
S4,S4,Idealized 113/114 cap-derived geometric schedule,241290000,scheduled subsidy boundary,0.00025922,0.00025694,1.00887367,0.88736670,price-only compensation; fees and miner costs held constant,consensus-deterministic
S4,S4,Idealized 113/114 cap-derived geometric schedule,241500000,scheduled subsidy boundary,0.00025694,0.00025468,1.00887388,0.88738809,price-only compensation; fees and miner costs held constant,consensus-deterministic
S4,S4,Idealized 113/114 cap-derived geometric schedule,241710000,scheduled subsidy boundary,0.00025468,0.00025244,1.00887340,0.88733957,price-only compensation; fees and miner costs held constant,consensus-deterministic
S4,S4,Idealized 113/114 cap-derived geometric schedule,241920000,scheduled subsidy boundary,0.00025244,0.00025022,1.00887219,0.88721925,price-only compensation; fees and miner costs held constant,consensus-deterministic
S4,S4,Idealized 113/114 cap-derived geometric schedule,242130000,scheduled subsidy boundary,0.00025022,0.00024802,1.00887025,0.88702524,price-only compensation; fees and miner costs held constant,consensus-deterministic
S4,S4,Idealized 113/114 cap-derived geometric schedule,242340000,scheduled subsidy boundary,0.00024802,0.00024584,1.00886756,0.88675561,price-only compensation; fees and miner costs held constant,consensus-deterministic
S4,S4,Idealized 113/114 cap-derived geometric schedule,242550000,scheduled subsidy boundary,0.00024584,0.00024368,1.00886408,0.88640840,price-only compensation; fees and miner costs held constant,consensus-deterministic
S4,S4,Idealized 113/114 cap-derived geometric schedule,242760000,scheduled subsidy boundary,0.00024368,0.00024154,1.00885982,0.88598162,price-only compensation; fees and miner costs held constant,consensus-deterministic
S4,S4,Idealized 113/114 cap-derived geometric schedule,242970000,scheduled subsidy boundary,0.00024154,0.00023942,1.00885473,0.88547323,price-only compensation; fees and miner costs held constant,consensus-deterministic
S4,S4,Idealized 113/114 cap-derived geometric schedule,243180000,scheduled subsidy boundary,0.00023942,0.00023731,1.00889132,0.88913236,price-only compensation; fees and miner costs held constant,consensus-deterministic
S4,S4,Idealized 113/114 cap-derived geometric schedule,243390000,scheduled subsidy boundary,0.00023731,0.00023522,1.00888530,0.88852989,price-only compensation; fees and miner costs held constant,consensus-deterministic
S4,S4,Idealized 113/114 cap-derived geometric schedule,243600000,scheduled subsidy boundary,0.00023522,0.00023315,1.00887840,0.88784045,price-only compensation; fees and miner costs held constant,consensus-deterministic
S4,S4,Idealized 113/114 cap-derived geometric schedule,243810000,scheduled subsidy boundary,0.00023315,0.00023110,1.00887062,0.88706188,price-only compensation; fees and miner costs held constant,consensus-deterministic
S4,S4,Idealized 113/114 cap-derived geometric schedule,244020000,scheduled subsidy boundary,0.00023110,0.00022907,1.00886192,0.88619199,price-only compensation; fees and miner costs held constant,consensus-deterministic
S4,S4,Idealized 113/114 cap-derived geometric schedule,244230000,scheduled subsidy boundary,0.00022907,0.00022706,1.00885229,0.88522857,price-only compensation; fees and miner costs held constant,consensus-deterministic
S4,S4,Idealized 113/114 cap-derived geometric schedule,244440000,scheduled subsidy boundary,0.00022706,0.00022506,1.00888652,0.88865192,price-only compensation; fees and miner costs held constant,consensus-deterministic
S4,S4,Idealized 113/114 cap-derived geometric schedule,244650000,scheduled subsidy boundary,0.00022506,0.00022308,1.00887574,0.88757396,price-only compensation; fees and miner costs held constant,consensus-deterministic
S4,S4,Idealized 113/114 cap-derived geometric schedule,244860000,scheduled subsidy boundary,0.00022308,0.00022112,1.00886397,0.88639653,price-only compensation; fees and miner costs held constant,consensus-deterministic
S4,S4,Idealized 113/114 cap-derived geometric schedule,245070000,scheduled subsidy boundary,0.00022112,0.00021918,1.00885117,0.88511726,price-only compensation; fees and miner costs held constant,consensus-deterministic
S4,S4,Idealized 113/114 cap-derived geometric schedule,245280000,scheduled subsidy boundary,0.00021918,0.00021725,1.00888377,0.88837745,price-only compensation; fees and miner costs held constant,consensus-deterministic
S4,S4,Idealized 113/114 cap-derived geometric schedule,245490000,scheduled subsidy boundary,0.00021725,0.00021534,1.00886969,0.88696944,price-only compensation; fees and miner costs held constant,consensus-deterministic
S4,S4,Idealized 113/114 cap-derived geometric schedule,245700000,scheduled subsidy boundary,0.00021534,0.00021345,1.00885453,0.88545327,price-only compensation; fees and miner costs held constant,consensus-deterministic
S4,S4,Idealized 113/114 cap-derived geometric schedule,245910000,scheduled subsidy boundary,0.00021345,0.00021157,1.00888595,0.88859479,price-only compensation; fees and miner costs held constant,consensus-deterministic
S4,S4,Idealized 113/114 cap-derived geometric schedule,246120000,scheduled subsidy boundary,0.00021157,0.00020971,1.00886939,0.88693911,price-only compensation; fees and miner costs held constant,consensus-deterministic
S4,S4,Idealized 113/114 cap-derived geometric schedule,246330000,scheduled subsidy boundary,0.00020971,0.00020787,1.00885169,0.88516861,price-only compensation; fees and miner costs held constant,consensus-deterministic
S4,S4,Idealized 113/114 cap-derived geometric schedule,246540000,scheduled subsidy boundary,0.00020787,0.00020604,1.00888177,0.88817705,price-only compensation; fees and miner costs held constant,consensus-deterministic
S4,S4,Idealized 113/114 cap-derived geometric schedule,246750000,scheduled subsidy boundary,0.00020604,0.00020423,1.00886256,0.88625569,price-only compensation; fees and miner costs held constant,consensus-deterministic
S4,S4,Idealized 113/114 cap-derived geometric schedule,246960000,scheduled subsidy boundary,0.00020423,0.00020243,1.00889196,0.88919627,price-only compensation; fees and miner costs held constant,consensus-deterministic
S4,S4,Idealized 113/114 cap-derived geometric schedule,247170000,scheduled subsidy boundary,0.00020243,0.00020065,1.00887117,0.88711687,price-only compensation; fees and miner costs held constant,consensus-deterministic
S4,S4,Idealized 113/114 cap-derived geometric schedule,247380000,scheduled subsidy boundary,0.00020065,0.00019888,1.00889984,0.88998391,price-only compensation; fees and miner costs held constant,consensus-deterministic
S4,S4,Idealized 113/114 cap-derived geometric schedule,247590000,scheduled subsidy boundary,0.00019888,0.00019713,1.00887739,0.88773906,price-only compensation; fees and miner costs held constant,consensus-deterministic
S4,S4,Idealized 113/114 cap-derived geometric schedule,247800000,scheduled subsidy boundary,0.00019713,0.00019540,1.00885363,0.88536336,price-only compensation; fees and miner costs held constant,consensus-deterministic
S4,S4,Idealized 113/114 cap-derived geometric schedule,248010000,scheduled subsidy boundary,0.00019540,0.00019368,1.00888063,0.88806278,price-only compensation; fees and miner costs held constant,consensus-deterministic
S4,S4,Idealized 113/114 cap-derived geometric schedule,248220000,scheduled subsidy boundary,0.00019368,0.00019198,1.00885509,0.88550891,price-only compensation; fees and miner costs held constant,consensus-deterministic
S4,S4,Idealized 113/114 cap-derived geometric schedule,248430000,scheduled subsidy boundary,0.00019198,0.00019029,1.00888118,0.88811814,price-only compensation; fees and miner costs held constant,consensus-deterministic
S4,S4,Idealized 113/114 cap-derived geometric schedule,248640000,scheduled subsidy boundary,0.00019029,0.00018862,1.00885378,0.88537801,price-only compensation; fees and miner costs held constant,consensus-deterministic
S4,S4,Idealized 113/114 cap-derived geometric schedule,248850000,scheduled subsidy boundary,0.00018862,0.00018696,1.00887890,0.88789046,price-only compensation; fees and miner costs held constant,consensus-deterministic
S4,S4,Idealized 113/114 cap-derived geometric schedule,249060000,scheduled subsidy boundary,0.00018696,0.00018532,1.00884956,0.88495575,price-only compensation; fees and miner costs held constant,consensus-deterministic
S4,S4,Idealized 113/114 cap-derived geometric schedule,249270000,scheduled subsidy boundary,0.00018532,0.00018369,1.00887365,0.88736458,price-only compensation; fees and miner costs held constant,consensus-deterministic
S4,S4,Idealized 113/114 cap-derived geometric schedule,249480000,scheduled subsidy boundary,0.00018369,0.00018207,1.00889768,0.88976767,price-only compensation; fees and miner costs held constant,consensus-deterministic
S4,S4,Idealized 113/114 cap-derived geometric schedule,249690000,scheduled subsidy boundary,0.00018207,0.00018047,1.00886574,0.88657395,price-only compensation; fees and miner costs held constant,consensus-deterministic
S4,S4,Idealized 113/114 cap-derived geometric schedule,249900000,scheduled subsidy boundary,0.00018047,0.00017888,1.00888864,0.88886404,price-only compensation; fees and miner costs held constant,consensus-deterministic
S4,S4,Idealized 113/114 cap-derived geometric schedule,250110000,scheduled subsidy boundary,0.00017888,0.00017731,1.00885455,0.88545485,price-only compensation; fees and miner costs held constant,consensus-deterministic
S4,S4,Idealized 113/114 cap-derived geometric schedule,250320000,scheduled subsidy boundary,0.00017731,0.00017575,1.00887624,0.88762447,price-only compensation; fees and miner costs held constant,consensus-deterministic
S4,S4,Idealized 113/114 cap-derived geometric schedule,250530000,scheduled subsidy boundary,0.00017575,0.00017420,1.00889782,0.88978186,price-only compensation; fees and miner costs held constant,consensus-deterministic
S4,S4,Idealized 113/114 cap-derived geometric schedule,250740000,scheduled subsidy boundary,0.00017420,0.00017267,1.00886083,0.88608328,price-only compensation; fees and miner costs held constant,consensus-deterministic
S4,S4,Idealized 113/114 cap-derived geometric schedule,250950000,scheduled subsidy boundary,0.00017267,0.00017115,1.00888110,0.88810985,price-only compensation; fees and miner costs held constant,consensus-deterministic
S4,S4,Idealized 113/114 cap-derived geometric schedule,251160000,scheduled subsidy boundary,0.00017115,0.00016964,1.00890120,0.89012025,price-only compensation; fees and miner costs held constant,consensus-deterministic
S4,S4,Idealized 113/114 cap-derived geometric schedule,251370000,scheduled subsidy boundary,0.00016964,0.00016815,1.00886114,0.88611359,price-only compensation; fees and miner costs held constant,consensus-deterministic
S4,S4,Idealized 113/114 cap-derived geometric schedule,251580000,scheduled subsidy boundary,0.00016815,0.00016667,1.00887982,0.88798224,price-only compensation; fees and miner costs held constant,consensus-deterministic
S4,S4,Idealized 113/114 cap-derived geometric schedule,251790000,scheduled subsidy boundary,0.00016667,0.00016520,1.00889831,0.88983051,price-only compensation; fees and miner costs held constant,consensus-deterministic
S4,S4,Idealized 113/114 cap-derived geometric schedule,252000000,scheduled subsidy boundary,0.00016520,0.00016375,1.00885496,0.88549618,price-only compensation; fees and miner costs held constant,consensus-deterministic
S4,S4,Idealized 113/114 cap-derived geometric schedule,252210000,scheduled subsidy boundary,0.00016375,0.00016231,1.00887191,0.88719118,price-only compensation; fees and miner costs held constant,consensus-deterministic
S4,S4,Idealized 113/114 cap-derived geometric schedule,252420000,scheduled subsidy boundary,0.00016231,0.00016088,1.00888861,0.88886126,price-only compensation; fees and miner costs held constant,consensus-deterministic
S4,S4,Idealized 113/114 cap-derived geometric schedule,252630000,scheduled subsidy boundary,0.00016088,0.00015946,1.00890505,0.89050546,price-only compensation; fees and miner costs held constant,consensus-deterministic
S4,S4,Idealized 113/114 cap-derived geometric schedule,252840000,scheduled subsidy boundary,0.00015946,0.00015806,1.00885740,0.88573959,price-only compensation; fees and miner costs held constant,consensus-deterministic
S4,S4,Idealized 113/114 cap-derived geometric schedule,253050000,scheduled subsidy boundary,0.00015806,0.00015667,1.00887215,0.88721517,price-only compensation; fees and miner costs held constant,consensus-deterministic
S4,S4,Idealized 113/114 cap-derived geometric schedule,253260000,scheduled subsidy boundary,0.00015667,0.00015529,1.00888660,0.88865993,price-only compensation; fees and miner costs held constant,consensus-deterministic
S4,S4,Idealized 113/114 cap-derived geometric schedule,253470000,scheduled subsidy boundary,0.00015529,0.00015392,1.00890073,0.89007277,price-only compensation; fees and miner costs held constant,consensus-deterministic
S4,S4,Idealized 113/114 cap-derived geometric schedule,253680000,scheduled subsidy boundary,0.00015392,0.00015256,1.00891453,0.89145254,price-only compensation; fees and miner costs held constant,consensus-deterministic
S4,S4,Idealized 113/114 cap-derived geometric schedule,253890000,scheduled subsidy boundary,0.00015256,0.00015122,1.00886126,0.88612617,price-only compensation; fees and miner costs held constant,consensus-deterministic
S4,S4,Idealized 113/114 cap-derived geometric schedule,254100000,scheduled subsidy boundary,0.00015122,0.00014989,1.00887317,0.88731737,price-only compensation; fees and miner costs held constant,consensus-deterministic
S4,S4,Idealized 113/114 cap-derived geometric schedule,254310000,scheduled subsidy boundary,0.00014989,0.00014857,1.00888470,0.88847008,price-only compensation; fees and miner costs held constant,consensus-deterministic
S4,S4,Idealized 113/114 cap-derived geometric schedule,254520000,scheduled subsidy boundary,0.00014857,0.00014726,1.00889583,0.88958305,price-only compensation; fees and miner costs held constant,consensus-deterministic
S4,S4,Idealized 113/114 cap-derived geometric schedule,254730000,scheduled subsidy boundary,0.00014726,0.00014596,1.00890655,0.89065497,price-only compensation; fees and miner costs held constant,consensus-deterministic
S4,S4,Idealized 113/114 cap-derived geometric schedule,254940000,scheduled subsidy boundary,0.00014596,0.00014467,1.00891685,0.89168452,price-only compensation; fees and miner costs held constant,consensus-deterministic
S4,S4,Idealized 113/114 cap-derived geometric schedule,255150000,scheduled subsidy boundary,0.00014467,0.00014340,1.00885635,0.88563459,price-only compensation; fees and miner costs held constant,consensus-deterministic
S4,S4,Idealized 113/114 cap-derived geometric schedule,255360000,scheduled subsidy boundary,0.00014340,0.00014214,1.00886450,0.88644998,price-only compensation; fees and miner costs held constant,consensus-deterministic
S4,S4,Idealized 113/114 cap-derived geometric schedule,255570000,scheduled subsidy boundary,0.00014214,0.00014089,1.00887217,0.88721698,price-only compensation; fees and miner costs held constant,consensus-deterministic
S4,S4,Idealized 113/114 cap-derived geometric schedule,255780000,scheduled subsidy boundary,0.00014089,0.00013965,1.00887934,0.88793412,price-only compensation; fees and miner costs held constant,consensus-deterministic
S4,S4,Idealized 113/114 cap-derived geometric schedule,255990000,scheduled subsidy boundary,0.00013965,0.00013842,1.00888600,0.88859991,price-only compensation; fees and miner costs held constant,consensus-deterministic
S4,S4,Idealized 113/114 cap-derived geometric schedule,256200000,scheduled subsidy boundary,0.00013842,0.00013720,1.00889213,0.88921283,price-only compensation; fees and miner costs held constant,consensus-deterministic
S4,S4,Idealized 113/114 cap-derived geometric schedule,256410000,scheduled subsidy boundary,0.00013720,0.00013599,1.00889771,0.88977131,price-only compensation; fees and miner costs held constant,consensus-deterministic
S4,S4,Idealized 113/114 cap-derived geometric schedule,256620000,scheduled subsidy boundary,0.00013599,0.00013479,1.00890274,0.89027376,price-only compensation; fees and miner costs held constant,consensus-deterministic
S4,S4,Idealized 113/114 cap-derived geometric schedule,256830000,scheduled subsidy boundary,0.00013479,0.00013360,1.00890719,0.89071856,price-only compensation; fees and miner costs held constant,consensus-deterministic
S4,S4,Idealized 113/114 cap-derived geometric schedule,257040000,scheduled subsidy boundary,0.00013360,0.00013242,1.00891104,0.89110406,price-only compensation; fees and miner costs held constant,consensus-deterministic
S4,S4,Idealized 113/114 cap-derived geometric schedule,257250000,scheduled subsidy boundary,0.00013242,0.00013125,1.00891429,0.89142857,price-only compensation; fees and miner costs held constant,consensus-deterministic
S4,S4,Idealized 113/114 cap-derived geometric schedule,257460000,scheduled subsidy boundary,0.00013125,0.00013009,1.00891690,0.89169037,price-only compensation; fees and miner costs held constant,consensus-deterministic
S4,S4,Idealized 113/114 cap-derived geometric schedule,257670000,scheduled subsidy boundary,0.00013009,0.00012894,1.00891888,0.89188770,price-only compensation; fees and miner costs held constant,consensus-deterministic
S4,S4,Idealized 113/114 cap-derived geometric schedule,257880000,scheduled subsidy boundary,0.00012894,0.00012780,1.00892019,0.89201878,price-only compensation; fees and miner costs held constant,consensus-deterministic
S4,S4,Idealized 113/114 cap-derived geometric schedule,258090000,scheduled subsidy boundary,0.00012780,0.00012667,1.00892082,0.89208179,price-only compensation; fees and miner costs held constant,consensus-deterministic
S4,S4,Idealized 113/114 cap-derived geometric schedule,258300000,scheduled subsidy boundary,0.00012667,0.00012555,1.00892075,0.89207487,price-only compensation; fees and miner costs held constant,consensus-deterministic
S4,S4,Idealized 113/114 cap-derived geometric schedule,258510000,scheduled subsidy boundary,0.00012555,0.00012444,1.00891996,0.89199614,price-only compensation; fees and miner costs held constant,consensus-deterministic
S4,S4,Idealized 113/114 cap-derived geometric schedule,258720000,scheduled subsidy boundary,0.00012444,0.00012334,1.00891844,0.89184368,price-only compensation; fees and miner costs held constant,consensus-deterministic
S4,S4,Idealized 113/114 cap-derived geometric schedule,258930000,scheduled subsidy boundary,0.00012334,0.00012225,1.00891616,0.89161554,price-only compensation; fees and miner costs held constant,consensus-deterministic
S4,S4,Idealized 113/114 cap-derived geometric schedule,259140000,scheduled subsidy boundary,0.00012225,0.00012117,1.00891310,0.89130973,price-only compensation; fees and miner costs held constant,consensus-deterministic
S4,S4,Idealized 113/114 cap-derived geometric schedule,259350000,scheduled subsidy boundary,0.00012117,0.00012010,1.00890924,0.89092423,price-only compensation; fees and miner costs held constant,consensus-deterministic
S4,S4,Idealized 113/114 cap-derived geometric schedule,259560000,scheduled subsidy boundary,0.00012010,0.00011904,1.00890457,0.89045699,price-only compensation; fees and miner costs held constant,consensus-deterministic
S4,S4,Idealized 113/114 cap-derived geometric schedule,259770000,scheduled subsidy boundary,0.00011904,0.00011799,1.00889906,0.88990592,price-only compensation; fees and miner costs held constant,consensus-deterministic
S4,S4,Idealized 113/114 cap-derived geometric schedule,259980000,scheduled subsidy boundary,0.00011799,0.00011695,1.00889269,0.88926892,price-only compensation; fees and miner costs held constant,consensus-deterministic
S4,S4,Idealized 113/114 cap-derived geometric schedule,260190000,scheduled subsidy boundary,0.00011695,0.00011592,1.00888544,0.88854382,price-only compensation; fees and miner costs held constant,consensus-deterministic
S4,S4,Idealized 113/114 cap-derived geometric schedule,260400000,scheduled subsidy boundary,0.00011592,0.00011490,1.00887728,0.88772846,price-only compensation; fees and miner costs held constant,consensus-deterministic
S4,S4,Idealized 113/114 cap-derived geometric schedule,260610000,scheduled subsidy boundary,0.00011490,0.00011389,1.00886821,0.88682062,price-only compensation; fees and miner costs held constant,consensus-deterministic
S4,S4,Idealized 113/114 cap-derived geometric schedule,260820000,scheduled subsidy boundary,0.00011389,0.00011289,1.00885818,0.88581805,price-only compensation; fees and miner costs held constant,consensus-deterministic
S4,S4,Idealized 113/114 cap-derived geometric schedule,261030000,scheduled subsidy boundary,0.00011289,0.00011189,1.00893735,0.89373492,price-only compensation; fees and miner costs held constant,consensus-deterministic
S4,S4,Idealized 113/114 cap-derived geometric schedule,261240000,scheduled subsidy boundary,0.00011189,0.00011090,1.00892696,0.89269612,price-only compensation; fees and miner costs held constant,consensus-deterministic
S4,S4,Idealized 113/114 cap-derived geometric schedule,261450000,scheduled subsidy boundary,0.00011090,0.00010992,1.00891557,0.89155750,price-only compensation; fees and miner costs held constant,consensus-deterministic
S4,S4,Idealized 113/114 cap-derived geometric schedule,261660000,scheduled subsidy boundary,0.00010992,0.00010895,1.00890317,0.89031666,price-only compensation; fees and miner costs held constant,consensus-deterministic
S4,S4,Idealized 113/114 cap-derived geometric schedule,261870000,scheduled subsidy boundary,0.00010895,0.00010799,1.00888971,0.88897120,price-only compensation; fees and miner costs held constant,consensus-deterministic
S4,S4,Idealized 113/114 cap-derived geometric schedule,262080000,scheduled subsidy boundary,0.00010799,0.00010704,1.00887519,0.88751868,price-only compensation; fees and miner costs held constant,consensus-deterministic
S4,S4,Idealized 113/114 cap-derived geometric schedule,262290000,scheduled subsidy boundary,0.00010704,0.00010610,1.00885957,0.88595664,price-only compensation; fees and miner costs held constant,consensus-deterministic
S4,S4,Idealized 113/114 cap-derived geometric schedule,262500000,scheduled subsidy boundary,0.00010610,0.00010516,1.00893876,0.89387600,price-only compensation; fees and miner costs held constant,consensus-deterministic
S4,S4,Idealized 113/114 cap-derived geometric schedule,262710000,scheduled subsidy boundary,0.00010516,0.00010423,1.00892258,0.89225751,price-only compensation; fees and miner costs held constant,consensus-deterministic
S4,S4,Idealized 113/114 cap-derived geometric schedule,262920000,scheduled subsidy boundary,0.00010423,0.00010331,1.00890524,0.89052367,price-only compensation; fees and miner costs held constant,consensus-deterministic
S4,S4,Idealized 113/114 cap-derived geometric schedule,263130000,scheduled subsidy boundary,0.00010331,0.00010240,1.00888672,0.88867188,price-only compensation; fees and miner costs held constant,consensus-deterministic
S4,S4,Idealized 113/114 cap-derived geometric schedule,263340000,scheduled subsidy boundary,0.00010240,0.00010150,1.00886700,0.88669951,price-only compensation; fees and miner costs held constant,consensus-deterministic
S4,S4,Idealized 113/114 cap-derived geometric schedule,263550000,scheduled subsidy boundary,0.00010150,0.00010060,1.00894632,0.89463221,price-only compensation; fees and miner costs held constant,consensus-deterministic
S4,S4,Idealized 113/114 cap-derived geometric schedule,263760000,scheduled subsidy boundary,0.00010060,0.00009971,1.00892589,0.89258851,price-only compensation; fees and miner costs held constant,consensus-deterministic
S4,S4,Idealized 113/114 cap-derived geometric schedule,263970000,scheduled subsidy boundary,0.00009971,0.00009883,1.00890418,0.89041789,price-only compensation; fees and miner costs held constant,consensus-deterministic
S4,S4,Idealized 113/114 cap-derived geometric schedule,264180000,scheduled subsidy boundary,0.00009883,0.00009796,1.00888118,0.88811760,price-only compensation; fees and miner costs held constant,consensus-deterministic
S4,S4,Idealized 113/114 cap-derived geometric schedule,264390000,scheduled subsidy boundary,0.00009796,0.00009710,1.00885685,0.88568486,price-only compensation; fees and miner costs held constant,consensus-deterministic
S4,S4,Idealized 113/114 cap-derived geometric schedule,264600000,scheduled subsidy boundary,0.00009710,0.00009624,1.00893599,0.89359933,price-only compensation; fees and miner costs held constant,consensus-deterministic
S4,S4,Idealized 113/114 cap-derived geometric schedule,264810000,scheduled subsidy boundary,0.00009624,0.00009539,1.00891079,0.89107873,price-only compensation; fees and miner costs held constant,consensus-deterministic
S4,S4,Idealized 113/114 cap-derived geometric schedule,265020000,scheduled subsidy boundary,0.00009539,0.00009455,1.00888419,0.88841883,price-only compensation; fees and miner costs held constant,consensus-deterministic
S4,S4,Idealized 113/114 cap-derived geometric schedule,265230000,scheduled subsidy boundary,0.00009455,0.00009372,1.00885617,0.88561673,price-only compensation; fees and miner costs held constant,consensus-deterministic
S4,S4,Idealized 113/114 cap-derived geometric schedule,265440000,scheduled subsidy boundary,0.00009372,0.00009289,1.00893530,0.89352998,price-only compensation; fees and miner costs held constant,consensus-deterministic
S4,S4,Idealized 113/114 cap-derived geometric schedule,265650000,scheduled subsidy boundary,0.00009289,0.00009207,1.00890627,0.89062670,price-only compensation; fees and miner costs held constant,consensus-deterministic
S4,S4,Idealized 113/114 cap-derived geometric schedule,265860000,scheduled subsidy boundary,0.00009207,0.00009126,1.00887574,0.88757396,price-only compensation; fees and miner costs held constant,consensus-deterministic
S4,S4,Idealized 113/114 cap-derived geometric schedule,266070000,scheduled subsidy boundary,0.00009126,0.00009045,1.00895522,0.89552239,price-only compensation; fees and miner costs held constant,consensus-deterministic
S4,S4,Idealized 113/114 cap-derived geometric schedule,266280000,scheduled subsidy boundary,0.00009045,0.00008965,1.00892359,0.89235917,price-only compensation; fees and miner costs held constant,consensus-deterministic
S4,S4,Idealized 113/114 cap-derived geometric schedule,266490000,scheduled subsidy boundary,0.00008965,0.00008886,1.00889039,0.88903894,price-only compensation; fees and miner costs held constant,consensus-deterministic
S4,S4,Idealized 113/114 cap-derived geometric schedule,266700000,scheduled subsidy boundary,0.00008886,0.00008808,1.00885559,0.88555858,price-only compensation; fees and miner costs held constant,consensus-deterministic
S4,S4,Idealized 113/114 cap-derived geometric schedule,266910000,scheduled subsidy boundary,0.00008808,0.00008730,1.00893471,0.89347079,price-only compensation; fees and miner costs held constant,consensus-deterministic
S4,S4,Idealized 113/114 cap-derived geometric schedule,267120000,scheduled subsidy boundary,0.00008730,0.00008653,1.00889865,0.88986479,price-only compensation; fees and miner costs held constant,consensus-deterministic
S4,S4,Idealized 113/114 cap-derived geometric schedule,267330000,scheduled subsidy boundary,0.00008653,0.00008577,1.00886091,0.88609071,price-only compensation; fees and miner costs held constant,consensus-deterministic
S4,S4,Idealized 113/114 cap-derived geometric schedule,267540000,scheduled subsidy boundary,0.00008577,0.00008501,1.00894012,0.89401247,price-only compensation; fees and miner costs held constant,consensus-deterministic
S4,S4,Idealized 113/114 cap-derived geometric schedule,267750000,scheduled subsidy boundary,0.00008501,0.00008426,1.00890102,0.89010207,price-only compensation; fees and miner costs held constant,consensus-deterministic
S4,S4,Idealized 113/114 cap-derived geometric schedule,267960000,scheduled subsidy boundary,0.00008426,0.00008352,1.00886015,0.88601533,price-only compensation; fees and miner costs held constant,consensus-deterministic
S4,S4,Idealized 113/114 cap-derived geometric schedule,268170000,scheduled subsidy boundary,0.00008352,0.00008278,1.00893936,0.89393573,price-only compensation; fees and miner costs held constant,consensus-deterministic
S4,S4,Idealized 113/114 cap-derived geometric schedule,268380000,scheduled subsidy boundary,0.00008278,0.00008205,1.00889701,0.88970140,price-only compensation; fees and miner costs held constant,consensus-deterministic
S4,S4,Idealized 113/114 cap-derived geometric schedule,268590000,scheduled subsidy boundary,0.00008205,0.00008133,1.00885282,0.88528218,price-only compensation; fees and miner costs held constant,consensus-deterministic
S4,S4,Idealized 113/114 cap-derived geometric schedule,268800000,scheduled subsidy boundary,0.00008133,0.00008061,1.00893189,0.89318943,price-only compensation; fees and miner costs held constant,consensus-deterministic
S4,S4,Idealized 113/114 cap-derived geometric schedule,269010000,scheduled subsidy boundary,0.00008061,0.00007990,1.00888611,0.88861076,price-only compensation; fees and miner costs held constant,consensus-deterministic
S4,S4,Idealized 113/114 cap-derived geometric schedule,269220000,scheduled subsidy boundary,0.00007990,0.00007919,1.00896578,0.89657785,price-only compensation; fees and miner costs held constant,consensus-deterministic
S4,S4,Idealized 113/114 cap-derived geometric schedule,269430000,scheduled subsidy boundary,0.00007919,0.00007849,1.00891833,0.89183335,price-only compensation; fees and miner costs held constant,consensus-deterministic
S4,S4,Idealized 113/114 cap-derived geometric schedule,269640000,scheduled subsidy boundary,0.00007849,0.00007780,1.00886889,0.88688946,price-only compensation; fees and miner costs held constant,consensus-deterministic
S4,S4,Idealized 113/114 cap-derived geometric schedule,269850000,scheduled subsidy boundary,0.00007780,0.00007711,1.00894826,0.89482557,price-only compensation; fees and miner costs held constant,consensus-deterministic
S4,S4,Idealized 113/114 cap-derived geometric schedule,270060000,scheduled subsidy boundary,0.00007711,0.00007643,1.00889703,0.88970300,price-only compensation; fees and miner costs held constant,consensus-deterministic
S4,S4,Idealized 113/114 cap-derived geometric schedule,270270000,scheduled subsidy boundary,0.00007643,0.00007575,1.00897690,0.89768977,price-only compensation; fees and miner costs held constant,consensus-deterministic
S4,S4,Idealized 113/114 cap-derived geometric schedule,270480000,scheduled subsidy boundary,0.00007575,0.00007508,1.00892381,0.89238146,price-only compensation; fees and miner costs held constant,consensus-deterministic
S4,S4,Idealized 113/114 cap-derived geometric schedule,270690000,scheduled subsidy boundary,0.00007508,0.00007442,1.00886858,0.88685837,price-only compensation; fees and miner costs held constant,consensus-deterministic
S4,S4,Idealized 113/114 cap-derived geometric schedule,270900000,scheduled subsidy boundary,0.00007442,0.00007376,1.00894794,0.89479393,price-only compensation; fees and miner costs held constant,consensus-deterministic
S4,S4,Idealized 113/114 cap-derived geometric schedule,271110000,scheduled subsidy boundary,0.00007376,0.00007311,1.00889071,0.88907126,price-only compensation; fees and miner costs held constant,consensus-deterministic
S4,S4,Idealized 113/114 cap-derived geometric schedule,271320000,scheduled subsidy boundary,0.00007311,0.00007246,1.00897047,0.89704665,price-only compensation; fees and miner costs held constant,consensus-deterministic
S4,S4,Idealized 113/114 cap-derived geometric schedule,271530000,scheduled subsidy boundary,0.00007246,0.00007182,1.00891117,0.89111668,price-only compensation; fees and miner costs held constant,consensus-deterministic
S4,S4,Idealized 113/114 cap-derived geometric schedule,271740000,scheduled subsidy boundary,0.00007182,0.00007119,1.00884956,0.88495575,price-only compensation; fees and miner costs held constant,consensus-deterministic
S4,S4,Idealized 113/114 cap-derived geometric schedule,271950000,scheduled subsidy boundary,0.00007119,0.00007056,1.00892857,0.89285714,price-only compensation; fees and miner costs held constant,consensus-deterministic
S4,S4,Idealized 113/114 cap-derived geometric schedule,272160000,scheduled subsidy boundary,0.00007056,0.00006994,1.00886474,0.88647412,price-only compensation; fees and miner costs held constant,consensus-deterministic
S4,S4,Idealized 113/114 cap-derived geometric schedule,272370000,scheduled subsidy boundary,0.00006994,0.00006932,1.00894403,0.89440277,price-only compensation; fees and miner costs held constant,consensus-deterministic
S4,S4,Idealized 113/114 cap-derived geometric schedule,272580000,scheduled subsidy boundary,0.00006932,0.00006871,1.00887789,0.88778926,price-only compensation; fees and miner costs held constant,consensus-deterministic
S4,S4,Idealized 113/114 cap-derived geometric schedule,272790000,scheduled subsidy boundary,0.00006871,0.00006810,1.00895742,0.89574156,price-only compensation; fees and miner costs held constant,consensus-deterministic
S4,S4,Idealized 113/114 cap-derived geometric schedule,273000000,scheduled subsidy boundary,0.00006810,0.00006750,1.00888889,0.88888889,price-only compensation; fees and miner costs held constant,consensus-deterministic
S4,S4,Idealized 113/114 cap-derived geometric schedule,273210000,scheduled subsidy boundary,0.00006750,0.00006690,1.00896861,0.89686099,price-only compensation; fees and miner costs held constant,consensus-deterministic
S4,S4,Idealized 113/114 cap-derived geometric schedule,273420000,scheduled subsidy boundary,0.00006690,0.00006631,1.00889760,0.88976022,price-only compensation; fees and miner costs held constant,consensus-deterministic
S4,S4,Idealized 113/114 cap-derived geometric schedule,273630000,scheduled subsidy boundary,0.00006631,0.00006572,1.00897748,0.89774802,price-only compensation; fees and miner costs held constant,consensus-deterministic
S4,S4,Idealized 113/114 cap-derived geometric schedule,273840000,scheduled subsidy boundary,0.00006572,0.00006514,1.00890390,0.89038993,price-only compensation; fees and miner costs held constant,consensus-deterministic
S4,S4,Idealized 113/114 cap-derived geometric schedule,274050000,scheduled subsidy boundary,0.00006514,0.00006456,1.00898389,0.89838910,price-only compensation; fees and miner costs held constant,consensus-deterministic
S4,S4,Idealized 113/114 cap-derived geometric schedule,274260000,scheduled subsidy boundary,0.00006456,0.00006399,1.00890764,0.89076418,price-only compensation; fees and miner costs held constant,consensus-deterministic
S4,S4,Idealized 113/114 cap-derived geometric schedule,274470000,scheduled subsidy boundary,0.00006399,0.00006342,1.00898770,0.89877010,price-only compensation; fees and miner costs held constant,consensus-deterministic
S4,S4,Idealized 113/114 cap-derived geometric schedule,274680000,scheduled subsidy boundary,0.00006342,0.00006286,1.00890869,0.89086860,price-only compensation; fees and miner costs held constant,consensus-deterministic
S4,S4,Idealized 113/114 cap-derived geometric schedule,274890000,scheduled subsidy boundary,0.00006286,0.00006230,1.00898876,0.89887640,price-only compensation; fees and miner costs held constant,consensus-deterministic
S4,S4,Idealized 113/114 cap-derived geometric schedule,275100000,scheduled subsidy boundary,0.00006230,0.00006175,1.00890688,0.89068826,price-only compensation; fees and miner costs held constant,consensus-deterministic
S4,S4,Idealized 113/114 cap-derived geometric schedule,275310000,scheduled subsidy boundary,0.00006175,0.00006120,1.00898693,0.89869281,price-only compensation; fees and miner costs held constant,consensus-deterministic
S4,S4,Idealized 113/114 cap-derived geometric schedule,275520000,scheduled subsidy boundary,0.00006120,0.00006066,1.00890208,0.89020772,price-only compensation; fees and miner costs held constant,consensus-deterministic
S4,S4,Idealized 113/114 cap-derived geometric schedule,275730000,scheduled subsidy boundary,0.00006066,0.00006012,1.00898204,0.89820359,price-only compensation; fees and miner costs held constant,consensus-deterministic
S4,S4,Idealized 113/114 cap-derived geometric schedule,275940000,scheduled subsidy boundary,0.00006012,0.00005959,1.00889411,0.88941097,price-only compensation; fees and miner costs held constant,consensus-deterministic
S4,S4,Idealized 113/114 cap-derived geometric schedule,276150000,scheduled subsidy boundary,0.00005959,0.00005906,1.00897392,0.89739248,price-only compensation; fees and miner costs held constant,consensus-deterministic
S4,S4,Idealized 113/114 cap-derived geometric schedule,276360000,scheduled subsidy boundary,0.00005906,0.00005854,1.00888282,0.88828152,price-only compensation; fees and miner costs held constant,consensus-deterministic
S4,S4,Idealized 113/114 cap-derived geometric schedule,276570000,scheduled subsidy boundary,0.00005854,0.00005802,1.00896243,0.89624267,price-only compensation; fees and miner costs held constant,consensus-deterministic
S4,S4,Idealized 113/114 cap-derived geometric schedule,276780000,scheduled subsidy boundary,0.00005802,0.00005751,1.00886802,0.88680230,price-only compensation; fees and miner costs held constant,consensus-deterministic
S4,S4,Idealized 113/114 cap-derived geometric schedule,276990000,scheduled subsidy boundary,0.00005751,0.00005700,1.00894737,0.89473684,price-only compensation; fees and miner costs held constant,consensus-deterministic
S4,S4,Idealized 113/114 cap-derived geometric schedule,277200000,scheduled subsidy boundary,0.00005700,0.00005650,1.00884956,0.88495575,price-only compensation; fees and miner costs held constant,consensus-deterministic
S4,S4,Idealized 113/114 cap-derived geometric schedule,277410000,scheduled subsidy boundary,0.00005650,0.00005600,1.00892857,0.89285714,price-only compensation; fees and miner costs held constant,consensus-deterministic
S4,S4,Idealized 113/114 cap-derived geometric schedule,277620000,scheduled subsidy boundary,0.00005600,0.00005550,1.00900901,0.90090090,price-only compensation; fees and miner costs held constant,consensus-deterministic
S4,S4,Idealized 113/114 cap-derived geometric schedule,277830000,scheduled subsidy boundary,0.00005550,0.00005501,1.00890747,0.89074714,price-only compensation; fees and miner costs held constant,consensus-deterministic
S4,S4,Idealized 113/114 cap-derived geometric schedule,278040000,scheduled subsidy boundary,0.00005501,0.00005452,1.00898753,0.89875275,price-only compensation; fees and miner costs held constant,consensus-deterministic
S4,S4,Idealized 113/114 cap-derived geometric schedule,278250000,scheduled subsidy boundary,0.00005452,0.00005404,1.00888231,0.88823094,price-only compensation; fees and miner costs held constant,consensus-deterministic
S4,S4,Idealized 113/114 cap-derived geometric schedule,278460000,scheduled subsidy boundary,0.00005404,0.00005356,1.00896191,0.89619119,price-only compensation; fees and miner costs held constant,consensus-deterministic
S4,S4,Idealized 113/114 cap-derived geometric schedule,278670000,scheduled subsidy boundary,0.00005356,0.00005309,1.00885289,0.88528913,price-only compensation; fees and miner costs held constant,consensus-deterministic
S4,S4,Idealized 113/114 cap-derived geometric schedule,278880000,scheduled subsidy boundary,0.00005309,0.00005262,1.00893197,0.89319650,price-only compensation; fees and miner costs held constant,consensus-deterministic
S4,S4,Idealized 113/114 cap-derived geometric schedule,279090000,scheduled subsidy boundary,0.00005262,0.00005215,1.00901246,0.90124640,price-only compensation; fees and miner costs held constant,consensus-deterministic
S4,S4,Idealized 113/114 cap-derived geometric schedule,279300000,scheduled subsidy boundary,0.00005215,0.00005169,1.00889921,0.88992068,price-only compensation; fees and miner costs held constant,consensus-deterministic
S4,S4,Idealized 113/114 cap-derived geometric schedule,279510000,scheduled subsidy boundary,0.00005169,0.00005123,1.00897911,0.89791138,price-only compensation; fees and miner costs held constant,consensus-deterministic
S4,S4,Idealized 113/114 cap-derived geometric schedule,279720000,scheduled subsidy boundary,0.00005123,0.00005078,1.00886176,0.88617566,price-only compensation; fees and miner costs held constant,consensus-deterministic
S4,S4,Idealized 113/114 cap-derived geometric schedule,279930000,scheduled subsidy boundary,0.00005078,0.00005033,1.00894099,0.89409895,price-only compensation; fees and miner costs held constant,consensus-deterministic
S4,S4,Idealized 113/114 cap-derived geometric schedule,280140000,scheduled subsidy boundary,0.00005033,0.00004988,1.00902165,0.90216520,price-only compensation; fees and miner costs held constant,consensus-deterministic
S4,S4,Idealized 113/114 cap-derived geometric schedule,280350000,scheduled subsidy boundary,0.00004988,0.00004944,1.00889968,0.88996764,price-only compensation; fees and miner costs held constant,consensus-deterministic
S4,S4,Idealized 113/114 cap-derived geometric schedule,280560000,scheduled subsidy boundary,0.00004944,0.00004900,1.00897959,0.89795918,price-only compensation; fees and miner costs held constant,consensus-deterministic
S4,S4,Idealized 113/114 cap-derived geometric schedule,280770000,scheduled subsidy boundary,0.00004900,0.00004857,1.00885320,0.88532016,price-only compensation; fees and miner costs held constant,consensus-deterministic
S4,S4,Idealized 113/114 cap-derived geometric schedule,280980000,scheduled subsidy boundary,0.00004857,0.00004814,1.00893228,0.89322808,price-only compensation; fees and miner costs held constant,consensus-deterministic
S4,S4,Idealized 113/114 cap-derived geometric schedule,281190000,scheduled subsidy boundary,0.00004814,0.00004771,1.00901279,0.90127856,price-only compensation; fees and miner costs held constant,consensus-deterministic
S4,S4,Idealized 113/114 cap-derived geometric schedule,281400000,scheduled subsidy boundary,0.00004771,0.00004729,1.00888137,0.88813703,price-only compensation; fees and miner costs held constant,consensus-deterministic
S4,S4,Idealized 113/114 cap-derived geometric schedule,281610000,scheduled subsidy boundary,0.00004729,0.00004687,1.00896096,0.89609558,price-only compensation; fees and miner costs held constant,consensus-deterministic
S4,S4,Idealized 113/114 cap-derived geometric schedule,281820000,scheduled subsidy boundary,0.00004687,0.00004645,1.00904198,0.90419806,price-only compensation; fees and miner costs held constant,consensus-deterministic
S4,S4,Idealized 113/114 cap-derived geometric schedule,282030000,scheduled subsidy boundary,0.00004645,0.00004604,1.00890530,0.89052997,price-only compensation; fees and miner costs held constant,consensus-deterministic
S4,S4,Idealized 113/114 cap-derived geometric schedule,282240000,scheduled subsidy boundary,0.00004604,0.00004563,1.00898532,0.89853167,price-only compensation; fees and miner costs held constant,consensus-deterministic
S4,S4,Idealized 113/114 cap-derived geometric schedule,282450000,scheduled subsidy boundary,0.00004563,0.00004522,1.00906678,0.90667846,price-only compensation; fees and miner costs held constant,consensus-deterministic
S4,S4,Idealized 113/114 cap-derived geometric schedule,282660000,scheduled subsidy boundary,0.00004522,0.00004482,1.00892459,0.89245872,price-only compensation; fees and miner costs held constant,consensus-deterministic
S4,S4,Idealized 113/114 cap-derived geometric schedule,282870000,scheduled subsidy boundary,0.00004482,0.00004442,1.00900495,0.90049527,price-only compensation; fees and miner costs held constant,consensus-deterministic
S4,S4,Idealized 113/114 cap-derived geometric schedule,283080000,scheduled subsidy boundary,0.00004442,0.00004403,1.00885760,0.88575971,price-only compensation; fees and miner costs held constant,consensus-deterministic
S4,S4,Idealized 113/114 cap-derived geometric schedule,283290000,scheduled subsidy boundary,0.00004403,0.00004364,1.00893676,0.89367553,price-only compensation; fees and miner costs held constant,consensus-deterministic
S4,S4,Idealized 113/114 cap-derived geometric schedule,283500000,scheduled subsidy boundary,0.00004364,0.00004325,1.00901734,0.90173410,price-only compensation; fees and miner costs held constant,consensus-deterministic
S4,S4,Idealized 113/114 cap-derived geometric schedule,283710000,scheduled subsidy boundary,0.00004325,0.00004287,1.00886401,0.88640075,price-only compensation; fees and miner costs held constant,consensus-deterministic
S4,S4,Idealized 113/114 cap-derived geometric schedule,283920000,scheduled subsidy boundary,0.00004287,0.00004249,1.00894328,0.89432808,price-only compensation; fees and miner costs held constant,consensus-deterministic
S4,S4,Idealized 113/114 cap-derived geometric schedule,284130000,scheduled subsidy boundary,0.00004249,0.00004211,1.00902398,0.90239848,price-only compensation; fees and miner costs held constant,consensus-deterministic
S4,S4,Idealized 113/114 cap-derived geometric schedule,284340000,scheduled subsidy boundary,0.00004211,0.00004174,1.00886440,0.88643987,price-only compensation; fees and miner costs held constant,consensus-deterministic
S4,S4,Idealized 113/114 cap-derived geometric schedule,284550000,scheduled subsidy boundary,0.00004174,0.00004137,1.00894368,0.89436790,price-only compensation; fees and miner costs held constant,consensus-deterministic
S4,S4,Idealized 113/114 cap-derived geometric schedule,284760000,scheduled subsidy boundary,0.00004137,0.00004100,1.00902439,0.90243902,price-only compensation; fees and miner costs held constant,consensus-deterministic
S4,S4,Idealized 113/114 cap-derived geometric schedule,284970000,scheduled subsidy boundary,0.00004100,0.00004064,1.00885827,0.88582677,price-only compensation; fees and miner costs held constant,consensus-deterministic
S4,S4,Idealized 113/114 cap-derived geometric schedule,285180000,scheduled subsidy boundary,0.00004064,0.00004028,1.00893744,0.89374379,price-only compensation; fees and miner costs held constant,consensus-deterministic
S4,S4,Idealized 113/114 cap-derived geometric schedule,285390000,scheduled subsidy boundary,0.00004028,0.00003992,1.00901804,0.90180361,price-only compensation; fees and miner costs held constant,consensus-deterministic
S4,S4,Idealized 113/114 cap-derived geometric schedule,285600000,scheduled subsidy boundary,0.00003992,0.00003956,1.00910010,0.91001011,price-only compensation; fees and miner costs held constant,consensus-deterministic
S4,S4,Idealized 113/114 cap-derived geometric schedule,285810000,scheduled subsidy boundary,0.00003956,0.00003921,1.00892629,0.89262943,price-only compensation; fees and miner costs held constant,consensus-deterministic
S4,S4,Idealized 113/114 cap-derived geometric schedule,286020000,scheduled subsidy boundary,0.00003921,0.00003886,1.00900669,0.90066907,price-only compensation; fees and miner costs held constant,consensus-deterministic
S4,S4,Idealized 113/114 cap-derived geometric schedule,286230000,scheduled subsidy boundary,0.00003886,0.00003851,1.00908855,0.90885484,price-only compensation; fees and miner costs held constant,consensus-deterministic
S4,S4,Idealized 113/114 cap-derived geometric schedule,286440000,scheduled subsidy boundary,0.00003851,0.00003817,1.00890752,0.89075190,price-only compensation; fees and miner costs held constant,consensus-deterministic
S4,S4,Idealized 113/114 cap-derived geometric schedule,286650000,scheduled subsidy boundary,0.00003817,0.00003783,1.00898758,0.89875760,price-only compensation; fees and miner costs held constant,consensus-deterministic
S4,S4,Idealized 113/114 cap-derived geometric schedule,286860000,scheduled subsidy boundary,0.00003783,0.00003749,1.00906909,0.90690851,price-only compensation; fees and miner costs held constant,consensus-deterministic
S4,S4,Idealized 113/114 cap-derived geometric schedule,287070000,scheduled subsidy boundary,0.00003749,0.00003716,1.00888052,0.88805167,price-only compensation; fees and miner costs held constant,consensus-deterministic
S4,S4,Idealized 113/114 cap-derived geometric schedule,287280000,scheduled subsidy boundary,0.00003716,0.00003683,1.00896009,0.89600869,price-only compensation; fees and miner costs held constant,consensus-deterministic
S4,S4,Idealized 113/114 cap-derived geometric schedule,287490000,scheduled subsidy boundary,0.00003683,0.00003650,1.00904110,0.90410959,price-only compensation; fees and miner costs held constant,consensus-deterministic
S4,S4,Idealized 113/114 cap-derived geometric schedule,287700000,scheduled subsidy boundary,0.00003650,0.00003617,1.00912358,0.91235831,price-only compensation; fees and miner costs held constant,consensus-deterministic
S4,S4,Idealized 113/114 cap-derived geometric schedule,287910000,scheduled subsidy boundary,0.00003617,0.00003585,1.00892608,0.89260809,price-only compensation; fees and miner costs held constant,consensus-deterministic
S4,S4,Idealized 113/114 cap-derived geometric schedule,288120000,scheduled subsidy boundary,0.00003585,0.00003553,1.00900647,0.90064734,price-only compensation; fees and miner costs held constant,consensus-deterministic
S4,S4,Idealized 113/114 cap-derived geometric schedule,288330000,scheduled subsidy boundary,0.00003553,0.00003521,1.00908833,0.90883272,price-only compensation; fees and miner costs held constant,consensus-deterministic
S4,S4,Idealized 113/114 cap-derived geometric schedule,288540000,scheduled subsidy boundary,0.00003521,0.00003490,1.00888252,0.88825215,price-only compensation; fees and miner costs held constant,consensus-deterministic
S4,S4,Idealized 113/114 cap-derived geometric schedule,288750000,scheduled subsidy boundary,0.00003490,0.00003459,1.00896213,0.89621278,price-only compensation; fees and miner costs held constant,consensus-deterministic
S4,S4,Idealized 113/114 cap-derived geometric schedule,288960000,scheduled subsidy boundary,0.00003459,0.00003428,1.00904317,0.90431739,price-only compensation; fees and miner costs held constant,consensus-deterministic
S4,S4,Idealized 113/114 cap-derived geometric schedule,289170000,scheduled subsidy boundary,0.00003428,0.00003397,1.00912570,0.91256991,price-only compensation; fees and miner costs held constant,consensus-deterministic
S4,S4,Idealized 113/114 cap-derived geometric schedule,289380000,scheduled subsidy boundary,0.00003397,0.00003367,1.00891001,0.89100089,price-only compensation; fees and miner costs held constant,consensus-deterministic
S4,S4,Idealized 113/114 cap-derived geometric schedule,289590000,scheduled subsidy boundary,0.00003367,0.00003337,1.00899011,0.89901109,price-only compensation; fees and miner costs held constant,consensus-deterministic
S4,S4,Idealized 113/114 cap-derived geometric schedule,289800000,scheduled subsidy boundary,0.00003337,0.00003307,1.00907167,0.90716662,price-only compensation; fees and miner costs held constant,consensus-deterministic
S4,S4,Idealized 113/114 cap-derived geometric schedule,290010000,scheduled subsidy boundary,0.00003307,0.00003277,1.00915471,0.91547147,price-only compensation; fees and miner costs held constant,consensus-deterministic
S4,S4,Idealized 113/114 cap-derived geometric schedule,290220000,scheduled subsidy boundary,0.00003277,0.00003248,1.00892857,0.89285714,price-only compensation; fees and miner costs held constant,consensus-deterministic
S4,S4,Idealized 113/114 cap-derived geometric schedule,290430000,scheduled subsidy boundary,0.00003248,0.00003219,1.00900901,0.90090090,price-only compensation; fees and miner costs held constant,consensus-deterministic
S4,S4,Idealized 113/114 cap-derived geometric schedule,290640000,scheduled subsidy boundary,0.00003219,0.00003190,1.00909091,0.90909091,price-only compensation; fees and miner costs held constant,consensus-deterministic
S4,S4,Idealized 113/114 cap-derived geometric schedule,290850000,scheduled subsidy boundary,0.00003190,0.00003162,1.00885515,0.88551550,price-only compensation; fees and miner costs held constant,consensus-deterministic
S4,S4,Idealized 113/114 cap-derived geometric schedule,291060000,scheduled subsidy boundary,0.00003162,0.00003134,1.00893427,0.89342693,price-only compensation; fees and miner costs held constant,consensus-deterministic
S4,S4,Idealized 113/114 cap-derived geometric schedule,291270000,scheduled subsidy boundary,0.00003134,0.00003106,1.00901481,0.90148100,price-only compensation; fees and miner costs held constant,consensus-deterministic
S4,S4,Idealized 113/114 cap-derived geometric schedule,291480000,scheduled subsidy boundary,0.00003106,0.00003078,1.00909682,0.90968161,price-only compensation; fees and miner costs held constant,consensus-deterministic
S4,S4,Idealized 113/114 cap-derived geometric schedule,291690000,scheduled subsidy boundary,0.00003078,0.00003051,1.00884956,0.88495575,price-only compensation; fees and miner costs held constant,consensus-deterministic
S4,S4,Idealized 113/114 cap-derived geometric schedule,291900000,scheduled subsidy boundary,0.00003051,0.00003024,1.00892857,0.89285714,price-only compensation; fees and miner costs held constant,consensus-deterministic
S4,S4,Idealized 113/114 cap-derived geometric schedule,292110000,scheduled subsidy boundary,0.00003024,0.00002997,1.00900901,0.90090090,price-only compensation; fees and miner costs held constant,consensus-deterministic
S4,S4,Idealized 113/114 cap-derived geometric schedule,292320000,scheduled subsidy boundary,0.00002997,0.00002970,1.00909091,0.90909091,price-only compensation; fees and miner costs held constant,consensus-deterministic
S4,S4,Idealized 113/114 cap-derived geometric schedule,292530000,scheduled subsidy boundary,0.00002970,0.00002943,1.00917431,0.91743119,price-only compensation; fees and miner costs held constant,consensus-deterministic
S4,S4,Idealized 113/114 cap-derived geometric schedule,292740000,scheduled subsidy boundary,0.00002943,0.00002917,1.00891327,0.89132671,price-only compensation; fees and miner costs held constant,consensus-deterministic
S4,S4,Idealized 113/114 cap-derived geometric schedule,292950000,scheduled subsidy boundary,0.00002917,0.00002891,1.00899343,0.89934279,price-only compensation; fees and miner costs held constant,consensus-deterministic
S4,S4,Idealized 113/114 cap-derived geometric schedule,293160000,scheduled subsidy boundary,0.00002891,0.00002865,1.00907504,0.90750436,price-only compensation; fees and miner costs held constant,consensus-deterministic
S4,S4,Idealized 113/114 cap-derived geometric schedule,293370000,scheduled subsidy boundary,0.00002865,0.00002839,1.00915815,0.91581543,price-only compensation; fees and miner costs held constant,consensus-deterministic
S4,S4,Idealized 113/114 cap-derived geometric schedule,293580000,scheduled subsidy boundary,0.00002839,0.00002814,1.00888415,0.88841507,price-only compensation; fees and miner costs held constant,consensus-deterministic
S4,S4,Idealized 113/114 cap-derived geometric schedule,293790000,scheduled subsidy boundary,0.00002814,0.00002789,1.00896379,0.89637863,price-only compensation; fees and miner costs held constant,consensus-deterministic
S4,S4,Idealized 113/114 cap-derived geometric schedule,294000000,scheduled subsidy boundary,0.00002789,0.00002764,1.00904486,0.90448625,price-only compensation; fees and miner costs held constant,consensus-deterministic
S4,S4,Idealized 113/114 cap-derived geometric schedule,294210000,scheduled subsidy boundary,0.00002764,0.00002739,1.00912742,0.91274188,price-only compensation; fees and miner costs held constant,consensus-deterministic
S4,S4,Idealized 113/114 cap-derived geometric schedule,294420000,scheduled subsidy boundary,0.00002739,0.00002714,1.00921150,0.92114959,price-only compensation; fees and miner costs held constant,consensus-deterministic
S4,S4,Idealized 113/114 cap-derived geometric schedule,294630000,scheduled subsidy boundary,0.00002714,0.00002690,1.00892193,0.89219331,price-only compensation; fees and miner costs held constant,consensus-deterministic
S4,S4,Idealized 113/114 cap-derived geometric schedule,294840000,scheduled subsidy boundary,0.00002690,0.00002666,1.00900225,0.90022506,price-only compensation; fees and miner costs held constant,consensus-deterministic
S4,S4,Idealized 113/114 cap-derived geometric schedule,295050000,scheduled subsidy boundary,0.00002666,0.00002642,1.00908403,0.90840273,price-only compensation; fees and miner costs held constant,consensus-deterministic
S4,S4,Idealized 113/114 cap-derived geometric schedule,295260000,scheduled subsidy boundary,0.00002642,0.00002618,1.00916730,0.91673033,price-only compensation; fees and miner costs held constant,consensus-deterministic
S4,S4,Idealized 113/114 cap-derived geometric schedule,295470000,scheduled subsidy boundary,0.00002618,0.00002595,1.00886320,0.88631985,price-only compensation; fees and miner costs held constant,consensus-deterministic
S4,S4,Idealized 113/114 cap-derived geometric schedule,295680000,scheduled subsidy boundary,0.00002595,0.00002572,1.00894246,0.89424572,price-only compensation; fees and miner costs held constant,consensus-deterministic
S4,S4,Idealized 113/114 cap-derived geometric schedule,295890000,scheduled subsidy boundary,0.00002572,0.00002549,1.00902315,0.90231463,price-only compensation; fees and miner costs held constant,consensus-deterministic
S4,S4,Idealized 113/114 cap-derived geometric schedule,296100000,scheduled subsidy boundary,0.00002549,0.00002526,1.00910530,0.91053048,price-only compensation; fees and miner costs held constant,consensus-deterministic
S4,S4,Idealized 113/114 cap-derived geometric schedule,296310000,scheduled subsidy boundary,0.00002526,0.00002503,1.00918897,0.91889732,price-only compensation; fees and miner costs held constant,consensus-deterministic
S4,S4,Idealized 113/114 cap-derived geometric schedule,296520000,scheduled subsidy boundary,0.00002503,0.00002481,1.00886739,0.88673922,price-only compensation; fees and miner costs held constant,consensus-deterministic
S4,S4,Idealized 113/114 cap-derived geometric schedule,296730000,scheduled subsidy boundary,0.00002481,0.00002459,1.00894673,0.89467263,price-only compensation; fees and miner costs held constant,consensus-deterministic
S4,S4,Idealized 113/114 cap-derived geometric schedule,296940000,scheduled subsidy boundary,0.00002459,0.00002437,1.00902749,0.90274928,price-only compensation; fees and miner costs held constant,consensus-deterministic
S4,S4,Idealized 113/114 cap-derived geometric schedule,297150000,scheduled subsidy boundary,0.00002437,0.00002415,1.00910973,0.91097308,price-only compensation; fees and miner costs held constant,consensus-deterministic
S4,S4,Idealized 113/114 cap-derived geometric schedule,297360000,scheduled subsidy boundary,0.00002415,0.00002393,1.00919348,0.91934810,price-only compensation; fees and miner costs held constant,consensus-deterministic
S4,S4,Idealized 113/114 cap-derived geometric schedule,297570000,scheduled subsidy boundary,0.00002393,0.00002372,1.00885329,0.88532884,price-only compensation; fees and miner costs held constant,consensus-deterministic
S4,S4,Idealized 113/114 cap-derived geometric schedule,297780000,scheduled subsidy boundary,0.00002372,0.00002351,1.00893237,0.89323692,price-only compensation; fees and miner costs held constant,consensus-deterministic
S4,S4,Idealized 113/114 cap-derived geometric schedule,297990000,scheduled subsidy boundary,0.00002351,0.00002330,1.00901288,0.90128755,price-only compensation; fees and miner costs held constant,consensus-deterministic
S4,S4,Idealized 113/114 cap-derived geometric schedule,298200000,scheduled subsidy boundary,0.00002330,0.00002309,1.00909485,0.90948463,price-only compensation; fees and miner costs held constant,consensus-deterministic
S4,S4,Idealized 113/114 cap-derived geometric schedule,298410000,scheduled subsidy boundary,0.00002309,0.00002288,1.00917832,0.91783217,price-only compensation; fees and miner costs held constant,consensus-deterministic
S4,S4,Idealized 113/114 cap-derived geometric schedule,298620000,scheduled subsidy boundary,0.00002288,0.00002267,1.00926334,0.92633436,price-only compensation; fees and miner costs held constant,consensus-deterministic
S4,S4,Idealized 113/114 cap-derived geometric schedule,298830000,scheduled subsidy boundary,0.00002267,0.00002247,1.00890076,0.89007566,price-only compensation; fees and miner costs held constant,consensus-deterministic
S4,S4,Idealized 113/114 cap-derived geometric schedule,299040000,scheduled subsidy boundary,0.00002247,0.00002227,1.00898069,0.89806915,price-only compensation; fees and miner costs held constant,consensus-deterministic
S4,S4,Idealized 113/114 cap-derived geometric schedule,299250000,scheduled subsidy boundary,0.00002227,0.00002207,1.00906208,0.90620752,price-only compensation; fees and miner costs held constant,consensus-deterministic
S4,S4,Idealized 113/114 cap-derived geometric schedule,299460000,scheduled subsidy boundary,0.00002207,0.00002187,1.00914495,0.91449474,price-only compensation; fees and miner costs held constant,consensus-deterministic
S4,S4,Idealized 113/114 cap-derived geometric schedule,299670000,scheduled subsidy boundary,0.00002187,0.00002167,1.00922935,0.92293493,price-only compensation; fees and miner costs held constant,consensus-deterministic
S4,S4,Idealized 113/114 cap-derived geometric schedule,299880000,scheduled subsidy boundary,0.00002167,0.00002147,1.00931532,0.93153237,price-only compensation; fees and miner costs held constant,consensus-deterministic
S4,S4,Idealized 113/114 cap-derived geometric schedule,300090000,scheduled subsidy boundary,0.00002147,0.00002128,1.00892857,0.89285714,price-only compensation; fees and miner costs held constant,consensus-deterministic
S4,S4,Idealized 113/114 cap-derived geometric schedule,300300000,scheduled subsidy boundary,0.00002128,0.00002109,1.00900901,0.90090090,price-only compensation; fees and miner costs held constant,consensus-deterministic
S4,S4,Idealized 113/114 cap-derived geometric schedule,300510000,scheduled subsidy boundary,0.00002109,0.00002090,1.00909091,0.90909091,price-only compensation; fees and miner costs held constant,consensus-deterministic
S4,S4,Idealized 113/114 cap-derived geometric schedule,300720000,scheduled subsidy boundary,0.00002090,0.00002071,1.00917431,0.91743119,price-only compensation; fees and miner costs held constant,consensus-deterministic
S4,S4,Idealized 113/114 cap-derived geometric schedule,300930000,scheduled subsidy boundary,0.00002071,0.00002052,1.00925926,0.92592593,price-only compensation; fees and miner costs held constant,consensus-deterministic
S4,S4,Idealized 113/114 cap-derived geometric schedule,301140000,scheduled subsidy boundary,0.00002052,0.00002034,1.00884956,0.88495575,price-only compensation; fees and miner costs held constant,consensus-deterministic
S4,S4,Idealized 113/114 cap-derived geometric schedule,301350000,scheduled subsidy boundary,0.00002034,0.00002016,1.00892857,0.89285714,price-only compensation; fees and miner costs held constant,consensus-deterministic
S4,S4,Idealized 113/114 cap-derived geometric schedule,301560000,scheduled subsidy boundary,0.00002016,0.00001998,1.00900901,0.90090090,price-only compensation; fees and miner costs held constant,consensus-deterministic
S4,S4,Idealized 113/114 cap-derived geometric schedule,301770000,scheduled subsidy boundary,0.00001998,0.00001980,1.00909091,0.90909091,price-only compensation; fees and miner costs held constant,consensus-deterministic
S4,S4,Idealized 113/114 cap-derived geometric schedule,301980000,scheduled subsidy boundary,0.00001980,0.00001962,1.00917431,0.91743119,price-only compensation; fees and miner costs held constant,consensus-deterministic
S4,S4,Idealized 113/114 cap-derived geometric schedule,302190000,scheduled subsidy boundary,0.00001962,0.00001944,1.00925926,0.92592593,price-only compensation; fees and miner costs held constant,consensus-deterministic
S4,S4,Idealized 113/114 cap-derived geometric schedule,302400000,scheduled subsidy boundary,0.00001944,0.00001926,1.00934579,0.93457944,price-only compensation; fees and miner costs held constant,consensus-deterministic
S4,S4,Idealized 113/114 cap-derived geometric schedule,302610000,scheduled subsidy boundary,0.00001926,0.00001909,1.00890519,0.89051860,price-only compensation; fees and miner costs held constant,consensus-deterministic
S4,S4,Idealized 113/114 cap-derived geometric schedule,302820000,scheduled subsidy boundary,0.00001909,0.00001892,1.00898520,0.89852008,price-only compensation; fees and miner costs held constant,consensus-deterministic
S4,S4,Idealized 113/114 cap-derived geometric schedule,303030000,scheduled subsidy boundary,0.00001892,0.00001875,1.00906667,0.90666667,price-only compensation; fees and miner costs held constant,consensus-deterministic
S4,S4,Idealized 113/114 cap-derived geometric schedule,303240000,scheduled subsidy boundary,0.00001875,0.00001858,1.00914962,0.91496233,price-only compensation; fees and miner costs held constant,consensus-deterministic
S4,S4,Idealized 113/114 cap-derived geometric schedule,303450000,scheduled subsidy boundary,0.00001858,0.00001841,1.00923411,0.92341119,price-only compensation; fees and miner costs held constant,consensus-deterministic
S4,S4,Idealized 113/114 cap-derived geometric schedule,303660000,scheduled subsidy boundary,0.00001841,0.00001824,1.00932018,0.93201754,price-only compensation; fees and miner costs held constant,consensus-deterministic
S4,S4,Idealized 113/114 cap-derived geometric schedule,303870000,scheduled subsidy boundary,0.00001824,0.00001808,1.00884956,0.88495575,price-only compensation; fees and miner costs held constant,consensus-deterministic
S4,S4,Idealized 113/114 cap-derived geometric schedule,304080000,scheduled subsidy boundary,0.00001808,0.00001792,1.00892857,0.89285714,price-only compensation; fees and miner costs held constant,consensus-deterministic
S4,S4,Idealized 113/114 cap-derived geometric schedule,304290000,scheduled subsidy boundary,0.00001792,0.00001776,1.00900901,0.90090090,price-only compensation; fees and miner costs held constant,consensus-deterministic
S4,S4,Idealized 113/114 cap-derived geometric schedule,304500000,scheduled subsidy boundary,0.00001776,0.00001760,1.00909091,0.90909091,price-only compensation; fees and miner costs held constant,consensus-deterministic
S4,S4,Idealized 113/114 cap-derived geometric schedule,304710000,scheduled subsidy boundary,0.00001760,0.00001744,1.00917431,0.91743119,price-only compensation; fees and miner costs held constant,consensus-deterministic
S4,S4,Idealized 113/114 cap-derived geometric schedule,304920000,scheduled subsidy boundary,0.00001744,0.00001728,1.00925926,0.92592593,price-only compensation; fees and miner costs held constant,consensus-deterministic
S4,S4,Idealized 113/114 cap-derived geometric schedule,305130000,scheduled subsidy boundary,0.00001728,0.00001712,1.00934579,0.93457944,price-only compensation; fees and miner costs held constant,consensus-deterministic
S4,S4,Idealized 113/114 cap-derived geometric schedule,305340000,scheduled subsidy boundary,0.00001712,0.00001696,1.00943396,0.94339623,price-only compensation; fees and miner costs held constant,consensus-deterministic
S4,S4,Idealized 113/114 cap-derived geometric schedule,305550000,scheduled subsidy boundary,0.00001696,0.00001681,1.00892326,0.89232600,price-only compensation; fees and miner costs held constant,consensus-deterministic
S4,S4,Idealized 113/114 cap-derived geometric schedule,305760000,scheduled subsidy boundary,0.00001681,0.00001666,1.00900360,0.90036014,price-only compensation; fees and miner costs held constant,consensus-deterministic
S4,S4,Idealized 113/114 cap-derived geometric schedule,305970000,scheduled subsidy boundary,0.00001666,0.00001651,1.00908540,0.90854028,price-only compensation; fees and miner costs held constant,consensus-deterministic
S4,S4,Idealized 113/114 cap-derived geometric schedule,306180000,scheduled subsidy boundary,0.00001651,0.00001636,1.00916870,0.91687042,price-only compensation; fees and miner costs held constant,consensus-deterministic
S4,S4,Idealized 113/114 cap-derived geometric schedule,306390000,scheduled subsidy boundary,0.00001636,0.00001621,1.00925355,0.92535472,price-only compensation; fees and miner costs held constant,consensus-deterministic
S4,S4,Idealized 113/114 cap-derived geometric schedule,306600000,scheduled subsidy boundary,0.00001621,0.00001606,1.00933998,0.93399751,price-only compensation; fees and miner costs held constant,consensus-deterministic
S4,S4,Idealized 113/114 cap-derived geometric schedule,306810000,scheduled subsidy boundary,0.00001606,0.00001591,1.00942803,0.94280327,price-only compensation; fees and miner costs held constant,consensus-deterministic
S4,S4,Idealized 113/114 cap-derived geometric schedule,307020000,scheduled subsidy boundary,0.00001591,0.00001577,1.00887762,0.88776157,price-only compensation; fees and miner costs held constant,consensus-deterministic
S4,S4,Idealized 113/114 cap-derived geometric schedule,307230000,scheduled subsidy boundary,0.00001577,0.00001563,1.00895713,0.89571337,price-only compensation; fees and miner costs held constant,consensus-deterministic
S4,S4,Idealized 113/114 cap-derived geometric schedule,307440000,scheduled subsidy boundary,0.00001563,0.00001549,1.00903809,0.90380891,price-only compensation; fees and miner costs held constant,consensus-deterministic
S4,S4,Idealized 113/114 cap-derived geometric schedule,307650000,scheduled subsidy boundary,0.00001549,0.00001535,1.00912052,0.91205212,price-only compensation; fees and miner costs held constant,consensus-deterministic
S4,S4,Idealized 113/114 cap-derived geometric schedule,307860000,scheduled subsidy boundary,0.00001535,0.00001521,1.00920447,0.92044707,price-only compensation; fees and miner costs held constant,consensus-deterministic
S4,S4,Idealized 113/114 cap-derived geometric schedule,308070000,scheduled subsidy boundary,0.00001521,0.00001507,1.00928998,0.92899801,price-only compensation; fees and miner costs held constant,consensus-deterministic
S4,S4,Idealized 113/114 cap-derived geometric schedule,308280000,scheduled subsidy boundary,0.00001507,0.00001493,1.00937709,0.93770931,price-only compensation; fees and miner costs held constant,consensus-deterministic
S4,S4,Idealized 113/114 cap-derived geometric schedule,308490000,scheduled subsidy boundary,0.00001493,0.00001479,1.00946586,0.94658553,price-only compensation; fees and miner costs held constant,consensus-deterministic
S4,S4,Idealized 113/114 cap-derived geometric schedule,308700000,scheduled subsidy boundary,0.00001479,0.00001466,1.00886767,0.88676671,price-only compensation; fees and miner costs held constant,consensus-deterministic
S4,S4,Idealized 113/114 cap-derived geometric schedule,308910000,scheduled subsidy boundary,0.00001466,0.00001453,1.00894701,0.89470062,price-only compensation; fees and miner costs held constant,consensus-deterministic
S4,S4,Idealized 113/114 cap-derived geometric schedule,309120000,scheduled subsidy boundary,0.00001453,0.00001440,1.00902778,0.90277778,price-only compensation; fees and miner costs held constant,consensus-deterministic
S4,S4,Idealized 113/114 cap-derived geometric schedule,309330000,scheduled subsidy boundary,0.00001440,0.00001427,1.00911002,0.91100210,price-only compensation; fees and miner costs held constant,consensus-deterministic
S4,S4,Idealized 113/114 cap-derived geometric schedule,309540000,scheduled subsidy boundary,0.00001427,0.00001414,1.00919378,0.91937765,price-only compensation; fees and miner costs held constant,consensus-deterministic
S4,S4,Idealized 113/114 cap-derived geometric schedule,309750000,scheduled subsidy boundary,0.00001414,0.00001401,1.00927909,0.92790864,price-only compensation; fees and miner costs held constant,consensus-deterministic
S4,S4,Idealized 113/114 cap-derived geometric schedule,309960000,scheduled subsidy boundary,0.00001401,0.00001388,1.00936599,0.93659942,price-only compensation; fees and miner costs held constant,consensus-deterministic
S4,S4,Idealized 113/114 cap-derived geometric schedule,310170000,scheduled subsidy boundary,0.00001388,0.00001375,1.00945455,0.94545455,price-only compensation; fees and miner costs held constant,consensus-deterministic
S4,S4,Idealized 113/114 cap-derived geometric schedule,310380000,scheduled subsidy boundary,0.00001375,0.00001362,1.00954479,0.95447871,price-only compensation; fees and miner costs held constant,consensus-deterministic
S4,S4,Idealized 113/114 cap-derived geometric schedule,310590000,scheduled subsidy boundary,0.00001362,0.00001350,1.00888889,0.88888889,price-only compensation; fees and miner costs held constant,consensus-deterministic
S4,S4,Idealized 113/114 cap-derived geometric schedule,310800000,scheduled subsidy boundary,0.00001350,0.00001338,1.00896861,0.89686099,price-only compensation; fees and miner costs held constant,consensus-deterministic
S4,S4,Idealized 113/114 cap-derived geometric schedule,311010000,scheduled subsidy boundary,0.00001338,0.00001326,1.00904977,0.90497738,price-only compensation; fees and miner costs held constant,consensus-deterministic
S4,S4,Idealized 113/114 cap-derived geometric schedule,311220000,scheduled subsidy boundary,0.00001326,0.00001314,1.00913242,0.91324201,price-only compensation; fees and miner costs held constant,consensus-deterministic
S4,S4,Idealized 113/114 cap-derived geometric schedule,311430000,scheduled subsidy boundary,0.00001314,0.00001302,1.00921659,0.92165899,price-only compensation; fees and miner costs held constant,consensus-deterministic
S4,S4,Idealized 113/114 cap-derived geometric schedule,311640000,scheduled subsidy boundary,0.00001302,0.00001290,1.00930233,0.93023256,price-only compensation; fees and miner costs held constant,consensus-deterministic
S4,S4,Idealized 113/114 cap-derived geometric schedule,311850000,scheduled subsidy boundary,0.00001290,0.00001278,1.00938967,0.93896714,price-only compensation; fees and miner costs held constant,consensus-deterministic
S4,S4,Idealized 113/114 cap-derived geometric schedule,312060000,scheduled subsidy boundary,0.00001278,0.00001266,1.00947867,0.94786730,price-only compensation; fees and miner costs held constant,consensus-deterministic
S4,S4,Idealized 113/114 cap-derived geometric schedule,312270000,scheduled subsidy boundary,0.00001266,0.00001254,1.00956938,0.95693780,price-only compensation; fees and miner costs held constant,consensus-deterministic
S4,S4,Idealized 113/114 cap-derived geometric schedule,312480000,scheduled subsidy boundary,0.00001254,0.00001243,1.00884956,0.88495575,price-only compensation; fees and miner costs held constant,consensus-deterministic
S4,S4,Idealized 113/114 cap-derived geometric schedule,312690000,scheduled subsidy boundary,0.00001243,0.00001232,1.00892857,0.89285714,price-only compensation; fees and miner costs held constant,consensus-deterministic
S4,S4,Idealized 113/114 cap-derived geometric schedule,312900000,scheduled subsidy boundary,0.00001232,0.00001221,1.00900901,0.90090090,price-only compensation; fees and miner costs held constant,consensus-deterministic
S4,S4,Idealized 113/114 cap-derived geometric schedule,313110000,scheduled subsidy boundary,0.00001221,0.00001210,1.00909091,0.90909091,price-only compensation; fees and miner costs held constant,consensus-deterministic
S4,S4,Idealized 113/114 cap-derived geometric schedule,313320000,scheduled subsidy boundary,0.00001210,0.00001199,1.00917431,0.91743119,price-only compensation; fees and miner costs held constant,consensus-deterministic
S4,S4,Idealized 113/114 cap-derived geometric schedule,313530000,scheduled subsidy boundary,0.00001199,0.00001188,1.00925926,0.92592593,price-only compensation; fees and miner costs held constant,consensus-deterministic
S4,S4,Idealized 113/114 cap-derived geometric schedule,313740000,scheduled subsidy boundary,0.00001188,0.00001177,1.00934579,0.93457944,price-only compensation; fees and miner costs held constant,consensus-deterministic
S4,S4,Idealized 113/114 cap-derived geometric schedule,313950000,scheduled subsidy boundary,0.00001177,0.00001166,1.00943396,0.94339623,price-only compensation; fees and miner costs held constant,consensus-deterministic
S4,S4,Idealized 113/114 cap-derived geometric schedule,314160000,scheduled subsidy boundary,0.00001166,0.00001155,1.00952381,0.95238095,price-only compensation; fees and miner costs held constant,consensus-deterministic
S4,S4,Idealized 113/114 cap-derived geometric schedule,314370000,scheduled subsidy boundary,0.00001155,0.00001144,1.00961538,0.96153846,price-only compensation; fees and miner costs held constant,consensus-deterministic
S4,S4,Idealized 113/114 cap-derived geometric schedule,314580000,scheduled subsidy boundary,0.00001144,0.00001133,1.00970874,0.97087379,price-only compensation; fees and miner costs held constant,consensus-deterministic
S4,S4,Idealized 113/114 cap-derived geometric schedule,314790000,scheduled subsidy boundary,0.00001133,0.00001123,1.00890472,0.89047195,price-only compensation; fees and miner costs held constant,consensus-deterministic
S4,S4,Idealized 113/114 cap-derived geometric schedule,315000000,scheduled subsidy boundary,0.00001123,0.00001113,1.00898473,0.89847260,price-only compensation; fees and miner costs held constant,consensus-deterministic
S4,S4,Idealized 113/114 cap-derived geometric schedule,315210000,scheduled subsidy boundary,0.00001113,0.00001103,1.00906618,0.90661831,price-only compensation; fees and miner costs held constant,consensus-deterministic
S4,S4,Idealized 113/114 cap-derived geometric schedule,315420000,scheduled subsidy boundary,0.00001103,0.00001093,1.00914913,0.91491308,price-only compensation; fees and miner costs held constant,consensus-deterministic
S4,S4,Idealized 113/114 cap-derived geometric schedule,315630000,scheduled subsidy boundary,0.00001093,0.00001083,1.00923361,0.92336103,price-only compensation; fees and miner costs held constant,consensus-deterministic
S4,S4,Idealized 113/114 cap-derived geometric schedule,315840000,scheduled subsidy boundary,0.00001083,0.00001073,1.00931966,0.93196645,price-only compensation; fees and miner costs held constant,consensus-deterministic
S4,S4,Idealized 113/114 cap-derived geometric schedule,316050000,scheduled subsidy boundary,0.00001073,0.00001063,1.00940734,0.94073377,price-only compensation; fees and miner costs held constant,consensus-deterministic
S4,S4,Idealized 113/114 cap-derived geometric schedule,316260000,scheduled subsidy boundary,0.00001063,0.00001053,1.00949668,0.94966762,price-only compensation; fees and miner costs held constant,consensus-deterministic
S4,S4,Idealized 113/114 cap-derived geometric schedule,316470000,scheduled subsidy boundary,0.00001053,0.00001043,1.00958773,0.95877277,price-only compensation; fees and miner costs held constant,consensus-deterministic
S4,S4,Idealized 113/114 cap-derived geometric schedule,316680000,scheduled subsidy boundary,0.00001043,0.00001033,1.00968054,0.96805421,price-only compensation; fees and miner costs held constant,consensus-deterministic
S4,S4,Idealized 113/114 cap-derived geometric schedule,316890000,scheduled subsidy boundary,0.00001033,0.00001023,1.00977517,0.97751711,price-only compensation; fees and miner costs held constant,consensus-deterministic
S4,S4,Idealized 113/114 cap-derived geometric schedule,317100000,scheduled subsidy boundary,0.00001023,0.00001014,1.00887574,0.88757396,price-only compensation; fees and miner costs held constant,consensus-deterministic
S4,S4,Idealized 113/114 cap-derived geometric schedule,317310000,scheduled subsidy boundary,0.00001014,0.00001005,1.00895522,0.89552239,price-only compensation; fees and miner costs held constant,consensus-deterministic
S4,S4,Idealized 113/114 cap-derived geometric schedule,317520000,scheduled subsidy boundary,0.00001005,0.00000996,1.00903614,0.90361446,price-only compensation; fees and miner costs held constant,consensus-deterministic
S4,S4,Idealized 113/114 cap-derived geometric schedule,317730000,scheduled subsidy boundary,0.00000996,0.00000987,1.00911854,0.91185410,price-only compensation; fees and miner costs held constant,consensus-deterministic
S4,S4,Idealized 113/114 cap-derived geometric schedule,317940000,scheduled subsidy boundary,0.00000987,0.00000978,1.00920245,0.92024540,price-only compensation; fees and miner costs held constant,consensus-deterministic
S4,S4,Idealized 113/114 cap-derived geometric schedule,318150000,scheduled subsidy boundary,0.00000978,0.00000969,1.00928793,0.92879257,price-only compensation; fees and miner costs held constant,consensus-deterministic
S4,S4,Idealized 113/114 cap-derived geometric schedule,318360000,scheduled subsidy boundary,0.00000969,0.00000960,1.00937500,0.93750000,price-only compensation; fees and miner costs held constant,consensus-deterministic
S4,S4,Idealized 113/114 cap-derived geometric schedule,318570000,scheduled subsidy boundary,0.00000960,0.00000951,1.00946372,0.94637224,price-only compensation; fees and miner costs held constant,consensus-deterministic
S4,S4,Idealized 113/114 cap-derived geometric schedule,318780000,scheduled subsidy boundary,0.00000951,0.00000942,1.00955414,0.95541401,price-only compensation; fees and miner costs held constant,consensus-deterministic
S4,S4,Idealized 113/114 cap-derived geometric schedule,318990000,scheduled subsidy boundary,0.00000942,0.00000933,1.00964630,0.96463023,price-only compensation; fees and miner costs held constant,consensus-deterministic
S4,S4,Idealized 113/114 cap-derived geometric schedule,319200000,scheduled subsidy boundary,0.00000933,0.00000924,1.00974026,0.97402597,price-only compensation; fees and miner costs held constant,consensus-deterministic
S4,S4,Idealized 113/114 cap-derived geometric schedule,319410000,scheduled subsidy boundary,0.00000924,0.00000915,1.00983607,0.98360656,price-only compensation; fees and miner costs held constant,consensus-deterministic
S4,S4,Idealized 113/114 cap-derived geometric schedule,319620000,scheduled subsidy boundary,0.00000915,0.00000906,1.00993377,0.99337748,price-only compensation; fees and miner costs held constant,consensus-deterministic
S4,S4,Idealized 113/114 cap-derived geometric schedule,319830000,scheduled subsidy boundary,0.00000906,0.00000898,1.00890869,0.89086860,price-only compensation; fees and miner costs held constant,consensus-deterministic
S4,S4,Idealized 113/114 cap-derived geometric schedule,320040000,scheduled subsidy boundary,0.00000898,0.00000890,1.00898876,0.89887640,price-only compensation; fees and miner costs held constant,consensus-deterministic
S4,S4,Idealized 113/114 cap-derived geometric schedule,320250000,scheduled subsidy boundary,0.00000890,0.00000882,1.00907029,0.90702948,price-only compensation; fees and miner costs held constant,consensus-deterministic
S4,S4,Idealized 113/114 cap-derived geometric schedule,320460000,scheduled subsidy boundary,0.00000882,0.00000874,1.00915332,0.91533181,price-only compensation; fees and miner costs held constant,consensus-deterministic
S4,S4,Idealized 113/114 cap-derived geometric schedule,320670000,scheduled subsidy boundary,0.00000874,0.00000866,1.00923788,0.92378753,price-only compensation; fees and miner costs held constant,consensus-deterministic
S4,S4,Idealized 113/114 cap-derived geometric schedule,320880000,scheduled subsidy boundary,0.00000866,0.00000858,1.00932401,0.93240093,price-only compensation; fees and miner costs held constant,consensus-deterministic
S4,S4,Idealized 113/114 cap-derived geometric schedule,321090000,scheduled subsidy boundary,0.00000858,0.00000850,1.00941176,0.94117647,price-only compensation; fees and miner costs held constant,consensus-deterministic
S4,S4,Idealized 113/114 cap-derived geometric schedule,321300000,scheduled subsidy boundary,0.00000850,0.00000842,1.00950119,0.95011876,price-only compensation; fees and miner costs held constant,consensus-deterministic
S4,S4,Idealized 113/114 cap-derived geometric schedule,321510000,scheduled subsidy boundary,0.00000842,0.00000834,1.00959233,0.95923261,price-only compensation; fees and miner costs held constant,consensus-deterministic
S4,S4,Idealized 113/114 cap-derived geometric schedule,321720000,scheduled subsidy boundary,0.00000834,0.00000826,1.00968523,0.96852300,price-only compensation; fees and miner costs held constant,consensus-deterministic
S4,S4,Idealized 113/114 cap-derived geometric schedule,321930000,scheduled subsidy boundary,0.00000826,0.00000818,1.00977995,0.97799511,price-only compensation; fees and miner costs held constant,consensus-deterministic
S4,S4,Idealized 113/114 cap-derived geometric schedule,322140000,scheduled subsidy boundary,0.00000818,0.00000810,1.00987654,0.98765432,price-only compensation; fees and miner costs held constant,consensus-deterministic
S4,S4,Idealized 113/114 cap-derived geometric schedule,322350000,scheduled subsidy boundary,0.00000810,0.00000802,1.00997506,0.99750623,price-only compensation; fees and miner costs held constant,consensus-deterministic
S4,S4,Idealized 113/114 cap-derived geometric schedule,322560000,scheduled subsidy boundary,0.00000802,0.00000794,1.01007557,1.00755668,price-only compensation; fees and miner costs held constant,consensus-deterministic
S4,S4,Idealized 113/114 cap-derived geometric schedule,322770000,scheduled subsidy boundary,0.00000794,0.00000787,1.00889454,0.88945362,price-only compensation; fees and miner costs held constant,consensus-deterministic
S4,S4,Idealized 113/114 cap-derived geometric schedule,322980000,scheduled subsidy boundary,0.00000787,0.00000780,1.00897436,0.89743590,price-only compensation; fees and miner costs held constant,consensus-deterministic
S4,S4,Idealized 113/114 cap-derived geometric schedule,323190000,scheduled subsidy boundary,0.00000780,0.00000773,1.00905563,0.90556274,price-only compensation; fees and miner costs held constant,consensus-deterministic
S4,S4,Idealized 113/114 cap-derived geometric schedule,323400000,scheduled subsidy boundary,0.00000773,0.00000766,1.00913838,0.91383812,price-only compensation; fees and miner costs held constant,consensus-deterministic
S4,S4,Idealized 113/114 cap-derived geometric schedule,323610000,scheduled subsidy boundary,0.00000766,0.00000759,1.00922266,0.92226614,price-only compensation; fees and miner costs held constant,consensus-deterministic
S4,S4,Idealized 113/114 cap-derived geometric schedule,323820000,scheduled subsidy boundary,0.00000759,0.00000752,1.00930851,0.93085106,price-only compensation; fees and miner costs held constant,consensus-deterministic
S4,S4,Idealized 113/114 cap-derived geometric schedule,324030000,scheduled subsidy boundary,0.00000752,0.00000745,1.00939597,0.93959732,price-only compensation; fees and miner costs held constant,consensus-deterministic
S4,S4,Idealized 113/114 cap-derived geometric schedule,324240000,scheduled subsidy boundary,0.00000745,0.00000738,1.00948509,0.94850949,price-only compensation; fees and miner costs held constant,consensus-deterministic
S4,S4,Idealized 113/114 cap-derived geometric schedule,324450000,scheduled subsidy boundary,0.00000738,0.00000731,1.00957592,0.95759234,price-only compensation; fees and miner costs held constant,consensus-deterministic
S4,S4,Idealized 113/114 cap-derived geometric schedule,324660000,scheduled subsidy boundary,0.00000731,0.00000724,1.00966851,0.96685083,price-only compensation; fees and miner costs held constant,consensus-deterministic
S4,S4,Idealized 113/114 cap-derived geometric schedule,324870000,scheduled subsidy boundary,0.00000724,0.00000717,1.00976290,0.97629010,price-only compensation; fees and miner costs held constant,consensus-deterministic
S4,S4,Idealized 113/114 cap-derived geometric schedule,325080000,scheduled subsidy boundary,0.00000717,0.00000710,1.00985915,0.98591549,price-only compensation; fees and miner costs held constant,consensus-deterministic
S4,S4,Idealized 113/114 cap-derived geometric schedule,325290000,scheduled subsidy boundary,0.00000710,0.00000703,1.00995733,0.99573257,price-only compensation; fees and miner costs held constant,consensus-deterministic
S4,S4,Idealized 113/114 cap-derived geometric schedule,325500000,scheduled subsidy boundary,0.00000703,0.00000696,1.01005747,1.00574713,price-only compensation; fees and miner costs held constant,consensus-deterministic
S4,S4,Idealized 113/114 cap-derived geometric schedule,325710000,scheduled subsidy boundary,0.00000696,0.00000689,1.01015965,1.01596517,price-only compensation; fees and miner costs held constant,consensus-deterministic
S4,S4,Idealized 113/114 cap-derived geometric schedule,325920000,scheduled subsidy boundary,0.00000689,0.00000682,1.01026393,1.02639296,price-only compensation; fees and miner costs held constant,consensus-deterministic
S4,S4,Idealized 113/114 cap-derived geometric schedule,326130000,scheduled subsidy boundary,0.00000682,0.00000676,1.00887574,0.88757396,price-only compensation; fees and miner costs held constant,consensus-deterministic
S4,S4,Idealized 113/114 cap-derived geometric schedule,326340000,scheduled subsidy boundary,0.00000676,0.00000670,1.00895522,0.89552239,price-only compensation; fees and miner costs held constant,consensus-deterministic
S4,S4,Idealized 113/114 cap-derived geometric schedule,326550000,scheduled subsidy boundary,0.00000670,0.00000664,1.00903614,0.90361446,price-only compensation; fees and miner costs held constant,consensus-deterministic
S4,S4,Idealized 113/114 cap-derived geometric schedule,326760000,scheduled subsidy boundary,0.00000664,0.00000658,1.00911854,0.91185410,price-only compensation; fees and miner costs held constant,consensus-deterministic
S4,S4,Idealized 113/114 cap-derived geometric schedule,326970000,scheduled subsidy boundary,0.00000658,0.00000652,1.00920245,0.92024540,price-only compensation; fees and miner costs held constant,consensus-deterministic
S4,S4,Idealized 113/114 cap-derived geometric schedule,327180000,scheduled subsidy boundary,0.00000652,0.00000646,1.00928793,0.92879257,price-only compensation; fees and miner costs held constant,consensus-deterministic
S4,S4,Idealized 113/114 cap-derived geometric schedule,327390000,scheduled subsidy boundary,0.00000646,0.00000640,1.00937500,0.93750000,price-only compensation; fees and miner costs held constant,consensus-deterministic
S4,S4,Idealized 113/114 cap-derived geometric schedule,327600000,scheduled subsidy boundary,0.00000640,0.00000634,1.00946372,0.94637224,price-only compensation; fees and miner costs held constant,consensus-deterministic
S4,S4,Idealized 113/114 cap-derived geometric schedule,327810000,scheduled subsidy boundary,0.00000634,0.00000628,1.00955414,0.95541401,price-only compensation; fees and miner costs held constant,consensus-deterministic
S4,S4,Idealized 113/114 cap-derived geometric schedule,328020000,scheduled subsidy boundary,0.00000628,0.00000622,1.00964630,0.96463023,price-only compensation; fees and miner costs held constant,consensus-deterministic
S4,S4,Idealized 113/114 cap-derived geometric schedule,328230000,scheduled subsidy boundary,0.00000622,0.00000616,1.00974026,0.97402597,price-only compensation; fees and miner costs held constant,consensus-deterministic
S4,S4,Idealized 113/114 cap-derived geometric schedule,328440000,scheduled subsidy boundary,0.00000616,0.00000610,1.00983607,0.98360656,price-only compensation; fees and miner costs held constant,consensus-deterministic
S4,S4,Idealized 113/114 cap-derived geometric schedule,328650000,scheduled subsidy boundary,0.00000610,0.00000604,1.00993377,0.99337748,price-only compensation; fees and miner costs held constant,consensus-deterministic
S4,S4,Idealized 113/114 cap-derived geometric schedule,328860000,scheduled subsidy boundary,0.00000604,0.00000598,1.01003344,1.00334448,price-only compensation; fees and miner costs held constant,consensus-deterministic
S4,S4,Idealized 113/114 cap-derived geometric schedule,329070000,scheduled subsidy boundary,0.00000598,0.00000592,1.01013514,1.01351351,price-only compensation; fees and miner costs held constant,consensus-deterministic
S4,S4,Idealized 113/114 cap-derived geometric schedule,329280000,scheduled subsidy boundary,0.00000592,0.00000586,1.01023891,1.02389078,price-only compensation; fees and miner costs held constant,consensus-deterministic
S4,S4,Idealized 113/114 cap-derived geometric schedule,329490000,scheduled subsidy boundary,0.00000586,0.00000580,1.01034483,1.03448276,price-only compensation; fees and miner costs held constant,consensus-deterministic
S4,S4,Idealized 113/114 cap-derived geometric schedule,329700000,scheduled subsidy boundary,0.00000580,0.00000574,1.01045296,1.04529617,price-only compensation; fees and miner costs held constant,consensus-deterministic
S4,S4,Idealized 113/114 cap-derived geometric schedule,329910000,scheduled subsidy boundary,0.00000574,0.00000568,1.01056338,1.05633803,price-only compensation; fees and miner costs held constant,consensus-deterministic
S4,S4,Idealized 113/114 cap-derived geometric schedule,330120000,scheduled subsidy boundary,0.00000568,0.00000563,1.00888099,0.88809947,price-only compensation; fees and miner costs held constant,consensus-deterministic
S4,S4,Idealized 113/114 cap-derived geometric schedule,330330000,scheduled subsidy boundary,0.00000563,0.00000558,1.00896057,0.89605735,price-only compensation; fees and miner costs held constant,consensus-deterministic
S4,S4,Idealized 113/114 cap-derived geometric schedule,330540000,scheduled subsidy boundary,0.00000558,0.00000553,1.00904159,0.90415913,price-only compensation; fees and miner costs held constant,consensus-deterministic
S4,S4,Idealized 113/114 cap-derived geometric schedule,330750000,scheduled subsidy boundary,0.00000553,0.00000548,1.00912409,0.91240876,price-only compensation; fees and miner costs held constant,consensus-deterministic
S4,S4,Idealized 113/114 cap-derived geometric schedule,330960000,scheduled subsidy boundary,0.00000548,0.00000543,1.00920810,0.92081031,price-only compensation; fees and miner costs held constant,consensus-deterministic
S4,S4,Idealized 113/114 cap-derived geometric schedule,331170000,scheduled subsidy boundary,0.00000543,0.00000538,1.00929368,0.92936803,price-only compensation; fees and miner costs held constant,consensus-deterministic
S4,S4,Idealized 113/114 cap-derived geometric schedule,331380000,scheduled subsidy boundary,0.00000538,0.00000533,1.00938086,0.93808630,price-only compensation; fees and miner costs held constant,consensus-deterministic
S4,S4,Idealized 113/114 cap-derived geometric schedule,331590000,scheduled subsidy boundary,0.00000533,0.00000528,1.00946970,0.94696970,price-only compensation; fees and miner costs held constant,consensus-deterministic
S4,S4,Idealized 113/114 cap-derived geometric schedule,331800000,scheduled subsidy boundary,0.00000528,0.00000523,1.00956023,0.95602294,price-only compensation; fees and miner costs held constant,consensus-deterministic
S4,S4,Idealized 113/114 cap-derived geometric schedule,332010000,scheduled subsidy boundary,0.00000523,0.00000518,1.00965251,0.96525097,price-only compensation; fees and miner costs held constant,consensus-deterministic
S4,S4,Idealized 113/114 cap-derived geometric schedule,332220000,scheduled subsidy boundary,0.00000518,0.00000513,1.00974659,0.97465887,price-only compensation; fees and miner costs held constant,consensus-deterministic
S4,S4,Idealized 113/114 cap-derived geometric schedule,332430000,scheduled subsidy boundary,0.00000513,0.00000508,1.00984252,0.98425197,price-only compensation; fees and miner costs held constant,consensus-deterministic
S4,S4,Idealized 113/114 cap-derived geometric schedule,332640000,scheduled subsidy boundary,0.00000508,0.00000503,1.00994036,0.99403579,price-only compensation; fees and miner costs held constant,consensus-deterministic
S4,S4,Idealized 113/114 cap-derived geometric schedule,332850000,scheduled subsidy boundary,0.00000503,0.00000498,1.01004016,1.00401606,price-only compensation; fees and miner costs held constant,consensus-deterministic
S4,S4,Idealized 113/114 cap-derived geometric schedule,333060000,scheduled subsidy boundary,0.00000498,0.00000493,1.01014199,1.01419878,price-only compensation; fees and miner costs held constant,consensus-deterministic
S4,S4,Idealized 113/114 cap-derived geometric schedule,333270000,scheduled subsidy boundary,0.00000493,0.00000488,1.01024590,1.02459016,price-only compensation; fees and miner costs held constant,consensus-deterministic
S4,S4,Idealized 113/114 cap-derived geometric schedule,333480000,scheduled subsidy boundary,0.00000488,0.00000483,1.01035197,1.03519669,price-only compensation; fees and miner costs held constant,consensus-deterministic
S4,S4,Idealized 113/114 cap-derived geometric schedule,333690000,scheduled subsidy boundary,0.00000483,0.00000478,1.01046025,1.04602510,price-only compensation; fees and miner costs held constant,consensus-deterministic
S4,S4,Idealized 113/114 cap-derived geometric schedule,333900000,scheduled subsidy boundary,0.00000478,0.00000473,1.01057082,1.05708245,price-only compensation; fees and miner costs held constant,consensus-deterministic
S4,S4,Idealized 113/114 cap-derived geometric schedule,334110000,scheduled subsidy boundary,0.00000473,0.00000468,1.01068376,1.06837607,price-only compensation; fees and miner costs held constant,consensus-deterministic
S4,S4,Idealized 113/114 cap-derived geometric schedule,334320000,scheduled subsidy boundary,0.00000468,0.00000463,1.01079914,1.07991361,price-only compensation; fees and miner costs held constant,consensus-deterministic
S4,S4,Idealized 113/114 cap-derived geometric schedule,334530000,scheduled subsidy boundary,0.00000463,0.00000458,1.01091703,1.09170306,price-only compensation; fees and miner costs held constant,consensus-deterministic
S4,S4,Idealized 113/114 cap-derived geometric schedule,334740000,scheduled subsidy boundary,0.00000458,0.00000453,1.01103753,1.10375276,price-only compensation; fees and miner costs held constant,consensus-deterministic
S4,S4,Idealized 113/114 cap-derived geometric schedule,334950000,scheduled subsidy boundary,0.00000453,0.00000449,1.00890869,0.89086860,price-only compensation; fees and miner costs held constant,consensus-deterministic
S4,S4,Idealized 113/114 cap-derived geometric schedule,335160000,scheduled subsidy boundary,0.00000449,0.00000445,1.00898876,0.89887640,price-only compensation; fees and miner costs held constant,consensus-deterministic
S4,S4,Idealized 113/114 cap-derived geometric schedule,335370000,scheduled subsidy boundary,0.00000445,0.00000441,1.00907029,0.90702948,price-only compensation; fees and miner costs held constant,consensus-deterministic
S4,S4,Idealized 113/114 cap-derived geometric schedule,335580000,scheduled subsidy boundary,0.00000441,0.00000437,1.00915332,0.91533181,price-only compensation; fees and miner costs held constant,consensus-deterministic
S4,S4,Idealized 113/114 cap-derived geometric schedule,335790000,scheduled subsidy boundary,0.00000437,0.00000433,1.00923788,0.92378753,price-only compensation; fees and miner costs held constant,consensus-deterministic
S4,S4,Idealized 113/114 cap-derived geometric schedule,336000000,scheduled subsidy boundary,0.00000433,0.00000429,1.00932401,0.93240093,price-only compensation; fees and miner costs held constant,consensus-deterministic
S4,S4,Idealized 113/114 cap-derived geometric schedule,336210000,scheduled subsidy boundary,0.00000429,0.00000425,1.00941176,0.94117647,price-only compensation; fees and miner costs held constant,consensus-deterministic
S4,S4,Idealized 113/114 cap-derived geometric schedule,336420000,scheduled subsidy boundary,0.00000425,0.00000421,1.00950119,0.95011876,price-only compensation; fees and miner costs held constant,consensus-deterministic
S4,S4,Idealized 113/114 cap-derived geometric schedule,336630000,scheduled subsidy boundary,0.00000421,0.00000417,1.00959233,0.95923261,price-only compensation; fees and miner costs held constant,consensus-deterministic
S4,S4,Idealized 113/114 cap-derived geometric schedule,336840000,scheduled subsidy boundary,0.00000417,0.00000413,1.00968523,0.96852300,price-only compensation; fees and miner costs held constant,consensus-deterministic
S4,S4,Idealized 113/114 cap-derived geometric schedule,337050000,scheduled subsidy boundary,0.00000413,0.00000409,1.00977995,0.97799511,price-only compensation; fees and miner costs held constant,consensus-deterministic
S4,S4,Idealized 113/114 cap-derived geometric schedule,337260000,scheduled subsidy boundary,0.00000409,0.00000405,1.00987654,0.98765432,price-only compensation; fees and miner costs held constant,consensus-deterministic
S4,S4,Idealized 113/114 cap-derived geometric schedule,337470000,scheduled subsidy boundary,0.00000405,0.00000401,1.00997506,0.99750623,price-only compensation; fees and miner costs held constant,consensus-deterministic
S4,S4,Idealized 113/114 cap-derived geometric schedule,337680000,scheduled subsidy boundary,0.00000401,0.00000397,1.01007557,1.00755668,price-only compensation; fees and miner costs held constant,consensus-deterministic
S4,S4,Idealized 113/114 cap-derived geometric schedule,337890000,scheduled subsidy boundary,0.00000397,0.00000393,1.01017812,1.01781170,price-only compensation; fees and miner costs held constant,consensus-deterministic
S4,S4,Idealized 113/114 cap-derived geometric schedule,338100000,scheduled subsidy boundary,0.00000393,0.00000389,1.01028278,1.02827763,price-only compensation; fees and miner costs held constant,consensus-deterministic
S4,S4,Idealized 113/114 cap-derived geometric schedule,338310000,scheduled subsidy boundary,0.00000389,0.00000385,1.01038961,1.03896104,price-only compensation; fees and miner costs held constant,consensus-deterministic
S4,S4,Idealized 113/114 cap-derived geometric schedule,338520000,scheduled subsidy boundary,0.00000385,0.00000381,1.01049869,1.04986877,price-only compensation; fees and miner costs held constant,consensus-deterministic
S4,S4,Idealized 113/114 cap-derived geometric schedule,338730000,scheduled subsidy boundary,0.00000381,0.00000377,1.01061008,1.06100796,price-only compensation; fees and miner costs held constant,consensus-deterministic
S4,S4,Idealized 113/114 cap-derived geometric schedule,338940000,scheduled subsidy boundary,0.00000377,0.00000373,1.01072386,1.07238606,price-only compensation; fees and miner costs held constant,consensus-deterministic
S4,S4,Idealized 113/114 cap-derived geometric schedule,339150000,scheduled subsidy boundary,0.00000373,0.00000369,1.01084011,1.08401084,price-only compensation; fees and miner costs held constant,consensus-deterministic
S4,S4,Idealized 113/114 cap-derived geometric schedule,339360000,scheduled subsidy boundary,0.00000369,0.00000365,1.01095890,1.09589041,price-only compensation; fees and miner costs held constant,consensus-deterministic
S4,S4,Idealized 113/114 cap-derived geometric schedule,339570000,scheduled subsidy boundary,0.00000365,0.00000361,1.01108033,1.10803324,price-only compensation; fees and miner costs held constant,consensus-deterministic
S4,S4,Idealized 113/114 cap-derived geometric schedule,339780000,scheduled subsidy boundary,0.00000361,0.00000357,1.01120448,1.12044818,price-only compensation; fees and miner costs held constant,consensus-deterministic
S4,S4,Idealized 113/114 cap-derived geometric schedule,339990000,scheduled subsidy boundary,0.00000357,0.00000353,1.01133144,1.13314448,price-only compensation; fees and miner costs held constant,consensus-deterministic
S4,S4,Idealized 113/114 cap-derived geometric schedule,340200000,scheduled subsidy boundary,0.00000353,0.00000349,1.01146132,1.14613181,price-only compensation; fees and miner costs held constant,consensus-deterministic
S4,S4,Idealized 113/114 cap-derived geometric schedule,340410000,scheduled subsidy boundary,0.00000349,0.00000345,1.01159420,1.15942029,price-only compensation; fees and miner costs held constant,consensus-deterministic
S4,S4,Idealized 113/114 cap-derived geometric schedule,340620000,scheduled subsidy boundary,0.00000345,0.00000341,1.01173021,1.17302053,price-only compensation; fees and miner costs held constant,consensus-deterministic
S4,S4,Idealized 113/114 cap-derived geometric schedule,340830000,scheduled subsidy boundary,0.00000341,0.00000338,1.00887574,0.88757396,price-only compensation; fees and miner costs held constant,consensus-deterministic
S4,S4,Idealized 113/114 cap-derived geometric schedule,341040000,scheduled subsidy boundary,0.00000338,0.00000335,1.00895522,0.89552239,price-only compensation; fees and miner costs held constant,consensus-deterministic
S4,S4,Idealized 113/114 cap-derived geometric schedule,341250000,scheduled subsidy boundary,0.00000335,0.00000332,1.00903614,0.90361446,price-only compensation; fees and miner costs held constant,consensus-deterministic
S4,S4,Idealized 113/114 cap-derived geometric schedule,341460000,scheduled subsidy boundary,0.00000332,0.00000329,1.00911854,0.91185410,price-only compensation; fees and miner costs held constant,consensus-deterministic
S4,S4,Idealized 113/114 cap-derived geometric schedule,341670000,scheduled subsidy boundary,0.00000329,0.00000326,1.00920245,0.92024540,price-only compensation; fees and miner costs held constant,consensus-deterministic
S4,S4,Idealized 113/114 cap-derived geometric schedule,341880000,scheduled subsidy boundary,0.00000326,0.00000323,1.00928793,0.92879257,price-only compensation; fees and miner costs held constant,consensus-deterministic
S4,S4,Idealized 113/114 cap-derived geometric schedule,342090000,scheduled subsidy boundary,0.00000323,0.00000320,1.00937500,0.93750000,price-only compensation; fees and miner costs held constant,consensus-deterministic
S4,S4,Idealized 113/114 cap-derived geometric schedule,342300000,scheduled subsidy boundary,0.00000320,0.00000317,1.00946372,0.94637224,price-only compensation; fees and miner costs held constant,consensus-deterministic
S4,S4,Idealized 113/114 cap-derived geometric schedule,342510000,scheduled subsidy boundary,0.00000317,0.00000314,1.00955414,0.95541401,price-only compensation; fees and miner costs held constant,consensus-deterministic
S4,S4,Idealized 113/114 cap-derived geometric schedule,342720000,scheduled subsidy boundary,0.00000314,0.00000311,1.00964630,0.96463023,price-only compensation; fees and miner costs held constant,consensus-deterministic
S4,S4,Idealized 113/114 cap-derived geometric schedule,342930000,scheduled subsidy boundary,0.00000311,0.00000308,1.00974026,0.97402597,price-only compensation; fees and miner costs held constant,consensus-deterministic
S4,S4,Idealized 113/114 cap-derived geometric schedule,343140000,scheduled subsidy boundary,0.00000308,0.00000305,1.00983607,0.98360656,price-only compensation; fees and miner costs held constant,consensus-deterministic
S4,S4,Idealized 113/114 cap-derived geometric schedule,343350000,scheduled subsidy boundary,0.00000305,0.00000302,1.00993377,0.99337748,price-only compensation; fees and miner costs held constant,consensus-deterministic
S4,S4,Idealized 113/114 cap-derived geometric schedule,343560000,scheduled subsidy boundary,0.00000302,0.00000299,1.01003344,1.00334448,price-only compensation; fees and miner costs held constant,consensus-deterministic
S4,S4,Idealized 113/114 cap-derived geometric schedule,343770000,scheduled subsidy boundary,0.00000299,0.00000296,1.01013514,1.01351351,price-only compensation; fees and miner costs held constant,consensus-deterministic
S4,S4,Idealized 113/114 cap-derived geometric schedule,343980000,scheduled subsidy boundary,0.00000296,0.00000293,1.01023891,1.02389078,price-only compensation; fees and miner costs held constant,consensus-deterministic
S4,S4,Idealized 113/114 cap-derived geometric schedule,344190000,scheduled subsidy boundary,0.00000293,0.00000290,1.01034483,1.03448276,price-only compensation; fees and miner costs held constant,consensus-deterministic
S4,S4,Idealized 113/114 cap-derived geometric schedule,344400000,scheduled subsidy boundary,0.00000290,0.00000287,1.01045296,1.04529617,price-only compensation; fees and miner costs held constant,consensus-deterministic
S4,S4,Idealized 113/114 cap-derived geometric schedule,344610000,scheduled subsidy boundary,0.00000287,0.00000284,1.01056338,1.05633803,price-only compensation; fees and miner costs held constant,consensus-deterministic
S4,S4,Idealized 113/114 cap-derived geometric schedule,344820000,scheduled subsidy boundary,0.00000284,0.00000281,1.01067616,1.06761566,price-only compensation; fees and miner costs held constant,consensus-deterministic
S4,S4,Idealized 113/114 cap-derived geometric schedule,345030000,scheduled subsidy boundary,0.00000281,0.00000278,1.01079137,1.07913669,price-only compensation; fees and miner costs held constant,consensus-deterministic
S4,S4,Idealized 113/114 cap-derived geometric schedule,345240000,scheduled subsidy boundary,0.00000278,0.00000275,1.01090909,1.09090909,price-only compensation; fees and miner costs held constant,consensus-deterministic
S4,S4,Idealized 113/114 cap-derived geometric schedule,345450000,scheduled subsidy boundary,0.00000275,0.00000272,1.01102941,1.10294118,price-only compensation; fees and miner costs held constant,consensus-deterministic
S4,S4,Idealized 113/114 cap-derived geometric schedule,345660000,scheduled subsidy boundary,0.00000272,0.00000269,1.01115242,1.11524164,price-only compensation; fees and miner costs held constant,consensus-deterministic
S4,S4,Idealized 113/114 cap-derived geometric schedule,345870000,scheduled subsidy boundary,0.00000269,0.00000266,1.01127820,1.12781955,price-only compensation; fees and miner costs held constant,consensus-deterministic
S4,S4,Idealized 113/114 cap-derived geometric schedule,346080000,scheduled subsidy boundary,0.00000266,0.00000263,1.01140684,1.14068441,price-only compensation; fees and miner costs held constant,consensus-deterministic
S4,S4,Idealized 113/114 cap-derived geometric schedule,346290000,scheduled subsidy boundary,0.00000263,0.00000260,1.01153846,1.15384615,price-only compensation; fees and miner costs held constant,consensus-deterministic
S4,S4,Idealized 113/114 cap-derived geometric schedule,346500000,scheduled subsidy boundary,0.00000260,0.00000257,1.01167315,1.16731518,price-only compensation; fees and miner costs held constant,consensus-deterministic
S4,S4,Idealized 113/114 cap-derived geometric schedule,346710000,scheduled subsidy boundary,0.00000257,0.00000254,1.01181102,1.18110236,price-only compensation; fees and miner costs held constant,consensus-deterministic
S4,S4,Idealized 113/114 cap-derived geometric schedule,346920000,scheduled subsidy boundary,0.00000254,0.00000251,1.01195219,1.19521912,price-only compensation; fees and miner costs held constant,consensus-deterministic
S4,S4,Idealized 113/114 cap-derived geometric schedule,347130000,scheduled subsidy boundary,0.00000251,0.00000248,1.01209677,1.20967742,price-only compensation; fees and miner costs held constant,consensus-deterministic
S4,S4,Idealized 113/114 cap-derived geometric schedule,347340000,scheduled subsidy boundary,0.00000248,0.00000245,1.01224490,1.22448980,price-only compensation; fees and miner costs held constant,consensus-deterministic
S4,S4,Idealized 113/114 cap-derived geometric schedule,347550000,scheduled subsidy boundary,0.00000245,0.00000242,1.01239669,1.23966942,price-only compensation; fees and miner costs held constant,consensus-deterministic
S4,S4,Idealized 113/114 cap-derived geometric schedule,347760000,scheduled subsidy boundary,0.00000242,0.00000239,1.01255230,1.25523013,price-only compensation; fees and miner costs held constant,consensus-deterministic
S4,S4,Idealized 113/114 cap-derived geometric schedule,347970000,scheduled subsidy boundary,0.00000239,0.00000236,1.01271186,1.27118644,price-only compensation; fees and miner costs held constant,consensus-deterministic
S4,S4,Idealized 113/114 cap-derived geometric schedule,348180000,scheduled subsidy boundary,0.00000236,0.00000233,1.01287554,1.28755365,price-only compensation; fees and miner costs held constant,consensus-deterministic
S4,S4,Idealized 113/114 cap-derived geometric schedule,348390000,scheduled subsidy boundary,0.00000233,0.00000230,1.01304348,1.30434783,price-only compensation; fees and miner costs held constant,consensus-deterministic
S4,S4,Idealized 113/114 cap-derived geometric schedule,348600000,scheduled subsidy boundary,0.00000230,0.00000227,1.01321586,1.32158590,price-only compensation; fees and miner costs held constant,consensus-deterministic
S4,S4,Idealized 113/114 cap-derived geometric schedule,348810000,scheduled subsidy boundary,0.00000227,0.00000225,1.00888889,0.88888889,price-only compensation; fees and miner costs held constant,consensus-deterministic
S4,S4,Idealized 113/114 cap-derived geometric schedule,349020000,scheduled subsidy boundary,0.00000225,0.00000223,1.00896861,0.89686099,price-only compensation; fees and miner costs held constant,consensus-deterministic
S4,S4,Idealized 113/114 cap-derived geometric schedule,349230000,scheduled subsidy boundary,0.00000223,0.00000221,1.00904977,0.90497738,price-only compensation; fees and miner costs held constant,consensus-deterministic
S4,S4,Idealized 113/114 cap-derived geometric schedule,349440000,scheduled subsidy boundary,0.00000221,0.00000219,1.00913242,0.91324201,price-only compensation; fees and miner costs held constant,consensus-deterministic
S4,S4,Idealized 113/114 cap-derived geometric schedule,349650000,scheduled subsidy boundary,0.00000219,0.00000217,1.00921659,0.92165899,price-only compensation; fees and miner costs held constant,consensus-deterministic
S4,S4,Idealized 113/114 cap-derived geometric schedule,349860000,scheduled subsidy boundary,0.00000217,0.00000215,1.00930233,0.93023256,price-only compensation; fees and miner costs held constant,consensus-deterministic
S4,S4,Idealized 113/114 cap-derived geometric schedule,350070000,scheduled subsidy boundary,0.00000215,0.00000213,1.00938967,0.93896714,price-only compensation; fees and miner costs held constant,consensus-deterministic
S4,S4,Idealized 113/114 cap-derived geometric schedule,350280000,scheduled subsidy boundary,0.00000213,0.00000211,1.00947867,0.94786730,price-only compensation; fees and miner costs held constant,consensus-deterministic
S4,S4,Idealized 113/114 cap-derived geometric schedule,350490000,scheduled subsidy boundary,0.00000211,0.00000209,1.00956938,0.95693780,price-only compensation; fees and miner costs held constant,consensus-deterministic
S4,S4,Idealized 113/114 cap-derived geometric schedule,350700000,scheduled subsidy boundary,0.00000209,0.00000207,1.00966184,0.96618357,price-only compensation; fees and miner costs held constant,consensus-deterministic
S4,S4,Idealized 113/114 cap-derived geometric schedule,350910000,scheduled subsidy boundary,0.00000207,0.00000205,1.00975610,0.97560976,price-only compensation; fees and miner costs held constant,consensus-deterministic
S4,S4,Idealized 113/114 cap-derived geometric schedule,351120000,scheduled subsidy boundary,0.00000205,0.00000203,1.00985222,0.98522167,price-only compensation; fees and miner costs held constant,consensus-deterministic
S4,S4,Idealized 113/114 cap-derived geometric schedule,351330000,scheduled subsidy boundary,0.00000203,0.00000201,1.00995025,0.99502488,price-only compensation; fees and miner costs held constant,consensus-deterministic
S4,S4,Idealized 113/114 cap-derived geometric schedule,351540000,scheduled subsidy boundary,0.00000201,0.00000199,1.01005025,1.00502513,price-only compensation; fees and miner costs held constant,consensus-deterministic
S4,S4,Idealized 113/114 cap-derived geometric schedule,351750000,scheduled subsidy boundary,0.00000199,0.00000197,1.01015228,1.01522843,price-only compensation; fees and miner costs held constant,consensus-deterministic
S4,S4,Idealized 113/114 cap-derived geometric schedule,351960000,scheduled subsidy boundary,0.00000197,0.00000195,1.01025641,1.02564103,price-only compensation; fees and miner costs held constant,consensus-deterministic
S4,S4,Idealized 113/114 cap-derived geometric schedule,352170000,scheduled subsidy boundary,0.00000195,0.00000193,1.01036269,1.03626943,price-only compensation; fees and miner costs held constant,consensus-deterministic
S4,S4,Idealized 113/114 cap-derived geometric schedule,352380000,scheduled subsidy boundary,0.00000193,0.00000191,1.01047120,1.04712042,price-only compensation; fees and miner costs held constant,consensus-deterministic
S4,S4,Idealized 113/114 cap-derived geometric schedule,352590000,scheduled subsidy boundary,0.00000191,0.00000189,1.01058201,1.05820106,price-only compensation; fees and miner costs held constant,consensus-deterministic
S4,S4,Idealized 113/114 cap-derived geometric schedule,352800000,scheduled subsidy boundary,0.00000189,0.00000187,1.01069519,1.06951872,price-only compensation; fees and miner costs held constant,consensus-deterministic
S4,S4,Idealized 113/114 cap-derived geometric schedule,353010000,scheduled subsidy boundary,0.00000187,0.00000185,1.01081081,1.08108108,price-only compensation; fees and miner costs held constant,consensus-deterministic
S4,S4,Idealized 113/114 cap-derived geometric schedule,353220000,scheduled subsidy boundary,0.00000185,0.00000183,1.01092896,1.09289617,price-only compensation; fees and miner costs held constant,consensus-deterministic
S4,S4,Idealized 113/114 cap-derived geometric schedule,353430000,scheduled subsidy boundary,0.00000183,0.00000181,1.01104972,1.10497238,price-only compensation; fees and miner costs held constant,consensus-deterministic
S4,S4,Idealized 113/114 cap-derived geometric schedule,353640000,scheduled subsidy boundary,0.00000181,0.00000179,1.01117318,1.11731844,price-only compensation; fees and miner costs held constant,consensus-deterministic
S4,S4,Idealized 113/114 cap-derived geometric schedule,353850000,scheduled subsidy boundary,0.00000179,0.00000177,1.01129944,1.12994350,price-only compensation; fees and miner costs held constant,consensus-deterministic
S4,S4,Idealized 113/114 cap-derived geometric schedule,354060000,scheduled subsidy boundary,0.00000177,0.00000175,1.01142857,1.14285714,price-only compensation; fees and miner costs held constant,consensus-deterministic
S4,S4,Idealized 113/114 cap-derived geometric schedule,354270000,scheduled subsidy boundary,0.00000175,0.00000173,1.01156069,1.15606936,price-only compensation; fees and miner costs held constant,consensus-deterministic
S4,S4,Idealized 113/114 cap-derived geometric schedule,354480000,scheduled subsidy boundary,0.00000173,0.00000171,1.01169591,1.16959064,price-only compensation; fees and miner costs held constant,consensus-deterministic
S4,S4,Idealized 113/114 cap-derived geometric schedule,354690000,scheduled subsidy boundary,0.00000171,0.00000169,1.01183432,1.18343195,price-only compensation; fees and miner costs held constant,consensus-deterministic
S4,S4,Idealized 113/114 cap-derived geometric schedule,354900000,scheduled subsidy boundary,0.00000169,0.00000167,1.01197605,1.19760479,price-only compensation; fees and miner costs held constant,consensus-deterministic
S4,S4,Idealized 113/114 cap-derived geometric schedule,355110000,scheduled subsidy boundary,0.00000167,0.00000165,1.01212121,1.21212121,price-only compensation; fees and miner costs held constant,consensus-deterministic
S4,S4,Idealized 113/114 cap-derived geometric schedule,355320000,scheduled subsidy boundary,0.00000165,0.00000163,1.01226994,1.22699387,price-only compensation; fees and miner costs held constant,consensus-deterministic
S4,S4,Idealized 113/114 cap-derived geometric schedule,355530000,scheduled subsidy boundary,0.00000163,0.00000161,1.01242236,1.24223602,price-only compensation; fees and miner costs held constant,consensus-deterministic
S4,S4,Idealized 113/114 cap-derived geometric schedule,355740000,scheduled subsidy boundary,0.00000161,0.00000159,1.01257862,1.25786164,price-only compensation; fees and miner costs held constant,consensus-deterministic
S4,S4,Idealized 113/114 cap-derived geometric schedule,355950000,scheduled subsidy boundary,0.00000159,0.00000157,1.01273885,1.27388535,price-only compensation; fees and miner costs held constant,consensus-deterministic
S4,S4,Idealized 113/114 cap-derived geometric schedule,356160000,scheduled subsidy boundary,0.00000157,0.00000155,1.01290323,1.29032258,price-only compensation; fees and miner costs held constant,consensus-deterministic
S4,S4,Idealized 113/114 cap-derived geometric schedule,356370000,scheduled subsidy boundary,0.00000155,0.00000153,1.01307190,1.30718954,price-only compensation; fees and miner costs held constant,consensus-deterministic
S4,S4,Idealized 113/114 cap-derived geometric schedule,356580000,scheduled subsidy boundary,0.00000153,0.00000151,1.01324503,1.32450331,price-only compensation; fees and miner costs held constant,consensus-deterministic
S4,S4,Idealized 113/114 cap-derived geometric schedule,356790000,scheduled subsidy boundary,0.00000151,0.00000149,1.01342282,1.34228188,price-only compensation; fees and miner costs held constant,consensus-deterministic
S4,S4,Idealized 113/114 cap-derived geometric schedule,357000000,scheduled subsidy boundary,0.00000149,0.00000147,1.01360544,1.36054422,price-only compensation; fees and miner costs held constant,consensus-deterministic
S4,S4,Idealized 113/114 cap-derived geometric schedule,357210000,scheduled subsidy boundary,0.00000147,0.00000145,1.01379310,1.37931034,price-only compensation; fees and miner costs held constant,consensus-deterministic
S4,S4,Idealized 113/114 cap-derived geometric schedule,357420000,scheduled subsidy boundary,0.00000145,0.00000143,1.01398601,1.39860140,price-only compensation; fees and miner costs held constant,consensus-deterministic
S4,S4,Idealized 113/114 cap-derived geometric schedule,357630000,scheduled subsidy boundary,0.00000143,0.00000141,1.01418440,1.41843972,price-only compensation; fees and miner costs held constant,consensus-deterministic
S4,S4,Idealized 113/114 cap-derived geometric schedule,357840000,scheduled subsidy boundary,0.00000141,0.00000139,1.01438849,1.43884892,price-only compensation; fees and miner costs held constant,consensus-deterministic
S4,S4,Idealized 113/114 cap-derived geometric schedule,358050000,scheduled subsidy boundary,0.00000139,0.00000137,1.01459854,1.45985401,price-only compensation; fees and miner costs held constant,consensus-deterministic
S4,S4,Idealized 113/114 cap-derived geometric schedule,358260000,scheduled subsidy boundary,0.00000137,0.00000135,1.01481481,1.48148148,price-only compensation; fees and miner costs held constant,consensus-deterministic
S4,S4,Idealized 113/114 cap-derived geometric schedule,358470000,scheduled subsidy boundary,0.00000135,0.00000133,1.01503759,1.50375940,price-only compensation; fees and miner costs held constant,consensus-deterministic
S4,S4,Idealized 113/114 cap-derived geometric schedule,358680000,scheduled subsidy boundary,0.00000133,0.00000131,1.01526718,1.52671756,price-only compensation; fees and miner costs held constant,consensus-deterministic
S4,S4,Idealized 113/114 cap-derived geometric schedule,358890000,scheduled subsidy boundary,0.00000131,0.00000129,1.01550388,1.55038760,price-only compensation; fees and miner costs held constant,consensus-deterministic
S4,S4,Idealized 113/114 cap-derived geometric schedule,359100000,scheduled subsidy boundary,0.00000129,0.00000127,1.01574803,1.57480315,price-only compensation; fees and miner costs held constant,consensus-deterministic
S4,S4,Idealized 113/114 cap-derived geometric schedule,359310000,scheduled subsidy boundary,0.00000127,0.00000125,1.01600000,1.60000000,price-only compensation; fees and miner costs held constant,consensus-deterministic
S4,S4,Idealized 113/114 cap-derived geometric schedule,359520000,scheduled subsidy boundary,0.00000125,0.00000123,1.01626016,1.62601626,price-only compensation; fees and miner costs held constant,consensus-deterministic
S4,S4,Idealized 113/114 cap-derived geometric schedule,359730000,scheduled subsidy boundary,0.00000123,0.00000121,1.01652893,1.65289256,price-only compensation; fees and miner costs held constant,consensus-deterministic
S4,S4,Idealized 113/114 cap-derived geometric schedule,359940000,scheduled subsidy boundary,0.00000121,0.00000119,1.01680672,1.68067227,price-only compensation; fees and miner costs held constant,consensus-deterministic
S4,S4,Idealized 113/114 cap-derived geometric schedule,360150000,scheduled subsidy boundary,0.00000119,0.00000117,1.01709402,1.70940171,price-only compensation; fees and miner costs held constant,consensus-deterministic
S4,S4,Idealized 113/114 cap-derived geometric schedule,360360000,scheduled subsidy boundary,0.00000117,0.00000115,1.01739130,1.73913043,price-only compensation; fees and miner costs held constant,consensus-deterministic
S4,S4,Idealized 113/114 cap-derived geometric schedule,360570000,scheduled subsidy boundary,0.00000115,0.00000113,1.01769912,1.76991150,price-only compensation; fees and miner costs held constant,consensus-deterministic
S4,S4,Idealized 113/114 cap-derived geometric schedule,360780000,scheduled subsidy boundary,0.00000113,0.00000112,1.00892857,0.89285714,price-only compensation; fees and miner costs held constant,consensus-deterministic
S4,S4,Idealized 113/114 cap-derived geometric schedule,360990000,scheduled subsidy boundary,0.00000112,0.00000111,1.00900901,0.90090090,price-only compensation; fees and miner costs held constant,consensus-deterministic
S4,S4,Idealized 113/114 cap-derived geometric schedule,361200000,scheduled subsidy boundary,0.00000111,0.00000110,1.00909091,0.90909091,price-only compensation; fees and miner costs held constant,consensus-deterministic
S4,S4,Idealized 113/114 cap-derived geometric schedule,361410000,scheduled subsidy boundary,0.00000110,0.00000109,1.00917431,0.91743119,price-only compensation; fees and miner costs held constant,consensus-deterministic
S4,S4,Idealized 113/114 cap-derived geometric schedule,361620000,scheduled subsidy boundary,0.00000109,0.00000108,1.00925926,0.92592593,price-only compensation; fees and miner costs held constant,consensus-deterministic
S4,S4,Idealized 113/114 cap-derived geometric schedule,361830000,scheduled subsidy boundary,0.00000108,0.00000107,1.00934579,0.93457944,price-only compensation; fees and miner costs held constant,consensus-deterministic
S4,S4,Idealized 113/114 cap-derived geometric schedule,362040000,scheduled subsidy boundary,0.00000107,0.00000106,1.00943396,0.94339623,price-only compensation; fees and miner costs held constant,consensus-deterministic
S4,S4,Idealized 113/114 cap-derived geometric schedule,362250000,scheduled subsidy boundary,0.00000106,0.00000105,1.00952381,0.95238095,price-only compensation; fees and miner costs held constant,consensus-deterministic
S4,S4,Idealized 113/114 cap-derived geometric schedule,362460000,scheduled subsidy boundary,0.00000105,0.00000104,1.00961538,0.96153846,price-only compensation; fees and miner costs held constant,consensus-deterministic
S4,S4,Idealized 113/114 cap-derived geometric schedule,362670000,scheduled subsidy boundary,0.00000104,0.00000103,1.00970874,0.97087379,price-only compensation; fees and miner costs held constant,consensus-deterministic
S4,S4,Idealized 113/114 cap-derived geometric schedule,362880000,scheduled subsidy boundary,0.00000103,0.00000102,1.00980392,0.98039216,price-only compensation; fees and miner costs held constant,consensus-deterministic
S4,S4,Idealized 113/114 cap-derived geometric schedule,363090000,scheduled subsidy boundary,0.00000102,0.00000101,1.00990099,0.99009901,price-only compensation; fees and miner costs held constant,consensus-deterministic
S4,S4,Idealized 113/114 cap-derived geometric schedule,363300000,scheduled subsidy boundary,0.00000101,0.00000100,1.01000000,1.00000000,price-only compensation; fees and miner costs held constant,consensus-deterministic
S4,S4,Idealized 113/114 cap-derived geometric schedule,363510000,scheduled subsidy boundary,0.00000100,0.00000099,1.01010101,1.01010101,price-only compensation; fees and miner costs held constant,consensus-deterministic
S4,S4,Idealized 113/114 cap-derived geometric schedule,363720000,scheduled subsidy boundary,0.00000099,0.00000098,1.01020408,1.02040816,price-only compensation; fees and miner costs held constant,consensus-deterministic
S4,S4,Idealized 113/114 cap-derived geometric schedule,363930000,scheduled subsidy boundary,0.00000098,0.00000097,1.01030928,1.03092784,price-only compensation; fees and miner costs held constant,consensus-deterministic
S4,S4,Idealized 113/114 cap-derived geometric schedule,364140000,scheduled subsidy boundary,0.00000097,0.00000096,1.01041667,1.04166667,price-only compensation; fees and miner costs held constant,consensus-deterministic
S4,S4,Idealized 113/114 cap-derived geometric schedule,364350000,scheduled subsidy boundary,0.00000096,0.00000095,1.01052632,1.05263158,price-only compensation; fees and miner costs held constant,consensus-deterministic
S4,S4,Idealized 113/114 cap-derived geometric schedule,364560000,scheduled subsidy boundary,0.00000095,0.00000094,1.01063830,1.06382979,price-only compensation; fees and miner costs held constant,consensus-deterministic
S4,S4,Idealized 113/114 cap-derived geometric schedule,364770000,scheduled subsidy boundary,0.00000094,0.00000093,1.01075269,1.07526882,price-only compensation; fees and miner costs held constant,consensus-deterministic
S4,S4,Idealized 113/114 cap-derived geometric schedule,364980000,scheduled subsidy boundary,0.00000093,0.00000092,1.01086957,1.08695652,price-only compensation; fees and miner costs held constant,consensus-deterministic
S4,S4,Idealized 113/114 cap-derived geometric schedule,365190000,scheduled subsidy boundary,0.00000092,0.00000091,1.01098901,1.09890110,price-only compensation; fees and miner costs held constant,consensus-deterministic
S4,S4,Idealized 113/114 cap-derived geometric schedule,365400000,scheduled subsidy boundary,0.00000091,0.00000090,1.01111111,1.11111111,price-only compensation; fees and miner costs held constant,consensus-deterministic
S4,S4,Idealized 113/114 cap-derived geometric schedule,365610000,scheduled subsidy boundary,0.00000090,0.00000089,1.01123596,1.12359551,price-only compensation; fees and miner costs held constant,consensus-deterministic
S4,S4,Idealized 113/114 cap-derived geometric schedule,365820000,scheduled subsidy boundary,0.00000089,0.00000088,1.01136364,1.13636364,price-only compensation; fees and miner costs held constant,consensus-deterministic
S4,S4,Idealized 113/114 cap-derived geometric schedule,366030000,scheduled subsidy boundary,0.00000088,0.00000087,1.01149425,1.14942529,price-only compensation; fees and miner costs held constant,consensus-deterministic
S4,S4,Idealized 113/114 cap-derived geometric schedule,366240000,scheduled subsidy boundary,0.00000087,0.00000086,1.01162791,1.16279070,price-only compensation; fees and miner costs held constant,consensus-deterministic
S4,S4,Idealized 113/114 cap-derived geometric schedule,366450000,scheduled subsidy boundary,0.00000086,0.00000085,1.01176471,1.17647059,price-only compensation; fees and miner costs held constant,consensus-deterministic
S4,S4,Idealized 113/114 cap-derived geometric schedule,366660000,scheduled subsidy boundary,0.00000085,0.00000084,1.01190476,1.19047619,price-only compensation; fees and miner costs held constant,consensus-deterministic
S4,S4,Idealized 113/114 cap-derived geometric schedule,366870000,scheduled subsidy boundary,0.00000084,0.00000083,1.01204819,1.20481928,price-only compensation; fees and miner costs held constant,consensus-deterministic
S4,S4,Idealized 113/114 cap-derived geometric schedule,367080000,scheduled subsidy boundary,0.00000083,0.00000082,1.01219512,1.21951220,price-only compensation; fees and miner costs held constant,consensus-deterministic
S4,S4,Idealized 113/114 cap-derived geometric schedule,367290000,scheduled subsidy boundary,0.00000082,0.00000081,1.01234568,1.23456790,price-only compensation; fees and miner costs held constant,consensus-deterministic
S4,S4,Idealized 113/114 cap-derived geometric schedule,367500000,scheduled subsidy boundary,0.00000081,0.00000080,1.01250000,1.25000000,price-only compensation; fees and miner costs held constant,consensus-deterministic
S4,S4,Idealized 113/114 cap-derived geometric schedule,367710000,scheduled subsidy boundary,0.00000080,0.00000079,1.01265823,1.26582278,price-only compensation; fees and miner costs held constant,consensus-deterministic
S4,S4,Idealized 113/114 cap-derived geometric schedule,367920000,scheduled subsidy boundary,0.00000079,0.00000078,1.01282051,1.28205128,price-only compensation; fees and miner costs held constant,consensus-deterministic
S4,S4,Idealized 113/114 cap-derived geometric schedule,368130000,scheduled subsidy boundary,0.00000078,0.00000077,1.01298701,1.29870130,price-only compensation; fees and miner costs held constant,consensus-deterministic
S4,S4,Idealized 113/114 cap-derived geometric schedule,368340000,scheduled subsidy boundary,0.00000077,0.00000076,1.01315789,1.31578947,price-only compensation; fees and miner costs held constant,consensus-deterministic
S4,S4,Idealized 113/114 cap-derived geometric schedule,368550000,scheduled subsidy boundary,0.00000076,0.00000075,1.01333333,1.33333333,price-only compensation; fees and miner costs held constant,consensus-deterministic
S4,S4,Idealized 113/114 cap-derived geometric schedule,368760000,scheduled subsidy boundary,0.00000075,0.00000074,1.01351351,1.35135135,price-only compensation; fees and miner costs held constant,consensus-deterministic
S4,S4,Idealized 113/114 cap-derived geometric schedule,368970000,scheduled subsidy boundary,0.00000074,0.00000073,1.01369863,1.36986301,price-only compensation; fees and miner costs held constant,consensus-deterministic
S4,S4,Idealized 113/114 cap-derived geometric schedule,369180000,scheduled subsidy boundary,0.00000073,0.00000072,1.01388889,1.38888889,price-only compensation; fees and miner costs held constant,consensus-deterministic
S4,S4,Idealized 113/114 cap-derived geometric schedule,369390000,scheduled subsidy boundary,0.00000072,0.00000071,1.01408451,1.40845070,price-only compensation; fees and miner costs held constant,consensus-deterministic
S4,S4,Idealized 113/114 cap-derived geometric schedule,369600000,scheduled subsidy boundary,0.00000071,0.00000070,1.01428571,1.42857143,price-only compensation; fees and miner costs held constant,consensus-deterministic
S4,S4,Idealized 113/114 cap-derived geometric schedule,369810000,scheduled subsidy boundary,0.00000070,0.00000069,1.01449275,1.44927536,price-only compensation; fees and miner costs held constant,consensus-deterministic
S4,S4,Idealized 113/114 cap-derived geometric schedule,370020000,scheduled subsidy boundary,0.00000069,0.00000068,1.01470588,1.47058824,price-only compensation; fees and miner costs held constant,consensus-deterministic
S4,S4,Idealized 113/114 cap-derived geometric schedule,370230000,scheduled subsidy boundary,0.00000068,0.00000067,1.01492537,1.49253731,price-only compensation; fees and miner costs held constant,consensus-deterministic
S4,S4,Idealized 113/114 cap-derived geometric schedule,370440000,scheduled subsidy boundary,0.00000067,0.00000066,1.01515152,1.51515152,price-only compensation; fees and miner costs held constant,consensus-deterministic
S4,S4,Idealized 113/114 cap-derived geometric schedule,370650000,scheduled subsidy boundary,0.00000066,0.00000065,1.01538462,1.53846154,price-only compensation; fees and miner costs held constant,consensus-deterministic
S4,S4,Idealized 113/114 cap-derived geometric schedule,370860000,scheduled subsidy boundary,0.00000065,0.00000064,1.01562500,1.56250000,price-only compensation; fees and miner costs held constant,consensus-deterministic
S4,S4,Idealized 113/114 cap-derived geometric schedule,371070000,scheduled subsidy boundary,0.00000064,0.00000063,1.01587302,1.58730159,price-only compensation; fees and miner costs held constant,consensus-deterministic
S4,S4,Idealized 113/114 cap-derived geometric schedule,371280000,scheduled subsidy boundary,0.00000063,0.00000062,1.01612903,1.61290323,price-only compensation; fees and miner costs held constant,consensus-deterministic
S4,S4,Idealized 113/114 cap-derived geometric schedule,371490000,scheduled subsidy boundary,0.00000062,0.00000061,1.01639344,1.63934426,price-only compensation; fees and miner costs held constant,consensus-deterministic
S4,S4,Idealized 113/114 cap-derived geometric schedule,371700000,scheduled subsidy boundary,0.00000061,0.00000060,1.01666667,1.66666667,price-only compensation; fees and miner costs held constant,consensus-deterministic
S4,S4,Idealized 113/114 cap-derived geometric schedule,371910000,scheduled subsidy boundary,0.00000060,0.00000059,1.01694915,1.69491525,price-only compensation; fees and miner costs held constant,consensus-deterministic
S4,S4,Idealized 113/114 cap-derived geometric schedule,372120000,scheduled subsidy boundary,0.00000059,0.00000058,1.01724138,1.72413793,price-only compensation; fees and miner costs held constant,consensus-deterministic
S4,S4,Idealized 113/114 cap-derived geometric schedule,372330000,scheduled subsidy boundary,0.00000058,0.00000057,1.01754386,1.75438596,price-only compensation; fees and miner costs held constant,consensus-deterministic
S4,S4,Idealized 113/114 cap-derived geometric schedule,372540000,scheduled subsidy boundary,0.00000057,0.00000056,1.01785714,1.78571429,price-only compensation; fees and miner costs held constant,consensus-deterministic
S4,S4,Idealized 113/114 cap-derived geometric schedule,372750000,scheduled subsidy boundary,0.00000056,0.00000055,1.01818182,1.81818182,price-only compensation; fees and miner costs held constant,consensus-deterministic
S4,S4,Idealized 113/114 cap-derived geometric schedule,372960000,scheduled subsidy boundary,0.00000055,0.00000054,1.01851852,1.85185185,price-only compensation; fees and miner costs held constant,consensus-deterministic
S4,S4,Idealized 113/114 cap-derived geometric schedule,373170000,scheduled subsidy boundary,0.00000054,0.00000053,1.01886792,1.88679245,price-only compensation; fees and miner costs held constant,consensus-deterministic
S4,S4,Idealized 113/114 cap-derived geometric schedule,373380000,scheduled subsidy boundary,0.00000053,0.00000052,1.01923077,1.92307692,price-only compensation; fees and miner costs held constant,consensus-deterministic
S4,S4,Idealized 113/114 cap-derived geometric schedule,373590000,scheduled subsidy boundary,0.00000052,0.00000051,1.01960784,1.96078431,price-only compensation; fees and miner costs held constant,consensus-deterministic
S4,S4,Idealized 113/114 cap-derived geometric schedule,373800000,scheduled subsidy boundary,0.00000051,0.00000050,1.02000000,2.00000000,price-only compensation; fees and miner costs held constant,consensus-deterministic
S4,S4,Idealized 113/114 cap-derived geometric schedule,374010000,scheduled subsidy boundary,0.00000050,0.00000049,1.02040816,2.04081633,price-only compensation; fees and miner costs held constant,consensus-deterministic
S4,S4,Idealized 113/114 cap-derived geometric schedule,374220000,scheduled subsidy boundary,0.00000049,0.00000048,1.02083333,2.08333333,price-only compensation; fees and miner costs held constant,consensus-deterministic
S4,S4,Idealized 113/114 cap-derived geometric schedule,374430000,scheduled subsidy boundary,0.00000048,0.00000047,1.02127660,2.12765957,price-only compensation; fees and miner costs held constant,consensus-deterministic
S4,S4,Idealized 113/114 cap-derived geometric schedule,374640000,scheduled subsidy boundary,0.00000047,0.00000046,1.02173913,2.17391304,price-only compensation; fees and miner costs held constant,consensus-deterministic
S4,S4,Idealized 113/114 cap-derived geometric schedule,374850000,scheduled subsidy boundary,0.00000046,0.00000045,1.02222222,2.22222222,price-only compensation; fees and miner costs held constant,consensus-deterministic
S4,S4,Idealized 113/114 cap-derived geometric schedule,375060000,scheduled subsidy boundary,0.00000045,0.00000044,1.02272727,2.27272727,price-only compensation; fees and miner costs held constant,consensus-deterministic
S4,S4,Idealized 113/114 cap-derived geometric schedule,375270000,scheduled subsidy boundary,0.00000044,0.00000043,1.02325581,2.32558140,price-only compensation; fees and miner costs held constant,consensus-deterministic
S4,S4,Idealized 113/114 cap-derived geometric schedule,375480000,scheduled subsidy boundary,0.00000043,0.00000042,1.02380952,2.38095238,price-only compensation; fees and miner costs held constant,consensus-deterministic
S4,S4,Idealized 113/114 cap-derived geometric schedule,375690000,scheduled subsidy boundary,0.00000042,0.00000041,1.02439024,2.43902439,price-only compensation; fees and miner costs held constant,consensus-deterministic
S4,S4,Idealized 113/114 cap-derived geometric schedule,375900000,scheduled subsidy boundary,0.00000041,0.00000040,1.02500000,2.50000000,price-only compensation; fees and miner costs held constant,consensus-deterministic
S4,S4,Idealized 113/114 cap-derived geometric schedule,376110000,scheduled subsidy boundary,0.00000040,0.00000039,1.02564103,2.56410256,price-only compensation; fees and miner costs held constant,consensus-deterministic
S4,S4,Idealized 113/114 cap-derived geometric schedule,376320000,scheduled subsidy boundary,0.00000039,0.00000038,1.02631579,2.63157895,price-only compensation; fees and miner costs held constant,consensus-deterministic
S4,S4,Idealized 113/114 cap-derived geometric schedule,376530000,scheduled subsidy boundary,0.00000038,0.00000037,1.02702703,2.70270270,price-only compensation; fees and miner costs held constant,consensus-deterministic
S4,S4,Idealized 113/114 cap-derived geometric schedule,376740000,scheduled subsidy boundary,0.00000037,0.00000036,1.02777778,2.77777778,price-only compensation; fees and miner costs held constant,consensus-deterministic
S4,S4,Idealized 113/114 cap-derived geometric schedule,376950000,scheduled subsidy boundary,0.00000036,0.00000035,1.02857143,2.85714286,price-only compensation; fees and miner costs held constant,consensus-deterministic
S4,S4,Idealized 113/114 cap-derived geometric schedule,377160000,scheduled subsidy boundary,0.00000035,0.00000034,1.02941176,2.94117647,price-only compensation; fees and miner costs held constant,consensus-deterministic
S4,S4,Idealized 113/114 cap-derived geometric schedule,377370000,scheduled subsidy boundary,0.00000034,0.00000033,1.03030303,3.03030303,price-only compensation; fees and miner costs held constant,consensus-deterministic
S4,S4,Idealized 113/114 cap-derived geometric schedule,377580000,scheduled subsidy boundary,0.00000033,0.00000032,1.03125000,3.12500000,price-only compensation; fees and miner costs held constant,consensus-deterministic
S4,S4,Idealized 113/114 cap-derived geometric schedule,377790000,scheduled subsidy boundary,0.00000032,0.00000031,1.03225806,3.22580645,price-only compensation; fees and miner costs held constant,consensus-deterministic
S4,S4,Idealized 113/114 cap-derived geometric schedule,378000000,scheduled subsidy boundary,0.00000031,0.00000030,1.03333333,3.33333333,price-only compensation; fees and miner costs held constant,consensus-deterministic
S4,S4,Idealized 113/114 cap-derived geometric schedule,378210000,scheduled subsidy boundary,0.00000030,0.00000029,1.03448276,3.44827586,price-only compensation; fees and miner costs held constant,consensus-deterministic
S4,S4,Idealized 113/114 cap-derived geometric schedule,378420000,scheduled subsidy boundary,0.00000029,0.00000028,1.03571429,3.57142857,price-only compensation; fees and miner costs held constant,consensus-deterministic
S4,S4,Idealized 113/114 cap-derived geometric schedule,378630000,scheduled subsidy boundary,0.00000028,0.00000027,1.03703704,3.70370370,price-only compensation; fees and miner costs held constant,consensus-deterministic
S4,S4,Idealized 113/114 cap-derived geometric schedule,378840000,scheduled subsidy boundary,0.00000027,0.00000026,1.03846154,3.84615385,price-only compensation; fees and miner costs held constant,consensus-deterministic
S4,S4,Idealized 113/114 cap-derived geometric schedule,379050000,scheduled subsidy boundary,0.00000026,0.00000025,1.04000000,4.00000000,price-only compensation; fees and miner costs held constant,consensus-deterministic
S4,S4,Idealized 113/114 cap-derived geometric schedule,379260000,scheduled subsidy boundary,0.00000025,0.00000024,1.04166667,4.16666667,price-only compensation; fees and miner costs held constant,consensus-deterministic
S4,S4,Idealized 113/114 cap-derived geometric schedule,379470000,scheduled subsidy boundary,0.00000024,0.00000023,1.04347826,4.34782609,price-only compensation; fees and miner costs held constant,consensus-deterministic
S4,S4,Idealized 113/114 cap-derived geometric schedule,379680000,scheduled subsidy boundary,0.00000023,0.00000022,1.04545455,4.54545455,price-only compensation; fees and miner costs held constant,consensus-deterministic
S4,S4,Idealized 113/114 cap-derived geometric schedule,379890000,scheduled subsidy boundary,0.00000022,0.00000021,1.04761905,4.76190476,price-only compensation; fees and miner costs held constant,consensus-deterministic
S4,S4,Idealized 113/114 cap-derived geometric schedule,380100000,scheduled subsidy boundary,0.00000021,0.00000020,1.05000000,5.00000000,price-only compensation; fees and miner costs held constant,consensus-deterministic
S4,S4,Idealized 113/114 cap-derived geometric schedule,380310000,scheduled subsidy boundary,0.00000020,0.00000019,1.05263158,5.26315789,price-only compensation; fees and miner costs held constant,consensus-deterministic
S4,S4,Idealized 113/114 cap-derived geometric schedule,380520000,scheduled subsidy boundary,0.00000019,0.00000018,1.05555556,5.55555556,price-only compensation; fees and miner costs held constant,consensus-deterministic
S4,S4,Idealized 113/114 cap-derived geometric schedule,380730000,scheduled subsidy boundary,0.00000018,0.00000017,1.05882353,5.88235294,price-only compensation; fees and miner costs held constant,consensus-deterministic
S4,S4,Idealized 113/114 cap-derived geometric schedule,380940000,scheduled subsidy boundary,0.00000017,0.00000016,1.06250000,6.25000000,price-only compensation; fees and miner costs held constant,consensus-deterministic
S4,S4,Idealized 113/114 cap-derived geometric schedule,381150000,scheduled subsidy boundary,0.00000016,0.00000015,1.06666667,6.66666667,price-only compensation; fees and miner costs held constant,consensus-deterministic
S4,S4,Idealized 113/114 cap-derived geometric schedule,381360000,scheduled subsidy boundary,0.00000015,0.00000014,1.07142857,7.14285714,price-only compensation; fees and miner costs held constant,consensus-deterministic
S4,S4,Idealized 113/114 cap-derived geometric schedule,381570000,scheduled subsidy boundary,0.00000014,0.00000013,1.07692308,7.69230769,price-only compensation; fees and miner costs held constant,consensus-deterministic
S4,S4,Idealized 113/114 cap-derived geometric schedule,381780000,scheduled subsidy boundary,0.00000013,0.00000012,1.08333333,8.33333333,price-only compensation; fees and miner costs held constant,consensus-deterministic
S4,S4,Idealized 113/114 cap-derived geometric schedule,381990000,scheduled subsidy boundary,0.00000012,0.00000011,1.09090909,9.09090909,price-only compensation; fees and miner costs held constant,consensus-deterministic
S4,S4,Idealized 113/114 cap-derived geometric schedule,382200000,scheduled subsidy boundary,0.00000011,0.00000010,1.10000000,10.00000000,price-only compensation; fees and miner costs held constant,consensus-deterministic
S4,S4,Idealized 113/114 cap-derived geometric schedule,382410000,scheduled subsidy boundary,0.00000010,0.00000009,1.11111111,11.11111111,price-only compensation; fees and miner costs held constant,consensus-deterministic
S4,S4,Idealized 113/114 cap-derived geometric schedule,382620000,scheduled subsidy boundary,0.00000009,0.00000008,1.12500000,12.50000000,price-only compensation; fees and miner costs held constant,consensus-deterministic
S4,S4,Idealized 113/114 cap-derived geometric schedule,382830000,scheduled subsidy boundary,0.00000008,0.00000007,1.14285714,14.28571429,price-only compensation; fees and miner costs held constant,consensus-deterministic
S4,S4,Idealized 113/114 cap-derived geometric schedule,383040000,scheduled subsidy boundary,0.00000007,0.00000006,1.16666667,16.66666667,price-only compensation; fees and miner costs held constant,consensus-deterministic
S4,S4,Idealized 113/114 cap-derived geometric schedule,383250000,scheduled subsidy boundary,0.00000006,0.00000005,1.20000000,20.00000000,price-only compensation; fees and miner costs held constant,consensus-deterministic
S4,S4,Idealized 113/114 cap-derived geometric schedule,383460000,scheduled subsidy boundary,0.00000005,0.00000004,1.25000000,25.00000000,price-only compensation; fees and miner costs held constant,consensus-deterministic
S4,S4,Idealized 113/114 cap-derived geometric schedule,383670000,scheduled subsidy boundary,0.00000004,0.00000003,1.33333333,33.33333333,price-only compensation; fees and miner costs held constant,consensus-deterministic
S4,S4,Idealized 113/114 cap-derived geometric schedule,383880000,scheduled subsidy boundary,0.00000003,0.00000002,1.50000000,50.00000000,price-only compensation; fees and miner costs held constant,consensus-deterministic
S4,S4,Idealized 113/114 cap-derived geometric schedule,384090000,scheduled subsidy boundary,0.00000002,0.00000001,2.00000000,100.00000000,price-only compensation; fees and miner costs held constant,consensus-deterministic
S5a,S5/a,"Extended-epoch binary halving, 840,000 anchor",840000,activation,6.25000000,3.12500000,2.00000000,100.00000000,price-only compensation; fees and miner costs held constant,consensus-deterministic
S5a,S5/a,"Extended-epoch binary halving, 840,000 anchor",2940000,scheduled subsidy boundary,3.12500000,1.56250000,2.00000000,100.00000000,price-only compensation; fees and miner costs held constant,consensus-deterministic
S5a,S5/a,"Extended-epoch binary halving, 840,000 anchor",5040000,scheduled subsidy boundary,1.56250000,0.78125000,2.00000000,100.00000000,price-only compensation; fees and miner costs held constant,consensus-deterministic
S5a,S5/a,"Extended-epoch binary halving, 840,000 anchor",7140000,scheduled subsidy boundary,0.78125000,0.39062500,2.00000000,100.00000000,price-only compensation; fees and miner costs held constant,consensus-deterministic
S5a,S5/a,"Extended-epoch binary halving, 840,000 anchor",9240000,scheduled subsidy boundary,0.39062500,0.19531250,2.00000000,100.00000000,price-only compensation; fees and miner costs held constant,consensus-deterministic
S5a,S5/a,"Extended-epoch binary halving, 840,000 anchor",11340000,scheduled subsidy boundary,0.19531250,0.09765625,2.00000000,100.00000000,price-only compensation; fees and miner costs held constant,consensus-deterministic
S5a,S5/a,"Extended-epoch binary halving, 840,000 anchor",13440000,scheduled subsidy boundary,0.09765625,0.04882812,2.00000020,100.00002048,price-only compensation; fees and miner costs held constant,consensus-deterministic
S5a,S5/a,"Extended-epoch binary halving, 840,000 anchor",15540000,scheduled subsidy boundary,0.04882812,0.02441406,2.00000000,100.00000000,price-only compensation; fees and miner costs held constant,consensus-deterministic
S5a,S5/a,"Extended-epoch binary halving, 840,000 anchor",17640000,scheduled subsidy boundary,0.02441406,0.01220703,2.00000000,100.00000000,price-only compensation; fees and miner costs held constant,consensus-deterministic
S5a,S5/a,"Extended-epoch binary halving, 840,000 anchor",19740000,scheduled subsidy boundary,0.01220703,0.00610351,2.00000164,100.00016384,price-only compensation; fees and miner costs held constant,consensus-deterministic
S5a,S5/a,"Extended-epoch binary halving, 840,000 anchor",21840000,scheduled subsidy boundary,0.00610351,0.00305175,2.00000328,100.00032768,price-only compensation; fees and miner costs held constant,consensus-deterministic
S5a,S5/a,"Extended-epoch binary halving, 840,000 anchor",23940000,scheduled subsidy boundary,0.00305175,0.00152587,2.00000655,100.00065536,price-only compensation; fees and miner costs held constant,consensus-deterministic
S5a,S5/a,"Extended-epoch binary halving, 840,000 anchor",26040000,scheduled subsidy boundary,0.00152587,0.00076293,2.00001311,100.00131074,price-only compensation; fees and miner costs held constant,consensus-deterministic
S5a,S5/a,"Extended-epoch binary halving, 840,000 anchor",28140000,scheduled subsidy boundary,0.00076293,0.00038146,2.00002622,100.00262151,price-only compensation; fees and miner costs held constant,consensus-deterministic
S5a,S5/a,"Extended-epoch binary halving, 840,000 anchor",30240000,scheduled subsidy boundary,0.00038146,0.00019073,2.00000000,100.00000000,price-only compensation; fees and miner costs held constant,consensus-deterministic
S5a,S5/a,"Extended-epoch binary halving, 840,000 anchor",32340000,scheduled subsidy boundary,0.00019073,0.00009536,2.00010487,100.01048658,price-only compensation; fees and miner costs held constant,consensus-deterministic
S5a,S5/a,"Extended-epoch binary halving, 840,000 anchor",34440000,scheduled subsidy boundary,0.00009536,0.00004768,2.00000000,100.00000000,price-only compensation; fees and miner costs held constant,consensus-deterministic
S5a,S5/a,"Extended-epoch binary halving, 840,000 anchor",36540000,scheduled subsidy boundary,0.00004768,0.00002384,2.00000000,100.00000000,price-only compensation; fees and miner costs held constant,consensus-deterministic
S5a,S5/a,"Extended-epoch binary halving, 840,000 anchor",38640000,scheduled subsidy boundary,0.00002384,0.00001192,2.00000000,100.00000000,price-only compensation; fees and miner costs held constant,consensus-deterministic
S5a,S5/a,"Extended-epoch binary halving, 840,000 anchor",40740000,scheduled subsidy boundary,0.00001192,0.00000596,2.00000000,100.00000000,price-only compensation; fees and miner costs held constant,consensus-deterministic
S5a,S5/a,"Extended-epoch binary halving, 840,000 anchor",42840000,scheduled subsidy boundary,0.00000596,0.00000298,2.00000000,100.00000000,price-only compensation; fees and miner costs held constant,consensus-deterministic
S5a,S5/a,"Extended-epoch binary halving, 840,000 anchor",44940000,scheduled subsidy boundary,0.00000298,0.00000149,2.00000000,100.00000000,price-only compensation; fees and miner costs held constant,consensus-deterministic
S5a,S5/a,"Extended-epoch binary halving, 840,000 anchor",47040000,scheduled subsidy boundary,0.00000149,0.00000074,2.01351351,101.35135135,price-only compensation; fees and miner costs held constant,consensus-deterministic
S5a,S5/a,"Extended-epoch binary halving, 840,000 anchor",49140000,scheduled subsidy boundary,0.00000074,0.00000037,2.00000000,100.00000000,price-only compensation; fees and miner costs held constant,consensus-deterministic
S5a,S5/a,"Extended-epoch binary halving, 840,000 anchor",51240000,scheduled subsidy boundary,0.00000037,0.00000018,2.05555556,105.55555556,price-only compensation; fees and miner costs held constant,consensus-deterministic
S5a,S5/a,"Extended-epoch binary halving, 840,000 anchor",53340000,scheduled subsidy boundary,0.00000018,0.00000009,2.00000000,100.00000000,price-only compensation; fees and miner costs held constant,consensus-deterministic
S5a,S5/a,"Extended-epoch binary halving, 840,000 anchor",55440000,scheduled subsidy boundary,0.00000009,0.00000004,2.25000000,125.00000000,price-only compensation; fees and miner costs held constant,consensus-deterministic
S5a,S5/a,"Extended-epoch binary halving, 840,000 anchor",57540000,scheduled subsidy boundary,0.00000004,0.00000002,2.00000000,100.00000000,price-only compensation; fees and miner costs held constant,consensus-deterministic
S5a,S5/a,"Extended-epoch binary halving, 840,000 anchor",59640000,scheduled subsidy boundary,0.00000002,0.00000001,2.00000000,100.00000000,price-only compensation; fees and miner costs held constant,consensus-deterministic
S5B,S5/b,"Extended-epoch binary halving, phase-aligned to 630,000",840000,activation,6.25000000,6.25000000,1.00000000,0.00000000,price-only compensation; fees and miner costs held constant,consensus-deterministic
S5B,S5/b,"Extended-epoch binary halving, phase-aligned to 630,000",2730000,scheduled subsidy boundary,6.25000000,3.12500000,2.00000000,100.00000000,price-only compensation; fees and miner costs held constant,consensus-deterministic
S5B,S5/b,"Extended-epoch binary halving, phase-aligned to 630,000",4830000,scheduled subsidy boundary,3.12500000,1.56250000,2.00000000,100.00000000,price-only compensation; fees and miner costs held constant,consensus-deterministic
S5B,S5/b,"Extended-epoch binary halving, phase-aligned to 630,000",6930000,scheduled subsidy boundary,1.56250000,0.78125000,2.00000000,100.00000000,price-only compensation; fees and miner costs held constant,consensus-deterministic
S5B,S5/b,"Extended-epoch binary halving, phase-aligned to 630,000",9030000,scheduled subsidy boundary,0.78125000,0.39062500,2.00000000,100.00000000,price-only compensation; fees and miner costs held constant,consensus-deterministic
S5B,S5/b,"Extended-epoch binary halving, phase-aligned to 630,000",11130000,scheduled subsidy boundary,0.39062500,0.19531250,2.00000000,100.00000000,price-only compensation; fees and miner costs held constant,consensus-deterministic
S5B,S5/b,"Extended-epoch binary halving, phase-aligned to 630,000",13230000,scheduled subsidy boundary,0.19531250,0.09765625,2.00000000,100.00000000,price-only compensation; fees and miner costs held constant,consensus-deterministic
S5B,S5/b,"Extended-epoch binary halving, phase-aligned to 630,000",15330000,scheduled subsidy boundary,0.09765625,0.04882812,2.00000020,100.00002048,price-only compensation; fees and miner costs held constant,consensus-deterministic
S5B,S5/b,"Extended-epoch binary halving, phase-aligned to 630,000",17430000,scheduled subsidy boundary,0.04882812,0.02441406,2.00000000,100.00000000,price-only compensation; fees and miner costs held constant,consensus-deterministic
S5B,S5/b,"Extended-epoch binary halving, phase-aligned to 630,000",19530000,scheduled subsidy boundary,0.02441406,0.01220703,2.00000000,100.00000000,price-only compensation; fees and miner costs held constant,consensus-deterministic
S5B,S5/b,"Extended-epoch binary halving, phase-aligned to 630,000",21630000,scheduled subsidy boundary,0.01220703,0.00610351,2.00000164,100.00016384,price-only compensation; fees and miner costs held constant,consensus-deterministic
S5B,S5/b,"Extended-epoch binary halving, phase-aligned to 630,000",23730000,scheduled subsidy boundary,0.00610351,0.00305175,2.00000328,100.00032768,price-only compensation; fees and miner costs held constant,consensus-deterministic
S5B,S5/b,"Extended-epoch binary halving, phase-aligned to 630,000",25830000,scheduled subsidy boundary,0.00305175,0.00152587,2.00000655,100.00065536,price-only compensation; fees and miner costs held constant,consensus-deterministic
S5B,S5/b,"Extended-epoch binary halving, phase-aligned to 630,000",27930000,scheduled subsidy boundary,0.00152587,0.00076293,2.00001311,100.00131074,price-only compensation; fees and miner costs held constant,consensus-deterministic
S5B,S5/b,"Extended-epoch binary halving, phase-aligned to 630,000",30030000,scheduled subsidy boundary,0.00076293,0.00038146,2.00002622,100.00262151,price-only compensation; fees and miner costs held constant,consensus-deterministic
S5B,S5/b,"Extended-epoch binary halving, phase-aligned to 630,000",32130000,scheduled subsidy boundary,0.00038146,0.00019073,2.00000000,100.00000000,price-only compensation; fees and miner costs held constant,consensus-deterministic
S5B,S5/b,"Extended-epoch binary halving, phase-aligned to 630,000",34230000,scheduled subsidy boundary,0.00019073,0.00009536,2.00010487,100.01048658,price-only compensation; fees and miner costs held constant,consensus-deterministic
S5B,S5/b,"Extended-epoch binary halving, phase-aligned to 630,000",36330000,scheduled subsidy boundary,0.00009536,0.00004768,2.00000000,100.00000000,price-only compensation; fees and miner costs held constant,consensus-deterministic
S5B,S5/b,"Extended-epoch binary halving, phase-aligned to 630,000",38430000,scheduled subsidy boundary,0.00004768,0.00002384,2.00000000,100.00000000,price-only compensation; fees and miner costs held constant,consensus-deterministic
S5B,S5/b,"Extended-epoch binary halving, phase-aligned to 630,000",40530000,scheduled subsidy boundary,0.00002384,0.00001192,2.00000000,100.00000000,price-only compensation; fees and miner costs held constant,consensus-deterministic
S5B,S5/b,"Extended-epoch binary halving, phase-aligned to 630,000",42630000,scheduled subsidy boundary,0.00001192,0.00000596,2.00000000,100.00000000,price-only compensation; fees and miner costs held constant,consensus-deterministic
S5B,S5/b,"Extended-epoch binary halving, phase-aligned to 630,000",44730000,scheduled subsidy boundary,0.00000596,0.00000298,2.00000000,100.00000000,price-only compensation; fees and miner costs held constant,consensus-deterministic
S5B,S5/b,"Extended-epoch binary halving, phase-aligned to 630,000",46830000,scheduled subsidy boundary,0.00000298,0.00000149,2.00000000,100.00000000,price-only compensation; fees and miner costs held constant,consensus-deterministic
S5B,S5/b,"Extended-epoch binary halving, phase-aligned to 630,000",48930000,scheduled subsidy boundary,0.00000149,0.00000074,2.01351351,101.35135135,price-only compensation; fees and miner costs held constant,consensus-deterministic
S5B,S5/b,"Extended-epoch binary halving, phase-aligned to 630,000",51030000,scheduled subsidy boundary,0.00000074,0.00000037,2.00000000,100.00000000,price-only compensation; fees and miner costs held constant,consensus-deterministic
S5B,S5/b,"Extended-epoch binary halving, phase-aligned to 630,000",53130000,scheduled subsidy boundary,0.00000037,0.00000018,2.05555556,105.55555556,price-only compensation; fees and miner costs held constant,consensus-deterministic
S5B,S5/b,"Extended-epoch binary halving, phase-aligned to 630,000",55230000,scheduled subsidy boundary,0.00000018,0.00000009,2.00000000,100.00000000,price-only compensation; fees and miner costs held constant,consensus-deterministic
S5B,S5/b,"Extended-epoch binary halving, phase-aligned to 630,000",57330000,scheduled subsidy boundary,0.00000009,0.00000004,2.25000000,125.00000000,price-only compensation; fees and miner costs held constant,consensus-deterministic
S5B,S5/b,"Extended-epoch binary halving, phase-aligned to 630,000",59430000,scheduled subsidy boundary,0.00000004,0.00000002,2.00000000,100.00000000,price-only compensation; fees and miner costs held constant,consensus-deterministic
S5B,S5/b,"Extended-epoch binary halving, phase-aligned to 630,000",61530000,scheduled subsidy boundary,0.00000002,0.00000001,2.00000000,100.00000000,price-only compensation; fees and miner costs held constant,consensus-deterministic
S6a,S6/a,Customized Halving study scenario I,840000,activation,6.25000000,4.00000000,1.56250000,56.25000000,price-only compensation; fees and miner costs held constant,consensus-deterministic
S6a,S6/a,Customized Halving study scenario I,2100000,scheduled subsidy boundary,4.00000000,2.00000000,2.00000000,100.00000000,price-only compensation; fees and miner costs held constant,consensus-deterministic
S6a,S6/a,Customized Halving study scenario I,4200000,scheduled subsidy boundary,2.00000000,1.00000000,2.00000000,100.00000000,price-only compensation; fees and miner costs held constant,consensus-deterministic
S6a,S6/a,Customized Halving study scenario I,6300000,scheduled subsidy boundary,1.00000000,0.50000000,2.00000000,100.00000000,price-only compensation; fees and miner costs held constant,consensus-deterministic
S6B,S6/b,Bounded Customized Halving study scenario II,840000,activation,6.25000000,4.00000000,1.56250000,56.25000000,price-only compensation; fees and miner costs held constant,consensus-deterministic
S6B,S6/b,Bounded Customized Halving study scenario II,2100000,scheduled subsidy boundary,4.00000000,2.00000000,2.00000000,100.00000000,price-only compensation; fees and miner costs held constant,consensus-deterministic
S6B,S6/b,Bounded Customized Halving study scenario II,4200000,scheduled subsidy boundary,2.00000000,1.00000000,2.00000000,100.00000000,price-only compensation; fees and miner costs held constant,consensus-deterministic
S6B,S6/b,Bounded Customized Halving study scenario II,6300000,scheduled subsidy boundary,1.00000000,0.60000000,1.66666667,66.66666667,price-only compensation; fees and miner costs held constant,consensus-deterministic
S6c,S6/c,Customized Halving study scenario III,840000,activation,6.25000000,4.00000000,1.56250000,56.25000000,price-only compensation; fees and miner costs held constant,consensus-deterministic
S6c,S6/c,Customized Halving study scenario III,2100000,scheduled subsidy boundary,4.00000000,2.00000000,2.00000000,100.00000000,price-only compensation; fees and miner costs held constant,consensus-deterministic
S6c,S6/c,Customized Halving study scenario III,4200000,scheduled subsidy boundary,2.00000000,1.00000000,2.00000000,100.00000000,price-only compensation; fees and miner costs held constant,consensus-deterministic
S6c,S6/c,Customized Halving study scenario III,6300000,scheduled subsidy boundary,1.00000000,1.00000000,1.00000000,0.00000000,price-only compensation; fees and miner costs held constant,consensus-deterministic
S6c,S6/c,Customized Halving study scenario III,8400000,scheduled subsidy boundary,1.00000000,0.60000000,1.66666667,66.66666667,price-only compensation; fees and miner costs held constant,consensus-deterministic
S7,S7,Aevust Core Customized Halving tail-emission implementation,840000,activation,6.25000000,4.00000000,1.56250000,56.25000000,price-only compensation; fees and miner costs held constant,consensus-deterministic
S7,S7,Aevust Core Customized Halving tail-emission implementation,2100000,scheduled subsidy boundary,4.00000000,2.00000000,2.00000000,100.00000000,price-only compensation; fees and miner costs held constant,consensus-deterministic
S7,S7,Aevust Core Customized Halving tail-emission implementation,4200000,scheduled subsidy boundary,2.00000000,1.00000000,2.00000000,100.00000000,price-only compensation; fees and miner costs held constant,consensus-deterministic
S7,S7,Aevust Core Customized Halving tail-emission implementation,6300000,scheduled subsidy boundary,1.00000000,0.60000000,1.66666667,66.66666667,price-only compensation; fees and miner costs held constant,consensus-deterministic
