scenario_id,scenario_display_id,scenario_name,boundary_height,subsidy_before_base_units,subsidy_after_base_units,subsidy_before_rin,subsidy_after_rin,nominal_change_base_units,nominal_revenue_shock_pct,fee_replacement_base_units_per_block,fee_replacement_rin_per_block,boundary_type
S0,S0,Unchanged binary halving,840000,625000000,312500000,6.25000000,3.12500000,-312500000,-50.00000000,312500000,3.12500000,activation
S0,S0,Unchanged binary halving,1050000,312500000,156250000,3.12500000,1.56250000,-156250000,-50.00000000,156250000,1.56250000,scheduled subsidy boundary
S0,S0,Unchanged binary halving,1260000,156250000,78125000,1.56250000,0.78125000,-78125000,-50.00000000,78125000,0.78125000,scheduled subsidy boundary
S0,S0,Unchanged binary halving,1470000,78125000,39062500,0.78125000,0.39062500,-39062500,-50.00000000,39062500,0.39062500,scheduled subsidy boundary
S0,S0,Unchanged binary halving,1680000,39062500,19531250,0.39062500,0.19531250,-19531250,-50.00000000,19531250,0.19531250,scheduled subsidy boundary
S0,S0,Unchanged binary halving,1890000,19531250,9765625,0.19531250,0.09765625,-9765625,-50.00000000,9765625,0.09765625,scheduled subsidy boundary
S0,S0,Unchanged binary halving,2100000,9765625,4882812,0.09765625,0.04882812,-4882813,-50.00000512,4882813,0.04882813,scheduled subsidy boundary
S0,S0,Unchanged binary halving,2310000,4882812,2441406,0.04882812,0.02441406,-2441406,-50.00000000,2441406,0.02441406,scheduled subsidy boundary
S0,S0,Unchanged binary halving,2520000,2441406,1220703,0.02441406,0.01220703,-1220703,-50.00000000,1220703,0.01220703,scheduled subsidy boundary
S0,S0,Unchanged binary halving,2730000,1220703,610351,0.01220703,0.00610351,-610352,-50.00004096,610352,0.00610352,scheduled subsidy boundary
S0,S0,Unchanged binary halving,2940000,610351,305175,0.00610351,0.00305175,-305176,-50.00008192,305176,0.00305176,scheduled subsidy boundary
S0,S0,Unchanged binary halving,3150000,305175,152587,0.00305175,0.00152587,-152588,-50.00016384,152588,0.00152588,scheduled subsidy boundary
S0,S0,Unchanged binary halving,3360000,152587,76293,0.00152587,0.00076293,-76294,-50.00032768,76294,0.00076294,scheduled subsidy boundary
S0,S0,Unchanged binary halving,3570000,76293,38146,0.00076293,0.00038146,-38147,-50.00065537,38147,0.00038147,scheduled subsidy boundary
S0,S0,Unchanged binary halving,3780000,38146,19073,0.00038146,0.00019073,-19073,-50.00000000,19073,0.00019073,scheduled subsidy boundary
S0,S0,Unchanged binary halving,3990000,19073,9536,0.00019073,0.00009536,-9537,-50.00262151,9537,0.00009537,scheduled subsidy boundary
S0,S0,Unchanged binary halving,4200000,9536,4768,0.00009536,0.00004768,-4768,-50.00000000,4768,0.00004768,scheduled subsidy boundary
S0,S0,Unchanged binary halving,4410000,4768,2384,0.00004768,0.00002384,-2384,-50.00000000,2384,0.00002384,scheduled subsidy boundary
S0,S0,Unchanged binary halving,4620000,2384,1192,0.00002384,0.00001192,-1192,-50.00000000,1192,0.00001192,scheduled subsidy boundary
S0,S0,Unchanged binary halving,4830000,1192,596,0.00001192,0.00000596,-596,-50.00000000,596,0.00000596,scheduled subsidy boundary
S0,S0,Unchanged binary halving,5040000,596,298,0.00000596,0.00000298,-298,-50.00000000,298,0.00000298,scheduled subsidy boundary
S0,S0,Unchanged binary halving,5250000,298,149,0.00000298,0.00000149,-149,-50.00000000,149,0.00000149,scheduled subsidy boundary
S0,S0,Unchanged binary halving,5460000,149,74,0.00000149,0.00000074,-75,-50.33557047,75,0.00000075,scheduled subsidy boundary
S0,S0,Unchanged binary halving,5670000,74,37,0.00000074,0.00000037,-37,-50.00000000,37,0.00000037,scheduled subsidy boundary
S0,S0,Unchanged binary halving,5880000,37,18,0.00000037,0.00000018,-19,-51.35135135,19,0.00000019,scheduled subsidy boundary
S0,S0,Unchanged binary halving,6090000,18,9,0.00000018,0.00000009,-9,-50.00000000,9,0.00000009,scheduled subsidy boundary
S0,S0,Unchanged binary halving,6300000,9,4,0.00000009,0.00000004,-5,-55.55555556,5,0.00000005,scheduled subsidy boundary
S0,S0,Unchanged binary halving,6510000,4,2,0.00000004,0.00000002,-2,-50.00000000,2,0.00000002,scheduled subsidy boundary
S0,S0,Unchanged binary halving,6720000,2,1,0.00000002,0.00000001,-1,-50.00000000,1,0.00000001,scheduled subsidy boundary
S1,S1,1/20 reduction without a floor,840000,625000000,593750000,6.25000000,5.93750000,-31250000,-5.00000000,31250000,0.31250000,activation
S1,S1,1/20 reduction without a floor,1050000,593750000,564062500,5.93750000,5.64062500,-29687500,-5.00000000,29687500,0.29687500,scheduled subsidy boundary
S1,S1,1/20 reduction without a floor,1260000,564062500,535859375,5.64062500,5.35859375,-28203125,-5.00000000,28203125,0.28203125,scheduled subsidy boundary
S1,S1,1/20 reduction without a floor,1470000,535859375,509066406,5.35859375,5.09066406,-26792969,-5.00000005,26792969,0.26792969,scheduled subsidy boundary
S1,S1,1/20 reduction without a floor,1680000,509066406,483613085,5.09066406,4.83613085,-25453321,-5.00000014,25453321,0.25453321,scheduled subsidy boundary
S1,S1,1/20 reduction without a floor,1890000,483613085,459432430,4.83613085,4.59432430,-24180655,-5.00000016,24180655,0.24180655,scheduled subsidy boundary
S1,S1,1/20 reduction without a floor,2100000,459432430,436460808,4.59432430,4.36460808,-22971622,-5.00000011,22971622,0.22971622,scheduled subsidy boundary
S1,S1,1/20 reduction without a floor,2310000,436460808,414637767,4.36460808,4.14637767,-21823041,-5.00000014,21823041,0.21823041,scheduled subsidy boundary
S1,S1,1/20 reduction without a floor,2520000,414637767,393905878,4.14637767,3.93905878,-20731889,-5.00000016,20731889,0.20731889,scheduled subsidy boundary
S1,S1,1/20 reduction without a floor,2730000,393905878,374210584,3.93905878,3.74210584,-19695294,-5.00000003,19695294,0.19695294,scheduled subsidy boundary
S1,S1,1/20 reduction without a floor,2940000,374210584,355500054,3.74210584,3.55500054,-18710530,-5.00000021,18710530,0.18710530,scheduled subsidy boundary
S1,S1,1/20 reduction without a floor,3150000,355500054,337725051,3.55500054,3.37725051,-17775003,-5.00000008,17775003,0.17775003,scheduled subsidy boundary
S1,S1,1/20 reduction without a floor,3360000,337725051,320838798,3.37725051,3.20838798,-16886253,-5.00000013,16886253,0.16886253,scheduled subsidy boundary
S1,S1,1/20 reduction without a floor,3570000,320838798,304796858,3.20838798,3.04796858,-16041940,-5.00000003,16041940,0.16041940,scheduled subsidy boundary
S1,S1,1/20 reduction without a floor,3780000,304796858,289557015,3.04796858,2.89557015,-15239843,-5.00000003,15239843,0.15239843,scheduled subsidy boundary
S1,S1,1/20 reduction without a floor,3990000,289557015,275079164,2.89557015,2.75079164,-14477851,-5.00000009,14477851,0.14477851,scheduled subsidy boundary
S1,S1,1/20 reduction without a floor,4200000,275079164,261325205,2.75079164,2.61325205,-13753959,-5.00000029,13753959,0.13753959,scheduled subsidy boundary
S1,S1,1/20 reduction without a floor,4410000,261325205,248258944,2.61325205,2.48258944,-13066261,-5.00000029,13066261,0.13066261,scheduled subsidy boundary
S1,S1,1/20 reduction without a floor,4620000,248258944,235845996,2.48258944,2.35845996,-12412948,-5.00000032,12412948,0.12412948,scheduled subsidy boundary
S1,S1,1/20 reduction without a floor,4830000,235845996,224053696,2.35845996,2.24053696,-11792300,-5.00000008,11792300,0.11792300,scheduled subsidy boundary
S1,S1,1/20 reduction without a floor,5040000,224053696,212851011,2.24053696,2.12851011,-11202685,-5.00000009,11202685,0.11202685,scheduled subsidy boundary
S1,S1,1/20 reduction without a floor,5250000,212851011,202208460,2.12851011,2.02208460,-10642551,-5.00000021,10642551,0.10642551,scheduled subsidy boundary
S1,S1,1/20 reduction without a floor,5460000,202208460,192098037,2.02208460,1.92098037,-10110423,-5.00000000,10110423,0.10110423,scheduled subsidy boundary
S1,S1,1/20 reduction without a floor,5670000,192098037,182493135,1.92098037,1.82493135,-9604902,-5.00000008,9604902,0.09604902,scheduled subsidy boundary
S1,S1,1/20 reduction without a floor,5880000,182493135,173368478,1.82493135,1.73368478,-9124657,-5.00000014,9124657,0.09124657,scheduled subsidy boundary
S1,S1,1/20 reduction without a floor,6090000,173368478,164700054,1.73368478,1.64700054,-8668424,-5.00000006,8668424,0.08668424,scheduled subsidy boundary
S1,S1,1/20 reduction without a floor,6300000,164700054,156465051,1.64700054,1.56465051,-8235003,-5.00000018,8235003,0.08235003,scheduled subsidy boundary
S1,S1,1/20 reduction without a floor,6510000,156465051,148641798,1.56465051,1.48641798,-7823253,-5.00000029,7823253,0.07823253,scheduled subsidy boundary
S1,S1,1/20 reduction without a floor,6720000,148641798,141209708,1.48641798,1.41209708,-7432090,-5.00000007,7432090,0.07432090,scheduled subsidy boundary
S1,S1,1/20 reduction without a floor,6930000,141209708,134149222,1.41209708,1.34149222,-7060486,-5.00000042,7060486,0.07060486,scheduled subsidy boundary
S1,S1,1/20 reduction without a floor,7140000,134149222,127441760,1.34149222,1.27441760,-6707462,-5.00000067,6707462,0.06707462,scheduled subsidy boundary
S1,S1,1/20 reduction without a floor,7350000,127441760,121069672,1.27441760,1.21069672,-6372088,-5.00000000,6372088,0.06372088,scheduled subsidy boundary
S1,S1,1/20 reduction without a floor,7560000,121069672,115016188,1.21069672,1.15016188,-6053484,-5.00000033,6053484,0.06053484,scheduled subsidy boundary
S1,S1,1/20 reduction without a floor,7770000,115016188,109265378,1.15016188,1.09265378,-5750810,-5.00000052,5750810,0.05750810,scheduled subsidy boundary
S1,S1,1/20 reduction without a floor,7980000,109265378,103802109,1.09265378,1.03802109,-5463269,-5.00000009,5463269,0.05463269,scheduled subsidy boundary
S1,S1,1/20 reduction without a floor,8190000,103802109,98612003,1.03802109,0.98612003,-5190106,-5.00000053,5190106,0.05190106,scheduled subsidy boundary
S1,S1,1/20 reduction without a floor,8400000,98612003,93681402,0.98612003,0.93681402,-4930601,-5.00000086,4930601,0.04930601,scheduled subsidy boundary
S1,S1,1/20 reduction without a floor,8610000,93681402,88997331,0.93681402,0.88997331,-4684071,-5.00000096,4684071,0.04684071,scheduled subsidy boundary
S1,S1,1/20 reduction without a floor,8820000,88997331,84547464,0.88997331,0.84547464,-4449867,-5.00000051,4449867,0.04449867,scheduled subsidy boundary
S1,S1,1/20 reduction without a floor,9030000,84547464,80320090,0.84547464,0.80320090,-4227374,-5.00000095,4227374,0.04227374,scheduled subsidy boundary
S1,S1,1/20 reduction without a floor,9240000,80320090,76304085,0.80320090,0.76304085,-4016005,-5.00000062,4016005,0.04016005,scheduled subsidy boundary
S1,S1,1/20 reduction without a floor,9450000,76304085,72488880,0.76304085,0.72488880,-3815205,-5.00000098,3815205,0.03815205,scheduled subsidy boundary
S1,S1,1/20 reduction without a floor,9660000,72488880,68864436,0.72488880,0.68864436,-3624444,-5.00000000,3624444,0.03624444,scheduled subsidy boundary
S1,S1,1/20 reduction without a floor,9870000,68864436,65421214,0.68864436,0.65421214,-3443222,-5.00000029,3443222,0.03443222,scheduled subsidy boundary
S1,S1,1/20 reduction without a floor,10080000,65421214,62150153,0.65421214,0.62150153,-3271061,-5.00000046,3271061,0.03271061,scheduled subsidy boundary
S1,S1,1/20 reduction without a floor,10290000,62150153,59042645,0.62150153,0.59042645,-3107508,-5.00000056,3107508,0.03107508,scheduled subsidy boundary
S1,S1,1/20 reduction without a floor,10500000,59042645,56090512,0.59042645,0.56090512,-2952133,-5.00000127,2952133,0.02952133,scheduled subsidy boundary
S1,S1,1/20 reduction without a floor,10710000,56090512,53285986,0.56090512,0.53285986,-2804526,-5.00000071,2804526,0.02804526,scheduled subsidy boundary
S1,S1,1/20 reduction without a floor,10920000,53285986,50621686,0.53285986,0.50621686,-2664300,-5.00000131,2664300,0.02664300,scheduled subsidy boundary
S1,S1,1/20 reduction without a floor,11130000,50621686,48090601,0.50621686,0.48090601,-2531085,-5.00000138,2531085,0.02531085,scheduled subsidy boundary
S1,S1,1/20 reduction without a floor,11340000,48090601,45686070,0.48090601,0.45686070,-2404531,-5.00000198,2404531,0.02404531,scheduled subsidy boundary
S1,S1,1/20 reduction without a floor,11550000,45686070,43401766,0.45686070,0.43401766,-2284304,-5.00000109,2284304,0.02284304,scheduled subsidy boundary
S1,S1,1/20 reduction without a floor,11760000,43401766,41231677,0.43401766,0.41231677,-2170089,-5.00000161,2170089,0.02170089,scheduled subsidy boundary
S1,S1,1/20 reduction without a floor,11970000,41231677,39170093,0.41231677,0.39170093,-2061584,-5.00000036,2061584,0.02061584,scheduled subsidy boundary
S1,S1,1/20 reduction without a floor,12180000,39170093,37211588,0.39170093,0.37211588,-1958505,-5.00000089,1958505,0.01958505,scheduled subsidy boundary
S1,S1,1/20 reduction without a floor,12390000,37211588,35351008,0.37211588,0.35351008,-1860580,-5.00000161,1860580,0.01860580,scheduled subsidy boundary
S1,S1,1/20 reduction without a floor,12600000,35351008,33583457,0.35351008,0.33583457,-1767551,-5.00000170,1767551,0.01767551,scheduled subsidy boundary
S1,S1,1/20 reduction without a floor,12810000,33583457,31904284,0.33583457,0.31904284,-1679173,-5.00000045,1679173,0.01679173,scheduled subsidy boundary
S1,S1,1/20 reduction without a floor,13020000,31904284,30309069,0.31904284,0.30309069,-1595215,-5.00000251,1595215,0.01595215,scheduled subsidy boundary
S1,S1,1/20 reduction without a floor,13230000,30309069,28793615,0.30309069,0.28793615,-1515454,-5.00000181,1515454,0.01515454,scheduled subsidy boundary
S1,S1,1/20 reduction without a floor,13440000,28793615,27353934,0.28793615,0.27353934,-1439681,-5.00000087,1439681,0.01439681,scheduled subsidy boundary
S1,S1,1/20 reduction without a floor,13650000,27353934,25986237,0.27353934,0.25986237,-1367697,-5.00000110,1367697,0.01367697,scheduled subsidy boundary
S1,S1,1/20 reduction without a floor,13860000,25986237,24686925,0.25986237,0.24686925,-1299312,-5.00000058,1299312,0.01299312,scheduled subsidy boundary
S1,S1,1/20 reduction without a floor,14070000,24686925,23452578,0.24686925,0.23452578,-1234347,-5.00000304,1234347,0.01234347,scheduled subsidy boundary
S1,S1,1/20 reduction without a floor,14280000,23452578,22279949,0.23452578,0.22279949,-1172629,-5.00000043,1172629,0.01172629,scheduled subsidy boundary
S1,S1,1/20 reduction without a floor,14490000,22279949,21165951,0.22279949,0.21165951,-1113998,-5.00000247,1113998,0.01113998,scheduled subsidy boundary
S1,S1,1/20 reduction without a floor,14700000,21165951,20107653,0.21165951,0.20107653,-1058298,-5.00000213,1058298,0.01058298,scheduled subsidy boundary
S1,S1,1/20 reduction without a floor,14910000,20107653,19102270,0.20107653,0.19102270,-1005383,-5.00000174,1005383,0.01005383,scheduled subsidy boundary
S1,S1,1/20 reduction without a floor,15120000,19102270,18147156,0.19102270,0.18147156,-955114,-5.00000262,955114,0.00955114,scheduled subsidy boundary
S1,S1,1/20 reduction without a floor,15330000,18147156,17239798,0.18147156,0.17239798,-907358,-5.00000110,907358,0.00907358,scheduled subsidy boundary
S1,S1,1/20 reduction without a floor,15540000,17239798,16377808,0.17239798,0.16377808,-861990,-5.00000058,861990,0.00861990,scheduled subsidy boundary
S1,S1,1/20 reduction without a floor,15750000,16377808,15558917,0.16377808,0.15558917,-818891,-5.00000366,818891,0.00818891,scheduled subsidy boundary
S1,S1,1/20 reduction without a floor,15960000,15558917,14780971,0.15558917,0.14780971,-777946,-5.00000096,777946,0.00777946,scheduled subsidy boundary
S1,S1,1/20 reduction without a floor,16170000,14780971,14041922,0.14780971,0.14041922,-739049,-5.00000304,739049,0.00739049,scheduled subsidy boundary
S1,S1,1/20 reduction without a floor,16380000,14041922,13339825,0.14041922,0.13339825,-702097,-5.00000641,702097,0.00702097,scheduled subsidy boundary
S1,S1,1/20 reduction without a floor,16590000,13339825,12672833,0.13339825,0.12672833,-666992,-5.00000562,666992,0.00666992,scheduled subsidy boundary
S1,S1,1/20 reduction without a floor,16800000,12672833,12039191,0.12672833,0.12039191,-633642,-5.00000276,633642,0.00633642,scheduled subsidy boundary
S1,S1,1/20 reduction without a floor,17010000,12039191,11437231,0.12039191,0.11437231,-601960,-5.00000374,601960,0.00601960,scheduled subsidy boundary
S1,S1,1/20 reduction without a floor,17220000,11437231,10865369,0.11437231,0.10865369,-571862,-5.00000393,571862,0.00571862,scheduled subsidy boundary
S1,S1,1/20 reduction without a floor,17430000,10865369,10322100,0.10865369,0.10322100,-543269,-5.00000506,543269,0.00543269,scheduled subsidy boundary
S1,S1,1/20 reduction without a floor,17640000,10322100,9805995,0.10322100,0.09805995,-516105,-5.00000000,516105,0.00516105,scheduled subsidy boundary
S1,S1,1/20 reduction without a floor,17850000,9805995,9315695,0.09805995,0.09315695,-490300,-5.00000255,490300,0.00490300,scheduled subsidy boundary
S1,S1,1/20 reduction without a floor,18060000,9315695,8849910,0.09315695,0.08849910,-465785,-5.00000268,465785,0.00465785,scheduled subsidy boundary
S1,S1,1/20 reduction without a floor,18270000,8849910,8407414,0.08849910,0.08407414,-442496,-5.00000565,442496,0.00442496,scheduled subsidy boundary
S1,S1,1/20 reduction without a floor,18480000,8407414,7987043,0.08407414,0.07987043,-420371,-5.00000357,420371,0.00420371,scheduled subsidy boundary
S1,S1,1/20 reduction without a floor,18690000,7987043,7587690,0.07987043,0.07587690,-399353,-5.00001064,399353,0.00399353,scheduled subsidy boundary
S1,S1,1/20 reduction without a floor,18900000,7587690,7208305,0.07587690,0.07208305,-379385,-5.00000659,379385,0.00379385,scheduled subsidy boundary
S1,S1,1/20 reduction without a floor,19110000,7208305,6847889,0.07208305,0.06847889,-360416,-5.00001040,360416,0.00360416,scheduled subsidy boundary
S1,S1,1/20 reduction without a floor,19320000,6847889,6505494,0.06847889,0.06505494,-342395,-5.00000803,342395,0.00342395,scheduled subsidy boundary
S1,S1,1/20 reduction without a floor,19530000,6505494,6180219,0.06505494,0.06180219,-325275,-5.00000461,325275,0.00325275,scheduled subsidy boundary
S1,S1,1/20 reduction without a floor,19740000,6180219,5871208,0.06180219,0.05871208,-309011,-5.00000081,309011,0.00309011,scheduled subsidy boundary
S1,S1,1/20 reduction without a floor,19950000,5871208,5577647,0.05871208,0.05577647,-293561,-5.00001022,293561,0.00293561,scheduled subsidy boundary
S1,S1,1/20 reduction without a floor,20160000,5577647,5298764,0.05577647,0.05298764,-278883,-5.00001165,278883,0.00278883,scheduled subsidy boundary
S1,S1,1/20 reduction without a floor,20370000,5298764,5033825,0.05298764,0.05033825,-264939,-5.00001510,264939,0.00264939,scheduled subsidy boundary
S1,S1,1/20 reduction without a floor,20580000,5033825,4782133,0.05033825,0.04782133,-251692,-5.00001490,251692,0.00251692,scheduled subsidy boundary
S1,S1,1/20 reduction without a floor,20790000,4782133,4543026,0.04782133,0.04543026,-239107,-5.00000732,239107,0.00239107,scheduled subsidy boundary
S1,S1,1/20 reduction without a floor,21000000,4543026,4315874,0.04543026,0.04315874,-227152,-5.00001541,227152,0.00227152,scheduled subsidy boundary
S1,S1,1/20 reduction without a floor,21210000,4315874,4100080,0.04315874,0.04100080,-215794,-5.00000695,215794,0.00215794,scheduled subsidy boundary
S1,S1,1/20 reduction without a floor,21420000,4100080,3895076,0.04100080,0.03895076,-205004,-5.00000000,205004,0.00205004,scheduled subsidy boundary
S1,S1,1/20 reduction without a floor,21630000,3895076,3700322,0.03895076,0.03700322,-194754,-5.00000513,194754,0.00194754,scheduled subsidy boundary
S1,S1,1/20 reduction without a floor,21840000,3700322,3515305,0.03700322,0.03515305,-185017,-5.00002432,185017,0.00185017,scheduled subsidy boundary
S1,S1,1/20 reduction without a floor,22050000,3515305,3339539,0.03515305,0.03339539,-175766,-5.00002134,175766,0.00175766,scheduled subsidy boundary
S1,S1,1/20 reduction without a floor,22260000,3339539,3172562,0.03339539,0.03172562,-166977,-5.00000150,166977,0.00166977,scheduled subsidy boundary
S1,S1,1/20 reduction without a floor,22470000,3172562,3013933,0.03172562,0.03013933,-158629,-5.00002837,158629,0.00158629,scheduled subsidy boundary
S1,S1,1/20 reduction without a floor,22680000,3013933,2863236,0.03013933,0.02863236,-150697,-5.00001161,150697,0.00150697,scheduled subsidy boundary
S1,S1,1/20 reduction without a floor,22890000,2863236,2720074,0.02863236,0.02720074,-143162,-5.00000699,143162,0.00143162,scheduled subsidy boundary
S1,S1,1/20 reduction without a floor,23100000,2720074,2584070,0.02720074,0.02584070,-136004,-5.00001103,136004,0.00136004,scheduled subsidy boundary
S1,S1,1/20 reduction without a floor,23310000,2584070,2454866,0.02584070,0.02454866,-129204,-5.00001935,129204,0.00129204,scheduled subsidy boundary
S1,S1,1/20 reduction without a floor,23520000,2454866,2332122,0.02454866,0.02332122,-122744,-5.00002851,122744,0.00122744,scheduled subsidy boundary
S1,S1,1/20 reduction without a floor,23730000,2332122,2215515,0.02332122,0.02215515,-116607,-5.00003859,116607,0.00116607,scheduled subsidy boundary
S1,S1,1/20 reduction without a floor,23940000,2215515,2104739,0.02215515,0.02104739,-110776,-5.00001128,110776,0.00110776,scheduled subsidy boundary
S1,S1,1/20 reduction without a floor,24150000,2104739,1999502,0.02104739,0.01999502,-105237,-5.00000238,105237,0.00105237,scheduled subsidy boundary
S1,S1,1/20 reduction without a floor,24360000,1999502,1899526,0.01999502,0.01899526,-99976,-5.00004501,99976,0.00099976,scheduled subsidy boundary
S1,S1,1/20 reduction without a floor,24570000,1899526,1804549,0.01899526,0.01804549,-94977,-5.00003685,94977,0.00094977,scheduled subsidy boundary
S1,S1,1/20 reduction without a floor,24780000,1804549,1714321,0.01804549,0.01714321,-90228,-5.00003048,90228,0.00090228,scheduled subsidy boundary
S1,S1,1/20 reduction without a floor,24990000,1714321,1628604,0.01714321,0.01628604,-85717,-5.00005542,85717,0.00085717,scheduled subsidy boundary
S1,S1,1/20 reduction without a floor,25200000,1628604,1547173,0.01628604,0.01547173,-81431,-5.00004912,81431,0.00081431,scheduled subsidy boundary
S1,S1,1/20 reduction without a floor,25410000,1547173,1469814,0.01547173,0.01469814,-77359,-5.00002262,77359,0.00077359,scheduled subsidy boundary
S1,S1,1/20 reduction without a floor,25620000,1469814,1396323,0.01469814,0.01396323,-73491,-5.00002041,73491,0.00073491,scheduled subsidy boundary
S1,S1,1/20 reduction without a floor,25830000,1396323,1326506,0.01396323,0.01326506,-69817,-5.00006087,69817,0.00069817,scheduled subsidy boundary
S1,S1,1/20 reduction without a floor,26040000,1326506,1260180,0.01326506,0.01260180,-66326,-5.00005277,66326,0.00066326,scheduled subsidy boundary
S1,S1,1/20 reduction without a floor,26250000,1260180,1197171,0.01260180,0.01197171,-63009,-5.00000000,63009,0.00063009,scheduled subsidy boundary
S1,S1,1/20 reduction without a floor,26460000,1197171,1137312,0.01197171,0.01137312,-59859,-5.00003759,59859,0.00059859,scheduled subsidy boundary
S1,S1,1/20 reduction without a floor,26670000,1137312,1080446,0.01137312,0.01080446,-56866,-5.00003517,56866,0.00056866,scheduled subsidy boundary
S1,S1,1/20 reduction without a floor,26880000,1080446,1026423,0.01080446,0.01026423,-54023,-5.00006479,54023,0.00054023,scheduled subsidy boundary
S1,S1,1/20 reduction without a floor,27090000,1026423,975101,0.01026423,0.00975101,-51322,-5.00008281,51322,0.00051322,scheduled subsidy boundary
S1,S1,1/20 reduction without a floor,27300000,975101,926345,0.00975101,0.00926345,-48756,-5.00009743,48756,0.00048756,scheduled subsidy boundary
S1,S1,1/20 reduction without a floor,27510000,926345,880027,0.00926345,0.00880027,-46318,-5.00008096,46318,0.00046318,scheduled subsidy boundary
S1,S1,1/20 reduction without a floor,27720000,880027,836025,0.00880027,0.00836025,-44002,-5.00007386,44002,0.00044002,scheduled subsidy boundary
S1,S1,1/20 reduction without a floor,27930000,836025,794223,0.00836025,0.00794223,-41802,-5.00008971,41802,0.00041802,scheduled subsidy boundary
S1,S1,1/20 reduction without a floor,28140000,794223,754511,0.00794223,0.00754511,-39712,-5.00010702,39712,0.00039712,scheduled subsidy boundary
S1,S1,1/20 reduction without a floor,28350000,754511,716785,0.00754511,0.00716785,-37726,-5.00005964,37726,0.00037726,scheduled subsidy boundary
S1,S1,1/20 reduction without a floor,28560000,716785,680945,0.00716785,0.00680945,-35840,-5.00010463,35840,0.00035840,scheduled subsidy boundary
S1,S1,1/20 reduction without a floor,28770000,680945,646897,0.00680945,0.00646897,-34048,-5.00011014,34048,0.00034048,scheduled subsidy boundary
S1,S1,1/20 reduction without a floor,28980000,646897,614552,0.00646897,0.00614552,-32345,-5.00002319,32345,0.00032345,scheduled subsidy boundary
S1,S1,1/20 reduction without a floor,29190000,614552,583824,0.00614552,0.00583824,-30728,-5.00006509,30728,0.00030728,scheduled subsidy boundary
S1,S1,1/20 reduction without a floor,29400000,583824,554632,0.00583824,0.00554632,-29192,-5.00013703,29192,0.00029192,scheduled subsidy boundary
S1,S1,1/20 reduction without a floor,29610000,554632,526900,0.00554632,0.00526900,-27732,-5.00007212,27732,0.00027732,scheduled subsidy boundary
S1,S1,1/20 reduction without a floor,29820000,526900,500555,0.00526900,0.00500555,-26345,-5.00000000,26345,0.00026345,scheduled subsidy boundary
S1,S1,1/20 reduction without a floor,30030000,500555,475527,0.00500555,0.00475527,-25028,-5.00004994,25028,0.00025028,scheduled subsidy boundary
S1,S1,1/20 reduction without a floor,30240000,475527,451750,0.00475527,0.00451750,-23777,-5.00013669,23777,0.00023777,scheduled subsidy boundary
S1,S1,1/20 reduction without a floor,30450000,451750,429162,0.00451750,0.00429162,-22588,-5.00011068,22588,0.00022588,scheduled subsidy boundary
S1,S1,1/20 reduction without a floor,30660000,429162,407703,0.00429162,0.00407703,-21459,-5.00020971,21459,0.00021459,scheduled subsidy boundary
S1,S1,1/20 reduction without a floor,30870000,407703,387317,0.00407703,0.00387317,-20386,-5.00020849,20386,0.00020386,scheduled subsidy boundary
S1,S1,1/20 reduction without a floor,31080000,387317,367951,0.00387317,0.00367951,-19366,-5.00003873,19366,0.00019366,scheduled subsidy boundary
S1,S1,1/20 reduction without a floor,31290000,367951,349553,0.00367951,0.00349553,-18398,-5.00012230,18398,0.00018398,scheduled subsidy boundary
S1,S1,1/20 reduction without a floor,31500000,349553,332075,0.00349553,0.00332075,-17478,-5.00010013,17478,0.00017478,scheduled subsidy boundary
S1,S1,1/20 reduction without a floor,31710000,332075,315471,0.00332075,0.00315471,-16604,-5.00007528,16604,0.00016604,scheduled subsidy boundary
S1,S1,1/20 reduction without a floor,31920000,315471,299697,0.00315471,0.00299697,-15774,-5.00014264,15774,0.00015774,scheduled subsidy boundary
S1,S1,1/20 reduction without a floor,32130000,299697,284712,0.00299697,0.00284712,-14985,-5.00005005,14985,0.00014985,scheduled subsidy boundary
S1,S1,1/20 reduction without a floor,32340000,284712,270476,0.00284712,0.00270476,-14236,-5.00014049,14236,0.00014236,scheduled subsidy boundary
S1,S1,1/20 reduction without a floor,32550000,270476,256952,0.00270476,0.00256952,-13524,-5.00007394,13524,0.00013524,scheduled subsidy boundary
S1,S1,1/20 reduction without a floor,32760000,256952,244104,0.00256952,0.00244104,-12848,-5.00015567,12848,0.00012848,scheduled subsidy boundary
S1,S1,1/20 reduction without a floor,32970000,244104,231898,0.00244104,0.00231898,-12206,-5.00032773,12206,0.00012206,scheduled subsidy boundary
S1,S1,1/20 reduction without a floor,33180000,231898,220303,0.00231898,0.00220303,-11595,-5.00004312,11595,0.00011595,scheduled subsidy boundary
S1,S1,1/20 reduction without a floor,33390000,220303,209287,0.00220303,0.00209287,-11016,-5.00038583,11016,0.00011016,scheduled subsidy boundary
S1,S1,1/20 reduction without a floor,33600000,209287,198822,0.00209287,0.00198822,-10465,-5.00031058,10465,0.00010465,scheduled subsidy boundary
S1,S1,1/20 reduction without a floor,33810000,198822,188880,0.00198822,0.00188880,-9942,-5.00045267,9942,0.00009942,scheduled subsidy boundary
S1,S1,1/20 reduction without a floor,34020000,188880,179436,0.00188880,0.00179436,-9444,-5.00000000,9444,0.00009444,scheduled subsidy boundary
S1,S1,1/20 reduction without a floor,34230000,179436,170464,0.00179436,0.00170464,-8972,-5.00011146,8972,0.00008972,scheduled subsidy boundary
S1,S1,1/20 reduction without a floor,34440000,170464,161940,0.00170464,0.00161940,-8524,-5.00046931,8524,0.00008524,scheduled subsidy boundary
S1,S1,1/20 reduction without a floor,34650000,161940,153843,0.00161940,0.00153843,-8097,-5.00000000,8097,0.00008097,scheduled subsidy boundary
S1,S1,1/20 reduction without a floor,34860000,153843,146150,0.00153843,0.00146150,-7693,-5.00055251,7693,0.00007693,scheduled subsidy boundary
S1,S1,1/20 reduction without a floor,35070000,146150,138842,0.00146150,0.00138842,-7308,-5.00034211,7308,0.00007308,scheduled subsidy boundary
S1,S1,1/20 reduction without a floor,35280000,138842,131899,0.00138842,0.00131899,-6943,-5.00064822,6943,0.00006943,scheduled subsidy boundary
S1,S1,1/20 reduction without a floor,35490000,131899,125304,0.00131899,0.00125304,-6595,-5.00003791,6595,0.00006595,scheduled subsidy boundary
S1,S1,1/20 reduction without a floor,35700000,125304,119038,0.00125304,0.00119038,-6266,-5.00063845,6266,0.00006266,scheduled subsidy boundary
S1,S1,1/20 reduction without a floor,35910000,119038,113086,0.00119038,0.00113086,-5952,-5.00008401,5952,0.00005952,scheduled subsidy boundary
S1,S1,1/20 reduction without a floor,36120000,113086,107431,0.00113086,0.00107431,-5655,-5.00061900,5655,0.00005655,scheduled subsidy boundary
S1,S1,1/20 reduction without a floor,36330000,107431,102059,0.00107431,0.00102059,-5372,-5.00041887,5372,0.00005372,scheduled subsidy boundary
S1,S1,1/20 reduction without a floor,36540000,102059,96956,0.00102059,0.00096956,-5103,-5.00004899,5103,0.00005103,scheduled subsidy boundary
S1,S1,1/20 reduction without a floor,36750000,96956,92108,0.00096956,0.00092108,-4848,-5.00020628,4848,0.00004848,scheduled subsidy boundary
S1,S1,1/20 reduction without a floor,36960000,92108,87502,0.00092108,0.00087502,-4606,-5.00065141,4606,0.00004606,scheduled subsidy boundary
S1,S1,1/20 reduction without a floor,37170000,87502,83126,0.00087502,0.00083126,-4376,-5.00102855,4376,0.00004376,scheduled subsidy boundary
S1,S1,1/20 reduction without a floor,37380000,83126,78969,0.00083126,0.00078969,-4157,-5.00084210,4157,0.00004157,scheduled subsidy boundary
S1,S1,1/20 reduction without a floor,37590000,78969,75020,0.00078969,0.00075020,-3949,-5.00069648,3949,0.00003949,scheduled subsidy boundary
S1,S1,1/20 reduction without a floor,37800000,75020,71269,0.00075020,0.00071269,-3751,-5.00000000,3751,0.00003751,scheduled subsidy boundary
S1,S1,1/20 reduction without a floor,38010000,71269,67705,0.00071269,0.00067705,-3564,-5.00077172,3564,0.00003564,scheduled subsidy boundary
S1,S1,1/20 reduction without a floor,38220000,67705,64319,0.00067705,0.00064319,-3386,-5.00110775,3386,0.00003386,scheduled subsidy boundary
S1,S1,1/20 reduction without a floor,38430000,64319,61103,0.00064319,0.00061103,-3216,-5.00007774,3216,0.00003216,scheduled subsidy boundary
S1,S1,1/20 reduction without a floor,38640000,61103,58047,0.00061103,0.00058047,-3056,-5.00139109,3056,0.00003056,scheduled subsidy boundary
S1,S1,1/20 reduction without a floor,38850000,58047,55144,0.00058047,0.00055144,-2903,-5.00111978,2903,0.00002903,scheduled subsidy boundary
S1,S1,1/20 reduction without a floor,39060000,55144,52386,0.00055144,0.00052386,-2758,-5.00145075,2758,0.00002758,scheduled subsidy boundary
S1,S1,1/20 reduction without a floor,39270000,52386,49766,0.00052386,0.00049766,-2620,-5.00133623,2620,0.00002620,scheduled subsidy boundary
S1,S1,1/20 reduction without a floor,39480000,49766,47277,0.00049766,0.00047277,-2489,-5.00140658,2489,0.00002489,scheduled subsidy boundary
S1,S1,1/20 reduction without a floor,39690000,47277,44913,0.00047277,0.00044913,-2364,-5.00031728,2364,0.00002364,scheduled subsidy boundary
S1,S1,1/20 reduction without a floor,39900000,44913,42667,0.00044913,0.00042667,-2246,-5.00077928,2246,0.00002246,scheduled subsidy boundary
S1,S1,1/20 reduction without a floor,40110000,42667,40533,0.00042667,0.00040533,-2134,-5.00152343,2134,0.00002134,scheduled subsidy boundary
S1,S1,1/20 reduction without a floor,40320000,40533,38506,0.00040533,0.00038506,-2027,-5.00086349,2027,0.00002027,scheduled subsidy boundary
S1,S1,1/20 reduction without a floor,40530000,38506,36580,0.00038506,0.00036580,-1926,-5.00181790,1926,0.00001926,scheduled subsidy boundary
S1,S1,1/20 reduction without a floor,40740000,36580,34751,0.00036580,0.00034751,-1829,-5.00000000,1829,0.00001829,scheduled subsidy boundary
S1,S1,1/20 reduction without a floor,40950000,34751,33013,0.00034751,0.00033013,-1738,-5.00129493,1738,0.00001738,scheduled subsidy boundary
S1,S1,1/20 reduction without a floor,41160000,33013,31362,0.00033013,0.00031362,-1651,-5.00106019,1651,0.00001651,scheduled subsidy boundary
S1,S1,1/20 reduction without a floor,41370000,31362,29793,0.00031362,0.00029793,-1569,-5.00286971,1569,0.00001569,scheduled subsidy boundary
S1,S1,1/20 reduction without a floor,41580000,29793,28303,0.00029793,0.00028303,-1490,-5.00117477,1490,0.00001490,scheduled subsidy boundary
S1,S1,1/20 reduction without a floor,41790000,28303,26887,0.00028303,0.00026887,-1416,-5.00300322,1416,0.00001416,scheduled subsidy boundary
S1,S1,1/20 reduction without a floor,42000000,26887,25542,0.00026887,0.00025542,-1345,-5.00241753,1345,0.00001345,scheduled subsidy boundary
S1,S1,1/20 reduction without a floor,42210000,25542,24264,0.00025542,0.00024264,-1278,-5.00352361,1278,0.00001278,scheduled subsidy boundary
S1,S1,1/20 reduction without a floor,42420000,24264,23050,0.00024264,0.00023050,-1214,-5.00329707,1214,0.00001214,scheduled subsidy boundary
S1,S1,1/20 reduction without a floor,42630000,23050,21897,0.00023050,0.00021897,-1153,-5.00216920,1153,0.00001153,scheduled subsidy boundary
S1,S1,1/20 reduction without a floor,42840000,21897,20802,0.00021897,0.00020802,-1095,-5.00068503,1095,0.00001095,scheduled subsidy boundary
S1,S1,1/20 reduction without a floor,43050000,20802,19761,0.00020802,0.00019761,-1041,-5.00432651,1041,0.00001041,scheduled subsidy boundary
S1,S1,1/20 reduction without a floor,43260000,19761,18772,0.00019761,0.00018772,-989,-5.00480745,989,0.00000989,scheduled subsidy boundary
S1,S1,1/20 reduction without a floor,43470000,18772,17833,0.00018772,0.00017833,-939,-5.00213083,939,0.00000939,scheduled subsidy boundary
S1,S1,1/20 reduction without a floor,43680000,17833,16941,0.00017833,0.00016941,-892,-5.00196265,892,0.00000892,scheduled subsidy boundary
S1,S1,1/20 reduction without a floor,43890000,16941,16093,0.00016941,0.00016093,-848,-5.00560770,848,0.00000848,scheduled subsidy boundary
S1,S1,1/20 reduction without a floor,44100000,16093,15288,0.00016093,0.00015288,-805,-5.00217486,805,0.00000805,scheduled subsidy boundary
S1,S1,1/20 reduction without a floor,44310000,15288,14523,0.00015288,0.00014523,-765,-5.00392465,765,0.00000765,scheduled subsidy boundary
S1,S1,1/20 reduction without a floor,44520000,14523,13796,0.00014523,0.00013796,-727,-5.00585279,727,0.00000727,scheduled subsidy boundary
S1,S1,1/20 reduction without a floor,44730000,13796,13106,0.00013796,0.00013106,-690,-5.00144970,690,0.00000690,scheduled subsidy boundary
S1,S1,1/20 reduction without a floor,44940000,13106,12450,0.00013106,0.00012450,-656,-5.00534107,656,0.00000656,scheduled subsidy boundary
S1,S1,1/20 reduction without a floor,45150000,12450,11827,0.00012450,0.00011827,-623,-5.00401606,623,0.00000623,scheduled subsidy boundary
S1,S1,1/20 reduction without a floor,45360000,11827,11235,0.00011827,0.00011235,-592,-5.00549590,592,0.00000592,scheduled subsidy boundary
S1,S1,1/20 reduction without a floor,45570000,11235,10673,0.00011235,0.00010673,-562,-5.00222519,562,0.00000562,scheduled subsidy boundary
S1,S1,1/20 reduction without a floor,45780000,10673,10139,0.00010673,0.00010139,-534,-5.00327930,534,0.00000534,scheduled subsidy boundary
S1,S1,1/20 reduction without a floor,45990000,10139,9632,0.00010139,0.00009632,-507,-5.00049315,507,0.00000507,scheduled subsidy boundary
S1,S1,1/20 reduction without a floor,46200000,9632,9150,0.00009632,0.00009150,-482,-5.00415282,482,0.00000482,scheduled subsidy boundary
S1,S1,1/20 reduction without a floor,46410000,9150,8692,0.00009150,0.00008692,-458,-5.00546448,458,0.00000458,scheduled subsidy boundary
S1,S1,1/20 reduction without a floor,46620000,8692,8257,0.00008692,0.00008257,-435,-5.00460193,435,0.00000435,scheduled subsidy boundary
S1,S1,1/20 reduction without a floor,46830000,8257,7844,0.00008257,0.00007844,-413,-5.00181664,413,0.00000413,scheduled subsidy boundary
S1,S1,1/20 reduction without a floor,47040000,7844,7451,0.00007844,0.00007451,-393,-5.01019888,393,0.00000393,scheduled subsidy boundary
S1,S1,1/20 reduction without a floor,47250000,7451,7078,0.00007451,0.00007078,-373,-5.00603946,373,0.00000373,scheduled subsidy boundary
S1,S1,1/20 reduction without a floor,47460000,7078,6724,0.00007078,0.00006724,-354,-5.00141283,354,0.00000354,scheduled subsidy boundary
S1,S1,1/20 reduction without a floor,47670000,6724,6387,0.00006724,0.00006387,-337,-5.01189768,337,0.00000337,scheduled subsidy boundary
S1,S1,1/20 reduction without a floor,47880000,6387,6067,0.00006387,0.00006067,-320,-5.01017692,320,0.00000320,scheduled subsidy boundary
S1,S1,1/20 reduction without a floor,48090000,6067,5763,0.00006067,0.00005763,-304,-5.01071370,304,0.00000304,scheduled subsidy boundary
S1,S1,1/20 reduction without a floor,48300000,5763,5474,0.00005763,0.00005474,-289,-5.01474926,289,0.00000289,scheduled subsidy boundary
S1,S1,1/20 reduction without a floor,48510000,5474,5200,0.00005474,0.00005200,-274,-5.00548045,274,0.00000274,scheduled subsidy boundary
S1,S1,1/20 reduction without a floor,48720000,5200,4940,0.00005200,0.00004940,-260,-5.00000000,260,0.00000260,scheduled subsidy boundary
S1,S1,1/20 reduction without a floor,48930000,4940,4693,0.00004940,0.00004693,-247,-5.00000000,247,0.00000247,scheduled subsidy boundary
S1,S1,1/20 reduction without a floor,49140000,4693,4458,0.00004693,0.00004458,-235,-5.00745792,235,0.00000235,scheduled subsidy boundary
S1,S1,1/20 reduction without a floor,49350000,4458,4235,0.00004458,0.00004235,-223,-5.00224316,223,0.00000223,scheduled subsidy boundary
S1,S1,1/20 reduction without a floor,49560000,4235,4023,0.00004235,0.00004023,-212,-5.00590319,212,0.00000212,scheduled subsidy boundary
S1,S1,1/20 reduction without a floor,49770000,4023,3821,0.00004023,0.00003821,-202,-5.02112851,202,0.00000202,scheduled subsidy boundary
S1,S1,1/20 reduction without a floor,49980000,3821,3629,0.00003821,0.00003629,-192,-5.02486260,192,0.00000192,scheduled subsidy boundary
S1,S1,1/20 reduction without a floor,50190000,3629,3447,0.00003629,0.00003447,-182,-5.01515569,182,0.00000182,scheduled subsidy boundary
S1,S1,1/20 reduction without a floor,50400000,3447,3274,0.00003447,0.00003274,-173,-5.01885698,173,0.00000173,scheduled subsidy boundary
S1,S1,1/20 reduction without a floor,50610000,3274,3110,0.00003274,0.00003110,-164,-5.00916310,164,0.00000164,scheduled subsidy boundary
S1,S1,1/20 reduction without a floor,50820000,3110,2954,0.00003110,0.00002954,-156,-5.01607717,156,0.00000156,scheduled subsidy boundary
S1,S1,1/20 reduction without a floor,51030000,2954,2806,0.00002954,0.00002806,-148,-5.01015572,148,0.00000148,scheduled subsidy boundary
S1,S1,1/20 reduction without a floor,51240000,2806,2665,0.00002806,0.00002665,-141,-5.02494654,141,0.00000141,scheduled subsidy boundary
S1,S1,1/20 reduction without a floor,51450000,2665,2531,0.00002665,0.00002531,-134,-5.02814259,134,0.00000134,scheduled subsidy boundary
S1,S1,1/20 reduction without a floor,51660000,2531,2404,0.00002531,0.00002404,-127,-5.01777953,127,0.00000127,scheduled subsidy boundary
S1,S1,1/20 reduction without a floor,51870000,2404,2283,0.00002404,0.00002283,-121,-5.03327787,121,0.00000121,scheduled subsidy boundary
S1,S1,1/20 reduction without a floor,52080000,2283,2168,0.00002283,0.00002168,-115,-5.03723171,115,0.00000115,scheduled subsidy boundary
S1,S1,1/20 reduction without a floor,52290000,2168,2059,0.00002168,0.00002059,-109,-5.02767528,109,0.00000109,scheduled subsidy boundary
S1,S1,1/20 reduction without a floor,52500000,2059,1956,0.00002059,0.00001956,-103,-5.00242836,103,0.00000103,scheduled subsidy boundary
S1,S1,1/20 reduction without a floor,52710000,1956,1858,0.00001956,0.00001858,-98,-5.01022495,98,0.00000098,scheduled subsidy boundary
S1,S1,1/20 reduction without a floor,52920000,1858,1765,0.00001858,0.00001765,-93,-5.00538213,93,0.00000093,scheduled subsidy boundary
S1,S1,1/20 reduction without a floor,53130000,1765,1676,0.00001765,0.00001676,-89,-5.04249292,89,0.00000089,scheduled subsidy boundary
S1,S1,1/20 reduction without a floor,53340000,1676,1592,0.00001676,0.00001592,-84,-5.01193317,84,0.00000084,scheduled subsidy boundary
S1,S1,1/20 reduction without a floor,53550000,1592,1512,0.00001592,0.00001512,-80,-5.02512563,80,0.00000080,scheduled subsidy boundary
S1,S1,1/20 reduction without a floor,53760000,1512,1436,0.00001512,0.00001436,-76,-5.02645503,76,0.00000076,scheduled subsidy boundary
S1,S1,1/20 reduction without a floor,53970000,1436,1364,0.00001436,0.00001364,-72,-5.01392758,72,0.00000072,scheduled subsidy boundary
S1,S1,1/20 reduction without a floor,54180000,1364,1295,0.00001364,0.00001295,-69,-5.05865103,69,0.00000069,scheduled subsidy boundary
S1,S1,1/20 reduction without a floor,54390000,1295,1230,0.00001295,0.00001230,-65,-5.01930502,65,0.00000065,scheduled subsidy boundary
S1,S1,1/20 reduction without a floor,54600000,1230,1168,0.00001230,0.00001168,-62,-5.04065041,62,0.00000062,scheduled subsidy boundary
S1,S1,1/20 reduction without a floor,54810000,1168,1109,0.00001168,0.00001109,-59,-5.05136986,59,0.00000059,scheduled subsidy boundary
S1,S1,1/20 reduction without a floor,55020000,1109,1053,0.00001109,0.00001053,-56,-5.04959423,56,0.00000056,scheduled subsidy boundary
S1,S1,1/20 reduction without a floor,55230000,1053,1000,0.00001053,0.00001000,-53,-5.03323837,53,0.00000053,scheduled subsidy boundary
S1,S1,1/20 reduction without a floor,55440000,1000,950,0.00001000,0.00000950,-50,-5.00000000,50,0.00000050,scheduled subsidy boundary
S1,S1,1/20 reduction without a floor,55650000,950,902,0.00000950,0.00000902,-48,-5.05263158,48,0.00000048,scheduled subsidy boundary
S1,S1,1/20 reduction without a floor,55860000,902,856,0.00000902,0.00000856,-46,-5.09977827,46,0.00000046,scheduled subsidy boundary
S1,S1,1/20 reduction without a floor,56070000,856,813,0.00000856,0.00000813,-43,-5.02336449,43,0.00000043,scheduled subsidy boundary
S1,S1,1/20 reduction without a floor,56280000,813,772,0.00000813,0.00000772,-41,-5.04305043,41,0.00000041,scheduled subsidy boundary
S1,S1,1/20 reduction without a floor,56490000,772,733,0.00000772,0.00000733,-39,-5.05181347,39,0.00000039,scheduled subsidy boundary
S1,S1,1/20 reduction without a floor,56700000,733,696,0.00000733,0.00000696,-37,-5.04774898,37,0.00000037,scheduled subsidy boundary
S1,S1,1/20 reduction without a floor,56910000,696,661,0.00000696,0.00000661,-35,-5.02873563,35,0.00000035,scheduled subsidy boundary
S1,S1,1/20 reduction without a floor,57120000,661,627,0.00000661,0.00000627,-34,-5.14372163,34,0.00000034,scheduled subsidy boundary
S1,S1,1/20 reduction without a floor,57330000,627,595,0.00000627,0.00000595,-32,-5.10366826,32,0.00000032,scheduled subsidy boundary
S1,S1,1/20 reduction without a floor,57540000,595,565,0.00000595,0.00000565,-30,-5.04201681,30,0.00000030,scheduled subsidy boundary
S1,S1,1/20 reduction without a floor,57750000,565,536,0.00000565,0.00000536,-29,-5.13274336,29,0.00000029,scheduled subsidy boundary
S1,S1,1/20 reduction without a floor,57960000,536,509,0.00000536,0.00000509,-27,-5.03731343,27,0.00000027,scheduled subsidy boundary
S1,S1,1/20 reduction without a floor,58170000,509,483,0.00000509,0.00000483,-26,-5.10805501,26,0.00000026,scheduled subsidy boundary
S1,S1,1/20 reduction without a floor,58380000,483,458,0.00000483,0.00000458,-25,-5.17598344,25,0.00000025,scheduled subsidy boundary
S1,S1,1/20 reduction without a floor,58590000,458,435,0.00000458,0.00000435,-23,-5.02183406,23,0.00000023,scheduled subsidy boundary
S1,S1,1/20 reduction without a floor,58800000,435,413,0.00000435,0.00000413,-22,-5.05747126,22,0.00000022,scheduled subsidy boundary
S1,S1,1/20 reduction without a floor,59010000,413,392,0.00000413,0.00000392,-21,-5.08474576,21,0.00000021,scheduled subsidy boundary
S1,S1,1/20 reduction without a floor,59220000,392,372,0.00000392,0.00000372,-20,-5.10204082,20,0.00000020,scheduled subsidy boundary
S1,S1,1/20 reduction without a floor,59430000,372,353,0.00000372,0.00000353,-19,-5.10752688,19,0.00000019,scheduled subsidy boundary
S1,S1,1/20 reduction without a floor,59640000,353,335,0.00000353,0.00000335,-18,-5.09915014,18,0.00000018,scheduled subsidy boundary
S1,S1,1/20 reduction without a floor,59850000,335,318,0.00000335,0.00000318,-17,-5.07462687,17,0.00000017,scheduled subsidy boundary
S1,S1,1/20 reduction without a floor,60060000,318,302,0.00000318,0.00000302,-16,-5.03144654,16,0.00000016,scheduled subsidy boundary
S1,S1,1/20 reduction without a floor,60270000,302,286,0.00000302,0.00000286,-16,-5.29801325,16,0.00000016,scheduled subsidy boundary
S1,S1,1/20 reduction without a floor,60480000,286,271,0.00000286,0.00000271,-15,-5.24475524,15,0.00000015,scheduled subsidy boundary
S1,S1,1/20 reduction without a floor,60690000,271,257,0.00000271,0.00000257,-14,-5.16605166,14,0.00000014,scheduled subsidy boundary
S1,S1,1/20 reduction without a floor,60900000,257,244,0.00000257,0.00000244,-13,-5.05836576,13,0.00000013,scheduled subsidy boundary
S1,S1,1/20 reduction without a floor,61110000,244,231,0.00000244,0.00000231,-13,-5.32786885,13,0.00000013,scheduled subsidy boundary
S1,S1,1/20 reduction without a floor,61320000,231,219,0.00000231,0.00000219,-12,-5.19480519,12,0.00000012,scheduled subsidy boundary
S1,S1,1/20 reduction without a floor,61530000,219,208,0.00000219,0.00000208,-11,-5.02283105,11,0.00000011,scheduled subsidy boundary
S1,S1,1/20 reduction without a floor,61740000,208,197,0.00000208,0.00000197,-11,-5.28846154,11,0.00000011,scheduled subsidy boundary
S1,S1,1/20 reduction without a floor,61950000,197,187,0.00000197,0.00000187,-10,-5.07614213,10,0.00000010,scheduled subsidy boundary
S1,S1,1/20 reduction without a floor,62160000,187,177,0.00000187,0.00000177,-10,-5.34759358,10,0.00000010,scheduled subsidy boundary
S1,S1,1/20 reduction without a floor,62370000,177,168,0.00000177,0.00000168,-9,-5.08474576,9,0.00000009,scheduled subsidy boundary
S1,S1,1/20 reduction without a floor,62580000,168,159,0.00000168,0.00000159,-9,-5.35714286,9,0.00000009,scheduled subsidy boundary
S1,S1,1/20 reduction without a floor,62790000,159,151,0.00000159,0.00000151,-8,-5.03144654,8,0.00000008,scheduled subsidy boundary
S1,S1,1/20 reduction without a floor,63000000,151,143,0.00000151,0.00000143,-8,-5.29801325,8,0.00000008,scheduled subsidy boundary
S1,S1,1/20 reduction without a floor,63210000,143,135,0.00000143,0.00000135,-8,-5.59440559,8,0.00000008,scheduled subsidy boundary
S1,S1,1/20 reduction without a floor,63420000,135,128,0.00000135,0.00000128,-7,-5.18518519,7,0.00000007,scheduled subsidy boundary
S1,S1,1/20 reduction without a floor,63630000,128,121,0.00000128,0.00000121,-7,-5.46875000,7,0.00000007,scheduled subsidy boundary
S1,S1,1/20 reduction without a floor,63840000,121,114,0.00000121,0.00000114,-7,-5.78512397,7,0.00000007,scheduled subsidy boundary
S1,S1,1/20 reduction without a floor,64050000,114,108,0.00000114,0.00000108,-6,-5.26315789,6,0.00000006,scheduled subsidy boundary
S1,S1,1/20 reduction without a floor,64260000,108,102,0.00000108,0.00000102,-6,-5.55555556,6,0.00000006,scheduled subsidy boundary
S1,S1,1/20 reduction without a floor,64470000,102,96,0.00000102,0.00000096,-6,-5.88235294,6,0.00000006,scheduled subsidy boundary
S1,S1,1/20 reduction without a floor,64680000,96,91,0.00000096,0.00000091,-5,-5.20833333,5,0.00000005,scheduled subsidy boundary
S1,S1,1/20 reduction without a floor,64890000,91,86,0.00000091,0.00000086,-5,-5.49450549,5,0.00000005,scheduled subsidy boundary
S1,S1,1/20 reduction without a floor,65100000,86,81,0.00000086,0.00000081,-5,-5.81395349,5,0.00000005,scheduled subsidy boundary
S1,S1,1/20 reduction without a floor,65310000,81,76,0.00000081,0.00000076,-5,-6.17283951,5,0.00000005,scheduled subsidy boundary
S1,S1,1/20 reduction without a floor,65520000,76,72,0.00000076,0.00000072,-4,-5.26315789,4,0.00000004,scheduled subsidy boundary
S1,S1,1/20 reduction without a floor,65730000,72,68,0.00000072,0.00000068,-4,-5.55555556,4,0.00000004,scheduled subsidy boundary
S1,S1,1/20 reduction without a floor,65940000,68,64,0.00000068,0.00000064,-4,-5.88235294,4,0.00000004,scheduled subsidy boundary
S1,S1,1/20 reduction without a floor,66150000,64,60,0.00000064,0.00000060,-4,-6.25000000,4,0.00000004,scheduled subsidy boundary
S1,S1,1/20 reduction without a floor,66360000,60,57,0.00000060,0.00000057,-3,-5.00000000,3,0.00000003,scheduled subsidy boundary
S1,S1,1/20 reduction without a floor,66570000,57,54,0.00000057,0.00000054,-3,-5.26315789,3,0.00000003,scheduled subsidy boundary
S1,S1,1/20 reduction without a floor,66780000,54,51,0.00000054,0.00000051,-3,-5.55555556,3,0.00000003,scheduled subsidy boundary
S1,S1,1/20 reduction without a floor,66990000,51,48,0.00000051,0.00000048,-3,-5.88235294,3,0.00000003,scheduled subsidy boundary
S1,S1,1/20 reduction without a floor,67200000,48,45,0.00000048,0.00000045,-3,-6.25000000,3,0.00000003,scheduled subsidy boundary
S1,S1,1/20 reduction without a floor,67410000,45,42,0.00000045,0.00000042,-3,-6.66666667,3,0.00000003,scheduled subsidy boundary
S1,S1,1/20 reduction without a floor,67620000,42,39,0.00000042,0.00000039,-3,-7.14285714,3,0.00000003,scheduled subsidy boundary
S1,S1,1/20 reduction without a floor,67830000,39,37,0.00000039,0.00000037,-2,-5.12820513,2,0.00000002,scheduled subsidy boundary
S1,S1,1/20 reduction without a floor,68040000,37,35,0.00000037,0.00000035,-2,-5.40540541,2,0.00000002,scheduled subsidy boundary
S1,S1,1/20 reduction without a floor,68250000,35,33,0.00000035,0.00000033,-2,-5.71428571,2,0.00000002,scheduled subsidy boundary
S1,S1,1/20 reduction without a floor,68460000,33,31,0.00000033,0.00000031,-2,-6.06060606,2,0.00000002,scheduled subsidy boundary
S1,S1,1/20 reduction without a floor,68670000,31,29,0.00000031,0.00000029,-2,-6.45161290,2,0.00000002,scheduled subsidy boundary
S1,S1,1/20 reduction without a floor,68880000,29,27,0.00000029,0.00000027,-2,-6.89655172,2,0.00000002,scheduled subsidy boundary
S1,S1,1/20 reduction without a floor,69090000,27,25,0.00000027,0.00000025,-2,-7.40740741,2,0.00000002,scheduled subsidy boundary
S1,S1,1/20 reduction without a floor,69300000,25,23,0.00000025,0.00000023,-2,-8.00000000,2,0.00000002,scheduled subsidy boundary
S1,S1,1/20 reduction without a floor,69510000,23,21,0.00000023,0.00000021,-2,-8.69565217,2,0.00000002,scheduled subsidy boundary
S1,S1,1/20 reduction without a floor,69720000,21,19,0.00000021,0.00000019,-2,-9.52380952,2,0.00000002,scheduled subsidy boundary
S1,S1,1/20 reduction without a floor,69930000,19,18,0.00000019,0.00000018,-1,-5.26315789,1,0.00000001,scheduled subsidy boundary
S1,S1,1/20 reduction without a floor,70140000,18,17,0.00000018,0.00000017,-1,-5.55555556,1,0.00000001,scheduled subsidy boundary
S1,S1,1/20 reduction without a floor,70350000,17,16,0.00000017,0.00000016,-1,-5.88235294,1,0.00000001,scheduled subsidy boundary
S1,S1,1/20 reduction without a floor,70560000,16,15,0.00000016,0.00000015,-1,-6.25000000,1,0.00000001,scheduled subsidy boundary
S1,S1,1/20 reduction without a floor,70770000,15,14,0.00000015,0.00000014,-1,-6.66666667,1,0.00000001,scheduled subsidy boundary
S1,S1,1/20 reduction without a floor,70980000,14,13,0.00000014,0.00000013,-1,-7.14285714,1,0.00000001,scheduled subsidy boundary
S1,S1,1/20 reduction without a floor,71190000,13,12,0.00000013,0.00000012,-1,-7.69230769,1,0.00000001,scheduled subsidy boundary
S1,S1,1/20 reduction without a floor,71400000,12,11,0.00000012,0.00000011,-1,-8.33333333,1,0.00000001,scheduled subsidy boundary
S1,S1,1/20 reduction without a floor,71610000,11,10,0.00000011,0.00000010,-1,-9.09090909,1,0.00000001,scheduled subsidy boundary
S1,S1,1/20 reduction without a floor,71820000,10,9,0.00000010,0.00000009,-1,-10.00000000,1,0.00000001,scheduled subsidy boundary
S1,S1,1/20 reduction without a floor,72030000,9,8,0.00000009,0.00000008,-1,-11.11111111,1,0.00000001,scheduled subsidy boundary
S1,S1,1/20 reduction without a floor,72240000,8,7,0.00000008,0.00000007,-1,-12.50000000,1,0.00000001,scheduled subsidy boundary
S1,S1,1/20 reduction without a floor,72450000,7,6,0.00000007,0.00000006,-1,-14.28571429,1,0.00000001,scheduled subsidy boundary
S1,S1,1/20 reduction without a floor,72660000,6,5,0.00000006,0.00000005,-1,-16.66666667,1,0.00000001,scheduled subsidy boundary
S1,S1,1/20 reduction without a floor,72870000,5,4,0.00000005,0.00000004,-1,-20.00000000,1,0.00000001,scheduled subsidy boundary
S1,S1,1/20 reduction without a floor,73080000,4,3,0.00000004,0.00000003,-1,-25.00000000,1,0.00000001,scheduled subsidy boundary
S1,S1,1/20 reduction without a floor,73290000,3,2,0.00000003,0.00000002,-1,-33.33333333,1,0.00000001,scheduled subsidy boundary
S1,S1,1/20 reduction without a floor,73500000,2,1,0.00000002,0.00000001,-1,-50.00000000,1,0.00000001,scheduled subsidy boundary
S2a,S2/a,1/20 reduction with bounded 0.5 RIN phase,840000,625000000,593750000,6.25000000,5.93750000,-31250000,-5.00000000,31250000,0.31250000,activation
S2a,S2/a,1/20 reduction with bounded 0.5 RIN phase,1050000,593750000,564062500,5.93750000,5.64062500,-29687500,-5.00000000,29687500,0.29687500,scheduled subsidy boundary
S2a,S2/a,1/20 reduction with bounded 0.5 RIN phase,1260000,564062500,535859375,5.64062500,5.35859375,-28203125,-5.00000000,28203125,0.28203125,scheduled subsidy boundary
S2a,S2/a,1/20 reduction with bounded 0.5 RIN phase,1470000,535859375,509066406,5.35859375,5.09066406,-26792969,-5.00000005,26792969,0.26792969,scheduled subsidy boundary
S2a,S2/a,1/20 reduction with bounded 0.5 RIN phase,1680000,509066406,483613085,5.09066406,4.83613085,-25453321,-5.00000014,25453321,0.25453321,scheduled subsidy boundary
S2a,S2/a,1/20 reduction with bounded 0.5 RIN phase,1890000,483613085,459432430,4.83613085,4.59432430,-24180655,-5.00000016,24180655,0.24180655,scheduled subsidy boundary
S2a,S2/a,1/20 reduction with bounded 0.5 RIN phase,2100000,459432430,436460808,4.59432430,4.36460808,-22971622,-5.00000011,22971622,0.22971622,scheduled subsidy boundary
S2a,S2/a,1/20 reduction with bounded 0.5 RIN phase,2310000,436460808,414637767,4.36460808,4.14637767,-21823041,-5.00000014,21823041,0.21823041,scheduled subsidy boundary
S2a,S2/a,1/20 reduction with bounded 0.5 RIN phase,2520000,414637767,393905878,4.14637767,3.93905878,-20731889,-5.00000016,20731889,0.20731889,scheduled subsidy boundary
S2a,S2/a,1/20 reduction with bounded 0.5 RIN phase,2730000,393905878,374210584,3.93905878,3.74210584,-19695294,-5.00000003,19695294,0.19695294,scheduled subsidy boundary
S2a,S2/a,1/20 reduction with bounded 0.5 RIN phase,2940000,374210584,355500054,3.74210584,3.55500054,-18710530,-5.00000021,18710530,0.18710530,scheduled subsidy boundary
S2a,S2/a,1/20 reduction with bounded 0.5 RIN phase,3150000,355500054,337725051,3.55500054,3.37725051,-17775003,-5.00000008,17775003,0.17775003,scheduled subsidy boundary
S2a,S2/a,1/20 reduction with bounded 0.5 RIN phase,3360000,337725051,320838798,3.37725051,3.20838798,-16886253,-5.00000013,16886253,0.16886253,scheduled subsidy boundary
S2a,S2/a,1/20 reduction with bounded 0.5 RIN phase,3570000,320838798,304796858,3.20838798,3.04796858,-16041940,-5.00000003,16041940,0.16041940,scheduled subsidy boundary
S2a,S2/a,1/20 reduction with bounded 0.5 RIN phase,3780000,304796858,289557015,3.04796858,2.89557015,-15239843,-5.00000003,15239843,0.15239843,scheduled subsidy boundary
S2a,S2/a,1/20 reduction with bounded 0.5 RIN phase,3990000,289557015,275079164,2.89557015,2.75079164,-14477851,-5.00000009,14477851,0.14477851,scheduled subsidy boundary
S2a,S2/a,1/20 reduction with bounded 0.5 RIN phase,4200000,275079164,261325205,2.75079164,2.61325205,-13753959,-5.00000029,13753959,0.13753959,scheduled subsidy boundary
S2a,S2/a,1/20 reduction with bounded 0.5 RIN phase,4410000,261325205,248258944,2.61325205,2.48258944,-13066261,-5.00000029,13066261,0.13066261,scheduled subsidy boundary
S2a,S2/a,1/20 reduction with bounded 0.5 RIN phase,4620000,248258944,235845996,2.48258944,2.35845996,-12412948,-5.00000032,12412948,0.12412948,scheduled subsidy boundary
S2a,S2/a,1/20 reduction with bounded 0.5 RIN phase,4830000,235845996,224053696,2.35845996,2.24053696,-11792300,-5.00000008,11792300,0.11792300,scheduled subsidy boundary
S2a,S2/a,1/20 reduction with bounded 0.5 RIN phase,5040000,224053696,212851011,2.24053696,2.12851011,-11202685,-5.00000009,11202685,0.11202685,scheduled subsidy boundary
S2a,S2/a,1/20 reduction with bounded 0.5 RIN phase,5250000,212851011,202208460,2.12851011,2.02208460,-10642551,-5.00000021,10642551,0.10642551,scheduled subsidy boundary
S2a,S2/a,1/20 reduction with bounded 0.5 RIN phase,5460000,202208460,192098037,2.02208460,1.92098037,-10110423,-5.00000000,10110423,0.10110423,scheduled subsidy boundary
S2a,S2/a,1/20 reduction with bounded 0.5 RIN phase,5670000,192098037,182493135,1.92098037,1.82493135,-9604902,-5.00000008,9604902,0.09604902,scheduled subsidy boundary
S2a,S2/a,1/20 reduction with bounded 0.5 RIN phase,5880000,182493135,173368478,1.82493135,1.73368478,-9124657,-5.00000014,9124657,0.09124657,scheduled subsidy boundary
S2a,S2/a,1/20 reduction with bounded 0.5 RIN phase,6090000,173368478,164700054,1.73368478,1.64700054,-8668424,-5.00000006,8668424,0.08668424,scheduled subsidy boundary
S2a,S2/a,1/20 reduction with bounded 0.5 RIN phase,6300000,164700054,156465051,1.64700054,1.56465051,-8235003,-5.00000018,8235003,0.08235003,scheduled subsidy boundary
S2a,S2/a,1/20 reduction with bounded 0.5 RIN phase,6510000,156465051,148641798,1.56465051,1.48641798,-7823253,-5.00000029,7823253,0.07823253,scheduled subsidy boundary
S2a,S2/a,1/20 reduction with bounded 0.5 RIN phase,6720000,148641798,141209708,1.48641798,1.41209708,-7432090,-5.00000007,7432090,0.07432090,scheduled subsidy boundary
S2a,S2/a,1/20 reduction with bounded 0.5 RIN phase,6930000,141209708,134149222,1.41209708,1.34149222,-7060486,-5.00000042,7060486,0.07060486,scheduled subsidy boundary
S2a,S2/a,1/20 reduction with bounded 0.5 RIN phase,7140000,134149222,127441760,1.34149222,1.27441760,-6707462,-5.00000067,6707462,0.06707462,scheduled subsidy boundary
S2a,S2/a,1/20 reduction with bounded 0.5 RIN phase,7350000,127441760,121069672,1.27441760,1.21069672,-6372088,-5.00000000,6372088,0.06372088,scheduled subsidy boundary
S2a,S2/a,1/20 reduction with bounded 0.5 RIN phase,7560000,121069672,115016188,1.21069672,1.15016188,-6053484,-5.00000033,6053484,0.06053484,scheduled subsidy boundary
S2a,S2/a,1/20 reduction with bounded 0.5 RIN phase,7770000,115016188,109265378,1.15016188,1.09265378,-5750810,-5.00000052,5750810,0.05750810,scheduled subsidy boundary
S2a,S2/a,1/20 reduction with bounded 0.5 RIN phase,7980000,109265378,103802109,1.09265378,1.03802109,-5463269,-5.00000009,5463269,0.05463269,scheduled subsidy boundary
S2a,S2/a,1/20 reduction with bounded 0.5 RIN phase,8190000,103802109,98612003,1.03802109,0.98612003,-5190106,-5.00000053,5190106,0.05190106,scheduled subsidy boundary
S2a,S2/a,1/20 reduction with bounded 0.5 RIN phase,8400000,98612003,93681402,0.98612003,0.93681402,-4930601,-5.00000086,4930601,0.04930601,scheduled subsidy boundary
S2a,S2/a,1/20 reduction with bounded 0.5 RIN phase,8610000,93681402,88997331,0.93681402,0.88997331,-4684071,-5.00000096,4684071,0.04684071,scheduled subsidy boundary
S2a,S2/a,1/20 reduction with bounded 0.5 RIN phase,8820000,88997331,84547464,0.88997331,0.84547464,-4449867,-5.00000051,4449867,0.04449867,scheduled subsidy boundary
S2a,S2/a,1/20 reduction with bounded 0.5 RIN phase,9030000,84547464,80320090,0.84547464,0.80320090,-4227374,-5.00000095,4227374,0.04227374,scheduled subsidy boundary
S2a,S2/a,1/20 reduction with bounded 0.5 RIN phase,9240000,80320090,76304085,0.80320090,0.76304085,-4016005,-5.00000062,4016005,0.04016005,scheduled subsidy boundary
S2a,S2/a,1/20 reduction with bounded 0.5 RIN phase,9450000,76304085,72488880,0.76304085,0.72488880,-3815205,-5.00000098,3815205,0.03815205,scheduled subsidy boundary
S2a,S2/a,1/20 reduction with bounded 0.5 RIN phase,9660000,72488880,68864436,0.72488880,0.68864436,-3624444,-5.00000000,3624444,0.03624444,scheduled subsidy boundary
S2a,S2/a,1/20 reduction with bounded 0.5 RIN phase,9870000,68864436,65421214,0.68864436,0.65421214,-3443222,-5.00000029,3443222,0.03443222,scheduled subsidy boundary
S2a,S2/a,1/20 reduction with bounded 0.5 RIN phase,10080000,65421214,62150153,0.65421214,0.62150153,-3271061,-5.00000046,3271061,0.03271061,scheduled subsidy boundary
S2a,S2/a,1/20 reduction with bounded 0.5 RIN phase,10290000,62150153,59042645,0.62150153,0.59042645,-3107508,-5.00000056,3107508,0.03107508,scheduled subsidy boundary
S2a,S2/a,1/20 reduction with bounded 0.5 RIN phase,10500000,59042645,56090512,0.59042645,0.56090512,-2952133,-5.00000127,2952133,0.02952133,scheduled subsidy boundary
S2a,S2/a,1/20 reduction with bounded 0.5 RIN phase,10710000,56090512,53285986,0.56090512,0.53285986,-2804526,-5.00000071,2804526,0.02804526,scheduled subsidy boundary
S2a,S2/a,1/20 reduction with bounded 0.5 RIN phase,10920000,53285986,50621686,0.53285986,0.50621686,-2664300,-5.00000131,2664300,0.02664300,scheduled subsidy boundary
S2a,S2/a,1/20 reduction with bounded 0.5 RIN phase,11130000,50621686,50000000,0.50621686,0.50000000,-621686,-1.22810212,621686,0.00621686,scheduled subsidy boundary
S2b,S2/b,Bounded 1 RIN phase comparator,840000,625000000,593750000,6.25000000,5.93750000,-31250000,-5.00000000,31250000,0.31250000,activation
S2b,S2/b,Bounded 1 RIN phase comparator,1050000,593750000,564062500,5.93750000,5.64062500,-29687500,-5.00000000,29687500,0.29687500,scheduled subsidy boundary
S2b,S2/b,Bounded 1 RIN phase comparator,1260000,564062500,535859375,5.64062500,5.35859375,-28203125,-5.00000000,28203125,0.28203125,scheduled subsidy boundary
S2b,S2/b,Bounded 1 RIN phase comparator,1470000,535859375,509066406,5.35859375,5.09066406,-26792969,-5.00000005,26792969,0.26792969,scheduled subsidy boundary
S2b,S2/b,Bounded 1 RIN phase comparator,1680000,509066406,483613085,5.09066406,4.83613085,-25453321,-5.00000014,25453321,0.25453321,scheduled subsidy boundary
S2b,S2/b,Bounded 1 RIN phase comparator,1890000,483613085,459432430,4.83613085,4.59432430,-24180655,-5.00000016,24180655,0.24180655,scheduled subsidy boundary
S2b,S2/b,Bounded 1 RIN phase comparator,2100000,459432430,436460808,4.59432430,4.36460808,-22971622,-5.00000011,22971622,0.22971622,scheduled subsidy boundary
S2b,S2/b,Bounded 1 RIN phase comparator,2310000,436460808,414637767,4.36460808,4.14637767,-21823041,-5.00000014,21823041,0.21823041,scheduled subsidy boundary
S2b,S2/b,Bounded 1 RIN phase comparator,2520000,414637767,393905878,4.14637767,3.93905878,-20731889,-5.00000016,20731889,0.20731889,scheduled subsidy boundary
S2b,S2/b,Bounded 1 RIN phase comparator,2730000,393905878,374210584,3.93905878,3.74210584,-19695294,-5.00000003,19695294,0.19695294,scheduled subsidy boundary
S2b,S2/b,Bounded 1 RIN phase comparator,2940000,374210584,355500054,3.74210584,3.55500054,-18710530,-5.00000021,18710530,0.18710530,scheduled subsidy boundary
S2b,S2/b,Bounded 1 RIN phase comparator,3150000,355500054,337725051,3.55500054,3.37725051,-17775003,-5.00000008,17775003,0.17775003,scheduled subsidy boundary
S2b,S2/b,Bounded 1 RIN phase comparator,3360000,337725051,320838798,3.37725051,3.20838798,-16886253,-5.00000013,16886253,0.16886253,scheduled subsidy boundary
S2b,S2/b,Bounded 1 RIN phase comparator,3570000,320838798,304796858,3.20838798,3.04796858,-16041940,-5.00000003,16041940,0.16041940,scheduled subsidy boundary
S2b,S2/b,Bounded 1 RIN phase comparator,3780000,304796858,289557015,3.04796858,2.89557015,-15239843,-5.00000003,15239843,0.15239843,scheduled subsidy boundary
S2b,S2/b,Bounded 1 RIN phase comparator,3990000,289557015,275079164,2.89557015,2.75079164,-14477851,-5.00000009,14477851,0.14477851,scheduled subsidy boundary
S2b,S2/b,Bounded 1 RIN phase comparator,4200000,275079164,261325205,2.75079164,2.61325205,-13753959,-5.00000029,13753959,0.13753959,scheduled subsidy boundary
S2b,S2/b,Bounded 1 RIN phase comparator,4410000,261325205,248258944,2.61325205,2.48258944,-13066261,-5.00000029,13066261,0.13066261,scheduled subsidy boundary
S2b,S2/b,Bounded 1 RIN phase comparator,4620000,248258944,235845996,2.48258944,2.35845996,-12412948,-5.00000032,12412948,0.12412948,scheduled subsidy boundary
S2b,S2/b,Bounded 1 RIN phase comparator,4830000,235845996,224053696,2.35845996,2.24053696,-11792300,-5.00000008,11792300,0.11792300,scheduled subsidy boundary
S2b,S2/b,Bounded 1 RIN phase comparator,5040000,224053696,212851011,2.24053696,2.12851011,-11202685,-5.00000009,11202685,0.11202685,scheduled subsidy boundary
S2b,S2/b,Bounded 1 RIN phase comparator,5250000,212851011,202208460,2.12851011,2.02208460,-10642551,-5.00000021,10642551,0.10642551,scheduled subsidy boundary
S2b,S2/b,Bounded 1 RIN phase comparator,5460000,202208460,192098037,2.02208460,1.92098037,-10110423,-5.00000000,10110423,0.10110423,scheduled subsidy boundary
S2b,S2/b,Bounded 1 RIN phase comparator,5670000,192098037,182493135,1.92098037,1.82493135,-9604902,-5.00000008,9604902,0.09604902,scheduled subsidy boundary
S2b,S2/b,Bounded 1 RIN phase comparator,5880000,182493135,173368478,1.82493135,1.73368478,-9124657,-5.00000014,9124657,0.09124657,scheduled subsidy boundary
S2b,S2/b,Bounded 1 RIN phase comparator,6090000,173368478,164700054,1.73368478,1.64700054,-8668424,-5.00000006,8668424,0.08668424,scheduled subsidy boundary
S2b,S2/b,Bounded 1 RIN phase comparator,6300000,164700054,156465051,1.64700054,1.56465051,-8235003,-5.00000018,8235003,0.08235003,scheduled subsidy boundary
S2b,S2/b,Bounded 1 RIN phase comparator,6510000,156465051,148641798,1.56465051,1.48641798,-7823253,-5.00000029,7823253,0.07823253,scheduled subsidy boundary
S2b,S2/b,Bounded 1 RIN phase comparator,6720000,148641798,141209708,1.48641798,1.41209708,-7432090,-5.00000007,7432090,0.07432090,scheduled subsidy boundary
S2b,S2/b,Bounded 1 RIN phase comparator,6930000,141209708,134149222,1.41209708,1.34149222,-7060486,-5.00000042,7060486,0.07060486,scheduled subsidy boundary
S2b,S2/b,Bounded 1 RIN phase comparator,7140000,134149222,127441760,1.34149222,1.27441760,-6707462,-5.00000067,6707462,0.06707462,scheduled subsidy boundary
S2b,S2/b,Bounded 1 RIN phase comparator,7350000,127441760,121069672,1.27441760,1.21069672,-6372088,-5.00000000,6372088,0.06372088,scheduled subsidy boundary
S2b,S2/b,Bounded 1 RIN phase comparator,7560000,121069672,115016188,1.21069672,1.15016188,-6053484,-5.00000033,6053484,0.06053484,scheduled subsidy boundary
S2b,S2/b,Bounded 1 RIN phase comparator,7770000,115016188,109265378,1.15016188,1.09265378,-5750810,-5.00000052,5750810,0.05750810,scheduled subsidy boundary
S2b,S2/b,Bounded 1 RIN phase comparator,7980000,109265378,103802109,1.09265378,1.03802109,-5463269,-5.00000009,5463269,0.05463269,scheduled subsidy boundary
S2b,S2/b,Bounded 1 RIN phase comparator,8190000,103802109,100000000,1.03802109,1.00000000,-3802109,-3.66284369,3802109,0.03802109,scheduled subsidy boundary
S3,S3,Perpetual 0.5 RIN tail-emission comparator,840000,625000000,593750000,6.25000000,5.93750000,-31250000,-5.00000000,31250000,0.31250000,activation
S3,S3,Perpetual 0.5 RIN tail-emission comparator,1050000,593750000,564062500,5.93750000,5.64062500,-29687500,-5.00000000,29687500,0.29687500,scheduled subsidy boundary
S3,S3,Perpetual 0.5 RIN tail-emission comparator,1260000,564062500,535859375,5.64062500,5.35859375,-28203125,-5.00000000,28203125,0.28203125,scheduled subsidy boundary
S3,S3,Perpetual 0.5 RIN tail-emission comparator,1470000,535859375,509066406,5.35859375,5.09066406,-26792969,-5.00000005,26792969,0.26792969,scheduled subsidy boundary
S3,S3,Perpetual 0.5 RIN tail-emission comparator,1680000,509066406,483613085,5.09066406,4.83613085,-25453321,-5.00000014,25453321,0.25453321,scheduled subsidy boundary
S3,S3,Perpetual 0.5 RIN tail-emission comparator,1890000,483613085,459432430,4.83613085,4.59432430,-24180655,-5.00000016,24180655,0.24180655,scheduled subsidy boundary
S3,S3,Perpetual 0.5 RIN tail-emission comparator,2100000,459432430,436460808,4.59432430,4.36460808,-22971622,-5.00000011,22971622,0.22971622,scheduled subsidy boundary
S3,S3,Perpetual 0.5 RIN tail-emission comparator,2310000,436460808,414637767,4.36460808,4.14637767,-21823041,-5.00000014,21823041,0.21823041,scheduled subsidy boundary
S3,S3,Perpetual 0.5 RIN tail-emission comparator,2520000,414637767,393905878,4.14637767,3.93905878,-20731889,-5.00000016,20731889,0.20731889,scheduled subsidy boundary
S3,S3,Perpetual 0.5 RIN tail-emission comparator,2730000,393905878,374210584,3.93905878,3.74210584,-19695294,-5.00000003,19695294,0.19695294,scheduled subsidy boundary
S3,S3,Perpetual 0.5 RIN tail-emission comparator,2940000,374210584,355500054,3.74210584,3.55500054,-18710530,-5.00000021,18710530,0.18710530,scheduled subsidy boundary
S3,S3,Perpetual 0.5 RIN tail-emission comparator,3150000,355500054,337725051,3.55500054,3.37725051,-17775003,-5.00000008,17775003,0.17775003,scheduled subsidy boundary
S3,S3,Perpetual 0.5 RIN tail-emission comparator,3360000,337725051,320838798,3.37725051,3.20838798,-16886253,-5.00000013,16886253,0.16886253,scheduled subsidy boundary
S3,S3,Perpetual 0.5 RIN tail-emission comparator,3570000,320838798,304796858,3.20838798,3.04796858,-16041940,-5.00000003,16041940,0.16041940,scheduled subsidy boundary
S3,S3,Perpetual 0.5 RIN tail-emission comparator,3780000,304796858,289557015,3.04796858,2.89557015,-15239843,-5.00000003,15239843,0.15239843,scheduled subsidy boundary
S3,S3,Perpetual 0.5 RIN tail-emission comparator,3990000,289557015,275079164,2.89557015,2.75079164,-14477851,-5.00000009,14477851,0.14477851,scheduled subsidy boundary
S3,S3,Perpetual 0.5 RIN tail-emission comparator,4200000,275079164,261325205,2.75079164,2.61325205,-13753959,-5.00000029,13753959,0.13753959,scheduled subsidy boundary
S3,S3,Perpetual 0.5 RIN tail-emission comparator,4410000,261325205,248258944,2.61325205,2.48258944,-13066261,-5.00000029,13066261,0.13066261,scheduled subsidy boundary
S3,S3,Perpetual 0.5 RIN tail-emission comparator,4620000,248258944,235845996,2.48258944,2.35845996,-12412948,-5.00000032,12412948,0.12412948,scheduled subsidy boundary
S3,S3,Perpetual 0.5 RIN tail-emission comparator,4830000,235845996,224053696,2.35845996,2.24053696,-11792300,-5.00000008,11792300,0.11792300,scheduled subsidy boundary
S3,S3,Perpetual 0.5 RIN tail-emission comparator,5040000,224053696,212851011,2.24053696,2.12851011,-11202685,-5.00000009,11202685,0.11202685,scheduled subsidy boundary
S3,S3,Perpetual 0.5 RIN tail-emission comparator,5250000,212851011,202208460,2.12851011,2.02208460,-10642551,-5.00000021,10642551,0.10642551,scheduled subsidy boundary
S3,S3,Perpetual 0.5 RIN tail-emission comparator,5460000,202208460,192098037,2.02208460,1.92098037,-10110423,-5.00000000,10110423,0.10110423,scheduled subsidy boundary
S3,S3,Perpetual 0.5 RIN tail-emission comparator,5670000,192098037,182493135,1.92098037,1.82493135,-9604902,-5.00000008,9604902,0.09604902,scheduled subsidy boundary
S3,S3,Perpetual 0.5 RIN tail-emission comparator,5880000,182493135,173368478,1.82493135,1.73368478,-9124657,-5.00000014,9124657,0.09124657,scheduled subsidy boundary
S3,S3,Perpetual 0.5 RIN tail-emission comparator,6090000,173368478,164700054,1.73368478,1.64700054,-8668424,-5.00000006,8668424,0.08668424,scheduled subsidy boundary
S3,S3,Perpetual 0.5 RIN tail-emission comparator,6300000,164700054,156465051,1.64700054,1.56465051,-8235003,-5.00000018,8235003,0.08235003,scheduled subsidy boundary
S3,S3,Perpetual 0.5 RIN tail-emission comparator,6510000,156465051,148641798,1.56465051,1.48641798,-7823253,-5.00000029,7823253,0.07823253,scheduled subsidy boundary
S3,S3,Perpetual 0.5 RIN tail-emission comparator,6720000,148641798,141209708,1.48641798,1.41209708,-7432090,-5.00000007,7432090,0.07432090,scheduled subsidy boundary
S3,S3,Perpetual 0.5 RIN tail-emission comparator,6930000,141209708,134149222,1.41209708,1.34149222,-7060486,-5.00000042,7060486,0.07060486,scheduled subsidy boundary
S3,S3,Perpetual 0.5 RIN tail-emission comparator,7140000,134149222,127441760,1.34149222,1.27441760,-6707462,-5.00000067,6707462,0.06707462,scheduled subsidy boundary
S3,S3,Perpetual 0.5 RIN tail-emission comparator,7350000,127441760,121069672,1.27441760,1.21069672,-6372088,-5.00000000,6372088,0.06372088,scheduled subsidy boundary
S3,S3,Perpetual 0.5 RIN tail-emission comparator,7560000,121069672,115016188,1.21069672,1.15016188,-6053484,-5.00000033,6053484,0.06053484,scheduled subsidy boundary
S3,S3,Perpetual 0.5 RIN tail-emission comparator,7770000,115016188,109265378,1.15016188,1.09265378,-5750810,-5.00000052,5750810,0.05750810,scheduled subsidy boundary
S3,S3,Perpetual 0.5 RIN tail-emission comparator,7980000,109265378,103802109,1.09265378,1.03802109,-5463269,-5.00000009,5463269,0.05463269,scheduled subsidy boundary
S3,S3,Perpetual 0.5 RIN tail-emission comparator,8190000,103802109,98612003,1.03802109,0.98612003,-5190106,-5.00000053,5190106,0.05190106,scheduled subsidy boundary
S3,S3,Perpetual 0.5 RIN tail-emission comparator,8400000,98612003,93681402,0.98612003,0.93681402,-4930601,-5.00000086,4930601,0.04930601,scheduled subsidy boundary
S3,S3,Perpetual 0.5 RIN tail-emission comparator,8610000,93681402,88997331,0.93681402,0.88997331,-4684071,-5.00000096,4684071,0.04684071,scheduled subsidy boundary
S3,S3,Perpetual 0.5 RIN tail-emission comparator,8820000,88997331,84547464,0.88997331,0.84547464,-4449867,-5.00000051,4449867,0.04449867,scheduled subsidy boundary
S3,S3,Perpetual 0.5 RIN tail-emission comparator,9030000,84547464,80320090,0.84547464,0.80320090,-4227374,-5.00000095,4227374,0.04227374,scheduled subsidy boundary
S3,S3,Perpetual 0.5 RIN tail-emission comparator,9240000,80320090,76304085,0.80320090,0.76304085,-4016005,-5.00000062,4016005,0.04016005,scheduled subsidy boundary
S3,S3,Perpetual 0.5 RIN tail-emission comparator,9450000,76304085,72488880,0.76304085,0.72488880,-3815205,-5.00000098,3815205,0.03815205,scheduled subsidy boundary
S3,S3,Perpetual 0.5 RIN tail-emission comparator,9660000,72488880,68864436,0.72488880,0.68864436,-3624444,-5.00000000,3624444,0.03624444,scheduled subsidy boundary
S3,S3,Perpetual 0.5 RIN tail-emission comparator,9870000,68864436,65421214,0.68864436,0.65421214,-3443222,-5.00000029,3443222,0.03443222,scheduled subsidy boundary
S3,S3,Perpetual 0.5 RIN tail-emission comparator,10080000,65421214,62150153,0.65421214,0.62150153,-3271061,-5.00000046,3271061,0.03271061,scheduled subsidy boundary
S3,S3,Perpetual 0.5 RIN tail-emission comparator,10290000,62150153,59042645,0.62150153,0.59042645,-3107508,-5.00000056,3107508,0.03107508,scheduled subsidy boundary
S3,S3,Perpetual 0.5 RIN tail-emission comparator,10500000,59042645,56090512,0.59042645,0.56090512,-2952133,-5.00000127,2952133,0.02952133,scheduled subsidy boundary
S3,S3,Perpetual 0.5 RIN tail-emission comparator,10710000,56090512,53285986,0.56090512,0.53285986,-2804526,-5.00000071,2804526,0.02804526,scheduled subsidy boundary
S3,S3,Perpetual 0.5 RIN tail-emission comparator,10920000,53285986,50621686,0.53285986,0.50621686,-2664300,-5.00000131,2664300,0.02664300,scheduled subsidy boundary
S3,S3,Perpetual 0.5 RIN tail-emission comparator,11130000,50621686,50000000,0.50621686,0.50000000,-621686,-1.22810212,621686,0.00621686,scheduled subsidy boundary
S4,S4,Idealized 113/114 cap-derived geometric schedule,840000,625000000,619517543,6.25000000,6.19517543,-5482457,-0.87719312,5482457,0.05482457,activation
S4,S4,Idealized 113/114 cap-derived geometric schedule,1050000,619517543,614083178,6.19517543,6.14083178,-5434365,-0.87719308,5434365,0.05434365,scheduled subsidy boundary
S4,S4,Idealized 113/114 cap-derived geometric schedule,1260000,614083178,608696483,6.14083178,6.08696483,-5386695,-0.87719306,5386695,0.05386695,scheduled subsidy boundary
S4,S4,Idealized 113/114 cap-derived geometric schedule,1470000,608696483,603357040,6.08696483,6.03357040,-5339443,-0.87719301,5339443,0.05339443,scheduled subsidy boundary
S4,S4,Idealized 113/114 cap-derived geometric schedule,1680000,603357040,598064434,6.03357040,5.98064434,-5292606,-0.87719305,5292606,0.05292606,scheduled subsidy boundary
S4,S4,Idealized 113/114 cap-derived geometric schedule,1890000,598064434,592818254,5.98064434,5.92818254,-5246180,-0.87719311,5246180,0.05246180,scheduled subsidy boundary
S4,S4,Idealized 113/114 cap-derived geometric schedule,2100000,592818254,587618093,5.92818254,5.87618093,-5200161,-0.87719313,5200161,0.05200161,scheduled subsidy boundary
S4,S4,Idealized 113/114 cap-derived geometric schedule,2310000,587618093,582463548,5.87618093,5.82463548,-5154545,-0.87719304,5154545,0.05154545,scheduled subsidy boundary
S4,S4,Idealized 113/114 cap-derived geometric schedule,2520000,582463548,577354218,5.82463548,5.77354218,-5109330,-0.87719309,5109330,0.05109330,scheduled subsidy boundary
S4,S4,Idealized 113/114 cap-derived geometric schedule,2730000,577354218,572289707,5.77354218,5.72289707,-5064511,-0.87719304,5064511,0.05064511,scheduled subsidy boundary
S4,S4,Idealized 113/114 cap-derived geometric schedule,2940000,572289707,567269621,5.72289707,5.67269621,-5020086,-0.87719313,5020086,0.05020086,scheduled subsidy boundary
S4,S4,Idealized 113/114 cap-derived geometric schedule,3150000,567269621,562293571,5.67269621,5.62293571,-4976050,-0.87719310,4976050,0.04976050,scheduled subsidy boundary
S4,S4,Idealized 113/114 cap-derived geometric schedule,3360000,562293571,557361171,5.62293571,5.57361171,-4932400,-0.87719303,4932400,0.04932400,scheduled subsidy boundary
S4,S4,Idealized 113/114 cap-derived geometric schedule,3570000,557361171,552472037,5.57361171,5.52472037,-4889134,-0.87719315,4889134,0.04889134,scheduled subsidy boundary
S4,S4,Idealized 113/114 cap-derived geometric schedule,3780000,552472037,547625791,5.52472037,5.47625791,-4846246,-0.87719299,4846246,0.04846246,scheduled subsidy boundary
S4,S4,Idealized 113/114 cap-derived geometric schedule,3990000,547625791,542822055,5.47625791,5.42822055,-4803736,-0.87719316,4803736,0.04803736,scheduled subsidy boundary
S4,S4,Idealized 113/114 cap-derived geometric schedule,4200000,542822055,538060458,5.42822055,5.38060458,-4761597,-0.87719299,4761597,0.04761597,scheduled subsidy boundary
S4,S4,Idealized 113/114 cap-derived geometric schedule,4410000,538060458,533340629,5.38060458,5.33340629,-4719829,-0.87719306,4719829,0.04719829,scheduled subsidy boundary
S4,S4,Idealized 113/114 cap-derived geometric schedule,4620000,533340629,528662202,5.33340629,5.28662202,-4678427,-0.87719306,4678427,0.04678427,scheduled subsidy boundary
S4,S4,Idealized 113/114 cap-derived geometric schedule,4830000,528662202,524024814,5.28662202,5.24024814,-4637388,-0.87719303,4637388,0.04637388,scheduled subsidy boundary
S4,S4,Idealized 113/114 cap-derived geometric schedule,5040000,524024814,519428105,5.24024814,5.19428105,-4596709,-0.87719300,4596709,0.04596709,scheduled subsidy boundary
S4,S4,Idealized 113/114 cap-derived geometric schedule,5250000,519428105,514871718,5.19428105,5.14871718,-4556387,-0.87719300,4556387,0.04556387,scheduled subsidy boundary
S4,S4,Idealized 113/114 cap-derived geometric schedule,5460000,514871718,510355299,5.14871718,5.10355299,-4516419,-0.87719306,4516419,0.04516419,scheduled subsidy boundary
S4,S4,Idealized 113/114 cap-derived geometric schedule,5670000,510355299,505878498,5.10355299,5.05878498,-4476801,-0.87719301,4476801,0.04476801,scheduled subsidy boundary
S4,S4,Idealized 113/114 cap-derived geometric schedule,5880000,505878498,501440967,5.05878498,5.01440967,-4437531,-0.87719304,4437531,0.04437531,scheduled subsidy boundary
S4,S4,Idealized 113/114 cap-derived geometric schedule,6090000,501440967,497042362,5.01440967,4.97042362,-4398605,-0.87719299,4398605,0.04398605,scheduled subsidy boundary
S4,S4,Idealized 113/114 cap-derived geometric schedule,6300000,497042362,492682341,4.97042362,4.92682341,-4360021,-0.87719304,4360021,0.04360021,scheduled subsidy boundary
S4,S4,Idealized 113/114 cap-derived geometric schedule,6510000,492682341,488360566,4.92682341,4.88360566,-4321775,-0.87719300,4321775,0.04321775,scheduled subsidy boundary
S4,S4,Idealized 113/114 cap-derived geometric schedule,6720000,488360566,484076701,4.88360566,4.84076701,-4283865,-0.87719306,4283865,0.04283865,scheduled subsidy boundary
S4,S4,Idealized 113/114 cap-derived geometric schedule,6930000,484076701,479830414,4.84076701,4.79830414,-4246287,-0.87719301,4246287,0.04246287,scheduled subsidy boundary
S4,S4,Idealized 113/114 cap-derived geometric schedule,7140000,479830414,475621375,4.79830414,4.75621375,-4209039,-0.87719304,4209039,0.04209039,scheduled subsidy boundary
S4,S4,Idealized 113/114 cap-derived geometric schedule,7350000,475621375,471449257,4.75621375,4.71449257,-4172118,-0.87719312,4172118,0.04172118,scheduled subsidy boundary
S4,S4,Idealized 113/114 cap-derived geometric schedule,7560000,471449257,467313737,4.71449257,4.67313737,-4135520,-0.87719303,4135520,0.04135520,scheduled subsidy boundary
S4,S4,Idealized 113/114 cap-derived geometric schedule,7770000,467313737,463214493,4.67313737,4.63214493,-4099244,-0.87719313,4099244,0.04099244,scheduled subsidy boundary
S4,S4,Idealized 113/114 cap-derived geometric schedule,7980000,463214493,459151207,4.63214493,4.59151207,-4063286,-0.87719319,4063286,0.04063286,scheduled subsidy boundary
S4,S4,Idealized 113/114 cap-derived geometric schedule,8190000,459151207,455123564,4.59151207,4.55123564,-4027643,-0.87719316,4027643,0.04027643,scheduled subsidy boundary
S4,S4,Idealized 113/114 cap-derived geometric schedule,8400000,455123564,451131252,4.55123564,4.51131252,-3992312,-0.87719299,3992312,0.03992312,scheduled subsidy boundary
S4,S4,Idealized 113/114 cap-derived geometric schedule,8610000,451131252,447173960,4.51131252,4.47173960,-3957292,-0.87719305,3957292,0.03957292,scheduled subsidy boundary
S4,S4,Idealized 113/114 cap-derived geometric schedule,8820000,447173960,443251381,4.47173960,4.43251381,-3922579,-0.87719307,3922579,0.03922579,scheduled subsidy boundary
S4,S4,Idealized 113/114 cap-derived geometric schedule,9030000,443251381,439363210,4.43251381,4.39363210,-3888171,-0.87719321,3888171,0.03888171,scheduled subsidy boundary
S4,S4,Idealized 113/114 cap-derived geometric schedule,9240000,439363210,435509146,4.39363210,4.35509146,-3854064,-0.87719315,3854064,0.03854064,scheduled subsidy boundary
S4,S4,Idealized 113/114 cap-derived geometric schedule,9450000,435509146,431688890,4.35509146,4.31688890,-3820256,-0.87719306,3820256,0.03820256,scheduled subsidy boundary
S4,S4,Idealized 113/114 cap-derived geometric schedule,9660000,431688890,427902145,4.31688890,4.27902145,-3786745,-0.87719306,3786745,0.03786745,scheduled subsidy boundary
S4,S4,Idealized 113/114 cap-derived geometric schedule,9870000,427902145,424148617,4.27902145,4.24148617,-3753528,-0.87719308,3753528,0.03753528,scheduled subsidy boundary
S4,S4,Idealized 113/114 cap-derived geometric schedule,10080000,424148617,420428015,4.24148617,4.20428015,-3720602,-0.87719301,3720602,0.03720602,scheduled subsidy boundary
S4,S4,Idealized 113/114 cap-derived geometric schedule,10290000,420428015,416740049,4.20428015,4.16740049,-3687966,-0.87719321,3687966,0.03687966,scheduled subsidy boundary
S4,S4,Idealized 113/114 cap-derived geometric schedule,10500000,416740049,413084434,4.16740049,4.13084434,-3655615,-0.87719311,3655615,0.03655615,scheduled subsidy boundary
S4,S4,Idealized 113/114 cap-derived geometric schedule,10710000,413084434,409460886,4.13084434,4.09460886,-3623548,-0.87719306,3623548,0.03623548,scheduled subsidy boundary
S4,S4,Idealized 113/114 cap-derived geometric schedule,10920000,409460886,405869123,4.09460886,4.05869123,-3591763,-0.87719319,3591763,0.03591763,scheduled subsidy boundary
S4,S4,Idealized 113/114 cap-derived geometric schedule,11130000,405869123,402308867,4.05869123,4.02308867,-3560256,-0.87719311,3560256,0.03560256,scheduled subsidy boundary
S4,S4,Idealized 113/114 cap-derived geometric schedule,11340000,402308867,398779841,4.02308867,3.98779841,-3529026,-0.87719319,3529026,0.03529026,scheduled subsidy boundary
S4,S4,Idealized 113/114 cap-derived geometric schedule,11550000,398779841,395281772,3.98779841,3.95281772,-3498069,-0.87719304,3498069,0.03498069,scheduled subsidy boundary
S4,S4,Idealized 113/114 cap-derived geometric schedule,11760000,395281772,391814388,3.95281772,3.91814388,-3467384,-0.87719299,3467384,0.03467384,scheduled subsidy boundary
S4,S4,Idealized 113/114 cap-derived geometric schedule,11970000,391814388,388377419,3.91814388,3.88377419,-3436969,-0.87719316,3436969,0.03436969,scheduled subsidy boundary
S4,S4,Idealized 113/114 cap-derived geometric schedule,12180000,388377419,384970599,3.88377419,3.84970599,-3406820,-0.87719312,3406820,0.03406820,scheduled subsidy boundary
S4,S4,Idealized 113/114 cap-derived geometric schedule,12390000,384970599,381593663,3.84970599,3.81593663,-3376936,-0.87719322,3376936,0.03376936,scheduled subsidy boundary
S4,S4,Idealized 113/114 cap-derived geometric schedule,12600000,381593663,378246350,3.81593663,3.78246350,-3347313,-0.87719303,3347313,0.03347313,scheduled subsidy boundary
S4,S4,Idealized 113/114 cap-derived geometric schedule,12810000,378246350,374928399,3.78246350,3.74928399,-3317951,-0.87719313,3317951,0.03317951,scheduled subsidy boundary
S4,S4,Idealized 113/114 cap-derived geometric schedule,13020000,374928399,371639553,3.74928399,3.71639553,-3288846,-0.87719309,3288846,0.03288846,scheduled subsidy boundary
S4,S4,Idealized 113/114 cap-derived geometric schedule,13230000,371639553,368379556,3.71639553,3.68379556,-3259997,-0.87719323,3259997,0.03259997,scheduled subsidy boundary
S4,S4,Idealized 113/114 cap-derived geometric schedule,13440000,368379556,365148156,3.68379556,3.65148156,-3231400,-0.87719309,3231400,0.03231400,scheduled subsidy boundary
S4,S4,Idealized 113/114 cap-derived geometric schedule,13650000,365148156,361945102,3.65148156,3.61945102,-3203054,-0.87719298,3203054,0.03203054,scheduled subsidy boundary
S4,S4,Idealized 113/114 cap-derived geometric schedule,13860000,361945102,358770144,3.61945102,3.58770144,-3174958,-0.87719325,3174958,0.03174958,scheduled subsidy boundary
S4,S4,Idealized 113/114 cap-derived geometric schedule,14070000,358770144,355623037,3.58770144,3.55623037,-3147107,-0.87719311,3147107,0.03147107,scheduled subsidy boundary
S4,S4,Idealized 113/114 cap-derived geometric schedule,14280000,355623037,352503536,3.55623037,3.52503536,-3119501,-0.87719317,3119501,0.03119501,scheduled subsidy boundary
S4,S4,Idealized 113/114 cap-derived geometric schedule,14490000,352503536,349411399,3.52503536,3.49411399,-3092137,-0.87719319,3092137,0.03092137,scheduled subsidy boundary
S4,S4,Idealized 113/114 cap-derived geometric schedule,14700000,349411399,346346386,3.49411399,3.46346386,-3065013,-0.87719319,3065013,0.03065013,scheduled subsidy boundary
S4,S4,Idealized 113/114 cap-derived geometric schedule,14910000,346346386,343308259,3.46346386,3.43308259,-3038127,-0.87719322,3038127,0.03038127,scheduled subsidy boundary
S4,S4,Idealized 113/114 cap-derived geometric schedule,15120000,343308259,340296783,3.43308259,3.40296783,-3011476,-0.87719300,3011476,0.03011476,scheduled subsidy boundary
S4,S4,Idealized 113/114 cap-derived geometric schedule,15330000,340296783,337311723,3.40296783,3.37311723,-2985060,-0.87719313,2985060,0.02985060,scheduled subsidy boundary
S4,S4,Idealized 113/114 cap-derived geometric schedule,15540000,337311723,334352848,3.37311723,3.34352848,-2958875,-0.87719305,2958875,0.02958875,scheduled subsidy boundary
S4,S4,Idealized 113/114 cap-derived geometric schedule,15750000,334352848,331419928,3.34352848,3.31419928,-2932920,-0.87719307,2932920,0.02932920,scheduled subsidy boundary
S4,S4,Idealized 113/114 cap-derived geometric schedule,15960000,331419928,328512735,3.31419928,3.28512735,-2907193,-0.87719318,2907193,0.02907193,scheduled subsidy boundary
S4,S4,Idealized 113/114 cap-derived geometric schedule,16170000,328512735,325631044,3.28512735,3.25631044,-2881691,-0.87719309,2881691,0.02881691,scheduled subsidy boundary
S4,S4,Idealized 113/114 cap-derived geometric schedule,16380000,325631044,322774631,3.25631044,3.22774631,-2856413,-0.87719308,2856413,0.02856413,scheduled subsidy boundary
S4,S4,Idealized 113/114 cap-derived geometric schedule,16590000,322774631,319943274,3.22774631,3.19943274,-2831357,-0.87719316,2831357,0.02831357,scheduled subsidy boundary
S4,S4,Idealized 113/114 cap-derived geometric schedule,16800000,319943274,317136754,3.19943274,3.17136754,-2806520,-0.87719300,2806520,0.02806520,scheduled subsidy boundary
S4,S4,Idealized 113/114 cap-derived geometric schedule,17010000,317136754,314354852,3.17136754,3.14354852,-2781902,-0.87719319,2781902,0.02781902,scheduled subsidy boundary
S4,S4,Idealized 113/114 cap-derived geometric schedule,17220000,314354852,311597353,3.14354852,3.11597353,-2757499,-0.87719308,2757499,0.02757499,scheduled subsidy boundary
S4,S4,Idealized 113/114 cap-derived geometric schedule,17430000,311597353,308864042,3.11597353,3.08864042,-2733311,-0.87719327,2733311,0.02733311,scheduled subsidy boundary
S4,S4,Idealized 113/114 cap-derived geometric schedule,17640000,308864042,306154708,3.08864042,3.06154708,-2709334,-0.87719308,2709334,0.02709334,scheduled subsidy boundary
S4,S4,Idealized 113/114 cap-derived geometric schedule,17850000,306154708,303469140,3.06154708,3.03469140,-2685568,-0.87719311,2685568,0.02685568,scheduled subsidy boundary
S4,S4,Idealized 113/114 cap-derived geometric schedule,18060000,303469140,300807130,3.03469140,3.00807130,-2662010,-0.87719298,2662010,0.02662010,scheduled subsidy boundary
S4,S4,Idealized 113/114 cap-derived geometric schedule,18270000,300807130,298168470,3.00807130,2.98168470,-2638660,-0.87719330,2638660,0.02638660,scheduled subsidy boundary
S4,S4,Idealized 113/114 cap-derived geometric schedule,18480000,298168470,295552957,2.98168470,2.95552957,-2615513,-0.87719302,2615513,0.02615513,scheduled subsidy boundary
S4,S4,Idealized 113/114 cap-derived geometric schedule,18690000,295552957,292960387,2.95552957,2.92960387,-2592570,-0.87719305,2592570,0.02592570,scheduled subsidy boundary
S4,S4,Idealized 113/114 cap-derived geometric schedule,18900000,292960387,290390559,2.92960387,2.90390559,-2569828,-0.87719300,2569828,0.02569828,scheduled subsidy boundary
S4,S4,Idealized 113/114 cap-derived geometric schedule,19110000,290390559,287843273,2.90390559,2.87843273,-2547286,-0.87719312,2547286,0.02547286,scheduled subsidy boundary
S4,S4,Idealized 113/114 cap-derived geometric schedule,19320000,287843273,285318332,2.87843273,2.85318332,-2524941,-0.87719299,2524941,0.02524941,scheduled subsidy boundary
S4,S4,Idealized 113/114 cap-derived geometric schedule,19530000,285318332,282815539,2.85318332,2.82815539,-2502793,-0.87719320,2502793,0.02502793,scheduled subsidy boundary
S4,S4,Idealized 113/114 cap-derived geometric schedule,19740000,282815539,280334700,2.82815539,2.80334700,-2480839,-0.87719331,2480839,0.02480839,scheduled subsidy boundary
S4,S4,Idealized 113/114 cap-derived geometric schedule,19950000,280334700,277875623,2.80334700,2.77875623,-2459077,-0.87719323,2459077,0.02459077,scheduled subsidy boundary
S4,S4,Idealized 113/114 cap-derived geometric schedule,20160000,277875623,275438117,2.77875623,2.75438117,-2437506,-0.87719318,2437506,0.02437506,scheduled subsidy boundary
S4,S4,Idealized 113/114 cap-derived geometric schedule,20370000,275438117,273021993,2.75438117,2.73021993,-2416124,-0.87719304,2416124,0.02416124,scheduled subsidy boundary
S4,S4,Idealized 113/114 cap-derived geometric schedule,20580000,273021993,270627063,2.73021993,2.70627063,-2394930,-0.87719307,2394930,0.02394930,scheduled subsidy boundary
S4,S4,Idealized 113/114 cap-derived geometric schedule,20790000,270627063,268253141,2.70627063,2.68253141,-2373922,-0.87719313,2373922,0.02373922,scheduled subsidy boundary
S4,S4,Idealized 113/114 cap-derived geometric schedule,21000000,268253141,265900043,2.68253141,2.65900043,-2353098,-0.87719308,2353098,0.02353098,scheduled subsidy boundary
S4,S4,Idealized 113/114 cap-derived geometric schedule,21210000,265900043,263567586,2.65900043,2.63567586,-2332457,-0.87719316,2332457,0.02332457,scheduled subsidy boundary
S4,S4,Idealized 113/114 cap-derived geometric schedule,21420000,263567586,261255589,2.63567586,2.61255589,-2311997,-0.87719322,2311997,0.02311997,scheduled subsidy boundary
S4,S4,Idealized 113/114 cap-derived geometric schedule,21630000,261255589,258963873,2.61255589,2.58963873,-2291716,-0.87719310,2291716,0.02291716,scheduled subsidy boundary
S4,S4,Idealized 113/114 cap-derived geometric schedule,21840000,258963873,256692260,2.58963873,2.56692260,-2271613,-0.87719301,2271613,0.02271613,scheduled subsidy boundary
S4,S4,Idealized 113/114 cap-derived geometric schedule,22050000,256692260,254440573,2.56692260,2.54440573,-2251687,-0.87719318,2251687,0.02251687,scheduled subsidy boundary
S4,S4,Idealized 113/114 cap-derived geometric schedule,22260000,254440573,252208638,2.54440573,2.52208638,-2231935,-0.87719304,2231935,0.02231935,scheduled subsidy boundary
S4,S4,Idealized 113/114 cap-derived geometric schedule,22470000,252208638,249996281,2.52208638,2.49996281,-2212357,-0.87719319,2212357,0.02212357,scheduled subsidy boundary
S4,S4,Idealized 113/114 cap-derived geometric schedule,22680000,249996281,247803331,2.49996281,2.47803331,-2192950,-0.87719305,2192950,0.02192950,scheduled subsidy boundary
S4,S4,Idealized 113/114 cap-derived geometric schedule,22890000,247803331,245629617,2.47803331,2.45629617,-2173714,-0.87719321,2173714,0.02173714,scheduled subsidy boundary
S4,S4,Idealized 113/114 cap-derived geometric schedule,23100000,245629617,243474971,2.45629617,2.43474971,-2154646,-0.87719308,2154646,0.02154646,scheduled subsidy boundary
S4,S4,Idealized 113/114 cap-derived geometric schedule,23310000,243474971,241339225,2.43474971,2.41339225,-2135746,-0.87719325,2135746,0.02135746,scheduled subsidy boundary
S4,S4,Idealized 113/114 cap-derived geometric schedule,23520000,241339225,239222214,2.41339225,2.39222214,-2117011,-0.87719309,2117011,0.02117011,scheduled subsidy boundary
S4,S4,Idealized 113/114 cap-derived geometric schedule,23730000,239222214,237123773,2.39222214,2.37123773,-2098441,-0.87719320,2098441,0.02098441,scheduled subsidy boundary
S4,S4,Idealized 113/114 cap-derived geometric schedule,23940000,237123773,235043739,2.37123773,2.35043739,-2080034,-0.87719336,2080034,0.02080034,scheduled subsidy boundary
S4,S4,Idealized 113/114 cap-derived geometric schedule,24150000,235043739,232981951,2.35043739,2.32981951,-2061788,-0.87719333,2061788,0.02061788,scheduled subsidy boundary
S4,S4,Idealized 113/114 cap-derived geometric schedule,24360000,232981951,230938249,2.32981951,2.30938249,-2043702,-0.87719327,2043702,0.02043702,scheduled subsidy boundary
S4,S4,Idealized 113/114 cap-derived geometric schedule,24570000,230938249,228912474,2.30938249,2.28912474,-2025775,-0.87719337,2025775,0.02025775,scheduled subsidy boundary
S4,S4,Idealized 113/114 cap-derived geometric schedule,24780000,228912474,226904469,2.28912474,2.26904469,-2008005,-0.87719335,2008005,0.02008005,scheduled subsidy boundary
S4,S4,Idealized 113/114 cap-derived geometric schedule,24990000,226904469,224914078,2.26904469,2.24914078,-1990391,-0.87719339,1990391,0.01990391,scheduled subsidy boundary
S4,S4,Idealized 113/114 cap-derived geometric schedule,25200000,224914078,222941147,2.24914078,2.22941147,-1972931,-0.87719320,1972931,0.01972931,scheduled subsidy boundary
S4,S4,Idealized 113/114 cap-derived geometric schedule,25410000,222941147,220985522,2.22941147,2.20985522,-1955625,-0.87719339,1955625,0.01955625,scheduled subsidy boundary
S4,S4,Idealized 113/114 cap-derived geometric schedule,25620000,220985522,219047052,2.20985522,2.19047052,-1938470,-0.87719321,1938470,0.01938470,scheduled subsidy boundary
S4,S4,Idealized 113/114 cap-derived geometric schedule,25830000,219047052,217125586,2.19047052,2.17125586,-1921466,-0.87719327,1921466,0.01921466,scheduled subsidy boundary
S4,S4,Idealized 113/114 cap-derived geometric schedule,26040000,217125586,215220975,2.17125586,2.15220975,-1904611,-0.87719326,1904611,0.01904611,scheduled subsidy boundary
S4,S4,Idealized 113/114 cap-derived geometric schedule,26250000,215220975,213333071,2.15220975,2.13333071,-1887904,-0.87719331,1887904,0.01887904,scheduled subsidy boundary
S4,S4,Idealized 113/114 cap-derived geometric schedule,26460000,213333071,211461728,2.13333071,2.11461728,-1871343,-0.87719311,1871343,0.01871343,scheduled subsidy boundary
S4,S4,Idealized 113/114 cap-derived geometric schedule,26670000,211461728,209606800,2.11461728,2.09606800,-1854928,-0.87719325,1854928,0.01854928,scheduled subsidy boundary
S4,S4,Idealized 113/114 cap-derived geometric schedule,26880000,209606800,207768143,2.09606800,2.07768143,-1838657,-0.87719339,1838657,0.01838657,scheduled subsidy boundary
S4,S4,Idealized 113/114 cap-derived geometric schedule,27090000,207768143,205945615,2.07768143,2.05945615,-1822528,-0.87719319,1822528,0.01822528,scheduled subsidy boundary
S4,S4,Idealized 113/114 cap-derived geometric schedule,27300000,205945615,204139074,2.05945615,2.04139074,-1806541,-0.87719323,1806541,0.01806541,scheduled subsidy boundary
S4,S4,Idealized 113/114 cap-derived geometric schedule,27510000,204139074,202348380,2.04139074,2.02348380,-1790694,-0.87719316,1790694,0.01790694,scheduled subsidy boundary
S4,S4,Idealized 113/114 cap-derived geometric schedule,27720000,202348380,200573394,2.02348380,2.00573394,-1774986,-0.87719309,1774986,0.01774986,scheduled subsidy boundary
S4,S4,Idealized 113/114 cap-derived geometric schedule,27930000,200573394,198813978,2.00573394,1.98813978,-1759416,-0.87719311,1759416,0.01759416,scheduled subsidy boundary
S4,S4,Idealized 113/114 cap-derived geometric schedule,28140000,198813978,197069995,1.98813978,1.97069995,-1743983,-0.87719335,1743983,0.01743983,scheduled subsidy boundary
S4,S4,Idealized 113/114 cap-derived geometric schedule,28350000,197069995,195341310,1.97069995,1.95341310,-1728685,-0.87719341,1728685,0.01728685,scheduled subsidy boundary
S4,S4,Idealized 113/114 cap-derived geometric schedule,28560000,195341310,193627789,1.95341310,1.93627789,-1713521,-0.87719336,1713521,0.01713521,scheduled subsidy boundary
S4,S4,Idealized 113/114 cap-derived geometric schedule,28770000,193627789,191929299,1.93627789,1.91929299,-1698490,-0.87719330,1698490,0.01698490,scheduled subsidy boundary
S4,S4,Idealized 113/114 cap-derived geometric schedule,28980000,191929299,190245708,1.91929299,1.90245708,-1683591,-0.87719333,1683591,0.01683591,scheduled subsidy boundary
S4,S4,Idealized 113/114 cap-derived geometric schedule,29190000,190245708,188576886,1.90245708,1.88576886,-1668822,-0.87719298,1668822,0.01668822,scheduled subsidy boundary
S4,S4,Idealized 113/114 cap-derived geometric schedule,29400000,188576886,186922702,1.88576886,1.86922702,-1654184,-0.87719340,1654184,0.01654184,scheduled subsidy boundary
S4,S4,Idealized 113/114 cap-derived geometric schedule,29610000,186922702,185283029,1.86922702,1.85283029,-1639673,-0.87719308,1639673,0.01639673,scheduled subsidy boundary
S4,S4,Idealized 113/114 cap-derived geometric schedule,29820000,185283029,183657739,1.85283029,1.83657739,-1625290,-0.87719313,1625290,0.01625290,scheduled subsidy boundary
S4,S4,Idealized 113/114 cap-derived geometric schedule,30030000,183657739,182046706,1.83657739,1.82046706,-1611033,-0.87719309,1611033,0.01611033,scheduled subsidy boundary
S4,S4,Idealized 113/114 cap-derived geometric schedule,30240000,182046706,180449805,1.82046706,1.80449805,-1596901,-0.87719302,1596901,0.01596901,scheduled subsidy boundary
S4,S4,Idealized 113/114 cap-derived geometric schedule,30450000,180449805,178866911,1.80449805,1.78866911,-1582894,-0.87719352,1582894,0.01582894,scheduled subsidy boundary
S4,S4,Idealized 113/114 cap-derived geometric schedule,30660000,178866911,177297903,1.78866911,1.77297903,-1569008,-0.87719299,1569008,0.01569008,scheduled subsidy boundary
S4,S4,Idealized 113/114 cap-derived geometric schedule,30870000,177297903,175742658,1.77297903,1.75742658,-1555245,-0.87719312,1555245,0.01555245,scheduled subsidy boundary
S4,S4,Idealized 113/114 cap-derived geometric schedule,31080000,175742658,174201055,1.75742658,1.74201055,-1541603,-0.87719340,1541603,0.01541603,scheduled subsidy boundary
S4,S4,Idealized 113/114 cap-derived geometric schedule,31290000,174201055,172672975,1.74201055,1.72672975,-1528080,-0.87719331,1528080,0.01528080,scheduled subsidy boundary
S4,S4,Idealized 113/114 cap-derived geometric schedule,31500000,172672975,171158299,1.72672975,1.71158299,-1514676,-0.87719343,1514676,0.01514676,scheduled subsidy boundary
S4,S4,Idealized 113/114 cap-derived geometric schedule,31710000,171158299,169656910,1.71158299,1.69656910,-1501389,-0.87719322,1501389,0.01501389,scheduled subsidy boundary
S4,S4,Idealized 113/114 cap-derived geometric schedule,31920000,169656910,168168691,1.69656910,1.68168691,-1488219,-0.87719327,1488219,0.01488219,scheduled subsidy boundary
S4,S4,Idealized 113/114 cap-derived geometric schedule,32130000,168168691,166693527,1.68168691,1.66693527,-1475164,-0.87719301,1475164,0.01475164,scheduled subsidy boundary
S4,S4,Idealized 113/114 cap-derived geometric schedule,32340000,166693527,165231303,1.66693527,1.65231303,-1462224,-0.87719303,1462224,0.01462224,scheduled subsidy boundary
S4,S4,Idealized 113/114 cap-derived geometric schedule,32550000,165231303,163781905,1.65231303,1.63781905,-1449398,-0.87719335,1449398,0.01449398,scheduled subsidy boundary
S4,S4,Idealized 113/114 cap-derived geometric schedule,32760000,163781905,162345221,1.63781905,1.62345221,-1436684,-0.87719336,1436684,0.01436684,scheduled subsidy boundary
S4,S4,Idealized 113/114 cap-derived geometric schedule,32970000,162345221,160921140,1.62345221,1.60921140,-1424081,-0.87719305,1424081,0.01424081,scheduled subsidy boundary
S4,S4,Idealized 113/114 cap-derived geometric schedule,33180000,160921140,159509551,1.60921140,1.59509551,-1411589,-0.87719302,1411589,0.01411589,scheduled subsidy boundary
S4,S4,Idealized 113/114 cap-derived geometric schedule,33390000,159509551,158110344,1.59509551,1.58110344,-1399207,-0.87719324,1399207,0.01399207,scheduled subsidy boundary
S4,S4,Idealized 113/114 cap-derived geometric schedule,33600000,158110344,156723411,1.58110344,1.56723411,-1386933,-0.87719308,1386933,0.01386933,scheduled subsidy boundary
S4,S4,Idealized 113/114 cap-derived geometric schedule,33810000,156723411,155348644,1.56723411,1.55348644,-1374767,-0.87719313,1374767,0.01374767,scheduled subsidy boundary
S4,S4,Idealized 113/114 cap-derived geometric schedule,34020000,155348644,153985936,1.55348644,1.53985936,-1362708,-0.87719337,1362708,0.01362708,scheduled subsidy boundary
S4,S4,Idealized 113/114 cap-derived geometric schedule,34230000,153985936,152635182,1.53985936,1.52635182,-1350754,-0.87719310,1350754,0.01350754,scheduled subsidy boundary
S4,S4,Idealized 113/114 cap-derived geometric schedule,34440000,152635182,151296276,1.52635182,1.51296276,-1338906,-0.87719357,1338906,0.01338906,scheduled subsidy boundary
S4,S4,Idealized 113/114 cap-derived geometric schedule,34650000,151296276,149969115,1.51296276,1.49969115,-1327161,-0.87719343,1327161,0.01327161,scheduled subsidy boundary
S4,S4,Idealized 113/114 cap-derived geometric schedule,34860000,149969115,148653596,1.49969115,1.48653596,-1315519,-0.87719328,1315519,0.01315519,scheduled subsidy boundary
S4,S4,Idealized 113/114 cap-derived geometric schedule,35070000,148653596,147349617,1.48653596,1.47349617,-1303979,-0.87719304,1303979,0.01303979,scheduled subsidy boundary
S4,S4,Idealized 113/114 cap-derived geometric schedule,35280000,147349617,146057076,1.47349617,1.46057076,-1292541,-0.87719332,1292541,0.01292541,scheduled subsidy boundary
S4,S4,Idealized 113/114 cap-derived geometric schedule,35490000,146057076,144775873,1.46057076,1.44775873,-1281203,-0.87719338,1281203,0.01281203,scheduled subsidy boundary
S4,S4,Idealized 113/114 cap-derived geometric schedule,35700000,144775873,143505909,1.44775873,1.43505909,-1269964,-0.87719312,1269964,0.01269964,scheduled subsidy boundary
S4,S4,Idealized 113/114 cap-derived geometric schedule,35910000,143505909,142247085,1.43505909,1.42247085,-1258824,-0.87719315,1258824,0.01258824,scheduled subsidy boundary
S4,S4,Idealized 113/114 cap-derived geometric schedule,36120000,142247085,140999303,1.42247085,1.40999303,-1247782,-0.87719337,1247782,0.01247782,scheduled subsidy boundary
S4,S4,Idealized 113/114 cap-derived geometric schedule,36330000,140999303,139762467,1.40999303,1.39762467,-1236836,-0.87719299,1236836,0.01236836,scheduled subsidy boundary
S4,S4,Idealized 113/114 cap-derived geometric schedule,36540000,139762467,138536480,1.39762467,1.38536480,-1225987,-0.87719330,1225987,0.01225987,scheduled subsidy boundary
S4,S4,Idealized 113/114 cap-derived geometric schedule,36750000,138536480,137321247,1.38536480,1.37321247,-1215233,-0.87719350,1215233,0.01215233,scheduled subsidy boundary
S4,S4,Idealized 113/114 cap-derived geometric schedule,36960000,137321247,136116674,1.37321247,1.36116674,-1204573,-0.87719346,1204573,0.01204573,scheduled subsidy boundary
S4,S4,Idealized 113/114 cap-derived geometric schedule,37170000,136116674,134922668,1.36116674,1.34922668,-1194006,-0.87719305,1194006,0.01194006,scheduled subsidy boundary
S4,S4,Idealized 113/114 cap-derived geometric schedule,37380000,134922668,133739135,1.34922668,1.33739135,-1183533,-0.87719359,1183533,0.01183533,scheduled subsidy boundary
S4,S4,Idealized 113/114 cap-derived geometric schedule,37590000,133739135,132565984,1.33739135,1.32565984,-1173151,-0.87719350,1173151,0.01173151,scheduled subsidy boundary
S4,S4,Idealized 113/114 cap-derived geometric schedule,37800000,132565984,131403124,1.32565984,1.31403124,-1162860,-0.87719335,1162860,0.01162860,scheduled subsidy boundary
S4,S4,Idealized 113/114 cap-derived geometric schedule,38010000,131403124,130250465,1.31403124,1.30250465,-1152659,-0.87719300,1152659,0.01152659,scheduled subsidy boundary
S4,S4,Idealized 113/114 cap-derived geometric schedule,38220000,130250465,129107917,1.30250465,1.29107917,-1142548,-0.87719303,1142548,0.01142548,scheduled subsidy boundary
S4,S4,Idealized 113/114 cap-derived geometric schedule,38430000,129107917,127975391,1.29107917,1.27975391,-1132526,-0.87719330,1132526,0.01132526,scheduled subsidy boundary
S4,S4,Idealized 113/114 cap-derived geometric schedule,38640000,127975391,126852799,1.27975391,1.26852799,-1122592,-0.87719365,1122592,0.01122592,scheduled subsidy boundary
S4,S4,Idealized 113/114 cap-derived geometric schedule,38850000,126852799,125740055,1.26852799,1.25740055,-1112744,-0.87719310,1112744,0.01112744,scheduled subsidy boundary
S4,S4,Idealized 113/114 cap-derived geometric schedule,39060000,125740055,124637072,1.25740055,1.24637072,-1102983,-0.87719303,1102983,0.01102983,scheduled subsidy boundary
S4,S4,Idealized 113/114 cap-derived geometric schedule,39270000,124637072,123543764,1.24637072,1.23543764,-1093308,-0.87719326,1093308,0.01093308,scheduled subsidy boundary
S4,S4,Idealized 113/114 cap-derived geometric schedule,39480000,123543764,122460046,1.23543764,1.22460046,-1083718,-0.87719361,1083718,0.01083718,scheduled subsidy boundary
S4,S4,Idealized 113/114 cap-derived geometric schedule,39690000,122460046,121385835,1.22460046,1.21385835,-1074211,-0.87719304,1074211,0.01074211,scheduled subsidy boundary
S4,S4,Idealized 113/114 cap-derived geometric schedule,39900000,121385835,120321046,1.21385835,1.20321046,-1064789,-0.87719378,1064789,0.01064789,scheduled subsidy boundary
S4,S4,Idealized 113/114 cap-derived geometric schedule,40110000,120321046,119265598,1.20321046,1.19265598,-1055448,-0.87719317,1055448,0.01055448,scheduled subsidy boundary
S4,S4,Idealized 113/114 cap-derived geometric schedule,40320000,119265598,118219408,1.19265598,1.18219408,-1046190,-0.87719344,1046190,0.01046190,scheduled subsidy boundary
S4,S4,Idealized 113/114 cap-derived geometric schedule,40530000,118219408,117182395,1.18219408,1.17182395,-1037013,-0.87719353,1037013,0.01037013,scheduled subsidy boundary
S4,S4,Idealized 113/114 cap-derived geometric schedule,40740000,117182395,116154479,1.17182395,1.16154479,-1027916,-0.87719320,1027916,0.01027916,scheduled subsidy boundary
S4,S4,Idealized 113/114 cap-derived geometric schedule,40950000,116154479,115135580,1.16154479,1.15135580,-1018899,-0.87719304,1018899,0.01018899,scheduled subsidy boundary
S4,S4,Idealized 113/114 cap-derived geometric schedule,41160000,115135580,114125618,1.15135580,1.14125618,-1009962,-0.87719365,1009962,0.01009962,scheduled subsidy boundary
S4,S4,Idealized 113/114 cap-derived geometric schedule,41370000,114125618,113124516,1.14125618,1.13124516,-1001102,-0.87719306,1001102,0.01001102,scheduled subsidy boundary
S4,S4,Idealized 113/114 cap-derived geometric schedule,41580000,113124516,112132195,1.13124516,1.12132195,-992321,-0.87719359,992321,0.00992321,scheduled subsidy boundary
S4,S4,Idealized 113/114 cap-derived geometric schedule,41790000,112132195,111148579,1.12132195,1.11148579,-983616,-0.87719321,983616,0.00983616,scheduled subsidy boundary
S4,S4,Idealized 113/114 cap-derived geometric schedule,42000000,111148579,110173591,1.11148579,1.10173591,-974988,-0.87719340,974988,0.00974988,scheduled subsidy boundary
S4,S4,Idealized 113/114 cap-derived geometric schedule,42210000,110173591,109207155,1.10173591,1.09207155,-966436,-0.87719388,966436,0.00966436,scheduled subsidy boundary
S4,S4,Idealized 113/114 cap-derived geometric schedule,42420000,109207155,108249197,1.09207155,1.08249197,-957958,-0.87719344,957958,0.00957958,scheduled subsidy boundary
S4,S4,Idealized 113/114 cap-derived geometric schedule,42630000,108249197,107299642,1.08249197,1.07299642,-949555,-0.87719357,949555,0.00949555,scheduled subsidy boundary
S4,S4,Idealized 113/114 cap-derived geometric schedule,42840000,107299642,106358417,1.07299642,1.06358417,-941225,-0.87719305,941225,0.00941225,scheduled subsidy boundary
S4,S4,Idealized 113/114 cap-derived geometric schedule,43050000,106358417,105425448,1.06358417,1.05425448,-932969,-0.87719339,932969,0.00932969,scheduled subsidy boundary
S4,S4,Idealized 113/114 cap-derived geometric schedule,43260000,105425448,104500663,1.05425448,1.04500663,-924785,-0.87719333,924785,0.00924785,scheduled subsidy boundary
S4,S4,Idealized 113/114 cap-derived geometric schedule,43470000,104500663,103583990,1.04500663,1.03583990,-916673,-0.87719348,916673,0.00916673,scheduled subsidy boundary
S4,S4,Idealized 113/114 cap-derived geometric schedule,43680000,103583990,102675358,1.03583990,1.02675358,-908632,-0.87719347,908632,0.00908632,scheduled subsidy boundary
S4,S4,Idealized 113/114 cap-derived geometric schedule,43890000,102675358,101774696,1.02675358,1.01774696,-900662,-0.87719392,900662,0.00900662,scheduled subsidy boundary
S4,S4,Idealized 113/114 cap-derived geometric schedule,44100000,101774696,100881935,1.01774696,1.00881935,-892761,-0.87719348,892761,0.00892761,scheduled subsidy boundary
S4,S4,Idealized 113/114 cap-derived geometric schedule,44310000,100881935,99997005,1.00881935,0.99997005,-884930,-0.87719372,884930,0.00884930,scheduled subsidy boundary
S4,S4,Idealized 113/114 cap-derived geometric schedule,44520000,99997005,99119838,0.99997005,0.99119838,-877167,-0.87719327,877167,0.00877167,scheduled subsidy boundary
S4,S4,Idealized 113/114 cap-derived geometric schedule,44730000,99119838,98250365,0.99119838,0.98250365,-869473,-0.87719373,869473,0.00869473,scheduled subsidy boundary
S4,S4,Idealized 113/114 cap-derived geometric schedule,44940000,98250365,97388519,0.98250365,0.97388519,-861846,-0.87719369,861846,0.00861846,scheduled subsidy boundary
S4,S4,Idealized 113/114 cap-derived geometric schedule,45150000,97388519,96534233,0.97388519,0.96534233,-854286,-0.87719375,854286,0.00854286,scheduled subsidy boundary
S4,S4,Idealized 113/114 cap-derived geometric schedule,45360000,96534233,95687441,0.96534233,0.95687441,-846792,-0.87719348,846792,0.00846792,scheduled subsidy boundary
S4,S4,Idealized 113/114 cap-derived geometric schedule,45570000,95687441,94848077,0.95687441,0.94848077,-839364,-0.87719349,839364,0.00839364,scheduled subsidy boundary
S4,S4,Idealized 113/114 cap-derived geometric schedule,45780000,94848077,94016076,0.94848077,0.94016076,-832001,-0.87719332,832001,0.00832001,scheduled subsidy boundary
S4,S4,Idealized 113/114 cap-derived geometric schedule,45990000,94016076,93191373,0.94016076,0.93191373,-824703,-0.87719360,824703,0.00824703,scheduled subsidy boundary
S4,S4,Idealized 113/114 cap-derived geometric schedule,46200000,93191373,92373904,0.93191373,0.92373904,-817469,-0.87719386,817469,0.00817469,scheduled subsidy boundary
S4,S4,Idealized 113/114 cap-derived geometric schedule,46410000,92373904,91563606,0.92373904,0.91563606,-810298,-0.87719363,810298,0.00810298,scheduled subsidy boundary
S4,S4,Idealized 113/114 cap-derived geometric schedule,46620000,91563606,90760416,0.91563606,0.90760416,-803190,-0.87719350,803190,0.00803190,scheduled subsidy boundary
S4,S4,Idealized 113/114 cap-derived geometric schedule,46830000,90760416,89964272,0.90760416,0.89964272,-796144,-0.87719298,796144,0.00796144,scheduled subsidy boundary
S4,S4,Idealized 113/114 cap-derived geometric schedule,47040000,89964272,89175111,0.89964272,0.89175111,-789161,-0.87719378,789161,0.00789161,scheduled subsidy boundary
S4,S4,Idealized 113/114 cap-derived geometric schedule,47250000,89175111,88392873,0.89175111,0.88392873,-782238,-0.87719319,782238,0.00782238,scheduled subsidy boundary
S4,S4,Idealized 113/114 cap-derived geometric schedule,47460000,88392873,87617496,0.88392873,0.87617496,-775377,-0.87719402,775377,0.00775377,scheduled subsidy boundary
S4,S4,Idealized 113/114 cap-derived geometric schedule,47670000,87617496,86848921,0.87617496,0.86848921,-768575,-0.87719352,768575,0.00768575,scheduled subsidy boundary
S4,S4,Idealized 113/114 cap-derived geometric schedule,47880000,86848921,86087088,0.86848921,0.86087088,-761833,-0.87719340,761833,0.00761833,scheduled subsidy boundary
S4,S4,Idealized 113/114 cap-derived geometric schedule,48090000,86087088,85331938,0.86087088,0.85331938,-755150,-0.87719310,755150,0.00755150,scheduled subsidy boundary
S4,S4,Idealized 113/114 cap-derived geometric schedule,48300000,85331938,84583412,0.85331938,0.84583412,-748526,-0.87719325,748526,0.00748526,scheduled subsidy boundary
S4,S4,Idealized 113/114 cap-derived geometric schedule,48510000,84583412,83841452,0.84583412,0.83841452,-741960,-0.87719327,741960,0.00741960,scheduled subsidy boundary
S4,S4,Idealized 113/114 cap-derived geometric schedule,48720000,83841452,83106000,0.83841452,0.83106000,-735452,-0.87719378,735452,0.00735452,scheduled subsidy boundary
S4,S4,Idealized 113/114 cap-derived geometric schedule,48930000,83106000,82377000,0.83106000,0.82377000,-729000,-0.87719298,729000,0.00729000,scheduled subsidy boundary
S4,S4,Idealized 113/114 cap-derived geometric schedule,49140000,82377000,81654394,0.82377000,0.81654394,-722606,-0.87719388,722606,0.00722606,scheduled subsidy boundary
S4,S4,Idealized 113/114 cap-derived geometric schedule,49350000,81654394,80938127,0.81654394,0.80938127,-716267,-0.87719346,716267,0.00716267,scheduled subsidy boundary
S4,S4,Idealized 113/114 cap-derived geometric schedule,49560000,80938127,80228143,0.80938127,0.80228143,-709984,-0.87719351,709984,0.00709984,scheduled subsidy boundary
S4,S4,Idealized 113/114 cap-derived geometric schedule,49770000,80228143,79524387,0.80228143,0.79524387,-703756,-0.87719343,703756,0.00703756,scheduled subsidy boundary
S4,S4,Idealized 113/114 cap-derived geometric schedule,49980000,79524387,78826804,0.79524387,0.78826804,-697583,-0.87719381,697583,0.00697583,scheduled subsidy boundary
S4,S4,Idealized 113/114 cap-derived geometric schedule,50190000,78826804,78135340,0.78826804,0.78135340,-691464,-0.87719401,691464,0.00691464,scheduled subsidy boundary
S4,S4,Idealized 113/114 cap-derived geometric schedule,50400000,78135340,77449942,0.78135340,0.77449942,-685398,-0.87719334,685398,0.00685398,scheduled subsidy boundary
S4,S4,Idealized 113/114 cap-derived geometric schedule,50610000,77449942,76770556,0.77449942,0.76770556,-679386,-0.87719368,679386,0.00679386,scheduled subsidy boundary
S4,S4,Idealized 113/114 cap-derived geometric schedule,50820000,76770556,76097130,0.76770556,0.76097130,-673426,-0.87719307,673426,0.00673426,scheduled subsidy boundary
S4,S4,Idealized 113/114 cap-derived geometric schedule,51030000,76097130,75429611,0.76097130,0.75429611,-667519,-0.87719340,667519,0.00667519,scheduled subsidy boundary
S4,S4,Idealized 113/114 cap-derived geometric schedule,51240000,75429611,74767947,0.75429611,0.74767947,-661664,-0.87719397,661664,0.00661664,scheduled subsidy boundary
S4,S4,Idealized 113/114 cap-derived geometric schedule,51450000,74767947,74112087,0.74767947,0.74112087,-655860,-0.87719407,655860,0.00655860,scheduled subsidy boundary
S4,S4,Idealized 113/114 cap-derived geometric schedule,51660000,74112087,73461980,0.74112087,0.73461980,-650107,-0.87719430,650107,0.00650107,scheduled subsidy boundary
S4,S4,Idealized 113/114 cap-derived geometric schedule,51870000,73461980,72817576,0.73461980,0.72817576,-644404,-0.87719389,644404,0.00644404,scheduled subsidy boundary
S4,S4,Idealized 113/114 cap-derived geometric schedule,52080000,72817576,72178825,0.72817576,0.72178825,-638751,-0.87719344,638751,0.00638751,scheduled subsidy boundary
S4,S4,Idealized 113/114 cap-derived geometric schedule,52290000,72178825,71545677,0.72178825,0.71545677,-633148,-0.87719355,633148,0.00633148,scheduled subsidy boundary
S4,S4,Idealized 113/114 cap-derived geometric schedule,52500000,71545677,70918083,0.71545677,0.70918083,-627594,-0.87719346,627594,0.00627594,scheduled subsidy boundary
S4,S4,Idealized 113/114 cap-derived geometric schedule,52710000,70918083,70295994,0.70918083,0.70295994,-622089,-0.87719376,622089,0.00622089,scheduled subsidy boundary
S4,S4,Idealized 113/114 cap-derived geometric schedule,52920000,70295994,69679362,0.70295994,0.69679362,-616632,-0.87719366,616632,0.00616632,scheduled subsidy boundary
S4,S4,Idealized 113/114 cap-derived geometric schedule,53130000,69679362,69068139,0.69679362,0.69068139,-611223,-0.87719374,611223,0.00611223,scheduled subsidy boundary
S4,S4,Idealized 113/114 cap-derived geometric schedule,53340000,69068139,68462278,0.69068139,0.68462278,-605861,-0.87719317,605861,0.00605861,scheduled subsidy boundary
S4,S4,Idealized 113/114 cap-derived geometric schedule,53550000,68462278,67861731,0.68462278,0.67861731,-600547,-0.87719401,600547,0.00600547,scheduled subsidy boundary
S4,S4,Idealized 113/114 cap-derived geometric schedule,53760000,67861731,67266452,0.67861731,0.67266452,-595279,-0.87719395,595279,0.00595279,scheduled subsidy boundary
S4,S4,Idealized 113/114 cap-derived geometric schedule,53970000,67266452,66676395,0.67266452,0.66676395,-590057,-0.87719358,590057,0.00590057,scheduled subsidy boundary
S4,S4,Idealized 113/114 cap-derived geometric schedule,54180000,66676395,66091514,0.66676395,0.66091514,-584881,-0.87719350,584881,0.00584881,scheduled subsidy boundary
S4,S4,Idealized 113/114 cap-derived geometric schedule,54390000,66091514,65511763,0.66091514,0.65511763,-579751,-0.87719431,579751,0.00579751,scheduled subsidy boundary
S4,S4,Idealized 113/114 cap-derived geometric schedule,54600000,65511763,64937098,0.65511763,0.64937098,-574665,-0.87719361,574665,0.00574665,scheduled subsidy boundary
S4,S4,Idealized 113/114 cap-derived geometric schedule,54810000,64937098,64367474,0.64937098,0.64367474,-569624,-0.87719350,569624,0.00569624,scheduled subsidy boundary
S4,S4,Idealized 113/114 cap-derived geometric schedule,55020000,64367474,63802847,0.64367474,0.63802847,-564627,-0.87719304,564627,0.00564627,scheduled subsidy boundary
S4,S4,Idealized 113/114 cap-derived geometric schedule,55230000,63802847,63243172,0.63802847,0.63243172,-559675,-0.87719440,559675,0.00559675,scheduled subsidy boundary
S4,S4,Idealized 113/114 cap-derived geometric schedule,55440000,63243172,62688407,0.63243172,0.62688407,-554765,-0.87719351,554765,0.00554765,scheduled subsidy boundary
S4,S4,Idealized 113/114 cap-derived geometric schedule,55650000,62688407,62138508,0.62688407,0.62138508,-549899,-0.87719409,549899,0.00549899,scheduled subsidy boundary
S4,S4,Idealized 113/114 cap-derived geometric schedule,55860000,62138508,61593433,0.62138508,0.61593433,-545075,-0.87719358,545075,0.00545075,scheduled subsidy boundary
S4,S4,Idealized 113/114 cap-derived geometric schedule,56070000,61593433,61053139,0.61593433,0.61053139,-540294,-0.87719416,540294,0.00540294,scheduled subsidy boundary
S4,S4,Idealized 113/114 cap-derived geometric schedule,56280000,61053139,60517585,0.61053139,0.60517585,-535554,-0.87719323,535554,0.00535554,scheduled subsidy boundary
S4,S4,Idealized 113/114 cap-derived geometric schedule,56490000,60517585,59986728,0.60517585,0.59986728,-530857,-0.87719462,530857,0.00530857,scheduled subsidy boundary
S4,S4,Idealized 113/114 cap-derived geometric schedule,56700000,59986728,59460528,0.59986728,0.59460528,-526200,-0.87719404,526200,0.00526200,scheduled subsidy boundary
S4,S4,Idealized 113/114 cap-derived geometric schedule,56910000,59460528,58938944,0.59460528,0.58938944,-521584,-0.87719369,521584,0.00521584,scheduled subsidy boundary
S4,S4,Idealized 113/114 cap-derived geometric schedule,57120000,58938944,58421935,0.58938944,0.58421935,-517009,-0.87719420,517009,0.00517009,scheduled subsidy boundary
S4,S4,Idealized 113/114 cap-derived geometric schedule,57330000,58421935,57909461,0.58421935,0.57909461,-512474,-0.87719450,512474,0.00512474,scheduled subsidy boundary
S4,S4,Idealized 113/114 cap-derived geometric schedule,57540000,57909461,57401483,0.57909461,0.57401483,-507978,-0.87719345,507978,0.00507978,scheduled subsidy boundary
S4,S4,Idealized 113/114 cap-derived geometric schedule,57750000,57401483,56897961,0.57401483,0.56897961,-503522,-0.87719336,503522,0.00503522,scheduled subsidy boundary
S4,S4,Idealized 113/114 cap-derived geometric schedule,57960000,56897961,56398856,0.56897961,0.56398856,-499105,-0.87719312,499105,0.00499105,scheduled subsidy boundary
S4,S4,Idealized 113/114 cap-derived geometric schedule,58170000,56398856,55904129,0.56398856,0.55904129,-494727,-0.87719332,494727,0.00494727,scheduled subsidy boundary
S4,S4,Idealized 113/114 cap-derived geometric schedule,58380000,55904129,55413741,0.55904129,0.55413741,-490388,-0.87719460,490388,0.00490388,scheduled subsidy boundary
S4,S4,Idealized 113/114 cap-derived geometric schedule,58590000,55413741,54927655,0.55413741,0.54927655,-486086,-0.87719398,486086,0.00486086,scheduled subsidy boundary
S4,S4,Idealized 113/114 cap-derived geometric schedule,58800000,54927655,54445833,0.54927655,0.54445833,-481822,-0.87719383,481822,0.00481822,scheduled subsidy boundary
S4,S4,Idealized 113/114 cap-derived geometric schedule,59010000,54445833,53968237,0.54445833,0.53968237,-477596,-0.87719477,477596,0.00477596,scheduled subsidy boundary
S4,S4,Idealized 113/114 cap-derived geometric schedule,59220000,53968237,53494831,0.53968237,0.53494831,-473406,-0.87719375,473406,0.00473406,scheduled subsidy boundary
S4,S4,Idealized 113/114 cap-derived geometric schedule,59430000,53494831,53025578,0.53494831,0.53025578,-469253,-0.87719316,469253,0.00469253,scheduled subsidy boundary
S4,S4,Idealized 113/114 cap-derived geometric schedule,59640000,53025578,52560441,0.53025578,0.52560441,-465137,-0.87719364,465137,0.00465137,scheduled subsidy boundary
S4,S4,Idealized 113/114 cap-derived geometric schedule,59850000,52560441,52099384,0.52560441,0.52099384,-461057,-0.87719393,461057,0.00461057,scheduled subsidy boundary
S4,S4,Idealized 113/114 cap-derived geometric schedule,60060000,52099384,51642371,0.52099384,0.51642371,-457013,-0.87719463,457013,0.00457013,scheduled subsidy boundary
S4,S4,Idealized 113/114 cap-derived geometric schedule,60270000,51642371,51189367,0.51642371,0.51189367,-453004,-0.87719443,453004,0.00453004,scheduled subsidy boundary
S4,S4,Idealized 113/114 cap-derived geometric schedule,60480000,51189367,50740337,0.51189367,0.50740337,-449030,-0.87719389,449030,0.00449030,scheduled subsidy boundary
S4,S4,Idealized 113/114 cap-derived geometric schedule,60690000,50740337,50295246,0.50740337,0.50295246,-445091,-0.87719362,445091,0.00445091,scheduled subsidy boundary
S4,S4,Idealized 113/114 cap-derived geometric schedule,60900000,50295246,49854059,0.50295246,0.49854059,-441187,-0.87719424,441187,0.00441187,scheduled subsidy boundary
S4,S4,Idealized 113/114 cap-derived geometric schedule,61110000,49854059,49416742,0.49854059,0.49416742,-437317,-0.87719437,437317,0.00437317,scheduled subsidy boundary
S4,S4,Idealized 113/114 cap-derived geometric schedule,61320000,49416742,48983261,0.49416742,0.48983261,-433481,-0.87719462,433481,0.00433481,scheduled subsidy boundary
S4,S4,Idealized 113/114 cap-derived geometric schedule,61530000,48983261,48553583,0.48983261,0.48553583,-429678,-0.87719354,429678,0.00429678,scheduled subsidy boundary
S4,S4,Idealized 113/114 cap-derived geometric schedule,61740000,48553583,48127674,0.48553583,0.48127674,-425909,-0.87719376,425909,0.00425909,scheduled subsidy boundary
S4,S4,Idealized 113/114 cap-derived geometric schedule,61950000,48127674,47705501,0.48127674,0.47705501,-422173,-0.87719386,422173,0.00422173,scheduled subsidy boundary
S4,S4,Idealized 113/114 cap-derived geometric schedule,62160000,47705501,47287031,0.47705501,0.47287031,-418470,-0.87719444,418470,0.00418470,scheduled subsidy boundary
S4,S4,Idealized 113/114 cap-derived geometric schedule,62370000,47287031,46872232,0.47287031,0.46872232,-414799,-0.87719400,414799,0.00414799,scheduled subsidy boundary
S4,S4,Idealized 113/114 cap-derived geometric schedule,62580000,46872232,46461072,0.46872232,0.46461072,-411160,-0.87719313,411160,0.00411160,scheduled subsidy boundary
S4,S4,Idealized 113/114 cap-derived geometric schedule,62790000,46461072,46053518,0.46461072,0.46053518,-407554,-0.87719457,407554,0.00407554,scheduled subsidy boundary
S4,S4,Idealized 113/114 cap-derived geometric schedule,63000000,46053518,45649539,0.46053518,0.45649539,-403979,-0.87719466,403979,0.00403979,scheduled subsidy boundary
S4,S4,Idealized 113/114 cap-derived geometric schedule,63210000,45649539,45249104,0.45649539,0.45249104,-400435,-0.87719396,400435,0.00400435,scheduled subsidy boundary
S4,S4,Idealized 113/114 cap-derived geometric schedule,63420000,45249104,44852182,0.45249104,0.44852182,-396922,-0.87719306,396922,0.00396922,scheduled subsidy boundary
S4,S4,Idealized 113/114 cap-derived geometric schedule,63630000,44852182,44458741,0.44852182,0.44458741,-393441,-0.87719478,393441,0.00393441,scheduled subsidy boundary
S4,S4,Idealized 113/114 cap-derived geometric schedule,63840000,44458741,44068752,0.44458741,0.44068752,-389989,-0.87719308,389989,0.00389989,scheduled subsidy boundary
S4,S4,Idealized 113/114 cap-derived geometric schedule,64050000,44068752,43682184,0.44068752,0.43682184,-386568,-0.87719298,386568,0.00386568,scheduled subsidy boundary
S4,S4,Idealized 113/114 cap-derived geometric schedule,64260000,43682184,43299006,0.43682184,0.43299006,-383178,-0.87719515,383178,0.00383178,scheduled subsidy boundary
S4,S4,Idealized 113/114 cap-derived geometric schedule,64470000,43299006,42919190,0.43299006,0.42919190,-379816,-0.87719335,379816,0.00379816,scheduled subsidy boundary
S4,S4,Idealized 113/114 cap-derived geometric schedule,64680000,42919190,42542705,0.42919190,0.42542705,-376485,-0.87719503,376485,0.00376485,scheduled subsidy boundary
S4,S4,Idealized 113/114 cap-derived geometric schedule,64890000,42542705,42169523,0.42542705,0.42169523,-373182,-0.87719387,373182,0.00373182,scheduled subsidy boundary
S4,S4,Idealized 113/114 cap-derived geometric schedule,65100000,42169523,41799614,0.42169523,0.41799614,-369909,-0.87719513,369909,0.00369909,scheduled subsidy boundary
S4,S4,Idealized 113/114 cap-derived geometric schedule,65310000,41799614,41432950,0.41799614,0.41432950,-366664,-0.87719470,366664,0.00366664,scheduled subsidy boundary
S4,S4,Idealized 113/114 cap-derived geometric schedule,65520000,41432950,41069503,0.41432950,0.41069503,-363447,-0.87719315,363447,0.00363447,scheduled subsidy boundary
S4,S4,Idealized 113/114 cap-derived geometric schedule,65730000,41069503,40709244,0.41069503,0.40709244,-360259,-0.87719347,360259,0.00360259,scheduled subsidy boundary
S4,S4,Idealized 113/114 cap-derived geometric schedule,65940000,40709244,40352145,0.40709244,0.40352145,-357099,-0.87719389,357099,0.00357099,scheduled subsidy boundary
S4,S4,Idealized 113/114 cap-derived geometric schedule,66150000,40352145,39998178,0.40352145,0.39998178,-353967,-0.87719500,353967,0.00353967,scheduled subsidy boundary
S4,S4,Idealized 113/114 cap-derived geometric schedule,66360000,39998178,39647316,0.39998178,0.39647316,-350862,-0.87719496,350862,0.00350862,scheduled subsidy boundary
S4,S4,Idealized 113/114 cap-derived geometric schedule,66570000,39647316,39299532,0.39647316,0.39299532,-347784,-0.87719431,347784,0.00347784,scheduled subsidy boundary
S4,S4,Idealized 113/114 cap-derived geometric schedule,66780000,39299532,38954799,0.39299532,0.38954799,-344733,-0.87719365,344733,0.00344733,scheduled subsidy boundary
S4,S4,Idealized 113/114 cap-derived geometric schedule,66990000,38954799,38613090,0.38954799,0.38613090,-341709,-0.87719359,341709,0.00341709,scheduled subsidy boundary
S4,S4,Idealized 113/114 cap-derived geometric schedule,67200000,38613090,38274378,0.38613090,0.38274378,-338712,-0.87719475,338712,0.00338712,scheduled subsidy boundary
S4,S4,Idealized 113/114 cap-derived geometric schedule,67410000,38274378,37938637,0.38274378,0.37938637,-335741,-0.87719518,335741,0.00335741,scheduled subsidy boundary
S4,S4,Idealized 113/114 cap-derived geometric schedule,67620000,37938637,37605841,0.37938637,0.37605841,-332796,-0.87719546,332796,0.00332796,scheduled subsidy boundary
S4,S4,Idealized 113/114 cap-derived geometric schedule,67830000,37605841,37275965,0.37605841,0.37275965,-329876,-0.87719352,329876,0.00329876,scheduled subsidy boundary
S4,S4,Idealized 113/114 cap-derived geometric schedule,68040000,37275965,36948982,0.37275965,0.36948982,-326983,-0.87719527,326983,0.00326983,scheduled subsidy boundary
S4,S4,Idealized 113/114 cap-derived geometric schedule,68250000,36948982,36624868,0.36948982,0.36624868,-324114,-0.87719331,324114,0.00324114,scheduled subsidy boundary
S4,S4,Idealized 113/114 cap-derived geometric schedule,68460000,36624868,36303597,0.36624868,0.36303597,-321271,-0.87719361,321271,0.00321271,scheduled subsidy boundary
S4,S4,Idealized 113/114 cap-derived geometric schedule,68670000,36303597,35985144,0.36303597,0.35985144,-318453,-0.87719407,318453,0.00318453,scheduled subsidy boundary
S4,S4,Idealized 113/114 cap-derived geometric schedule,68880000,35985144,35669484,0.35985144,0.35669484,-315660,-0.87719532,315660,0.00315660,scheduled subsidy boundary
S4,S4,Idealized 113/114 cap-derived geometric schedule,69090000,35669484,35356593,0.35669484,0.35356593,-312891,-0.87719520,312891,0.00312891,scheduled subsidy boundary
S4,S4,Idealized 113/114 cap-derived geometric schedule,69300000,35356593,35046447,0.35356593,0.35046447,-310146,-0.87719425,310146,0.00310146,scheduled subsidy boundary
S4,S4,Idealized 113/114 cap-derived geometric schedule,69510000,35046447,34739022,0.35046447,0.34739022,-307425,-0.87719306,307425,0.00307425,scheduled subsidy boundary
S4,S4,Idealized 113/114 cap-derived geometric schedule,69720000,34739022,34434293,0.34739022,0.34434293,-304729,-0.87719510,304729,0.00304729,scheduled subsidy boundary
S4,S4,Idealized 113/114 cap-derived geometric schedule,69930000,34434293,34132237,0.34434293,0.34132237,-302056,-0.87719530,302056,0.00302056,scheduled subsidy boundary
S4,S4,Idealized 113/114 cap-derived geometric schedule,70140000,34132237,33832831,0.34132237,0.33832831,-299406,-0.87719419,299406,0.00299406,scheduled subsidy boundary
S4,S4,Idealized 113/114 cap-derived geometric schedule,70350000,33832831,33536051,0.33832831,0.33536051,-296780,-0.87719529,296780,0.00296780,scheduled subsidy boundary
S4,S4,Idealized 113/114 cap-derived geometric schedule,70560000,33536051,33241875,0.33536051,0.33241875,-294176,-0.87719332,294176,0.00294176,scheduled subsidy boundary
S4,S4,Idealized 113/114 cap-derived geometric schedule,70770000,33241875,32950279,0.33241875,0.32950279,-291596,-0.87719480,291596,0.00291596,scheduled subsidy boundary
S4,S4,Idealized 113/114 cap-derived geometric schedule,70980000,32950279,32661241,0.32950279,0.32661241,-289038,-0.87719439,289038,0.00289038,scheduled subsidy boundary
S4,S4,Idealized 113/114 cap-derived geometric schedule,71190000,32661241,32374738,0.32661241,0.32374738,-286503,-0.87719570,286503,0.00286503,scheduled subsidy boundary
S4,S4,Idealized 113/114 cap-derived geometric schedule,71400000,32374738,32090749,0.32374738,0.32090749,-283989,-0.87719320,283989,0.00283989,scheduled subsidy boundary
S4,S4,Idealized 113/114 cap-derived geometric schedule,71610000,32090749,31809251,0.32090749,0.31809251,-281498,-0.87719361,281498,0.00281498,scheduled subsidy boundary
S4,S4,Idealized 113/114 cap-derived geometric schedule,71820000,31809251,31530222,0.31809251,0.31530222,-279029,-0.87719450,279029,0.00279029,scheduled subsidy boundary
S4,S4,Idealized 113/114 cap-derived geometric schedule,72030000,31530222,31253641,0.31530222,0.31253641,-276581,-0.87719332,276581,0.00276581,scheduled subsidy boundary
S4,S4,Idealized 113/114 cap-derived geometric schedule,72240000,31253641,30979486,0.31253641,0.30979486,-274155,-0.87719380,274155,0.00274155,scheduled subsidy boundary
S4,S4,Idealized 113/114 cap-derived geometric schedule,72450000,30979486,30707736,0.30979486,0.30707736,-271750,-0.87719338,271750,0.00271750,scheduled subsidy boundary
S4,S4,Idealized 113/114 cap-derived geometric schedule,72660000,30707736,30438369,0.30707736,0.30438369,-269367,-0.87719590,269367,0.00269367,scheduled subsidy boundary
S4,S4,Idealized 113/114 cap-derived geometric schedule,72870000,30438369,30171365,0.30438369,0.30171365,-267004,-0.87719549,267004,0.00267004,scheduled subsidy boundary
S4,S4,Idealized 113/114 cap-derived geometric schedule,73080000,30171365,29906703,0.30171365,0.29906703,-264662,-0.87719598,264662,0.00264662,scheduled subsidy boundary
S4,S4,Idealized 113/114 cap-derived geometric schedule,73290000,29906703,29644363,0.29906703,0.29644363,-262340,-0.87719465,262340,0.00262340,scheduled subsidy boundary
S4,S4,Idealized 113/114 cap-derived geometric schedule,73500000,29644363,29384324,0.29644363,0.29384324,-260039,-0.87719544,260039,0.00260039,scheduled subsidy boundary
S4,S4,Idealized 113/114 cap-derived geometric schedule,73710000,29384324,29126566,0.29384324,0.29126566,-257758,-0.87719561,257758,0.00257758,scheduled subsidy boundary
S4,S4,Idealized 113/114 cap-derived geometric schedule,73920000,29126566,28871069,0.29126566,0.28871069,-255497,-0.87719575,255497,0.00255497,scheduled subsidy boundary
S4,S4,Idealized 113/114 cap-derived geometric schedule,74130000,28871069,28617814,0.28871069,0.28617814,-253255,-0.87719301,253255,0.00253255,scheduled subsidy boundary
S4,S4,Idealized 113/114 cap-derived geometric schedule,74340000,28617814,28366780,0.28617814,0.28366780,-251034,-0.87719488,251034,0.00251034,scheduled subsidy boundary
S4,S4,Idealized 113/114 cap-derived geometric schedule,74550000,28366780,28117948,0.28366780,0.28117948,-248832,-0.87719509,248832,0.00248832,scheduled subsidy boundary
S4,S4,Idealized 113/114 cap-derived geometric schedule,74760000,28117948,27871299,0.28117948,0.27871299,-246649,-0.87719417,246649,0.00246649,scheduled subsidy boundary
S4,S4,Idealized 113/114 cap-derived geometric schedule,74970000,27871299,27626813,0.27871299,0.27626813,-244486,-0.87719629,244486,0.00244486,scheduled subsidy boundary
S4,S4,Idealized 113/114 cap-derived geometric schedule,75180000,27626813,27384472,0.27626813,0.27384472,-242341,-0.87719492,242341,0.00242341,scheduled subsidy boundary
S4,S4,Idealized 113/114 cap-derived geometric schedule,75390000,27384472,27144257,0.27384472,0.27144257,-240215,-0.87719420,240215,0.00240215,scheduled subsidy boundary
S4,S4,Idealized 113/114 cap-derived geometric schedule,75600000,27144257,26906149,0.27144257,0.26906149,-238108,-0.87719476,238108,0.00238108,scheduled subsidy boundary
S4,S4,Idealized 113/114 cap-derived geometric schedule,75810000,26906149,26670130,0.26906149,0.26670130,-236019,-0.87719354,236019,0.00236019,scheduled subsidy boundary
S4,S4,Idealized 113/114 cap-derived geometric schedule,76020000,26670130,26436181,0.26670130,0.26436181,-233949,-0.87719482,233949,0.00233949,scheduled subsidy boundary
S4,S4,Idealized 113/114 cap-derived geometric schedule,76230000,26436181,26204284,0.26436181,0.26204284,-231897,-0.87719554,231897,0.00231897,scheduled subsidy boundary
S4,S4,Idealized 113/114 cap-derived geometric schedule,76440000,26204284,25974421,0.26204284,0.25974421,-229863,-0.87719626,229863,0.00229863,scheduled subsidy boundary
S4,S4,Idealized 113/114 cap-derived geometric schedule,76650000,25974421,25746575,0.25974421,0.25746575,-227846,-0.87719376,227846,0.00227846,scheduled subsidy boundary
S4,S4,Idealized 113/114 cap-derived geometric schedule,76860000,25746575,25520727,0.25746575,0.25520727,-225848,-0.87719629,225848,0.00225848,scheduled subsidy boundary
S4,S4,Idealized 113/114 cap-derived geometric schedule,77070000,25520727,25296860,0.25520727,0.25296860,-223867,-0.87719680,223867,0.00223867,scheduled subsidy boundary
S4,S4,Idealized 113/114 cap-derived geometric schedule,77280000,25296860,25074957,0.25296860,0.25074957,-221903,-0.87719583,221903,0.00221903,scheduled subsidy boundary
S4,S4,Idealized 113/114 cap-derived geometric schedule,77490000,25074957,24855001,0.25074957,0.24855001,-219956,-0.87719393,219956,0.00219956,scheduled subsidy boundary
S4,S4,Idealized 113/114 cap-derived geometric schedule,77700000,24855001,24636974,0.24855001,0.24636974,-218027,-0.87719570,218027,0.00218027,scheduled subsidy boundary
S4,S4,Idealized 113/114 cap-derived geometric schedule,77910000,24636974,24420860,0.24636974,0.24420860,-216114,-0.87719377,216114,0.00216114,scheduled subsidy boundary
S4,S4,Idealized 113/114 cap-derived geometric schedule,78120000,24420860,24206641,0.24420860,0.24206641,-214219,-0.87719679,214219,0.00214219,scheduled subsidy boundary
S4,S4,Idealized 113/114 cap-derived geometric schedule,78330000,24206641,23994302,0.24206641,0.23994302,-212339,-0.87719316,212339,0.00212339,scheduled subsidy boundary
S4,S4,Idealized 113/114 cap-derived geometric schedule,78540000,23994302,23783825,0.23994302,0.23783825,-210477,-0.87719576,210477,0.00210477,scheduled subsidy boundary
S4,S4,Idealized 113/114 cap-derived geometric schedule,78750000,23783825,23575194,0.23783825,0.23575194,-208631,-0.87719700,208631,0.00208631,scheduled subsidy boundary
S4,S4,Idealized 113/114 cap-derived geometric schedule,78960000,23575194,23368394,0.23575194,0.23368394,-206800,-0.87719321,206800,0.00206800,scheduled subsidy boundary
S4,S4,Idealized 113/114 cap-derived geometric schedule,79170000,23368394,23163408,0.23368394,0.23163408,-204986,-0.87719336,204986,0.00204986,scheduled subsidy boundary
S4,S4,Idealized 113/114 cap-derived geometric schedule,79380000,23163408,22960220,0.23163408,0.22960220,-203188,-0.87719389,203188,0.00203188,scheduled subsidy boundary
S4,S4,Idealized 113/114 cap-derived geometric schedule,79590000,22960220,22758814,0.22960220,0.22758814,-201406,-0.87719543,201406,0.00201406,scheduled subsidy boundary
S4,S4,Idealized 113/114 cap-derived geometric schedule,79800000,22758814,22559175,0.22758814,0.22559175,-199639,-0.87719422,199639,0.00199639,scheduled subsidy boundary
S4,S4,Idealized 113/114 cap-derived geometric schedule,80010000,22559175,22361287,0.22559175,0.22361287,-197888,-0.87719520,197888,0.00197888,scheduled subsidy boundary
S4,S4,Idealized 113/114 cap-derived geometric schedule,80220000,22361287,22165135,0.22361287,0.22165135,-196152,-0.87719459,196152,0.00196152,scheduled subsidy boundary
S4,S4,Idealized 113/114 cap-derived geometric schedule,80430000,22165135,21970703,0.22165135,0.21970703,-194432,-0.87719745,194432,0.00194432,scheduled subsidy boundary
S4,S4,Idealized 113/114 cap-derived geometric schedule,80640000,21970703,21777977,0.21970703,0.21777977,-192726,-0.87719542,192726,0.00192726,scheduled subsidy boundary
S4,S4,Idealized 113/114 cap-derived geometric schedule,80850000,21777977,21586942,0.21777977,0.21586942,-191035,-0.87719351,191035,0.00191035,scheduled subsidy boundary
S4,S4,Idealized 113/114 cap-derived geometric schedule,81060000,21586942,21397582,0.21586942,0.21397582,-189360,-0.87719696,189360,0.00189360,scheduled subsidy boundary
S4,S4,Idealized 113/114 cap-derived geometric schedule,81270000,21397582,21209883,0.21397582,0.21209883,-187699,-0.87719725,187699,0.00187699,scheduled subsidy boundary
S4,S4,Idealized 113/114 cap-derived geometric schedule,81480000,21209883,21023831,0.21209883,0.21023831,-186052,-0.87719484,186052,0.00186052,scheduled subsidy boundary
S4,S4,Idealized 113/114 cap-derived geometric schedule,81690000,21023831,20839411,0.21023831,0.20839411,-184420,-0.87719503,184420,0.00184420,scheduled subsidy boundary
S4,S4,Idealized 113/114 cap-derived geometric schedule,81900000,20839411,20656609,0.20839411,0.20656609,-182802,-0.87719370,182802,0.00182802,scheduled subsidy boundary
S4,S4,Idealized 113/114 cap-derived geometric schedule,82110000,20656609,20475410,0.20656609,0.20475410,-181199,-0.87719625,181199,0.00181199,scheduled subsidy boundary
S4,S4,Idealized 113/114 cap-derived geometric schedule,82320000,20475410,20295801,0.20475410,0.20295801,-179609,-0.87719367,179609,0.00179609,scheduled subsidy boundary
S4,S4,Idealized 113/114 cap-derived geometric schedule,82530000,20295801,20117767,0.20295801,0.20117767,-178034,-0.87719622,178034,0.00178034,scheduled subsidy boundary
S4,S4,Idealized 113/114 cap-derived geometric schedule,82740000,20117767,19941295,0.20117767,0.19941295,-176472,-0.87719477,176472,0.00176472,scheduled subsidy boundary
S4,S4,Idealized 113/114 cap-derived geometric schedule,82950000,19941295,19766371,0.19941295,0.19766371,-174924,-0.87719479,174924,0.00174924,scheduled subsidy boundary
S4,S4,Idealized 113/114 cap-derived geometric schedule,83160000,19766371,19592981,0.19766371,0.19592981,-173390,-0.87719693,173390,0.00173390,scheduled subsidy boundary
S4,S4,Idealized 113/114 cap-derived geometric schedule,83370000,19592981,19421112,0.19592981,0.19421112,-171869,-0.87719679,171869,0.00171869,scheduled subsidy boundary
S4,S4,Idealized 113/114 cap-derived geometric schedule,83580000,19421112,19250751,0.19421112,0.19250751,-170361,-0.87719488,170361,0.00170361,scheduled subsidy boundary
S4,S4,Idealized 113/114 cap-derived geometric schedule,83790000,19250751,19081884,0.19250751,0.19081884,-168867,-0.87719695,168867,0.00168867,scheduled subsidy boundary
S4,S4,Idealized 113/114 cap-derived geometric schedule,84000000,19081884,18914499,0.19081884,0.18914499,-167385,-0.87719326,167385,0.00167385,scheduled subsidy boundary
S4,S4,Idealized 113/114 cap-derived geometric schedule,84210000,18914499,18748582,0.18914499,0.18748582,-165917,-0.87719479,165917,0.00165917,scheduled subsidy boundary
S4,S4,Idealized 113/114 cap-derived geometric schedule,84420000,18748582,18584120,0.18748582,0.18584120,-164462,-0.87719701,164462,0.00164462,scheduled subsidy boundary
S4,S4,Idealized 113/114 cap-derived geometric schedule,84630000,18584120,18421101,0.18584120,0.18421101,-163019,-0.87719515,163019,0.00163019,scheduled subsidy boundary
S4,S4,Idealized 113/114 cap-derived geometric schedule,84840000,18421101,18259512,0.18421101,0.18259512,-161589,-0.87719513,161589,0.00161589,scheduled subsidy boundary
S4,S4,Idealized 113/114 cap-derived geometric schedule,85050000,18259512,18099340,0.18259512,0.18099340,-160172,-0.87719759,160172,0.00160172,scheduled subsidy boundary
S4,S4,Idealized 113/114 cap-derived geometric schedule,85260000,18099340,17940573,0.18099340,0.17940573,-158767,-0.87719773,158767,0.00158767,scheduled subsidy boundary
S4,S4,Idealized 113/114 cap-derived geometric schedule,85470000,17940573,17783199,0.17940573,0.17783199,-157374,-0.87719606,157374,0.00157374,scheduled subsidy boundary
S4,S4,Idealized 113/114 cap-derived geometric schedule,85680000,17783199,17627206,0.17783199,0.17627206,-155993,-0.87719313,155993,0.00155993,scheduled subsidy boundary
S4,S4,Idealized 113/114 cap-derived geometric schedule,85890000,17627206,17472581,0.17627206,0.17472581,-154625,-0.87719517,154625,0.00154625,scheduled subsidy boundary
S4,S4,Idealized 113/114 cap-derived geometric schedule,86100000,17472581,17319312,0.17472581,0.17319312,-153269,-0.87719725,153269,0.00153269,scheduled subsidy boundary
S4,S4,Idealized 113/114 cap-derived geometric schedule,86310000,17319312,17167388,0.17319312,0.17167388,-151924,-0.87719420,151924,0.00151924,scheduled subsidy boundary
S4,S4,Idealized 113/114 cap-derived geometric schedule,86520000,17167388,17016796,0.17167388,0.17016796,-150592,-0.87719809,150592,0.00150592,scheduled subsidy boundary
S4,S4,Idealized 113/114 cap-derived geometric schedule,86730000,17016796,16867525,0.17016796,0.16867525,-149271,-0.87719803,149271,0.00149271,scheduled subsidy boundary
S4,S4,Idealized 113/114 cap-derived geometric schedule,86940000,16867525,16719564,0.16867525,0.16719564,-147961,-0.87719449,147961,0.00147961,scheduled subsidy boundary
S4,S4,Idealized 113/114 cap-derived geometric schedule,87150000,16719564,16572901,0.16719564,0.16572901,-146663,-0.87719393,146663,0.00146663,scheduled subsidy boundary
S4,S4,Idealized 113/114 cap-derived geometric schedule,87360000,16572901,16427524,0.16572901,0.16427524,-145377,-0.87719706,145377,0.00145377,scheduled subsidy boundary
S4,S4,Idealized 113/114 cap-derived geometric schedule,87570000,16427524,16283422,0.16427524,0.16283422,-144102,-0.87719854,144102,0.00144102,scheduled subsidy boundary
S4,S4,Idealized 113/114 cap-derived geometric schedule,87780000,16283422,16140584,0.16283422,0.16140584,-142838,-0.87719891,142838,0.00142838,scheduled subsidy boundary
S4,S4,Idealized 113/114 cap-derived geometric schedule,87990000,16140584,15998999,0.16140584,0.15998999,-141585,-0.87719874,141585,0.00141585,scheduled subsidy boundary
S4,S4,Idealized 113/114 cap-derived geometric schedule,88200000,15998999,15858656,0.15998999,0.15858656,-140343,-0.87719863,140343,0.00140343,scheduled subsidy boundary
S4,S4,Idealized 113/114 cap-derived geometric schedule,88410000,15858656,15719544,0.15858656,0.15719544,-139112,-0.87719918,139112,0.00139112,scheduled subsidy boundary
S4,S4,Idealized 113/114 cap-derived geometric schedule,88620000,15719544,15581653,0.15719544,0.15581653,-137891,-0.87719466,137891,0.00137891,scheduled subsidy boundary
S4,S4,Idealized 113/114 cap-derived geometric schedule,88830000,15581653,15444971,0.15581653,0.15444971,-136682,-0.87719833,136682,0.00136682,scheduled subsidy boundary
S4,S4,Idealized 113/114 cap-derived geometric schedule,89040000,15444971,15309488,0.15444971,0.15309488,-135483,-0.87719815,135483,0.00135483,scheduled subsidy boundary
S4,S4,Idealized 113/114 cap-derived geometric schedule,89250000,15309488,15175194,0.15309488,0.15175194,-134294,-0.87719459,134294,0.00134294,scheduled subsidy boundary
S4,S4,Idealized 113/114 cap-derived geometric schedule,89460000,15175194,15042078,0.15175194,0.15042078,-133116,-0.87719472,133116,0.00133116,scheduled subsidy boundary
S4,S4,Idealized 113/114 cap-derived geometric schedule,89670000,15042078,14910129,0.15042078,0.14910129,-131949,-0.87719928,131949,0.00131949,scheduled subsidy boundary
S4,S4,Idealized 113/114 cap-derived geometric schedule,89880000,14910129,14779338,0.14910129,0.14779338,-130791,-0.87719563,130791,0.00130791,scheduled subsidy boundary
S4,S4,Idealized 113/114 cap-derived geometric schedule,90090000,14779338,14649694,0.14779338,0.14649694,-129644,-0.87719761,129644,0.00129644,scheduled subsidy boundary
S4,S4,Idealized 113/114 cap-derived geometric schedule,90300000,14649694,14521187,0.14649694,0.14521187,-128507,-0.87719921,128507,0.00128507,scheduled subsidy boundary
S4,S4,Idealized 113/114 cap-derived geometric schedule,90510000,14521187,14393808,0.14521187,0.14393808,-127379,-0.87719413,127379,0.00127379,scheduled subsidy boundary
S4,S4,Idealized 113/114 cap-derived geometric schedule,90720000,14393808,14267546,0.14393808,0.14267546,-126262,-0.87719664,126262,0.00126262,scheduled subsidy boundary
S4,S4,Idealized 113/114 cap-derived geometric schedule,90930000,14267546,14142392,0.14267546,0.14142392,-125154,-0.87719360,125154,0.00125154,scheduled subsidy boundary
S4,S4,Idealized 113/114 cap-derived geometric schedule,91140000,14142392,14018335,0.14142392,0.14018335,-124057,-0.87719956,124057,0.00124057,scheduled subsidy boundary
S4,S4,Idealized 113/114 cap-derived geometric schedule,91350000,14018335,13895367,0.14018335,0.13895367,-122968,-0.87719405,122968,0.00122968,scheduled subsidy boundary
S4,S4,Idealized 113/114 cap-derived geometric schedule,91560000,13895367,13773477,0.13895367,0.13773477,-121890,-0.87719885,121890,0.00121890,scheduled subsidy boundary
S4,S4,Idealized 113/114 cap-derived geometric schedule,91770000,13773477,13652657,0.13773477,0.13652657,-120820,-0.87719317,120820,0.00120820,scheduled subsidy boundary
S4,S4,Idealized 113/114 cap-derived geometric schedule,91980000,13652657,13532896,0.13652657,0.13532896,-119761,-0.87719921,119761,0.00119761,scheduled subsidy boundary
S4,S4,Idealized 113/114 cap-derived geometric schedule,92190000,13532896,13414186,0.13532896,0.13414186,-118710,-0.87719583,118710,0.00118710,scheduled subsidy boundary
S4,S4,Idealized 113/114 cap-derived geometric schedule,92400000,13414186,13296517,0.13414186,0.13296517,-117669,-0.87719821,117669,0.00117669,scheduled subsidy boundary
S4,S4,Idealized 113/114 cap-derived geometric schedule,92610000,13296517,13179880,0.13296517,0.13179880,-116637,-0.87719965,116637,0.00116637,scheduled subsidy boundary
S4,S4,Idealized 113/114 cap-derived geometric schedule,92820000,13179880,13064267,0.13179880,0.13064267,-115613,-0.87719312,115613,0.00115613,scheduled subsidy boundary
S4,S4,Idealized 113/114 cap-derived geometric schedule,93030000,13064267,12949668,0.13064267,0.12949668,-114599,-0.87719426,114599,0.00114599,scheduled subsidy boundary
S4,S4,Idealized 113/114 cap-derived geometric schedule,93240000,12949668,12836074,0.12949668,0.12836074,-113594,-0.87719623,113594,0.00113594,scheduled subsidy boundary
S4,S4,Idealized 113/114 cap-derived geometric schedule,93450000,12836074,12723476,0.12836074,0.12723476,-112598,-0.87719968,112598,0.00112598,scheduled subsidy boundary
S4,S4,Idealized 113/114 cap-derived geometric schedule,93660000,12723476,12611866,0.12723476,0.12611866,-111610,-0.87719739,111610,0.00111610,scheduled subsidy boundary
S4,S4,Idealized 113/114 cap-derived geometric schedule,93870000,12611866,12501235,0.12611866,0.12501235,-110631,-0.87719771,110631,0.00110631,scheduled subsidy boundary
S4,S4,Idealized 113/114 cap-derived geometric schedule,94080000,12501235,12391575,0.12501235,0.12391575,-109660,-0.87719333,109660,0.00109660,scheduled subsidy boundary
S4,S4,Idealized 113/114 cap-derived geometric schedule,94290000,12391575,12282876,0.12391575,0.12282876,-108699,-0.87720084,108699,0.00108699,scheduled subsidy boundary
S4,S4,Idealized 113/114 cap-derived geometric schedule,94500000,12282876,12175131,0.12282876,0.12175131,-107745,-0.87719684,107745,0.00107745,scheduled subsidy boundary
S4,S4,Idealized 113/114 cap-derived geometric schedule,94710000,12175131,12068331,0.12175131,0.12068331,-106800,-0.87719795,106800,0.00106800,scheduled subsidy boundary
S4,S4,Idealized 113/114 cap-derived geometric schedule,94920000,12068331,11962468,0.12068331,0.11962468,-105863,-0.87719669,105863,0.00105863,scheduled subsidy boundary
S4,S4,Idealized 113/114 cap-derived geometric schedule,95130000,11962468,11857534,0.11962468,0.11857534,-104934,-0.87719357,104934,0.00104934,scheduled subsidy boundary
S4,S4,Idealized 113/114 cap-derived geometric schedule,95340000,11857534,11753520,0.11857534,0.11753520,-104014,-0.87719757,104014,0.00104014,scheduled subsidy boundary
S4,S4,Idealized 113/114 cap-derived geometric schedule,95550000,11753520,11650418,0.11753520,0.11650418,-103102,-0.87720104,103102,0.00103102,scheduled subsidy boundary
S4,S4,Idealized 113/114 cap-derived geometric schedule,95760000,11650418,11548221,0.11650418,0.11548221,-102197,-0.87719599,102197,0.00102197,scheduled subsidy boundary
S4,S4,Idealized 113/114 cap-derived geometric schedule,95970000,11548221,11446920,0.11548221,0.11446920,-101301,-0.87720005,101301,0.00101301,scheduled subsidy boundary
S4,S4,Idealized 113/114 cap-derived geometric schedule,96180000,11446920,11346508,0.11446920,0.11346508,-100412,-0.87719666,100412,0.00100412,scheduled subsidy boundary
S4,S4,Idealized 113/114 cap-derived geometric schedule,96390000,11346508,11246977,0.11346508,0.11246977,-99531,-0.87719499,99531,0.00099531,scheduled subsidy boundary
S4,S4,Idealized 113/114 cap-derived geometric schedule,96600000,11246977,11148319,0.11246977,0.11148319,-98658,-0.87719571,98658,0.00098658,scheduled subsidy boundary
S4,S4,Idealized 113/114 cap-derived geometric schedule,96810000,11148319,11050526,0.11148319,0.11050526,-97793,-0.87719951,97793,0.00097793,scheduled subsidy boundary
S4,S4,Idealized 113/114 cap-derived geometric schedule,97020000,11050526,10953591,0.11050526,0.10953591,-96935,-0.87719806,96935,0.00096935,scheduled subsidy boundary
S4,S4,Idealized 113/114 cap-derived geometric schedule,97230000,10953591,10857506,0.10953591,0.10857506,-96085,-0.87720091,96085,0.00096085,scheduled subsidy boundary
S4,S4,Idealized 113/114 cap-derived geometric schedule,97440000,10857506,10762264,0.10857506,0.10762264,-95242,-0.87719961,95242,0.00095242,scheduled subsidy boundary
S4,S4,Idealized 113/114 cap-derived geometric schedule,97650000,10762264,10667858,0.10762264,0.10667858,-94406,-0.87719461,94406,0.00094406,scheduled subsidy boundary
S4,S4,Idealized 113/114 cap-derived geometric schedule,97860000,10667858,10574280,0.10667858,0.10574280,-93578,-0.87719578,93578,0.00093578,scheduled subsidy boundary
S4,S4,Idealized 113/114 cap-derived geometric schedule,98070000,10574280,10481523,0.10574280,0.10481523,-92757,-0.87719448,92757,0.00092757,scheduled subsidy boundary
S4,S4,Idealized 113/114 cap-derived geometric schedule,98280000,10481523,10389579,0.10481523,0.10389579,-91944,-0.87720077,91944,0.00091944,scheduled subsidy boundary
S4,S4,Idealized 113/114 cap-derived geometric schedule,98490000,10389579,10298442,0.10389579,0.10298442,-91137,-0.87719628,91137,0.00091137,scheduled subsidy boundary
S4,S4,Idealized 113/114 cap-derived geometric schedule,98700000,10298442,10208104,0.10298442,0.10208104,-90338,-0.87720065,90338,0.00090338,scheduled subsidy boundary
S4,S4,Idealized 113/114 cap-derived geometric schedule,98910000,10208104,10118559,0.10208104,0.10118559,-89545,-0.87719522,89545,0.00089545,scheduled subsidy boundary
S4,S4,Idealized 113/114 cap-derived geometric schedule,99120000,10118559,10029799,0.10118559,0.10029799,-88760,-0.87720000,88760,0.00088760,scheduled subsidy boundary
S4,S4,Idealized 113/114 cap-derived geometric schedule,99330000,10029799,9941818,0.10029799,0.09941818,-87981,-0.87719604,87981,0.00087981,scheduled subsidy boundary
S4,S4,Idealized 113/114 cap-derived geometric schedule,99540000,9941818,9854609,0.09941818,0.09854609,-87209,-0.87719369,87209,0.00087209,scheduled subsidy boundary
S4,S4,Idealized 113/114 cap-derived geometric schedule,99750000,9854609,9768165,0.09854609,0.09768165,-86444,-0.87719361,86444,0.00086444,scheduled subsidy boundary
S4,S4,Idealized 113/114 cap-derived geometric schedule,99960000,9768165,9682479,0.09768165,0.09682479,-85686,-0.87719648,85686,0.00085686,scheduled subsidy boundary
S4,S4,Idealized 113/114 cap-derived geometric schedule,100170000,9682479,9597544,0.09682479,0.09597544,-84935,-0.87720304,84935,0.00084935,scheduled subsidy boundary
S4,S4,Idealized 113/114 cap-derived geometric schedule,100380000,9597544,9513355,0.09597544,0.09513355,-84189,-0.87719317,84189,0.00084189,scheduled subsidy boundary
S4,S4,Idealized 113/114 cap-derived geometric schedule,100590000,9513355,9429904,0.09513355,0.09429904,-83451,-0.87719842,83451,0.00083451,scheduled subsidy boundary
S4,S4,Idealized 113/114 cap-derived geometric schedule,100800000,9429904,9347185,0.09429904,0.09347185,-82719,-0.87719875,82719,0.00082719,scheduled subsidy boundary
S4,S4,Idealized 113/114 cap-derived geometric schedule,101010000,9347185,9265192,0.09347185,0.09265192,-81993,-0.87719458,81993,0.00081993,scheduled subsidy boundary
S4,S4,Idealized 113/114 cap-derived geometric schedule,101220000,9265192,9183918,0.09265192,0.09183918,-81274,-0.87719715,81274,0.00081274,scheduled subsidy boundary
S4,S4,Idealized 113/114 cap-derived geometric schedule,101430000,9183918,9103357,0.09183918,0.09103357,-80561,-0.87719642,80561,0.00080561,scheduled subsidy boundary
S4,S4,Idealized 113/114 cap-derived geometric schedule,101640000,9103357,9023502,0.09103357,0.09023502,-79855,-0.87720387,79855,0.00079855,scheduled subsidy boundary
S4,S4,Idealized 113/114 cap-derived geometric schedule,101850000,9023502,8944348,0.09023502,0.08944348,-79154,-0.87719823,79154,0.00079154,scheduled subsidy boundary
S4,S4,Idealized 113/114 cap-derived geometric schedule,102060000,8944348,8865888,0.08944348,0.08865888,-78460,-0.87720201,78460,0.00078460,scheduled subsidy boundary
S4,S4,Idealized 113/114 cap-derived geometric schedule,102270000,8865888,8788117,0.08865888,0.08788117,-77771,-0.87719358,77771,0.00077771,scheduled subsidy boundary
S4,S4,Idealized 113/114 cap-derived geometric schedule,102480000,8788117,8711028,0.08788117,0.08711028,-77089,-0.87719588,77089,0.00077089,scheduled subsidy boundary
S4,S4,Idealized 113/114 cap-derived geometric schedule,102690000,8711028,8634615,0.08711028,0.08634615,-76413,-0.87719842,76413,0.00076413,scheduled subsidy boundary
S4,S4,Idealized 113/114 cap-derived geometric schedule,102900000,8634615,8558872,0.08634615,0.08558872,-75743,-0.87720182,75743,0.00075743,scheduled subsidy boundary
S4,S4,Idealized 113/114 cap-derived geometric schedule,103110000,8558872,8483794,0.08558872,0.08483794,-75078,-0.87719503,75078,0.00075078,scheduled subsidy boundary
S4,S4,Idealized 113/114 cap-derived geometric schedule,103320000,8483794,8409374,0.08483794,0.08409374,-74420,-0.87720187,74420,0.00074420,scheduled subsidy boundary
S4,S4,Idealized 113/114 cap-derived geometric schedule,103530000,8409374,8335607,0.08409374,0.08335607,-73767,-0.87719966,73767,0.00073767,scheduled subsidy boundary
S4,S4,Idealized 113/114 cap-derived geometric schedule,103740000,8335607,8262487,0.08335607,0.08262487,-73120,-0.87720066,73120,0.00073120,scheduled subsidy boundary
S4,S4,Idealized 113/114 cap-derived geometric schedule,103950000,8262487,8190009,0.08262487,0.08190009,-72478,-0.87719351,72478,0.00072478,scheduled subsidy boundary
S4,S4,Idealized 113/114 cap-derived geometric schedule,104160000,8190009,8118166,0.08190009,0.08118166,-71843,-0.87720294,71843,0.00071843,scheduled subsidy boundary
S4,S4,Idealized 113/114 cap-derived geometric schedule,104370000,8118166,8046954,0.08118166,0.08046954,-71212,-0.87719320,71212,0.00071212,scheduled subsidy boundary
S4,S4,Idealized 113/114 cap-derived geometric schedule,104580000,8046954,7976366,0.08046954,0.07976366,-70588,-0.87720149,70588,0.00070588,scheduled subsidy boundary
S4,S4,Idealized 113/114 cap-derived geometric schedule,104790000,7976366,7906397,0.07976366,0.07906397,-69969,-0.87720398,69969,0.00069969,scheduled subsidy boundary
S4,S4,Idealized 113/114 cap-derived geometric schedule,105000000,7906397,7837042,0.07906397,0.07837042,-69355,-0.87720108,69355,0.00069355,scheduled subsidy boundary
S4,S4,Idealized 113/114 cap-derived geometric schedule,105210000,7837042,7768296,0.07837042,0.07768296,-68746,-0.87719321,68746,0.00068746,scheduled subsidy boundary
S4,S4,Idealized 113/114 cap-derived geometric schedule,105420000,7768296,7700153,0.07768296,0.07700153,-68143,-0.87719366,68143,0.00068143,scheduled subsidy boundary
S4,S4,Idealized 113/114 cap-derived geometric schedule,105630000,7700153,7632607,0.07700153,0.07632607,-67546,-0.87720335,67546,0.00067546,scheduled subsidy boundary
S4,S4,Idealized 113/114 cap-derived geometric schedule,105840000,7632607,7565654,0.07632607,0.07565654,-66953,-0.87719700,66953,0.00066953,scheduled subsidy boundary
S4,S4,Idealized 113/114 cap-derived geometric schedule,106050000,7565654,7499288,0.07565654,0.07499288,-66366,-0.87720110,66366,0.00066366,scheduled subsidy boundary
S4,S4,Idealized 113/114 cap-derived geometric schedule,106260000,7499288,7433504,0.07499288,0.07433504,-65784,-0.87720328,65784,0.00065784,scheduled subsidy boundary
S4,S4,Idealized 113/114 cap-derived geometric schedule,106470000,7433504,7368297,0.07433504,0.07368297,-65207,-0.87720407,65207,0.00065207,scheduled subsidy boundary
S4,S4,Idealized 113/114 cap-derived geometric schedule,106680000,7368297,7303662,0.07368297,0.07303662,-64635,-0.87720405,64635,0.00064635,scheduled subsidy boundary
S4,S4,Idealized 113/114 cap-derived geometric schedule,106890000,7303662,7239594,0.07303662,0.07239594,-64068,-0.87720379,64068,0.00064068,scheduled subsidy boundary
S4,S4,Idealized 113/114 cap-derived geometric schedule,107100000,7239594,7176088,0.07239594,0.07176088,-63506,-0.87720389,63506,0.00063506,scheduled subsidy boundary
S4,S4,Idealized 113/114 cap-derived geometric schedule,107310000,7176088,7113139,0.07176088,0.07113139,-62949,-0.87720496,62949,0.00062949,scheduled subsidy boundary
S4,S4,Idealized 113/114 cap-derived geometric schedule,107520000,7113139,7050743,0.07113139,0.07050743,-62396,-0.87719360,62396,0.00062396,scheduled subsidy boundary
S4,S4,Idealized 113/114 cap-derived geometric schedule,107730000,7050743,6988894,0.07050743,0.06988894,-61849,-0.87719833,61849,0.00061849,scheduled subsidy boundary
S4,S4,Idealized 113/114 cap-derived geometric schedule,107940000,6988894,6927587,0.06988894,0.06927587,-61307,-0.87720604,61307,0.00061307,scheduled subsidy boundary
S4,S4,Idealized 113/114 cap-derived geometric schedule,108150000,6927587,6866818,0.06927587,0.06866818,-60769,-0.87720299,60769,0.00060769,scheduled subsidy boundary
S4,S4,Idealized 113/114 cap-derived geometric schedule,108360000,6866818,6806582,0.06866818,0.06806582,-60236,-0.87720397,60236,0.00060236,scheduled subsidy boundary
S4,S4,Idealized 113/114 cap-derived geometric schedule,108570000,6806582,6746875,0.06806582,0.06746875,-59707,-0.87719504,59707,0.00059707,scheduled subsidy boundary
S4,S4,Idealized 113/114 cap-derived geometric schedule,108780000,6746875,6687691,0.06746875,0.06687691,-59184,-0.87720611,59184,0.00059184,scheduled subsidy boundary
S4,S4,Idealized 113/114 cap-derived geometric schedule,108990000,6687691,6629027,0.06687691,0.06629027,-58664,-0.87719364,58664,0.00058664,scheduled subsidy boundary
S4,S4,Idealized 113/114 cap-derived geometric schedule,109200000,6629027,6570877,0.06629027,0.06570877,-58150,-0.87720264,58150,0.00058150,scheduled subsidy boundary
S4,S4,Idealized 113/114 cap-derived geometric schedule,109410000,6570877,6513237,0.06570877,0.06513237,-57640,-0.87720406,57640,0.00057640,scheduled subsidy boundary
S4,S4,Idealized 113/114 cap-derived geometric schedule,109620000,6513237,6456103,0.06513237,0.06456103,-57134,-0.87719823,57134,0.00057134,scheduled subsidy boundary
S4,S4,Idealized 113/114 cap-derived geometric schedule,109830000,6456103,6399470,0.06456103,0.06399470,-56633,-0.87720100,56633,0.00056633,scheduled subsidy boundary
S4,S4,Idealized 113/114 cap-derived geometric schedule,110040000,6399470,6343334,0.06399470,0.06343334,-56136,-0.87719764,56136,0.00056136,scheduled subsidy boundary
S4,S4,Idealized 113/114 cap-derived geometric schedule,110250000,6343334,6287690,0.06343334,0.06287690,-55644,-0.87720432,55644,0.00055644,scheduled subsidy boundary
S4,S4,Idealized 113/114 cap-derived geometric schedule,110460000,6287690,6232534,0.06287690,0.06232534,-55156,-0.87720610,55156,0.00055156,scheduled subsidy boundary
S4,S4,Idealized 113/114 cap-derived geometric schedule,110670000,6232534,6177862,0.06232534,0.06177862,-54672,-0.87720340,54672,0.00054672,scheduled subsidy boundary
S4,S4,Idealized 113/114 cap-derived geometric schedule,110880000,6177862,6123670,0.06177862,0.06123670,-54192,-0.87719667,54192,0.00054192,scheduled subsidy boundary
S4,S4,Idealized 113/114 cap-derived geometric schedule,111090000,6123670,6069953,0.06123670,0.06069953,-53717,-0.87720272,53717,0.00053717,scheduled subsidy boundary
S4,S4,Idealized 113/114 cap-derived geometric schedule,111300000,6069953,6016707,0.06069953,0.06016707,-53246,-0.87720613,53246,0.00053246,scheduled subsidy boundary
S4,S4,Idealized 113/114 cap-derived geometric schedule,111510000,6016707,5963928,0.06016707,0.05963928,-52779,-0.87720742,52779,0.00052779,scheduled subsidy boundary
S4,S4,Idealized 113/114 cap-derived geometric schedule,111720000,5963928,5911612,0.05963928,0.05911612,-52316,-0.87720710,52316,0.00052316,scheduled subsidy boundary
S4,S4,Idealized 113/114 cap-derived geometric schedule,111930000,5911612,5859755,0.05911612,0.05859755,-51857,-0.87720574,51857,0.00051857,scheduled subsidy boundary
S4,S4,Idealized 113/114 cap-derived geometric schedule,112140000,5859755,5808353,0.05859755,0.05808353,-51402,-0.87720391,51402,0.00051402,scheduled subsidy boundary
S4,S4,Idealized 113/114 cap-derived geometric schedule,112350000,5808353,5757402,0.05808353,0.05757402,-50951,-0.87720219,50951,0.00050951,scheduled subsidy boundary
S4,S4,Idealized 113/114 cap-derived geometric schedule,112560000,5757402,5706898,0.05757402,0.05706898,-50504,-0.87720121,50504,0.00050504,scheduled subsidy boundary
S4,S4,Idealized 113/114 cap-derived geometric schedule,112770000,5706898,5656837,0.05706898,0.05656837,-50061,-0.87720159,50061,0.00050061,scheduled subsidy boundary
S4,S4,Idealized 113/114 cap-derived geometric schedule,112980000,5656837,5607215,0.05656837,0.05607215,-49622,-0.87720399,49622,0.00049622,scheduled subsidy boundary
S4,S4,Idealized 113/114 cap-derived geometric schedule,113190000,5607215,5558028,0.05607215,0.05558028,-49187,-0.87720910,49187,0.00049187,scheduled subsidy boundary
S4,S4,Idealized 113/114 cap-derived geometric schedule,113400000,5558028,5509273,0.05558028,0.05509273,-48755,-0.87719961,48755,0.00048755,scheduled subsidy boundary
S4,S4,Idealized 113/114 cap-derived geometric schedule,113610000,5509273,5460946,0.05509273,0.05460946,-48327,-0.87719378,48327,0.00048327,scheduled subsidy boundary
S4,S4,Idealized 113/114 cap-derived geometric schedule,113820000,5460946,5413042,0.05460946,0.05413042,-47904,-0.87721065,47904,0.00047904,scheduled subsidy boundary
S4,S4,Idealized 113/114 cap-derived geometric schedule,114030000,5413042,5365559,0.05413042,0.05365559,-47483,-0.87719622,47483,0.00047483,scheduled subsidy boundary
S4,S4,Idealized 113/114 cap-derived geometric schedule,114240000,5365559,5318492,0.05365559,0.05318492,-47067,-0.87720590,47067,0.00047067,scheduled subsidy boundary
S4,S4,Idealized 113/114 cap-derived geometric schedule,114450000,5318492,5271838,0.05318492,0.05271838,-46654,-0.87720354,46654,0.00046654,scheduled subsidy boundary
S4,S4,Idealized 113/114 cap-derived geometric schedule,114660000,5271838,5225593,0.05271838,0.05225593,-46245,-0.87720829,46245,0.00046245,scheduled subsidy boundary
S4,S4,Idealized 113/114 cap-derived geometric schedule,114870000,5225593,5179754,0.05225593,0.05179754,-45839,-0.87720188,45839,0.00045839,scheduled subsidy boundary
S4,S4,Idealized 113/114 cap-derived geometric schedule,115080000,5179754,5134317,0.05179754,0.05134317,-45437,-0.87720382,45437,0.00045437,scheduled subsidy boundary
S4,S4,Idealized 113/114 cap-derived geometric schedule,115290000,5134317,5089279,0.05134317,0.05089279,-45038,-0.87719555,45038,0.00045038,scheduled subsidy boundary
S4,S4,Idealized 113/114 cap-derived geometric schedule,115500000,5089279,5044636,0.05089279,0.05044636,-44643,-0.87719695,44643,0.00044643,scheduled subsidy boundary
S4,S4,Idealized 113/114 cap-derived geometric schedule,115710000,5044636,5000384,0.05044636,0.05000384,-44252,-0.87720898,44252,0.00044252,scheduled subsidy boundary
S4,S4,Idealized 113/114 cap-derived geometric schedule,115920000,5000384,4956520,0.05000384,0.04956520,-43864,-0.87721263,43864,0.00043864,scheduled subsidy boundary
S4,S4,Idealized 113/114 cap-derived geometric schedule,116130000,4956520,4913041,0.04956520,0.04913041,-43479,-0.87720820,43479,0.00043479,scheduled subsidy boundary
S4,S4,Idealized 113/114 cap-derived geometric schedule,116340000,4913041,4869944,0.04913041,0.04869944,-43097,-0.87719602,43097,0.00043097,scheduled subsidy boundary
S4,S4,Idealized 113/114 cap-derived geometric schedule,116550000,4869944,4827225,0.04869944,0.04827225,-42719,-0.87719695,42719,0.00042719,scheduled subsidy boundary
S4,S4,Idealized 113/114 cap-derived geometric schedule,116760000,4827225,4784880,0.04827225,0.04784880,-42345,-0.87721206,42345,0.00042345,scheduled subsidy boundary
S4,S4,Idealized 113/114 cap-derived geometric schedule,116970000,4784880,4742907,0.04784880,0.04742907,-41973,-0.87720068,41973,0.00041973,scheduled subsidy boundary
S4,S4,Idealized 113/114 cap-derived geometric schedule,117180000,4742907,4701302,0.04742907,0.04701302,-41605,-0.87720463,41605,0.00041605,scheduled subsidy boundary
S4,S4,Idealized 113/114 cap-derived geometric schedule,117390000,4701302,4660062,0.04701302,0.04660062,-41240,-0.87720380,41240,0.00041240,scheduled subsidy boundary
S4,S4,Idealized 113/114 cap-derived geometric schedule,117600000,4660062,4619184,0.04660062,0.04619184,-40878,-0.87719863,40878,0.00040878,scheduled subsidy boundary
S4,S4,Idealized 113/114 cap-derived geometric schedule,117810000,4619184,4578664,0.04619184,0.04578664,-40520,-0.87721121,40520,0.00040520,scheduled subsidy boundary
S4,S4,Idealized 113/114 cap-derived geometric schedule,118020000,4578664,4538500,0.04578664,0.04538500,-40164,-0.87719911,40164,0.00040164,scheduled subsidy boundary
S4,S4,Idealized 113/114 cap-derived geometric schedule,118230000,4538500,4498688,0.04538500,0.04498688,-39812,-0.87720613,39812,0.00039812,scheduled subsidy boundary
S4,S4,Idealized 113/114 cap-derived geometric schedule,118440000,4498688,4459225,0.04498688,0.04459225,-39463,-0.87721131,39463,0.00039463,scheduled subsidy boundary
S4,S4,Idealized 113/114 cap-derived geometric schedule,118650000,4459225,4420108,0.04459225,0.04420108,-39117,-0.87721521,39117,0.00039117,scheduled subsidy boundary
S4,S4,Idealized 113/114 cap-derived geometric schedule,118860000,4420108,4381335,0.04420108,0.04381335,-38773,-0.87719576,38773,0.00038773,scheduled subsidy boundary
S4,S4,Idealized 113/114 cap-derived geometric schedule,119070000,4381335,4342902,0.04381335,0.04342902,-38433,-0.87719839,38433,0.00038433,scheduled subsidy boundary
S4,S4,Idealized 113/114 cap-derived geometric schedule,119280000,4342902,4304806,0.04342902,0.04304806,-38096,-0.87720147,38096,0.00038096,scheduled subsidy boundary
S4,S4,Idealized 113/114 cap-derived geometric schedule,119490000,4304806,4267044,0.04304806,0.04267044,-37762,-0.87720562,37762,0.00037762,scheduled subsidy boundary
S4,S4,Idealized 113/114 cap-derived geometric schedule,119700000,4267044,4229613,0.04267044,0.04229613,-37431,-0.87721148,37431,0.00037431,scheduled subsidy boundary
S4,S4,Idealized 113/114 cap-derived geometric schedule,119910000,4229613,4192511,0.04229613,0.04192511,-37102,-0.87719609,37102,0.00037102,scheduled subsidy boundary
S4,S4,Idealized 113/114 cap-derived geometric schedule,120120000,4192511,4155734,0.04192511,0.04155734,-36777,-0.87720700,36777,0.00036777,scheduled subsidy boundary
S4,S4,Idealized 113/114 cap-derived geometric schedule,120330000,4155734,4119280,0.04155734,0.04119280,-36454,-0.87719763,36454,0.00036454,scheduled subsidy boundary
S4,S4,Idealized 113/114 cap-derived geometric schedule,120540000,4119280,4083145,0.04119280,0.04083145,-36135,-0.87721641,36135,0.00036135,scheduled subsidy boundary
S4,S4,Idealized 113/114 cap-derived geometric schedule,120750000,4083145,4047327,0.04083145,0.04047327,-35818,-0.87721597,35818,0.00035818,scheduled subsidy boundary
S4,S4,Idealized 113/114 cap-derived geometric schedule,120960000,4047327,4011824,0.04047327,0.04011824,-35503,-0.87719623,35503,0.00035503,scheduled subsidy boundary
S4,S4,Idealized 113/114 cap-derived geometric schedule,121170000,4011824,3976632,0.04011824,0.03976632,-35192,-0.87720698,35192,0.00035192,scheduled subsidy boundary
S4,S4,Idealized 113/114 cap-derived geometric schedule,121380000,3976632,3941749,0.03976632,0.03941749,-34883,-0.87719960,34883,0.00034883,scheduled subsidy boundary
S4,S4,Idealized 113/114 cap-derived geometric schedule,121590000,3941749,3907172,0.03941749,0.03907172,-34577,-0.87719944,34577,0.00034577,scheduled subsidy boundary
S4,S4,Idealized 113/114 cap-derived geometric schedule,121800000,3907172,3872898,0.03907172,0.03872898,-34274,-0.87720735,34274,0.00034274,scheduled subsidy boundary
S4,S4,Idealized 113/114 cap-derived geometric schedule,122010000,3872898,3838925,0.03872898,0.03838925,-33973,-0.87719842,33973,0.00033973,scheduled subsidy boundary
S4,S4,Idealized 113/114 cap-derived geometric schedule,122220000,3838925,3805250,0.03838925,0.03805250,-33675,-0.87719869,33675,0.00033675,scheduled subsidy boundary
S4,S4,Idealized 113/114 cap-derived geometric schedule,122430000,3805250,3771870,0.03805250,0.03771870,-33380,-0.87720912,33380,0.00033380,scheduled subsidy boundary
S4,S4,Idealized 113/114 cap-derived geometric schedule,122640000,3771870,3738783,0.03771870,0.03738783,-33087,-0.87720415,33087,0.00033087,scheduled subsidy boundary
S4,S4,Idealized 113/114 cap-derived geometric schedule,122850000,3738783,3705986,0.03738783,0.03705986,-32797,-0.87721058,32797,0.00032797,scheduled subsidy boundary
S4,S4,Idealized 113/114 cap-derived geometric schedule,123060000,3705986,3673477,0.03705986,0.03673477,-32509,-0.87720245,32509,0.00032509,scheduled subsidy boundary
S4,S4,Idealized 113/114 cap-derived geometric schedule,123270000,3673477,3641253,0.03673477,0.03641253,-32224,-0.87720707,32224,0.00032224,scheduled subsidy boundary
S4,S4,Idealized 113/114 cap-derived geometric schedule,123480000,3641253,3609312,0.03641253,0.03609312,-31941,-0.87719804,31941,0.00031941,scheduled subsidy boundary
S4,S4,Idealized 113/114 cap-derived geometric schedule,123690000,3609312,3577651,0.03609312,0.03577651,-31661,-0.87720319,31661,0.00031661,scheduled subsidy boundary
S4,S4,Idealized 113/114 cap-derived geometric schedule,123900000,3577651,3546268,0.03577651,0.03546268,-31383,-0.87719568,31383,0.00031383,scheduled subsidy boundary
S4,S4,Idealized 113/114 cap-derived geometric schedule,124110000,3546268,3515160,0.03546268,0.03515160,-31108,-0.87720387,31108,0.00031108,scheduled subsidy boundary
S4,S4,Idealized 113/114 cap-derived geometric schedule,124320000,3515160,3484325,0.03515160,0.03484325,-30835,-0.87720047,30835,0.00030835,scheduled subsidy boundary
S4,S4,Idealized 113/114 cap-derived geometric schedule,124530000,3484325,3453760,0.03484325,0.03453760,-30565,-0.87721438,30565,0.00030565,scheduled subsidy boundary
S4,S4,Idealized 113/114 cap-derived geometric schedule,124740000,3453760,3423463,0.03453760,0.03423463,-30297,-0.87721787,30297,0.00030297,scheduled subsidy boundary
S4,S4,Idealized 113/114 cap-derived geometric schedule,124950000,3423463,3393432,0.03423463,0.03393432,-30031,-0.87721117,30031,0.00030031,scheduled subsidy boundary
S4,S4,Idealized 113/114 cap-derived geometric schedule,125160000,3393432,3363665,0.03393432,0.03363665,-29767,-0.87719453,29767,0.00029767,scheduled subsidy boundary
S4,S4,Idealized 113/114 cap-derived geometric schedule,125370000,3363665,3334159,0.03363665,0.03334159,-29506,-0.87719794,29506,0.00029506,scheduled subsidy boundary
S4,S4,Idealized 113/114 cap-derived geometric schedule,125580000,3334159,3304911,0.03334159,0.03304911,-29248,-0.87722271,29248,0.00029248,scheduled subsidy boundary
S4,S4,Idealized 113/114 cap-derived geometric schedule,125790000,3304911,3275920,0.03304911,0.03275920,-28991,-0.87720970,28991,0.00028991,scheduled subsidy boundary
S4,S4,Idealized 113/114 cap-derived geometric schedule,126000000,3275920,3247183,0.03275920,0.03247183,-28737,-0.87721922,28737,0.00028737,scheduled subsidy boundary
S4,S4,Idealized 113/114 cap-derived geometric schedule,126210000,3247183,3218698,0.03247183,0.03218698,-28485,-0.87722189,28485,0.00028485,scheduled subsidy boundary
S4,S4,Idealized 113/114 cap-derived geometric schedule,126420000,3218698,3190463,0.03218698,0.03190463,-28235,-0.87721806,28235,0.00028235,scheduled subsidy boundary
S4,S4,Idealized 113/114 cap-derived geometric schedule,126630000,3190463,3162476,0.03190463,0.03162476,-27987,-0.87720810,27987,0.00027987,scheduled subsidy boundary
S4,S4,Idealized 113/114 cap-derived geometric schedule,126840000,3162476,3134734,0.03162476,0.03134734,-27742,-0.87722405,27742,0.00027742,scheduled subsidy boundary
S4,S4,Idealized 113/114 cap-derived geometric schedule,127050000,3134734,3107236,0.03134734,0.03107236,-27498,-0.87720362,27498,0.00027498,scheduled subsidy boundary
S4,S4,Idealized 113/114 cap-derived geometric schedule,127260000,3107236,3079979,0.03107236,0.03079979,-27257,-0.87721049,27257,0.00027257,scheduled subsidy boundary
S4,S4,Idealized 113/114 cap-derived geometric schedule,127470000,3079979,3052961,0.03079979,0.03052961,-27018,-0.87721377,27018,0.00027018,scheduled subsidy boundary
S4,S4,Idealized 113/114 cap-derived geometric schedule,127680000,3052961,3026180,0.03052961,0.03026180,-26781,-0.87721396,26781,0.00026781,scheduled subsidy boundary
S4,S4,Idealized 113/114 cap-derived geometric schedule,127890000,3026180,2999634,0.03026180,0.02999634,-26546,-0.87721153,26546,0.00026546,scheduled subsidy boundary
S4,S4,Idealized 113/114 cap-derived geometric schedule,128100000,2999634,2973321,0.02999634,0.02973321,-26313,-0.87720702,26313,0.00026313,scheduled subsidy boundary
S4,S4,Idealized 113/114 cap-derived geometric schedule,128310000,2973321,2947239,0.02973321,0.02947239,-26082,-0.87720095,26082,0.00026082,scheduled subsidy boundary
S4,S4,Idealized 113/114 cap-derived geometric schedule,128520000,2947239,2921386,0.02947239,0.02921386,-25853,-0.87719388,25853,0.00025853,scheduled subsidy boundary
S4,S4,Idealized 113/114 cap-derived geometric schedule,128730000,2921386,2895759,0.02921386,0.02895759,-25627,-0.87722061,25627,0.00025627,scheduled subsidy boundary
S4,S4,Idealized 113/114 cap-derived geometric schedule,128940000,2895759,2870357,0.02895759,0.02870357,-25402,-0.87721388,25402,0.00025402,scheduled subsidy boundary
S4,S4,Idealized 113/114 cap-derived geometric schedule,129150000,2870357,2845178,0.02870357,0.02845178,-25179,-0.87720796,25179,0.00025179,scheduled subsidy boundary
S4,S4,Idealized 113/114 cap-derived geometric schedule,129360000,2845178,2820220,0.02845178,0.02820220,-24958,-0.87720346,24958,0.00024958,scheduled subsidy boundary
S4,S4,Idealized 113/114 cap-derived geometric schedule,129570000,2820220,2795481,0.02820220,0.02795481,-24739,-0.87720107,24739,0.00024739,scheduled subsidy boundary
S4,S4,Idealized 113/114 cap-derived geometric schedule,129780000,2795481,2770959,0.02795481,0.02770959,-24522,-0.87720145,24522,0.00024522,scheduled subsidy boundary
S4,S4,Idealized 113/114 cap-derived geometric schedule,129990000,2770959,2746652,0.02770959,0.02746652,-24307,-0.87720533,24307,0.00024307,scheduled subsidy boundary
S4,S4,Idealized 113/114 cap-derived geometric schedule,130200000,2746652,2722558,0.02746652,0.02722558,-24094,-0.87721342,24094,0.00024094,scheduled subsidy boundary
S4,S4,Idealized 113/114 cap-derived geometric schedule,130410000,2722558,2698675,0.02722558,0.02698675,-23883,-0.87722649,23883,0.00023883,scheduled subsidy boundary
S4,S4,Idealized 113/114 cap-derived geometric schedule,130620000,2698675,2675002,0.02698675,0.02675002,-23673,-0.87720826,23673,0.00023673,scheduled subsidy boundary
S4,S4,Idealized 113/114 cap-derived geometric schedule,130830000,2675002,2651537,0.02675002,0.02651537,-23465,-0.87719561,23465,0.00023465,scheduled subsidy boundary
S4,S4,Idealized 113/114 cap-derived geometric schedule,131040000,2651537,2628277,0.02651537,0.02628277,-23260,-0.87722706,23260,0.00023260,scheduled subsidy boundary
S4,S4,Idealized 113/114 cap-derived geometric schedule,131250000,2628277,2605221,0.02628277,0.02605221,-23056,-0.87722869,23056,0.00023056,scheduled subsidy boundary
S4,S4,Idealized 113/114 cap-derived geometric schedule,131460000,2605221,2582368,0.02605221,0.02582368,-22853,-0.87720005,22853,0.00022853,scheduled subsidy boundary
S4,S4,Idealized 113/114 cap-derived geometric schedule,131670000,2582368,2559715,0.02582368,0.02559715,-22653,-0.87721812,22653,0.00022653,scheduled subsidy boundary
S4,S4,Idealized 113/114 cap-derived geometric schedule,131880000,2559715,2537261,0.02559715,0.02537261,-22454,-0.87720703,22454,0.00022454,scheduled subsidy boundary
S4,S4,Idealized 113/114 cap-derived geometric schedule,132090000,2537261,2515004,0.02537261,0.02515004,-22257,-0.87720577,22257,0.00022257,scheduled subsidy boundary
S4,S4,Idealized 113/114 cap-derived geometric schedule,132300000,2515004,2492942,0.02515004,0.02492942,-22062,-0.87721530,22062,0.00022062,scheduled subsidy boundary
S4,S4,Idealized 113/114 cap-derived geometric schedule,132510000,2492942,2471074,0.02492942,0.02471074,-21868,-0.87719650,21868,0.00021868,scheduled subsidy boundary
S4,S4,Idealized 113/114 cap-derived geometric schedule,132720000,2471074,2449397,0.02471074,0.02449397,-21677,-0.87722990,21677,0.00021677,scheduled subsidy boundary
S4,S4,Idealized 113/114 cap-derived geometric schedule,132930000,2449397,2427911,0.02449397,0.02427911,-21486,-0.87719549,21486,0.00021486,scheduled subsidy boundary
S4,S4,Idealized 113/114 cap-derived geometric schedule,133140000,2427911,2406613,0.02427911,0.02406613,-21298,-0.87721502,21298,0.00021298,scheduled subsidy boundary
S4,S4,Idealized 113/114 cap-derived geometric schedule,133350000,2406613,2385502,0.02406613,0.02385502,-21111,-0.87720793,21111,0.00021111,scheduled subsidy boundary
S4,S4,Idealized 113/114 cap-derived geometric schedule,133560000,2385502,2364576,0.02385502,0.02364576,-20926,-0.87721578,20926,0.00020926,scheduled subsidy boundary
S4,S4,Idealized 113/114 cap-derived geometric schedule,133770000,2364576,2343834,0.02364576,0.02343834,-20742,-0.87719743,20742,0.00020742,scheduled subsidy boundary
S4,S4,Idealized 113/114 cap-derived geometric schedule,133980000,2343834,2323274,0.02343834,0.02323274,-20560,-0.87719523,20560,0.00020560,scheduled subsidy boundary
S4,S4,Idealized 113/114 cap-derived geometric schedule,134190000,2323274,2302894,0.02323274,0.02302894,-20380,-0.87721035,20380,0.00020380,scheduled subsidy boundary
S4,S4,Idealized 113/114 cap-derived geometric schedule,134400000,2302894,2282693,0.02302894,0.02282693,-20201,-0.87720060,20201,0.00020201,scheduled subsidy boundary
S4,S4,Idealized 113/114 cap-derived geometric schedule,134610000,2282693,2262669,0.02282693,0.02262669,-20024,-0.87720951,20024,0.00020024,scheduled subsidy boundary
S4,S4,Idealized 113/114 cap-derived geometric schedule,134820000,2262669,2242821,0.02262669,0.02242821,-19848,-0.87719415,19848,0.00019848,scheduled subsidy boundary
S4,S4,Idealized 113/114 cap-derived geometric schedule,135030000,2242821,2223147,0.02242821,0.02223147,-19674,-0.87719885,19674,0.00019674,scheduled subsidy boundary
S4,S4,Idealized 113/114 cap-derived geometric schedule,135240000,2223147,2203645,0.02223147,0.02203645,-19502,-0.87722494,19502,0.00019502,scheduled subsidy boundary
S4,S4,Idealized 113/114 cap-derived geometric schedule,135450000,2203645,2184314,0.02203645,0.02184314,-19331,-0.87722841,19331,0.00019331,scheduled subsidy boundary
S4,S4,Idealized 113/114 cap-derived geometric schedule,135660000,2184314,2165153,0.02184314,0.02165153,-19161,-0.87720905,19161,0.00019161,scheduled subsidy boundary
S4,S4,Idealized 113/114 cap-derived geometric schedule,135870000,2165153,2146160,0.02165153,0.02146160,-18993,-0.87721283,18993,0.00018993,scheduled subsidy boundary
S4,S4,Idealized 113/114 cap-derived geometric schedule,136080000,2146160,2127334,0.02146160,0.02127334,-18826,-0.87719462,18826,0.00018826,scheduled subsidy boundary
S4,S4,Idealized 113/114 cap-derived geometric schedule,136290000,2127334,2108673,0.02127334,0.02108673,-18661,-0.87720123,18661,0.00018661,scheduled subsidy boundary
S4,S4,Idealized 113/114 cap-derived geometric schedule,136500000,2108673,2090175,0.02108673,0.02090175,-18498,-0.87723417,18498,0.00018498,scheduled subsidy boundary
S4,S4,Idealized 113/114 cap-derived geometric schedule,136710000,2090175,2071840,0.02090175,0.02071840,-18335,-0.87719928,18335,0.00018335,scheduled subsidy boundary
S4,S4,Idealized 113/114 cap-derived geometric schedule,136920000,2071840,2053665,0.02071840,0.02053665,-18175,-0.87723956,18175,0.00018175,scheduled subsidy boundary
S4,S4,Idealized 113/114 cap-derived geometric schedule,137130000,2053665,2035650,0.02053665,0.02035650,-18015,-0.87721220,18015,0.00018015,scheduled subsidy boundary
S4,S4,Idealized 113/114 cap-derived geometric schedule,137340000,2035650,2017793,0.02035650,0.02017793,-17857,-0.87721367,17857,0.00017857,scheduled subsidy boundary
S4,S4,Idealized 113/114 cap-derived geometric schedule,137550000,2017793,2000093,0.02017793,0.02000093,-17700,-0.87719603,17700,0.00017700,scheduled subsidy boundary
S4,S4,Idealized 113/114 cap-derived geometric schedule,137760000,2000093,1982548,0.02000093,0.01982548,-17545,-0.87720921,17545,0.00017545,scheduled subsidy boundary
S4,S4,Idealized 113/114 cap-derived geometric schedule,137970000,1982548,1965157,0.01982548,0.01965157,-17391,-0.87720449,17391,0.00017391,scheduled subsidy boundary
S4,S4,Idealized 113/114 cap-derived geometric schedule,138180000,1965157,1947918,0.01965157,0.01947918,-17239,-0.87723271,17239,0.00017239,scheduled subsidy boundary
S4,S4,Idealized 113/114 cap-derived geometric schedule,138390000,1947918,1930831,0.01947918,0.01930831,-17087,-0.87719298,17087,0.00017087,scheduled subsidy boundary
S4,S4,Idealized 113/114 cap-derived geometric schedule,138600000,1930831,1913893,0.01930831,0.01913893,-16938,-0.87723887,16938,0.00016938,scheduled subsidy boundary
S4,S4,Idealized 113/114 cap-derived geometric schedule,138810000,1913893,1897104,0.01913893,0.01897104,-16789,-0.87721727,16789,0.00016789,scheduled subsidy boundary
S4,S4,Idealized 113/114 cap-derived geometric schedule,139020000,1897104,1880462,0.01897104,0.01880462,-16642,-0.87723182,16642,0.00016642,scheduled subsidy boundary
S4,S4,Idealized 113/114 cap-derived geometric schedule,139230000,1880462,1863966,0.01880462,0.01863966,-16496,-0.87723123,16496,0.00016496,scheduled subsidy boundary
S4,S4,Idealized 113/114 cap-derived geometric schedule,139440000,1863966,1847615,0.01863966,0.01847615,-16351,-0.87721557,16351,0.00016351,scheduled subsidy boundary
S4,S4,Idealized 113/114 cap-derived geometric schedule,139650000,1847615,1831407,0.01847615,0.01831407,-16208,-0.87723904,16208,0.00016208,scheduled subsidy boundary
S4,S4,Idealized 113/114 cap-derived geometric schedule,139860000,1831407,1815342,0.01831407,0.01815342,-16065,-0.87719442,16065,0.00016065,scheduled subsidy boundary
S4,S4,Idealized 113/114 cap-derived geometric schedule,140070000,1815342,1799417,0.01815342,0.01799417,-15925,-0.87724517,15925,0.00015925,scheduled subsidy boundary
S4,S4,Idealized 113/114 cap-derived geometric schedule,140280000,1799417,1783632,0.01799417,0.01783632,-15785,-0.87722857,15785,0.00015785,scheduled subsidy boundary
S4,S4,Idealized 113/114 cap-derived geometric schedule,140490000,1783632,1767986,0.01783632,0.01767986,-15646,-0.87719888,15646,0.00015646,scheduled subsidy boundary
S4,S4,Idealized 113/114 cap-derived geometric schedule,140700000,1767986,1752477,0.01767986,0.01752477,-15509,-0.87721283,15509,0.00015509,scheduled subsidy boundary
S4,S4,Idealized 113/114 cap-derived geometric schedule,140910000,1752477,1737104,0.01752477,0.01737104,-15373,-0.87721551,15373,0.00015373,scheduled subsidy boundary
S4,S4,Idealized 113/114 cap-derived geometric schedule,141120000,1737104,1721866,0.01737104,0.01721866,-15238,-0.87720712,15238,0.00015238,scheduled subsidy boundary
S4,S4,Idealized 113/114 cap-derived geometric schedule,141330000,1721866,1706761,0.01721866,0.01706761,-15105,-0.87724596,15105,0.00015105,scheduled subsidy boundary
S4,S4,Idealized 113/114 cap-derived geometric schedule,141540000,1706761,1691789,0.01706761,0.01691789,-14972,-0.87721714,14972,0.00014972,scheduled subsidy boundary
S4,S4,Idealized 113/114 cap-derived geometric schedule,141750000,1691789,1676948,0.01691789,0.01676948,-14841,-0.87723705,14841,0.00014841,scheduled subsidy boundary
S4,S4,Idealized 113/114 cap-derived geometric schedule,141960000,1676948,1662237,0.01676948,0.01662237,-14711,-0.87724843,14711,0.00014711,scheduled subsidy boundary
S4,S4,Idealized 113/114 cap-derived geometric schedule,142170000,1662237,1647655,0.01662237,0.01647655,-14582,-0.87725156,14582,0.00014582,scheduled subsidy boundary
S4,S4,Idealized 113/114 cap-derived geometric schedule,142380000,1647655,1633201,0.01647655,0.01633201,-14454,-0.87724675,14454,0.00014454,scheduled subsidy boundary
S4,S4,Idealized 113/114 cap-derived geometric schedule,142590000,1633201,1618874,0.01633201,0.01618874,-14327,-0.87723434,14327,0.00014327,scheduled subsidy boundary
S4,S4,Idealized 113/114 cap-derived geometric schedule,142800000,1618874,1604673,0.01618874,0.01604673,-14201,-0.87721466,14201,0.00014201,scheduled subsidy boundary
S4,S4,Idealized 113/114 cap-derived geometric schedule,143010000,1604673,1590596,0.01604673,0.01590596,-14077,-0.87725038,14077,0.00014077,scheduled subsidy boundary
S4,S4,Idealized 113/114 cap-derived geometric schedule,143220000,1590596,1576643,0.01590596,0.01576643,-13953,-0.87721835,13953,0.00013953,scheduled subsidy boundary
S4,S4,Idealized 113/114 cap-derived geometric schedule,143430000,1576643,1562812,0.01576643,0.01562812,-13831,-0.87724361,13831,0.00013831,scheduled subsidy boundary
S4,S4,Idealized 113/114 cap-derived geometric schedule,143640000,1562812,1549103,0.01562812,0.01549103,-13709,-0.87720084,13709,0.00013709,scheduled subsidy boundary
S4,S4,Idealized 113/114 cap-derived geometric schedule,143850000,1549103,1535514,0.01549103,0.01535514,-13589,-0.87721733,13589,0.00013589,scheduled subsidy boundary
S4,S4,Idealized 113/114 cap-derived geometric schedule,144060000,1535514,1522044,0.01535514,0.01522044,-13470,-0.87723069,13470,0.00013470,scheduled subsidy boundary
S4,S4,Idealized 113/114 cap-derived geometric schedule,144270000,1522044,1508692,0.01522044,0.01508692,-13352,-0.87724139,13352,0.00013352,scheduled subsidy boundary
S4,S4,Idealized 113/114 cap-derived geometric schedule,144480000,1508692,1495457,0.01508692,0.01495457,-13235,-0.87724996,13235,0.00013235,scheduled subsidy boundary
S4,S4,Idealized 113/114 cap-derived geometric schedule,144690000,1495457,1482338,0.01495457,0.01482338,-13119,-0.87725692,13119,0.00013119,scheduled subsidy boundary
S4,S4,Idealized 113/114 cap-derived geometric schedule,144900000,1482338,1469335,0.01482338,0.01469335,-13003,-0.87719535,13003,0.00013003,scheduled subsidy boundary
S4,S4,Idealized 113/114 cap-derived geometric schedule,145110000,1469335,1456446,0.01469335,0.01456446,-12889,-0.87719955,12889,0.00012889,scheduled subsidy boundary
S4,S4,Idealized 113/114 cap-derived geometric schedule,145320000,1456446,1443670,0.01456446,0.01443670,-12776,-0.87720382,12776,0.00012776,scheduled subsidy boundary
S4,S4,Idealized 113/114 cap-derived geometric schedule,145530000,1443670,1431006,0.01443670,0.01431006,-12664,-0.87720878,12664,0.00012664,scheduled subsidy boundary
S4,S4,Idealized 113/114 cap-derived geometric schedule,145740000,1431006,1418453,0.01431006,0.01418453,-12553,-0.87721505,12553,0.00012553,scheduled subsidy boundary
S4,S4,Idealized 113/114 cap-derived geometric schedule,145950000,1418453,1406010,0.01418453,0.01406010,-12443,-0.87722328,12443,0.00012443,scheduled subsidy boundary
S4,S4,Idealized 113/114 cap-derived geometric schedule,146160000,1406010,1393676,0.01406010,0.01393676,-12334,-0.87723416,12334,0.00012334,scheduled subsidy boundary
S4,S4,Idealized 113/114 cap-derived geometric schedule,146370000,1393676,1381450,0.01393676,0.01381450,-12226,-0.87724837,12226,0.00012226,scheduled subsidy boundary
S4,S4,Idealized 113/114 cap-derived geometric schedule,146580000,1381450,1369332,0.01381450,0.01369332,-12118,-0.87719425,12118,0.00012118,scheduled subsidy boundary
S4,S4,Idealized 113/114 cap-derived geometric schedule,146790000,1369332,1357320,0.01369332,0.01357320,-12012,-0.87721604,12012,0.00012012,scheduled subsidy boundary
S4,S4,Idealized 113/114 cap-derived geometric schedule,147000000,1357320,1345413,0.01357320,0.01345413,-11907,-0.87724339,11907,0.00011907,scheduled subsidy boundary
S4,S4,Idealized 113/114 cap-derived geometric schedule,147210000,1345413,1333611,0.01345413,0.01333611,-11802,-0.87720276,11802,0.00011802,scheduled subsidy boundary
S4,S4,Idealized 113/114 cap-derived geometric schedule,147420000,1333611,1321912,0.01333611,0.01321912,-11699,-0.87724231,11699,0.00011699,scheduled subsidy boundary
S4,S4,Idealized 113/114 cap-derived geometric schedule,147630000,1321912,1310316,0.01321912,0.01310316,-11596,-0.87721422,11596,0.00011596,scheduled subsidy boundary
S4,S4,Idealized 113/114 cap-derived geometric schedule,147840000,1310316,1298822,0.01310316,0.01298822,-11494,-0.87719298,11494,0.00011494,scheduled subsidy boundary
S4,S4,Idealized 113/114 cap-derived geometric schedule,148050000,1298822,1287428,0.01298822,0.01287428,-11394,-0.87725647,11394,0.00011394,scheduled subsidy boundary
S4,S4,Idealized 113/114 cap-derived geometric schedule,148260000,1287428,1276134,0.01287428,0.01276134,-11294,-0.87725294,11294,0.00011294,scheduled subsidy boundary
S4,S4,Idealized 113/114 cap-derived geometric schedule,148470000,1276134,1264939,0.01276134,0.01264939,-11195,-0.87725897,11195,0.00011195,scheduled subsidy boundary
S4,S4,Idealized 113/114 cap-derived geometric schedule,148680000,1264939,1253843,0.01264939,0.01253843,-11096,-0.87719645,11096,0.00011096,scheduled subsidy boundary
S4,S4,Idealized 113/114 cap-derived geometric schedule,148890000,1253843,1242844,0.01253843,0.01242844,-10999,-0.87722307,10999,0.00010999,scheduled subsidy boundary
S4,S4,Idealized 113/114 cap-derived geometric schedule,149100000,1242844,1231941,0.01242844,0.01231941,-10903,-0.87726215,10903,0.00010903,scheduled subsidy boundary
S4,S4,Idealized 113/114 cap-derived geometric schedule,149310000,1231941,1221134,0.01231941,0.01221134,-10807,-0.87723357,10807,0.00010807,scheduled subsidy boundary
S4,S4,Idealized 113/114 cap-derived geometric schedule,149520000,1221134,1210422,0.01221134,0.01210422,-10712,-0.87721741,10712,0.00010712,scheduled subsidy boundary
S4,S4,Idealized 113/114 cap-derived geometric schedule,149730000,1210422,1199804,0.01210422,0.01199804,-10618,-0.87721472,10618,0.00010618,scheduled subsidy boundary
S4,S4,Idealized 113/114 cap-derived geometric schedule,149940000,1199804,1189279,0.01199804,0.01189279,-10525,-0.87722661,10525,0.00010525,scheduled subsidy boundary
S4,S4,Idealized 113/114 cap-derived geometric schedule,150150000,1189279,1178846,0.01189279,0.01178846,-10433,-0.87725420,10433,0.00010433,scheduled subsidy boundary
S4,S4,Idealized 113/114 cap-derived geometric schedule,150360000,1178846,1168505,0.01178846,0.01168505,-10341,-0.87721382,10341,0.00010341,scheduled subsidy boundary
S4,S4,Idealized 113/114 cap-derived geometric schedule,150570000,1168505,1158254,0.01168505,0.01158254,-10251,-0.87727481,10251,0.00010251,scheduled subsidy boundary
S4,S4,Idealized 113/114 cap-derived geometric schedule,150780000,1158254,1148093,0.01158254,0.01148093,-10161,-0.87726872,10161,0.00010161,scheduled subsidy boundary
S4,S4,Idealized 113/114 cap-derived geometric schedule,150990000,1148093,1138022,0.01148093,0.01138022,-10071,-0.87719375,10071,0.00010071,scheduled subsidy boundary
S4,S4,Idealized 113/114 cap-derived geometric schedule,151200000,1138022,1128039,0.01138022,0.01128039,-9983,-0.87722381,9983,0.00009983,scheduled subsidy boundary
S4,S4,Idealized 113/114 cap-derived geometric schedule,151410000,1128039,1118143,0.01128039,0.01118143,-9896,-0.87727463,9896,0.00009896,scheduled subsidy boundary
S4,S4,Idealized 113/114 cap-derived geometric schedule,151620000,1118143,1108334,0.01118143,0.01108334,-9809,-0.87725810,9809,0.00009809,scheduled subsidy boundary
S4,S4,Idealized 113/114 cap-derived geometric schedule,151830000,1108334,1098611,0.01108334,0.01098611,-9723,-0.87726263,9723,0.00009723,scheduled subsidy boundary
S4,S4,Idealized 113/114 cap-derived geometric schedule,152040000,1098611,1088974,0.01098611,0.01088974,-9637,-0.87719857,9637,0.00009637,scheduled subsidy boundary
S4,S4,Idealized 113/114 cap-derived geometric schedule,152250000,1088974,1079421,0.01088974,0.01079421,-9553,-0.87724776,9553,0.00009553,scheduled subsidy boundary
S4,S4,Idealized 113/114 cap-derived geometric schedule,152460000,1079421,1069952,0.01079421,0.01069952,-9469,-0.87722955,9469,0.00009469,scheduled subsidy boundary
S4,S4,Idealized 113/114 cap-derived geometric schedule,152670000,1069952,1060566,0.01069952,0.01060566,-9386,-0.87723561,9386,0.00009386,scheduled subsidy boundary
S4,S4,Idealized 113/114 cap-derived geometric schedule,152880000,1060566,1051262,0.01060566,0.01051262,-9304,-0.87726742,9304,0.00009304,scheduled subsidy boundary
S4,S4,Idealized 113/114 cap-derived geometric schedule,153090000,1051262,1042040,0.01051262,0.01042040,-9222,-0.87723137,9222,0.00009222,scheduled subsidy boundary
S4,S4,Idealized 113/114 cap-derived geometric schedule,153300000,1042040,1032899,0.01042040,0.01032899,-9141,-0.87722160,9141,0.00009141,scheduled subsidy boundary
S4,S4,Idealized 113/114 cap-derived geometric schedule,153510000,1032899,1023838,0.01032899,0.01023838,-9061,-0.87723969,9061,0.00009061,scheduled subsidy boundary
S4,S4,Idealized 113/114 cap-derived geometric schedule,153720000,1023838,1014856,0.01023838,0.01014856,-8982,-0.87728723,8982,0.00008982,scheduled subsidy boundary
S4,S4,Idealized 113/114 cap-derived geometric schedule,153930000,1014856,1005953,0.01014856,0.01005953,-8903,-0.87726732,8903,0.00008903,scheduled subsidy boundary
S4,S4,Idealized 113/114 cap-derived geometric schedule,154140000,1005953,997128,0.01005953,0.00997128,-8825,-0.87727757,8825,0.00008825,scheduled subsidy boundary
S4,S4,Idealized 113/114 cap-derived geometric schedule,154350000,997128,988381,0.00997128,0.00988381,-8747,-0.87721937,8747,0.00008747,scheduled subsidy boundary
S4,S4,Idealized 113/114 cap-derived geometric schedule,154560000,988381,979710,0.00988381,0.00979710,-8671,-0.87729327,8671,0.00008671,scheduled subsidy boundary
S4,S4,Idealized 113/114 cap-derived geometric schedule,154770000,979710,971116,0.00979710,0.00971116,-8594,-0.87719835,8594,0.00008594,scheduled subsidy boundary
S4,S4,Idealized 113/114 cap-derived geometric schedule,154980000,971116,962597,0.00971116,0.00962597,-8519,-0.87723815,8519,0.00008519,scheduled subsidy boundary
S4,S4,Idealized 113/114 cap-derived geometric schedule,155190000,962597,954153,0.00962597,0.00954153,-8444,-0.87721030,8444,0.00008444,scheduled subsidy boundary
S4,S4,Idealized 113/114 cap-derived geometric schedule,155400000,954153,945783,0.00954153,0.00945783,-8370,-0.87721780,8370,0.00008370,scheduled subsidy boundary
S4,S4,Idealized 113/114 cap-derived geometric schedule,155610000,945783,937486,0.00945783,0.00937486,-8297,-0.87726254,8297,0.00008297,scheduled subsidy boundary
S4,S4,Idealized 113/114 cap-derived geometric schedule,155820000,937486,929262,0.00937486,0.00929262,-8224,-0.87723977,8224,0.00008224,scheduled subsidy boundary
S4,S4,Idealized 113/114 cap-derived geometric schedule,156030000,929262,921110,0.00929262,0.00921110,-8152,-0.87725528,8152,0.00008152,scheduled subsidy boundary
S4,S4,Idealized 113/114 cap-derived geometric schedule,156240000,921110,913030,0.00921110,0.00913030,-8080,-0.87720251,8080,0.00008080,scheduled subsidy boundary
S4,S4,Idealized 113/114 cap-derived geometric schedule,156450000,913030,905020,0.00913030,0.00905020,-8010,-0.87729866,8010,0.00008010,scheduled subsidy boundary
S4,S4,Idealized 113/114 cap-derived geometric schedule,156660000,905020,897081,0.00905020,0.00897081,-7939,-0.87721818,7939,0.00007939,scheduled subsidy boundary
S4,S4,Idealized 113/114 cap-derived geometric schedule,156870000,897081,889211,0.00897081,0.00889211,-7870,-0.87728979,7870,0.00007870,scheduled subsidy boundary
S4,S4,Idealized 113/114 cap-derived geometric schedule,157080000,889211,881410,0.00889211,0.00881410,-7801,-0.87729459,7801,0.00007801,scheduled subsidy boundary
S4,S4,Idealized 113/114 cap-derived geometric schedule,157290000,881410,873678,0.00881410,0.00873678,-7732,-0.87723080,7732,0.00007732,scheduled subsidy boundary
S4,S4,Idealized 113/114 cap-derived geometric schedule,157500000,873678,866014,0.00873678,0.00866014,-7664,-0.87721105,7664,0.00007664,scheduled subsidy boundary
S4,S4,Idealized 113/114 cap-derived geometric schedule,157710000,866014,858417,0.00866014,0.00858417,-7597,-0.87723755,7597,0.00007597,scheduled subsidy boundary
S4,S4,Idealized 113/114 cap-derived geometric schedule,157920000,858417,850887,0.00858417,0.00850887,-7530,-0.87719605,7530,0.00007530,scheduled subsidy boundary
S4,S4,Idealized 113/114 cap-derived geometric schedule,158130000,850887,843423,0.00850887,0.00843423,-7464,-0.87720226,7464,0.00007464,scheduled subsidy boundary
S4,S4,Idealized 113/114 cap-derived geometric schedule,158340000,843423,836024,0.00843423,0.00836024,-7399,-0.87725850,7399,0.00007399,scheduled subsidy boundary
S4,S4,Idealized 113/114 cap-derived geometric schedule,158550000,836024,828690,0.00836024,0.00828690,-7334,-0.87724754,7334,0.00007334,scheduled subsidy boundary
S4,S4,Idealized 113/114 cap-derived geometric schedule,158760000,828690,821420,0.00828690,0.00821420,-7270,-0.87728825,7270,0.00007270,scheduled subsidy boundary
S4,S4,Idealized 113/114 cap-derived geometric schedule,158970000,821420,814214,0.00821420,0.00814214,-7206,-0.87726133,7206,0.00007206,scheduled subsidy boundary
S4,S4,Idealized 113/114 cap-derived geometric schedule,159180000,814214,807071,0.00814214,0.00807071,-7143,-0.87728779,7143,0.00007143,scheduled subsidy boundary
S4,S4,Idealized 113/114 cap-derived geometric schedule,159390000,807071,799991,0.00807071,0.00799991,-7080,-0.87724624,7080,0.00007080,scheduled subsidy boundary
S4,S4,Idealized 113/114 cap-derived geometric schedule,159600000,799991,792973,0.00799991,0.00792973,-7018,-0.87725987,7018,0.00007018,scheduled subsidy boundary
S4,S4,Idealized 113/114 cap-derived geometric schedule,159810000,792973,786017,0.00792973,0.00786017,-6956,-0.87720515,6956,0.00006956,scheduled subsidy boundary
S4,S4,Idealized 113/114 cap-derived geometric schedule,160020000,786017,779122,0.00786017,0.00779122,-6895,-0.87720749,6895,0.00006895,scheduled subsidy boundary
S4,S4,Idealized 113/114 cap-derived geometric schedule,160230000,779122,772287,0.00779122,0.00772287,-6835,-0.87726954,6835,0.00006835,scheduled subsidy boundary
S4,S4,Idealized 113/114 cap-derived geometric schedule,160440000,772287,765512,0.00772287,0.00765512,-6775,-0.87726454,6775,0.00006775,scheduled subsidy boundary
S4,S4,Idealized 113/114 cap-derived geometric schedule,160650000,765512,758796,0.00765512,0.00758796,-6716,-0.87732132,6716,0.00006716,scheduled subsidy boundary
S4,S4,Idealized 113/114 cap-derived geometric schedule,160860000,758796,752139,0.00758796,0.00752139,-6657,-0.87731090,6657,0.00006657,scheduled subsidy boundary
S4,S4,Idealized 113/114 cap-derived geometric schedule,161070000,752139,745541,0.00752139,0.00745541,-6598,-0.87723147,6598,0.00006598,scheduled subsidy boundary
S4,S4,Idealized 113/114 cap-derived geometric schedule,161280000,745541,739001,0.00745541,0.00739001,-6540,-0.87721534,6540,0.00006540,scheduled subsidy boundary
S4,S4,Idealized 113/114 cap-derived geometric schedule,161490000,739001,732518,0.00739001,0.00732518,-6483,-0.87726539,6483,0.00006483,scheduled subsidy boundary
S4,S4,Idealized 113/114 cap-derived geometric schedule,161700000,732518,726092,0.00732518,0.00726092,-6426,-0.87724807,6426,0.00006426,scheduled subsidy boundary
S4,S4,Idealized 113/114 cap-derived geometric schedule,161910000,726092,719722,0.00726092,0.00719722,-6370,-0.87729930,6370,0.00006370,scheduled subsidy boundary
S4,S4,Idealized 113/114 cap-derived geometric schedule,162120000,719722,713408,0.00719722,0.00713408,-6314,-0.87728317,6314,0.00006314,scheduled subsidy boundary
S4,S4,Idealized 113/114 cap-derived geometric schedule,162330000,713408,707150,0.00713408,0.00707150,-6258,-0.87719790,6258,0.00006258,scheduled subsidy boundary
S4,S4,Idealized 113/114 cap-derived geometric schedule,162540000,707150,700946,0.00707150,0.00700946,-6204,-0.87732447,6204,0.00006204,scheduled subsidy boundary
S4,S4,Idealized 113/114 cap-derived geometric schedule,162750000,700946,694797,0.00700946,0.00694797,-6149,-0.87724304,6149,0.00006149,scheduled subsidy boundary
S4,S4,Idealized 113/114 cap-derived geometric schedule,162960000,694797,688702,0.00694797,0.00688702,-6095,-0.87723465,6095,0.00006095,scheduled subsidy boundary
S4,S4,Idealized 113/114 cap-derived geometric schedule,163170000,688702,682660,0.00688702,0.00682660,-6042,-0.87730252,6042,0.00006042,scheduled subsidy boundary
S4,S4,Idealized 113/114 cap-derived geometric schedule,163380000,682660,676671,0.00682660,0.00676671,-5989,-0.87730349,5989,0.00005989,scheduled subsidy boundary
S4,S4,Idealized 113/114 cap-derived geometric schedule,163590000,676671,670735,0.00676671,0.00670735,-5936,-0.87723576,5936,0.00005936,scheduled subsidy boundary
S4,S4,Idealized 113/114 cap-derived geometric schedule,163800000,670735,664851,0.00670735,0.00664851,-5884,-0.87724660,5884,0.00005884,scheduled subsidy boundary
S4,S4,Idealized 113/114 cap-derived geometric schedule,164010000,664851,659018,0.00664851,0.00659018,-5833,-0.87733943,5833,0.00005833,scheduled subsidy boundary
S4,S4,Idealized 113/114 cap-derived geometric schedule,164220000,659018,653237,0.00659018,0.00653237,-5781,-0.87721428,5781,0.00005781,scheduled subsidy boundary
S4,S4,Idealized 113/114 cap-derived geometric schedule,164430000,653237,647506,0.00653237,0.00647506,-5731,-0.87732324,5731,0.00005731,scheduled subsidy boundary
S4,S4,Idealized 113/114 cap-derived geometric schedule,164640000,647506,641826,0.00647506,0.00641826,-5680,-0.87721195,5680,0.00005680,scheduled subsidy boundary
S4,S4,Idealized 113/114 cap-derived geometric schedule,164850000,641826,636195,0.00641826,0.00636195,-5631,-0.87734059,5631,0.00005631,scheduled subsidy boundary
S4,S4,Idealized 113/114 cap-derived geometric schedule,165060000,636195,630614,0.00636195,0.00630614,-5581,-0.87724676,5581,0.00005581,scheduled subsidy boundary
S4,S4,Idealized 113/114 cap-derived geometric schedule,165270000,630614,625082,0.00630614,0.00625082,-5532,-0.87724028,5532,0.00005532,scheduled subsidy boundary
S4,S4,Idealized 113/114 cap-derived geometric schedule,165480000,625082,619598,0.00625082,0.00619598,-5484,-0.87732489,5484,0.00005484,scheduled subsidy boundary
S4,S4,Idealized 113/114 cap-derived geometric schedule,165690000,619598,614162,0.00619598,0.00614162,-5436,-0.87734305,5436,0.00005436,scheduled subsidy boundary
S4,S4,Idealized 113/114 cap-derived geometric schedule,165900000,614162,608774,0.00614162,0.00608774,-5388,-0.87729296,5388,0.00005388,scheduled subsidy boundary
S4,S4,Idealized 113/114 cap-derived geometric schedule,166110000,608774,603433,0.00608774,0.00603433,-5341,-0.87733707,5341,0.00005341,scheduled subsidy boundary
S4,S4,Idealized 113/114 cap-derived geometric schedule,166320000,603433,598139,0.00603433,0.00598139,-5294,-0.87731364,5294,0.00005294,scheduled subsidy boundary
S4,S4,Idealized 113/114 cap-derived geometric schedule,166530000,598139,592892,0.00598139,0.00592892,-5247,-0.87722085,5247,0.00005247,scheduled subsidy boundary
S4,S4,Idealized 113/114 cap-derived geometric schedule,166740000,592892,587691,0.00592892,0.00587691,-5201,-0.87722553,5201,0.00005201,scheduled subsidy boundary
S4,S4,Idealized 113/114 cap-derived geometric schedule,166950000,587691,582535,0.00587691,0.00582535,-5156,-0.87733180,5156,0.00005156,scheduled subsidy boundary
S4,S4,Idealized 113/114 cap-derived geometric schedule,167160000,582535,577425,0.00582535,0.00577425,-5110,-0.87720051,5110,0.00005110,scheduled subsidy boundary
S4,S4,Idealized 113/114 cap-derived geometric schedule,167370000,577425,572359,0.00577425,0.00572359,-5066,-0.87734338,5066,0.00005066,scheduled subsidy boundary
S4,S4,Idealized 113/114 cap-derived geometric schedule,167580000,572359,567338,0.00572359,0.00567338,-5021,-0.87724662,5021,0.00005021,scheduled subsidy boundary
S4,S4,Idealized 113/114 cap-derived geometric schedule,167790000,567338,562361,0.00567338,0.00562361,-4977,-0.87725483,4977,0.00004977,scheduled subsidy boundary
S4,S4,Idealized 113/114 cap-derived geometric schedule,168000000,562361,557428,0.00562361,0.00557428,-4933,-0.87719454,4933,0.00004933,scheduled subsidy boundary
S4,S4,Idealized 113/114 cap-derived geometric schedule,168210000,557428,552538,0.00557428,0.00552538,-4890,-0.87724334,4890,0.00004890,scheduled subsidy boundary
S4,S4,Idealized 113/114 cap-derived geometric schedule,168420000,552538,547691,0.00552538,0.00547691,-4847,-0.87722473,4847,0.00004847,scheduled subsidy boundary
S4,S4,Idealized 113/114 cap-derived geometric schedule,168630000,547691,542886,0.00547691,0.00542886,-4805,-0.87731951,4805,0.00004805,scheduled subsidy boundary
S4,S4,Idealized 113/114 cap-derived geometric schedule,168840000,542886,538123,0.00542886,0.00538123,-4763,-0.87734810,4763,0.00004763,scheduled subsidy boundary
S4,S4,Idealized 113/114 cap-derived geometric schedule,169050000,538123,533402,0.00538123,0.00533402,-4721,-0.87730872,4721,0.00004721,scheduled subsidy boundary
S4,S4,Idealized 113/114 cap-derived geometric schedule,169260000,533402,528723,0.00533402,0.00528723,-4679,-0.87719956,4679,0.00004679,scheduled subsidy boundary
S4,S4,Idealized 113/114 cap-derived geometric schedule,169470000,528723,524085,0.00528723,0.00524085,-4638,-0.87720791,4638,0.00004638,scheduled subsidy boundary
S4,S4,Idealized 113/114 cap-derived geometric schedule,169680000,524085,519487,0.00524085,0.00519487,-4598,-0.87733860,4598,0.00004598,scheduled subsidy boundary
S4,S4,Idealized 113/114 cap-derived geometric schedule,169890000,519487,514930,0.00519487,0.00514930,-4557,-0.87721156,4557,0.00004557,scheduled subsidy boundary
S4,S4,Idealized 113/114 cap-derived geometric schedule,170100000,514930,510413,0.00514930,0.00510413,-4517,-0.87720661,4517,0.00004517,scheduled subsidy boundary
S4,S4,Idealized 113/114 cap-derived geometric schedule,170310000,510413,505935,0.00510413,0.00505935,-4478,-0.87732875,4478,0.00004478,scheduled subsidy boundary
S4,S4,Idealized 113/114 cap-derived geometric schedule,170520000,505935,501496,0.00505935,0.00501496,-4439,-0.87738543,4439,0.00004439,scheduled subsidy boundary
S4,S4,Idealized 113/114 cap-derived geometric schedule,170730000,501496,497096,0.00501496,0.00497096,-4400,-0.87737489,4400,0.00004400,scheduled subsidy boundary
S4,S4,Idealized 113/114 cap-derived geometric schedule,170940000,497096,492735,0.00497096,0.00492735,-4361,-0.87729533,4361,0.00004361,scheduled subsidy boundary
S4,S4,Idealized 113/114 cap-derived geometric schedule,171150000,492735,488412,0.00492735,0.00488412,-4323,-0.87734786,4323,0.00004323,scheduled subsidy boundary
S4,S4,Idealized 113/114 cap-derived geometric schedule,171360000,488412,484127,0.00488412,0.00484127,-4285,-0.87733307,4285,0.00004285,scheduled subsidy boundary
S4,S4,Idealized 113/114 cap-derived geometric schedule,171570000,484127,479880,0.00484127,0.00479880,-4247,-0.87724915,4247,0.00004247,scheduled subsidy boundary
S4,S4,Idealized 113/114 cap-derived geometric schedule,171780000,479880,475670,0.00479880,0.00475670,-4210,-0.87730266,4210,0.00004210,scheduled subsidy boundary
S4,S4,Idealized 113/114 cap-derived geometric schedule,171990000,475670,471497,0.00475670,0.00471497,-4173,-0.87728888,4173,0.00004173,scheduled subsidy boundary
S4,S4,Idealized 113/114 cap-derived geometric schedule,172200000,471497,467361,0.00471497,0.00467361,-4136,-0.87720601,4136,0.00004136,scheduled subsidy boundary
S4,S4,Idealized 113/114 cap-derived geometric schedule,172410000,467361,463261,0.00467361,0.00463261,-4100,-0.87726618,4100,0.00004100,scheduled subsidy boundary
S4,S4,Idealized 113/114 cap-derived geometric schedule,172620000,463261,459197,0.00463261,0.00459197,-4064,-0.87725926,4064,0.00004064,scheduled subsidy boundary
S4,S4,Idealized 113/114 cap-derived geometric schedule,172830000,459197,455168,0.00459197,0.00455168,-4029,-0.87740120,4029,0.00004029,scheduled subsidy boundary
S4,S4,Idealized 113/114 cap-derived geometric schedule,173040000,455168,451175,0.00455168,0.00451175,-3993,-0.87725851,3993,0.00003993,scheduled subsidy boundary
S4,S4,Idealized 113/114 cap-derived geometric schedule,173250000,451175,447217,0.00451175,0.00447217,-3958,-0.87726492,3958,0.00003958,scheduled subsidy boundary
S4,S4,Idealized 113/114 cap-derived geometric schedule,173460000,447217,443294,0.00447217,0.00443294,-3923,-0.87720279,3923,0.00003923,scheduled subsidy boundary
S4,S4,Idealized 113/114 cap-derived geometric schedule,173670000,443294,439405,0.00443294,0.00439405,-3889,-0.87729588,3889,0.00003889,scheduled subsidy boundary
S4,S4,Idealized 113/114 cap-derived geometric schedule,173880000,439405,435550,0.00439405,0.00435550,-3855,-0.87732274,3855,0.00003855,scheduled subsidy boundary
S4,S4,Idealized 113/114 cap-derived geometric schedule,174090000,435550,431729,0.00435550,0.00431729,-3821,-0.87728160,3821,0.00003821,scheduled subsidy boundary
S4,S4,Idealized 113/114 cap-derived geometric schedule,174300000,431729,427941,0.00431729,0.00427941,-3788,-0.87740226,3788,0.00003788,scheduled subsidy boundary
S4,S4,Idealized 113/114 cap-derived geometric schedule,174510000,427941,424187,0.00427941,0.00424187,-3754,-0.87722373,3754,0.00003754,scheduled subsidy boundary
S4,S4,Idealized 113/114 cap-derived geometric schedule,174720000,424187,420466,0.00424187,0.00420466,-3721,-0.87720746,3721,0.00003721,scheduled subsidy boundary
S4,S4,Idealized 113/114 cap-derived geometric schedule,174930000,420466,416777,0.00420466,0.00416777,-3689,-0.87735988,3689,0.00003689,scheduled subsidy boundary
S4,S4,Idealized 113/114 cap-derived geometric schedule,175140000,416777,413121,0.00416777,0.00413121,-3656,-0.87720772,3656,0.00003656,scheduled subsidy boundary
S4,S4,Idealized 113/114 cap-derived geometric schedule,175350000,413121,409497,0.00413121,0.00409497,-3624,-0.87722483,3624,0.00003624,scheduled subsidy boundary
S4,S4,Idealized 113/114 cap-derived geometric schedule,175560000,409497,405904,0.00409497,0.00405904,-3593,-0.87741791,3593,0.00003593,scheduled subsidy boundary
S4,S4,Idealized 113/114 cap-derived geometric schedule,175770000,405904,402343,0.00405904,0.00402343,-3561,-0.87730104,3561,0.00003561,scheduled subsidy boundary
S4,S4,Idealized 113/114 cap-derived geometric schedule,175980000,402343,398813,0.00402343,0.00398813,-3530,-0.87736086,3530,0.00003530,scheduled subsidy boundary
S4,S4,Idealized 113/114 cap-derived geometric schedule,176190000,398813,395314,0.00398813,0.00395314,-3499,-0.87735355,3499,0.00003499,scheduled subsidy boundary
S4,S4,Idealized 113/114 cap-derived geometric schedule,176400000,395314,391846,0.00395314,0.00391846,-3468,-0.87727730,3468,0.00003468,scheduled subsidy boundary
S4,S4,Idealized 113/114 cap-derived geometric schedule,176610000,391846,388408,0.00391846,0.00388408,-3438,-0.87738550,3438,0.00003438,scheduled subsidy boundary
S4,S4,Idealized 113/114 cap-derived geometric schedule,176820000,388408,385000,0.00388408,0.00385000,-3408,-0.87742786,3408,0.00003408,scheduled subsidy boundary
S4,S4,Idealized 113/114 cap-derived geometric schedule,177030000,385000,381622,0.00385000,0.00381622,-3378,-0.87740260,3378,0.00003378,scheduled subsidy boundary
S4,S4,Idealized 113/114 cap-derived geometric schedule,177240000,381622,378274,0.00381622,0.00378274,-3348,-0.87730791,3348,0.00003348,scheduled subsidy boundary
S4,S4,Idealized 113/114 cap-derived geometric schedule,177450000,378274,374955,0.00378274,0.00374955,-3319,-0.87740632,3319,0.00003319,scheduled subsidy boundary
S4,S4,Idealized 113/114 cap-derived geometric schedule,177660000,374955,371665,0.00374955,0.00371665,-3290,-0.87743863,3290,0.00003290,scheduled subsidy boundary
S4,S4,Idealized 113/114 cap-derived geometric schedule,177870000,371665,368404,0.00371665,0.00368404,-3261,-0.87740304,3261,0.00003261,scheduled subsidy boundary
S4,S4,Idealized 113/114 cap-derived geometric schedule,178080000,368404,365172,0.00368404,0.00365172,-3232,-0.87729775,3232,0.00003232,scheduled subsidy boundary
S4,S4,Idealized 113/114 cap-derived geometric schedule,178290000,365172,361968,0.00365172,0.00361968,-3204,-0.87739476,3204,0.00003204,scheduled subsidy boundary
S4,S4,Idealized 113/114 cap-derived geometric schedule,178500000,361968,358792,0.00361968,0.00358792,-3176,-0.87742563,3176,0.00003176,scheduled subsidy boundary
S4,S4,Idealized 113/114 cap-derived geometric schedule,178710000,358792,355644,0.00358792,0.00355644,-3148,-0.87738857,3148,0.00003148,scheduled subsidy boundary
S4,S4,Idealized 113/114 cap-derived geometric schedule,178920000,355644,352524,0.00355644,0.00352524,-3120,-0.87728178,3120,0.00003120,scheduled subsidy boundary
S4,S4,Idealized 113/114 cap-derived geometric schedule,179130000,352524,349431,0.00352524,0.00349431,-3093,-0.87738707,3093,0.00003093,scheduled subsidy boundary
S4,S4,Idealized 113/114 cap-derived geometric schedule,179340000,349431,346365,0.00349431,0.00346365,-3066,-0.87742644,3066,0.00003066,scheduled subsidy boundary
S4,S4,Idealized 113/114 cap-derived geometric schedule,179550000,346365,343326,0.00346365,0.00343326,-3039,-0.87739812,3039,0.00003039,scheduled subsidy boundary
S4,S4,Idealized 113/114 cap-derived geometric schedule,179760000,343326,340314,0.00343326,0.00340314,-3012,-0.87730029,3012,0.00003012,scheduled subsidy boundary
S4,S4,Idealized 113/114 cap-derived geometric schedule,179970000,340314,337328,0.00340314,0.00337328,-2986,-0.87742497,2986,0.00002986,scheduled subsidy boundary
S4,S4,Idealized 113/114 cap-derived geometric schedule,180180000,337328,334368,0.00337328,0.00334368,-2960,-0.87748423,2960,0.00002960,scheduled subsidy boundary
S4,S4,Idealized 113/114 cap-derived geometric schedule,180390000,334368,331434,0.00334368,0.00331434,-2934,-0.87747631,2934,0.00002934,scheduled subsidy boundary
S4,S4,Idealized 113/114 cap-derived geometric schedule,180600000,331434,328526,0.00331434,0.00328526,-2908,-0.87739942,2908,0.00002908,scheduled subsidy boundary
S4,S4,Idealized 113/114 cap-derived geometric schedule,180810000,328526,325644,0.00328526,0.00325644,-2882,-0.87725172,2882,0.00002882,scheduled subsidy boundary
S4,S4,Idealized 113/114 cap-derived geometric schedule,181020000,325644,322787,0.00325644,0.00322787,-2857,-0.87733844,2857,0.00002857,scheduled subsidy boundary
S4,S4,Idealized 113/114 cap-derived geometric schedule,181230000,322787,319955,0.00322787,0.00319955,-2832,-0.87735875,2832,0.00002832,scheduled subsidy boundary
S4,S4,Idealized 113/114 cap-derived geometric schedule,181440000,319955,317148,0.00319955,0.00317148,-2807,-0.87731087,2807,0.00002807,scheduled subsidy boundary
S4,S4,Idealized 113/114 cap-derived geometric schedule,181650000,317148,314366,0.00317148,0.00314366,-2782,-0.87719298,2782,0.00002782,scheduled subsidy boundary
S4,S4,Idealized 113/114 cap-derived geometric schedule,181860000,314366,311608,0.00314366,0.00311608,-2758,-0.87732134,2758,0.00002758,scheduled subsidy boundary
S4,S4,Idealized 113/114 cap-derived geometric schedule,182070000,311608,308874,0.00311608,0.00308874,-2734,-0.87738441,2734,0.00002734,scheduled subsidy boundary
S4,S4,Idealized 113/114 cap-derived geometric schedule,182280000,308874,306164,0.00308874,0.00306164,-2710,-0.87738042,2710,0.00002710,scheduled subsidy boundary
S4,S4,Idealized 113/114 cap-derived geometric schedule,182490000,306164,303478,0.00306164,0.00303478,-2686,-0.87730759,2686,0.00002686,scheduled subsidy boundary
S4,S4,Idealized 113/114 cap-derived geometric schedule,182700000,303478,300815,0.00303478,0.00300815,-2663,-0.87749359,2663,0.00002663,scheduled subsidy boundary
S4,S4,Idealized 113/114 cap-derived geometric schedule,182910000,300815,298176,0.00300815,0.00298176,-2639,-0.87728338,2639,0.00002639,scheduled subsidy boundary
S4,S4,Idealized 113/114 cap-derived geometric schedule,183120000,298176,295560,0.00298176,0.00295560,-2616,-0.87733419,2616,0.00002616,scheduled subsidy boundary
S4,S4,Idealized 113/114 cap-derived geometric schedule,183330000,295560,292967,0.00295560,0.00292967,-2593,-0.87731763,2593,0.00002593,scheduled subsidy boundary
S4,S4,Idealized 113/114 cap-derived geometric schedule,183540000,292967,290397,0.00292967,0.00290397,-2570,-0.87723191,2570,0.00002570,scheduled subsidy boundary
S4,S4,Idealized 113/114 cap-derived geometric schedule,183750000,290397,287849,0.00290397,0.00287849,-2548,-0.87741953,2548,0.00002548,scheduled subsidy boundary
S4,S4,Idealized 113/114 cap-derived geometric schedule,183960000,287849,285324,0.00287849,0.00285324,-2525,-0.87719603,2525,0.00002525,scheduled subsidy boundary
S4,S4,Idealized 113/114 cap-derived geometric schedule,184170000,285324,282821,0.00285324,0.00282821,-2503,-0.87724832,2503,0.00002503,scheduled subsidy boundary
S4,S4,Idealized 113/114 cap-derived geometric schedule,184380000,282821,280340,0.00282821,0.00280340,-2481,-0.87723330,2481,0.00002481,scheduled subsidy boundary
S4,S4,Idealized 113/114 cap-derived geometric schedule,184590000,280340,277880,0.00280340,0.00277880,-2460,-0.87750589,2460,0.00002460,scheduled subsidy boundary
S4,S4,Idealized 113/114 cap-derived geometric schedule,184800000,277880,275442,0.00277880,0.00275442,-2438,-0.87735713,2438,0.00002438,scheduled subsidy boundary
S4,S4,Idealized 113/114 cap-derived geometric schedule,185010000,275442,273025,0.00275442,0.00273025,-2417,-0.87749871,2417,0.00002417,scheduled subsidy boundary
S4,S4,Idealized 113/114 cap-derived geometric schedule,185220000,273025,270630,0.00273025,0.00270630,-2395,-0.87720905,2395,0.00002395,scheduled subsidy boundary
S4,S4,Idealized 113/114 cap-derived geometric schedule,185430000,270630,268256,0.00270630,0.00268256,-2374,-0.87721243,2374,0.00002374,scheduled subsidy boundary
S4,S4,Idealized 113/114 cap-derived geometric schedule,185640000,268256,265902,0.00268256,0.00265902,-2354,-0.87751998,2354,0.00002354,scheduled subsidy boundary
S4,S4,Idealized 113/114 cap-derived geometric schedule,185850000,265902,263569,0.00265902,0.00263569,-2333,-0.87739092,2333,0.00002333,scheduled subsidy boundary
S4,S4,Idealized 113/114 cap-derived geometric schedule,186060000,263569,261256,0.00263569,0.00261256,-2313,-0.87756906,2313,0.00002313,scheduled subsidy boundary
S4,S4,Idealized 113/114 cap-derived geometric schedule,186270000,261256,258964,0.00261256,0.00258964,-2292,-0.87730043,2292,0.00002292,scheduled subsidy boundary
S4,S4,Idealized 113/114 cap-derived geometric schedule,186480000,258964,256692,0.00258964,0.00256692,-2272,-0.87734202,2272,0.00002272,scheduled subsidy boundary
S4,S4,Idealized 113/114 cap-derived geometric schedule,186690000,256692,254440,0.00256692,0.00254440,-2252,-0.87731601,2252,0.00002252,scheduled subsidy boundary
S4,S4,Idealized 113/114 cap-derived geometric schedule,186900000,254440,252208,0.00254440,0.00252208,-2232,-0.87722056,2232,0.00002232,scheduled subsidy boundary
S4,S4,Idealized 113/114 cap-derived geometric schedule,187110000,252208,249995,0.00252208,0.00249995,-2213,-0.87745036,2213,0.00002213,scheduled subsidy boundary
S4,S4,Idealized 113/114 cap-derived geometric schedule,187320000,249995,247802,0.00249995,0.00247802,-2193,-0.87721754,2193,0.00002193,scheduled subsidy boundary
S4,S4,Idealized 113/114 cap-derived geometric schedule,187530000,247802,245628,0.00247802,0.00245628,-2174,-0.87731334,2174,0.00002174,scheduled subsidy boundary
S4,S4,Idealized 113/114 cap-derived geometric schedule,187740000,245628,243473,0.00245628,0.00243473,-2155,-0.87734297,2155,0.00002155,scheduled subsidy boundary
S4,S4,Idealized 113/114 cap-derived geometric schedule,187950000,243473,241337,0.00243473,0.00241337,-2136,-0.87730467,2136,0.00002136,scheduled subsidy boundary
S4,S4,Idealized 113/114 cap-derived geometric schedule,188160000,241337,239220,0.00241337,0.00239220,-2117,-0.87719662,2117,0.00002117,scheduled subsidy boundary
S4,S4,Idealized 113/114 cap-derived geometric schedule,188370000,239220,237121,0.00239220,0.00237121,-2099,-0.87743500,2099,0.00002099,scheduled subsidy boundary
S4,S4,Idealized 113/114 cap-derived geometric schedule,188580000,237121,235040,0.00237121,0.00235040,-2081,-0.87761101,2081,0.00002081,scheduled subsidy boundary
S4,S4,Idealized 113/114 cap-derived geometric schedule,188790000,235040,232978,0.00235040,0.00232978,-2062,-0.87729748,2062,0.00002062,scheduled subsidy boundary
S4,S4,Idealized 113/114 cap-derived geometric schedule,189000000,232978,230934,0.00232978,0.00230934,-2044,-0.87733606,2044,0.00002044,scheduled subsidy boundary
S4,S4,Idealized 113/114 cap-derived geometric schedule,189210000,230934,228908,0.00230934,0.00228908,-2026,-0.87730694,2026,0.00002026,scheduled subsidy boundary
S4,S4,Idealized 113/114 cap-derived geometric schedule,189420000,228908,226900,0.00228908,0.00226900,-2008,-0.87720831,2008,0.00002008,scheduled subsidy boundary
S4,S4,Idealized 113/114 cap-derived geometric schedule,189630000,226900,224909,0.00226900,0.00224909,-1991,-0.87747907,1991,0.00001991,scheduled subsidy boundary
S4,S4,Idealized 113/114 cap-derived geometric schedule,189840000,224909,222936,0.00224909,0.00222936,-1973,-0.87724369,1973,0.00001973,scheduled subsidy boundary
S4,S4,Idealized 113/114 cap-derived geometric schedule,190050000,222936,220980,0.00222936,0.00220980,-1956,-0.87738185,1956,0.00001956,scheduled subsidy boundary
S4,S4,Idealized 113/114 cap-derived geometric schedule,190260000,220980,219041,0.00220980,0.00219041,-1939,-0.87745497,1939,0.00001939,scheduled subsidy boundary
S4,S4,Idealized 113/114 cap-derived geometric schedule,190470000,219041,217119,0.00219041,0.00217119,-1922,-0.87746130,1922,0.00001922,scheduled subsidy boundary
S4,S4,Idealized 113/114 cap-derived geometric schedule,190680000,217119,215214,0.00217119,0.00215214,-1905,-0.87739903,1905,0.00001905,scheduled subsidy boundary
S4,S4,Idealized 113/114 cap-derived geometric schedule,190890000,215214,213326,0.00215214,0.00213326,-1888,-0.87726635,1888,0.00001888,scheduled subsidy boundary
S4,S4,Idealized 113/114 cap-derived geometric schedule,191100000,213326,211454,0.00213326,0.00211454,-1872,-0.87753017,1872,0.00001872,scheduled subsidy boundary
S4,S4,Idealized 113/114 cap-derived geometric schedule,191310000,211454,209599,0.00211454,0.00209599,-1855,-0.87725936,1855,0.00001855,scheduled subsidy boundary
S4,S4,Idealized 113/114 cap-derived geometric schedule,191520000,209599,207760,0.00209599,0.00207760,-1839,-0.87738968,1839,0.00001839,scheduled subsidy boundary
S4,S4,Idealized 113/114 cap-derived geometric schedule,191730000,207760,205937,0.00207760,0.00205937,-1823,-0.87745476,1823,0.00001823,scheduled subsidy boundary
S4,S4,Idealized 113/114 cap-derived geometric schedule,191940000,205937,204130,0.00205937,0.00204130,-1807,-0.87745281,1807,0.00001807,scheduled subsidy boundary
S4,S4,Idealized 113/114 cap-derived geometric schedule,192150000,204130,202339,0.00204130,0.00202339,-1791,-0.87738206,1791,0.00001791,scheduled subsidy boundary
S4,S4,Idealized 113/114 cap-derived geometric schedule,192360000,202339,200564,0.00202339,0.00200564,-1775,-0.87724067,1775,0.00001775,scheduled subsidy boundary
S4,S4,Idealized 113/114 cap-derived geometric schedule,192570000,200564,198804,0.00200564,0.00198804,-1760,-0.87752538,1760,0.00001760,scheduled subsidy boundary
S4,S4,Idealized 113/114 cap-derived geometric schedule,192780000,198804,197060,0.00198804,0.00197060,-1744,-0.87724593,1744,0.00001744,scheduled subsidy boundary
S4,S4,Idealized 113/114 cap-derived geometric schedule,192990000,197060,195331,0.00197060,0.00195331,-1729,-0.87739775,1729,0.00001729,scheduled subsidy boundary
S4,S4,Idealized 113/114 cap-derived geometric schedule,193200000,195331,193617,0.00195331,0.00193617,-1714,-0.87748488,1714,0.00001714,scheduled subsidy boundary
S4,S4,Idealized 113/114 cap-derived geometric schedule,193410000,193617,191918,0.00193617,0.00191918,-1699,-0.87750559,1699,0.00001699,scheduled subsidy boundary
S4,S4,Idealized 113/114 cap-derived geometric schedule,193620000,191918,190234,0.00191918,0.00190234,-1684,-0.87745808,1684,0.00001684,scheduled subsidy boundary
S4,S4,Idealized 113/114 cap-derived geometric schedule,193830000,190234,188565,0.00190234,0.00188565,-1669,-0.87734054,1669,0.00001669,scheduled subsidy boundary
S4,S4,Idealized 113/114 cap-derived geometric schedule,194040000,188565,186910,0.00188565,0.00186910,-1655,-0.87768144,1655,0.00001655,scheduled subsidy boundary
S4,S4,Idealized 113/114 cap-derived geometric schedule,194250000,186910,185270,0.00186910,0.00185270,-1640,-0.87742764,1640,0.00001640,scheduled subsidy boundary
S4,S4,Idealized 113/114 cap-derived geometric schedule,194460000,185270,183644,0.00185270,0.00183644,-1626,-0.87763804,1626,0.00001626,scheduled subsidy boundary
S4,S4,Idealized 113/114 cap-derived geometric schedule,194670000,183644,182033,0.00183644,0.00182033,-1611,-0.87724075,1611,0.00001611,scheduled subsidy boundary
S4,S4,Idealized 113/114 cap-derived geometric schedule,194880000,182033,180436,0.00182033,0.00180436,-1597,-0.87731345,1597,0.00001597,scheduled subsidy boundary
S4,S4,Idealized 113/114 cap-derived geometric schedule,195090000,180436,178853,0.00180436,0.00178853,-1583,-0.87731938,1583,0.00001583,scheduled subsidy boundary
S4,S4,Idealized 113/114 cap-derived geometric schedule,195300000,178853,177284,0.00178853,0.00177284,-1569,-0.87725674,1569,0.00001569,scheduled subsidy boundary
S4,S4,Idealized 113/114 cap-derived geometric schedule,195510000,177284,175728,0.00177284,0.00175728,-1556,-0.87768778,1556,0.00001556,scheduled subsidy boundary
S4,S4,Idealized 113/114 cap-derived geometric schedule,195720000,175728,174186,0.00175728,0.00174186,-1542,-0.87749249,1542,0.00001542,scheduled subsidy boundary
S4,S4,Idealized 113/114 cap-derived geometric schedule,195930000,174186,172658,0.00174186,0.00172658,-1528,-0.87722320,1528,0.00001528,scheduled subsidy boundary
S4,S4,Idealized 113/114 cap-derived geometric schedule,196140000,172658,171143,0.00172658,0.00171143,-1515,-0.87745717,1515,0.00001515,scheduled subsidy boundary
S4,S4,Idealized 113/114 cap-derived geometric schedule,196350000,171143,169641,0.00171143,0.00169641,-1502,-0.87762865,1502,0.00001502,scheduled subsidy boundary
S4,S4,Idealized 113/114 cap-derived geometric schedule,196560000,169641,168152,0.00169641,0.00168152,-1489,-0.87773592,1489,0.00001489,scheduled subsidy boundary
S4,S4,Idealized 113/114 cap-derived geometric schedule,196770000,168152,166676,0.00168152,0.00166676,-1476,-0.87777725,1476,0.00001476,scheduled subsidy boundary
S4,S4,Idealized 113/114 cap-derived geometric schedule,196980000,166676,165213,0.00166676,0.00165213,-1463,-0.87775085,1463,0.00001463,scheduled subsidy boundary
S4,S4,Idealized 113/114 cap-derived geometric schedule,197190000,165213,163763,0.00165213,0.00163763,-1450,-0.87765491,1450,0.00001450,scheduled subsidy boundary
S4,S4,Idealized 113/114 cap-derived geometric schedule,197400000,163763,162326,0.00163763,0.00162326,-1437,-0.87748759,1437,0.00001437,scheduled subsidy boundary
S4,S4,Idealized 113/114 cap-derived geometric schedule,197610000,162326,160902,0.00162326,0.00160902,-1424,-0.87724702,1424,0.00001424,scheduled subsidy boundary
S4,S4,Idealized 113/114 cap-derived geometric schedule,197820000,160902,159490,0.00160902,0.00159490,-1412,-0.87755280,1412,0.00001412,scheduled subsidy boundary
S4,S4,Idealized 113/114 cap-derived geometric schedule,198030000,159490,158090,0.00159490,0.00158090,-1400,-0.87779798,1400,0.00001400,scheduled subsidy boundary
S4,S4,Idealized 113/114 cap-derived geometric schedule,198240000,158090,156703,0.00158090,0.00156703,-1387,-0.87734835,1387,0.00001387,scheduled subsidy boundary
S4,S4,Idealized 113/114 cap-derived geometric schedule,198450000,156703,155328,0.00156703,0.00155328,-1375,-0.87745608,1375,0.00001375,scheduled subsidy boundary
S4,S4,Idealized 113/114 cap-derived geometric schedule,198660000,155328,153965,0.00155328,0.00153965,-1363,-0.87749794,1363,0.00001363,scheduled subsidy boundary
S4,S4,Idealized 113/114 cap-derived geometric schedule,198870000,153965,152614,0.00153965,0.00152614,-1351,-0.87747215,1351,0.00001351,scheduled subsidy boundary
S4,S4,Idealized 113/114 cap-derived geometric schedule,199080000,152614,151275,0.00152614,0.00151275,-1339,-0.87737691,1339,0.00001339,scheduled subsidy boundary
S4,S4,Idealized 113/114 cap-derived geometric schedule,199290000,151275,149948,0.00151275,0.00149948,-1327,-0.87721038,1327,0.00001327,scheduled subsidy boundary
S4,S4,Idealized 113/114 cap-derived geometric schedule,199500000,149948,148632,0.00149948,0.00148632,-1316,-0.87763758,1316,0.00001316,scheduled subsidy boundary
S4,S4,Idealized 113/114 cap-derived geometric schedule,199710000,148632,147328,0.00148632,0.00147328,-1304,-0.87733463,1304,0.00001304,scheduled subsidy boundary
S4,S4,Idealized 113/114 cap-derived geometric schedule,199920000,147328,146035,0.00147328,0.00146035,-1293,-0.87763358,1293,0.00001293,scheduled subsidy boundary
S4,S4,Idealized 113/114 cap-derived geometric schedule,200130000,146035,144753,0.00146035,0.00144753,-1282,-0.87787174,1282,0.00001282,scheduled subsidy boundary
S4,S4,Idealized 113/114 cap-derived geometric schedule,200340000,144753,143483,0.00144753,0.00143483,-1270,-0.87735660,1270,0.00001270,scheduled subsidy boundary
S4,S4,Idealized 113/114 cap-derived geometric schedule,200550000,143483,142224,0.00143483,0.00142224,-1259,-0.87745587,1259,0.00001259,scheduled subsidy boundary
S4,S4,Idealized 113/114 cap-derived geometric schedule,200760000,142224,140976,0.00142224,0.00140976,-1248,-0.87748903,1248,0.00001248,scheduled subsidy boundary
S4,S4,Idealized 113/114 cap-derived geometric schedule,200970000,140976,139739,0.00140976,0.00139739,-1237,-0.87745432,1237,0.00001237,scheduled subsidy boundary
S4,S4,Idealized 113/114 cap-derived geometric schedule,201180000,139739,138513,0.00139739,0.00138513,-1226,-0.87734992,1226,0.00001226,scheduled subsidy boundary
S4,S4,Idealized 113/114 cap-derived geometric schedule,201390000,138513,137297,0.00138513,0.00137297,-1216,-0.87789594,1216,0.00001216,scheduled subsidy boundary
S4,S4,Idealized 113/114 cap-derived geometric schedule,201600000,137297,136092,0.00137297,0.00136092,-1205,-0.87765938,1205,0.00001205,scheduled subsidy boundary
S4,S4,Idealized 113/114 cap-derived geometric schedule,201810000,136092,134898,0.00136092,0.00134898,-1194,-0.87734768,1194,0.00001194,scheduled subsidy boundary
S4,S4,Idealized 113/114 cap-derived geometric schedule,202020000,134898,133714,0.00134898,0.00133714,-1184,-0.87770019,1184,0.00001184,scheduled subsidy boundary
S4,S4,Idealized 113/114 cap-derived geometric schedule,202230000,133714,132541,0.00133714,0.00132541,-1173,-0.87724546,1173,0.00001173,scheduled subsidy boundary
S4,S4,Idealized 113/114 cap-derived geometric schedule,202440000,132541,131378,0.00132541,0.00131378,-1163,-0.87746433,1163,0.00001163,scheduled subsidy boundary
S4,S4,Idealized 113/114 cap-derived geometric schedule,202650000,131378,130225,0.00131378,0.00130225,-1153,-0.87762030,1153,0.00001153,scheduled subsidy boundary
S4,S4,Idealized 113/114 cap-derived geometric schedule,202860000,130225,129082,0.00130225,0.00129082,-1143,-0.87771165,1143,0.00001143,scheduled subsidy boundary
S4,S4,Idealized 113/114 cap-derived geometric schedule,203070000,129082,127949,0.00129082,0.00127949,-1133,-0.87773663,1133,0.00001133,scheduled subsidy boundary
S4,S4,Idealized 113/114 cap-derived geometric schedule,203280000,127949,126826,0.00127949,0.00126826,-1123,-0.87769346,1123,0.00001123,scheduled subsidy boundary
S4,S4,Idealized 113/114 cap-derived geometric schedule,203490000,126826,125713,0.00126826,0.00125713,-1113,-0.87758031,1113,0.00001113,scheduled subsidy boundary
S4,S4,Idealized 113/114 cap-derived geometric schedule,203700000,125713,124610,0.00125713,0.00124610,-1103,-0.87739534,1103,0.00001103,scheduled subsidy boundary
S4,S4,Idealized 113/114 cap-derived geometric schedule,203910000,124610,123516,0.00124610,0.00123516,-1094,-0.87793917,1094,0.00001094,scheduled subsidy boundary
S4,S4,Idealized 113/114 cap-derived geometric schedule,204120000,123516,122432,0.00123516,0.00122432,-1084,-0.87761909,1084,0.00001084,scheduled subsidy boundary
S4,S4,Idealized 113/114 cap-derived geometric schedule,204330000,122432,121358,0.00122432,0.00121358,-1074,-0.87722164,1074,0.00001074,scheduled subsidy boundary
S4,S4,Idealized 113/114 cap-derived geometric schedule,204540000,121358,120293,0.00121358,0.00120293,-1065,-0.87756885,1065,0.00001065,scheduled subsidy boundary
S4,S4,Idealized 113/114 cap-derived geometric schedule,204750000,120293,119237,0.00120293,0.00119237,-1056,-0.87785657,1056,0.00001056,scheduled subsidy boundary
S4,S4,Idealized 113/114 cap-derived geometric schedule,204960000,119237,118191,0.00119237,0.00118191,-1046,-0.87724448,1046,0.00001046,scheduled subsidy boundary
S4,S4,Idealized 113/114 cap-derived geometric schedule,205170000,118191,117154,0.00118191,0.00117154,-1037,-0.87739337,1037,0.00001037,scheduled subsidy boundary
S4,S4,Idealized 113/114 cap-derived geometric schedule,205380000,117154,116126,0.00117154,0.00116126,-1028,-0.87747751,1028,0.00001028,scheduled subsidy boundary
S4,S4,Idealized 113/114 cap-derived geometric schedule,205590000,116126,115107,0.00116126,0.00115107,-1019,-0.87749513,1019,0.00001019,scheduled subsidy boundary
S4,S4,Idealized 113/114 cap-derived geometric schedule,205800000,115107,114097,0.00115107,0.00114097,-1010,-0.87744446,1010,0.00001010,scheduled subsidy boundary
S4,S4,Idealized 113/114 cap-derived geometric schedule,206010000,114097,113096,0.00114097,0.00113096,-1001,-0.87732368,1001,0.00001001,scheduled subsidy boundary
S4,S4,Idealized 113/114 cap-derived geometric schedule,206220000,113096,112103,0.00113096,0.00112103,-993,-0.87801514,993,0.00000993,scheduled subsidy boundary
S4,S4,Idealized 113/114 cap-derived geometric schedule,206430000,112103,111119,0.00112103,0.00111119,-984,-0.87776420,984,0.00000984,scheduled subsidy boundary
S4,S4,Idealized 113/114 cap-derived geometric schedule,206640000,111119,110144,0.00111119,0.00110144,-975,-0.87743770,975,0.00000975,scheduled subsidy boundary
S4,S4,Idealized 113/114 cap-derived geometric schedule,206850000,110144,109177,0.00110144,0.00109177,-967,-0.87794160,967,0.00000967,scheduled subsidy boundary
S4,S4,Idealized 113/114 cap-derived geometric schedule,207060000,109177,108219,0.00109177,0.00108219,-958,-0.87747419,958,0.00000958,scheduled subsidy boundary
S4,S4,Idealized 113/114 cap-derived geometric schedule,207270000,108219,107269,0.00108219,0.00107269,-950,-0.87784955,950,0.00000950,scheduled subsidy boundary
S4,S4,Idealized 113/114 cap-derived geometric schedule,207480000,107269,106328,0.00107269,0.00106328,-941,-0.87723387,941,0.00000941,scheduled subsidy boundary
S4,S4,Idealized 113/114 cap-derived geometric schedule,207690000,106328,105395,0.00106328,0.00105395,-933,-0.87747348,933,0.00000933,scheduled subsidy boundary
S4,S4,Idealized 113/114 cap-derived geometric schedule,207900000,105395,104470,0.00105395,0.00104470,-925,-0.87765074,925,0.00000925,scheduled subsidy boundary
S4,S4,Idealized 113/114 cap-derived geometric schedule,208110000,104470,103553,0.00104470,0.00103553,-917,-0.87776395,917,0.00000917,scheduled subsidy boundary
S4,S4,Idealized 113/114 cap-derived geometric schedule,208320000,103553,102644,0.00103553,0.00102644,-909,-0.87781136,909,0.00000909,scheduled subsidy boundary
S4,S4,Idealized 113/114 cap-derived geometric schedule,208530000,102644,101743,0.00102644,0.00101743,-901,-0.87779120,901,0.00000901,scheduled subsidy boundary
S4,S4,Idealized 113/114 cap-derived geometric schedule,208740000,101743,100850,0.00101743,0.00100850,-893,-0.87770166,893,0.00000893,scheduled subsidy boundary
S4,S4,Idealized 113/114 cap-derived geometric schedule,208950000,100850,99965,0.00100850,0.00099965,-885,-0.87754090,885,0.00000885,scheduled subsidy boundary
S4,S4,Idealized 113/114 cap-derived geometric schedule,209160000,99965,99088,0.00099965,0.00099088,-877,-0.87730706,877,0.00000877,scheduled subsidy boundary
S4,S4,Idealized 113/114 cap-derived geometric schedule,209370000,99088,98218,0.00099088,0.00098218,-870,-0.87800743,870,0.00000870,scheduled subsidy boundary
S4,S4,Idealized 113/114 cap-derived geometric schedule,209580000,98218,97356,0.00098218,0.00097356,-862,-0.87763954,862,0.00000862,scheduled subsidy boundary
S4,S4,Idealized 113/114 cap-derived geometric schedule,209790000,97356,96502,0.00097356,0.00096502,-854,-0.87719298,854,0.00000854,scheduled subsidy boundary
S4,S4,Idealized 113/114 cap-derived geometric schedule,210000000,96502,95655,0.00096502,0.00095655,-847,-0.87770202,847,0.00000847,scheduled subsidy boundary
S4,S4,Idealized 113/114 cap-derived geometric schedule,210210000,95655,94815,0.00095655,0.00094815,-840,-0.87815587,840,0.00000840,scheduled subsidy boundary
S4,S4,Idealized 113/114 cap-derived geometric schedule,210420000,94815,93983,0.00094815,0.00093983,-832,-0.87749829,832,0.00000832,scheduled subsidy boundary
S4,S4,Idealized 113/114 cap-derived geometric schedule,210630000,93983,93158,0.00093983,0.00093158,-825,-0.87781833,825,0.00000825,scheduled subsidy boundary
S4,S4,Idealized 113/114 cap-derived geometric schedule,210840000,93158,92340,0.00093158,0.00092340,-818,-0.87807810,818,0.00000818,scheduled subsidy boundary
S4,S4,Idealized 113/114 cap-derived geometric schedule,211050000,92340,91530,0.00092340,0.00091530,-810,-0.87719298,810,0.00000810,scheduled subsidy boundary
S4,S4,Idealized 113/114 cap-derived geometric schedule,211260000,91530,90727,0.00091530,0.00090727,-803,-0.87730799,803,0.00000803,scheduled subsidy boundary
S4,S4,Idealized 113/114 cap-derived geometric schedule,211470000,90727,89931,0.00090727,0.00089931,-796,-0.87735735,796,0.00000796,scheduled subsidy boundary
S4,S4,Idealized 113/114 cap-derived geometric schedule,211680000,89931,89142,0.00089931,0.00089142,-789,-0.87733929,789,0.00000789,scheduled subsidy boundary
S4,S4,Idealized 113/114 cap-derived geometric schedule,211890000,89142,88360,0.00089142,0.00088360,-782,-0.87725202,782,0.00000782,scheduled subsidy boundary
S4,S4,Idealized 113/114 cap-derived geometric schedule,212100000,88360,87584,0.00088360,0.00087584,-776,-0.87822544,776,0.00000776,scheduled subsidy boundary
S4,S4,Idealized 113/114 cap-derived geometric schedule,212310000,87584,86815,0.00087584,0.00086815,-769,-0.87801425,769,0.00000769,scheduled subsidy boundary
S4,S4,Idealized 113/114 cap-derived geometric schedule,212520000,86815,86053,0.00086815,0.00086053,-762,-0.87772850,762,0.00000762,scheduled subsidy boundary
S4,S4,Idealized 113/114 cap-derived geometric schedule,212730000,86053,85298,0.00086053,0.00085298,-755,-0.87736627,755,0.00000755,scheduled subsidy boundary
S4,S4,Idealized 113/114 cap-derived geometric schedule,212940000,85298,84549,0.00085298,0.00084549,-749,-0.87809796,749,0.00000749,scheduled subsidy boundary
S4,S4,Idealized 113/114 cap-derived geometric schedule,213150000,84549,83807,0.00084549,0.00083807,-742,-0.87759761,742,0.00000742,scheduled subsidy boundary
S4,S4,Idealized 113/114 cap-derived geometric schedule,213360000,83807,83071,0.00083807,0.00083071,-736,-0.87820826,736,0.00000736,scheduled subsidy boundary
S4,S4,Idealized 113/114 cap-derived geometric schedule,213570000,83071,82342,0.00083071,0.00082342,-729,-0.87756257,729,0.00000729,scheduled subsidy boundary
S4,S4,Idealized 113/114 cap-derived geometric schedule,213780000,82342,81619,0.00082342,0.00081619,-723,-0.87804523,723,0.00000723,scheduled subsidy boundary
S4,S4,Idealized 113/114 cap-derived geometric schedule,213990000,81619,80903,0.00081619,0.00080903,-716,-0.87724672,716,0.00000716,scheduled subsidy boundary
S4,S4,Idealized 113/114 cap-derived geometric schedule,214200000,80903,80193,0.00080903,0.00080193,-710,-0.87759416,710,0.00000710,scheduled subsidy boundary
S4,S4,Idealized 113/114 cap-derived geometric schedule,214410000,80193,79489,0.00080193,0.00079489,-704,-0.87788211,704,0.00000704,scheduled subsidy boundary
S4,S4,Idealized 113/114 cap-derived geometric schedule,214620000,79489,78791,0.00079489,0.00078791,-698,-0.87810892,698,0.00000698,scheduled subsidy boundary
S4,S4,Idealized 113/114 cap-derived geometric schedule,214830000,78791,78099,0.00078791,0.00078099,-692,-0.87827290,692,0.00000692,scheduled subsidy boundary
S4,S4,Idealized 113/114 cap-derived geometric schedule,215040000,78099,77413,0.00078099,0.00077413,-686,-0.87837232,686,0.00000686,scheduled subsidy boundary
S4,S4,Idealized 113/114 cap-derived geometric schedule,215250000,77413,76733,0.00077413,0.00076733,-680,-0.87840544,680,0.00000680,scheduled subsidy boundary
S4,S4,Idealized 113/114 cap-derived geometric schedule,215460000,76733,76059,0.00076733,0.00076059,-674,-0.87837045,674,0.00000674,scheduled subsidy boundary
S4,S4,Idealized 113/114 cap-derived geometric schedule,215670000,76059,75391,0.00076059,0.00075391,-668,-0.87826556,668,0.00000668,scheduled subsidy boundary
S4,S4,Idealized 113/114 cap-derived geometric schedule,215880000,75391,74729,0.00075391,0.00074729,-662,-0.87808890,662,0.00000662,scheduled subsidy boundary
S4,S4,Idealized 113/114 cap-derived geometric schedule,216090000,74729,74073,0.00074729,0.00074073,-656,-0.87783859,656,0.00000656,scheduled subsidy boundary
S4,S4,Idealized 113/114 cap-derived geometric schedule,216300000,74073,73423,0.00074073,0.00073423,-650,-0.87751272,650,0.00000650,scheduled subsidy boundary
S4,S4,Idealized 113/114 cap-derived geometric schedule,216510000,73423,72778,0.00073423,0.00072778,-645,-0.87847132,645,0.00000645,scheduled subsidy boundary
S4,S4,Idealized 113/114 cap-derived geometric schedule,216720000,72778,72139,0.00072778,0.00072139,-639,-0.87801259,639,0.00000639,scheduled subsidy boundary
S4,S4,Idealized 113/114 cap-derived geometric schedule,216930000,72139,71506,0.00072139,0.00071506,-633,-0.87747266,633,0.00000633,scheduled subsidy boundary
S4,S4,Idealized 113/114 cap-derived geometric schedule,217140000,71506,70878,0.00071506,0.00070878,-628,-0.87824798,628,0.00000628,scheduled subsidy boundary
S4,S4,Idealized 113/114 cap-derived geometric schedule,217350000,70878,70256,0.00070878,0.00070256,-622,-0.87756427,622,0.00000622,scheduled subsidy boundary
S4,S4,Idealized 113/114 cap-derived geometric schedule,217560000,70256,69639,0.00070256,0.00069639,-617,-0.87821681,617,0.00000617,scheduled subsidy boundary
S4,S4,Idealized 113/114 cap-derived geometric schedule,217770000,69639,69028,0.00069639,0.00069028,-611,-0.87738193,611,0.00000611,scheduled subsidy boundary
S4,S4,Idealized 113/114 cap-derived geometric schedule,217980000,69028,68422,0.00069028,0.00068422,-606,-0.87790462,606,0.00000606,scheduled subsidy boundary
S4,S4,Idealized 113/114 cap-derived geometric schedule,218190000,68422,67821,0.00068422,0.00067821,-601,-0.87837245,601,0.00000601,scheduled subsidy boundary
S4,S4,Idealized 113/114 cap-derived geometric schedule,218400000,67821,67226,0.00067821,0.00067226,-595,-0.87730939,595,0.00000595,scheduled subsidy boundary
S4,S4,Idealized 113/114 cap-derived geometric schedule,218610000,67226,66636,0.00067226,0.00066636,-590,-0.87763663,590,0.00000590,scheduled subsidy boundary
S4,S4,Idealized 113/114 cap-derived geometric schedule,218820000,66636,66051,0.00066636,0.00066051,-585,-0.87790384,585,0.00000585,scheduled subsidy boundary
S4,S4,Idealized 113/114 cap-derived geometric schedule,219030000,66051,65471,0.00066051,0.00065471,-580,-0.87810934,580,0.00000580,scheduled subsidy boundary
S4,S4,Idealized 113/114 cap-derived geometric schedule,219240000,65471,64896,0.00065471,0.00064896,-575,-0.87825144,575,0.00000575,scheduled subsidy boundary
S4,S4,Idealized 113/114 cap-derived geometric schedule,219450000,64896,64326,0.00064896,0.00064326,-570,-0.87832840,570,0.00000570,scheduled subsidy boundary
S4,S4,Idealized 113/114 cap-derived geometric schedule,219660000,64326,63761,0.00064326,0.00063761,-565,-0.87833846,565,0.00000565,scheduled subsidy boundary
S4,S4,Idealized 113/114 cap-derived geometric schedule,219870000,63761,63201,0.00063761,0.00063201,-560,-0.87827983,560,0.00000560,scheduled subsidy boundary
S4,S4,Idealized 113/114 cap-derived geometric schedule,220080000,63201,62646,0.00063201,0.00062646,-555,-0.87815066,555,0.00000555,scheduled subsidy boundary
S4,S4,Idealized 113/114 cap-derived geometric schedule,220290000,62646,62096,0.00062646,0.00062096,-550,-0.87794911,550,0.00000550,scheduled subsidy boundary
S4,S4,Idealized 113/114 cap-derived geometric schedule,220500000,62096,61551,0.00062096,0.00061551,-545,-0.87767328,545,0.00000545,scheduled subsidy boundary
S4,S4,Idealized 113/114 cap-derived geometric schedule,220710000,61551,61011,0.00061551,0.00061011,-540,-0.87732125,540,0.00000540,scheduled subsidy boundary
S4,S4,Idealized 113/114 cap-derived geometric schedule,220920000,61011,60475,0.00061011,0.00060475,-536,-0.87853010,536,0.00000536,scheduled subsidy boundary
S4,S4,Idealized 113/114 cap-derived geometric schedule,221130000,60475,59944,0.00060475,0.00059944,-531,-0.87804878,531,0.00000531,scheduled subsidy boundary
S4,S4,Idealized 113/114 cap-derived geometric schedule,221340000,59944,59418,0.00059944,0.00059418,-526,-0.87748565,526,0.00000526,scheduled subsidy boundary
S4,S4,Idealized 113/114 cap-derived geometric schedule,221550000,59418,58896,0.00059418,0.00058896,-522,-0.87852166,522,0.00000522,scheduled subsidy boundary
S4,S4,Idealized 113/114 cap-derived geometric schedule,221760000,58896,58379,0.00058896,0.00058379,-517,-0.87781853,517,0.00000517,scheduled subsidy boundary
S4,S4,Idealized 113/114 cap-derived geometric schedule,221970000,58379,57866,0.00058379,0.00057866,-513,-0.87874064,513,0.00000513,scheduled subsidy boundary
S4,S4,Idealized 113/114 cap-derived geometric schedule,222180000,57866,57358,0.00057866,0.00057358,-508,-0.87789030,508,0.00000508,scheduled subsidy boundary
S4,S4,Idealized 113/114 cap-derived geometric schedule,222390000,57358,56854,0.00057358,0.00056854,-504,-0.87869173,504,0.00000504,scheduled subsidy boundary
S4,S4,Idealized 113/114 cap-derived geometric schedule,222600000,56854,56355,0.00056854,0.00056355,-499,-0.87768671,499,0.00000499,scheduled subsidy boundary
S4,S4,Idealized 113/114 cap-derived geometric schedule,222810000,56355,55860,0.00056355,0.00055860,-495,-0.87836039,495,0.00000495,scheduled subsidy boundary
S4,S4,Idealized 113/114 cap-derived geometric schedule,223020000,55860,55370,0.00055860,0.00055370,-490,-0.87719298,490,0.00000490,scheduled subsidy boundary
S4,S4,Idealized 113/114 cap-derived geometric schedule,223230000,55370,54884,0.00055370,0.00054884,-486,-0.87773162,486,0.00000486,scheduled subsidy boundary
S4,S4,Idealized 113/114 cap-derived geometric schedule,223440000,54884,54402,0.00054884,0.00054402,-482,-0.87821587,482,0.00000482,scheduled subsidy boundary
S4,S4,Idealized 113/114 cap-derived geometric schedule,223650000,54402,53924,0.00054402,0.00053924,-478,-0.87864417,478,0.00000478,scheduled subsidy boundary
S4,S4,Idealized 113/114 cap-derived geometric schedule,223860000,53924,53450,0.00053924,0.00053450,-474,-0.87901491,474,0.00000474,scheduled subsidy boundary
S4,S4,Idealized 113/114 cap-derived geometric schedule,224070000,53450,52981,0.00053450,0.00052981,-469,-0.87745557,469,0.00000469,scheduled subsidy boundary
S4,S4,Idealized 113/114 cap-derived geometric schedule,224280000,52981,52516,0.00052981,0.00052516,-465,-0.87767313,465,0.00000465,scheduled subsidy boundary
S4,S4,Idealized 113/114 cap-derived geometric schedule,224490000,52516,52055,0.00052516,0.00052055,-461,-0.87782771,461,0.00000461,scheduled subsidy boundary
S4,S4,Idealized 113/114 cap-derived geometric schedule,224700000,52055,51598,0.00052055,0.00051598,-457,-0.87791759,457,0.00000457,scheduled subsidy boundary
S4,S4,Idealized 113/114 cap-derived geometric schedule,224910000,51598,51145,0.00051598,0.00051145,-453,-0.87794101,453,0.00000453,scheduled subsidy boundary
S4,S4,Idealized 113/114 cap-derived geometric schedule,225120000,51145,50696,0.00051145,0.00050696,-449,-0.87789618,449,0.00000449,scheduled subsidy boundary
S4,S4,Idealized 113/114 cap-derived geometric schedule,225330000,50696,50251,0.00050696,0.00050251,-445,-0.87778128,445,0.00000445,scheduled subsidy boundary
S4,S4,Idealized 113/114 cap-derived geometric schedule,225540000,50251,49810,0.00050251,0.00049810,-441,-0.87759448,441,0.00000441,scheduled subsidy boundary
S4,S4,Idealized 113/114 cap-derived geometric schedule,225750000,49810,49373,0.00049810,0.00049373,-437,-0.87733387,437,0.00000437,scheduled subsidy boundary
S4,S4,Idealized 113/114 cap-derived geometric schedule,225960000,49373,48939,0.00049373,0.00048939,-434,-0.87902295,434,0.00000434,scheduled subsidy boundary
S4,S4,Idealized 113/114 cap-derived geometric schedule,226170000,48939,48509,0.00048939,0.00048509,-430,-0.87864484,430,0.00000430,scheduled subsidy boundary
S4,S4,Idealized 113/114 cap-derived geometric schedule,226380000,48509,48083,0.00048509,0.00048083,-426,-0.87818755,426,0.00000426,scheduled subsidy boundary
S4,S4,Idealized 113/114 cap-derived geometric schedule,226590000,48083,47661,0.00048083,0.00047661,-422,-0.87764907,422,0.00000422,scheduled subsidy boundary
S4,S4,Idealized 113/114 cap-derived geometric schedule,226800000,47661,47242,0.00047661,0.00047242,-419,-0.87912549,419,0.00000419,scheduled subsidy boundary
S4,S4,Idealized 113/114 cap-derived geometric schedule,227010000,47242,46827,0.00047242,0.00046827,-415,-0.87845561,415,0.00000415,scheduled subsidy boundary
S4,S4,Idealized 113/114 cap-derived geometric schedule,227220000,46827,46416,0.00046827,0.00046416,-411,-0.87769876,411,0.00000411,scheduled subsidy boundary
S4,S4,Idealized 113/114 cap-derived geometric schedule,227430000,46416,46008,0.00046416,0.00046008,-408,-0.87900724,408,0.00000408,scheduled subsidy boundary
S4,S4,Idealized 113/114 cap-derived geometric schedule,227640000,46008,45604,0.00046008,0.00045604,-404,-0.87810816,404,0.00000404,scheduled subsidy boundary
S4,S4,Idealized 113/114 cap-derived geometric schedule,227850000,45604,45203,0.00045604,0.00045203,-401,-0.87930883,401,0.00000401,scheduled subsidy boundary
S4,S4,Idealized 113/114 cap-derived geometric schedule,228060000,45203,44806,0.00045203,0.00044806,-397,-0.87826029,397,0.00000397,scheduled subsidy boundary
S4,S4,Idealized 113/114 cap-derived geometric schedule,228270000,44806,44412,0.00044806,0.00044412,-394,-0.87934652,394,0.00000394,scheduled subsidy boundary
S4,S4,Idealized 113/114 cap-derived geometric schedule,228480000,44412,44022,0.00044412,0.00044022,-390,-0.87814104,390,0.00000390,scheduled subsidy boundary
S4,S4,Idealized 113/114 cap-derived geometric schedule,228690000,44022,43635,0.00044022,0.00043635,-387,-0.87910590,387,0.00000387,scheduled subsidy boundary
S4,S4,Idealized 113/114 cap-derived geometric schedule,228900000,43635,43252,0.00043635,0.00043252,-383,-0.87773576,383,0.00000383,scheduled subsidy boundary
S4,S4,Idealized 113/114 cap-derived geometric schedule,229110000,43252,42872,0.00043252,0.00042872,-380,-0.87857209,380,0.00000380,scheduled subsidy boundary
S4,S4,Idealized 113/114 cap-derived geometric schedule,229320000,42872,42495,0.00042872,0.00042495,-377,-0.87936182,377,0.00000377,scheduled subsidy boundary
S4,S4,Idealized 113/114 cap-derived geometric schedule,229530000,42495,42122,0.00042495,0.00042122,-373,-0.87775032,373,0.00000373,scheduled subsidy boundary
S4,S4,Idealized 113/114 cap-derived geometric schedule,229740000,42122,41752,0.00042122,0.00041752,-370,-0.87840084,370,0.00000370,scheduled subsidy boundary
S4,S4,Idealized 113/114 cap-derived geometric schedule,229950000,41752,41385,0.00041752,0.00041385,-367,-0.87899981,367,0.00000367,scheduled subsidy boundary
S4,S4,Idealized 113/114 cap-derived geometric schedule,230160000,41385,41021,0.00041385,0.00041021,-364,-0.87954573,364,0.00000364,scheduled subsidy boundary
S4,S4,Idealized 113/114 cap-derived geometric schedule,230370000,41021,40661,0.00041021,0.00040661,-360,-0.87759928,360,0.00000360,scheduled subsidy boundary
S4,S4,Idealized 113/114 cap-derived geometric schedule,230580000,40661,40304,0.00040661,0.00040304,-357,-0.87799120,357,0.00000357,scheduled subsidy boundary
S4,S4,Idealized 113/114 cap-derived geometric schedule,230790000,40304,39950,0.00040304,0.00039950,-354,-0.87832473,354,0.00000354,scheduled subsidy boundary
S4,S4,Idealized 113/114 cap-derived geometric schedule,231000000,39950,39599,0.00039950,0.00039599,-351,-0.87859825,351,0.00000351,scheduled subsidy boundary
S4,S4,Idealized 113/114 cap-derived geometric schedule,231210000,39599,39251,0.00039599,0.00039251,-348,-0.87881007,348,0.00000348,scheduled subsidy boundary
S4,S4,Idealized 113/114 cap-derived geometric schedule,231420000,39251,38906,0.00039251,0.00038906,-345,-0.87895850,345,0.00000345,scheduled subsidy boundary
S4,S4,Idealized 113/114 cap-derived geometric schedule,231630000,38906,38564,0.00038906,0.00038564,-342,-0.87904179,342,0.00000342,scheduled subsidy boundary
S4,S4,Idealized 113/114 cap-derived geometric schedule,231840000,38564,38225,0.00038564,0.00038225,-339,-0.87905819,339,0.00000339,scheduled subsidy boundary
S4,S4,Idealized 113/114 cap-derived geometric schedule,232050000,38225,37889,0.00038225,0.00037889,-336,-0.87900589,336,0.00000336,scheduled subsidy boundary
S4,S4,Idealized 113/114 cap-derived geometric schedule,232260000,37889,37556,0.00037889,0.00037556,-333,-0.87888305,333,0.00000333,scheduled subsidy boundary
S4,S4,Idealized 113/114 cap-derived geometric schedule,232470000,37556,37226,0.00037556,0.00037226,-330,-0.87868783,330,0.00000330,scheduled subsidy boundary
S4,S4,Idealized 113/114 cap-derived geometric schedule,232680000,37226,36899,0.00037226,0.00036899,-327,-0.87841831,327,0.00000327,scheduled subsidy boundary
S4,S4,Idealized 113/114 cap-derived geometric schedule,232890000,36899,36575,0.00036899,0.00036575,-324,-0.87807258,324,0.00000324,scheduled subsidy boundary
S4,S4,Idealized 113/114 cap-derived geometric schedule,233100000,36575,36254,0.00036575,0.00036254,-321,-0.87764867,321,0.00000321,scheduled subsidy boundary
S4,S4,Idealized 113/114 cap-derived geometric schedule,233310000,36254,35935,0.00036254,0.00035935,-319,-0.87990291,319,0.00000319,scheduled subsidy boundary
S4,S4,Idealized 113/114 cap-derived geometric schedule,233520000,35935,35619,0.00035935,0.00035619,-316,-0.87936552,316,0.00000316,scheduled subsidy boundary
S4,S4,Idealized 113/114 cap-derived geometric schedule,233730000,35619,35306,0.00035619,0.00035306,-313,-0.87874449,313,0.00000313,scheduled subsidy boundary
S4,S4,Idealized 113/114 cap-derived geometric schedule,233940000,35306,34996,0.00035306,0.00034996,-310,-0.87803773,310,0.00000310,scheduled subsidy boundary
S4,S4,Idealized 113/114 cap-derived geometric schedule,234150000,34996,34689,0.00034996,0.00034689,-307,-0.87724311,307,0.00000307,scheduled subsidy boundary
S4,S4,Idealized 113/114 cap-derived geometric schedule,234360000,34689,34384,0.00034689,0.00034384,-305,-0.87924126,305,0.00000305,scheduled subsidy boundary
S4,S4,Idealized 113/114 cap-derived geometric schedule,234570000,34384,34082,0.00034384,0.00034082,-302,-0.87831550,302,0.00000302,scheduled subsidy boundary
S4,S4,Idealized 113/114 cap-derived geometric schedule,234780000,34082,33783,0.00034082,0.00033783,-299,-0.87729593,299,0.00000299,scheduled subsidy boundary
S4,S4,Idealized 113/114 cap-derived geometric schedule,234990000,33783,33486,0.00033783,0.00033486,-297,-0.87914040,297,0.00000297,scheduled subsidy boundary
S4,S4,Idealized 113/114 cap-derived geometric schedule,235200000,33486,33192,0.00033486,0.00033192,-294,-0.87797886,294,0.00000294,scheduled subsidy boundary
S4,S4,Idealized 113/114 cap-derived geometric schedule,235410000,33192,32900,0.00033192,0.00032900,-292,-0.87973006,292,0.00000292,scheduled subsidy boundary
S4,S4,Idealized 113/114 cap-derived geometric schedule,235620000,32900,32611,0.00032900,0.00032611,-289,-0.87841945,289,0.00000289,scheduled subsidy boundary
S4,S4,Idealized 113/114 cap-derived geometric schedule,235830000,32611,32324,0.00032611,0.00032324,-287,-0.88007114,287,0.00000287,scheduled subsidy boundary
S4,S4,Idealized 113/114 cap-derived geometric schedule,236040000,32324,32040,0.00032324,0.00032040,-284,-0.87860413,284,0.00000284,scheduled subsidy boundary
S4,S4,Idealized 113/114 cap-derived geometric schedule,236250000,32040,31758,0.00032040,0.00031758,-282,-0.88014981,282,0.00000282,scheduled subsidy boundary
S4,S4,Idealized 113/114 cap-derived geometric schedule,236460000,31758,31479,0.00031758,0.00031479,-279,-0.87851880,279,0.00000279,scheduled subsidy boundary
S4,S4,Idealized 113/114 cap-derived geometric schedule,236670000,31479,31202,0.00031479,0.00031202,-277,-0.87995171,277,0.00000277,scheduled subsidy boundary
S4,S4,Idealized 113/114 cap-derived geometric schedule,236880000,31202,30928,0.00031202,0.00030928,-274,-0.87814884,274,0.00000274,scheduled subsidy boundary
S4,S4,Idealized 113/114 cap-derived geometric schedule,237090000,30928,30656,0.00030928,0.00030656,-272,-0.87946198,272,0.00000272,scheduled subsidy boundary
S4,S4,Idealized 113/114 cap-derived geometric schedule,237300000,30656,30387,0.00030656,0.00030387,-269,-0.87747912,269,0.00000269,scheduled subsidy boundary
S4,S4,Idealized 113/114 cap-derived geometric schedule,237510000,30387,30120,0.00030387,0.00030120,-267,-0.87866522,267,0.00000267,scheduled subsidy boundary
S4,S4,Idealized 113/114 cap-derived geometric schedule,237720000,30120,29855,0.00030120,0.00029855,-265,-0.87981408,265,0.00000265,scheduled subsidy boundary
S4,S4,Idealized 113/114 cap-derived geometric schedule,237930000,29855,29593,0.00029855,0.00029593,-262,-0.87757495,262,0.00000262,scheduled subsidy boundary
S4,S4,Idealized 113/114 cap-derived geometric schedule,238140000,29593,29333,0.00029593,0.00029333,-260,-0.87858615,260,0.00000260,scheduled subsidy boundary
S4,S4,Idealized 113/114 cap-derived geometric schedule,238350000,29333,29075,0.00029333,0.00029075,-258,-0.87955545,258,0.00000258,scheduled subsidy boundary
S4,S4,Idealized 113/114 cap-derived geometric schedule,238560000,29075,28819,0.00029075,0.00028819,-256,-0.88048151,256,0.00000256,scheduled subsidy boundary
S4,S4,Idealized 113/114 cap-derived geometric schedule,238770000,28819,28566,0.00028819,0.00028566,-253,-0.87789306,253,0.00000253,scheduled subsidy boundary
S4,S4,Idealized 113/114 cap-derived geometric schedule,238980000,28566,28315,0.00028566,0.00028315,-251,-0.87866695,251,0.00000251,scheduled subsidy boundary
S4,S4,Idealized 113/114 cap-derived geometric schedule,239190000,28315,28066,0.00028315,0.00028066,-249,-0.87939255,249,0.00000249,scheduled subsidy boundary
S4,S4,Idealized 113/114 cap-derived geometric schedule,239400000,28066,27819,0.00028066,0.00027819,-247,-0.88006841,247,0.00000247,scheduled subsidy boundary
S4,S4,Idealized 113/114 cap-derived geometric schedule,239610000,27819,27574,0.00027819,0.00027574,-245,-0.88069305,245,0.00000245,scheduled subsidy boundary
S4,S4,Idealized 113/114 cap-derived geometric schedule,239820000,27574,27332,0.00027574,0.00027332,-242,-0.87763835,242,0.00000242,scheduled subsidy boundary
S4,S4,Idealized 113/114 cap-derived geometric schedule,240030000,27332,27092,0.00027332,0.00027092,-240,-0.87809161,240,0.00000240,scheduled subsidy boundary
S4,S4,Idealized 113/114 cap-derived geometric schedule,240240000,27092,26854,0.00027092,0.00026854,-238,-0.87848811,238,0.00000238,scheduled subsidy boundary
S4,S4,Idealized 113/114 cap-derived geometric schedule,240450000,26854,26618,0.00026854,0.00026618,-236,-0.87882625,236,0.00000236,scheduled subsidy boundary
S4,S4,Idealized 113/114 cap-derived geometric schedule,240660000,26618,26384,0.00026618,0.00026384,-234,-0.87910437,234,0.00000234,scheduled subsidy boundary
S4,S4,Idealized 113/114 cap-derived geometric schedule,240870000,26384,26152,0.00026384,0.00026152,-232,-0.87932080,232,0.00000232,scheduled subsidy boundary
S4,S4,Idealized 113/114 cap-derived geometric schedule,241080000,26152,25922,0.00026152,0.00025922,-230,-0.87947385,230,0.00000230,scheduled subsidy boundary
S4,S4,Idealized 113/114 cap-derived geometric schedule,241290000,25922,25694,0.00025922,0.00025694,-228,-0.87956176,228,0.00000228,scheduled subsidy boundary
S4,S4,Idealized 113/114 cap-derived geometric schedule,241500000,25694,25468,0.00025694,0.00025468,-226,-0.87958278,226,0.00000226,scheduled subsidy boundary
S4,S4,Idealized 113/114 cap-derived geometric schedule,241710000,25468,25244,0.00025468,0.00025244,-224,-0.87953510,224,0.00000224,scheduled subsidy boundary
S4,S4,Idealized 113/114 cap-derived geometric schedule,241920000,25244,25022,0.00025244,0.00025022,-222,-0.87941689,222,0.00000222,scheduled subsidy boundary
S4,S4,Idealized 113/114 cap-derived geometric schedule,242130000,25022,24802,0.00025022,0.00024802,-220,-0.87922628,220,0.00000220,scheduled subsidy boundary
S4,S4,Idealized 113/114 cap-derived geometric schedule,242340000,24802,24584,0.00024802,0.00024584,-218,-0.87896137,218,0.00000218,scheduled subsidy boundary
S4,S4,Idealized 113/114 cap-derived geometric schedule,242550000,24584,24368,0.00024584,0.00024368,-216,-0.87862024,216,0.00000216,scheduled subsidy boundary
S4,S4,Idealized 113/114 cap-derived geometric schedule,242760000,24368,24154,0.00024368,0.00024154,-214,-0.87820092,214,0.00000214,scheduled subsidy boundary
S4,S4,Idealized 113/114 cap-derived geometric schedule,242970000,24154,23942,0.00024154,0.00023942,-212,-0.87770142,212,0.00000212,scheduled subsidy boundary
S4,S4,Idealized 113/114 cap-derived geometric schedule,243180000,23942,23731,0.00023942,0.00023731,-211,-0.88129647,211,0.00000211,scheduled subsidy boundary
S4,S4,Idealized 113/114 cap-derived geometric schedule,243390000,23731,23522,0.00023731,0.00023522,-209,-0.88070456,209,0.00000209,scheduled subsidy boundary
S4,S4,Idealized 113/114 cap-derived geometric schedule,243600000,23522,23315,0.00023522,0.00023315,-207,-0.88002721,207,0.00000207,scheduled subsidy boundary
S4,S4,Idealized 113/114 cap-derived geometric schedule,243810000,23315,23110,0.00023315,0.00023110,-205,-0.87926228,205,0.00000205,scheduled subsidy boundary
S4,S4,Idealized 113/114 cap-derived geometric schedule,244020000,23110,22907,0.00023110,0.00022907,-203,-0.87840762,203,0.00000203,scheduled subsidy boundary
S4,S4,Idealized 113/114 cap-derived geometric schedule,244230000,22907,22706,0.00022907,0.00022706,-201,-0.87746104,201,0.00000201,scheduled subsidy boundary
S4,S4,Idealized 113/114 cap-derived geometric schedule,244440000,22706,22506,0.00022706,0.00022506,-200,-0.88082445,200,0.00000200,scheduled subsidy boundary
S4,S4,Idealized 113/114 cap-derived geometric schedule,244650000,22506,22308,0.00022506,0.00022308,-198,-0.87976540,198,0.00000198,scheduled subsidy boundary
S4,S4,Idealized 113/114 cap-derived geometric schedule,244860000,22308,22112,0.00022308,0.00022112,-196,-0.87860857,196,0.00000196,scheduled subsidy boundary
S4,S4,Idealized 113/114 cap-derived geometric schedule,245070000,22112,21918,0.00022112,0.00021918,-194,-0.87735166,194,0.00000194,scheduled subsidy boundary
S4,S4,Idealized 113/114 cap-derived geometric schedule,245280000,21918,21725,0.00021918,0.00021725,-193,-0.88055480,193,0.00000193,scheduled subsidy boundary
S4,S4,Idealized 113/114 cap-derived geometric schedule,245490000,21725,21534,0.00021725,0.00021534,-191,-0.87917146,191,0.00000191,scheduled subsidy boundary
S4,S4,Idealized 113/114 cap-derived geometric schedule,245700000,21534,21345,0.00021534,0.00021345,-189,-0.87768181,189,0.00000189,scheduled subsidy boundary
S4,S4,Idealized 113/114 cap-derived geometric schedule,245910000,21345,21157,0.00021345,0.00021157,-188,-0.88076833,188,0.00000188,scheduled subsidy boundary
S4,S4,Idealized 113/114 cap-derived geometric schedule,246120000,21157,20971,0.00021157,0.00020971,-186,-0.87914166,186,0.00000186,scheduled subsidy boundary
S4,S4,Idealized 113/114 cap-derived geometric schedule,246330000,20971,20787,0.00020971,0.00020787,-184,-0.87740213,184,0.00000184,scheduled subsidy boundary
S4,S4,Idealized 113/114 cap-derived geometric schedule,246540000,20787,20604,0.00020787,0.00020604,-183,-0.88035792,183,0.00000183,scheduled subsidy boundary
S4,S4,Idealized 113/114 cap-derived geometric schedule,246750000,20604,20423,0.00020604,0.00020423,-181,-0.87847020,181,0.00000181,scheduled subsidy boundary
S4,S4,Idealized 113/114 cap-derived geometric schedule,246960000,20423,20243,0.00020423,0.00020243,-180,-0.88135925,180,0.00000180,scheduled subsidy boundary
S4,S4,Idealized 113/114 cap-derived geometric schedule,247170000,20243,20065,0.00020243,0.00020065,-178,-0.87931631,178,0.00000178,scheduled subsidy boundary
S4,S4,Idealized 113/114 cap-derived geometric schedule,247380000,20065,19888,0.00020065,0.00019888,-177,-0.88213307,177,0.00000177,scheduled subsidy boundary
S4,S4,Idealized 113/114 cap-derived geometric schedule,247590000,19888,19713,0.00019888,0.00019713,-175,-0.87992759,175,0.00000175,scheduled subsidy boundary
S4,S4,Idealized 113/114 cap-derived geometric schedule,247800000,19713,19540,0.00019713,0.00019540,-173,-0.87759347,173,0.00000173,scheduled subsidy boundary
S4,S4,Idealized 113/114 cap-derived geometric schedule,248010000,19540,19368,0.00019540,0.00019368,-172,-0.88024565,172,0.00000172,scheduled subsidy boundary
S4,S4,Idealized 113/114 cap-derived geometric schedule,248220000,19368,19198,0.00019368,0.00019198,-170,-0.87773647,170,0.00000170,scheduled subsidy boundary
S4,S4,Idealized 113/114 cap-derived geometric schedule,248430000,19198,19029,0.00019198,0.00019029,-169,-0.88030003,169,0.00000169,scheduled subsidy boundary
S4,S4,Idealized 113/114 cap-derived geometric schedule,248640000,19029,18862,0.00019029,0.00018862,-167,-0.87760786,167,0.00000167,scheduled subsidy boundary
S4,S4,Idealized 113/114 cap-derived geometric schedule,248850000,18862,18696,0.00018862,0.00018696,-166,-0.88007634,166,0.00000166,scheduled subsidy boundary
S4,S4,Idealized 113/114 cap-derived geometric schedule,249060000,18696,18532,0.00018696,0.00018532,-164,-0.87719298,164,0.00000164,scheduled subsidy boundary
S4,S4,Idealized 113/114 cap-derived geometric schedule,249270000,18532,18369,0.00018532,0.00018369,-163,-0.87955968,163,0.00000163,scheduled subsidy boundary
S4,S4,Idealized 113/114 cap-derived geometric schedule,249480000,18369,18207,0.00018369,0.00018207,-162,-0.88192063,162,0.00000162,scheduled subsidy boundary
S4,S4,Idealized 113/114 cap-derived geometric schedule,249690000,18207,18047,0.00018207,0.00018047,-160,-0.87878289,160,0.00000160,scheduled subsidy boundary
S4,S4,Idealized 113/114 cap-derived geometric schedule,249900000,18047,17888,0.00018047,0.00017888,-159,-0.88103286,159,0.00000159,scheduled subsidy boundary
S4,S4,Idealized 113/114 cap-derived geometric schedule,250110000,17888,17731,0.00017888,0.00017731,-157,-0.87768336,157,0.00000157,scheduled subsidy boundary
S4,S4,Idealized 113/114 cap-derived geometric schedule,250320000,17731,17575,0.00017731,0.00017575,-156,-0.87981501,156,0.00000156,scheduled subsidy boundary
S4,S4,Idealized 113/114 cap-derived geometric schedule,250530000,17575,17420,0.00017575,0.00017420,-155,-0.88193457,155,0.00000155,scheduled subsidy boundary
S4,S4,Idealized 113/114 cap-derived geometric schedule,250740000,17420,17267,0.00017420,0.00017267,-153,-0.87830080,153,0.00000153,scheduled subsidy boundary
S4,S4,Idealized 113/114 cap-derived geometric schedule,250950000,17267,17115,0.00017267,0.00017115,-152,-0.88029189,152,0.00000152,scheduled subsidy boundary
S4,S4,Idealized 113/114 cap-derived geometric schedule,251160000,17115,16964,0.00017115,0.00016964,-151,-0.88226702,151,0.00000151,scheduled subsidy boundary
S4,S4,Idealized 113/114 cap-derived geometric schedule,251370000,16964,16815,0.00016964,0.00016815,-149,-0.87833058,149,0.00000149,scheduled subsidy boundary
S4,S4,Idealized 113/114 cap-derived geometric schedule,251580000,16815,16667,0.00016815,0.00016667,-148,-0.88016652,148,0.00000148,scheduled subsidy boundary
S4,S4,Idealized 113/114 cap-derived geometric schedule,251790000,16667,16520,0.00016667,0.00016520,-147,-0.88198236,147,0.00000147,scheduled subsidy boundary
S4,S4,Idealized 113/114 cap-derived geometric schedule,252000000,16520,16375,0.00016520,0.00016375,-145,-0.87772397,145,0.00000145,scheduled subsidy boundary
S4,S4,Idealized 113/114 cap-derived geometric schedule,252210000,16375,16231,0.00016375,0.00016231,-144,-0.87938931,144,0.00000144,scheduled subsidy boundary
S4,S4,Idealized 113/114 cap-derived geometric schedule,252420000,16231,16088,0.00016231,0.00016088,-143,-0.88103013,143,0.00000143,scheduled subsidy boundary
S4,S4,Idealized 113/114 cap-derived geometric schedule,252630000,16088,15946,0.00016088,0.00015946,-142,-0.88264545,142,0.00000142,scheduled subsidy boundary
S4,S4,Idealized 113/114 cap-derived geometric schedule,252840000,15946,15806,0.00015946,0.00015806,-140,-0.87796313,140,0.00000140,scheduled subsidy boundary
S4,S4,Idealized 113/114 cap-derived geometric schedule,253050000,15806,15667,0.00015806,0.00015667,-139,-0.87941288,139,0.00000139,scheduled subsidy boundary
S4,S4,Idealized 113/114 cap-derived geometric schedule,253260000,15667,15529,0.00015667,0.00015529,-138,-0.88083232,138,0.00000138,scheduled subsidy boundary
S4,S4,Idealized 113/114 cap-derived geometric schedule,253470000,15529,15392,0.00015529,0.00015392,-137,-0.88222036,137,0.00000137,scheduled subsidy boundary
S4,S4,Idealized 113/114 cap-derived geometric schedule,253680000,15392,15256,0.00015392,0.00015256,-136,-0.88357588,136,0.00000136,scheduled subsidy boundary
S4,S4,Idealized 113/114 cap-derived geometric schedule,253890000,15256,15122,0.00015256,0.00015122,-134,-0.87834295,134,0.00000134,scheduled subsidy boundary
S4,S4,Idealized 113/114 cap-derived geometric schedule,254100000,15122,14989,0.00015122,0.00014989,-133,-0.87951329,133,0.00000133,scheduled subsidy boundary
S4,S4,Idealized 113/114 cap-derived geometric schedule,254310000,14989,14857,0.00014989,0.00014857,-132,-0.88064581,132,0.00000132,scheduled subsidy boundary
S4,S4,Idealized 113/114 cap-derived geometric schedule,254520000,14857,14726,0.00014857,0.00014726,-131,-0.88173925,131,0.00000131,scheduled subsidy boundary
S4,S4,Idealized 113/114 cap-derived geometric schedule,254730000,14726,14596,0.00014726,0.00014596,-130,-0.88279234,130,0.00000130,scheduled subsidy boundary
S4,S4,Idealized 113/114 cap-derived geometric schedule,254940000,14596,14467,0.00014596,0.00014467,-129,-0.88380378,129,0.00000129,scheduled subsidy boundary
S4,S4,Idealized 113/114 cap-derived geometric schedule,255150000,14467,14340,0.00014467,0.00014340,-127,-0.87785996,127,0.00000127,scheduled subsidy boundary
S4,S4,Idealized 113/114 cap-derived geometric schedule,255360000,14340,14214,0.00014340,0.00014214,-126,-0.87866109,126,0.00000126,scheduled subsidy boundary
S4,S4,Idealized 113/114 cap-derived geometric schedule,255570000,14214,14089,0.00014214,0.00014089,-125,-0.87941466,125,0.00000125,scheduled subsidy boundary
S4,S4,Idealized 113/114 cap-derived geometric schedule,255780000,14089,13965,0.00014089,0.00013965,-124,-0.88011924,124,0.00000124,scheduled subsidy boundary
S4,S4,Idealized 113/114 cap-derived geometric schedule,255990000,13965,13842,0.00013965,0.00013842,-123,-0.88077336,123,0.00000123,scheduled subsidy boundary
S4,S4,Idealized 113/114 cap-derived geometric schedule,256200000,13842,13720,0.00013842,0.00013720,-122,-0.88137552,122,0.00000122,scheduled subsidy boundary
S4,S4,Idealized 113/114 cap-derived geometric schedule,256410000,13720,13599,0.00013720,0.00013599,-121,-0.88192420,121,0.00000121,scheduled subsidy boundary
S4,S4,Idealized 113/114 cap-derived geometric schedule,256620000,13599,13479,0.00013599,0.00013479,-120,-0.88241782,120,0.00000120,scheduled subsidy boundary
S4,S4,Idealized 113/114 cap-derived geometric schedule,256830000,13479,13360,0.00013479,0.00013360,-119,-0.88285481,119,0.00000119,scheduled subsidy boundary
S4,S4,Idealized 113/114 cap-derived geometric schedule,257040000,13360,13242,0.00013360,0.00013242,-118,-0.88323353,118,0.00000118,scheduled subsidy boundary
S4,S4,Idealized 113/114 cap-derived geometric schedule,257250000,13242,13125,0.00013242,0.00013125,-117,-0.88355233,117,0.00000117,scheduled subsidy boundary
S4,S4,Idealized 113/114 cap-derived geometric schedule,257460000,13125,13009,0.00013125,0.00013009,-116,-0.88380952,116,0.00000116,scheduled subsidy boundary
S4,S4,Idealized 113/114 cap-derived geometric schedule,257670000,13009,12894,0.00013009,0.00012894,-115,-0.88400338,115,0.00000115,scheduled subsidy boundary
S4,S4,Idealized 113/114 cap-derived geometric schedule,257880000,12894,12780,0.00012894,0.00012780,-114,-0.88413215,114,0.00000114,scheduled subsidy boundary
S4,S4,Idealized 113/114 cap-derived geometric schedule,258090000,12780,12667,0.00012780,0.00012667,-113,-0.88419405,113,0.00000113,scheduled subsidy boundary
S4,S4,Idealized 113/114 cap-derived geometric schedule,258300000,12667,12555,0.00012667,0.00012555,-112,-0.88418726,112,0.00000112,scheduled subsidy boundary
S4,S4,Idealized 113/114 cap-derived geometric schedule,258510000,12555,12444,0.00012555,0.00012444,-111,-0.88410992,111,0.00000111,scheduled subsidy boundary
S4,S4,Idealized 113/114 cap-derived geometric schedule,258720000,12444,12334,0.00012444,0.00012334,-110,-0.88396014,110,0.00000110,scheduled subsidy boundary
S4,S4,Idealized 113/114 cap-derived geometric schedule,258930000,12334,12225,0.00012334,0.00012225,-109,-0.88373601,109,0.00000109,scheduled subsidy boundary
S4,S4,Idealized 113/114 cap-derived geometric schedule,259140000,12225,12117,0.00012225,0.00012117,-108,-0.88343558,108,0.00000108,scheduled subsidy boundary
S4,S4,Idealized 113/114 cap-derived geometric schedule,259350000,12117,12010,0.00012117,0.00012010,-107,-0.88305686,107,0.00000107,scheduled subsidy boundary
S4,S4,Idealized 113/114 cap-derived geometric schedule,259560000,12010,11904,0.00012010,0.00011904,-106,-0.88259784,106,0.00000106,scheduled subsidy boundary
S4,S4,Idealized 113/114 cap-derived geometric schedule,259770000,11904,11799,0.00011904,0.00011799,-105,-0.88205645,105,0.00000105,scheduled subsidy boundary
S4,S4,Idealized 113/114 cap-derived geometric schedule,259980000,11799,11695,0.00011799,0.00011695,-104,-0.88143063,104,0.00000104,scheduled subsidy boundary
S4,S4,Idealized 113/114 cap-derived geometric schedule,260190000,11695,11592,0.00011695,0.00011592,-103,-0.88071826,103,0.00000103,scheduled subsidy boundary
S4,S4,Idealized 113/114 cap-derived geometric schedule,260400000,11592,11490,0.00011592,0.00011490,-102,-0.87991718,102,0.00000102,scheduled subsidy boundary
S4,S4,Idealized 113/114 cap-derived geometric schedule,260610000,11490,11389,0.00011490,0.00011389,-101,-0.87902524,101,0.00000101,scheduled subsidy boundary
S4,S4,Idealized 113/114 cap-derived geometric schedule,260820000,11389,11289,0.00011389,0.00011289,-100,-0.87804021,100,0.00000100,scheduled subsidy boundary
S4,S4,Idealized 113/114 cap-derived geometric schedule,261030000,11289,11189,0.00011289,0.00011189,-100,-0.88581805,100,0.00000100,scheduled subsidy boundary
S4,S4,Idealized 113/114 cap-derived geometric schedule,261240000,11189,11090,0.00011189,0.00011090,-99,-0.88479757,99,0.00000099,scheduled subsidy boundary
S4,S4,Idealized 113/114 cap-derived geometric schedule,261450000,11090,10992,0.00011090,0.00010992,-98,-0.88367899,98,0.00000098,scheduled subsidy boundary
S4,S4,Idealized 113/114 cap-derived geometric schedule,261660000,10992,10895,0.00010992,0.00010895,-97,-0.88245997,97,0.00000097,scheduled subsidy boundary
S4,S4,Idealized 113/114 cap-derived geometric schedule,261870000,10895,10799,0.00010895,0.00010799,-96,-0.88113814,96,0.00000096,scheduled subsidy boundary
S4,S4,Idealized 113/114 cap-derived geometric schedule,262080000,10799,10704,0.00010799,0.00010704,-95,-0.87971108,95,0.00000095,scheduled subsidy boundary
S4,S4,Idealized 113/114 cap-derived geometric schedule,262290000,10704,10610,0.00010704,0.00010610,-94,-0.87817638,94,0.00000094,scheduled subsidy boundary
S4,S4,Idealized 113/114 cap-derived geometric schedule,262500000,10610,10516,0.00010610,0.00010516,-94,-0.88595664,94,0.00000094,scheduled subsidy boundary
S4,S4,Idealized 113/114 cap-derived geometric schedule,262710000,10516,10423,0.00010516,0.00010423,-93,-0.88436668,93,0.00000093,scheduled subsidy boundary
S4,S4,Idealized 113/114 cap-derived geometric schedule,262920000,10423,10331,0.00010423,0.00010331,-92,-0.88266334,92,0.00000092,scheduled subsidy boundary
S4,S4,Idealized 113/114 cap-derived geometric schedule,263130000,10331,10240,0.00010331,0.00010240,-91,-0.88084406,91,0.00000091,scheduled subsidy boundary
S4,S4,Idealized 113/114 cap-derived geometric schedule,263340000,10240,10150,0.00010240,0.00010150,-90,-0.87890625,90,0.00000090,scheduled subsidy boundary
S4,S4,Idealized 113/114 cap-derived geometric schedule,263550000,10150,10060,0.00010150,0.00010060,-90,-0.88669951,90,0.00000090,scheduled subsidy boundary
S4,S4,Idealized 113/114 cap-derived geometric schedule,263760000,10060,9971,0.00010060,0.00009971,-89,-0.88469185,89,0.00000089,scheduled subsidy boundary
S4,S4,Idealized 113/114 cap-derived geometric schedule,263970000,9971,9883,0.00009971,0.00009883,-88,-0.88255942,88,0.00000088,scheduled subsidy boundary
S4,S4,Idealized 113/114 cap-derived geometric schedule,264180000,9883,9796,0.00009883,0.00009796,-87,-0.88029950,87,0.00000087,scheduled subsidy boundary
S4,S4,Idealized 113/114 cap-derived geometric schedule,264390000,9796,9710,0.00009796,0.00009710,-86,-0.87790935,86,0.00000086,scheduled subsidy boundary
S4,S4,Idealized 113/114 cap-derived geometric schedule,264600000,9710,9624,0.00009710,0.00009624,-86,-0.88568486,86,0.00000086,scheduled subsidy boundary
S4,S4,Idealized 113/114 cap-derived geometric schedule,264810000,9624,9539,0.00009624,0.00009539,-85,-0.88320865,85,0.00000085,scheduled subsidy boundary
S4,S4,Idealized 113/114 cap-derived geometric schedule,265020000,9539,9455,0.00009539,0.00009455,-84,-0.88059545,84,0.00000084,scheduled subsidy boundary
S4,S4,Idealized 113/114 cap-derived geometric schedule,265230000,9455,9372,0.00009455,0.00009372,-83,-0.87784241,83,0.00000083,scheduled subsidy boundary
S4,S4,Idealized 113/114 cap-derived geometric schedule,265440000,9372,9289,0.00009372,0.00009289,-83,-0.88561673,83,0.00000083,scheduled subsidy boundary
S4,S4,Idealized 113/114 cap-derived geometric schedule,265650000,9289,9207,0.00009289,0.00009207,-82,-0.88276456,82,0.00000082,scheduled subsidy boundary
S4,S4,Idealized 113/114 cap-derived geometric schedule,265860000,9207,9126,0.00009207,0.00009126,-81,-0.87976540,81,0.00000081,scheduled subsidy boundary
S4,S4,Idealized 113/114 cap-derived geometric schedule,266070000,9126,9045,0.00009126,0.00009045,-81,-0.88757396,81,0.00000081,scheduled subsidy boundary
S4,S4,Idealized 113/114 cap-derived geometric schedule,266280000,9045,8965,0.00009045,0.00008965,-80,-0.88446656,80,0.00000080,scheduled subsidy boundary
S4,S4,Idealized 113/114 cap-derived geometric schedule,266490000,8965,8886,0.00008965,0.00008886,-79,-0.88120468,79,0.00000079,scheduled subsidy boundary
S4,S4,Idealized 113/114 cap-derived geometric schedule,266700000,8886,8808,0.00008886,0.00008808,-78,-0.87778528,78,0.00000078,scheduled subsidy boundary
S4,S4,Idealized 113/114 cap-derived geometric schedule,266910000,8808,8730,0.00008808,0.00008730,-78,-0.88555858,78,0.00000078,scheduled subsidy boundary
S4,S4,Idealized 113/114 cap-derived geometric schedule,267120000,8730,8653,0.00008730,0.00008653,-77,-0.88201604,77,0.00000077,scheduled subsidy boundary
S4,S4,Idealized 113/114 cap-derived geometric schedule,267330000,8653,8577,0.00008653,0.00008577,-76,-0.87830810,76,0.00000076,scheduled subsidy boundary
S4,S4,Idealized 113/114 cap-derived geometric schedule,267540000,8577,8501,0.00008577,0.00008501,-76,-0.88609071,76,0.00000076,scheduled subsidy boundary
S4,S4,Idealized 113/114 cap-derived geometric schedule,267750000,8501,8426,0.00008501,0.00008426,-75,-0.88224915,75,0.00000075,scheduled subsidy boundary
S4,S4,Idealized 113/114 cap-derived geometric schedule,267960000,8426,8352,0.00008426,0.00008352,-74,-0.87823404,74,0.00000074,scheduled subsidy boundary
S4,S4,Idealized 113/114 cap-derived geometric schedule,268170000,8352,8278,0.00008352,0.00008278,-74,-0.88601533,74,0.00000074,scheduled subsidy boundary
S4,S4,Idealized 113/114 cap-derived geometric schedule,268380000,8278,8205,0.00008278,0.00008205,-73,-0.88185552,73,0.00000073,scheduled subsidy boundary
S4,S4,Idealized 113/114 cap-derived geometric schedule,268590000,8205,8133,0.00008205,0.00008133,-72,-0.87751371,72,0.00000072,scheduled subsidy boundary
S4,S4,Idealized 113/114 cap-derived geometric schedule,268800000,8133,8061,0.00008133,0.00008061,-72,-0.88528218,72,0.00000072,scheduled subsidy boundary
S4,S4,Idealized 113/114 cap-derived geometric schedule,269010000,8061,7990,0.00008061,0.00007990,-71,-0.88078402,71,0.00000071,scheduled subsidy boundary
S4,S4,Idealized 113/114 cap-derived geometric schedule,269220000,7990,7919,0.00007990,0.00007919,-71,-0.88861076,71,0.00000071,scheduled subsidy boundary
S4,S4,Idealized 113/114 cap-derived geometric schedule,269430000,7919,7849,0.00007919,0.00007849,-70,-0.88394999,70,0.00000070,scheduled subsidy boundary
S4,S4,Idealized 113/114 cap-derived geometric schedule,269640000,7849,7780,0.00007849,0.00007780,-69,-0.87909288,69,0.00000069,scheduled subsidy boundary
S4,S4,Idealized 113/114 cap-derived geometric schedule,269850000,7780,7711,0.00007780,0.00007711,-69,-0.88688946,69,0.00000069,scheduled subsidy boundary
S4,S4,Idealized 113/114 cap-derived geometric schedule,270060000,7711,7643,0.00007711,0.00007643,-68,-0.88185709,68,0.00000068,scheduled subsidy boundary
S4,S4,Idealized 113/114 cap-derived geometric schedule,270270000,7643,7575,0.00007643,0.00007575,-68,-0.88970300,68,0.00000068,scheduled subsidy boundary
S4,S4,Idealized 113/114 cap-derived geometric schedule,270480000,7575,7508,0.00007575,0.00007508,-67,-0.88448845,67,0.00000067,scheduled subsidy boundary
S4,S4,Idealized 113/114 cap-derived geometric schedule,270690000,7508,7442,0.00007508,0.00007442,-66,-0.87906233,66,0.00000066,scheduled subsidy boundary
S4,S4,Idealized 113/114 cap-derived geometric schedule,270900000,7442,7376,0.00007442,0.00007376,-66,-0.88685837,66,0.00000066,scheduled subsidy boundary
S4,S4,Idealized 113/114 cap-derived geometric schedule,271110000,7376,7311,0.00007376,0.00007311,-65,-0.88123644,65,0.00000065,scheduled subsidy boundary
S4,S4,Idealized 113/114 cap-derived geometric schedule,271320000,7311,7246,0.00007311,0.00007246,-65,-0.88907126,65,0.00000065,scheduled subsidy boundary
S4,S4,Idealized 113/114 cap-derived geometric schedule,271530000,7246,7182,0.00007246,0.00007182,-64,-0.88324593,64,0.00000064,scheduled subsidy boundary
S4,S4,Idealized 113/114 cap-derived geometric schedule,271740000,7182,7119,0.00007182,0.00007119,-63,-0.87719298,63,0.00000063,scheduled subsidy boundary
S4,S4,Idealized 113/114 cap-derived geometric schedule,271950000,7119,7056,0.00007119,0.00007056,-63,-0.88495575,63,0.00000063,scheduled subsidy boundary
S4,S4,Idealized 113/114 cap-derived geometric schedule,272160000,7056,6994,0.00007056,0.00006994,-62,-0.87868481,62,0.00000062,scheduled subsidy boundary
S4,S4,Idealized 113/114 cap-derived geometric schedule,272370000,6994,6932,0.00006994,0.00006932,-62,-0.88647412,62,0.00000062,scheduled subsidy boundary
S4,S4,Idealized 113/114 cap-derived geometric schedule,272580000,6932,6871,0.00006932,0.00006871,-61,-0.87997692,61,0.00000061,scheduled subsidy boundary
S4,S4,Idealized 113/114 cap-derived geometric schedule,272790000,6871,6810,0.00006871,0.00006810,-61,-0.88778926,61,0.00000061,scheduled subsidy boundary
S4,S4,Idealized 113/114 cap-derived geometric schedule,273000000,6810,6750,0.00006810,0.00006750,-60,-0.88105727,60,0.00000060,scheduled subsidy boundary
S4,S4,Idealized 113/114 cap-derived geometric schedule,273210000,6750,6690,0.00006750,0.00006690,-60,-0.88888889,60,0.00000060,scheduled subsidy boundary
S4,S4,Idealized 113/114 cap-derived geometric schedule,273420000,6690,6631,0.00006690,0.00006631,-59,-0.88191330,59,0.00000059,scheduled subsidy boundary
S4,S4,Idealized 113/114 cap-derived geometric schedule,273630000,6631,6572,0.00006631,0.00006572,-59,-0.88976022,59,0.00000059,scheduled subsidy boundary
S4,S4,Idealized 113/114 cap-derived geometric schedule,273840000,6572,6514,0.00006572,0.00006514,-58,-0.88253195,58,0.00000058,scheduled subsidy boundary
S4,S4,Idealized 113/114 cap-derived geometric schedule,274050000,6514,6456,0.00006514,0.00006456,-58,-0.89038993,58,0.00000058,scheduled subsidy boundary
S4,S4,Idealized 113/114 cap-derived geometric schedule,274260000,6456,6399,0.00006456,0.00006399,-57,-0.88289963,57,0.00000057,scheduled subsidy boundary
S4,S4,Idealized 113/114 cap-derived geometric schedule,274470000,6399,6342,0.00006399,0.00006342,-57,-0.89076418,57,0.00000057,scheduled subsidy boundary
S4,S4,Idealized 113/114 cap-derived geometric schedule,274680000,6342,6286,0.00006342,0.00006286,-56,-0.88300221,56,0.00000056,scheduled subsidy boundary
S4,S4,Idealized 113/114 cap-derived geometric schedule,274890000,6286,6230,0.00006286,0.00006230,-56,-0.89086860,56,0.00000056,scheduled subsidy boundary
S4,S4,Idealized 113/114 cap-derived geometric schedule,275100000,6230,6175,0.00006230,0.00006175,-55,-0.88282504,55,0.00000055,scheduled subsidy boundary
S4,S4,Idealized 113/114 cap-derived geometric schedule,275310000,6175,6120,0.00006175,0.00006120,-55,-0.89068826,55,0.00000055,scheduled subsidy boundary
S4,S4,Idealized 113/114 cap-derived geometric schedule,275520000,6120,6066,0.00006120,0.00006066,-54,-0.88235294,54,0.00000054,scheduled subsidy boundary
S4,S4,Idealized 113/114 cap-derived geometric schedule,275730000,6066,6012,0.00006066,0.00006012,-54,-0.89020772,54,0.00000054,scheduled subsidy boundary
S4,S4,Idealized 113/114 cap-derived geometric schedule,275940000,6012,5959,0.00006012,0.00005959,-53,-0.88157019,53,0.00000053,scheduled subsidy boundary
S4,S4,Idealized 113/114 cap-derived geometric schedule,276150000,5959,5906,0.00005959,0.00005906,-53,-0.88941097,53,0.00000053,scheduled subsidy boundary
S4,S4,Idealized 113/114 cap-derived geometric schedule,276360000,5906,5854,0.00005906,0.00005854,-52,-0.88046055,52,0.00000052,scheduled subsidy boundary
S4,S4,Idealized 113/114 cap-derived geometric schedule,276570000,5854,5802,0.00005854,0.00005802,-52,-0.88828152,52,0.00000052,scheduled subsidy boundary
S4,S4,Idealized 113/114 cap-derived geometric schedule,276780000,5802,5751,0.00005802,0.00005751,-51,-0.87900724,51,0.00000051,scheduled subsidy boundary
S4,S4,Idealized 113/114 cap-derived geometric schedule,276990000,5751,5700,0.00005751,0.00005700,-51,-0.88680230,51,0.00000051,scheduled subsidy boundary
S4,S4,Idealized 113/114 cap-derived geometric schedule,277200000,5700,5650,0.00005700,0.00005650,-50,-0.87719298,50,0.00000050,scheduled subsidy boundary
S4,S4,Idealized 113/114 cap-derived geometric schedule,277410000,5650,5600,0.00005650,0.00005600,-50,-0.88495575,50,0.00000050,scheduled subsidy boundary
S4,S4,Idealized 113/114 cap-derived geometric schedule,277620000,5600,5550,0.00005600,0.00005550,-50,-0.89285714,50,0.00000050,scheduled subsidy boundary
S4,S4,Idealized 113/114 cap-derived geometric schedule,277830000,5550,5501,0.00005550,0.00005501,-49,-0.88288288,49,0.00000049,scheduled subsidy boundary
S4,S4,Idealized 113/114 cap-derived geometric schedule,278040000,5501,5452,0.00005501,0.00005452,-49,-0.89074714,49,0.00000049,scheduled subsidy boundary
S4,S4,Idealized 113/114 cap-derived geometric schedule,278250000,5452,5404,0.00005452,0.00005404,-48,-0.88041086,48,0.00000048,scheduled subsidy boundary
S4,S4,Idealized 113/114 cap-derived geometric schedule,278460000,5404,5356,0.00005404,0.00005356,-48,-0.88823094,48,0.00000048,scheduled subsidy boundary
S4,S4,Idealized 113/114 cap-derived geometric schedule,278670000,5356,5309,0.00005356,0.00005309,-47,-0.87752054,47,0.00000047,scheduled subsidy boundary
S4,S4,Idealized 113/114 cap-derived geometric schedule,278880000,5309,5262,0.00005309,0.00005262,-47,-0.88528913,47,0.00000047,scheduled subsidy boundary
S4,S4,Idealized 113/114 cap-derived geometric schedule,279090000,5262,5215,0.00005262,0.00005215,-47,-0.89319650,47,0.00000047,scheduled subsidy boundary
S4,S4,Idealized 113/114 cap-derived geometric schedule,279300000,5215,5169,0.00005215,0.00005169,-46,-0.88207095,46,0.00000046,scheduled subsidy boundary
S4,S4,Idealized 113/114 cap-derived geometric schedule,279510000,5169,5123,0.00005169,0.00005123,-46,-0.88992068,46,0.00000046,scheduled subsidy boundary
S4,S4,Idealized 113/114 cap-derived geometric schedule,279720000,5123,5078,0.00005123,0.00005078,-45,-0.87839157,45,0.00000045,scheduled subsidy boundary
S4,S4,Idealized 113/114 cap-derived geometric schedule,279930000,5078,5033,0.00005078,0.00005033,-45,-0.88617566,45,0.00000045,scheduled subsidy boundary
S4,S4,Idealized 113/114 cap-derived geometric schedule,280140000,5033,4988,0.00005033,0.00004988,-45,-0.89409895,45,0.00000045,scheduled subsidy boundary
S4,S4,Idealized 113/114 cap-derived geometric schedule,280350000,4988,4944,0.00004988,0.00004944,-44,-0.88211708,44,0.00000044,scheduled subsidy boundary
S4,S4,Idealized 113/114 cap-derived geometric schedule,280560000,4944,4900,0.00004944,0.00004900,-44,-0.88996764,44,0.00000044,scheduled subsidy boundary
S4,S4,Idealized 113/114 cap-derived geometric schedule,280770000,4900,4857,0.00004900,0.00004857,-43,-0.87755102,43,0.00000043,scheduled subsidy boundary
S4,S4,Idealized 113/114 cap-derived geometric schedule,280980000,4857,4814,0.00004857,0.00004814,-43,-0.88532016,43,0.00000043,scheduled subsidy boundary
S4,S4,Idealized 113/114 cap-derived geometric schedule,281190000,4814,4771,0.00004814,0.00004771,-43,-0.89322808,43,0.00000043,scheduled subsidy boundary
S4,S4,Idealized 113/114 cap-derived geometric schedule,281400000,4771,4729,0.00004771,0.00004729,-42,-0.88031859,42,0.00000042,scheduled subsidy boundary
S4,S4,Idealized 113/114 cap-derived geometric schedule,281610000,4729,4687,0.00004729,0.00004687,-42,-0.88813703,42,0.00000042,scheduled subsidy boundary
S4,S4,Idealized 113/114 cap-derived geometric schedule,281820000,4687,4645,0.00004687,0.00004645,-42,-0.89609558,42,0.00000042,scheduled subsidy boundary
S4,S4,Idealized 113/114 cap-derived geometric schedule,282030000,4645,4604,0.00004645,0.00004604,-41,-0.88266954,41,0.00000041,scheduled subsidy boundary
S4,S4,Idealized 113/114 cap-derived geometric schedule,282240000,4604,4563,0.00004604,0.00004563,-41,-0.89052997,41,0.00000041,scheduled subsidy boundary
S4,S4,Idealized 113/114 cap-derived geometric schedule,282450000,4563,4522,0.00004563,0.00004522,-41,-0.89853167,41,0.00000041,scheduled subsidy boundary
S4,S4,Idealized 113/114 cap-derived geometric schedule,282660000,4522,4482,0.00004522,0.00004482,-40,-0.88456435,40,0.00000040,scheduled subsidy boundary
S4,S4,Idealized 113/114 cap-derived geometric schedule,282870000,4482,4442,0.00004482,0.00004442,-40,-0.89245872,40,0.00000040,scheduled subsidy boundary
S4,S4,Idealized 113/114 cap-derived geometric schedule,283080000,4442,4403,0.00004442,0.00004403,-39,-0.87798289,39,0.00000039,scheduled subsidy boundary
S4,S4,Idealized 113/114 cap-derived geometric schedule,283290000,4403,4364,0.00004403,0.00004364,-39,-0.88575971,39,0.00000039,scheduled subsidy boundary
S4,S4,Idealized 113/114 cap-derived geometric schedule,283500000,4364,4325,0.00004364,0.00004325,-39,-0.89367553,39,0.00000039,scheduled subsidy boundary
S4,S4,Idealized 113/114 cap-derived geometric schedule,283710000,4325,4287,0.00004325,0.00004287,-38,-0.87861272,38,0.00000038,scheduled subsidy boundary
S4,S4,Idealized 113/114 cap-derived geometric schedule,283920000,4287,4249,0.00004287,0.00004249,-38,-0.88640075,38,0.00000038,scheduled subsidy boundary
S4,S4,Idealized 113/114 cap-derived geometric schedule,284130000,4249,4211,0.00004249,0.00004211,-38,-0.89432808,38,0.00000038,scheduled subsidy boundary
S4,S4,Idealized 113/114 cap-derived geometric schedule,284340000,4211,4174,0.00004211,0.00004174,-37,-0.87865115,37,0.00000037,scheduled subsidy boundary
S4,S4,Idealized 113/114 cap-derived geometric schedule,284550000,4174,4137,0.00004174,0.00004137,-37,-0.88643987,37,0.00000037,scheduled subsidy boundary
S4,S4,Idealized 113/114 cap-derived geometric schedule,284760000,4137,4100,0.00004137,0.00004100,-37,-0.89436790,37,0.00000037,scheduled subsidy boundary
S4,S4,Idealized 113/114 cap-derived geometric schedule,284970000,4100,4064,0.00004100,0.00004064,-36,-0.87804878,36,0.00000036,scheduled subsidy boundary
S4,S4,Idealized 113/114 cap-derived geometric schedule,285180000,4064,4028,0.00004064,0.00004028,-36,-0.88582677,36,0.00000036,scheduled subsidy boundary
S4,S4,Idealized 113/114 cap-derived geometric schedule,285390000,4028,3992,0.00004028,0.00003992,-36,-0.89374379,36,0.00000036,scheduled subsidy boundary
S4,S4,Idealized 113/114 cap-derived geometric schedule,285600000,3992,3956,0.00003992,0.00003956,-36,-0.90180361,36,0.00000036,scheduled subsidy boundary
S4,S4,Idealized 113/114 cap-derived geometric schedule,285810000,3956,3921,0.00003956,0.00003921,-35,-0.88473205,35,0.00000035,scheduled subsidy boundary
S4,S4,Idealized 113/114 cap-derived geometric schedule,286020000,3921,3886,0.00003921,0.00003886,-35,-0.89262943,35,0.00000035,scheduled subsidy boundary
S4,S4,Idealized 113/114 cap-derived geometric schedule,286230000,3886,3851,0.00003886,0.00003851,-35,-0.90066907,35,0.00000035,scheduled subsidy boundary
S4,S4,Idealized 113/114 cap-derived geometric schedule,286440000,3851,3817,0.00003851,0.00003817,-34,-0.88288756,34,0.00000034,scheduled subsidy boundary
S4,S4,Idealized 113/114 cap-derived geometric schedule,286650000,3817,3783,0.00003817,0.00003783,-34,-0.89075190,34,0.00000034,scheduled subsidy boundary
S4,S4,Idealized 113/114 cap-derived geometric schedule,286860000,3783,3749,0.00003783,0.00003749,-34,-0.89875760,34,0.00000034,scheduled subsidy boundary
S4,S4,Idealized 113/114 cap-derived geometric schedule,287070000,3749,3716,0.00003749,0.00003716,-33,-0.88023473,33,0.00000033,scheduled subsidy boundary
S4,S4,Idealized 113/114 cap-derived geometric schedule,287280000,3716,3683,0.00003716,0.00003683,-33,-0.88805167,33,0.00000033,scheduled subsidy boundary
S4,S4,Idealized 113/114 cap-derived geometric schedule,287490000,3683,3650,0.00003683,0.00003650,-33,-0.89600869,33,0.00000033,scheduled subsidy boundary
S4,S4,Idealized 113/114 cap-derived geometric schedule,287700000,3650,3617,0.00003650,0.00003617,-33,-0.90410959,33,0.00000033,scheduled subsidy boundary
S4,S4,Idealized 113/114 cap-derived geometric schedule,287910000,3617,3585,0.00003617,0.00003585,-32,-0.88471109,32,0.00000032,scheduled subsidy boundary
S4,S4,Idealized 113/114 cap-derived geometric schedule,288120000,3585,3553,0.00003585,0.00003553,-32,-0.89260809,32,0.00000032,scheduled subsidy boundary
S4,S4,Idealized 113/114 cap-derived geometric schedule,288330000,3553,3521,0.00003553,0.00003521,-32,-0.90064734,32,0.00000032,scheduled subsidy boundary
S4,S4,Idealized 113/114 cap-derived geometric schedule,288540000,3521,3490,0.00003521,0.00003490,-31,-0.88043170,31,0.00000031,scheduled subsidy boundary
S4,S4,Idealized 113/114 cap-derived geometric schedule,288750000,3490,3459,0.00003490,0.00003459,-31,-0.88825215,31,0.00000031,scheduled subsidy boundary
S4,S4,Idealized 113/114 cap-derived geometric schedule,288960000,3459,3428,0.00003459,0.00003428,-31,-0.89621278,31,0.00000031,scheduled subsidy boundary
S4,S4,Idealized 113/114 cap-derived geometric schedule,289170000,3428,3397,0.00003428,0.00003397,-31,-0.90431739,31,0.00000031,scheduled subsidy boundary
S4,S4,Idealized 113/114 cap-derived geometric schedule,289380000,3397,3367,0.00003397,0.00003367,-30,-0.88313218,30,0.00000030,scheduled subsidy boundary
S4,S4,Idealized 113/114 cap-derived geometric schedule,289590000,3367,3337,0.00003367,0.00003337,-30,-0.89100089,30,0.00000030,scheduled subsidy boundary
S4,S4,Idealized 113/114 cap-derived geometric schedule,289800000,3337,3307,0.00003337,0.00003307,-30,-0.89901109,30,0.00000030,scheduled subsidy boundary
S4,S4,Idealized 113/114 cap-derived geometric schedule,290010000,3307,3277,0.00003307,0.00003277,-30,-0.90716662,30,0.00000030,scheduled subsidy boundary
S4,S4,Idealized 113/114 cap-derived geometric schedule,290220000,3277,3248,0.00003277,0.00003248,-29,-0.88495575,29,0.00000029,scheduled subsidy boundary
S4,S4,Idealized 113/114 cap-derived geometric schedule,290430000,3248,3219,0.00003248,0.00003219,-29,-0.89285714,29,0.00000029,scheduled subsidy boundary
S4,S4,Idealized 113/114 cap-derived geometric schedule,290640000,3219,3190,0.00003219,0.00003190,-29,-0.90090090,29,0.00000029,scheduled subsidy boundary
S4,S4,Idealized 113/114 cap-derived geometric schedule,290850000,3190,3162,0.00003190,0.00003162,-28,-0.87774295,28,0.00000028,scheduled subsidy boundary
S4,S4,Idealized 113/114 cap-derived geometric schedule,291060000,3162,3134,0.00003162,0.00003134,-28,-0.88551550,28,0.00000028,scheduled subsidy boundary
S4,S4,Idealized 113/114 cap-derived geometric schedule,291270000,3134,3106,0.00003134,0.00003106,-28,-0.89342693,28,0.00000028,scheduled subsidy boundary
S4,S4,Idealized 113/114 cap-derived geometric schedule,291480000,3106,3078,0.00003106,0.00003078,-28,-0.90148100,28,0.00000028,scheduled subsidy boundary
S4,S4,Idealized 113/114 cap-derived geometric schedule,291690000,3078,3051,0.00003078,0.00003051,-27,-0.87719298,27,0.00000027,scheduled subsidy boundary
S4,S4,Idealized 113/114 cap-derived geometric schedule,291900000,3051,3024,0.00003051,0.00003024,-27,-0.88495575,27,0.00000027,scheduled subsidy boundary
S4,S4,Idealized 113/114 cap-derived geometric schedule,292110000,3024,2997,0.00003024,0.00002997,-27,-0.89285714,27,0.00000027,scheduled subsidy boundary
S4,S4,Idealized 113/114 cap-derived geometric schedule,292320000,2997,2970,0.00002997,0.00002970,-27,-0.90090090,27,0.00000027,scheduled subsidy boundary
S4,S4,Idealized 113/114 cap-derived geometric schedule,292530000,2970,2943,0.00002970,0.00002943,-27,-0.90909091,27,0.00000027,scheduled subsidy boundary
S4,S4,Idealized 113/114 cap-derived geometric schedule,292740000,2943,2917,0.00002943,0.00002917,-26,-0.88345226,26,0.00000026,scheduled subsidy boundary
S4,S4,Idealized 113/114 cap-derived geometric schedule,292950000,2917,2891,0.00002917,0.00002891,-26,-0.89132671,26,0.00000026,scheduled subsidy boundary
S4,S4,Idealized 113/114 cap-derived geometric schedule,293160000,2891,2865,0.00002891,0.00002865,-26,-0.89934279,26,0.00000026,scheduled subsidy boundary
S4,S4,Idealized 113/114 cap-derived geometric schedule,293370000,2865,2839,0.00002865,0.00002839,-26,-0.90750436,26,0.00000026,scheduled subsidy boundary
S4,S4,Idealized 113/114 cap-derived geometric schedule,293580000,2839,2814,0.00002839,0.00002814,-25,-0.88059176,25,0.00000025,scheduled subsidy boundary
S4,S4,Idealized 113/114 cap-derived geometric schedule,293790000,2814,2789,0.00002814,0.00002789,-25,-0.88841507,25,0.00000025,scheduled subsidy boundary
S4,S4,Idealized 113/114 cap-derived geometric schedule,294000000,2789,2764,0.00002789,0.00002764,-25,-0.89637863,25,0.00000025,scheduled subsidy boundary
S4,S4,Idealized 113/114 cap-derived geometric schedule,294210000,2764,2739,0.00002764,0.00002739,-25,-0.90448625,25,0.00000025,scheduled subsidy boundary
S4,S4,Idealized 113/114 cap-derived geometric schedule,294420000,2739,2714,0.00002739,0.00002714,-25,-0.91274188,25,0.00000025,scheduled subsidy boundary
S4,S4,Idealized 113/114 cap-derived geometric schedule,294630000,2714,2690,0.00002714,0.00002690,-24,-0.88430361,24,0.00000024,scheduled subsidy boundary
S4,S4,Idealized 113/114 cap-derived geometric schedule,294840000,2690,2666,0.00002690,0.00002666,-24,-0.89219331,24,0.00000024,scheduled subsidy boundary
S4,S4,Idealized 113/114 cap-derived geometric schedule,295050000,2666,2642,0.00002666,0.00002642,-24,-0.90022506,24,0.00000024,scheduled subsidy boundary
S4,S4,Idealized 113/114 cap-derived geometric schedule,295260000,2642,2618,0.00002642,0.00002618,-24,-0.90840273,24,0.00000024,scheduled subsidy boundary
S4,S4,Idealized 113/114 cap-derived geometric schedule,295470000,2618,2595,0.00002618,0.00002595,-23,-0.87853323,23,0.00000023,scheduled subsidy boundary
S4,S4,Idealized 113/114 cap-derived geometric schedule,295680000,2595,2572,0.00002595,0.00002572,-23,-0.88631985,23,0.00000023,scheduled subsidy boundary
S4,S4,Idealized 113/114 cap-derived geometric schedule,295890000,2572,2549,0.00002572,0.00002549,-23,-0.89424572,23,0.00000023,scheduled subsidy boundary
S4,S4,Idealized 113/114 cap-derived geometric schedule,296100000,2549,2526,0.00002549,0.00002526,-23,-0.90231463,23,0.00000023,scheduled subsidy boundary
S4,S4,Idealized 113/114 cap-derived geometric schedule,296310000,2526,2503,0.00002526,0.00002503,-23,-0.91053048,23,0.00000023,scheduled subsidy boundary
S4,S4,Idealized 113/114 cap-derived geometric schedule,296520000,2503,2481,0.00002503,0.00002481,-22,-0.87894527,22,0.00000022,scheduled subsidy boundary
S4,S4,Idealized 113/114 cap-derived geometric schedule,296730000,2481,2459,0.00002481,0.00002459,-22,-0.88673922,22,0.00000022,scheduled subsidy boundary
S4,S4,Idealized 113/114 cap-derived geometric schedule,296940000,2459,2437,0.00002459,0.00002437,-22,-0.89467263,22,0.00000022,scheduled subsidy boundary
S4,S4,Idealized 113/114 cap-derived geometric schedule,297150000,2437,2415,0.00002437,0.00002415,-22,-0.90274928,22,0.00000022,scheduled subsidy boundary
S4,S4,Idealized 113/114 cap-derived geometric schedule,297360000,2415,2393,0.00002415,0.00002393,-22,-0.91097308,22,0.00000022,scheduled subsidy boundary
S4,S4,Idealized 113/114 cap-derived geometric schedule,297570000,2393,2372,0.00002393,0.00002372,-21,-0.87755955,21,0.00000021,scheduled subsidy boundary
S4,S4,Idealized 113/114 cap-derived geometric schedule,297780000,2372,2351,0.00002372,0.00002351,-21,-0.88532884,21,0.00000021,scheduled subsidy boundary
S4,S4,Idealized 113/114 cap-derived geometric schedule,297990000,2351,2330,0.00002351,0.00002330,-21,-0.89323692,21,0.00000021,scheduled subsidy boundary
S4,S4,Idealized 113/114 cap-derived geometric schedule,298200000,2330,2309,0.00002330,0.00002309,-21,-0.90128755,21,0.00000021,scheduled subsidy boundary
S4,S4,Idealized 113/114 cap-derived geometric schedule,298410000,2309,2288,0.00002309,0.00002288,-21,-0.90948463,21,0.00000021,scheduled subsidy boundary
S4,S4,Idealized 113/114 cap-derived geometric schedule,298620000,2288,2267,0.00002288,0.00002267,-21,-0.91783217,21,0.00000021,scheduled subsidy boundary
S4,S4,Idealized 113/114 cap-derived geometric schedule,298830000,2267,2247,0.00002267,0.00002247,-20,-0.88222320,20,0.00000020,scheduled subsidy boundary
S4,S4,Idealized 113/114 cap-derived geometric schedule,299040000,2247,2227,0.00002247,0.00002227,-20,-0.89007566,20,0.00000020,scheduled subsidy boundary
S4,S4,Idealized 113/114 cap-derived geometric schedule,299250000,2227,2207,0.00002227,0.00002207,-20,-0.89806915,20,0.00000020,scheduled subsidy boundary
S4,S4,Idealized 113/114 cap-derived geometric schedule,299460000,2207,2187,0.00002207,0.00002187,-20,-0.90620752,20,0.00000020,scheduled subsidy boundary
S4,S4,Idealized 113/114 cap-derived geometric schedule,299670000,2187,2167,0.00002187,0.00002167,-20,-0.91449474,20,0.00000020,scheduled subsidy boundary
S4,S4,Idealized 113/114 cap-derived geometric schedule,299880000,2167,2147,0.00002167,0.00002147,-20,-0.92293493,20,0.00000020,scheduled subsidy boundary
S4,S4,Idealized 113/114 cap-derived geometric schedule,300090000,2147,2128,0.00002147,0.00002128,-19,-0.88495575,19,0.00000019,scheduled subsidy boundary
S4,S4,Idealized 113/114 cap-derived geometric schedule,300300000,2128,2109,0.00002128,0.00002109,-19,-0.89285714,19,0.00000019,scheduled subsidy boundary
S4,S4,Idealized 113/114 cap-derived geometric schedule,300510000,2109,2090,0.00002109,0.00002090,-19,-0.90090090,19,0.00000019,scheduled subsidy boundary
S4,S4,Idealized 113/114 cap-derived geometric schedule,300720000,2090,2071,0.00002090,0.00002071,-19,-0.90909091,19,0.00000019,scheduled subsidy boundary
S4,S4,Idealized 113/114 cap-derived geometric schedule,300930000,2071,2052,0.00002071,0.00002052,-19,-0.91743119,19,0.00000019,scheduled subsidy boundary
S4,S4,Idealized 113/114 cap-derived geometric schedule,301140000,2052,2034,0.00002052,0.00002034,-18,-0.87719298,18,0.00000018,scheduled subsidy boundary
S4,S4,Idealized 113/114 cap-derived geometric schedule,301350000,2034,2016,0.00002034,0.00002016,-18,-0.88495575,18,0.00000018,scheduled subsidy boundary
S4,S4,Idealized 113/114 cap-derived geometric schedule,301560000,2016,1998,0.00002016,0.00001998,-18,-0.89285714,18,0.00000018,scheduled subsidy boundary
S4,S4,Idealized 113/114 cap-derived geometric schedule,301770000,1998,1980,0.00001998,0.00001980,-18,-0.90090090,18,0.00000018,scheduled subsidy boundary
S4,S4,Idealized 113/114 cap-derived geometric schedule,301980000,1980,1962,0.00001980,0.00001962,-18,-0.90909091,18,0.00000018,scheduled subsidy boundary
S4,S4,Idealized 113/114 cap-derived geometric schedule,302190000,1962,1944,0.00001962,0.00001944,-18,-0.91743119,18,0.00000018,scheduled subsidy boundary
S4,S4,Idealized 113/114 cap-derived geometric schedule,302400000,1944,1926,0.00001944,0.00001926,-18,-0.92592593,18,0.00000018,scheduled subsidy boundary
S4,S4,Idealized 113/114 cap-derived geometric schedule,302610000,1926,1909,0.00001926,0.00001909,-17,-0.88265836,17,0.00000017,scheduled subsidy boundary
S4,S4,Idealized 113/114 cap-derived geometric schedule,302820000,1909,1892,0.00001909,0.00001892,-17,-0.89051860,17,0.00000017,scheduled subsidy boundary
S4,S4,Idealized 113/114 cap-derived geometric schedule,303030000,1892,1875,0.00001892,0.00001875,-17,-0.89852008,17,0.00000017,scheduled subsidy boundary
S4,S4,Idealized 113/114 cap-derived geometric schedule,303240000,1875,1858,0.00001875,0.00001858,-17,-0.90666667,17,0.00000017,scheduled subsidy boundary
S4,S4,Idealized 113/114 cap-derived geometric schedule,303450000,1858,1841,0.00001858,0.00001841,-17,-0.91496233,17,0.00000017,scheduled subsidy boundary
S4,S4,Idealized 113/114 cap-derived geometric schedule,303660000,1841,1824,0.00001841,0.00001824,-17,-0.92341119,17,0.00000017,scheduled subsidy boundary
S4,S4,Idealized 113/114 cap-derived geometric schedule,303870000,1824,1808,0.00001824,0.00001808,-16,-0.87719298,16,0.00000016,scheduled subsidy boundary
S4,S4,Idealized 113/114 cap-derived geometric schedule,304080000,1808,1792,0.00001808,0.00001792,-16,-0.88495575,16,0.00000016,scheduled subsidy boundary
S4,S4,Idealized 113/114 cap-derived geometric schedule,304290000,1792,1776,0.00001792,0.00001776,-16,-0.89285714,16,0.00000016,scheduled subsidy boundary
S4,S4,Idealized 113/114 cap-derived geometric schedule,304500000,1776,1760,0.00001776,0.00001760,-16,-0.90090090,16,0.00000016,scheduled subsidy boundary
S4,S4,Idealized 113/114 cap-derived geometric schedule,304710000,1760,1744,0.00001760,0.00001744,-16,-0.90909091,16,0.00000016,scheduled subsidy boundary
S4,S4,Idealized 113/114 cap-derived geometric schedule,304920000,1744,1728,0.00001744,0.00001728,-16,-0.91743119,16,0.00000016,scheduled subsidy boundary
S4,S4,Idealized 113/114 cap-derived geometric schedule,305130000,1728,1712,0.00001728,0.00001712,-16,-0.92592593,16,0.00000016,scheduled subsidy boundary
S4,S4,Idealized 113/114 cap-derived geometric schedule,305340000,1712,1696,0.00001712,0.00001696,-16,-0.93457944,16,0.00000016,scheduled subsidy boundary
S4,S4,Idealized 113/114 cap-derived geometric schedule,305550000,1696,1681,0.00001696,0.00001681,-15,-0.88443396,15,0.00000015,scheduled subsidy boundary
S4,S4,Idealized 113/114 cap-derived geometric schedule,305760000,1681,1666,0.00001681,0.00001666,-15,-0.89232600,15,0.00000015,scheduled subsidy boundary
S4,S4,Idealized 113/114 cap-derived geometric schedule,305970000,1666,1651,0.00001666,0.00001651,-15,-0.90036014,15,0.00000015,scheduled subsidy boundary
S4,S4,Idealized 113/114 cap-derived geometric schedule,306180000,1651,1636,0.00001651,0.00001636,-15,-0.90854028,15,0.00000015,scheduled subsidy boundary
S4,S4,Idealized 113/114 cap-derived geometric schedule,306390000,1636,1621,0.00001636,0.00001621,-15,-0.91687042,15,0.00000015,scheduled subsidy boundary
S4,S4,Idealized 113/114 cap-derived geometric schedule,306600000,1621,1606,0.00001621,0.00001606,-15,-0.92535472,15,0.00000015,scheduled subsidy boundary
S4,S4,Idealized 113/114 cap-derived geometric schedule,306810000,1606,1591,0.00001606,0.00001591,-15,-0.93399751,15,0.00000015,scheduled subsidy boundary
S4,S4,Idealized 113/114 cap-derived geometric schedule,307020000,1591,1577,0.00001591,0.00001577,-14,-0.87994972,14,0.00000014,scheduled subsidy boundary
S4,S4,Idealized 113/114 cap-derived geometric schedule,307230000,1577,1563,0.00001577,0.00001563,-14,-0.88776157,14,0.00000014,scheduled subsidy boundary
S4,S4,Idealized 113/114 cap-derived geometric schedule,307440000,1563,1549,0.00001563,0.00001549,-14,-0.89571337,14,0.00000014,scheduled subsidy boundary
S4,S4,Idealized 113/114 cap-derived geometric schedule,307650000,1549,1535,0.00001549,0.00001535,-14,-0.90380891,14,0.00000014,scheduled subsidy boundary
S4,S4,Idealized 113/114 cap-derived geometric schedule,307860000,1535,1521,0.00001535,0.00001521,-14,-0.91205212,14,0.00000014,scheduled subsidy boundary
S4,S4,Idealized 113/114 cap-derived geometric schedule,308070000,1521,1507,0.00001521,0.00001507,-14,-0.92044707,14,0.00000014,scheduled subsidy boundary
S4,S4,Idealized 113/114 cap-derived geometric schedule,308280000,1507,1493,0.00001507,0.00001493,-14,-0.92899801,14,0.00000014,scheduled subsidy boundary
S4,S4,Idealized 113/114 cap-derived geometric schedule,308490000,1493,1479,0.00001493,0.00001479,-14,-0.93770931,14,0.00000014,scheduled subsidy boundary
S4,S4,Idealized 113/114 cap-derived geometric schedule,308700000,1479,1466,0.00001479,0.00001466,-13,-0.87897228,13,0.00000013,scheduled subsidy boundary
S4,S4,Idealized 113/114 cap-derived geometric schedule,308910000,1466,1453,0.00001466,0.00001453,-13,-0.88676671,13,0.00000013,scheduled subsidy boundary
S4,S4,Idealized 113/114 cap-derived geometric schedule,309120000,1453,1440,0.00001453,0.00001440,-13,-0.89470062,13,0.00000013,scheduled subsidy boundary
S4,S4,Idealized 113/114 cap-derived geometric schedule,309330000,1440,1427,0.00001440,0.00001427,-13,-0.90277778,13,0.00000013,scheduled subsidy boundary
S4,S4,Idealized 113/114 cap-derived geometric schedule,309540000,1427,1414,0.00001427,0.00001414,-13,-0.91100210,13,0.00000013,scheduled subsidy boundary
S4,S4,Idealized 113/114 cap-derived geometric schedule,309750000,1414,1401,0.00001414,0.00001401,-13,-0.91937765,13,0.00000013,scheduled subsidy boundary
S4,S4,Idealized 113/114 cap-derived geometric schedule,309960000,1401,1388,0.00001401,0.00001388,-13,-0.92790864,13,0.00000013,scheduled subsidy boundary
S4,S4,Idealized 113/114 cap-derived geometric schedule,310170000,1388,1375,0.00001388,0.00001375,-13,-0.93659942,13,0.00000013,scheduled subsidy boundary
S4,S4,Idealized 113/114 cap-derived geometric schedule,310380000,1375,1362,0.00001375,0.00001362,-13,-0.94545455,13,0.00000013,scheduled subsidy boundary
S4,S4,Idealized 113/114 cap-derived geometric schedule,310590000,1362,1350,0.00001362,0.00001350,-12,-0.88105727,12,0.00000012,scheduled subsidy boundary
S4,S4,Idealized 113/114 cap-derived geometric schedule,310800000,1350,1338,0.00001350,0.00001338,-12,-0.88888889,12,0.00000012,scheduled subsidy boundary
S4,S4,Idealized 113/114 cap-derived geometric schedule,311010000,1338,1326,0.00001338,0.00001326,-12,-0.89686099,12,0.00000012,scheduled subsidy boundary
S4,S4,Idealized 113/114 cap-derived geometric schedule,311220000,1326,1314,0.00001326,0.00001314,-12,-0.90497738,12,0.00000012,scheduled subsidy boundary
S4,S4,Idealized 113/114 cap-derived geometric schedule,311430000,1314,1302,0.00001314,0.00001302,-12,-0.91324201,12,0.00000012,scheduled subsidy boundary
S4,S4,Idealized 113/114 cap-derived geometric schedule,311640000,1302,1290,0.00001302,0.00001290,-12,-0.92165899,12,0.00000012,scheduled subsidy boundary
S4,S4,Idealized 113/114 cap-derived geometric schedule,311850000,1290,1278,0.00001290,0.00001278,-12,-0.93023256,12,0.00000012,scheduled subsidy boundary
S4,S4,Idealized 113/114 cap-derived geometric schedule,312060000,1278,1266,0.00001278,0.00001266,-12,-0.93896714,12,0.00000012,scheduled subsidy boundary
S4,S4,Idealized 113/114 cap-derived geometric schedule,312270000,1266,1254,0.00001266,0.00001254,-12,-0.94786730,12,0.00000012,scheduled subsidy boundary
S4,S4,Idealized 113/114 cap-derived geometric schedule,312480000,1254,1243,0.00001254,0.00001243,-11,-0.87719298,11,0.00000011,scheduled subsidy boundary
S4,S4,Idealized 113/114 cap-derived geometric schedule,312690000,1243,1232,0.00001243,0.00001232,-11,-0.88495575,11,0.00000011,scheduled subsidy boundary
S4,S4,Idealized 113/114 cap-derived geometric schedule,312900000,1232,1221,0.00001232,0.00001221,-11,-0.89285714,11,0.00000011,scheduled subsidy boundary
S4,S4,Idealized 113/114 cap-derived geometric schedule,313110000,1221,1210,0.00001221,0.00001210,-11,-0.90090090,11,0.00000011,scheduled subsidy boundary
S4,S4,Idealized 113/114 cap-derived geometric schedule,313320000,1210,1199,0.00001210,0.00001199,-11,-0.90909091,11,0.00000011,scheduled subsidy boundary
S4,S4,Idealized 113/114 cap-derived geometric schedule,313530000,1199,1188,0.00001199,0.00001188,-11,-0.91743119,11,0.00000011,scheduled subsidy boundary
S4,S4,Idealized 113/114 cap-derived geometric schedule,313740000,1188,1177,0.00001188,0.00001177,-11,-0.92592593,11,0.00000011,scheduled subsidy boundary
S4,S4,Idealized 113/114 cap-derived geometric schedule,313950000,1177,1166,0.00001177,0.00001166,-11,-0.93457944,11,0.00000011,scheduled subsidy boundary
S4,S4,Idealized 113/114 cap-derived geometric schedule,314160000,1166,1155,0.00001166,0.00001155,-11,-0.94339623,11,0.00000011,scheduled subsidy boundary
S4,S4,Idealized 113/114 cap-derived geometric schedule,314370000,1155,1144,0.00001155,0.00001144,-11,-0.95238095,11,0.00000011,scheduled subsidy boundary
S4,S4,Idealized 113/114 cap-derived geometric schedule,314580000,1144,1133,0.00001144,0.00001133,-11,-0.96153846,11,0.00000011,scheduled subsidy boundary
S4,S4,Idealized 113/114 cap-derived geometric schedule,314790000,1133,1123,0.00001133,0.00001123,-10,-0.88261253,10,0.00000010,scheduled subsidy boundary
S4,S4,Idealized 113/114 cap-derived geometric schedule,315000000,1123,1113,0.00001123,0.00001113,-10,-0.89047195,10,0.00000010,scheduled subsidy boundary
S4,S4,Idealized 113/114 cap-derived geometric schedule,315210000,1113,1103,0.00001113,0.00001103,-10,-0.89847260,10,0.00000010,scheduled subsidy boundary
S4,S4,Idealized 113/114 cap-derived geometric schedule,315420000,1103,1093,0.00001103,0.00001093,-10,-0.90661831,10,0.00000010,scheduled subsidy boundary
S4,S4,Idealized 113/114 cap-derived geometric schedule,315630000,1093,1083,0.00001093,0.00001083,-10,-0.91491308,10,0.00000010,scheduled subsidy boundary
S4,S4,Idealized 113/114 cap-derived geometric schedule,315840000,1083,1073,0.00001083,0.00001073,-10,-0.92336103,10,0.00000010,scheduled subsidy boundary
S4,S4,Idealized 113/114 cap-derived geometric schedule,316050000,1073,1063,0.00001073,0.00001063,-10,-0.93196645,10,0.00000010,scheduled subsidy boundary
S4,S4,Idealized 113/114 cap-derived geometric schedule,316260000,1063,1053,0.00001063,0.00001053,-10,-0.94073377,10,0.00000010,scheduled subsidy boundary
S4,S4,Idealized 113/114 cap-derived geometric schedule,316470000,1053,1043,0.00001053,0.00001043,-10,-0.94966762,10,0.00000010,scheduled subsidy boundary
S4,S4,Idealized 113/114 cap-derived geometric schedule,316680000,1043,1033,0.00001043,0.00001033,-10,-0.95877277,10,0.00000010,scheduled subsidy boundary
S4,S4,Idealized 113/114 cap-derived geometric schedule,316890000,1033,1023,0.00001033,0.00001023,-10,-0.96805421,10,0.00000010,scheduled subsidy boundary
S4,S4,Idealized 113/114 cap-derived geometric schedule,317100000,1023,1014,0.00001023,0.00001014,-9,-0.87976540,9,0.00000009,scheduled subsidy boundary
S4,S4,Idealized 113/114 cap-derived geometric schedule,317310000,1014,1005,0.00001014,0.00001005,-9,-0.88757396,9,0.00000009,scheduled subsidy boundary
S4,S4,Idealized 113/114 cap-derived geometric schedule,317520000,1005,996,0.00001005,0.00000996,-9,-0.89552239,9,0.00000009,scheduled subsidy boundary
S4,S4,Idealized 113/114 cap-derived geometric schedule,317730000,996,987,0.00000996,0.00000987,-9,-0.90361446,9,0.00000009,scheduled subsidy boundary
S4,S4,Idealized 113/114 cap-derived geometric schedule,317940000,987,978,0.00000987,0.00000978,-9,-0.91185410,9,0.00000009,scheduled subsidy boundary
S4,S4,Idealized 113/114 cap-derived geometric schedule,318150000,978,969,0.00000978,0.00000969,-9,-0.92024540,9,0.00000009,scheduled subsidy boundary
S4,S4,Idealized 113/114 cap-derived geometric schedule,318360000,969,960,0.00000969,0.00000960,-9,-0.92879257,9,0.00000009,scheduled subsidy boundary
S4,S4,Idealized 113/114 cap-derived geometric schedule,318570000,960,951,0.00000960,0.00000951,-9,-0.93750000,9,0.00000009,scheduled subsidy boundary
S4,S4,Idealized 113/114 cap-derived geometric schedule,318780000,951,942,0.00000951,0.00000942,-9,-0.94637224,9,0.00000009,scheduled subsidy boundary
S4,S4,Idealized 113/114 cap-derived geometric schedule,318990000,942,933,0.00000942,0.00000933,-9,-0.95541401,9,0.00000009,scheduled subsidy boundary
S4,S4,Idealized 113/114 cap-derived geometric schedule,319200000,933,924,0.00000933,0.00000924,-9,-0.96463023,9,0.00000009,scheduled subsidy boundary
S4,S4,Idealized 113/114 cap-derived geometric schedule,319410000,924,915,0.00000924,0.00000915,-9,-0.97402597,9,0.00000009,scheduled subsidy boundary
S4,S4,Idealized 113/114 cap-derived geometric schedule,319620000,915,906,0.00000915,0.00000906,-9,-0.98360656,9,0.00000009,scheduled subsidy boundary
S4,S4,Idealized 113/114 cap-derived geometric schedule,319830000,906,898,0.00000906,0.00000898,-8,-0.88300221,8,0.00000008,scheduled subsidy boundary
S4,S4,Idealized 113/114 cap-derived geometric schedule,320040000,898,890,0.00000898,0.00000890,-8,-0.89086860,8,0.00000008,scheduled subsidy boundary
S4,S4,Idealized 113/114 cap-derived geometric schedule,320250000,890,882,0.00000890,0.00000882,-8,-0.89887640,8,0.00000008,scheduled subsidy boundary
S4,S4,Idealized 113/114 cap-derived geometric schedule,320460000,882,874,0.00000882,0.00000874,-8,-0.90702948,8,0.00000008,scheduled subsidy boundary
S4,S4,Idealized 113/114 cap-derived geometric schedule,320670000,874,866,0.00000874,0.00000866,-8,-0.91533181,8,0.00000008,scheduled subsidy boundary
S4,S4,Idealized 113/114 cap-derived geometric schedule,320880000,866,858,0.00000866,0.00000858,-8,-0.92378753,8,0.00000008,scheduled subsidy boundary
S4,S4,Idealized 113/114 cap-derived geometric schedule,321090000,858,850,0.00000858,0.00000850,-8,-0.93240093,8,0.00000008,scheduled subsidy boundary
S4,S4,Idealized 113/114 cap-derived geometric schedule,321300000,850,842,0.00000850,0.00000842,-8,-0.94117647,8,0.00000008,scheduled subsidy boundary
S4,S4,Idealized 113/114 cap-derived geometric schedule,321510000,842,834,0.00000842,0.00000834,-8,-0.95011876,8,0.00000008,scheduled subsidy boundary
S4,S4,Idealized 113/114 cap-derived geometric schedule,321720000,834,826,0.00000834,0.00000826,-8,-0.95923261,8,0.00000008,scheduled subsidy boundary
S4,S4,Idealized 113/114 cap-derived geometric schedule,321930000,826,818,0.00000826,0.00000818,-8,-0.96852300,8,0.00000008,scheduled subsidy boundary
S4,S4,Idealized 113/114 cap-derived geometric schedule,322140000,818,810,0.00000818,0.00000810,-8,-0.97799511,8,0.00000008,scheduled subsidy boundary
S4,S4,Idealized 113/114 cap-derived geometric schedule,322350000,810,802,0.00000810,0.00000802,-8,-0.98765432,8,0.00000008,scheduled subsidy boundary
S4,S4,Idealized 113/114 cap-derived geometric schedule,322560000,802,794,0.00000802,0.00000794,-8,-0.99750623,8,0.00000008,scheduled subsidy boundary
S4,S4,Idealized 113/114 cap-derived geometric schedule,322770000,794,787,0.00000794,0.00000787,-7,-0.88161209,7,0.00000007,scheduled subsidy boundary
S4,S4,Idealized 113/114 cap-derived geometric schedule,322980000,787,780,0.00000787,0.00000780,-7,-0.88945362,7,0.00000007,scheduled subsidy boundary
S4,S4,Idealized 113/114 cap-derived geometric schedule,323190000,780,773,0.00000780,0.00000773,-7,-0.89743590,7,0.00000007,scheduled subsidy boundary
S4,S4,Idealized 113/114 cap-derived geometric schedule,323400000,773,766,0.00000773,0.00000766,-7,-0.90556274,7,0.00000007,scheduled subsidy boundary
S4,S4,Idealized 113/114 cap-derived geometric schedule,323610000,766,759,0.00000766,0.00000759,-7,-0.91383812,7,0.00000007,scheduled subsidy boundary
S4,S4,Idealized 113/114 cap-derived geometric schedule,323820000,759,752,0.00000759,0.00000752,-7,-0.92226614,7,0.00000007,scheduled subsidy boundary
S4,S4,Idealized 113/114 cap-derived geometric schedule,324030000,752,745,0.00000752,0.00000745,-7,-0.93085106,7,0.00000007,scheduled subsidy boundary
S4,S4,Idealized 113/114 cap-derived geometric schedule,324240000,745,738,0.00000745,0.00000738,-7,-0.93959732,7,0.00000007,scheduled subsidy boundary
S4,S4,Idealized 113/114 cap-derived geometric schedule,324450000,738,731,0.00000738,0.00000731,-7,-0.94850949,7,0.00000007,scheduled subsidy boundary
S4,S4,Idealized 113/114 cap-derived geometric schedule,324660000,731,724,0.00000731,0.00000724,-7,-0.95759234,7,0.00000007,scheduled subsidy boundary
S4,S4,Idealized 113/114 cap-derived geometric schedule,324870000,724,717,0.00000724,0.00000717,-7,-0.96685083,7,0.00000007,scheduled subsidy boundary
S4,S4,Idealized 113/114 cap-derived geometric schedule,325080000,717,710,0.00000717,0.00000710,-7,-0.97629010,7,0.00000007,scheduled subsidy boundary
S4,S4,Idealized 113/114 cap-derived geometric schedule,325290000,710,703,0.00000710,0.00000703,-7,-0.98591549,7,0.00000007,scheduled subsidy boundary
S4,S4,Idealized 113/114 cap-derived geometric schedule,325500000,703,696,0.00000703,0.00000696,-7,-0.99573257,7,0.00000007,scheduled subsidy boundary
S4,S4,Idealized 113/114 cap-derived geometric schedule,325710000,696,689,0.00000696,0.00000689,-7,-1.00574713,7,0.00000007,scheduled subsidy boundary
S4,S4,Idealized 113/114 cap-derived geometric schedule,325920000,689,682,0.00000689,0.00000682,-7,-1.01596517,7,0.00000007,scheduled subsidy boundary
S4,S4,Idealized 113/114 cap-derived geometric schedule,326130000,682,676,0.00000682,0.00000676,-6,-0.87976540,6,0.00000006,scheduled subsidy boundary
S4,S4,Idealized 113/114 cap-derived geometric schedule,326340000,676,670,0.00000676,0.00000670,-6,-0.88757396,6,0.00000006,scheduled subsidy boundary
S4,S4,Idealized 113/114 cap-derived geometric schedule,326550000,670,664,0.00000670,0.00000664,-6,-0.89552239,6,0.00000006,scheduled subsidy boundary
S4,S4,Idealized 113/114 cap-derived geometric schedule,326760000,664,658,0.00000664,0.00000658,-6,-0.90361446,6,0.00000006,scheduled subsidy boundary
S4,S4,Idealized 113/114 cap-derived geometric schedule,326970000,658,652,0.00000658,0.00000652,-6,-0.91185410,6,0.00000006,scheduled subsidy boundary
S4,S4,Idealized 113/114 cap-derived geometric schedule,327180000,652,646,0.00000652,0.00000646,-6,-0.92024540,6,0.00000006,scheduled subsidy boundary
S4,S4,Idealized 113/114 cap-derived geometric schedule,327390000,646,640,0.00000646,0.00000640,-6,-0.92879257,6,0.00000006,scheduled subsidy boundary
S4,S4,Idealized 113/114 cap-derived geometric schedule,327600000,640,634,0.00000640,0.00000634,-6,-0.93750000,6,0.00000006,scheduled subsidy boundary
S4,S4,Idealized 113/114 cap-derived geometric schedule,327810000,634,628,0.00000634,0.00000628,-6,-0.94637224,6,0.00000006,scheduled subsidy boundary
S4,S4,Idealized 113/114 cap-derived geometric schedule,328020000,628,622,0.00000628,0.00000622,-6,-0.95541401,6,0.00000006,scheduled subsidy boundary
S4,S4,Idealized 113/114 cap-derived geometric schedule,328230000,622,616,0.00000622,0.00000616,-6,-0.96463023,6,0.00000006,scheduled subsidy boundary
S4,S4,Idealized 113/114 cap-derived geometric schedule,328440000,616,610,0.00000616,0.00000610,-6,-0.97402597,6,0.00000006,scheduled subsidy boundary
S4,S4,Idealized 113/114 cap-derived geometric schedule,328650000,610,604,0.00000610,0.00000604,-6,-0.98360656,6,0.00000006,scheduled subsidy boundary
S4,S4,Idealized 113/114 cap-derived geometric schedule,328860000,604,598,0.00000604,0.00000598,-6,-0.99337748,6,0.00000006,scheduled subsidy boundary
S4,S4,Idealized 113/114 cap-derived geometric schedule,329070000,598,592,0.00000598,0.00000592,-6,-1.00334448,6,0.00000006,scheduled subsidy boundary
S4,S4,Idealized 113/114 cap-derived geometric schedule,329280000,592,586,0.00000592,0.00000586,-6,-1.01351351,6,0.00000006,scheduled subsidy boundary
S4,S4,Idealized 113/114 cap-derived geometric schedule,329490000,586,580,0.00000586,0.00000580,-6,-1.02389078,6,0.00000006,scheduled subsidy boundary
S4,S4,Idealized 113/114 cap-derived geometric schedule,329700000,580,574,0.00000580,0.00000574,-6,-1.03448276,6,0.00000006,scheduled subsidy boundary
S4,S4,Idealized 113/114 cap-derived geometric schedule,329910000,574,568,0.00000574,0.00000568,-6,-1.04529617,6,0.00000006,scheduled subsidy boundary
S4,S4,Idealized 113/114 cap-derived geometric schedule,330120000,568,563,0.00000568,0.00000563,-5,-0.88028169,5,0.00000005,scheduled subsidy boundary
S4,S4,Idealized 113/114 cap-derived geometric schedule,330330000,563,558,0.00000563,0.00000558,-5,-0.88809947,5,0.00000005,scheduled subsidy boundary
S4,S4,Idealized 113/114 cap-derived geometric schedule,330540000,558,553,0.00000558,0.00000553,-5,-0.89605735,5,0.00000005,scheduled subsidy boundary
S4,S4,Idealized 113/114 cap-derived geometric schedule,330750000,553,548,0.00000553,0.00000548,-5,-0.90415913,5,0.00000005,scheduled subsidy boundary
S4,S4,Idealized 113/114 cap-derived geometric schedule,330960000,548,543,0.00000548,0.00000543,-5,-0.91240876,5,0.00000005,scheduled subsidy boundary
S4,S4,Idealized 113/114 cap-derived geometric schedule,331170000,543,538,0.00000543,0.00000538,-5,-0.92081031,5,0.00000005,scheduled subsidy boundary
S4,S4,Idealized 113/114 cap-derived geometric schedule,331380000,538,533,0.00000538,0.00000533,-5,-0.92936803,5,0.00000005,scheduled subsidy boundary
S4,S4,Idealized 113/114 cap-derived geometric schedule,331590000,533,528,0.00000533,0.00000528,-5,-0.93808630,5,0.00000005,scheduled subsidy boundary
S4,S4,Idealized 113/114 cap-derived geometric schedule,331800000,528,523,0.00000528,0.00000523,-5,-0.94696970,5,0.00000005,scheduled subsidy boundary
S4,S4,Idealized 113/114 cap-derived geometric schedule,332010000,523,518,0.00000523,0.00000518,-5,-0.95602294,5,0.00000005,scheduled subsidy boundary
S4,S4,Idealized 113/114 cap-derived geometric schedule,332220000,518,513,0.00000518,0.00000513,-5,-0.96525097,5,0.00000005,scheduled subsidy boundary
S4,S4,Idealized 113/114 cap-derived geometric schedule,332430000,513,508,0.00000513,0.00000508,-5,-0.97465887,5,0.00000005,scheduled subsidy boundary
S4,S4,Idealized 113/114 cap-derived geometric schedule,332640000,508,503,0.00000508,0.00000503,-5,-0.98425197,5,0.00000005,scheduled subsidy boundary
S4,S4,Idealized 113/114 cap-derived geometric schedule,332850000,503,498,0.00000503,0.00000498,-5,-0.99403579,5,0.00000005,scheduled subsidy boundary
S4,S4,Idealized 113/114 cap-derived geometric schedule,333060000,498,493,0.00000498,0.00000493,-5,-1.00401606,5,0.00000005,scheduled subsidy boundary
S4,S4,Idealized 113/114 cap-derived geometric schedule,333270000,493,488,0.00000493,0.00000488,-5,-1.01419878,5,0.00000005,scheduled subsidy boundary
S4,S4,Idealized 113/114 cap-derived geometric schedule,333480000,488,483,0.00000488,0.00000483,-5,-1.02459016,5,0.00000005,scheduled subsidy boundary
S4,S4,Idealized 113/114 cap-derived geometric schedule,333690000,483,478,0.00000483,0.00000478,-5,-1.03519669,5,0.00000005,scheduled subsidy boundary
S4,S4,Idealized 113/114 cap-derived geometric schedule,333900000,478,473,0.00000478,0.00000473,-5,-1.04602510,5,0.00000005,scheduled subsidy boundary
S4,S4,Idealized 113/114 cap-derived geometric schedule,334110000,473,468,0.00000473,0.00000468,-5,-1.05708245,5,0.00000005,scheduled subsidy boundary
S4,S4,Idealized 113/114 cap-derived geometric schedule,334320000,468,463,0.00000468,0.00000463,-5,-1.06837607,5,0.00000005,scheduled subsidy boundary
S4,S4,Idealized 113/114 cap-derived geometric schedule,334530000,463,458,0.00000463,0.00000458,-5,-1.07991361,5,0.00000005,scheduled subsidy boundary
S4,S4,Idealized 113/114 cap-derived geometric schedule,334740000,458,453,0.00000458,0.00000453,-5,-1.09170306,5,0.00000005,scheduled subsidy boundary
S4,S4,Idealized 113/114 cap-derived geometric schedule,334950000,453,449,0.00000453,0.00000449,-4,-0.88300221,4,0.00000004,scheduled subsidy boundary
S4,S4,Idealized 113/114 cap-derived geometric schedule,335160000,449,445,0.00000449,0.00000445,-4,-0.89086860,4,0.00000004,scheduled subsidy boundary
S4,S4,Idealized 113/114 cap-derived geometric schedule,335370000,445,441,0.00000445,0.00000441,-4,-0.89887640,4,0.00000004,scheduled subsidy boundary
S4,S4,Idealized 113/114 cap-derived geometric schedule,335580000,441,437,0.00000441,0.00000437,-4,-0.90702948,4,0.00000004,scheduled subsidy boundary
S4,S4,Idealized 113/114 cap-derived geometric schedule,335790000,437,433,0.00000437,0.00000433,-4,-0.91533181,4,0.00000004,scheduled subsidy boundary
S4,S4,Idealized 113/114 cap-derived geometric schedule,336000000,433,429,0.00000433,0.00000429,-4,-0.92378753,4,0.00000004,scheduled subsidy boundary
S4,S4,Idealized 113/114 cap-derived geometric schedule,336210000,429,425,0.00000429,0.00000425,-4,-0.93240093,4,0.00000004,scheduled subsidy boundary
S4,S4,Idealized 113/114 cap-derived geometric schedule,336420000,425,421,0.00000425,0.00000421,-4,-0.94117647,4,0.00000004,scheduled subsidy boundary
S4,S4,Idealized 113/114 cap-derived geometric schedule,336630000,421,417,0.00000421,0.00000417,-4,-0.95011876,4,0.00000004,scheduled subsidy boundary
S4,S4,Idealized 113/114 cap-derived geometric schedule,336840000,417,413,0.00000417,0.00000413,-4,-0.95923261,4,0.00000004,scheduled subsidy boundary
S4,S4,Idealized 113/114 cap-derived geometric schedule,337050000,413,409,0.00000413,0.00000409,-4,-0.96852300,4,0.00000004,scheduled subsidy boundary
S4,S4,Idealized 113/114 cap-derived geometric schedule,337260000,409,405,0.00000409,0.00000405,-4,-0.97799511,4,0.00000004,scheduled subsidy boundary
S4,S4,Idealized 113/114 cap-derived geometric schedule,337470000,405,401,0.00000405,0.00000401,-4,-0.98765432,4,0.00000004,scheduled subsidy boundary
S4,S4,Idealized 113/114 cap-derived geometric schedule,337680000,401,397,0.00000401,0.00000397,-4,-0.99750623,4,0.00000004,scheduled subsidy boundary
S4,S4,Idealized 113/114 cap-derived geometric schedule,337890000,397,393,0.00000397,0.00000393,-4,-1.00755668,4,0.00000004,scheduled subsidy boundary
S4,S4,Idealized 113/114 cap-derived geometric schedule,338100000,393,389,0.00000393,0.00000389,-4,-1.01781170,4,0.00000004,scheduled subsidy boundary
S4,S4,Idealized 113/114 cap-derived geometric schedule,338310000,389,385,0.00000389,0.00000385,-4,-1.02827763,4,0.00000004,scheduled subsidy boundary
S4,S4,Idealized 113/114 cap-derived geometric schedule,338520000,385,381,0.00000385,0.00000381,-4,-1.03896104,4,0.00000004,scheduled subsidy boundary
S4,S4,Idealized 113/114 cap-derived geometric schedule,338730000,381,377,0.00000381,0.00000377,-4,-1.04986877,4,0.00000004,scheduled subsidy boundary
S4,S4,Idealized 113/114 cap-derived geometric schedule,338940000,377,373,0.00000377,0.00000373,-4,-1.06100796,4,0.00000004,scheduled subsidy boundary
S4,S4,Idealized 113/114 cap-derived geometric schedule,339150000,373,369,0.00000373,0.00000369,-4,-1.07238606,4,0.00000004,scheduled subsidy boundary
S4,S4,Idealized 113/114 cap-derived geometric schedule,339360000,369,365,0.00000369,0.00000365,-4,-1.08401084,4,0.00000004,scheduled subsidy boundary
S4,S4,Idealized 113/114 cap-derived geometric schedule,339570000,365,361,0.00000365,0.00000361,-4,-1.09589041,4,0.00000004,scheduled subsidy boundary
S4,S4,Idealized 113/114 cap-derived geometric schedule,339780000,361,357,0.00000361,0.00000357,-4,-1.10803324,4,0.00000004,scheduled subsidy boundary
S4,S4,Idealized 113/114 cap-derived geometric schedule,339990000,357,353,0.00000357,0.00000353,-4,-1.12044818,4,0.00000004,scheduled subsidy boundary
S4,S4,Idealized 113/114 cap-derived geometric schedule,340200000,353,349,0.00000353,0.00000349,-4,-1.13314448,4,0.00000004,scheduled subsidy boundary
S4,S4,Idealized 113/114 cap-derived geometric schedule,340410000,349,345,0.00000349,0.00000345,-4,-1.14613181,4,0.00000004,scheduled subsidy boundary
S4,S4,Idealized 113/114 cap-derived geometric schedule,340620000,345,341,0.00000345,0.00000341,-4,-1.15942029,4,0.00000004,scheduled subsidy boundary
S4,S4,Idealized 113/114 cap-derived geometric schedule,340830000,341,338,0.00000341,0.00000338,-3,-0.87976540,3,0.00000003,scheduled subsidy boundary
S4,S4,Idealized 113/114 cap-derived geometric schedule,341040000,338,335,0.00000338,0.00000335,-3,-0.88757396,3,0.00000003,scheduled subsidy boundary
S4,S4,Idealized 113/114 cap-derived geometric schedule,341250000,335,332,0.00000335,0.00000332,-3,-0.89552239,3,0.00000003,scheduled subsidy boundary
S4,S4,Idealized 113/114 cap-derived geometric schedule,341460000,332,329,0.00000332,0.00000329,-3,-0.90361446,3,0.00000003,scheduled subsidy boundary
S4,S4,Idealized 113/114 cap-derived geometric schedule,341670000,329,326,0.00000329,0.00000326,-3,-0.91185410,3,0.00000003,scheduled subsidy boundary
S4,S4,Idealized 113/114 cap-derived geometric schedule,341880000,326,323,0.00000326,0.00000323,-3,-0.92024540,3,0.00000003,scheduled subsidy boundary
S4,S4,Idealized 113/114 cap-derived geometric schedule,342090000,323,320,0.00000323,0.00000320,-3,-0.92879257,3,0.00000003,scheduled subsidy boundary
S4,S4,Idealized 113/114 cap-derived geometric schedule,342300000,320,317,0.00000320,0.00000317,-3,-0.93750000,3,0.00000003,scheduled subsidy boundary
S4,S4,Idealized 113/114 cap-derived geometric schedule,342510000,317,314,0.00000317,0.00000314,-3,-0.94637224,3,0.00000003,scheduled subsidy boundary
S4,S4,Idealized 113/114 cap-derived geometric schedule,342720000,314,311,0.00000314,0.00000311,-3,-0.95541401,3,0.00000003,scheduled subsidy boundary
S4,S4,Idealized 113/114 cap-derived geometric schedule,342930000,311,308,0.00000311,0.00000308,-3,-0.96463023,3,0.00000003,scheduled subsidy boundary
S4,S4,Idealized 113/114 cap-derived geometric schedule,343140000,308,305,0.00000308,0.00000305,-3,-0.97402597,3,0.00000003,scheduled subsidy boundary
S4,S4,Idealized 113/114 cap-derived geometric schedule,343350000,305,302,0.00000305,0.00000302,-3,-0.98360656,3,0.00000003,scheduled subsidy boundary
S4,S4,Idealized 113/114 cap-derived geometric schedule,343560000,302,299,0.00000302,0.00000299,-3,-0.99337748,3,0.00000003,scheduled subsidy boundary
S4,S4,Idealized 113/114 cap-derived geometric schedule,343770000,299,296,0.00000299,0.00000296,-3,-1.00334448,3,0.00000003,scheduled subsidy boundary
S4,S4,Idealized 113/114 cap-derived geometric schedule,343980000,296,293,0.00000296,0.00000293,-3,-1.01351351,3,0.00000003,scheduled subsidy boundary
S4,S4,Idealized 113/114 cap-derived geometric schedule,344190000,293,290,0.00000293,0.00000290,-3,-1.02389078,3,0.00000003,scheduled subsidy boundary
S4,S4,Idealized 113/114 cap-derived geometric schedule,344400000,290,287,0.00000290,0.00000287,-3,-1.03448276,3,0.00000003,scheduled subsidy boundary
S4,S4,Idealized 113/114 cap-derived geometric schedule,344610000,287,284,0.00000287,0.00000284,-3,-1.04529617,3,0.00000003,scheduled subsidy boundary
S4,S4,Idealized 113/114 cap-derived geometric schedule,344820000,284,281,0.00000284,0.00000281,-3,-1.05633803,3,0.00000003,scheduled subsidy boundary
S4,S4,Idealized 113/114 cap-derived geometric schedule,345030000,281,278,0.00000281,0.00000278,-3,-1.06761566,3,0.00000003,scheduled subsidy boundary
S4,S4,Idealized 113/114 cap-derived geometric schedule,345240000,278,275,0.00000278,0.00000275,-3,-1.07913669,3,0.00000003,scheduled subsidy boundary
S4,S4,Idealized 113/114 cap-derived geometric schedule,345450000,275,272,0.00000275,0.00000272,-3,-1.09090909,3,0.00000003,scheduled subsidy boundary
S4,S4,Idealized 113/114 cap-derived geometric schedule,345660000,272,269,0.00000272,0.00000269,-3,-1.10294118,3,0.00000003,scheduled subsidy boundary
S4,S4,Idealized 113/114 cap-derived geometric schedule,345870000,269,266,0.00000269,0.00000266,-3,-1.11524164,3,0.00000003,scheduled subsidy boundary
S4,S4,Idealized 113/114 cap-derived geometric schedule,346080000,266,263,0.00000266,0.00000263,-3,-1.12781955,3,0.00000003,scheduled subsidy boundary
S4,S4,Idealized 113/114 cap-derived geometric schedule,346290000,263,260,0.00000263,0.00000260,-3,-1.14068441,3,0.00000003,scheduled subsidy boundary
S4,S4,Idealized 113/114 cap-derived geometric schedule,346500000,260,257,0.00000260,0.00000257,-3,-1.15384615,3,0.00000003,scheduled subsidy boundary
S4,S4,Idealized 113/114 cap-derived geometric schedule,346710000,257,254,0.00000257,0.00000254,-3,-1.16731518,3,0.00000003,scheduled subsidy boundary
S4,S4,Idealized 113/114 cap-derived geometric schedule,346920000,254,251,0.00000254,0.00000251,-3,-1.18110236,3,0.00000003,scheduled subsidy boundary
S4,S4,Idealized 113/114 cap-derived geometric schedule,347130000,251,248,0.00000251,0.00000248,-3,-1.19521912,3,0.00000003,scheduled subsidy boundary
S4,S4,Idealized 113/114 cap-derived geometric schedule,347340000,248,245,0.00000248,0.00000245,-3,-1.20967742,3,0.00000003,scheduled subsidy boundary
S4,S4,Idealized 113/114 cap-derived geometric schedule,347550000,245,242,0.00000245,0.00000242,-3,-1.22448980,3,0.00000003,scheduled subsidy boundary
S4,S4,Idealized 113/114 cap-derived geometric schedule,347760000,242,239,0.00000242,0.00000239,-3,-1.23966942,3,0.00000003,scheduled subsidy boundary
S4,S4,Idealized 113/114 cap-derived geometric schedule,347970000,239,236,0.00000239,0.00000236,-3,-1.25523013,3,0.00000003,scheduled subsidy boundary
S4,S4,Idealized 113/114 cap-derived geometric schedule,348180000,236,233,0.00000236,0.00000233,-3,-1.27118644,3,0.00000003,scheduled subsidy boundary
S4,S4,Idealized 113/114 cap-derived geometric schedule,348390000,233,230,0.00000233,0.00000230,-3,-1.28755365,3,0.00000003,scheduled subsidy boundary
S4,S4,Idealized 113/114 cap-derived geometric schedule,348600000,230,227,0.00000230,0.00000227,-3,-1.30434783,3,0.00000003,scheduled subsidy boundary
S4,S4,Idealized 113/114 cap-derived geometric schedule,348810000,227,225,0.00000227,0.00000225,-2,-0.88105727,2,0.00000002,scheduled subsidy boundary
S4,S4,Idealized 113/114 cap-derived geometric schedule,349020000,225,223,0.00000225,0.00000223,-2,-0.88888889,2,0.00000002,scheduled subsidy boundary
S4,S4,Idealized 113/114 cap-derived geometric schedule,349230000,223,221,0.00000223,0.00000221,-2,-0.89686099,2,0.00000002,scheduled subsidy boundary
S4,S4,Idealized 113/114 cap-derived geometric schedule,349440000,221,219,0.00000221,0.00000219,-2,-0.90497738,2,0.00000002,scheduled subsidy boundary
S4,S4,Idealized 113/114 cap-derived geometric schedule,349650000,219,217,0.00000219,0.00000217,-2,-0.91324201,2,0.00000002,scheduled subsidy boundary
S4,S4,Idealized 113/114 cap-derived geometric schedule,349860000,217,215,0.00000217,0.00000215,-2,-0.92165899,2,0.00000002,scheduled subsidy boundary
S4,S4,Idealized 113/114 cap-derived geometric schedule,350070000,215,213,0.00000215,0.00000213,-2,-0.93023256,2,0.00000002,scheduled subsidy boundary
S4,S4,Idealized 113/114 cap-derived geometric schedule,350280000,213,211,0.00000213,0.00000211,-2,-0.93896714,2,0.00000002,scheduled subsidy boundary
S4,S4,Idealized 113/114 cap-derived geometric schedule,350490000,211,209,0.00000211,0.00000209,-2,-0.94786730,2,0.00000002,scheduled subsidy boundary
S4,S4,Idealized 113/114 cap-derived geometric schedule,350700000,209,207,0.00000209,0.00000207,-2,-0.95693780,2,0.00000002,scheduled subsidy boundary
S4,S4,Idealized 113/114 cap-derived geometric schedule,350910000,207,205,0.00000207,0.00000205,-2,-0.96618357,2,0.00000002,scheduled subsidy boundary
S4,S4,Idealized 113/114 cap-derived geometric schedule,351120000,205,203,0.00000205,0.00000203,-2,-0.97560976,2,0.00000002,scheduled subsidy boundary
S4,S4,Idealized 113/114 cap-derived geometric schedule,351330000,203,201,0.00000203,0.00000201,-2,-0.98522167,2,0.00000002,scheduled subsidy boundary
S4,S4,Idealized 113/114 cap-derived geometric schedule,351540000,201,199,0.00000201,0.00000199,-2,-0.99502488,2,0.00000002,scheduled subsidy boundary
S4,S4,Idealized 113/114 cap-derived geometric schedule,351750000,199,197,0.00000199,0.00000197,-2,-1.00502513,2,0.00000002,scheduled subsidy boundary
S4,S4,Idealized 113/114 cap-derived geometric schedule,351960000,197,195,0.00000197,0.00000195,-2,-1.01522843,2,0.00000002,scheduled subsidy boundary
S4,S4,Idealized 113/114 cap-derived geometric schedule,352170000,195,193,0.00000195,0.00000193,-2,-1.02564103,2,0.00000002,scheduled subsidy boundary
S4,S4,Idealized 113/114 cap-derived geometric schedule,352380000,193,191,0.00000193,0.00000191,-2,-1.03626943,2,0.00000002,scheduled subsidy boundary
S4,S4,Idealized 113/114 cap-derived geometric schedule,352590000,191,189,0.00000191,0.00000189,-2,-1.04712042,2,0.00000002,scheduled subsidy boundary
S4,S4,Idealized 113/114 cap-derived geometric schedule,352800000,189,187,0.00000189,0.00000187,-2,-1.05820106,2,0.00000002,scheduled subsidy boundary
S4,S4,Idealized 113/114 cap-derived geometric schedule,353010000,187,185,0.00000187,0.00000185,-2,-1.06951872,2,0.00000002,scheduled subsidy boundary
S4,S4,Idealized 113/114 cap-derived geometric schedule,353220000,185,183,0.00000185,0.00000183,-2,-1.08108108,2,0.00000002,scheduled subsidy boundary
S4,S4,Idealized 113/114 cap-derived geometric schedule,353430000,183,181,0.00000183,0.00000181,-2,-1.09289617,2,0.00000002,scheduled subsidy boundary
S4,S4,Idealized 113/114 cap-derived geometric schedule,353640000,181,179,0.00000181,0.00000179,-2,-1.10497238,2,0.00000002,scheduled subsidy boundary
S4,S4,Idealized 113/114 cap-derived geometric schedule,353850000,179,177,0.00000179,0.00000177,-2,-1.11731844,2,0.00000002,scheduled subsidy boundary
S4,S4,Idealized 113/114 cap-derived geometric schedule,354060000,177,175,0.00000177,0.00000175,-2,-1.12994350,2,0.00000002,scheduled subsidy boundary
S4,S4,Idealized 113/114 cap-derived geometric schedule,354270000,175,173,0.00000175,0.00000173,-2,-1.14285714,2,0.00000002,scheduled subsidy boundary
S4,S4,Idealized 113/114 cap-derived geometric schedule,354480000,173,171,0.00000173,0.00000171,-2,-1.15606936,2,0.00000002,scheduled subsidy boundary
S4,S4,Idealized 113/114 cap-derived geometric schedule,354690000,171,169,0.00000171,0.00000169,-2,-1.16959064,2,0.00000002,scheduled subsidy boundary
S4,S4,Idealized 113/114 cap-derived geometric schedule,354900000,169,167,0.00000169,0.00000167,-2,-1.18343195,2,0.00000002,scheduled subsidy boundary
S4,S4,Idealized 113/114 cap-derived geometric schedule,355110000,167,165,0.00000167,0.00000165,-2,-1.19760479,2,0.00000002,scheduled subsidy boundary
S4,S4,Idealized 113/114 cap-derived geometric schedule,355320000,165,163,0.00000165,0.00000163,-2,-1.21212121,2,0.00000002,scheduled subsidy boundary
S4,S4,Idealized 113/114 cap-derived geometric schedule,355530000,163,161,0.00000163,0.00000161,-2,-1.22699387,2,0.00000002,scheduled subsidy boundary
S4,S4,Idealized 113/114 cap-derived geometric schedule,355740000,161,159,0.00000161,0.00000159,-2,-1.24223602,2,0.00000002,scheduled subsidy boundary
S4,S4,Idealized 113/114 cap-derived geometric schedule,355950000,159,157,0.00000159,0.00000157,-2,-1.25786164,2,0.00000002,scheduled subsidy boundary
S4,S4,Idealized 113/114 cap-derived geometric schedule,356160000,157,155,0.00000157,0.00000155,-2,-1.27388535,2,0.00000002,scheduled subsidy boundary
S4,S4,Idealized 113/114 cap-derived geometric schedule,356370000,155,153,0.00000155,0.00000153,-2,-1.29032258,2,0.00000002,scheduled subsidy boundary
S4,S4,Idealized 113/114 cap-derived geometric schedule,356580000,153,151,0.00000153,0.00000151,-2,-1.30718954,2,0.00000002,scheduled subsidy boundary
S4,S4,Idealized 113/114 cap-derived geometric schedule,356790000,151,149,0.00000151,0.00000149,-2,-1.32450331,2,0.00000002,scheduled subsidy boundary
S4,S4,Idealized 113/114 cap-derived geometric schedule,357000000,149,147,0.00000149,0.00000147,-2,-1.34228188,2,0.00000002,scheduled subsidy boundary
S4,S4,Idealized 113/114 cap-derived geometric schedule,357210000,147,145,0.00000147,0.00000145,-2,-1.36054422,2,0.00000002,scheduled subsidy boundary
S4,S4,Idealized 113/114 cap-derived geometric schedule,357420000,145,143,0.00000145,0.00000143,-2,-1.37931034,2,0.00000002,scheduled subsidy boundary
S4,S4,Idealized 113/114 cap-derived geometric schedule,357630000,143,141,0.00000143,0.00000141,-2,-1.39860140,2,0.00000002,scheduled subsidy boundary
S4,S4,Idealized 113/114 cap-derived geometric schedule,357840000,141,139,0.00000141,0.00000139,-2,-1.41843972,2,0.00000002,scheduled subsidy boundary
S4,S4,Idealized 113/114 cap-derived geometric schedule,358050000,139,137,0.00000139,0.00000137,-2,-1.43884892,2,0.00000002,scheduled subsidy boundary
S4,S4,Idealized 113/114 cap-derived geometric schedule,358260000,137,135,0.00000137,0.00000135,-2,-1.45985401,2,0.00000002,scheduled subsidy boundary
S4,S4,Idealized 113/114 cap-derived geometric schedule,358470000,135,133,0.00000135,0.00000133,-2,-1.48148148,2,0.00000002,scheduled subsidy boundary
S4,S4,Idealized 113/114 cap-derived geometric schedule,358680000,133,131,0.00000133,0.00000131,-2,-1.50375940,2,0.00000002,scheduled subsidy boundary
S4,S4,Idealized 113/114 cap-derived geometric schedule,358890000,131,129,0.00000131,0.00000129,-2,-1.52671756,2,0.00000002,scheduled subsidy boundary
S4,S4,Idealized 113/114 cap-derived geometric schedule,359100000,129,127,0.00000129,0.00000127,-2,-1.55038760,2,0.00000002,scheduled subsidy boundary
S4,S4,Idealized 113/114 cap-derived geometric schedule,359310000,127,125,0.00000127,0.00000125,-2,-1.57480315,2,0.00000002,scheduled subsidy boundary
S4,S4,Idealized 113/114 cap-derived geometric schedule,359520000,125,123,0.00000125,0.00000123,-2,-1.60000000,2,0.00000002,scheduled subsidy boundary
S4,S4,Idealized 113/114 cap-derived geometric schedule,359730000,123,121,0.00000123,0.00000121,-2,-1.62601626,2,0.00000002,scheduled subsidy boundary
S4,S4,Idealized 113/114 cap-derived geometric schedule,359940000,121,119,0.00000121,0.00000119,-2,-1.65289256,2,0.00000002,scheduled subsidy boundary
S4,S4,Idealized 113/114 cap-derived geometric schedule,360150000,119,117,0.00000119,0.00000117,-2,-1.68067227,2,0.00000002,scheduled subsidy boundary
S4,S4,Idealized 113/114 cap-derived geometric schedule,360360000,117,115,0.00000117,0.00000115,-2,-1.70940171,2,0.00000002,scheduled subsidy boundary
S4,S4,Idealized 113/114 cap-derived geometric schedule,360570000,115,113,0.00000115,0.00000113,-2,-1.73913043,2,0.00000002,scheduled subsidy boundary
S4,S4,Idealized 113/114 cap-derived geometric schedule,360780000,113,112,0.00000113,0.00000112,-1,-0.88495575,1,0.00000001,scheduled subsidy boundary
S4,S4,Idealized 113/114 cap-derived geometric schedule,360990000,112,111,0.00000112,0.00000111,-1,-0.89285714,1,0.00000001,scheduled subsidy boundary
S4,S4,Idealized 113/114 cap-derived geometric schedule,361200000,111,110,0.00000111,0.00000110,-1,-0.90090090,1,0.00000001,scheduled subsidy boundary
S4,S4,Idealized 113/114 cap-derived geometric schedule,361410000,110,109,0.00000110,0.00000109,-1,-0.90909091,1,0.00000001,scheduled subsidy boundary
S4,S4,Idealized 113/114 cap-derived geometric schedule,361620000,109,108,0.00000109,0.00000108,-1,-0.91743119,1,0.00000001,scheduled subsidy boundary
S4,S4,Idealized 113/114 cap-derived geometric schedule,361830000,108,107,0.00000108,0.00000107,-1,-0.92592593,1,0.00000001,scheduled subsidy boundary
S4,S4,Idealized 113/114 cap-derived geometric schedule,362040000,107,106,0.00000107,0.00000106,-1,-0.93457944,1,0.00000001,scheduled subsidy boundary
S4,S4,Idealized 113/114 cap-derived geometric schedule,362250000,106,105,0.00000106,0.00000105,-1,-0.94339623,1,0.00000001,scheduled subsidy boundary
S4,S4,Idealized 113/114 cap-derived geometric schedule,362460000,105,104,0.00000105,0.00000104,-1,-0.95238095,1,0.00000001,scheduled subsidy boundary
S4,S4,Idealized 113/114 cap-derived geometric schedule,362670000,104,103,0.00000104,0.00000103,-1,-0.96153846,1,0.00000001,scheduled subsidy boundary
S4,S4,Idealized 113/114 cap-derived geometric schedule,362880000,103,102,0.00000103,0.00000102,-1,-0.97087379,1,0.00000001,scheduled subsidy boundary
S4,S4,Idealized 113/114 cap-derived geometric schedule,363090000,102,101,0.00000102,0.00000101,-1,-0.98039216,1,0.00000001,scheduled subsidy boundary
S4,S4,Idealized 113/114 cap-derived geometric schedule,363300000,101,100,0.00000101,0.00000100,-1,-0.99009901,1,0.00000001,scheduled subsidy boundary
S4,S4,Idealized 113/114 cap-derived geometric schedule,363510000,100,99,0.00000100,0.00000099,-1,-1.00000000,1,0.00000001,scheduled subsidy boundary
S4,S4,Idealized 113/114 cap-derived geometric schedule,363720000,99,98,0.00000099,0.00000098,-1,-1.01010101,1,0.00000001,scheduled subsidy boundary
S4,S4,Idealized 113/114 cap-derived geometric schedule,363930000,98,97,0.00000098,0.00000097,-1,-1.02040816,1,0.00000001,scheduled subsidy boundary
S4,S4,Idealized 113/114 cap-derived geometric schedule,364140000,97,96,0.00000097,0.00000096,-1,-1.03092784,1,0.00000001,scheduled subsidy boundary
S4,S4,Idealized 113/114 cap-derived geometric schedule,364350000,96,95,0.00000096,0.00000095,-1,-1.04166667,1,0.00000001,scheduled subsidy boundary
S4,S4,Idealized 113/114 cap-derived geometric schedule,364560000,95,94,0.00000095,0.00000094,-1,-1.05263158,1,0.00000001,scheduled subsidy boundary
S4,S4,Idealized 113/114 cap-derived geometric schedule,364770000,94,93,0.00000094,0.00000093,-1,-1.06382979,1,0.00000001,scheduled subsidy boundary
S4,S4,Idealized 113/114 cap-derived geometric schedule,364980000,93,92,0.00000093,0.00000092,-1,-1.07526882,1,0.00000001,scheduled subsidy boundary
S4,S4,Idealized 113/114 cap-derived geometric schedule,365190000,92,91,0.00000092,0.00000091,-1,-1.08695652,1,0.00000001,scheduled subsidy boundary
S4,S4,Idealized 113/114 cap-derived geometric schedule,365400000,91,90,0.00000091,0.00000090,-1,-1.09890110,1,0.00000001,scheduled subsidy boundary
S4,S4,Idealized 113/114 cap-derived geometric schedule,365610000,90,89,0.00000090,0.00000089,-1,-1.11111111,1,0.00000001,scheduled subsidy boundary
S4,S4,Idealized 113/114 cap-derived geometric schedule,365820000,89,88,0.00000089,0.00000088,-1,-1.12359551,1,0.00000001,scheduled subsidy boundary
S4,S4,Idealized 113/114 cap-derived geometric schedule,366030000,88,87,0.00000088,0.00000087,-1,-1.13636364,1,0.00000001,scheduled subsidy boundary
S4,S4,Idealized 113/114 cap-derived geometric schedule,366240000,87,86,0.00000087,0.00000086,-1,-1.14942529,1,0.00000001,scheduled subsidy boundary
S4,S4,Idealized 113/114 cap-derived geometric schedule,366450000,86,85,0.00000086,0.00000085,-1,-1.16279070,1,0.00000001,scheduled subsidy boundary
S4,S4,Idealized 113/114 cap-derived geometric schedule,366660000,85,84,0.00000085,0.00000084,-1,-1.17647059,1,0.00000001,scheduled subsidy boundary
S4,S4,Idealized 113/114 cap-derived geometric schedule,366870000,84,83,0.00000084,0.00000083,-1,-1.19047619,1,0.00000001,scheduled subsidy boundary
S4,S4,Idealized 113/114 cap-derived geometric schedule,367080000,83,82,0.00000083,0.00000082,-1,-1.20481928,1,0.00000001,scheduled subsidy boundary
S4,S4,Idealized 113/114 cap-derived geometric schedule,367290000,82,81,0.00000082,0.00000081,-1,-1.21951220,1,0.00000001,scheduled subsidy boundary
S4,S4,Idealized 113/114 cap-derived geometric schedule,367500000,81,80,0.00000081,0.00000080,-1,-1.23456790,1,0.00000001,scheduled subsidy boundary
S4,S4,Idealized 113/114 cap-derived geometric schedule,367710000,80,79,0.00000080,0.00000079,-1,-1.25000000,1,0.00000001,scheduled subsidy boundary
S4,S4,Idealized 113/114 cap-derived geometric schedule,367920000,79,78,0.00000079,0.00000078,-1,-1.26582278,1,0.00000001,scheduled subsidy boundary
S4,S4,Idealized 113/114 cap-derived geometric schedule,368130000,78,77,0.00000078,0.00000077,-1,-1.28205128,1,0.00000001,scheduled subsidy boundary
S4,S4,Idealized 113/114 cap-derived geometric schedule,368340000,77,76,0.00000077,0.00000076,-1,-1.29870130,1,0.00000001,scheduled subsidy boundary
S4,S4,Idealized 113/114 cap-derived geometric schedule,368550000,76,75,0.00000076,0.00000075,-1,-1.31578947,1,0.00000001,scheduled subsidy boundary
S4,S4,Idealized 113/114 cap-derived geometric schedule,368760000,75,74,0.00000075,0.00000074,-1,-1.33333333,1,0.00000001,scheduled subsidy boundary
S4,S4,Idealized 113/114 cap-derived geometric schedule,368970000,74,73,0.00000074,0.00000073,-1,-1.35135135,1,0.00000001,scheduled subsidy boundary
S4,S4,Idealized 113/114 cap-derived geometric schedule,369180000,73,72,0.00000073,0.00000072,-1,-1.36986301,1,0.00000001,scheduled subsidy boundary
S4,S4,Idealized 113/114 cap-derived geometric schedule,369390000,72,71,0.00000072,0.00000071,-1,-1.38888889,1,0.00000001,scheduled subsidy boundary
S4,S4,Idealized 113/114 cap-derived geometric schedule,369600000,71,70,0.00000071,0.00000070,-1,-1.40845070,1,0.00000001,scheduled subsidy boundary
S4,S4,Idealized 113/114 cap-derived geometric schedule,369810000,70,69,0.00000070,0.00000069,-1,-1.42857143,1,0.00000001,scheduled subsidy boundary
S4,S4,Idealized 113/114 cap-derived geometric schedule,370020000,69,68,0.00000069,0.00000068,-1,-1.44927536,1,0.00000001,scheduled subsidy boundary
S4,S4,Idealized 113/114 cap-derived geometric schedule,370230000,68,67,0.00000068,0.00000067,-1,-1.47058824,1,0.00000001,scheduled subsidy boundary
S4,S4,Idealized 113/114 cap-derived geometric schedule,370440000,67,66,0.00000067,0.00000066,-1,-1.49253731,1,0.00000001,scheduled subsidy boundary
S4,S4,Idealized 113/114 cap-derived geometric schedule,370650000,66,65,0.00000066,0.00000065,-1,-1.51515152,1,0.00000001,scheduled subsidy boundary
S4,S4,Idealized 113/114 cap-derived geometric schedule,370860000,65,64,0.00000065,0.00000064,-1,-1.53846154,1,0.00000001,scheduled subsidy boundary
S4,S4,Idealized 113/114 cap-derived geometric schedule,371070000,64,63,0.00000064,0.00000063,-1,-1.56250000,1,0.00000001,scheduled subsidy boundary
S4,S4,Idealized 113/114 cap-derived geometric schedule,371280000,63,62,0.00000063,0.00000062,-1,-1.58730159,1,0.00000001,scheduled subsidy boundary
S4,S4,Idealized 113/114 cap-derived geometric schedule,371490000,62,61,0.00000062,0.00000061,-1,-1.61290323,1,0.00000001,scheduled subsidy boundary
S4,S4,Idealized 113/114 cap-derived geometric schedule,371700000,61,60,0.00000061,0.00000060,-1,-1.63934426,1,0.00000001,scheduled subsidy boundary
S4,S4,Idealized 113/114 cap-derived geometric schedule,371910000,60,59,0.00000060,0.00000059,-1,-1.66666667,1,0.00000001,scheduled subsidy boundary
S4,S4,Idealized 113/114 cap-derived geometric schedule,372120000,59,58,0.00000059,0.00000058,-1,-1.69491525,1,0.00000001,scheduled subsidy boundary
S4,S4,Idealized 113/114 cap-derived geometric schedule,372330000,58,57,0.00000058,0.00000057,-1,-1.72413793,1,0.00000001,scheduled subsidy boundary
S4,S4,Idealized 113/114 cap-derived geometric schedule,372540000,57,56,0.00000057,0.00000056,-1,-1.75438596,1,0.00000001,scheduled subsidy boundary
S4,S4,Idealized 113/114 cap-derived geometric schedule,372750000,56,55,0.00000056,0.00000055,-1,-1.78571429,1,0.00000001,scheduled subsidy boundary
S4,S4,Idealized 113/114 cap-derived geometric schedule,372960000,55,54,0.00000055,0.00000054,-1,-1.81818182,1,0.00000001,scheduled subsidy boundary
S4,S4,Idealized 113/114 cap-derived geometric schedule,373170000,54,53,0.00000054,0.00000053,-1,-1.85185185,1,0.00000001,scheduled subsidy boundary
S4,S4,Idealized 113/114 cap-derived geometric schedule,373380000,53,52,0.00000053,0.00000052,-1,-1.88679245,1,0.00000001,scheduled subsidy boundary
S4,S4,Idealized 113/114 cap-derived geometric schedule,373590000,52,51,0.00000052,0.00000051,-1,-1.92307692,1,0.00000001,scheduled subsidy boundary
S4,S4,Idealized 113/114 cap-derived geometric schedule,373800000,51,50,0.00000051,0.00000050,-1,-1.96078431,1,0.00000001,scheduled subsidy boundary
S4,S4,Idealized 113/114 cap-derived geometric schedule,374010000,50,49,0.00000050,0.00000049,-1,-2.00000000,1,0.00000001,scheduled subsidy boundary
S4,S4,Idealized 113/114 cap-derived geometric schedule,374220000,49,48,0.00000049,0.00000048,-1,-2.04081633,1,0.00000001,scheduled subsidy boundary
S4,S4,Idealized 113/114 cap-derived geometric schedule,374430000,48,47,0.00000048,0.00000047,-1,-2.08333333,1,0.00000001,scheduled subsidy boundary
S4,S4,Idealized 113/114 cap-derived geometric schedule,374640000,47,46,0.00000047,0.00000046,-1,-2.12765957,1,0.00000001,scheduled subsidy boundary
S4,S4,Idealized 113/114 cap-derived geometric schedule,374850000,46,45,0.00000046,0.00000045,-1,-2.17391304,1,0.00000001,scheduled subsidy boundary
S4,S4,Idealized 113/114 cap-derived geometric schedule,375060000,45,44,0.00000045,0.00000044,-1,-2.22222222,1,0.00000001,scheduled subsidy boundary
S4,S4,Idealized 113/114 cap-derived geometric schedule,375270000,44,43,0.00000044,0.00000043,-1,-2.27272727,1,0.00000001,scheduled subsidy boundary
S4,S4,Idealized 113/114 cap-derived geometric schedule,375480000,43,42,0.00000043,0.00000042,-1,-2.32558140,1,0.00000001,scheduled subsidy boundary
S4,S4,Idealized 113/114 cap-derived geometric schedule,375690000,42,41,0.00000042,0.00000041,-1,-2.38095238,1,0.00000001,scheduled subsidy boundary
S4,S4,Idealized 113/114 cap-derived geometric schedule,375900000,41,40,0.00000041,0.00000040,-1,-2.43902439,1,0.00000001,scheduled subsidy boundary
S4,S4,Idealized 113/114 cap-derived geometric schedule,376110000,40,39,0.00000040,0.00000039,-1,-2.50000000,1,0.00000001,scheduled subsidy boundary
S4,S4,Idealized 113/114 cap-derived geometric schedule,376320000,39,38,0.00000039,0.00000038,-1,-2.56410256,1,0.00000001,scheduled subsidy boundary
S4,S4,Idealized 113/114 cap-derived geometric schedule,376530000,38,37,0.00000038,0.00000037,-1,-2.63157895,1,0.00000001,scheduled subsidy boundary
S4,S4,Idealized 113/114 cap-derived geometric schedule,376740000,37,36,0.00000037,0.00000036,-1,-2.70270270,1,0.00000001,scheduled subsidy boundary
S4,S4,Idealized 113/114 cap-derived geometric schedule,376950000,36,35,0.00000036,0.00000035,-1,-2.77777778,1,0.00000001,scheduled subsidy boundary
S4,S4,Idealized 113/114 cap-derived geometric schedule,377160000,35,34,0.00000035,0.00000034,-1,-2.85714286,1,0.00000001,scheduled subsidy boundary
S4,S4,Idealized 113/114 cap-derived geometric schedule,377370000,34,33,0.00000034,0.00000033,-1,-2.94117647,1,0.00000001,scheduled subsidy boundary
S4,S4,Idealized 113/114 cap-derived geometric schedule,377580000,33,32,0.00000033,0.00000032,-1,-3.03030303,1,0.00000001,scheduled subsidy boundary
S4,S4,Idealized 113/114 cap-derived geometric schedule,377790000,32,31,0.00000032,0.00000031,-1,-3.12500000,1,0.00000001,scheduled subsidy boundary
S4,S4,Idealized 113/114 cap-derived geometric schedule,378000000,31,30,0.00000031,0.00000030,-1,-3.22580645,1,0.00000001,scheduled subsidy boundary
S4,S4,Idealized 113/114 cap-derived geometric schedule,378210000,30,29,0.00000030,0.00000029,-1,-3.33333333,1,0.00000001,scheduled subsidy boundary
S4,S4,Idealized 113/114 cap-derived geometric schedule,378420000,29,28,0.00000029,0.00000028,-1,-3.44827586,1,0.00000001,scheduled subsidy boundary
S4,S4,Idealized 113/114 cap-derived geometric schedule,378630000,28,27,0.00000028,0.00000027,-1,-3.57142857,1,0.00000001,scheduled subsidy boundary
S4,S4,Idealized 113/114 cap-derived geometric schedule,378840000,27,26,0.00000027,0.00000026,-1,-3.70370370,1,0.00000001,scheduled subsidy boundary
S4,S4,Idealized 113/114 cap-derived geometric schedule,379050000,26,25,0.00000026,0.00000025,-1,-3.84615385,1,0.00000001,scheduled subsidy boundary
S4,S4,Idealized 113/114 cap-derived geometric schedule,379260000,25,24,0.00000025,0.00000024,-1,-4.00000000,1,0.00000001,scheduled subsidy boundary
S4,S4,Idealized 113/114 cap-derived geometric schedule,379470000,24,23,0.00000024,0.00000023,-1,-4.16666667,1,0.00000001,scheduled subsidy boundary
S4,S4,Idealized 113/114 cap-derived geometric schedule,379680000,23,22,0.00000023,0.00000022,-1,-4.34782609,1,0.00000001,scheduled subsidy boundary
S4,S4,Idealized 113/114 cap-derived geometric schedule,379890000,22,21,0.00000022,0.00000021,-1,-4.54545455,1,0.00000001,scheduled subsidy boundary
S4,S4,Idealized 113/114 cap-derived geometric schedule,380100000,21,20,0.00000021,0.00000020,-1,-4.76190476,1,0.00000001,scheduled subsidy boundary
S4,S4,Idealized 113/114 cap-derived geometric schedule,380310000,20,19,0.00000020,0.00000019,-1,-5.00000000,1,0.00000001,scheduled subsidy boundary
S4,S4,Idealized 113/114 cap-derived geometric schedule,380520000,19,18,0.00000019,0.00000018,-1,-5.26315789,1,0.00000001,scheduled subsidy boundary
S4,S4,Idealized 113/114 cap-derived geometric schedule,380730000,18,17,0.00000018,0.00000017,-1,-5.55555556,1,0.00000001,scheduled subsidy boundary
S4,S4,Idealized 113/114 cap-derived geometric schedule,380940000,17,16,0.00000017,0.00000016,-1,-5.88235294,1,0.00000001,scheduled subsidy boundary
S4,S4,Idealized 113/114 cap-derived geometric schedule,381150000,16,15,0.00000016,0.00000015,-1,-6.25000000,1,0.00000001,scheduled subsidy boundary
S4,S4,Idealized 113/114 cap-derived geometric schedule,381360000,15,14,0.00000015,0.00000014,-1,-6.66666667,1,0.00000001,scheduled subsidy boundary
S4,S4,Idealized 113/114 cap-derived geometric schedule,381570000,14,13,0.00000014,0.00000013,-1,-7.14285714,1,0.00000001,scheduled subsidy boundary
S4,S4,Idealized 113/114 cap-derived geometric schedule,381780000,13,12,0.00000013,0.00000012,-1,-7.69230769,1,0.00000001,scheduled subsidy boundary
S4,S4,Idealized 113/114 cap-derived geometric schedule,381990000,12,11,0.00000012,0.00000011,-1,-8.33333333,1,0.00000001,scheduled subsidy boundary
S4,S4,Idealized 113/114 cap-derived geometric schedule,382200000,11,10,0.00000011,0.00000010,-1,-9.09090909,1,0.00000001,scheduled subsidy boundary
S4,S4,Idealized 113/114 cap-derived geometric schedule,382410000,10,9,0.00000010,0.00000009,-1,-10.00000000,1,0.00000001,scheduled subsidy boundary
S4,S4,Idealized 113/114 cap-derived geometric schedule,382620000,9,8,0.00000009,0.00000008,-1,-11.11111111,1,0.00000001,scheduled subsidy boundary
S4,S4,Idealized 113/114 cap-derived geometric schedule,382830000,8,7,0.00000008,0.00000007,-1,-12.50000000,1,0.00000001,scheduled subsidy boundary
S4,S4,Idealized 113/114 cap-derived geometric schedule,383040000,7,6,0.00000007,0.00000006,-1,-14.28571429,1,0.00000001,scheduled subsidy boundary
S4,S4,Idealized 113/114 cap-derived geometric schedule,383250000,6,5,0.00000006,0.00000005,-1,-16.66666667,1,0.00000001,scheduled subsidy boundary
S4,S4,Idealized 113/114 cap-derived geometric schedule,383460000,5,4,0.00000005,0.00000004,-1,-20.00000000,1,0.00000001,scheduled subsidy boundary
S4,S4,Idealized 113/114 cap-derived geometric schedule,383670000,4,3,0.00000004,0.00000003,-1,-25.00000000,1,0.00000001,scheduled subsidy boundary
S4,S4,Idealized 113/114 cap-derived geometric schedule,383880000,3,2,0.00000003,0.00000002,-1,-33.33333333,1,0.00000001,scheduled subsidy boundary
S4,S4,Idealized 113/114 cap-derived geometric schedule,384090000,2,1,0.00000002,0.00000001,-1,-50.00000000,1,0.00000001,scheduled subsidy boundary
S5a,S5/a,"Extended-epoch binary halving, 840,000 anchor",840000,625000000,312500000,6.25000000,3.12500000,-312500000,-50.00000000,312500000,3.12500000,activation
S5a,S5/a,"Extended-epoch binary halving, 840,000 anchor",2940000,312500000,156250000,3.12500000,1.56250000,-156250000,-50.00000000,156250000,1.56250000,scheduled subsidy boundary
S5a,S5/a,"Extended-epoch binary halving, 840,000 anchor",5040000,156250000,78125000,1.56250000,0.78125000,-78125000,-50.00000000,78125000,0.78125000,scheduled subsidy boundary
S5a,S5/a,"Extended-epoch binary halving, 840,000 anchor",7140000,78125000,39062500,0.78125000,0.39062500,-39062500,-50.00000000,39062500,0.39062500,scheduled subsidy boundary
S5a,S5/a,"Extended-epoch binary halving, 840,000 anchor",9240000,39062500,19531250,0.39062500,0.19531250,-19531250,-50.00000000,19531250,0.19531250,scheduled subsidy boundary
S5a,S5/a,"Extended-epoch binary halving, 840,000 anchor",11340000,19531250,9765625,0.19531250,0.09765625,-9765625,-50.00000000,9765625,0.09765625,scheduled subsidy boundary
S5a,S5/a,"Extended-epoch binary halving, 840,000 anchor",13440000,9765625,4882812,0.09765625,0.04882812,-4882813,-50.00000512,4882813,0.04882813,scheduled subsidy boundary
S5a,S5/a,"Extended-epoch binary halving, 840,000 anchor",15540000,4882812,2441406,0.04882812,0.02441406,-2441406,-50.00000000,2441406,0.02441406,scheduled subsidy boundary
S5a,S5/a,"Extended-epoch binary halving, 840,000 anchor",17640000,2441406,1220703,0.02441406,0.01220703,-1220703,-50.00000000,1220703,0.01220703,scheduled subsidy boundary
S5a,S5/a,"Extended-epoch binary halving, 840,000 anchor",19740000,1220703,610351,0.01220703,0.00610351,-610352,-50.00004096,610352,0.00610352,scheduled subsidy boundary
S5a,S5/a,"Extended-epoch binary halving, 840,000 anchor",21840000,610351,305175,0.00610351,0.00305175,-305176,-50.00008192,305176,0.00305176,scheduled subsidy boundary
S5a,S5/a,"Extended-epoch binary halving, 840,000 anchor",23940000,305175,152587,0.00305175,0.00152587,-152588,-50.00016384,152588,0.00152588,scheduled subsidy boundary
S5a,S5/a,"Extended-epoch binary halving, 840,000 anchor",26040000,152587,76293,0.00152587,0.00076293,-76294,-50.00032768,76294,0.00076294,scheduled subsidy boundary
S5a,S5/a,"Extended-epoch binary halving, 840,000 anchor",28140000,76293,38146,0.00076293,0.00038146,-38147,-50.00065537,38147,0.00038147,scheduled subsidy boundary
S5a,S5/a,"Extended-epoch binary halving, 840,000 anchor",30240000,38146,19073,0.00038146,0.00019073,-19073,-50.00000000,19073,0.00019073,scheduled subsidy boundary
S5a,S5/a,"Extended-epoch binary halving, 840,000 anchor",32340000,19073,9536,0.00019073,0.00009536,-9537,-50.00262151,9537,0.00009537,scheduled subsidy boundary
S5a,S5/a,"Extended-epoch binary halving, 840,000 anchor",34440000,9536,4768,0.00009536,0.00004768,-4768,-50.00000000,4768,0.00004768,scheduled subsidy boundary
S5a,S5/a,"Extended-epoch binary halving, 840,000 anchor",36540000,4768,2384,0.00004768,0.00002384,-2384,-50.00000000,2384,0.00002384,scheduled subsidy boundary
S5a,S5/a,"Extended-epoch binary halving, 840,000 anchor",38640000,2384,1192,0.00002384,0.00001192,-1192,-50.00000000,1192,0.00001192,scheduled subsidy boundary
S5a,S5/a,"Extended-epoch binary halving, 840,000 anchor",40740000,1192,596,0.00001192,0.00000596,-596,-50.00000000,596,0.00000596,scheduled subsidy boundary
S5a,S5/a,"Extended-epoch binary halving, 840,000 anchor",42840000,596,298,0.00000596,0.00000298,-298,-50.00000000,298,0.00000298,scheduled subsidy boundary
S5a,S5/a,"Extended-epoch binary halving, 840,000 anchor",44940000,298,149,0.00000298,0.00000149,-149,-50.00000000,149,0.00000149,scheduled subsidy boundary
S5a,S5/a,"Extended-epoch binary halving, 840,000 anchor",47040000,149,74,0.00000149,0.00000074,-75,-50.33557047,75,0.00000075,scheduled subsidy boundary
S5a,S5/a,"Extended-epoch binary halving, 840,000 anchor",49140000,74,37,0.00000074,0.00000037,-37,-50.00000000,37,0.00000037,scheduled subsidy boundary
S5a,S5/a,"Extended-epoch binary halving, 840,000 anchor",51240000,37,18,0.00000037,0.00000018,-19,-51.35135135,19,0.00000019,scheduled subsidy boundary
S5a,S5/a,"Extended-epoch binary halving, 840,000 anchor",53340000,18,9,0.00000018,0.00000009,-9,-50.00000000,9,0.00000009,scheduled subsidy boundary
S5a,S5/a,"Extended-epoch binary halving, 840,000 anchor",55440000,9,4,0.00000009,0.00000004,-5,-55.55555556,5,0.00000005,scheduled subsidy boundary
S5a,S5/a,"Extended-epoch binary halving, 840,000 anchor",57540000,4,2,0.00000004,0.00000002,-2,-50.00000000,2,0.00000002,scheduled subsidy boundary
S5a,S5/a,"Extended-epoch binary halving, 840,000 anchor",59640000,2,1,0.00000002,0.00000001,-1,-50.00000000,1,0.00000001,scheduled subsidy boundary
S5B,S5/b,"Extended-epoch binary halving, phase-aligned to 630,000",840000,625000000,625000000,6.25000000,6.25000000,0,0.00000000,0,0.00000000,activation
S5B,S5/b,"Extended-epoch binary halving, phase-aligned to 630,000",2730000,625000000,312500000,6.25000000,3.12500000,-312500000,-50.00000000,312500000,3.12500000,scheduled subsidy boundary
S5B,S5/b,"Extended-epoch binary halving, phase-aligned to 630,000",4830000,312500000,156250000,3.12500000,1.56250000,-156250000,-50.00000000,156250000,1.56250000,scheduled subsidy boundary
S5B,S5/b,"Extended-epoch binary halving, phase-aligned to 630,000",6930000,156250000,78125000,1.56250000,0.78125000,-78125000,-50.00000000,78125000,0.78125000,scheduled subsidy boundary
S5B,S5/b,"Extended-epoch binary halving, phase-aligned to 630,000",9030000,78125000,39062500,0.78125000,0.39062500,-39062500,-50.00000000,39062500,0.39062500,scheduled subsidy boundary
S5B,S5/b,"Extended-epoch binary halving, phase-aligned to 630,000",11130000,39062500,19531250,0.39062500,0.19531250,-19531250,-50.00000000,19531250,0.19531250,scheduled subsidy boundary
S5B,S5/b,"Extended-epoch binary halving, phase-aligned to 630,000",13230000,19531250,9765625,0.19531250,0.09765625,-9765625,-50.00000000,9765625,0.09765625,scheduled subsidy boundary
S5B,S5/b,"Extended-epoch binary halving, phase-aligned to 630,000",15330000,9765625,4882812,0.09765625,0.04882812,-4882813,-50.00000512,4882813,0.04882813,scheduled subsidy boundary
S5B,S5/b,"Extended-epoch binary halving, phase-aligned to 630,000",17430000,4882812,2441406,0.04882812,0.02441406,-2441406,-50.00000000,2441406,0.02441406,scheduled subsidy boundary
S5B,S5/b,"Extended-epoch binary halving, phase-aligned to 630,000",19530000,2441406,1220703,0.02441406,0.01220703,-1220703,-50.00000000,1220703,0.01220703,scheduled subsidy boundary
S5B,S5/b,"Extended-epoch binary halving, phase-aligned to 630,000",21630000,1220703,610351,0.01220703,0.00610351,-610352,-50.00004096,610352,0.00610352,scheduled subsidy boundary
S5B,S5/b,"Extended-epoch binary halving, phase-aligned to 630,000",23730000,610351,305175,0.00610351,0.00305175,-305176,-50.00008192,305176,0.00305176,scheduled subsidy boundary
S5B,S5/b,"Extended-epoch binary halving, phase-aligned to 630,000",25830000,305175,152587,0.00305175,0.00152587,-152588,-50.00016384,152588,0.00152588,scheduled subsidy boundary
S5B,S5/b,"Extended-epoch binary halving, phase-aligned to 630,000",27930000,152587,76293,0.00152587,0.00076293,-76294,-50.00032768,76294,0.00076294,scheduled subsidy boundary
S5B,S5/b,"Extended-epoch binary halving, phase-aligned to 630,000",30030000,76293,38146,0.00076293,0.00038146,-38147,-50.00065537,38147,0.00038147,scheduled subsidy boundary
S5B,S5/b,"Extended-epoch binary halving, phase-aligned to 630,000",32130000,38146,19073,0.00038146,0.00019073,-19073,-50.00000000,19073,0.00019073,scheduled subsidy boundary
S5B,S5/b,"Extended-epoch binary halving, phase-aligned to 630,000",34230000,19073,9536,0.00019073,0.00009536,-9537,-50.00262151,9537,0.00009537,scheduled subsidy boundary
S5B,S5/b,"Extended-epoch binary halving, phase-aligned to 630,000",36330000,9536,4768,0.00009536,0.00004768,-4768,-50.00000000,4768,0.00004768,scheduled subsidy boundary
S5B,S5/b,"Extended-epoch binary halving, phase-aligned to 630,000",38430000,4768,2384,0.00004768,0.00002384,-2384,-50.00000000,2384,0.00002384,scheduled subsidy boundary
S5B,S5/b,"Extended-epoch binary halving, phase-aligned to 630,000",40530000,2384,1192,0.00002384,0.00001192,-1192,-50.00000000,1192,0.00001192,scheduled subsidy boundary
S5B,S5/b,"Extended-epoch binary halving, phase-aligned to 630,000",42630000,1192,596,0.00001192,0.00000596,-596,-50.00000000,596,0.00000596,scheduled subsidy boundary
S5B,S5/b,"Extended-epoch binary halving, phase-aligned to 630,000",44730000,596,298,0.00000596,0.00000298,-298,-50.00000000,298,0.00000298,scheduled subsidy boundary
S5B,S5/b,"Extended-epoch binary halving, phase-aligned to 630,000",46830000,298,149,0.00000298,0.00000149,-149,-50.00000000,149,0.00000149,scheduled subsidy boundary
S5B,S5/b,"Extended-epoch binary halving, phase-aligned to 630,000",48930000,149,74,0.00000149,0.00000074,-75,-50.33557047,75,0.00000075,scheduled subsidy boundary
S5B,S5/b,"Extended-epoch binary halving, phase-aligned to 630,000",51030000,74,37,0.00000074,0.00000037,-37,-50.00000000,37,0.00000037,scheduled subsidy boundary
S5B,S5/b,"Extended-epoch binary halving, phase-aligned to 630,000",53130000,37,18,0.00000037,0.00000018,-19,-51.35135135,19,0.00000019,scheduled subsidy boundary
S5B,S5/b,"Extended-epoch binary halving, phase-aligned to 630,000",55230000,18,9,0.00000018,0.00000009,-9,-50.00000000,9,0.00000009,scheduled subsidy boundary
S5B,S5/b,"Extended-epoch binary halving, phase-aligned to 630,000",57330000,9,4,0.00000009,0.00000004,-5,-55.55555556,5,0.00000005,scheduled subsidy boundary
S5B,S5/b,"Extended-epoch binary halving, phase-aligned to 630,000",59430000,4,2,0.00000004,0.00000002,-2,-50.00000000,2,0.00000002,scheduled subsidy boundary
S5B,S5/b,"Extended-epoch binary halving, phase-aligned to 630,000",61530000,2,1,0.00000002,0.00000001,-1,-50.00000000,1,0.00000001,scheduled subsidy boundary
S6a,S6/a,Customized Halving study scenario I,840000,625000000,400000000,6.25000000,4.00000000,-225000000,-36.00000000,225000000,2.25000000,activation
S6a,S6/a,Customized Halving study scenario I,2100000,400000000,200000000,4.00000000,2.00000000,-200000000,-50.00000000,200000000,2.00000000,scheduled subsidy boundary
S6a,S6/a,Customized Halving study scenario I,4200000,200000000,100000000,2.00000000,1.00000000,-100000000,-50.00000000,100000000,1.00000000,scheduled subsidy boundary
S6a,S6/a,Customized Halving study scenario I,6300000,100000000,50000000,1.00000000,0.50000000,-50000000,-50.00000000,50000000,0.50000000,scheduled subsidy boundary
S6B,S6/b,Bounded Customized Halving study scenario II,840000,625000000,400000000,6.25000000,4.00000000,-225000000,-36.00000000,225000000,2.25000000,activation
S6B,S6/b,Bounded Customized Halving study scenario II,2100000,400000000,200000000,4.00000000,2.00000000,-200000000,-50.00000000,200000000,2.00000000,scheduled subsidy boundary
S6B,S6/b,Bounded Customized Halving study scenario II,4200000,200000000,100000000,2.00000000,1.00000000,-100000000,-50.00000000,100000000,1.00000000,scheduled subsidy boundary
S6B,S6/b,Bounded Customized Halving study scenario II,6300000,100000000,60000000,1.00000000,0.60000000,-40000000,-40.00000000,40000000,0.40000000,scheduled subsidy boundary
S6c,S6/c,Customized Halving study scenario III,840000,625000000,400000000,6.25000000,4.00000000,-225000000,-36.00000000,225000000,2.25000000,activation
S6c,S6/c,Customized Halving study scenario III,2100000,400000000,200000000,4.00000000,2.00000000,-200000000,-50.00000000,200000000,2.00000000,scheduled subsidy boundary
S6c,S6/c,Customized Halving study scenario III,4200000,200000000,100000000,2.00000000,1.00000000,-100000000,-50.00000000,100000000,1.00000000,scheduled subsidy boundary
S6c,S6/c,Customized Halving study scenario III,6300000,100000000,100000000,1.00000000,1.00000000,0,0.00000000,0,0.00000000,scheduled subsidy boundary
S6c,S6/c,Customized Halving study scenario III,8400000,100000000,60000000,1.00000000,0.60000000,-40000000,-40.00000000,40000000,0.40000000,scheduled subsidy boundary
S7,S7,Aevust Core Customized Halving tail-emission implementation,840000,625000000,400000000,6.25000000,4.00000000,-225000000,-36.00000000,225000000,2.25000000,activation
S7,S7,Aevust Core Customized Halving tail-emission implementation,2100000,400000000,200000000,4.00000000,2.00000000,-200000000,-50.00000000,200000000,2.00000000,scheduled subsidy boundary
S7,S7,Aevust Core Customized Halving tail-emission implementation,4200000,200000000,100000000,2.00000000,1.00000000,-100000000,-50.00000000,100000000,1.00000000,scheduled subsidy boundary
S7,S7,Aevust Core Customized Halving tail-emission implementation,6300000,100000000,60000000,1.00000000,0.60000000,-40000000,-40.00000000,40000000,0.40000000,scheduled subsidy boundary
