scenario_id,scenario_display_id,scenario_name,start_height,end_height,blocks,maximum_permitted_subsidy_base_units,maximum_permitted_subsidy_rin_display,scheduled_issuance_base_units,scheduled_issuance_rin_display,cumulative_scheduled_issuance_base_units,cumulative_scheduled_issuance_rin_display,perpetual_or_truncated,rule
S4,S4,Idealized 113/114 cap-derived geometric schedule,0,210000,210000,5000000000,50.00000000,1050000000000000,10500000.00000000,1050000000000000,10500000.00000000,false,legacy pre-activation binary halving
S4,S4,Idealized 113/114 cap-derived geometric schedule,210000,420000,210000,2500000000,25.00000000,525000000000000,5250000.00000000,1575000000000000,15750000.00000000,false,legacy pre-activation binary halving
S4,S4,Idealized 113/114 cap-derived geometric schedule,420000,630000,210000,1250000000,12.50000000,262500000000000,2625000.00000000,1837500000000000,18375000.00000000,false,legacy pre-activation binary halving
S4,S4,Idealized 113/114 cap-derived geometric schedule,630000,840000,210000,625000000,6.25000000,131250000000000,1312500.00000000,1968750000000000,19687500.00000000,false,legacy pre-activation binary halving
S4,S4,Idealized 113/114 cap-derived geometric schedule,840000,1050000,210000,619517543,6.19517543,130098684030000,1300986.84030000,2098848684030000,20988486.84030000,false,idealized 113/114 comparator
S4,S4,Idealized 113/114 cap-derived geometric schedule,1050000,1260000,210000,614083178,6.14083178,128957467380000,1289574.67380000,2227806151410000,22278061.51410000,false,idealized 113/114 comparator
S4,S4,Idealized 113/114 cap-derived geometric schedule,1260000,1470000,210000,608696483,6.08696483,127826261430000,1278262.61430000,2355632412840000,23556324.12840000,false,idealized 113/114 comparator
S4,S4,Idealized 113/114 cap-derived geometric schedule,1470000,1680000,210000,603357040,6.03357040,126704978400000,1267049.78400000,2482337391240000,24823373.91240000,false,idealized 113/114 comparator
S4,S4,Idealized 113/114 cap-derived geometric schedule,1680000,1890000,210000,598064434,5.98064434,125593531140000,1255935.31140000,2607930922380000,26079309.22380000,false,idealized 113/114 comparator
S4,S4,Idealized 113/114 cap-derived geometric schedule,1890000,2100000,210000,592818254,5.92818254,124491833340000,1244918.33340000,2732422755720000,27324227.55720000,false,idealized 113/114 comparator
S4,S4,Idealized 113/114 cap-derived geometric schedule,2100000,2310000,210000,587618093,5.87618093,123399799530000,1233997.99530000,2855822555250000,28558225.55250000,false,idealized 113/114 comparator
S4,S4,Idealized 113/114 cap-derived geometric schedule,2310000,2520000,210000,582463548,5.82463548,122317345080000,1223173.45080000,2978139900330000,29781399.00330000,false,idealized 113/114 comparator
S4,S4,Idealized 113/114 cap-derived geometric schedule,2520000,2730000,210000,577354218,5.77354218,121244385780000,1212443.85780000,3099384286110000,30993842.86110000,false,idealized 113/114 comparator
S4,S4,Idealized 113/114 cap-derived geometric schedule,2730000,2940000,210000,572289707,5.72289707,120180838470000,1201808.38470000,3219565124580000,32195651.24580000,false,idealized 113/114 comparator
S4,S4,Idealized 113/114 cap-derived geometric schedule,2940000,3150000,210000,567269621,5.67269621,119126620410000,1191266.20410000,3338691744990000,33386917.44990000,false,idealized 113/114 comparator
S4,S4,Idealized 113/114 cap-derived geometric schedule,3150000,3360000,210000,562293571,5.62293571,118081649910000,1180816.49910000,3456773394900000,34567733.94900000,false,idealized 113/114 comparator
S4,S4,Idealized 113/114 cap-derived geometric schedule,3360000,3570000,210000,557361171,5.57361171,117045845910000,1170458.45910000,3573819240810000,35738192.40810000,false,idealized 113/114 comparator
S4,S4,Idealized 113/114 cap-derived geometric schedule,3570000,3780000,210000,552472037,5.52472037,116019127770000,1160191.27770000,3689838368580000,36898383.68580000,false,idealized 113/114 comparator
S4,S4,Idealized 113/114 cap-derived geometric schedule,3780000,3990000,210000,547625791,5.47625791,115001416110000,1150014.16110000,3804839784690000,38048397.84690000,false,idealized 113/114 comparator
S4,S4,Idealized 113/114 cap-derived geometric schedule,3990000,4200000,210000,542822055,5.42822055,113992631550000,1139926.31550000,3918832416240000,39188324.16240000,false,idealized 113/114 comparator
S4,S4,Idealized 113/114 cap-derived geometric schedule,4200000,4410000,210000,538060458,5.38060458,112992696180000,1129926.96180000,4031825112420000,40318251.12420000,false,idealized 113/114 comparator
S4,S4,Idealized 113/114 cap-derived geometric schedule,4410000,4620000,210000,533340629,5.33340629,112001532090000,1120015.32090000,4143826644510000,41438266.44510000,false,idealized 113/114 comparator
S4,S4,Idealized 113/114 cap-derived geometric schedule,4620000,4830000,210000,528662202,5.28662202,111019062420000,1110190.62420000,4254845706930000,42548457.06930000,false,idealized 113/114 comparator
S4,S4,Idealized 113/114 cap-derived geometric schedule,4830000,5040000,210000,524024814,5.24024814,110045210940000,1100452.10940000,4364890917870000,43648909.17870000,false,idealized 113/114 comparator
S4,S4,Idealized 113/114 cap-derived geometric schedule,5040000,5250000,210000,519428105,5.19428105,109079902050000,1090799.02050000,4473970819920000,44739708.19920000,false,idealized 113/114 comparator
S4,S4,Idealized 113/114 cap-derived geometric schedule,5250000,5460000,210000,514871718,5.14871718,108123060780000,1081230.60780000,4582093880700000,45820938.80700000,false,idealized 113/114 comparator
S4,S4,Idealized 113/114 cap-derived geometric schedule,5460000,5670000,210000,510355299,5.10355299,107174612790000,1071746.12790000,4689268493490000,46892684.93490000,false,idealized 113/114 comparator
S4,S4,Idealized 113/114 cap-derived geometric schedule,5670000,5880000,210000,505878498,5.05878498,106234484580000,1062344.84580000,4795502978070000,47955029.78070000,false,idealized 113/114 comparator
S4,S4,Idealized 113/114 cap-derived geometric schedule,5880000,6090000,210000,501440967,5.01440967,105302603070000,1053026.03070000,4900805581140000,49008055.81140000,false,idealized 113/114 comparator
S4,S4,Idealized 113/114 cap-derived geometric schedule,6090000,6300000,210000,497042362,4.97042362,104378896020000,1043788.96020000,5005184477160000,50051844.77160000,false,idealized 113/114 comparator
S4,S4,Idealized 113/114 cap-derived geometric schedule,6300000,6510000,210000,492682341,4.92682341,103463291610000,1034632.91610000,5108647768770000,51086477.68770000,false,idealized 113/114 comparator
S4,S4,Idealized 113/114 cap-derived geometric schedule,6510000,6720000,210000,488360566,4.88360566,102555718860000,1025557.18860000,5211203487630000,52112034.87630000,false,idealized 113/114 comparator
S4,S4,Idealized 113/114 cap-derived geometric schedule,6720000,6930000,210000,484076701,4.84076701,101656107210000,1016561.07210000,5312859594840000,53128595.94840000,false,idealized 113/114 comparator
S4,S4,Idealized 113/114 cap-derived geometric schedule,6930000,7140000,210000,479830414,4.79830414,100764386940000,1007643.86940000,5413623981780000,54136239.81780000,false,idealized 113/114 comparator
S4,S4,Idealized 113/114 cap-derived geometric schedule,7140000,7350000,210000,475621375,4.75621375,99880488750000,998804.88750000,5513504470530000,55135044.70530000,false,idealized 113/114 comparator
S4,S4,Idealized 113/114 cap-derived geometric schedule,7350000,7560000,210000,471449257,4.71449257,99004343970000,990043.43970000,5612508814500000,56125088.14500000,false,idealized 113/114 comparator
S4,S4,Idealized 113/114 cap-derived geometric schedule,7560000,7770000,210000,467313737,4.67313737,98135884770000,981358.84770000,5710644699270000,57106446.99270000,false,idealized 113/114 comparator
S4,S4,Idealized 113/114 cap-derived geometric schedule,7770000,7980000,210000,463214493,4.63214493,97275043530000,972750.43530000,5807919742800000,58079197.42800000,false,idealized 113/114 comparator
S4,S4,Idealized 113/114 cap-derived geometric schedule,7980000,8190000,210000,459151207,4.59151207,96421753470000,964217.53470000,5904341496270000,59043414.96270000,false,idealized 113/114 comparator
S4,S4,Idealized 113/114 cap-derived geometric schedule,8190000,8400000,210000,455123564,4.55123564,95575948440000,955759.48440000,5999917444710000,59999174.44710000,false,idealized 113/114 comparator
S4,S4,Idealized 113/114 cap-derived geometric schedule,8400000,8610000,210000,451131252,4.51131252,94737562920000,947375.62920000,6094655007630000,60946550.07630000,false,idealized 113/114 comparator
S4,S4,Idealized 113/114 cap-derived geometric schedule,8610000,8820000,210000,447173960,4.47173960,93906531600000,939065.31600000,6188561539230000,61885615.39230000,false,idealized 113/114 comparator
S4,S4,Idealized 113/114 cap-derived geometric schedule,8820000,9030000,210000,443251381,4.43251381,93082790010000,930827.90010000,6281644329240000,62816443.29240000,false,idealized 113/114 comparator
S4,S4,Idealized 113/114 cap-derived geometric schedule,9030000,9240000,210000,439363210,4.39363210,92266274100000,922662.74100000,6373910603340000,63739106.03340000,false,idealized 113/114 comparator
S4,S4,Idealized 113/114 cap-derived geometric schedule,9240000,9450000,210000,435509146,4.35509146,91456920660000,914569.20660000,6465367524000000,64653675.24000000,false,idealized 113/114 comparator
S4,S4,Idealized 113/114 cap-derived geometric schedule,9450000,9660000,210000,431688890,4.31688890,90654666900000,906546.66900000,6556022190900000,65560221.90900000,false,idealized 113/114 comparator
S4,S4,Idealized 113/114 cap-derived geometric schedule,9660000,9870000,210000,427902145,4.27902145,89859450450000,898594.50450000,6645881641350000,66458816.41350000,false,idealized 113/114 comparator
S4,S4,Idealized 113/114 cap-derived geometric schedule,9870000,10080000,210000,424148617,4.24148617,89071209570000,890712.09570000,6734952850920000,67349528.50920000,false,idealized 113/114 comparator
S4,S4,Idealized 113/114 cap-derived geometric schedule,10080000,10290000,210000,420428015,4.20428015,88289883150000,882898.83150000,6823242734070000,68232427.34070000,false,idealized 113/114 comparator
S4,S4,Idealized 113/114 cap-derived geometric schedule,10290000,10500000,210000,416740049,4.16740049,87515410290000,875154.10290000,6910758144360000,69107581.44360000,false,idealized 113/114 comparator
S4,S4,Idealized 113/114 cap-derived geometric schedule,10500000,10710000,210000,413084434,4.13084434,86747731140000,867477.31140000,6997505875500000,69975058.75500000,false,idealized 113/114 comparator
S4,S4,Idealized 113/114 cap-derived geometric schedule,10710000,10920000,210000,409460886,4.09460886,85986786060000,859867.86060000,7083492661560000,70834926.61560000,false,idealized 113/114 comparator
S4,S4,Idealized 113/114 cap-derived geometric schedule,10920000,11130000,210000,405869123,4.05869123,85232515830000,852325.15830000,7168725177390000,71687251.77390000,false,idealized 113/114 comparator
S4,S4,Idealized 113/114 cap-derived geometric schedule,11130000,11340000,210000,402308867,4.02308867,84484862070000,844848.62070000,7253210039460000,72532100.39460000,false,idealized 113/114 comparator
S4,S4,Idealized 113/114 cap-derived geometric schedule,11340000,11550000,210000,398779841,3.98779841,83743766610000,837437.66610000,7336953806070000,73369538.06070000,false,idealized 113/114 comparator
S4,S4,Idealized 113/114 cap-derived geometric schedule,11550000,11760000,210000,395281772,3.95281772,83009172120000,830091.72120000,7419962978190000,74199629.78190000,false,idealized 113/114 comparator
S4,S4,Idealized 113/114 cap-derived geometric schedule,11760000,11970000,210000,391814388,3.91814388,82281021480000,822810.21480000,7502243999670000,75022439.99670000,false,idealized 113/114 comparator
S4,S4,Idealized 113/114 cap-derived geometric schedule,11970000,12180000,210000,388377419,3.88377419,81559257990000,815592.57990000,7583803257660000,75838032.57660000,false,idealized 113/114 comparator
S4,S4,Idealized 113/114 cap-derived geometric schedule,12180000,12390000,210000,384970599,3.84970599,80843825790000,808438.25790000,7664647083450000,76646470.83450000,false,idealized 113/114 comparator
S4,S4,Idealized 113/114 cap-derived geometric schedule,12390000,12600000,210000,381593663,3.81593663,80134669230000,801346.69230000,7744781752680000,77447817.52680000,false,idealized 113/114 comparator
S4,S4,Idealized 113/114 cap-derived geometric schedule,12600000,12810000,210000,378246350,3.78246350,79431733500000,794317.33500000,7824213486180000,78242134.86180000,false,idealized 113/114 comparator
S4,S4,Idealized 113/114 cap-derived geometric schedule,12810000,13020000,210000,374928399,3.74928399,78734963790000,787349.63790000,7902948449970000,79029484.49970000,false,idealized 113/114 comparator
S4,S4,Idealized 113/114 cap-derived geometric schedule,13020000,13230000,210000,371639553,3.71639553,78044306130000,780443.06130000,7980992756100000,79809927.56100000,false,idealized 113/114 comparator
S4,S4,Idealized 113/114 cap-derived geometric schedule,13230000,13440000,210000,368379556,3.68379556,77359706760000,773597.06760000,8058352462860000,80583524.62860000,false,idealized 113/114 comparator
S4,S4,Idealized 113/114 cap-derived geometric schedule,13440000,13650000,210000,365148156,3.65148156,76681112760000,766811.12760000,8135033575620000,81350335.75620000,false,idealized 113/114 comparator
S4,S4,Idealized 113/114 cap-derived geometric schedule,13650000,13860000,210000,361945102,3.61945102,76008471420000,760084.71420000,8211042047040000,82110420.47040000,false,idealized 113/114 comparator
S4,S4,Idealized 113/114 cap-derived geometric schedule,13860000,14070000,210000,358770144,3.58770144,75341730240000,753417.30240000,8286383777280000,82863837.77280000,false,idealized 113/114 comparator
S4,S4,Idealized 113/114 cap-derived geometric schedule,14070000,14280000,210000,355623037,3.55623037,74680837770000,746808.37770000,8361064615050000,83610646.15050000,false,idealized 113/114 comparator
S4,S4,Idealized 113/114 cap-derived geometric schedule,14280000,14490000,210000,352503536,3.52503536,74025742560000,740257.42560000,8435090357610000,84350903.57610000,false,idealized 113/114 comparator
S4,S4,Idealized 113/114 cap-derived geometric schedule,14490000,14700000,210000,349411399,3.49411399,73376393790000,733763.93790000,8508466751400000,85084667.51400000,false,idealized 113/114 comparator
S4,S4,Idealized 113/114 cap-derived geometric schedule,14700000,14910000,210000,346346386,3.46346386,72732741060000,727327.41060000,8581199492460000,85811994.92460000,false,idealized 113/114 comparator
S4,S4,Idealized 113/114 cap-derived geometric schedule,14910000,15120000,210000,343308259,3.43308259,72094734390000,720947.34390000,8653294226850000,86532942.26850000,false,idealized 113/114 comparator
S4,S4,Idealized 113/114 cap-derived geometric schedule,15120000,15330000,210000,340296783,3.40296783,71462324430000,714623.24430000,8724756551280000,87247565.51280000,false,idealized 113/114 comparator
S4,S4,Idealized 113/114 cap-derived geometric schedule,15330000,15540000,210000,337311723,3.37311723,70835461830000,708354.61830000,8795592013110000,87955920.13110000,false,idealized 113/114 comparator
S4,S4,Idealized 113/114 cap-derived geometric schedule,15540000,15750000,210000,334352848,3.34352848,70214098080000,702140.98080000,8865806111190000,88658061.11190000,false,idealized 113/114 comparator
S4,S4,Idealized 113/114 cap-derived geometric schedule,15750000,15960000,210000,331419928,3.31419928,69598184880000,695981.84880000,8935404296070000,89354042.96070000,false,idealized 113/114 comparator
S4,S4,Idealized 113/114 cap-derived geometric schedule,15960000,16170000,210000,328512735,3.28512735,68987674350000,689876.74350000,9004391970420000,90043919.70420000,false,idealized 113/114 comparator
S4,S4,Idealized 113/114 cap-derived geometric schedule,16170000,16380000,210000,325631044,3.25631044,68382519240000,683825.19240000,9072774489660000,90727744.89660000,false,idealized 113/114 comparator
S4,S4,Idealized 113/114 cap-derived geometric schedule,16380000,16590000,210000,322774631,3.22774631,67782672510000,677826.72510000,9140557162170000,91405571.62170000,false,idealized 113/114 comparator
S4,S4,Idealized 113/114 cap-derived geometric schedule,16590000,16800000,210000,319943274,3.19943274,67188087540000,671880.87540000,9207745249710000,92077452.49710000,false,idealized 113/114 comparator
S4,S4,Idealized 113/114 cap-derived geometric schedule,16800000,17010000,210000,317136754,3.17136754,66598718340000,665987.18340000,9274343968050000,92743439.68050000,false,idealized 113/114 comparator
S4,S4,Idealized 113/114 cap-derived geometric schedule,17010000,17220000,210000,314354852,3.14354852,66014518920000,660145.18920000,9340358486970000,93403584.86970000,false,idealized 113/114 comparator
S4,S4,Idealized 113/114 cap-derived geometric schedule,17220000,17430000,210000,311597353,3.11597353,65435444130000,654354.44130000,9405793931100000,94057939.31100000,false,idealized 113/114 comparator
S4,S4,Idealized 113/114 cap-derived geometric schedule,17430000,17640000,210000,308864042,3.08864042,64861448820000,648614.48820000,9470655379920000,94706553.79920000,false,idealized 113/114 comparator
S4,S4,Idealized 113/114 cap-derived geometric schedule,17640000,17850000,210000,306154708,3.06154708,64292488680000,642924.88680000,9534947868600000,95349478.68600000,false,idealized 113/114 comparator
S4,S4,Idealized 113/114 cap-derived geometric schedule,17850000,18060000,210000,303469140,3.03469140,63728519400000,637285.19400000,9598676388000000,95986763.88000000,false,idealized 113/114 comparator
S4,S4,Idealized 113/114 cap-derived geometric schedule,18060000,18270000,210000,300807130,3.00807130,63169497300000,631694.97300000,9661845885300000,96618458.85300000,false,idealized 113/114 comparator
S4,S4,Idealized 113/114 cap-derived geometric schedule,18270000,18480000,210000,298168470,2.98168470,62615378700000,626153.78700000,9724461264000000,97244612.64000000,false,idealized 113/114 comparator
S4,S4,Idealized 113/114 cap-derived geometric schedule,18480000,18690000,210000,295552957,2.95552957,62066120970000,620661.20970000,9786527384970000,97865273.84970000,false,idealized 113/114 comparator
S4,S4,Idealized 113/114 cap-derived geometric schedule,18690000,18900000,210000,292960387,2.92960387,61521681270000,615216.81270000,9848049066240000,98480490.66240000,false,idealized 113/114 comparator
S4,S4,Idealized 113/114 cap-derived geometric schedule,18900000,19110000,210000,290390559,2.90390559,60982017390000,609820.17390000,9909031083630000,99090310.83630000,false,idealized 113/114 comparator
S4,S4,Idealized 113/114 cap-derived geometric schedule,19110000,19320000,210000,287843273,2.87843273,60447087330000,604470.87330000,9969478170960000,99694781.70960000,false,idealized 113/114 comparator
S4,S4,Idealized 113/114 cap-derived geometric schedule,19320000,19530000,210000,285318332,2.85318332,59916849720000,599168.49720000,10029395020680000,100293950.20680000,false,idealized 113/114 comparator
S4,S4,Idealized 113/114 cap-derived geometric schedule,19530000,19740000,210000,282815539,2.82815539,59391263190000,593912.63190000,10088786283870000,100887862.83870000,false,idealized 113/114 comparator
S4,S4,Idealized 113/114 cap-derived geometric schedule,19740000,19950000,210000,280334700,2.80334700,58870287000000,588702.87000000,10147656570870000,101476565.70870000,false,idealized 113/114 comparator
S4,S4,Idealized 113/114 cap-derived geometric schedule,19950000,20160000,210000,277875623,2.77875623,58353880830000,583538.80830000,10206010451700000,102060104.51700000,false,idealized 113/114 comparator
S4,S4,Idealized 113/114 cap-derived geometric schedule,20160000,20370000,210000,275438117,2.75438117,57842004570000,578420.04570000,10263852456270000,102638524.56270000,false,idealized 113/114 comparator
S4,S4,Idealized 113/114 cap-derived geometric schedule,20370000,20580000,210000,273021993,2.73021993,57334618530000,573346.18530000,10321187074800000,103211870.74800000,false,idealized 113/114 comparator
S4,S4,Idealized 113/114 cap-derived geometric schedule,20580000,20790000,210000,270627063,2.70627063,56831683230000,568316.83230000,10378018758030000,103780187.58030000,false,idealized 113/114 comparator
S4,S4,Idealized 113/114 cap-derived geometric schedule,20790000,21000000,210000,268253141,2.68253141,56333159610000,563331.59610000,10434351917640000,104343519.17640000,false,idealized 113/114 comparator
S4,S4,Idealized 113/114 cap-derived geometric schedule,21000000,21210000,210000,265900043,2.65900043,55839009030000,558390.09030000,10490190926670000,104901909.26670000,false,idealized 113/114 comparator
S4,S4,Idealized 113/114 cap-derived geometric schedule,21210000,21420000,210000,263567586,2.63567586,55349193060000,553491.93060000,10545540119730000,105455401.19730000,false,idealized 113/114 comparator
S4,S4,Idealized 113/114 cap-derived geometric schedule,21420000,21630000,210000,261255589,2.61255589,54863673690000,548636.73690000,10600403793420000,106004037.93420000,false,idealized 113/114 comparator
S4,S4,Idealized 113/114 cap-derived geometric schedule,21630000,21840000,210000,258963873,2.58963873,54382413330000,543824.13330000,10654786206750000,106547862.06750000,false,idealized 113/114 comparator
S4,S4,Idealized 113/114 cap-derived geometric schedule,21840000,22050000,210000,256692260,2.56692260,53905374600000,539053.74600000,10708691581350000,107086915.81350000,false,idealized 113/114 comparator
S4,S4,Idealized 113/114 cap-derived geometric schedule,22050000,22260000,210000,254440573,2.54440573,53432520330000,534325.20330000,10762124101680000,107621241.01680000,false,idealized 113/114 comparator
S4,S4,Idealized 113/114 cap-derived geometric schedule,22260000,22470000,210000,252208638,2.52208638,52963813980000,529638.13980000,10815087915660000,108150879.15660000,false,idealized 113/114 comparator
S4,S4,Idealized 113/114 cap-derived geometric schedule,22470000,22680000,210000,249996281,2.49996281,52499219010000,524992.19010000,10867587134670000,108675871.34670000,false,idealized 113/114 comparator
S4,S4,Idealized 113/114 cap-derived geometric schedule,22680000,22890000,210000,247803331,2.47803331,52038699510000,520386.99510000,10919625834180000,109196258.34180000,false,idealized 113/114 comparator
S4,S4,Idealized 113/114 cap-derived geometric schedule,22890000,23100000,210000,245629617,2.45629617,51582219570000,515822.19570000,10971208053750000,109712080.53750000,false,idealized 113/114 comparator
S4,S4,Idealized 113/114 cap-derived geometric schedule,23100000,23310000,210000,243474971,2.43474971,51129743910000,511297.43910000,11022337797660000,110223377.97660000,false,idealized 113/114 comparator
S4,S4,Idealized 113/114 cap-derived geometric schedule,23310000,23520000,210000,241339225,2.41339225,50681237250000,506812.37250000,11073019034910000,110730190.34910000,false,idealized 113/114 comparator
S4,S4,Idealized 113/114 cap-derived geometric schedule,23520000,23730000,210000,239222214,2.39222214,50236664940000,502366.64940000,11123255699850000,111232556.99850000,false,idealized 113/114 comparator
S4,S4,Idealized 113/114 cap-derived geometric schedule,23730000,23940000,210000,237123773,2.37123773,49795992330000,497959.92330000,11173051692180000,111730516.92180000,false,idealized 113/114 comparator
S4,S4,Idealized 113/114 cap-derived geometric schedule,23940000,24150000,210000,235043739,2.35043739,49359185190000,493591.85190000,11222410877370000,112224108.77370000,false,idealized 113/114 comparator
S4,S4,Idealized 113/114 cap-derived geometric schedule,24150000,24360000,210000,232981951,2.32981951,48926209710000,489262.09710000,11271337087080000,112713370.87080000,false,idealized 113/114 comparator
S4,S4,Idealized 113/114 cap-derived geometric schedule,24360000,24570000,210000,230938249,2.30938249,48497032290000,484970.32290000,11319834119370000,113198341.19370000,false,idealized 113/114 comparator
S4,S4,Idealized 113/114 cap-derived geometric schedule,24570000,24780000,210000,228912474,2.28912474,48071619540000,480716.19540000,11367905738910000,113679057.38910000,false,idealized 113/114 comparator
S4,S4,Idealized 113/114 cap-derived geometric schedule,24780000,24990000,210000,226904469,2.26904469,47649938490000,476499.38490000,11415555677400000,114155556.77400000,false,idealized 113/114 comparator
S4,S4,Idealized 113/114 cap-derived geometric schedule,24990000,25200000,210000,224914078,2.24914078,47231956380000,472319.56380000,11462787633780000,114627876.33780000,false,idealized 113/114 comparator
S4,S4,Idealized 113/114 cap-derived geometric schedule,25200000,25410000,210000,222941147,2.22941147,46817640870000,468176.40870000,11509605274650000,115096052.74650000,false,idealized 113/114 comparator
S4,S4,Idealized 113/114 cap-derived geometric schedule,25410000,25620000,210000,220985522,2.20985522,46406959620000,464069.59620000,11556012234270000,115560122.34270000,false,idealized 113/114 comparator
S4,S4,Idealized 113/114 cap-derived geometric schedule,25620000,25830000,210000,219047052,2.19047052,45999880920000,459998.80920000,11602012115190000,116020121.15190000,false,idealized 113/114 comparator
S4,S4,Idealized 113/114 cap-derived geometric schedule,25830000,26040000,210000,217125586,2.17125586,45596373060000,455963.73060000,11647608488250000,116476084.88250000,false,idealized 113/114 comparator
S4,S4,Idealized 113/114 cap-derived geometric schedule,26040000,26250000,210000,215220975,2.15220975,45196404750000,451964.04750000,11692804893000000,116928048.93000000,false,idealized 113/114 comparator
S4,S4,Idealized 113/114 cap-derived geometric schedule,26250000,26460000,210000,213333071,2.13333071,44799944910000,447999.44910000,11737604837910000,117376048.37910000,false,idealized 113/114 comparator
S4,S4,Idealized 113/114 cap-derived geometric schedule,26460000,26670000,210000,211461728,2.11461728,44406962880000,444069.62880000,11782011800790000,117820118.00790000,false,idealized 113/114 comparator
S4,S4,Idealized 113/114 cap-derived geometric schedule,26670000,26880000,210000,209606800,2.09606800,44017428000000,440174.28000000,11826029228790000,118260292.28790000,false,idealized 113/114 comparator
S4,S4,Idealized 113/114 cap-derived geometric schedule,26880000,27090000,210000,207768143,2.07768143,43631310030000,436313.10030000,11869660538820000,118696605.38820000,false,idealized 113/114 comparator
S4,S4,Idealized 113/114 cap-derived geometric schedule,27090000,27300000,210000,205945615,2.05945615,43248579150000,432485.79150000,11912909117970000,119129091.17970000,false,idealized 113/114 comparator
S4,S4,Idealized 113/114 cap-derived geometric schedule,27300000,27510000,210000,204139074,2.04139074,42869205540000,428692.05540000,11955778323510000,119557783.23510000,false,idealized 113/114 comparator
S4,S4,Idealized 113/114 cap-derived geometric schedule,27510000,27720000,210000,202348380,2.02348380,42493159800000,424931.59800000,11998271483310000,119982714.83310000,false,idealized 113/114 comparator
S4,S4,Idealized 113/114 cap-derived geometric schedule,27720000,27930000,210000,200573394,2.00573394,42120412740000,421204.12740000,12040391896050000,120403918.96050000,false,idealized 113/114 comparator
S4,S4,Idealized 113/114 cap-derived geometric schedule,27930000,28140000,210000,198813978,1.98813978,41750935380000,417509.35380000,12082142831430000,120821428.31430000,false,idealized 113/114 comparator
S4,S4,Idealized 113/114 cap-derived geometric schedule,28140000,28350000,210000,197069995,1.97069995,41384698950000,413846.98950000,12123527530380000,121235275.30380000,false,idealized 113/114 comparator
S4,S4,Idealized 113/114 cap-derived geometric schedule,28350000,28560000,210000,195341310,1.95341310,41021675100000,410216.75100000,12164549205480000,121645492.05480000,false,idealized 113/114 comparator
S4,S4,Idealized 113/114 cap-derived geometric schedule,28560000,28770000,210000,193627789,1.93627789,40661835690000,406618.35690000,12205211041170000,122052110.41170000,false,idealized 113/114 comparator
S4,S4,Idealized 113/114 cap-derived geometric schedule,28770000,28980000,210000,191929299,1.91929299,40305152790000,403051.52790000,12245516193960000,122455161.93960000,false,idealized 113/114 comparator
S4,S4,Idealized 113/114 cap-derived geometric schedule,28980000,29190000,210000,190245708,1.90245708,39951598680000,399515.98680000,12285467792640000,122854677.92640000,false,idealized 113/114 comparator
S4,S4,Idealized 113/114 cap-derived geometric schedule,29190000,29400000,210000,188576886,1.88576886,39601146060000,396011.46060000,12325068938700000,123250689.38700000,false,idealized 113/114 comparator
S4,S4,Idealized 113/114 cap-derived geometric schedule,29400000,29610000,210000,186922702,1.86922702,39253767420000,392537.67420000,12364322706120000,123643227.06120000,false,idealized 113/114 comparator
S4,S4,Idealized 113/114 cap-derived geometric schedule,29610000,29820000,210000,185283029,1.85283029,38909436090000,389094.36090000,12403232142210000,124032321.42210000,false,idealized 113/114 comparator
S4,S4,Idealized 113/114 cap-derived geometric schedule,29820000,30030000,210000,183657739,1.83657739,38568125190000,385681.25190000,12441800267400000,124418002.67400000,false,idealized 113/114 comparator
S4,S4,Idealized 113/114 cap-derived geometric schedule,30030000,30240000,210000,182046706,1.82046706,38229808260000,382298.08260000,12480030075660000,124800300.75660000,false,idealized 113/114 comparator
S4,S4,Idealized 113/114 cap-derived geometric schedule,30240000,30450000,210000,180449805,1.80449805,37894459050000,378944.59050000,12517924534710000,125179245.34710000,false,idealized 113/114 comparator
S4,S4,Idealized 113/114 cap-derived geometric schedule,30450000,30660000,210000,178866911,1.78866911,37562051310000,375620.51310000,12555486586020000,125554865.86020000,false,idealized 113/114 comparator
S4,S4,Idealized 113/114 cap-derived geometric schedule,30660000,30870000,210000,177297903,1.77297903,37232559630000,372325.59630000,12592719145650000,125927191.45650000,false,idealized 113/114 comparator
S4,S4,Idealized 113/114 cap-derived geometric schedule,30870000,31080000,210000,175742658,1.75742658,36905958180000,369059.58180000,12629625103830000,126296251.03830000,false,idealized 113/114 comparator
S4,S4,Idealized 113/114 cap-derived geometric schedule,31080000,31290000,210000,174201055,1.74201055,36582221550000,365822.21550000,12666207325380000,126662073.25380000,false,idealized 113/114 comparator
S4,S4,Idealized 113/114 cap-derived geometric schedule,31290000,31500000,210000,172672975,1.72672975,36261324750000,362613.24750000,12702468650130000,127024686.50130000,false,idealized 113/114 comparator
S4,S4,Idealized 113/114 cap-derived geometric schedule,31500000,31710000,210000,171158299,1.71158299,35943242790000,359432.42790000,12738411892920000,127384118.92920000,false,idealized 113/114 comparator
S4,S4,Idealized 113/114 cap-derived geometric schedule,31710000,31920000,210000,169656910,1.69656910,35627951100000,356279.51100000,12774039844020000,127740398.44020000,false,idealized 113/114 comparator
S4,S4,Idealized 113/114 cap-derived geometric schedule,31920000,32130000,210000,168168691,1.68168691,35315425110000,353154.25110000,12809355269130000,128093552.69130000,false,idealized 113/114 comparator
S4,S4,Idealized 113/114 cap-derived geometric schedule,32130000,32340000,210000,166693527,1.66693527,35005640670000,350056.40670000,12844360909800000,128443609.09800000,false,idealized 113/114 comparator
S4,S4,Idealized 113/114 cap-derived geometric schedule,32340000,32550000,210000,165231303,1.65231303,34698573630000,346985.73630000,12879059483430000,128790594.83430000,false,idealized 113/114 comparator
S4,S4,Idealized 113/114 cap-derived geometric schedule,32550000,32760000,210000,163781905,1.63781905,34394200050000,343942.00050000,12913453683480000,129134536.83480000,false,idealized 113/114 comparator
S4,S4,Idealized 113/114 cap-derived geometric schedule,32760000,32970000,210000,162345221,1.62345221,34092496410000,340924.96410000,12947546179890000,129475461.79890000,false,idealized 113/114 comparator
S4,S4,Idealized 113/114 cap-derived geometric schedule,32970000,33180000,210000,160921140,1.60921140,33793439400000,337934.39400000,12981339619290000,129813396.19290000,false,idealized 113/114 comparator
S4,S4,Idealized 113/114 cap-derived geometric schedule,33180000,33390000,210000,159509551,1.59509551,33497005710000,334970.05710000,13014836625000000,130148366.25000000,false,idealized 113/114 comparator
S4,S4,Idealized 113/114 cap-derived geometric schedule,33390000,33600000,210000,158110344,1.58110344,33203172240000,332031.72240000,13048039797240000,130480397.97240000,false,idealized 113/114 comparator
S4,S4,Idealized 113/114 cap-derived geometric schedule,33600000,33810000,210000,156723411,1.56723411,32911916310000,329119.16310000,13080951713550000,130809517.13550000,false,idealized 113/114 comparator
S4,S4,Idealized 113/114 cap-derived geometric schedule,33810000,34020000,210000,155348644,1.55348644,32623215240000,326232.15240000,13113574928790000,131135749.28790000,false,idealized 113/114 comparator
S4,S4,Idealized 113/114 cap-derived geometric schedule,34020000,34230000,210000,153985936,1.53985936,32337046560000,323370.46560000,13145911975350000,131459119.75350000,false,idealized 113/114 comparator
S4,S4,Idealized 113/114 cap-derived geometric schedule,34230000,34440000,210000,152635182,1.52635182,32053388220000,320533.88220000,13177965363570000,131779653.63570000,false,idealized 113/114 comparator
S4,S4,Idealized 113/114 cap-derived geometric schedule,34440000,34650000,210000,151296276,1.51296276,31772217960000,317722.17960000,13209737581530000,132097375.81530000,false,idealized 113/114 comparator
S4,S4,Idealized 113/114 cap-derived geometric schedule,34650000,34860000,210000,149969115,1.49969115,31493514150000,314935.14150000,13241231095680000,132412310.95680000,false,idealized 113/114 comparator
S4,S4,Idealized 113/114 cap-derived geometric schedule,34860000,35070000,210000,148653596,1.48653596,31217255160000,312172.55160000,13272448350840000,132724483.50840000,false,idealized 113/114 comparator
S4,S4,Idealized 113/114 cap-derived geometric schedule,35070000,35280000,210000,147349617,1.47349617,30943419570000,309434.19570000,13303391770410000,133033917.70410000,false,idealized 113/114 comparator
S4,S4,Idealized 113/114 cap-derived geometric schedule,35280000,35490000,210000,146057076,1.46057076,30671985960000,306719.85960000,13334063756370000,133340637.56370000,false,idealized 113/114 comparator
S4,S4,Idealized 113/114 cap-derived geometric schedule,35490000,35700000,210000,144775873,1.44775873,30402933330000,304029.33330000,13364466689700000,133644666.89700000,false,idealized 113/114 comparator
S4,S4,Idealized 113/114 cap-derived geometric schedule,35700000,35910000,210000,143505909,1.43505909,30136240890000,301362.40890000,13394602930590000,133946029.30590000,false,idealized 113/114 comparator
S4,S4,Idealized 113/114 cap-derived geometric schedule,35910000,36120000,210000,142247085,1.42247085,29871887850000,298718.87850000,13424474818440000,134244748.18440000,false,idealized 113/114 comparator
S4,S4,Idealized 113/114 cap-derived geometric schedule,36120000,36330000,210000,140999303,1.40999303,29609853630000,296098.53630000,13454084672070000,134540846.72070000,false,idealized 113/114 comparator
S4,S4,Idealized 113/114 cap-derived geometric schedule,36330000,36540000,210000,139762467,1.39762467,29350118070000,293501.18070000,13483434790140000,134834347.90140000,false,idealized 113/114 comparator
S4,S4,Idealized 113/114 cap-derived geometric schedule,36540000,36750000,210000,138536480,1.38536480,29092660800000,290926.60800000,13512527450940000,135125274.50940000,false,idealized 113/114 comparator
S4,S4,Idealized 113/114 cap-derived geometric schedule,36750000,36960000,210000,137321247,1.37321247,28837461870000,288374.61870000,13541364912810000,135413649.12810000,false,idealized 113/114 comparator
S4,S4,Idealized 113/114 cap-derived geometric schedule,36960000,37170000,210000,136116674,1.36116674,28584501540000,285845.01540000,13569949414350000,135699494.14350000,false,idealized 113/114 comparator
S4,S4,Idealized 113/114 cap-derived geometric schedule,37170000,37380000,210000,134922668,1.34922668,28333760280000,283337.60280000,13598283174630000,135982831.74630000,false,idealized 113/114 comparator
S4,S4,Idealized 113/114 cap-derived geometric schedule,37380000,37590000,210000,133739135,1.33739135,28085218350000,280852.18350000,13626368392980000,136263683.92980000,false,idealized 113/114 comparator
S4,S4,Idealized 113/114 cap-derived geometric schedule,37590000,37800000,210000,132565984,1.32565984,27838856640000,278388.56640000,13654207249620000,136542072.49620000,false,idealized 113/114 comparator
S4,S4,Idealized 113/114 cap-derived geometric schedule,37800000,38010000,210000,131403124,1.31403124,27594656040000,275946.56040000,13681801905660000,136818019.05660000,false,idealized 113/114 comparator
S4,S4,Idealized 113/114 cap-derived geometric schedule,38010000,38220000,210000,130250465,1.30250465,27352597650000,273525.97650000,13709154503310000,137091545.03310000,false,idealized 113/114 comparator
S4,S4,Idealized 113/114 cap-derived geometric schedule,38220000,38430000,210000,129107917,1.29107917,27112662570000,271126.62570000,13736267165880000,137362671.65880000,false,idealized 113/114 comparator
S4,S4,Idealized 113/114 cap-derived geometric schedule,38430000,38640000,210000,127975391,1.27975391,26874832110000,268748.32110000,13763141997990000,137631419.97990000,false,idealized 113/114 comparator
S4,S4,Idealized 113/114 cap-derived geometric schedule,38640000,38850000,210000,126852799,1.26852799,26639087790000,266390.87790000,13789781085780000,137897810.85780000,false,idealized 113/114 comparator
S4,S4,Idealized 113/114 cap-derived geometric schedule,38850000,39060000,210000,125740055,1.25740055,26405411550000,264054.11550000,13816186497330000,138161864.97330000,false,idealized 113/114 comparator
S4,S4,Idealized 113/114 cap-derived geometric schedule,39060000,39270000,210000,124637072,1.24637072,26173785120000,261737.85120000,13842360282450000,138423602.82450000,false,idealized 113/114 comparator
S4,S4,Idealized 113/114 cap-derived geometric schedule,39270000,39480000,210000,123543764,1.23543764,25944190440000,259441.90440000,13868304472890000,138683044.72890000,false,idealized 113/114 comparator
S4,S4,Idealized 113/114 cap-derived geometric schedule,39480000,39690000,210000,122460046,1.22460046,25716609660000,257166.09660000,13894021082550000,138940210.82550000,false,idealized 113/114 comparator
S4,S4,Idealized 113/114 cap-derived geometric schedule,39690000,39900000,210000,121385835,1.21385835,25491025350000,254910.25350000,13919512107900000,139195121.07900000,false,idealized 113/114 comparator
S4,S4,Idealized 113/114 cap-derived geometric schedule,39900000,40110000,210000,120321046,1.20321046,25267419660000,252674.19660000,13944779527560000,139447795.27560000,false,idealized 113/114 comparator
S4,S4,Idealized 113/114 cap-derived geometric schedule,40110000,40320000,210000,119265598,1.19265598,25045775580000,250457.75580000,13969825303140000,139698253.03140000,false,idealized 113/114 comparator
S4,S4,Idealized 113/114 cap-derived geometric schedule,40320000,40530000,210000,118219408,1.18219408,24826075680000,248260.75680000,13994651378820000,139946513.78820000,false,idealized 113/114 comparator
S4,S4,Idealized 113/114 cap-derived geometric schedule,40530000,40740000,210000,117182395,1.17182395,24608302950000,246083.02950000,14019259681770000,140192596.81770000,false,idealized 113/114 comparator
S4,S4,Idealized 113/114 cap-derived geometric schedule,40740000,40950000,210000,116154479,1.16154479,24392440590000,243924.40590000,14043652122360000,140436521.22360000,false,idealized 113/114 comparator
S4,S4,Idealized 113/114 cap-derived geometric schedule,40950000,41160000,210000,115135580,1.15135580,24178471800000,241784.71800000,14067830594160000,140678305.94160000,false,idealized 113/114 comparator
S4,S4,Idealized 113/114 cap-derived geometric schedule,41160000,41370000,210000,114125618,1.14125618,23966379780000,239663.79780000,14091796973940000,140917969.73940000,false,idealized 113/114 comparator
S4,S4,Idealized 113/114 cap-derived geometric schedule,41370000,41580000,210000,113124516,1.13124516,23756148360000,237561.48360000,14115553122300000,141155531.22300000,false,idealized 113/114 comparator
S4,S4,Idealized 113/114 cap-derived geometric schedule,41580000,41790000,210000,112132195,1.12132195,23547760950000,235477.60950000,14139100883250000,141391008.83250000,false,idealized 113/114 comparator
S4,S4,Idealized 113/114 cap-derived geometric schedule,41790000,42000000,210000,111148579,1.11148579,23341201590000,233412.01590000,14162442084840000,141624420.84840000,false,idealized 113/114 comparator
S4,S4,Idealized 113/114 cap-derived geometric schedule,42000000,42210000,210000,110173591,1.10173591,23136454110000,231364.54110000,14185578538950000,141855785.38950000,false,idealized 113/114 comparator
S4,S4,Idealized 113/114 cap-derived geometric schedule,42210000,42420000,210000,109207155,1.09207155,22933502550000,229335.02550000,14208512041500000,142085120.41500000,false,idealized 113/114 comparator
S4,S4,Idealized 113/114 cap-derived geometric schedule,42420000,42630000,210000,108249197,1.08249197,22732331370000,227323.31370000,14231244372870000,142312443.72870000,false,idealized 113/114 comparator
S4,S4,Idealized 113/114 cap-derived geometric schedule,42630000,42840000,210000,107299642,1.07299642,22532924820000,225329.24820000,14253777297690000,142537772.97690000,false,idealized 113/114 comparator
S4,S4,Idealized 113/114 cap-derived geometric schedule,42840000,43050000,210000,106358417,1.06358417,22335267570000,223352.67570000,14276112565260000,142761125.65260000,false,idealized 113/114 comparator
S4,S4,Idealized 113/114 cap-derived geometric schedule,43050000,43260000,210000,105425448,1.05425448,22139344080000,221393.44080000,14298251909340000,142982519.09340000,false,idealized 113/114 comparator
S4,S4,Idealized 113/114 cap-derived geometric schedule,43260000,43470000,210000,104500663,1.04500663,21945139230000,219451.39230000,14320197048570000,143201970.48570000,false,idealized 113/114 comparator
S4,S4,Idealized 113/114 cap-derived geometric schedule,43470000,43680000,210000,103583990,1.03583990,21752637900000,217526.37900000,14341949686470000,143419496.86470000,false,idealized 113/114 comparator
S4,S4,Idealized 113/114 cap-derived geometric schedule,43680000,43890000,210000,102675358,1.02675358,21561825180000,215618.25180000,14363511511650000,143635115.11650000,false,idealized 113/114 comparator
S4,S4,Idealized 113/114 cap-derived geometric schedule,43890000,44100000,210000,101774696,1.01774696,21372686160000,213726.86160000,14384884197810000,143848841.97810000,false,idealized 113/114 comparator
S4,S4,Idealized 113/114 cap-derived geometric schedule,44100000,44310000,210000,100881935,1.00881935,21185206350000,211852.06350000,14406069404160000,144060694.04160000,false,idealized 113/114 comparator
S4,S4,Idealized 113/114 cap-derived geometric schedule,44310000,44520000,210000,99997005,0.99997005,20999371050000,209993.71050000,14427068775210000,144270687.75210000,false,idealized 113/114 comparator
S4,S4,Idealized 113/114 cap-derived geometric schedule,44520000,44730000,210000,99119838,0.99119838,20815165980000,208151.65980000,14447883941190000,144478839.41190000,false,idealized 113/114 comparator
S4,S4,Idealized 113/114 cap-derived geometric schedule,44730000,44940000,210000,98250365,0.98250365,20632576650000,206325.76650000,14468516517840000,144685165.17840000,false,idealized 113/114 comparator
S4,S4,Idealized 113/114 cap-derived geometric schedule,44940000,45150000,210000,97388519,0.97388519,20451588990000,204515.88990000,14488968106830000,144889681.06830000,false,idealized 113/114 comparator
S4,S4,Idealized 113/114 cap-derived geometric schedule,45150000,45360000,210000,96534233,0.96534233,20272188930000,202721.88930000,14509240295760000,145092402.95760000,false,idealized 113/114 comparator
S4,S4,Idealized 113/114 cap-derived geometric schedule,45360000,45570000,210000,95687441,0.95687441,20094362610000,200943.62610000,14529334658370000,145293346.58370000,false,idealized 113/114 comparator
S4,S4,Idealized 113/114 cap-derived geometric schedule,45570000,45780000,210000,94848077,0.94848077,19918096170000,199180.96170000,14549252754540000,145492527.54540000,false,idealized 113/114 comparator
S4,S4,Idealized 113/114 cap-derived geometric schedule,45780000,45990000,210000,94016076,0.94016076,19743375960000,197433.75960000,14568996130500000,145689961.30500000,false,idealized 113/114 comparator
S4,S4,Idealized 113/114 cap-derived geometric schedule,45990000,46200000,210000,93191373,0.93191373,19570188330000,195701.88330000,14588566318830000,145885663.18830000,false,idealized 113/114 comparator
S4,S4,Idealized 113/114 cap-derived geometric schedule,46200000,46410000,210000,92373904,0.92373904,19398519840000,193985.19840000,14607964838670000,146079648.38670000,false,idealized 113/114 comparator
S4,S4,Idealized 113/114 cap-derived geometric schedule,46410000,46620000,210000,91563606,0.91563606,19228357260000,192283.57260000,14627193195930000,146271931.95930000,false,idealized 113/114 comparator
S4,S4,Idealized 113/114 cap-derived geometric schedule,46620000,46830000,210000,90760416,0.90760416,19059687360000,190596.87360000,14646252883290000,146462528.83290000,false,idealized 113/114 comparator
S4,S4,Idealized 113/114 cap-derived geometric schedule,46830000,47040000,210000,89964272,0.89964272,18892497120000,188924.97120000,14665145380410000,146651453.80410000,false,idealized 113/114 comparator
S4,S4,Idealized 113/114 cap-derived geometric schedule,47040000,47250000,210000,89175111,0.89175111,18726773310000,187267.73310000,14683872153720000,146838721.53720000,false,idealized 113/114 comparator
S4,S4,Idealized 113/114 cap-derived geometric schedule,47250000,47460000,210000,88392873,0.88392873,18562503330000,185625.03330000,14702434657050000,147024346.57050000,false,idealized 113/114 comparator
S4,S4,Idealized 113/114 cap-derived geometric schedule,47460000,47670000,210000,87617496,0.87617496,18399674160000,183996.74160000,14720834331210000,147208343.31210000,false,idealized 113/114 comparator
S4,S4,Idealized 113/114 cap-derived geometric schedule,47670000,47880000,210000,86848921,0.86848921,18238273410000,182382.73410000,14739072604620000,147390726.04620000,false,idealized 113/114 comparator
S4,S4,Idealized 113/114 cap-derived geometric schedule,47880000,48090000,210000,86087088,0.86087088,18078288480000,180782.88480000,14757150893100000,147571508.93100000,false,idealized 113/114 comparator
S4,S4,Idealized 113/114 cap-derived geometric schedule,48090000,48300000,210000,85331938,0.85331938,17919706980000,179197.06980000,14775070600080000,147750706.00080000,false,idealized 113/114 comparator
S4,S4,Idealized 113/114 cap-derived geometric schedule,48300000,48510000,210000,84583412,0.84583412,17762516520000,177625.16520000,14792833116600000,147928331.16600000,false,idealized 113/114 comparator
S4,S4,Idealized 113/114 cap-derived geometric schedule,48510000,48720000,210000,83841452,0.83841452,17606704920000,176067.04920000,14810439821520000,148104398.21520000,false,idealized 113/114 comparator
S4,S4,Idealized 113/114 cap-derived geometric schedule,48720000,48930000,210000,83106000,0.83106000,17452260000000,174522.60000000,14827892081520000,148278920.81520000,false,idealized 113/114 comparator
S4,S4,Idealized 113/114 cap-derived geometric schedule,48930000,49140000,210000,82377000,0.82377000,17299170000000,172991.70000000,14845191251520000,148451912.51520000,false,idealized 113/114 comparator
S4,S4,Idealized 113/114 cap-derived geometric schedule,49140000,49350000,210000,81654394,0.81654394,17147422740000,171474.22740000,14862338674260000,148623386.74260000,false,idealized 113/114 comparator
S4,S4,Idealized 113/114 cap-derived geometric schedule,49350000,49560000,210000,80938127,0.80938127,16997006670000,169970.06670000,14879335680930000,148793356.80930000,false,idealized 113/114 comparator
S4,S4,Idealized 113/114 cap-derived geometric schedule,49560000,49770000,210000,80228143,0.80228143,16847910030000,168479.10030000,14896183590960000,148961835.90960000,false,idealized 113/114 comparator
S4,S4,Idealized 113/114 cap-derived geometric schedule,49770000,49980000,210000,79524387,0.79524387,16700121270000,167001.21270000,14912883712230000,149128837.12230000,false,idealized 113/114 comparator
S4,S4,Idealized 113/114 cap-derived geometric schedule,49980000,50190000,210000,78826804,0.78826804,16553628840000,165536.28840000,14929437341070000,149294373.41070000,false,idealized 113/114 comparator
S4,S4,Idealized 113/114 cap-derived geometric schedule,50190000,50400000,210000,78135340,0.78135340,16408421400000,164084.21400000,14945845762470000,149458457.62470000,false,idealized 113/114 comparator
S4,S4,Idealized 113/114 cap-derived geometric schedule,50400000,50610000,210000,77449942,0.77449942,16264487820000,162644.87820000,14962110250290000,149621102.50290000,false,idealized 113/114 comparator
S4,S4,Idealized 113/114 cap-derived geometric schedule,50610000,50820000,210000,76770556,0.76770556,16121816760000,161218.16760000,14978232067050000,149782320.67050000,false,idealized 113/114 comparator
S4,S4,Idealized 113/114 cap-derived geometric schedule,50820000,51030000,210000,76097130,0.76097130,15980397300000,159803.97300000,14994212464350000,149942124.64350000,false,idealized 113/114 comparator
S4,S4,Idealized 113/114 cap-derived geometric schedule,51030000,51240000,210000,75429611,0.75429611,15840218310000,158402.18310000,15010052682660000,150100526.82660000,false,idealized 113/114 comparator
S4,S4,Idealized 113/114 cap-derived geometric schedule,51240000,51450000,210000,74767947,0.74767947,15701268870000,157012.68870000,15025753951530000,150257539.51530000,false,idealized 113/114 comparator
S4,S4,Idealized 113/114 cap-derived geometric schedule,51450000,51660000,210000,74112087,0.74112087,15563538270000,155635.38270000,15041317489800000,150413174.89800000,false,idealized 113/114 comparator
S4,S4,Idealized 113/114 cap-derived geometric schedule,51660000,51870000,210000,73461980,0.73461980,15427015800000,154270.15800000,15056744505600000,150567445.05600000,false,idealized 113/114 comparator
S4,S4,Idealized 113/114 cap-derived geometric schedule,51870000,52080000,210000,72817576,0.72817576,15291690960000,152916.90960000,15072036196560000,150720361.96560000,false,idealized 113/114 comparator
S4,S4,Idealized 113/114 cap-derived geometric schedule,52080000,52290000,210000,72178825,0.72178825,15157553250000,151575.53250000,15087193749810000,150871937.49810000,false,idealized 113/114 comparator
S4,S4,Idealized 113/114 cap-derived geometric schedule,52290000,52500000,210000,71545677,0.71545677,15024592170000,150245.92170000,15102218341980000,151022183.41980000,false,idealized 113/114 comparator
S4,S4,Idealized 113/114 cap-derived geometric schedule,52500000,52710000,210000,70918083,0.70918083,14892797430000,148927.97430000,15117111139410000,151171111.39410000,false,idealized 113/114 comparator
S4,S4,Idealized 113/114 cap-derived geometric schedule,52710000,52920000,210000,70295994,0.70295994,14762158740000,147621.58740000,15131873298150000,151318732.98150000,false,idealized 113/114 comparator
S4,S4,Idealized 113/114 cap-derived geometric schedule,52920000,53130000,210000,69679362,0.69679362,14632666020000,146326.66020000,15146505964170000,151465059.64170000,false,idealized 113/114 comparator
S4,S4,Idealized 113/114 cap-derived geometric schedule,53130000,53340000,210000,69068139,0.69068139,14504309190000,145043.09190000,15161010273360000,151610102.73360000,false,idealized 113/114 comparator
S4,S4,Idealized 113/114 cap-derived geometric schedule,53340000,53550000,210000,68462278,0.68462278,14377078380000,143770.78380000,15175387351740000,151753873.51740000,false,idealized 113/114 comparator
S4,S4,Idealized 113/114 cap-derived geometric schedule,53550000,53760000,210000,67861731,0.67861731,14250963510000,142509.63510000,15189638315250000,151896383.15250000,false,idealized 113/114 comparator
S4,S4,Idealized 113/114 cap-derived geometric schedule,53760000,53970000,210000,67266452,0.67266452,14125954920000,141259.54920000,15203764270170000,152037642.70170000,false,idealized 113/114 comparator
S4,S4,Idealized 113/114 cap-derived geometric schedule,53970000,54180000,210000,66676395,0.66676395,14002042950000,140020.42950000,15217766313120000,152177663.13120000,false,idealized 113/114 comparator
S4,S4,Idealized 113/114 cap-derived geometric schedule,54180000,54390000,210000,66091514,0.66091514,13879217940000,138792.17940000,15231645531060000,152316455.31060000,false,idealized 113/114 comparator
S4,S4,Idealized 113/114 cap-derived geometric schedule,54390000,54600000,210000,65511763,0.65511763,13757470230000,137574.70230000,15245403001290000,152454030.01290000,false,idealized 113/114 comparator
S4,S4,Idealized 113/114 cap-derived geometric schedule,54600000,54810000,210000,64937098,0.64937098,13636790580000,136367.90580000,15259039791870000,152590397.91870000,false,idealized 113/114 comparator
S4,S4,Idealized 113/114 cap-derived geometric schedule,54810000,55020000,210000,64367474,0.64367474,13517169540000,135171.69540000,15272556961410000,152725569.61410000,false,idealized 113/114 comparator
S4,S4,Idealized 113/114 cap-derived geometric schedule,55020000,55230000,210000,63802847,0.63802847,13398597870000,133985.97870000,15285955559280000,152859555.59280000,false,idealized 113/114 comparator
S4,S4,Idealized 113/114 cap-derived geometric schedule,55230000,55440000,210000,63243172,0.63243172,13281066120000,132810.66120000,15299236625400000,152992366.25400000,false,idealized 113/114 comparator
S4,S4,Idealized 113/114 cap-derived geometric schedule,55440000,55650000,210000,62688407,0.62688407,13164565470000,131645.65470000,15312401190870000,153124011.90870000,false,idealized 113/114 comparator
S4,S4,Idealized 113/114 cap-derived geometric schedule,55650000,55860000,210000,62138508,0.62138508,13049086680000,130490.86680000,15325450277550000,153254502.77550000,false,idealized 113/114 comparator
S4,S4,Idealized 113/114 cap-derived geometric schedule,55860000,56070000,210000,61593433,0.61593433,12934620930000,129346.20930000,15338384898480000,153383848.98480000,false,idealized 113/114 comparator
S4,S4,Idealized 113/114 cap-derived geometric schedule,56070000,56280000,210000,61053139,0.61053139,12821159190000,128211.59190000,15351206057670000,153512060.57670000,false,idealized 113/114 comparator
S4,S4,Idealized 113/114 cap-derived geometric schedule,56280000,56490000,210000,60517585,0.60517585,12708692850000,127086.92850000,15363914750520000,153639147.50520000,false,idealized 113/114 comparator
S4,S4,Idealized 113/114 cap-derived geometric schedule,56490000,56700000,210000,59986728,0.59986728,12597212880000,125972.12880000,15376511963400000,153765119.63400000,false,idealized 113/114 comparator
S4,S4,Idealized 113/114 cap-derived geometric schedule,56700000,56910000,210000,59460528,0.59460528,12486710880000,124867.10880000,15388998674280000,153889986.74280000,false,idealized 113/114 comparator
S4,S4,Idealized 113/114 cap-derived geometric schedule,56910000,57120000,210000,58938944,0.58938944,12377178240000,123771.78240000,15401375852520000,154013758.52520000,false,idealized 113/114 comparator
S4,S4,Idealized 113/114 cap-derived geometric schedule,57120000,57330000,210000,58421935,0.58421935,12268606350000,122686.06350000,15413644458870000,154136444.58870000,false,idealized 113/114 comparator
S4,S4,Idealized 113/114 cap-derived geometric schedule,57330000,57540000,210000,57909461,0.57909461,12160986810000,121609.86810000,15425805445680000,154258054.45680000,false,idealized 113/114 comparator
S4,S4,Idealized 113/114 cap-derived geometric schedule,57540000,57750000,210000,57401483,0.57401483,12054311430000,120543.11430000,15437859757110000,154378597.57110000,false,idealized 113/114 comparator
S4,S4,Idealized 113/114 cap-derived geometric schedule,57750000,57960000,210000,56897961,0.56897961,11948571810000,119485.71810000,15449808328920000,154498083.28920000,false,idealized 113/114 comparator
S4,S4,Idealized 113/114 cap-derived geometric schedule,57960000,58170000,210000,56398856,0.56398856,11843759760000,118437.59760000,15461652088680000,154616520.88680000,false,idealized 113/114 comparator
S4,S4,Idealized 113/114 cap-derived geometric schedule,58170000,58380000,210000,55904129,0.55904129,11739867090000,117398.67090000,15473391955770000,154733919.55770000,false,idealized 113/114 comparator
S4,S4,Idealized 113/114 cap-derived geometric schedule,58380000,58590000,210000,55413741,0.55413741,11636885610000,116368.85610000,15485028841380000,154850288.41380000,false,idealized 113/114 comparator
S4,S4,Idealized 113/114 cap-derived geometric schedule,58590000,58800000,210000,54927655,0.54927655,11534807550000,115348.07550000,15496563648930000,154965636.48930000,false,idealized 113/114 comparator
S4,S4,Idealized 113/114 cap-derived geometric schedule,58800000,59010000,210000,54445833,0.54445833,11433624930000,114336.24930000,15507997273860000,155079972.73860000,false,idealized 113/114 comparator
S4,S4,Idealized 113/114 cap-derived geometric schedule,59010000,59220000,210000,53968237,0.53968237,11333329770000,113333.29770000,15519330603630000,155193306.03630000,false,idealized 113/114 comparator
S4,S4,Idealized 113/114 cap-derived geometric schedule,59220000,59430000,210000,53494831,0.53494831,11233914510000,112339.14510000,15530564518140000,155305645.18140000,false,idealized 113/114 comparator
S4,S4,Idealized 113/114 cap-derived geometric schedule,59430000,59640000,210000,53025578,0.53025578,11135371380000,111353.71380000,15541699889520000,155416998.89520000,false,idealized 113/114 comparator
S4,S4,Idealized 113/114 cap-derived geometric schedule,59640000,59850000,210000,52560441,0.52560441,11037692610000,110376.92610000,15552737582130000,155527375.82130000,false,idealized 113/114 comparator
S4,S4,Idealized 113/114 cap-derived geometric schedule,59850000,60060000,210000,52099384,0.52099384,10940870640000,109408.70640000,15563678452770000,155636784.52770000,false,idealized 113/114 comparator
S4,S4,Idealized 113/114 cap-derived geometric schedule,60060000,60270000,210000,51642371,0.51642371,10844897910000,108448.97910000,15574523350680000,155745233.50680000,false,idealized 113/114 comparator
S4,S4,Idealized 113/114 cap-derived geometric schedule,60270000,60480000,210000,51189367,0.51189367,10749767070000,107497.67070000,15585273117750000,155852731.17750000,false,idealized 113/114 comparator
S4,S4,Idealized 113/114 cap-derived geometric schedule,60480000,60690000,210000,50740337,0.50740337,10655470770000,106554.70770000,15595928588520000,155959285.88520000,false,idealized 113/114 comparator
S4,S4,Idealized 113/114 cap-derived geometric schedule,60690000,60900000,210000,50295246,0.50295246,10562001660000,105620.01660000,15606490590180000,156064905.90180000,false,idealized 113/114 comparator
S4,S4,Idealized 113/114 cap-derived geometric schedule,60900000,61110000,210000,49854059,0.49854059,10469352390000,104693.52390000,15616959942570000,156169599.42570000,false,idealized 113/114 comparator
S4,S4,Idealized 113/114 cap-derived geometric schedule,61110000,61320000,210000,49416742,0.49416742,10377515820000,103775.15820000,15627337458390000,156273374.58390000,false,idealized 113/114 comparator
S4,S4,Idealized 113/114 cap-derived geometric schedule,61320000,61530000,210000,48983261,0.48983261,10286484810000,102864.84810000,15637623943200000,156376239.43200000,false,idealized 113/114 comparator
S4,S4,Idealized 113/114 cap-derived geometric schedule,61530000,61740000,210000,48553583,0.48553583,10196252430000,101962.52430000,15647820195630000,156478201.95630000,false,idealized 113/114 comparator
S4,S4,Idealized 113/114 cap-derived geometric schedule,61740000,61950000,210000,48127674,0.48127674,10106811540000,101068.11540000,15657927007170000,156579270.07170000,false,idealized 113/114 comparator
S4,S4,Idealized 113/114 cap-derived geometric schedule,61950000,62160000,210000,47705501,0.47705501,10018155210000,100181.55210000,15667945162380000,156679451.62380000,false,idealized 113/114 comparator
S4,S4,Idealized 113/114 cap-derived geometric schedule,62160000,62370000,210000,47287031,0.47287031,9930276510000,99302.76510000,15677875438890000,156778754.38890000,false,idealized 113/114 comparator
S4,S4,Idealized 113/114 cap-derived geometric schedule,62370000,62580000,210000,46872232,0.46872232,9843168720000,98431.68720000,15687718607610000,156877186.07610000,false,idealized 113/114 comparator
S4,S4,Idealized 113/114 cap-derived geometric schedule,62580000,62790000,210000,46461072,0.46461072,9756825120000,97568.25120000,15697475432730000,156974754.32730000,false,idealized 113/114 comparator
S4,S4,Idealized 113/114 cap-derived geometric schedule,62790000,63000000,210000,46053518,0.46053518,9671238780000,96712.38780000,15707146671510000,157071466.71510000,false,idealized 113/114 comparator
S4,S4,Idealized 113/114 cap-derived geometric schedule,63000000,63210000,210000,45649539,0.45649539,9586403190000,95864.03190000,15716733074700000,157167330.74700000,false,idealized 113/114 comparator
S4,S4,Idealized 113/114 cap-derived geometric schedule,63210000,63420000,210000,45249104,0.45249104,9502311840000,95023.11840000,15726235386540000,157262353.86540000,false,idealized 113/114 comparator
S4,S4,Idealized 113/114 cap-derived geometric schedule,63420000,63630000,210000,44852182,0.44852182,9418958220000,94189.58220000,15735654344760000,157356543.44760000,false,idealized 113/114 comparator
S4,S4,Idealized 113/114 cap-derived geometric schedule,63630000,63840000,210000,44458741,0.44458741,9336335610000,93363.35610000,15744990680370000,157449906.80370000,false,idealized 113/114 comparator
S4,S4,Idealized 113/114 cap-derived geometric schedule,63840000,64050000,210000,44068752,0.44068752,9254437920000,92544.37920000,15754245118290000,157542451.18290000,false,idealized 113/114 comparator
S4,S4,Idealized 113/114 cap-derived geometric schedule,64050000,64260000,210000,43682184,0.43682184,9173258640000,91732.58640000,15763418376930000,157634183.76930000,false,idealized 113/114 comparator
S4,S4,Idealized 113/114 cap-derived geometric schedule,64260000,64470000,210000,43299006,0.43299006,9092791260000,90927.91260000,15772511168190000,157725111.68190000,false,idealized 113/114 comparator
S4,S4,Idealized 113/114 cap-derived geometric schedule,64470000,64680000,210000,42919190,0.42919190,9013029900000,90130.29900000,15781524198090000,157815241.98090000,false,idealized 113/114 comparator
S4,S4,Idealized 113/114 cap-derived geometric schedule,64680000,64890000,210000,42542705,0.42542705,8933968050000,89339.68050000,15790458166140000,157904581.66140000,false,idealized 113/114 comparator
S4,S4,Idealized 113/114 cap-derived geometric schedule,64890000,65100000,210000,42169523,0.42169523,8855599830000,88555.99830000,15799313765970000,157993137.65970000,false,idealized 113/114 comparator
S4,S4,Idealized 113/114 cap-derived geometric schedule,65100000,65310000,210000,41799614,0.41799614,8777918940000,87779.18940000,15808091684910000,158080916.84910000,false,idealized 113/114 comparator
S4,S4,Idealized 113/114 cap-derived geometric schedule,65310000,65520000,210000,41432950,0.41432950,8700919500000,87009.19500000,15816792604410000,158167926.04410000,false,idealized 113/114 comparator
S4,S4,Idealized 113/114 cap-derived geometric schedule,65520000,65730000,210000,41069503,0.41069503,8624595630000,86245.95630000,15825417200040000,158254172.00040000,false,idealized 113/114 comparator
S4,S4,Idealized 113/114 cap-derived geometric schedule,65730000,65940000,210000,40709244,0.40709244,8548941240000,85489.41240000,15833966141280000,158339661.41280000,false,idealized 113/114 comparator
S4,S4,Idealized 113/114 cap-derived geometric schedule,65940000,66150000,210000,40352145,0.40352145,8473950450000,84739.50450000,15842440091730000,158424400.91730000,false,idealized 113/114 comparator
S4,S4,Idealized 113/114 cap-derived geometric schedule,66150000,66360000,210000,39998178,0.39998178,8399617380000,83996.17380000,15850839709110000,158508397.09110000,false,idealized 113/114 comparator
S4,S4,Idealized 113/114 cap-derived geometric schedule,66360000,66570000,210000,39647316,0.39647316,8325936360000,83259.36360000,15859165645470000,158591656.45470000,false,idealized 113/114 comparator
S4,S4,Idealized 113/114 cap-derived geometric schedule,66570000,66780000,210000,39299532,0.39299532,8252901720000,82529.01720000,15867418547190000,158674185.47190000,false,idealized 113/114 comparator
S4,S4,Idealized 113/114 cap-derived geometric schedule,66780000,66990000,210000,38954799,0.38954799,8180507790000,81805.07790000,15875599054980000,158755990.54980000,false,idealized 113/114 comparator
S4,S4,Idealized 113/114 cap-derived geometric schedule,66990000,67200000,210000,38613090,0.38613090,8108748900000,81087.48900000,15883707803880000,158837078.03880000,false,idealized 113/114 comparator
S4,S4,Idealized 113/114 cap-derived geometric schedule,67200000,67410000,210000,38274378,0.38274378,8037619380000,80376.19380000,15891745423260000,158917454.23260000,false,idealized 113/114 comparator
S4,S4,Idealized 113/114 cap-derived geometric schedule,67410000,67620000,210000,37938637,0.37938637,7967113770000,79671.13770000,15899712537030000,158997125.37030000,false,idealized 113/114 comparator
S4,S4,Idealized 113/114 cap-derived geometric schedule,67620000,67830000,210000,37605841,0.37605841,7897226610000,78972.26610000,15907609763640000,159076097.63640000,false,idealized 113/114 comparator
S4,S4,Idealized 113/114 cap-derived geometric schedule,67830000,68040000,210000,37275965,0.37275965,7827952650000,78279.52650000,15915437716290000,159154377.16290000,false,idealized 113/114 comparator
S4,S4,Idealized 113/114 cap-derived geometric schedule,68040000,68250000,210000,36948982,0.36948982,7759286220000,77592.86220000,15923197002510000,159231970.02510000,false,idealized 113/114 comparator
S4,S4,Idealized 113/114 cap-derived geometric schedule,68250000,68460000,210000,36624868,0.36624868,7691222280000,76912.22280000,15930888224790000,159308882.24790000,false,idealized 113/114 comparator
S4,S4,Idealized 113/114 cap-derived geometric schedule,68460000,68670000,210000,36303597,0.36303597,7623755370000,76237.55370000,15938511980160000,159385119.80160000,false,idealized 113/114 comparator
S4,S4,Idealized 113/114 cap-derived geometric schedule,68670000,68880000,210000,35985144,0.35985144,7556880240000,75568.80240000,15946068860400000,159460688.60400000,false,idealized 113/114 comparator
S4,S4,Idealized 113/114 cap-derived geometric schedule,68880000,69090000,210000,35669484,0.35669484,7490591640000,74905.91640000,15953559452040000,159535594.52040000,false,idealized 113/114 comparator
S4,S4,Idealized 113/114 cap-derived geometric schedule,69090000,69300000,210000,35356593,0.35356593,7424884530000,74248.84530000,15960984336570000,159609843.36570000,false,idealized 113/114 comparator
S4,S4,Idealized 113/114 cap-derived geometric schedule,69300000,69510000,210000,35046447,0.35046447,7359753870000,73597.53870000,15968344090440000,159683440.90440000,false,idealized 113/114 comparator
S4,S4,Idealized 113/114 cap-derived geometric schedule,69510000,69720000,210000,34739022,0.34739022,7295194620000,72951.94620000,15975639285060000,159756392.85060000,false,idealized 113/114 comparator
S4,S4,Idealized 113/114 cap-derived geometric schedule,69720000,69930000,210000,34434293,0.34434293,7231201530000,72312.01530000,15982870486590000,159828704.86590000,false,idealized 113/114 comparator
S4,S4,Idealized 113/114 cap-derived geometric schedule,69930000,70140000,210000,34132237,0.34132237,7167769770000,71677.69770000,15990038256360000,159900382.56360000,false,idealized 113/114 comparator
S4,S4,Idealized 113/114 cap-derived geometric schedule,70140000,70350000,210000,33832831,0.33832831,7104894510000,71048.94510000,15997143150870000,159971431.50870000,false,idealized 113/114 comparator
S4,S4,Idealized 113/114 cap-derived geometric schedule,70350000,70560000,210000,33536051,0.33536051,7042570710000,70425.70710000,16004185721580000,160041857.21580000,false,idealized 113/114 comparator
S4,S4,Idealized 113/114 cap-derived geometric schedule,70560000,70770000,210000,33241875,0.33241875,6980793750000,69807.93750000,16011166515330000,160111665.15330000,false,idealized 113/114 comparator
S4,S4,Idealized 113/114 cap-derived geometric schedule,70770000,70980000,210000,32950279,0.32950279,6919558590000,69195.58590000,16018086073920000,160180860.73920000,false,idealized 113/114 comparator
S4,S4,Idealized 113/114 cap-derived geometric schedule,70980000,71190000,210000,32661241,0.32661241,6858860610000,68588.60610000,16024944934530000,160249449.34530000,false,idealized 113/114 comparator
S4,S4,Idealized 113/114 cap-derived geometric schedule,71190000,71400000,210000,32374738,0.32374738,6798694980000,67986.94980000,16031743629510000,160317436.29510000,false,idealized 113/114 comparator
S4,S4,Idealized 113/114 cap-derived geometric schedule,71400000,71610000,210000,32090749,0.32090749,6739057290000,67390.57290000,16038482686800000,160384826.86800000,false,idealized 113/114 comparator
S4,S4,Idealized 113/114 cap-derived geometric schedule,71610000,71820000,210000,31809251,0.31809251,6679942710000,66799.42710000,16045162629510000,160451626.29510000,false,idealized 113/114 comparator
S4,S4,Idealized 113/114 cap-derived geometric schedule,71820000,72030000,210000,31530222,0.31530222,6621346620000,66213.46620000,16051783976130000,160517839.76130000,false,idealized 113/114 comparator
S4,S4,Idealized 113/114 cap-derived geometric schedule,72030000,72240000,210000,31253641,0.31253641,6563264610000,65632.64610000,16058347240740000,160583472.40740000,false,idealized 113/114 comparator
S4,S4,Idealized 113/114 cap-derived geometric schedule,72240000,72450000,210000,30979486,0.30979486,6505692060000,65056.92060000,16064852932800000,160648529.32800000,false,idealized 113/114 comparator
S4,S4,Idealized 113/114 cap-derived geometric schedule,72450000,72660000,210000,30707736,0.30707736,6448624560000,64486.24560000,16071301557360000,160713015.57360000,false,idealized 113/114 comparator
S4,S4,Idealized 113/114 cap-derived geometric schedule,72660000,72870000,210000,30438369,0.30438369,6392057490000,63920.57490000,16077693614850000,160776936.14850000,false,idealized 113/114 comparator
S4,S4,Idealized 113/114 cap-derived geometric schedule,72870000,73080000,210000,30171365,0.30171365,6335986650000,63359.86650000,16084029601500000,160840296.01500000,false,idealized 113/114 comparator
S4,S4,Idealized 113/114 cap-derived geometric schedule,73080000,73290000,210000,29906703,0.29906703,6280407630000,62804.07630000,16090310009130000,160903100.09130000,false,idealized 113/114 comparator
S4,S4,Idealized 113/114 cap-derived geometric schedule,73290000,73500000,210000,29644363,0.29644363,6225316230000,62253.16230000,16096535325360000,160965353.25360000,false,idealized 113/114 comparator
S4,S4,Idealized 113/114 cap-derived geometric schedule,73500000,73710000,210000,29384324,0.29384324,6170708040000,61707.08040000,16102706033400000,161027060.33400000,false,idealized 113/114 comparator
S4,S4,Idealized 113/114 cap-derived geometric schedule,73710000,73920000,210000,29126566,0.29126566,6116578860000,61165.78860000,16108822612260000,161088226.12260000,false,idealized 113/114 comparator
S4,S4,Idealized 113/114 cap-derived geometric schedule,73920000,74130000,210000,28871069,0.28871069,6062924490000,60629.24490000,16114885536750000,161148855.36750000,false,idealized 113/114 comparator
S4,S4,Idealized 113/114 cap-derived geometric schedule,74130000,74340000,210000,28617814,0.28617814,6009740940000,60097.40940000,16120895277690000,161208952.77690000,false,idealized 113/114 comparator
S4,S4,Idealized 113/114 cap-derived geometric schedule,74340000,74550000,210000,28366780,0.28366780,5957023800000,59570.23800000,16126852301490000,161268523.01490000,false,idealized 113/114 comparator
S4,S4,Idealized 113/114 cap-derived geometric schedule,74550000,74760000,210000,28117948,0.28117948,5904769080000,59047.69080000,16132757070570000,161327570.70570000,false,idealized 113/114 comparator
S4,S4,Idealized 113/114 cap-derived geometric schedule,74760000,74970000,210000,27871299,0.27871299,5852972790000,58529.72790000,16138610043360000,161386100.43360000,false,idealized 113/114 comparator
S4,S4,Idealized 113/114 cap-derived geometric schedule,74970000,75180000,210000,27626813,0.27626813,5801630730000,58016.30730000,16144411674090000,161444116.74090000,false,idealized 113/114 comparator
S4,S4,Idealized 113/114 cap-derived geometric schedule,75180000,75390000,210000,27384472,0.27384472,5750739120000,57507.39120000,16150162413210000,161501624.13210000,false,idealized 113/114 comparator
S4,S4,Idealized 113/114 cap-derived geometric schedule,75390000,75600000,210000,27144257,0.27144257,5700293970000,57002.93970000,16155862707180000,161558627.07180000,false,idealized 113/114 comparator
S4,S4,Idealized 113/114 cap-derived geometric schedule,75600000,75810000,210000,26906149,0.26906149,5650291290000,56502.91290000,16161512998470000,161615129.98470000,false,idealized 113/114 comparator
S4,S4,Idealized 113/114 cap-derived geometric schedule,75810000,76020000,210000,26670130,0.26670130,5600727300000,56007.27300000,16167113725770000,161671137.25770000,false,idealized 113/114 comparator
S4,S4,Idealized 113/114 cap-derived geometric schedule,76020000,76230000,210000,26436181,0.26436181,5551598010000,55515.98010000,16172665323780000,161726653.23780000,false,idealized 113/114 comparator
S4,S4,Idealized 113/114 cap-derived geometric schedule,76230000,76440000,210000,26204284,0.26204284,5502899640000,55028.99640000,16178168223420000,161781682.23420000,false,idealized 113/114 comparator
S4,S4,Idealized 113/114 cap-derived geometric schedule,76440000,76650000,210000,25974421,0.25974421,5454628410000,54546.28410000,16183622851830000,161836228.51830000,false,idealized 113/114 comparator
S4,S4,Idealized 113/114 cap-derived geometric schedule,76650000,76860000,210000,25746575,0.25746575,5406780750000,54067.80750000,16189029632580000,161890296.32580000,false,idealized 113/114 comparator
S4,S4,Idealized 113/114 cap-derived geometric schedule,76860000,77070000,210000,25520727,0.25520727,5359352670000,53593.52670000,16194388985250000,161943889.85250000,false,idealized 113/114 comparator
S4,S4,Idealized 113/114 cap-derived geometric schedule,77070000,77280000,210000,25296860,0.25296860,5312340600000,53123.40600000,16199701325850000,161997013.25850000,false,idealized 113/114 comparator
S4,S4,Idealized 113/114 cap-derived geometric schedule,77280000,77490000,210000,25074957,0.25074957,5265740970000,52657.40970000,16204967066820000,162049670.66820000,false,idealized 113/114 comparator
S4,S4,Idealized 113/114 cap-derived geometric schedule,77490000,77700000,210000,24855001,0.24855001,5219550210000,52195.50210000,16210186617030000,162101866.17030000,false,idealized 113/114 comparator
S4,S4,Idealized 113/114 cap-derived geometric schedule,77700000,77910000,210000,24636974,0.24636974,5173764540000,51737.64540000,16215360381570000,162153603.81570000,false,idealized 113/114 comparator
S4,S4,Idealized 113/114 cap-derived geometric schedule,77910000,78120000,210000,24420860,0.24420860,5128380600000,51283.80600000,16220488762170000,162204887.62170000,false,idealized 113/114 comparator
S4,S4,Idealized 113/114 cap-derived geometric schedule,78120000,78330000,210000,24206641,0.24206641,5083394610000,50833.94610000,16225572156780000,162255721.56780000,false,idealized 113/114 comparator
S4,S4,Idealized 113/114 cap-derived geometric schedule,78330000,78540000,210000,23994302,0.23994302,5038803420000,50388.03420000,16230610960200000,162306109.60200000,false,idealized 113/114 comparator
S4,S4,Idealized 113/114 cap-derived geometric schedule,78540000,78750000,210000,23783825,0.23783825,4994603250000,49946.03250000,16235605563450000,162356055.63450000,false,idealized 113/114 comparator
S4,S4,Idealized 113/114 cap-derived geometric schedule,78750000,78960000,210000,23575194,0.23575194,4950790740000,49507.90740000,16240556354190000,162405563.54190000,false,idealized 113/114 comparator
S4,S4,Idealized 113/114 cap-derived geometric schedule,78960000,79170000,210000,23368394,0.23368394,4907362740000,49073.62740000,16245463716930000,162454637.16930000,false,idealized 113/114 comparator
S4,S4,Idealized 113/114 cap-derived geometric schedule,79170000,79380000,210000,23163408,0.23163408,4864315680000,48643.15680000,16250328032610000,162503280.32610000,false,idealized 113/114 comparator
S4,S4,Idealized 113/114 cap-derived geometric schedule,79380000,79590000,210000,22960220,0.22960220,4821646200000,48216.46200000,16255149678810000,162551496.78810000,false,idealized 113/114 comparator
S4,S4,Idealized 113/114 cap-derived geometric schedule,79590000,79800000,210000,22758814,0.22758814,4779350940000,47793.50940000,16259929029750000,162599290.29750000,false,idealized 113/114 comparator
S4,S4,Idealized 113/114 cap-derived geometric schedule,79800000,80010000,210000,22559175,0.22559175,4737426750000,47374.26750000,16264666456500000,162646664.56500000,false,idealized 113/114 comparator
S4,S4,Idealized 113/114 cap-derived geometric schedule,80010000,80220000,210000,22361287,0.22361287,4695870270000,46958.70270000,16269362326770000,162693623.26770000,false,idealized 113/114 comparator
S4,S4,Idealized 113/114 cap-derived geometric schedule,80220000,80430000,210000,22165135,0.22165135,4654678350000,46546.78350000,16274017005120000,162740170.05120000,false,idealized 113/114 comparator
S4,S4,Idealized 113/114 cap-derived geometric schedule,80430000,80640000,210000,21970703,0.21970703,4613847630000,46138.47630000,16278630852750000,162786308.52750000,false,idealized 113/114 comparator
S4,S4,Idealized 113/114 cap-derived geometric schedule,80640000,80850000,210000,21777977,0.21777977,4573375170000,45733.75170000,16283204227920000,162832042.27920000,false,idealized 113/114 comparator
S4,S4,Idealized 113/114 cap-derived geometric schedule,80850000,81060000,210000,21586942,0.21586942,4533257820000,45332.57820000,16287737485740000,162877374.85740000,false,idealized 113/114 comparator
S4,S4,Idealized 113/114 cap-derived geometric schedule,81060000,81270000,210000,21397582,0.21397582,4493492220000,44934.92220000,16292230977960000,162922309.77960000,false,idealized 113/114 comparator
S4,S4,Idealized 113/114 cap-derived geometric schedule,81270000,81480000,210000,21209883,0.21209883,4454075430000,44540.75430000,16296685053390000,162966850.53390000,false,idealized 113/114 comparator
S4,S4,Idealized 113/114 cap-derived geometric schedule,81480000,81690000,210000,21023831,0.21023831,4415004510000,44150.04510000,16301100057900000,163011000.57900000,false,idealized 113/114 comparator
S4,S4,Idealized 113/114 cap-derived geometric schedule,81690000,81900000,210000,20839411,0.20839411,4376276310000,43762.76310000,16305476334210000,163054763.34210000,false,idealized 113/114 comparator
S4,S4,Idealized 113/114 cap-derived geometric schedule,81900000,82110000,210000,20656609,0.20656609,4337887890000,43378.87890000,16309814222100000,163098142.22100000,false,idealized 113/114 comparator
S4,S4,Idealized 113/114 cap-derived geometric schedule,82110000,82320000,210000,20475410,0.20475410,4299836100000,42998.36100000,16314114058200000,163141140.58200000,false,idealized 113/114 comparator
S4,S4,Idealized 113/114 cap-derived geometric schedule,82320000,82530000,210000,20295801,0.20295801,4262118210000,42621.18210000,16318376176410000,163183761.76410000,false,idealized 113/114 comparator
S4,S4,Idealized 113/114 cap-derived geometric schedule,82530000,82740000,210000,20117767,0.20117767,4224731070000,42247.31070000,16322600907480000,163226009.07480000,false,idealized 113/114 comparator
S4,S4,Idealized 113/114 cap-derived geometric schedule,82740000,82950000,210000,19941295,0.19941295,4187671950000,41876.71950000,16326788579430000,163267885.79430000,false,idealized 113/114 comparator
S4,S4,Idealized 113/114 cap-derived geometric schedule,82950000,83160000,210000,19766371,0.19766371,4150937910000,41509.37910000,16330939517340000,163309395.17340000,false,idealized 113/114 comparator
S4,S4,Idealized 113/114 cap-derived geometric schedule,83160000,83370000,210000,19592981,0.19592981,4114526010000,41145.26010000,16335054043350000,163350540.43350000,false,idealized 113/114 comparator
S4,S4,Idealized 113/114 cap-derived geometric schedule,83370000,83580000,210000,19421112,0.19421112,4078433520000,40784.33520000,16339132476870000,163391324.76870000,false,idealized 113/114 comparator
S4,S4,Idealized 113/114 cap-derived geometric schedule,83580000,83790000,210000,19250751,0.19250751,4042657710000,40426.57710000,16343175134580000,163431751.34580000,false,idealized 113/114 comparator
S4,S4,Idealized 113/114 cap-derived geometric schedule,83790000,84000000,210000,19081884,0.19081884,4007195640000,40071.95640000,16347182330220000,163471823.30220000,false,idealized 113/114 comparator
S4,S4,Idealized 113/114 cap-derived geometric schedule,84000000,84210000,210000,18914499,0.18914499,3972044790000,39720.44790000,16351154375010000,163511543.75010000,false,idealized 113/114 comparator
S4,S4,Idealized 113/114 cap-derived geometric schedule,84210000,84420000,210000,18748582,0.18748582,3937202220000,39372.02220000,16355091577230000,163550915.77230000,false,idealized 113/114 comparator
S4,S4,Idealized 113/114 cap-derived geometric schedule,84420000,84630000,210000,18584120,0.18584120,3902665200000,39026.65200000,16358994242430000,163589942.42430000,false,idealized 113/114 comparator
S4,S4,Idealized 113/114 cap-derived geometric schedule,84630000,84840000,210000,18421101,0.18421101,3868431210000,38684.31210000,16362862673640000,163628626.73640000,false,idealized 113/114 comparator
S4,S4,Idealized 113/114 cap-derived geometric schedule,84840000,85050000,210000,18259512,0.18259512,3834497520000,38344.97520000,16366697171160000,163666971.71160000,false,idealized 113/114 comparator
S4,S4,Idealized 113/114 cap-derived geometric schedule,85050000,85260000,210000,18099340,0.18099340,3800861400000,38008.61400000,16370498032560000,163704980.32560000,false,idealized 113/114 comparator
S4,S4,Idealized 113/114 cap-derived geometric schedule,85260000,85470000,210000,17940573,0.17940573,3767520330000,37675.20330000,16374265552890000,163742655.52890000,false,idealized 113/114 comparator
S4,S4,Idealized 113/114 cap-derived geometric schedule,85470000,85680000,210000,17783199,0.17783199,3734471790000,37344.71790000,16378000024680000,163780000.24680000,false,idealized 113/114 comparator
S4,S4,Idealized 113/114 cap-derived geometric schedule,85680000,85890000,210000,17627206,0.17627206,3701713260000,37017.13260000,16381701737940000,163817017.37940000,false,idealized 113/114 comparator
S4,S4,Idealized 113/114 cap-derived geometric schedule,85890000,86100000,210000,17472581,0.17472581,3669242010000,36692.42010000,16385370979950000,163853709.79950000,false,idealized 113/114 comparator
S4,S4,Idealized 113/114 cap-derived geometric schedule,86100000,86310000,210000,17319312,0.17319312,3637055520000,36370.55520000,16389008035470000,163890080.35470000,false,idealized 113/114 comparator
S4,S4,Idealized 113/114 cap-derived geometric schedule,86310000,86520000,210000,17167388,0.17167388,3605151480000,36051.51480000,16392613186950000,163926131.86950000,false,idealized 113/114 comparator
S4,S4,Idealized 113/114 cap-derived geometric schedule,86520000,86730000,210000,17016796,0.17016796,3573527160000,35735.27160000,16396186714110000,163961867.14110000,false,idealized 113/114 comparator
S4,S4,Idealized 113/114 cap-derived geometric schedule,86730000,86940000,210000,16867525,0.16867525,3542180250000,35421.80250000,16399728894360000,163997288.94360000,false,idealized 113/114 comparator
S4,S4,Idealized 113/114 cap-derived geometric schedule,86940000,87150000,210000,16719564,0.16719564,3511108440000,35111.08440000,16403240002800000,164032400.02800000,false,idealized 113/114 comparator
S4,S4,Idealized 113/114 cap-derived geometric schedule,87150000,87360000,210000,16572901,0.16572901,3480309210000,34803.09210000,16406720312010000,164067203.12010000,false,idealized 113/114 comparator
S4,S4,Idealized 113/114 cap-derived geometric schedule,87360000,87570000,210000,16427524,0.16427524,3449780040000,34497.80040000,16410170092050000,164101700.92050000,false,idealized 113/114 comparator
S4,S4,Idealized 113/114 cap-derived geometric schedule,87570000,87780000,210000,16283422,0.16283422,3419518620000,34195.18620000,16413589610670000,164135896.10670000,false,idealized 113/114 comparator
S4,S4,Idealized 113/114 cap-derived geometric schedule,87780000,87990000,210000,16140584,0.16140584,3389522640000,33895.22640000,16416979133310000,164169791.33310000,false,idealized 113/114 comparator
S4,S4,Idealized 113/114 cap-derived geometric schedule,87990000,88200000,210000,15998999,0.15998999,3359789790000,33597.89790000,16420338923100000,164203389.23100000,false,idealized 113/114 comparator
S4,S4,Idealized 113/114 cap-derived geometric schedule,88200000,88410000,210000,15858656,0.15858656,3330317760000,33303.17760000,16423669240860000,164236692.40860000,false,idealized 113/114 comparator
S4,S4,Idealized 113/114 cap-derived geometric schedule,88410000,88620000,210000,15719544,0.15719544,3301104240000,33011.04240000,16426970345100000,164269703.45100000,false,idealized 113/114 comparator
S4,S4,Idealized 113/114 cap-derived geometric schedule,88620000,88830000,210000,15581653,0.15581653,3272147130000,32721.47130000,16430242492230000,164302424.92230000,false,idealized 113/114 comparator
S4,S4,Idealized 113/114 cap-derived geometric schedule,88830000,89040000,210000,15444971,0.15444971,3243443910000,32434.43910000,16433485936140000,164334859.36140000,false,idealized 113/114 comparator
S4,S4,Idealized 113/114 cap-derived geometric schedule,89040000,89250000,210000,15309488,0.15309488,3214992480000,32149.92480000,16436700928620000,164367009.28620000,false,idealized 113/114 comparator
S4,S4,Idealized 113/114 cap-derived geometric schedule,89250000,89460000,210000,15175194,0.15175194,3186790740000,31867.90740000,16439887719360000,164398877.19360000,false,idealized 113/114 comparator
S4,S4,Idealized 113/114 cap-derived geometric schedule,89460000,89670000,210000,15042078,0.15042078,3158836380000,31588.36380000,16443046555740000,164430465.55740000,false,idealized 113/114 comparator
S4,S4,Idealized 113/114 cap-derived geometric schedule,89670000,89880000,210000,14910129,0.14910129,3131127090000,31311.27090000,16446177682830000,164461776.82830000,false,idealized 113/114 comparator
S4,S4,Idealized 113/114 cap-derived geometric schedule,89880000,90090000,210000,14779338,0.14779338,3103660980000,31036.60980000,16449281343810000,164492813.43810000,false,idealized 113/114 comparator
S4,S4,Idealized 113/114 cap-derived geometric schedule,90090000,90300000,210000,14649694,0.14649694,3076435740000,30764.35740000,16452357779550000,164523577.79550000,false,idealized 113/114 comparator
S4,S4,Idealized 113/114 cap-derived geometric schedule,90300000,90510000,210000,14521187,0.14521187,3049449270000,30494.49270000,16455407228820000,164554072.28820000,false,idealized 113/114 comparator
S4,S4,Idealized 113/114 cap-derived geometric schedule,90510000,90720000,210000,14393808,0.14393808,3022699680000,30226.99680000,16458429928500000,164584299.28500000,false,idealized 113/114 comparator
S4,S4,Idealized 113/114 cap-derived geometric schedule,90720000,90930000,210000,14267546,0.14267546,2996184660000,29961.84660000,16461426113160000,164614261.13160000,false,idealized 113/114 comparator
S4,S4,Idealized 113/114 cap-derived geometric schedule,90930000,91140000,210000,14142392,0.14142392,2969902320000,29699.02320000,16464396015480000,164643960.15480000,false,idealized 113/114 comparator
S4,S4,Idealized 113/114 cap-derived geometric schedule,91140000,91350000,210000,14018335,0.14018335,2943850350000,29438.50350000,16467339865830000,164673398.65830000,false,idealized 113/114 comparator
S4,S4,Idealized 113/114 cap-derived geometric schedule,91350000,91560000,210000,13895367,0.13895367,2918027070000,29180.27070000,16470257892900000,164702578.92900000,false,idealized 113/114 comparator
S4,S4,Idealized 113/114 cap-derived geometric schedule,91560000,91770000,210000,13773477,0.13773477,2892430170000,28924.30170000,16473150323070000,164731503.23070000,false,idealized 113/114 comparator
S4,S4,Idealized 113/114 cap-derived geometric schedule,91770000,91980000,210000,13652657,0.13652657,2867057970000,28670.57970000,16476017381040000,164760173.81040000,false,idealized 113/114 comparator
S4,S4,Idealized 113/114 cap-derived geometric schedule,91980000,92190000,210000,13532896,0.13532896,2841908160000,28419.08160000,16478859289200000,164788592.89200000,false,idealized 113/114 comparator
S4,S4,Idealized 113/114 cap-derived geometric schedule,92190000,92400000,210000,13414186,0.13414186,2816979060000,28169.79060000,16481676268260000,164816762.68260000,false,idealized 113/114 comparator
S4,S4,Idealized 113/114 cap-derived geometric schedule,92400000,92610000,210000,13296517,0.13296517,2792268570000,27922.68570000,16484468536830000,164844685.36830000,false,idealized 113/114 comparator
S4,S4,Idealized 113/114 cap-derived geometric schedule,92610000,92820000,210000,13179880,0.13179880,2767774800000,27677.74800000,16487236311630000,164872363.11630000,false,idealized 113/114 comparator
S4,S4,Idealized 113/114 cap-derived geometric schedule,92820000,93030000,210000,13064267,0.13064267,2743496070000,27434.96070000,16489979807700000,164899798.07700000,false,idealized 113/114 comparator
S4,S4,Idealized 113/114 cap-derived geometric schedule,93030000,93240000,210000,12949668,0.12949668,2719430280000,27194.30280000,16492699237980000,164926992.37980000,false,idealized 113/114 comparator
S4,S4,Idealized 113/114 cap-derived geometric schedule,93240000,93450000,210000,12836074,0.12836074,2695575540000,26955.75540000,16495394813520000,164953948.13520000,false,idealized 113/114 comparator
S4,S4,Idealized 113/114 cap-derived geometric schedule,93450000,93660000,210000,12723476,0.12723476,2671929960000,26719.29960000,16498066743480000,164980667.43480000,false,idealized 113/114 comparator
S4,S4,Idealized 113/114 cap-derived geometric schedule,93660000,93870000,210000,12611866,0.12611866,2648491860000,26484.91860000,16500715235340000,165007152.35340000,false,idealized 113/114 comparator
S4,S4,Idealized 113/114 cap-derived geometric schedule,93870000,94080000,210000,12501235,0.12501235,2625259350000,26252.59350000,16503340494690000,165033404.94690000,false,idealized 113/114 comparator
S4,S4,Idealized 113/114 cap-derived geometric schedule,94080000,94290000,210000,12391575,0.12391575,2602230750000,26022.30750000,16505942725440000,165059427.25440000,false,idealized 113/114 comparator
S4,S4,Idealized 113/114 cap-derived geometric schedule,94290000,94500000,210000,12282876,0.12282876,2579403960000,25794.03960000,16508522129400000,165085221.29400000,false,idealized 113/114 comparator
S4,S4,Idealized 113/114 cap-derived geometric schedule,94500000,94710000,210000,12175131,0.12175131,2556777510000,25567.77510000,16511078906910000,165110789.06910000,false,idealized 113/114 comparator
S4,S4,Idealized 113/114 cap-derived geometric schedule,94710000,94920000,210000,12068331,0.12068331,2534349510000,25343.49510000,16513613256420000,165136132.56420000,false,idealized 113/114 comparator
S4,S4,Idealized 113/114 cap-derived geometric schedule,94920000,95130000,210000,11962468,0.11962468,2512118280000,25121.18280000,16516125374700000,165161253.74700000,false,idealized 113/114 comparator
S4,S4,Idealized 113/114 cap-derived geometric schedule,95130000,95340000,210000,11857534,0.11857534,2490082140000,24900.82140000,16518615456840000,165186154.56840000,false,idealized 113/114 comparator
S4,S4,Idealized 113/114 cap-derived geometric schedule,95340000,95550000,210000,11753520,0.11753520,2468239200000,24682.39200000,16521083696040000,165210836.96040000,false,idealized 113/114 comparator
S4,S4,Idealized 113/114 cap-derived geometric schedule,95550000,95760000,210000,11650418,0.11650418,2446587780000,24465.87780000,16523530283820000,165235302.83820000,false,idealized 113/114 comparator
S4,S4,Idealized 113/114 cap-derived geometric schedule,95760000,95970000,210000,11548221,0.11548221,2425126410000,24251.26410000,16525955410230000,165259554.10230000,false,idealized 113/114 comparator
S4,S4,Idealized 113/114 cap-derived geometric schedule,95970000,96180000,210000,11446920,0.11446920,2403853200000,24038.53200000,16528359263430000,165283592.63430000,false,idealized 113/114 comparator
S4,S4,Idealized 113/114 cap-derived geometric schedule,96180000,96390000,210000,11346508,0.11346508,2382766680000,23827.66680000,16530742030110000,165307420.30110000,false,idealized 113/114 comparator
S4,S4,Idealized 113/114 cap-derived geometric schedule,96390000,96600000,210000,11246977,0.11246977,2361865170000,23618.65170000,16533103895280000,165331038.95280000,false,idealized 113/114 comparator
S4,S4,Idealized 113/114 cap-derived geometric schedule,96600000,96810000,210000,11148319,0.11148319,2341146990000,23411.46990000,16535445042270000,165354450.42270000,false,idealized 113/114 comparator
S4,S4,Idealized 113/114 cap-derived geometric schedule,96810000,97020000,210000,11050526,0.11050526,2320610460000,23206.10460000,16537765652730000,165377656.52730000,false,idealized 113/114 comparator
S4,S4,Idealized 113/114 cap-derived geometric schedule,97020000,97230000,210000,10953591,0.10953591,2300254110000,23002.54110000,16540065906840000,165400659.06840000,false,idealized 113/114 comparator
S4,S4,Idealized 113/114 cap-derived geometric schedule,97230000,97440000,210000,10857506,0.10857506,2280076260000,22800.76260000,16542345983100000,165423459.83100000,false,idealized 113/114 comparator
S4,S4,Idealized 113/114 cap-derived geometric schedule,97440000,97650000,210000,10762264,0.10762264,2260075440000,22600.75440000,16544606058540000,165446060.58540000,false,idealized 113/114 comparator
S4,S4,Idealized 113/114 cap-derived geometric schedule,97650000,97860000,210000,10667858,0.10667858,2240250180000,22402.50180000,16546846308720000,165468463.08720000,false,idealized 113/114 comparator
S4,S4,Idealized 113/114 cap-derived geometric schedule,97860000,98070000,210000,10574280,0.10574280,2220598800000,22205.98800000,16549066907520000,165490669.07520000,false,idealized 113/114 comparator
S4,S4,Idealized 113/114 cap-derived geometric schedule,98070000,98280000,210000,10481523,0.10481523,2201119830000,22011.19830000,16551268027350000,165512680.27350000,false,idealized 113/114 comparator
S4,S4,Idealized 113/114 cap-derived geometric schedule,98280000,98490000,210000,10389579,0.10389579,2181811590000,21818.11590000,16553449838940000,165534498.38940000,false,idealized 113/114 comparator
S4,S4,Idealized 113/114 cap-derived geometric schedule,98490000,98700000,210000,10298442,0.10298442,2162672820000,21626.72820000,16555612511760000,165556125.11760000,false,idealized 113/114 comparator
S4,S4,Idealized 113/114 cap-derived geometric schedule,98700000,98910000,210000,10208104,0.10208104,2143701840000,21437.01840000,16557756213600000,165577562.13600000,false,idealized 113/114 comparator
S4,S4,Idealized 113/114 cap-derived geometric schedule,98910000,99120000,210000,10118559,0.10118559,2124897390000,21248.97390000,16559881110990000,165598811.10990000,false,idealized 113/114 comparator
S4,S4,Idealized 113/114 cap-derived geometric schedule,99120000,99330000,210000,10029799,0.10029799,2106257790000,21062.57790000,16561987368780000,165619873.68780000,false,idealized 113/114 comparator
S4,S4,Idealized 113/114 cap-derived geometric schedule,99330000,99540000,210000,9941818,0.09941818,2087781780000,20877.81780000,16564075150560000,165640751.50560000,false,idealized 113/114 comparator
S4,S4,Idealized 113/114 cap-derived geometric schedule,99540000,99750000,210000,9854609,0.09854609,2069467890000,20694.67890000,16566144618450000,165661446.18450000,false,idealized 113/114 comparator
S4,S4,Idealized 113/114 cap-derived geometric schedule,99750000,99960000,210000,9768165,0.09768165,2051314650000,20513.14650000,16568195933100000,165681959.33100000,false,idealized 113/114 comparator
S4,S4,Idealized 113/114 cap-derived geometric schedule,99960000,100170000,210000,9682479,0.09682479,2033320590000,20333.20590000,16570229253690000,165702292.53690000,false,idealized 113/114 comparator
S4,S4,Idealized 113/114 cap-derived geometric schedule,100170000,100380000,210000,9597544,0.09597544,2015484240000,20154.84240000,16572244737930000,165722447.37930000,false,idealized 113/114 comparator
S4,S4,Idealized 113/114 cap-derived geometric schedule,100380000,100590000,210000,9513355,0.09513355,1997804550000,19978.04550000,16574242542480000,165742425.42480000,false,idealized 113/114 comparator
S4,S4,Idealized 113/114 cap-derived geometric schedule,100590000,100800000,210000,9429904,0.09429904,1980279840000,19802.79840000,16576222822320000,165762228.22320000,false,idealized 113/114 comparator
S4,S4,Idealized 113/114 cap-derived geometric schedule,100800000,101010000,210000,9347185,0.09347185,1962908850000,19629.08850000,16578185731170000,165781857.31170000,false,idealized 113/114 comparator
S4,S4,Idealized 113/114 cap-derived geometric schedule,101010000,101220000,210000,9265192,0.09265192,1945690320000,19456.90320000,16580131421490000,165801314.21490000,false,idealized 113/114 comparator
S4,S4,Idealized 113/114 cap-derived geometric schedule,101220000,101430000,210000,9183918,0.09183918,1928622780000,19286.22780000,16582060044270000,165820600.44270000,false,idealized 113/114 comparator
S4,S4,Idealized 113/114 cap-derived geometric schedule,101430000,101640000,210000,9103357,0.09103357,1911704970000,19117.04970000,16583971749240000,165839717.49240000,false,idealized 113/114 comparator
S4,S4,Idealized 113/114 cap-derived geometric schedule,101640000,101850000,210000,9023502,0.09023502,1894935420000,18949.35420000,16585866684660000,165858666.84660000,false,idealized 113/114 comparator
S4,S4,Idealized 113/114 cap-derived geometric schedule,101850000,102060000,210000,8944348,0.08944348,1878313080000,18783.13080000,16587744997740000,165877449.97740000,false,idealized 113/114 comparator
S4,S4,Idealized 113/114 cap-derived geometric schedule,102060000,102270000,210000,8865888,0.08865888,1861836480000,18618.36480000,16589606834220000,165896068.34220000,false,idealized 113/114 comparator
S4,S4,Idealized 113/114 cap-derived geometric schedule,102270000,102480000,210000,8788117,0.08788117,1845504570000,18455.04570000,16591452338790000,165914523.38790000,false,idealized 113/114 comparator
S4,S4,Idealized 113/114 cap-derived geometric schedule,102480000,102690000,210000,8711028,0.08711028,1829315880000,18293.15880000,16593281654670000,165932816.54670000,false,idealized 113/114 comparator
S4,S4,Idealized 113/114 cap-derived geometric schedule,102690000,102900000,210000,8634615,0.08634615,1813269150000,18132.69150000,16595094923820000,165950949.23820000,false,idealized 113/114 comparator
S4,S4,Idealized 113/114 cap-derived geometric schedule,102900000,103110000,210000,8558872,0.08558872,1797363120000,17973.63120000,16596892286940000,165968922.86940000,false,idealized 113/114 comparator
S4,S4,Idealized 113/114 cap-derived geometric schedule,103110000,103320000,210000,8483794,0.08483794,1781596740000,17815.96740000,16598673883680000,165986738.83680000,false,idealized 113/114 comparator
S4,S4,Idealized 113/114 cap-derived geometric schedule,103320000,103530000,210000,8409374,0.08409374,1765968540000,17659.68540000,16600439852220000,166004398.52220000,false,idealized 113/114 comparator
S4,S4,Idealized 113/114 cap-derived geometric schedule,103530000,103740000,210000,8335607,0.08335607,1750477470000,17504.77470000,16602190329690000,166021903.29690000,false,idealized 113/114 comparator
S4,S4,Idealized 113/114 cap-derived geometric schedule,103740000,103950000,210000,8262487,0.08262487,1735122270000,17351.22270000,16603925451960000,166039254.51960000,false,idealized 113/114 comparator
S4,S4,Idealized 113/114 cap-derived geometric schedule,103950000,104160000,210000,8190009,0.08190009,1719901890000,17199.01890000,16605645353850000,166056453.53850000,false,idealized 113/114 comparator
S4,S4,Idealized 113/114 cap-derived geometric schedule,104160000,104370000,210000,8118166,0.08118166,1704814860000,17048.14860000,16607350168710000,166073501.68710000,false,idealized 113/114 comparator
S4,S4,Idealized 113/114 cap-derived geometric schedule,104370000,104580000,210000,8046954,0.08046954,1689860340000,16898.60340000,16609040029050000,166090400.29050000,false,idealized 113/114 comparator
S4,S4,Idealized 113/114 cap-derived geometric schedule,104580000,104790000,210000,7976366,0.07976366,1675036860000,16750.36860000,16610715065910000,166107150.65910000,false,idealized 113/114 comparator
S4,S4,Idealized 113/114 cap-derived geometric schedule,104790000,105000000,210000,7906397,0.07906397,1660343370000,16603.43370000,16612375409280000,166123754.09280000,false,idealized 113/114 comparator
S4,S4,Idealized 113/114 cap-derived geometric schedule,105000000,105210000,210000,7837042,0.07837042,1645778820000,16457.78820000,16614021188100000,166140211.88100000,false,idealized 113/114 comparator
S4,S4,Idealized 113/114 cap-derived geometric schedule,105210000,105420000,210000,7768296,0.07768296,1631342160000,16313.42160000,16615652530260000,166156525.30260000,false,idealized 113/114 comparator
S4,S4,Idealized 113/114 cap-derived geometric schedule,105420000,105630000,210000,7700153,0.07700153,1617032130000,16170.32130000,16617269562390000,166172695.62390000,false,idealized 113/114 comparator
S4,S4,Idealized 113/114 cap-derived geometric schedule,105630000,105840000,210000,7632607,0.07632607,1602847470000,16028.47470000,16618872409860000,166188724.09860000,false,idealized 113/114 comparator
S4,S4,Idealized 113/114 cap-derived geometric schedule,105840000,106050000,210000,7565654,0.07565654,1588787340000,15887.87340000,16620461197200000,166204611.97200000,false,idealized 113/114 comparator
S4,S4,Idealized 113/114 cap-derived geometric schedule,106050000,106260000,210000,7499288,0.07499288,1574850480000,15748.50480000,16622036047680000,166220360.47680000,false,idealized 113/114 comparator
S4,S4,Idealized 113/114 cap-derived geometric schedule,106260000,106470000,210000,7433504,0.07433504,1561035840000,15610.35840000,16623597083520000,166235970.83520000,false,idealized 113/114 comparator
S4,S4,Idealized 113/114 cap-derived geometric schedule,106470000,106680000,210000,7368297,0.07368297,1547342370000,15473.42370000,16625144425890000,166251444.25890000,false,idealized 113/114 comparator
S4,S4,Idealized 113/114 cap-derived geometric schedule,106680000,106890000,210000,7303662,0.07303662,1533769020000,15337.69020000,16626678194910000,166266781.94910000,false,idealized 113/114 comparator
S4,S4,Idealized 113/114 cap-derived geometric schedule,106890000,107100000,210000,7239594,0.07239594,1520314740000,15203.14740000,16628198509650000,166281985.09650000,false,idealized 113/114 comparator
S4,S4,Idealized 113/114 cap-derived geometric schedule,107100000,107310000,210000,7176088,0.07176088,1506978480000,15069.78480000,16629705488130000,166297054.88130000,false,idealized 113/114 comparator
S4,S4,Idealized 113/114 cap-derived geometric schedule,107310000,107520000,210000,7113139,0.07113139,1493759190000,14937.59190000,16631199247320000,166311992.47320000,false,idealized 113/114 comparator
S4,S4,Idealized 113/114 cap-derived geometric schedule,107520000,107730000,210000,7050743,0.07050743,1480656030000,14806.56030000,16632679903350000,166326799.03350000,false,idealized 113/114 comparator
S4,S4,Idealized 113/114 cap-derived geometric schedule,107730000,107940000,210000,6988894,0.06988894,1467667740000,14676.67740000,16634147571090000,166341475.71090000,false,idealized 113/114 comparator
S4,S4,Idealized 113/114 cap-derived geometric schedule,107940000,108150000,210000,6927587,0.06927587,1454793270000,14547.93270000,16635602364360000,166356023.64360000,false,idealized 113/114 comparator
S4,S4,Idealized 113/114 cap-derived geometric schedule,108150000,108360000,210000,6866818,0.06866818,1442031780000,14420.31780000,16637044396140000,166370443.96140000,false,idealized 113/114 comparator
S4,S4,Idealized 113/114 cap-derived geometric schedule,108360000,108570000,210000,6806582,0.06806582,1429382220000,14293.82220000,16638473778360000,166384737.78360000,false,idealized 113/114 comparator
S4,S4,Idealized 113/114 cap-derived geometric schedule,108570000,108780000,210000,6746875,0.06746875,1416843750000,14168.43750000,16639890622110000,166398906.22110000,false,idealized 113/114 comparator
S4,S4,Idealized 113/114 cap-derived geometric schedule,108780000,108990000,210000,6687691,0.06687691,1404415110000,14044.15110000,16641295037220000,166412950.37220000,false,idealized 113/114 comparator
S4,S4,Idealized 113/114 cap-derived geometric schedule,108990000,109200000,210000,6629027,0.06629027,1392095670000,13920.95670000,16642687132890000,166426871.32890000,false,idealized 113/114 comparator
S4,S4,Idealized 113/114 cap-derived geometric schedule,109200000,109410000,210000,6570877,0.06570877,1379884170000,13798.84170000,16644067017060000,166440670.17060000,false,idealized 113/114 comparator
S4,S4,Idealized 113/114 cap-derived geometric schedule,109410000,109620000,210000,6513237,0.06513237,1367779770000,13677.79770000,16645434796830000,166454347.96830000,false,idealized 113/114 comparator
S4,S4,Idealized 113/114 cap-derived geometric schedule,109620000,109830000,210000,6456103,0.06456103,1355781630000,13557.81630000,16646790578460000,166467905.78460000,false,idealized 113/114 comparator
S4,S4,Idealized 113/114 cap-derived geometric schedule,109830000,110040000,210000,6399470,0.06399470,1343888700000,13438.88700000,16648134467160000,166481344.67160000,false,idealized 113/114 comparator
S4,S4,Idealized 113/114 cap-derived geometric schedule,110040000,110250000,210000,6343334,0.06343334,1332100140000,13321.00140000,16649466567300000,166494665.67300000,false,idealized 113/114 comparator
S4,S4,Idealized 113/114 cap-derived geometric schedule,110250000,110460000,210000,6287690,0.06287690,1320414900000,13204.14900000,16650786982200000,166507869.82200000,false,idealized 113/114 comparator
S4,S4,Idealized 113/114 cap-derived geometric schedule,110460000,110670000,210000,6232534,0.06232534,1308832140000,13088.32140000,16652095814340000,166520958.14340000,false,idealized 113/114 comparator
S4,S4,Idealized 113/114 cap-derived geometric schedule,110670000,110880000,210000,6177862,0.06177862,1297351020000,12973.51020000,16653393165360000,166533931.65360000,false,idealized 113/114 comparator
S4,S4,Idealized 113/114 cap-derived geometric schedule,110880000,111090000,210000,6123670,0.06123670,1285970700000,12859.70700000,16654679136060000,166546791.36060000,false,idealized 113/114 comparator
S4,S4,Idealized 113/114 cap-derived geometric schedule,111090000,111300000,210000,6069953,0.06069953,1274690130000,12746.90130000,16655953826190000,166559538.26190000,false,idealized 113/114 comparator
S4,S4,Idealized 113/114 cap-derived geometric schedule,111300000,111510000,210000,6016707,0.06016707,1263508470000,12635.08470000,16657217334660000,166572173.34660000,false,idealized 113/114 comparator
S4,S4,Idealized 113/114 cap-derived geometric schedule,111510000,111720000,210000,5963928,0.05963928,1252424880000,12524.24880000,16658469759540000,166584697.59540000,false,idealized 113/114 comparator
S4,S4,Idealized 113/114 cap-derived geometric schedule,111720000,111930000,210000,5911612,0.05911612,1241438520000,12414.38520000,16659711198060000,166597111.98060000,false,idealized 113/114 comparator
S4,S4,Idealized 113/114 cap-derived geometric schedule,111930000,112140000,210000,5859755,0.05859755,1230548550000,12305.48550000,16660941746610000,166609417.46610000,false,idealized 113/114 comparator
S4,S4,Idealized 113/114 cap-derived geometric schedule,112140000,112350000,210000,5808353,0.05808353,1219754130000,12197.54130000,16662161500740000,166621615.00740000,false,idealized 113/114 comparator
S4,S4,Idealized 113/114 cap-derived geometric schedule,112350000,112560000,210000,5757402,0.05757402,1209054420000,12090.54420000,16663370555160000,166633705.55160000,false,idealized 113/114 comparator
S4,S4,Idealized 113/114 cap-derived geometric schedule,112560000,112770000,210000,5706898,0.05706898,1198448580000,11984.48580000,16664569003740000,166645690.03740000,false,idealized 113/114 comparator
S4,S4,Idealized 113/114 cap-derived geometric schedule,112770000,112980000,210000,5656837,0.05656837,1187935770000,11879.35770000,16665756939510000,166657569.39510000,false,idealized 113/114 comparator
S4,S4,Idealized 113/114 cap-derived geometric schedule,112980000,113190000,210000,5607215,0.05607215,1177515150000,11775.15150000,16666934454660000,166669344.54660000,false,idealized 113/114 comparator
S4,S4,Idealized 113/114 cap-derived geometric schedule,113190000,113400000,210000,5558028,0.05558028,1167185880000,11671.85880000,16668101640540000,166681016.40540000,false,idealized 113/114 comparator
S4,S4,Idealized 113/114 cap-derived geometric schedule,113400000,113610000,210000,5509273,0.05509273,1156947330000,11569.47330000,16669258587870000,166692585.87870000,false,idealized 113/114 comparator
S4,S4,Idealized 113/114 cap-derived geometric schedule,113610000,113820000,210000,5460946,0.05460946,1146798660000,11467.98660000,16670405386530000,166704053.86530000,false,idealized 113/114 comparator
S4,S4,Idealized 113/114 cap-derived geometric schedule,113820000,114030000,210000,5413042,0.05413042,1136738820000,11367.38820000,16671542125350000,166715421.25350000,false,idealized 113/114 comparator
S4,S4,Idealized 113/114 cap-derived geometric schedule,114030000,114240000,210000,5365559,0.05365559,1126767390000,11267.67390000,16672668892740000,166726688.92740000,false,idealized 113/114 comparator
S4,S4,Idealized 113/114 cap-derived geometric schedule,114240000,114450000,210000,5318492,0.05318492,1116883320000,11168.83320000,16673785776060000,166737857.76060000,false,idealized 113/114 comparator
S4,S4,Idealized 113/114 cap-derived geometric schedule,114450000,114660000,210000,5271838,0.05271838,1107085980000,11070.85980000,16674892862040000,166748928.62040000,false,idealized 113/114 comparator
S4,S4,Idealized 113/114 cap-derived geometric schedule,114660000,114870000,210000,5225593,0.05225593,1097374530000,10973.74530000,16675990236570000,166759902.36570000,false,idealized 113/114 comparator
S4,S4,Idealized 113/114 cap-derived geometric schedule,114870000,115080000,210000,5179754,0.05179754,1087748340000,10877.48340000,16677077984910000,166770779.84910000,false,idealized 113/114 comparator
S4,S4,Idealized 113/114 cap-derived geometric schedule,115080000,115290000,210000,5134317,0.05134317,1078206570000,10782.06570000,16678156191480000,166781561.91480000,false,idealized 113/114 comparator
S4,S4,Idealized 113/114 cap-derived geometric schedule,115290000,115500000,210000,5089279,0.05089279,1068748590000,10687.48590000,16679224940070000,166792249.40070000,false,idealized 113/114 comparator
S4,S4,Idealized 113/114 cap-derived geometric schedule,115500000,115710000,210000,5044636,0.05044636,1059373560000,10593.73560000,16680284313630000,166802843.13630000,false,idealized 113/114 comparator
S4,S4,Idealized 113/114 cap-derived geometric schedule,115710000,115920000,210000,5000384,0.05000384,1050080640000,10500.80640000,16681334394270000,166813343.94270000,false,idealized 113/114 comparator
S4,S4,Idealized 113/114 cap-derived geometric schedule,115920000,116130000,210000,4956520,0.04956520,1040869200000,10408.69200000,16682375263470000,166823752.63470000,false,idealized 113/114 comparator
S4,S4,Idealized 113/114 cap-derived geometric schedule,116130000,116340000,210000,4913041,0.04913041,1031738610000,10317.38610000,16683407002080000,166834070.02080000,false,idealized 113/114 comparator
S4,S4,Idealized 113/114 cap-derived geometric schedule,116340000,116550000,210000,4869944,0.04869944,1022688240000,10226.88240000,16684429690320000,166844296.90320000,false,idealized 113/114 comparator
S4,S4,Idealized 113/114 cap-derived geometric schedule,116550000,116760000,210000,4827225,0.04827225,1013717250000,10137.17250000,16685443407570000,166854434.07570000,false,idealized 113/114 comparator
S4,S4,Idealized 113/114 cap-derived geometric schedule,116760000,116970000,210000,4784880,0.04784880,1004824800000,10048.24800000,16686448232370000,166864482.32370000,false,idealized 113/114 comparator
S4,S4,Idealized 113/114 cap-derived geometric schedule,116970000,117180000,210000,4742907,0.04742907,996010470000,9960.10470000,16687444242840000,166874442.42840000,false,idealized 113/114 comparator
S4,S4,Idealized 113/114 cap-derived geometric schedule,117180000,117390000,210000,4701302,0.04701302,987273420000,9872.73420000,16688431516260000,166884315.16260000,false,idealized 113/114 comparator
S4,S4,Idealized 113/114 cap-derived geometric schedule,117390000,117600000,210000,4660062,0.04660062,978613020000,9786.13020000,16689410129280000,166894101.29280000,false,idealized 113/114 comparator
S4,S4,Idealized 113/114 cap-derived geometric schedule,117600000,117810000,210000,4619184,0.04619184,970028640000,9700.28640000,16690380157920000,166903801.57920000,false,idealized 113/114 comparator
S4,S4,Idealized 113/114 cap-derived geometric schedule,117810000,118020000,210000,4578664,0.04578664,961519440000,9615.19440000,16691341677360000,166913416.77360000,false,idealized 113/114 comparator
S4,S4,Idealized 113/114 cap-derived geometric schedule,118020000,118230000,210000,4538500,0.04538500,953085000000,9530.85000000,16692294762360000,166922947.62360000,false,idealized 113/114 comparator
S4,S4,Idealized 113/114 cap-derived geometric schedule,118230000,118440000,210000,4498688,0.04498688,944724480000,9447.24480000,16693239486840000,166932394.86840000,false,idealized 113/114 comparator
S4,S4,Idealized 113/114 cap-derived geometric schedule,118440000,118650000,210000,4459225,0.04459225,936437250000,9364.37250000,16694175924090000,166941759.24090000,false,idealized 113/114 comparator
S4,S4,Idealized 113/114 cap-derived geometric schedule,118650000,118860000,210000,4420108,0.04420108,928222680000,9282.22680000,16695104146770000,166951041.46770000,false,idealized 113/114 comparator
S4,S4,Idealized 113/114 cap-derived geometric schedule,118860000,119070000,210000,4381335,0.04381335,920080350000,9200.80350000,16696024227120000,166960242.27120000,false,idealized 113/114 comparator
S4,S4,Idealized 113/114 cap-derived geometric schedule,119070000,119280000,210000,4342902,0.04342902,912009420000,9120.09420000,16696936236540000,166969362.36540000,false,idealized 113/114 comparator
S4,S4,Idealized 113/114 cap-derived geometric schedule,119280000,119490000,210000,4304806,0.04304806,904009260000,9040.09260000,16697840245800000,166978402.45800000,false,idealized 113/114 comparator
S4,S4,Idealized 113/114 cap-derived geometric schedule,119490000,119700000,210000,4267044,0.04267044,896079240000,8960.79240000,16698736325040000,166987363.25040000,false,idealized 113/114 comparator
S4,S4,Idealized 113/114 cap-derived geometric schedule,119700000,119910000,210000,4229613,0.04229613,888218730000,8882.18730000,16699624543770000,166996245.43770000,false,idealized 113/114 comparator
S4,S4,Idealized 113/114 cap-derived geometric schedule,119910000,120120000,210000,4192511,0.04192511,880427310000,8804.27310000,16700504971080000,167005049.71080000,false,idealized 113/114 comparator
S4,S4,Idealized 113/114 cap-derived geometric schedule,120120000,120330000,210000,4155734,0.04155734,872704140000,8727.04140000,16701377675220000,167013776.75220000,false,idealized 113/114 comparator
S4,S4,Idealized 113/114 cap-derived geometric schedule,120330000,120540000,210000,4119280,0.04119280,865048800000,8650.48800000,16702242724020000,167022427.24020000,false,idealized 113/114 comparator
S4,S4,Idealized 113/114 cap-derived geometric schedule,120540000,120750000,210000,4083145,0.04083145,857460450000,8574.60450000,16703100184470000,167031001.84470000,false,idealized 113/114 comparator
S4,S4,Idealized 113/114 cap-derived geometric schedule,120750000,120960000,210000,4047327,0.04047327,849938670000,8499.38670000,16703950123140000,167039501.23140000,false,idealized 113/114 comparator
S4,S4,Idealized 113/114 cap-derived geometric schedule,120960000,121170000,210000,4011824,0.04011824,842483040000,8424.83040000,16704792606180000,167047926.06180000,false,idealized 113/114 comparator
S4,S4,Idealized 113/114 cap-derived geometric schedule,121170000,121380000,210000,3976632,0.03976632,835092720000,8350.92720000,16705627698900000,167056276.98900000,false,idealized 113/114 comparator
S4,S4,Idealized 113/114 cap-derived geometric schedule,121380000,121590000,210000,3941749,0.03941749,827767290000,8277.67290000,16706455466190000,167064554.66190000,false,idealized 113/114 comparator
S4,S4,Idealized 113/114 cap-derived geometric schedule,121590000,121800000,210000,3907172,0.03907172,820506120000,8205.06120000,16707275972310000,167072759.72310000,false,idealized 113/114 comparator
S4,S4,Idealized 113/114 cap-derived geometric schedule,121800000,122010000,210000,3872898,0.03872898,813308580000,8133.08580000,16708089280890000,167080892.80890000,false,idealized 113/114 comparator
S4,S4,Idealized 113/114 cap-derived geometric schedule,122010000,122220000,210000,3838925,0.03838925,806174250000,8061.74250000,16708895455140000,167088954.55140000,false,idealized 113/114 comparator
S4,S4,Idealized 113/114 cap-derived geometric schedule,122220000,122430000,210000,3805250,0.03805250,799102500000,7991.02500000,16709694557640000,167096945.57640000,false,idealized 113/114 comparator
S4,S4,Idealized 113/114 cap-derived geometric schedule,122430000,122640000,210000,3771870,0.03771870,792092700000,7920.92700000,16710486650340000,167104866.50340000,false,idealized 113/114 comparator
S4,S4,Idealized 113/114 cap-derived geometric schedule,122640000,122850000,210000,3738783,0.03738783,785144430000,7851.44430000,16711271794770000,167112717.94770000,false,idealized 113/114 comparator
S4,S4,Idealized 113/114 cap-derived geometric schedule,122850000,123060000,210000,3705986,0.03705986,778257060000,7782.57060000,16712050051830000,167120500.51830000,false,idealized 113/114 comparator
S4,S4,Idealized 113/114 cap-derived geometric schedule,123060000,123270000,210000,3673477,0.03673477,771430170000,7714.30170000,16712821482000000,167128214.82000000,false,idealized 113/114 comparator
S4,S4,Idealized 113/114 cap-derived geometric schedule,123270000,123480000,210000,3641253,0.03641253,764663130000,7646.63130000,16713586145130000,167135861.45130000,false,idealized 113/114 comparator
S4,S4,Idealized 113/114 cap-derived geometric schedule,123480000,123690000,210000,3609312,0.03609312,757955520000,7579.55520000,16714344100650000,167143441.00650000,false,idealized 113/114 comparator
S4,S4,Idealized 113/114 cap-derived geometric schedule,123690000,123900000,210000,3577651,0.03577651,751306710000,7513.06710000,16715095407360000,167150954.07360000,false,idealized 113/114 comparator
S4,S4,Idealized 113/114 cap-derived geometric schedule,123900000,124110000,210000,3546268,0.03546268,744716280000,7447.16280000,16715840123640000,167158401.23640000,false,idealized 113/114 comparator
S4,S4,Idealized 113/114 cap-derived geometric schedule,124110000,124320000,210000,3515160,0.03515160,738183600000,7381.83600000,16716578307240000,167165783.07240000,false,idealized 113/114 comparator
S4,S4,Idealized 113/114 cap-derived geometric schedule,124320000,124530000,210000,3484325,0.03484325,731708250000,7317.08250000,16717310015490000,167173100.15490000,false,idealized 113/114 comparator
S4,S4,Idealized 113/114 cap-derived geometric schedule,124530000,124740000,210000,3453760,0.03453760,725289600000,7252.89600000,16718035305090000,167180353.05090000,false,idealized 113/114 comparator
S4,S4,Idealized 113/114 cap-derived geometric schedule,124740000,124950000,210000,3423463,0.03423463,718927230000,7189.27230000,16718754232320000,167187542.32320000,false,idealized 113/114 comparator
S4,S4,Idealized 113/114 cap-derived geometric schedule,124950000,125160000,210000,3393432,0.03393432,712620720000,7126.20720000,16719466853040000,167194668.53040000,false,idealized 113/114 comparator
S4,S4,Idealized 113/114 cap-derived geometric schedule,125160000,125370000,210000,3363665,0.03363665,706369650000,7063.69650000,16720173222690000,167201732.22690000,false,idealized 113/114 comparator
S4,S4,Idealized 113/114 cap-derived geometric schedule,125370000,125580000,210000,3334159,0.03334159,700173390000,7001.73390000,16720873396080000,167208733.96080000,false,idealized 113/114 comparator
S4,S4,Idealized 113/114 cap-derived geometric schedule,125580000,125790000,210000,3304911,0.03304911,694031310000,6940.31310000,16721567427390000,167215674.27390000,false,idealized 113/114 comparator
S4,S4,Idealized 113/114 cap-derived geometric schedule,125790000,126000000,210000,3275920,0.03275920,687943200000,6879.43200000,16722255370590000,167222553.70590000,false,idealized 113/114 comparator
S4,S4,Idealized 113/114 cap-derived geometric schedule,126000000,126210000,210000,3247183,0.03247183,681908430000,6819.08430000,16722937279020000,167229372.79020000,false,idealized 113/114 comparator
S4,S4,Idealized 113/114 cap-derived geometric schedule,126210000,126420000,210000,3218698,0.03218698,675926580000,6759.26580000,16723613205600000,167236132.05600000,false,idealized 113/114 comparator
S4,S4,Idealized 113/114 cap-derived geometric schedule,126420000,126630000,210000,3190463,0.03190463,669997230000,6699.97230000,16724283202830000,167242832.02830000,false,idealized 113/114 comparator
S4,S4,Idealized 113/114 cap-derived geometric schedule,126630000,126840000,210000,3162476,0.03162476,664119960000,6641.19960000,16724947322790000,167249473.22790000,false,idealized 113/114 comparator
S4,S4,Idealized 113/114 cap-derived geometric schedule,126840000,127050000,210000,3134734,0.03134734,658294140000,6582.94140000,16725605616930000,167256056.16930000,false,idealized 113/114 comparator
S4,S4,Idealized 113/114 cap-derived geometric schedule,127050000,127260000,210000,3107236,0.03107236,652519560000,6525.19560000,16726258136490000,167262581.36490000,false,idealized 113/114 comparator
S4,S4,Idealized 113/114 cap-derived geometric schedule,127260000,127470000,210000,3079979,0.03079979,646795590000,6467.95590000,16726904932080000,167269049.32080000,false,idealized 113/114 comparator
S4,S4,Idealized 113/114 cap-derived geometric schedule,127470000,127680000,210000,3052961,0.03052961,641121810000,6411.21810000,16727546053890000,167275460.53890000,false,idealized 113/114 comparator
S4,S4,Idealized 113/114 cap-derived geometric schedule,127680000,127890000,210000,3026180,0.03026180,635497800000,6354.97800000,16728181551690000,167281815.51690000,false,idealized 113/114 comparator
S4,S4,Idealized 113/114 cap-derived geometric schedule,127890000,128100000,210000,2999634,0.02999634,629923140000,6299.23140000,16728811474830000,167288114.74830000,false,idealized 113/114 comparator
S4,S4,Idealized 113/114 cap-derived geometric schedule,128100000,128310000,210000,2973321,0.02973321,624397410000,6243.97410000,16729435872240000,167294358.72240000,false,idealized 113/114 comparator
S4,S4,Idealized 113/114 cap-derived geometric schedule,128310000,128520000,210000,2947239,0.02947239,618920190000,6189.20190000,16730054792430000,167300547.92430000,false,idealized 113/114 comparator
S4,S4,Idealized 113/114 cap-derived geometric schedule,128520000,128730000,210000,2921386,0.02921386,613491060000,6134.91060000,16730668283490000,167306682.83490000,false,idealized 113/114 comparator
S4,S4,Idealized 113/114 cap-derived geometric schedule,128730000,128940000,210000,2895759,0.02895759,608109390000,6081.09390000,16731276392880000,167312763.92880000,false,idealized 113/114 comparator
S4,S4,Idealized 113/114 cap-derived geometric schedule,128940000,129150000,210000,2870357,0.02870357,602774970000,6027.74970000,16731879167850000,167318791.67850000,false,idealized 113/114 comparator
S4,S4,Idealized 113/114 cap-derived geometric schedule,129150000,129360000,210000,2845178,0.02845178,597487380000,5974.87380000,16732476655230000,167324766.55230000,false,idealized 113/114 comparator
S4,S4,Idealized 113/114 cap-derived geometric schedule,129360000,129570000,210000,2820220,0.02820220,592246200000,5922.46200000,16733068901430000,167330689.01430000,false,idealized 113/114 comparator
S4,S4,Idealized 113/114 cap-derived geometric schedule,129570000,129780000,210000,2795481,0.02795481,587051010000,5870.51010000,16733655952440000,167336559.52440000,false,idealized 113/114 comparator
S4,S4,Idealized 113/114 cap-derived geometric schedule,129780000,129990000,210000,2770959,0.02770959,581901390000,5819.01390000,16734237853830000,167342378.53830000,false,idealized 113/114 comparator
S4,S4,Idealized 113/114 cap-derived geometric schedule,129990000,130200000,210000,2746652,0.02746652,576796920000,5767.96920000,16734814650750000,167348146.50750000,false,idealized 113/114 comparator
S4,S4,Idealized 113/114 cap-derived geometric schedule,130200000,130410000,210000,2722558,0.02722558,571737180000,5717.37180000,16735386387930000,167353863.87930000,false,idealized 113/114 comparator
S4,S4,Idealized 113/114 cap-derived geometric schedule,130410000,130620000,210000,2698675,0.02698675,566721750000,5667.21750000,16735953109680000,167359531.09680000,false,idealized 113/114 comparator
S4,S4,Idealized 113/114 cap-derived geometric schedule,130620000,130830000,210000,2675002,0.02675002,561750420000,5617.50420000,16736514860100000,167365148.60100000,false,idealized 113/114 comparator
S4,S4,Idealized 113/114 cap-derived geometric schedule,130830000,131040000,210000,2651537,0.02651537,556822770000,5568.22770000,16737071682870000,167370716.82870000,false,idealized 113/114 comparator
S4,S4,Idealized 113/114 cap-derived geometric schedule,131040000,131250000,210000,2628277,0.02628277,551938170000,5519.38170000,16737623621040000,167376236.21040000,false,idealized 113/114 comparator
S4,S4,Idealized 113/114 cap-derived geometric schedule,131250000,131460000,210000,2605221,0.02605221,547096410000,5470.96410000,16738170717450000,167381707.17450000,false,idealized 113/114 comparator
S4,S4,Idealized 113/114 cap-derived geometric schedule,131460000,131670000,210000,2582368,0.02582368,542297280000,5422.97280000,16738713014730000,167387130.14730000,false,idealized 113/114 comparator
S4,S4,Idealized 113/114 cap-derived geometric schedule,131670000,131880000,210000,2559715,0.02559715,537540150000,5375.40150000,16739250554880000,167392505.54880000,false,idealized 113/114 comparator
S4,S4,Idealized 113/114 cap-derived geometric schedule,131880000,132090000,210000,2537261,0.02537261,532824810000,5328.24810000,16739783379690000,167397833.79690000,false,idealized 113/114 comparator
S4,S4,Idealized 113/114 cap-derived geometric schedule,132090000,132300000,210000,2515004,0.02515004,528150840000,5281.50840000,16740311530530000,167403115.30530000,false,idealized 113/114 comparator
S4,S4,Idealized 113/114 cap-derived geometric schedule,132300000,132510000,210000,2492942,0.02492942,523517820000,5235.17820000,16740835048350000,167408350.48350000,false,idealized 113/114 comparator
S4,S4,Idealized 113/114 cap-derived geometric schedule,132510000,132720000,210000,2471074,0.02471074,518925540000,5189.25540000,16741353973890000,167413539.73890000,false,idealized 113/114 comparator
S4,S4,Idealized 113/114 cap-derived geometric schedule,132720000,132930000,210000,2449397,0.02449397,514373370000,5143.73370000,16741868347260000,167418683.47260000,false,idealized 113/114 comparator
S4,S4,Idealized 113/114 cap-derived geometric schedule,132930000,133140000,210000,2427911,0.02427911,509861310000,5098.61310000,16742378208570000,167423782.08570000,false,idealized 113/114 comparator
S4,S4,Idealized 113/114 cap-derived geometric schedule,133140000,133350000,210000,2406613,0.02406613,505388730000,5053.88730000,16742883597300000,167428835.97300000,false,idealized 113/114 comparator
S4,S4,Idealized 113/114 cap-derived geometric schedule,133350000,133560000,210000,2385502,0.02385502,500955420000,5009.55420000,16743384552720000,167433845.52720000,false,idealized 113/114 comparator
S4,S4,Idealized 113/114 cap-derived geometric schedule,133560000,133770000,210000,2364576,0.02364576,496560960000,4965.60960000,16743881113680000,167438811.13680000,false,idealized 113/114 comparator
S4,S4,Idealized 113/114 cap-derived geometric schedule,133770000,133980000,210000,2343834,0.02343834,492205140000,4922.05140000,16744373318820000,167443733.18820000,false,idealized 113/114 comparator
S4,S4,Idealized 113/114 cap-derived geometric schedule,133980000,134190000,210000,2323274,0.02323274,487887540000,4878.87540000,16744861206360000,167448612.06360000,false,idealized 113/114 comparator
S4,S4,Idealized 113/114 cap-derived geometric schedule,134190000,134400000,210000,2302894,0.02302894,483607740000,4836.07740000,16745344814100000,167453448.14100000,false,idealized 113/114 comparator
S4,S4,Idealized 113/114 cap-derived geometric schedule,134400000,134610000,210000,2282693,0.02282693,479365530000,4793.65530000,16745824179630000,167458241.79630000,false,idealized 113/114 comparator
S4,S4,Idealized 113/114 cap-derived geometric schedule,134610000,134820000,210000,2262669,0.02262669,475160490000,4751.60490000,16746299340120000,167462993.40120000,false,idealized 113/114 comparator
S4,S4,Idealized 113/114 cap-derived geometric schedule,134820000,135030000,210000,2242821,0.02242821,470992410000,4709.92410000,16746770332530000,167467703.32530000,false,idealized 113/114 comparator
S4,S4,Idealized 113/114 cap-derived geometric schedule,135030000,135240000,210000,2223147,0.02223147,466860870000,4668.60870000,16747237193400000,167472371.93400000,false,idealized 113/114 comparator
S4,S4,Idealized 113/114 cap-derived geometric schedule,135240000,135450000,210000,2203645,0.02203645,462765450000,4627.65450000,16747699958850000,167476999.58850000,false,idealized 113/114 comparator
S4,S4,Idealized 113/114 cap-derived geometric schedule,135450000,135660000,210000,2184314,0.02184314,458705940000,4587.05940000,16748158664790000,167481586.64790000,false,idealized 113/114 comparator
S4,S4,Idealized 113/114 cap-derived geometric schedule,135660000,135870000,210000,2165153,0.02165153,454682130000,4546.82130000,16748613346920000,167486133.46920000,false,idealized 113/114 comparator
S4,S4,Idealized 113/114 cap-derived geometric schedule,135870000,136080000,210000,2146160,0.02146160,450693600000,4506.93600000,16749064040520000,167490640.40520000,false,idealized 113/114 comparator
S4,S4,Idealized 113/114 cap-derived geometric schedule,136080000,136290000,210000,2127334,0.02127334,446740140000,4467.40140000,16749510780660000,167495107.80660000,false,idealized 113/114 comparator
S4,S4,Idealized 113/114 cap-derived geometric schedule,136290000,136500000,210000,2108673,0.02108673,442821330000,4428.21330000,16749953601990000,167499536.01990000,false,idealized 113/114 comparator
S4,S4,Idealized 113/114 cap-derived geometric schedule,136500000,136710000,210000,2090175,0.02090175,438936750000,4389.36750000,16750392538740000,167503925.38740000,false,idealized 113/114 comparator
S4,S4,Idealized 113/114 cap-derived geometric schedule,136710000,136920000,210000,2071840,0.02071840,435086400000,4350.86400000,16750827625140000,167508276.25140000,false,idealized 113/114 comparator
S4,S4,Idealized 113/114 cap-derived geometric schedule,136920000,137130000,210000,2053665,0.02053665,431269650000,4312.69650000,16751258894790000,167512588.94790000,false,idealized 113/114 comparator
S4,S4,Idealized 113/114 cap-derived geometric schedule,137130000,137340000,210000,2035650,0.02035650,427486500000,4274.86500000,16751686381290000,167516863.81290000,false,idealized 113/114 comparator
S4,S4,Idealized 113/114 cap-derived geometric schedule,137340000,137550000,210000,2017793,0.02017793,423736530000,4237.36530000,16752110117820000,167521101.17820000,false,idealized 113/114 comparator
S4,S4,Idealized 113/114 cap-derived geometric schedule,137550000,137760000,210000,2000093,0.02000093,420019530000,4200.19530000,16752530137350000,167525301.37350000,false,idealized 113/114 comparator
S4,S4,Idealized 113/114 cap-derived geometric schedule,137760000,137970000,210000,1982548,0.01982548,416335080000,4163.35080000,16752946472430000,167529464.72430000,false,idealized 113/114 comparator
S4,S4,Idealized 113/114 cap-derived geometric schedule,137970000,138180000,210000,1965157,0.01965157,412682970000,4126.82970000,16753359155400000,167533591.55400000,false,idealized 113/114 comparator
S4,S4,Idealized 113/114 cap-derived geometric schedule,138180000,138390000,210000,1947918,0.01947918,409062780000,4090.62780000,16753768218180000,167537682.18180000,false,idealized 113/114 comparator
S4,S4,Idealized 113/114 cap-derived geometric schedule,138390000,138600000,210000,1930831,0.01930831,405474510000,4054.74510000,16754173692690000,167541736.92690000,false,idealized 113/114 comparator
S4,S4,Idealized 113/114 cap-derived geometric schedule,138600000,138810000,210000,1913893,0.01913893,401917530000,4019.17530000,16754575610220000,167545756.10220000,false,idealized 113/114 comparator
S4,S4,Idealized 113/114 cap-derived geometric schedule,138810000,139020000,210000,1897104,0.01897104,398391840000,3983.91840000,16754974002060000,167549740.02060000,false,idealized 113/114 comparator
S4,S4,Idealized 113/114 cap-derived geometric schedule,139020000,139230000,210000,1880462,0.01880462,394897020000,3948.97020000,16755368899080000,167553688.99080000,false,idealized 113/114 comparator
S4,S4,Idealized 113/114 cap-derived geometric schedule,139230000,139440000,210000,1863966,0.01863966,391432860000,3914.32860000,16755760331940000,167557603.31940000,false,idealized 113/114 comparator
S4,S4,Idealized 113/114 cap-derived geometric schedule,139440000,139650000,210000,1847615,0.01847615,387999150000,3879.99150000,16756148331090000,167561483.31090000,false,idealized 113/114 comparator
S4,S4,Idealized 113/114 cap-derived geometric schedule,139650000,139860000,210000,1831407,0.01831407,384595470000,3845.95470000,16756532926560000,167565329.26560000,false,idealized 113/114 comparator
S4,S4,Idealized 113/114 cap-derived geometric schedule,139860000,140070000,210000,1815342,0.01815342,381221820000,3812.21820000,16756914148380000,167569141.48380000,false,idealized 113/114 comparator
S4,S4,Idealized 113/114 cap-derived geometric schedule,140070000,140280000,210000,1799417,0.01799417,377877570000,3778.77570000,16757292025950000,167572920.25950000,false,idealized 113/114 comparator
S4,S4,Idealized 113/114 cap-derived geometric schedule,140280000,140490000,210000,1783632,0.01783632,374562720000,3745.62720000,16757666588670000,167576665.88670000,false,idealized 113/114 comparator
S4,S4,Idealized 113/114 cap-derived geometric schedule,140490000,140700000,210000,1767986,0.01767986,371277060000,3712.77060000,16758037865730000,167580378.65730000,false,idealized 113/114 comparator
S4,S4,Idealized 113/114 cap-derived geometric schedule,140700000,140910000,210000,1752477,0.01752477,368020170000,3680.20170000,16758405885900000,167584058.85900000,false,idealized 113/114 comparator
S4,S4,Idealized 113/114 cap-derived geometric schedule,140910000,141120000,210000,1737104,0.01737104,364791840000,3647.91840000,16758770677740000,167587706.77740000,false,idealized 113/114 comparator
S4,S4,Idealized 113/114 cap-derived geometric schedule,141120000,141330000,210000,1721866,0.01721866,361591860000,3615.91860000,16759132269600000,167591322.69600000,false,idealized 113/114 comparator
S4,S4,Idealized 113/114 cap-derived geometric schedule,141330000,141540000,210000,1706761,0.01706761,358419810000,3584.19810000,16759490689410000,167594906.89410000,false,idealized 113/114 comparator
S4,S4,Idealized 113/114 cap-derived geometric schedule,141540000,141750000,210000,1691789,0.01691789,355275690000,3552.75690000,16759845965100000,167598459.65100000,false,idealized 113/114 comparator
S4,S4,Idealized 113/114 cap-derived geometric schedule,141750000,141960000,210000,1676948,0.01676948,352159080000,3521.59080000,16760198124180000,167601981.24180000,false,idealized 113/114 comparator
S4,S4,Idealized 113/114 cap-derived geometric schedule,141960000,142170000,210000,1662237,0.01662237,349069770000,3490.69770000,16760547193950000,167605471.93950000,false,idealized 113/114 comparator
S4,S4,Idealized 113/114 cap-derived geometric schedule,142170000,142380000,210000,1647655,0.01647655,346007550000,3460.07550000,16760893201500000,167608932.01500000,false,idealized 113/114 comparator
S4,S4,Idealized 113/114 cap-derived geometric schedule,142380000,142590000,210000,1633201,0.01633201,342972210000,3429.72210000,16761236173710000,167612361.73710000,false,idealized 113/114 comparator
S4,S4,Idealized 113/114 cap-derived geometric schedule,142590000,142800000,210000,1618874,0.01618874,339963540000,3399.63540000,16761576137250000,167615761.37250000,false,idealized 113/114 comparator
S4,S4,Idealized 113/114 cap-derived geometric schedule,142800000,143010000,210000,1604673,0.01604673,336981330000,3369.81330000,16761913118580000,167619131.18580000,false,idealized 113/114 comparator
S4,S4,Idealized 113/114 cap-derived geometric schedule,143010000,143220000,210000,1590596,0.01590596,334025160000,3340.25160000,16762247143740000,167622471.43740000,false,idealized 113/114 comparator
S4,S4,Idealized 113/114 cap-derived geometric schedule,143220000,143430000,210000,1576643,0.01576643,331095030000,3310.95030000,16762578238770000,167625782.38770000,false,idealized 113/114 comparator
S4,S4,Idealized 113/114 cap-derived geometric schedule,143430000,143640000,210000,1562812,0.01562812,328190520000,3281.90520000,16762906429290000,167629064.29290000,false,idealized 113/114 comparator
S4,S4,Idealized 113/114 cap-derived geometric schedule,143640000,143850000,210000,1549103,0.01549103,325311630000,3253.11630000,16763231740920000,167632317.40920000,false,idealized 113/114 comparator
S4,S4,Idealized 113/114 cap-derived geometric schedule,143850000,144060000,210000,1535514,0.01535514,322457940000,3224.57940000,16763554198860000,167635541.98860000,false,idealized 113/114 comparator
S4,S4,Idealized 113/114 cap-derived geometric schedule,144060000,144270000,210000,1522044,0.01522044,319629240000,3196.29240000,16763873828100000,167638738.28100000,false,idealized 113/114 comparator
S4,S4,Idealized 113/114 cap-derived geometric schedule,144270000,144480000,210000,1508692,0.01508692,316825320000,3168.25320000,16764190653420000,167641906.53420000,false,idealized 113/114 comparator
S4,S4,Idealized 113/114 cap-derived geometric schedule,144480000,144690000,210000,1495457,0.01495457,314045970000,3140.45970000,16764504699390000,167645046.99390000,false,idealized 113/114 comparator
S4,S4,Idealized 113/114 cap-derived geometric schedule,144690000,144900000,210000,1482338,0.01482338,311290980000,3112.90980000,16764815990370000,167648159.90370000,false,idealized 113/114 comparator
S4,S4,Idealized 113/114 cap-derived geometric schedule,144900000,145110000,210000,1469335,0.01469335,308560350000,3085.60350000,16765124550720000,167651245.50720000,false,idealized 113/114 comparator
S4,S4,Idealized 113/114 cap-derived geometric schedule,145110000,145320000,210000,1456446,0.01456446,305853660000,3058.53660000,16765430404380000,167654304.04380000,false,idealized 113/114 comparator
S4,S4,Idealized 113/114 cap-derived geometric schedule,145320000,145530000,210000,1443670,0.01443670,303170700000,3031.70700000,16765733575080000,167657335.75080000,false,idealized 113/114 comparator
S4,S4,Idealized 113/114 cap-derived geometric schedule,145530000,145740000,210000,1431006,0.01431006,300511260000,3005.11260000,16766034086340000,167660340.86340000,false,idealized 113/114 comparator
S4,S4,Idealized 113/114 cap-derived geometric schedule,145740000,145950000,210000,1418453,0.01418453,297875130000,2978.75130000,16766331961470000,167663319.61470000,false,idealized 113/114 comparator
S4,S4,Idealized 113/114 cap-derived geometric schedule,145950000,146160000,210000,1406010,0.01406010,295262100000,2952.62100000,16766627223570000,167666272.23570000,false,idealized 113/114 comparator
S4,S4,Idealized 113/114 cap-derived geometric schedule,146160000,146370000,210000,1393676,0.01393676,292671960000,2926.71960000,16766919895530000,167669198.95530000,false,idealized 113/114 comparator
S4,S4,Idealized 113/114 cap-derived geometric schedule,146370000,146580000,210000,1381450,0.01381450,290104500000,2901.04500000,16767210000030000,167672100.00030000,false,idealized 113/114 comparator
S4,S4,Idealized 113/114 cap-derived geometric schedule,146580000,146790000,210000,1369332,0.01369332,287559720000,2875.59720000,16767497559750000,167674975.59750000,false,idealized 113/114 comparator
S4,S4,Idealized 113/114 cap-derived geometric schedule,146790000,147000000,210000,1357320,0.01357320,285037200000,2850.37200000,16767782596950000,167677825.96950000,false,idealized 113/114 comparator
S4,S4,Idealized 113/114 cap-derived geometric schedule,147000000,147210000,210000,1345413,0.01345413,282536730000,2825.36730000,16768065133680000,167680651.33680000,false,idealized 113/114 comparator
S4,S4,Idealized 113/114 cap-derived geometric schedule,147210000,147420000,210000,1333611,0.01333611,280058310000,2800.58310000,16768345191990000,167683451.91990000,false,idealized 113/114 comparator
S4,S4,Idealized 113/114 cap-derived geometric schedule,147420000,147630000,210000,1321912,0.01321912,277601520000,2776.01520000,16768622793510000,167686227.93510000,false,idealized 113/114 comparator
S4,S4,Idealized 113/114 cap-derived geometric schedule,147630000,147840000,210000,1310316,0.01310316,275166360000,2751.66360000,16768897959870000,167688979.59870000,false,idealized 113/114 comparator
S4,S4,Idealized 113/114 cap-derived geometric schedule,147840000,148050000,210000,1298822,0.01298822,272752620000,2727.52620000,16769170712490000,167691707.12490000,false,idealized 113/114 comparator
S4,S4,Idealized 113/114 cap-derived geometric schedule,148050000,148260000,210000,1287428,0.01287428,270359880000,2703.59880000,16769441072370000,167694410.72370000,false,idealized 113/114 comparator
S4,S4,Idealized 113/114 cap-derived geometric schedule,148260000,148470000,210000,1276134,0.01276134,267988140000,2679.88140000,16769709060510000,167697090.60510000,false,idealized 113/114 comparator
S4,S4,Idealized 113/114 cap-derived geometric schedule,148470000,148680000,210000,1264939,0.01264939,265637190000,2656.37190000,16769974697700000,167699746.97700000,false,idealized 113/114 comparator
S4,S4,Idealized 113/114 cap-derived geometric schedule,148680000,148890000,210000,1253843,0.01253843,263307030000,2633.07030000,16770238004730000,167702380.04730000,false,idealized 113/114 comparator
S4,S4,Idealized 113/114 cap-derived geometric schedule,148890000,149100000,210000,1242844,0.01242844,260997240000,2609.97240000,16770499001970000,167704990.01970000,false,idealized 113/114 comparator
S4,S4,Idealized 113/114 cap-derived geometric schedule,149100000,149310000,210000,1231941,0.01231941,258707610000,2587.07610000,16770757709580000,167707577.09580000,false,idealized 113/114 comparator
S4,S4,Idealized 113/114 cap-derived geometric schedule,149310000,149520000,210000,1221134,0.01221134,256438140000,2564.38140000,16771014147720000,167710141.47720000,false,idealized 113/114 comparator
S4,S4,Idealized 113/114 cap-derived geometric schedule,149520000,149730000,210000,1210422,0.01210422,254188620000,2541.88620000,16771268336340000,167712683.36340000,false,idealized 113/114 comparator
S4,S4,Idealized 113/114 cap-derived geometric schedule,149730000,149940000,210000,1199804,0.01199804,251958840000,2519.58840000,16771520295180000,167715202.95180000,false,idealized 113/114 comparator
S4,S4,Idealized 113/114 cap-derived geometric schedule,149940000,150150000,210000,1189279,0.01189279,249748590000,2497.48590000,16771770043770000,167717700.43770000,false,idealized 113/114 comparator
S4,S4,Idealized 113/114 cap-derived geometric schedule,150150000,150360000,210000,1178846,0.01178846,247557660000,2475.57660000,16772017601430000,167720176.01430000,false,idealized 113/114 comparator
S4,S4,Idealized 113/114 cap-derived geometric schedule,150360000,150570000,210000,1168505,0.01168505,245386050000,2453.86050000,16772262987480000,167722629.87480000,false,idealized 113/114 comparator
S4,S4,Idealized 113/114 cap-derived geometric schedule,150570000,150780000,210000,1158254,0.01158254,243233340000,2432.33340000,16772506220820000,167725062.20820000,false,idealized 113/114 comparator
S4,S4,Idealized 113/114 cap-derived geometric schedule,150780000,150990000,210000,1148093,0.01148093,241099530000,2410.99530000,16772747320350000,167727473.20350000,false,idealized 113/114 comparator
S4,S4,Idealized 113/114 cap-derived geometric schedule,150990000,151200000,210000,1138022,0.01138022,238984620000,2389.84620000,16772986304970000,167729863.04970000,false,idealized 113/114 comparator
S4,S4,Idealized 113/114 cap-derived geometric schedule,151200000,151410000,210000,1128039,0.01128039,236888190000,2368.88190000,16773223193160000,167732231.93160000,false,idealized 113/114 comparator
S4,S4,Idealized 113/114 cap-derived geometric schedule,151410000,151620000,210000,1118143,0.01118143,234810030000,2348.10030000,16773458003190000,167734580.03190000,false,idealized 113/114 comparator
S4,S4,Idealized 113/114 cap-derived geometric schedule,151620000,151830000,210000,1108334,0.01108334,232750140000,2327.50140000,16773690753330000,167736907.53330000,false,idealized 113/114 comparator
S4,S4,Idealized 113/114 cap-derived geometric schedule,151830000,152040000,210000,1098611,0.01098611,230708310000,2307.08310000,16773921461640000,167739214.61640000,false,idealized 113/114 comparator
S4,S4,Idealized 113/114 cap-derived geometric schedule,152040000,152250000,210000,1088974,0.01088974,228684540000,2286.84540000,16774150146180000,167741501.46180000,false,idealized 113/114 comparator
S4,S4,Idealized 113/114 cap-derived geometric schedule,152250000,152460000,210000,1079421,0.01079421,226678410000,2266.78410000,16774376824590000,167743768.24590000,false,idealized 113/114 comparator
S4,S4,Idealized 113/114 cap-derived geometric schedule,152460000,152670000,210000,1069952,0.01069952,224689920000,2246.89920000,16774601514510000,167746015.14510000,false,idealized 113/114 comparator
S4,S4,Idealized 113/114 cap-derived geometric schedule,152670000,152880000,210000,1060566,0.01060566,222718860000,2227.18860000,16774824233370000,167748242.33370000,false,idealized 113/114 comparator
S4,S4,Idealized 113/114 cap-derived geometric schedule,152880000,153090000,210000,1051262,0.01051262,220765020000,2207.65020000,16775044998390000,167750449.98390000,false,idealized 113/114 comparator
S4,S4,Idealized 113/114 cap-derived geometric schedule,153090000,153300000,210000,1042040,0.01042040,218828400000,2188.28400000,16775263826790000,167752638.26790000,false,idealized 113/114 comparator
S4,S4,Idealized 113/114 cap-derived geometric schedule,153300000,153510000,210000,1032899,0.01032899,216908790000,2169.08790000,16775480735580000,167754807.35580000,false,idealized 113/114 comparator
S4,S4,Idealized 113/114 cap-derived geometric schedule,153510000,153720000,210000,1023838,0.01023838,215005980000,2150.05980000,16775695741560000,167756957.41560000,false,idealized 113/114 comparator
S4,S4,Idealized 113/114 cap-derived geometric schedule,153720000,153930000,210000,1014856,0.01014856,213119760000,2131.19760000,16775908861320000,167759088.61320000,false,idealized 113/114 comparator
S4,S4,Idealized 113/114 cap-derived geometric schedule,153930000,154140000,210000,1005953,0.01005953,211250130000,2112.50130000,16776120111450000,167761201.11450000,false,idealized 113/114 comparator
S4,S4,Idealized 113/114 cap-derived geometric schedule,154140000,154350000,210000,997128,0.00997128,209396880000,2093.96880000,16776329508330000,167763295.08330000,false,idealized 113/114 comparator
S4,S4,Idealized 113/114 cap-derived geometric schedule,154350000,154560000,210000,988381,0.00988381,207560010000,2075.60010000,16776537068340000,167765370.68340000,false,idealized 113/114 comparator
S4,S4,Idealized 113/114 cap-derived geometric schedule,154560000,154770000,210000,979710,0.00979710,205739100000,2057.39100000,16776742807440000,167767428.07440000,false,idealized 113/114 comparator
S4,S4,Idealized 113/114 cap-derived geometric schedule,154770000,154980000,210000,971116,0.00971116,203934360000,2039.34360000,16776946741800000,167769467.41800000,false,idealized 113/114 comparator
S4,S4,Idealized 113/114 cap-derived geometric schedule,154980000,155190000,210000,962597,0.00962597,202145370000,2021.45370000,16777148887170000,167771488.87170000,false,idealized 113/114 comparator
S4,S4,Idealized 113/114 cap-derived geometric schedule,155190000,155400000,210000,954153,0.00954153,200372130000,2003.72130000,16777349259300000,167773492.59300000,false,idealized 113/114 comparator
S4,S4,Idealized 113/114 cap-derived geometric schedule,155400000,155610000,210000,945783,0.00945783,198614430000,1986.14430000,16777547873730000,167775478.73730000,false,idealized 113/114 comparator
S4,S4,Idealized 113/114 cap-derived geometric schedule,155610000,155820000,210000,937486,0.00937486,196872060000,1968.72060000,16777744745790000,167777447.45790000,false,idealized 113/114 comparator
S4,S4,Idealized 113/114 cap-derived geometric schedule,155820000,156030000,210000,929262,0.00929262,195145020000,1951.45020000,16777939890810000,167779398.90810000,false,idealized 113/114 comparator
S4,S4,Idealized 113/114 cap-derived geometric schedule,156030000,156240000,210000,921110,0.00921110,193433100000,1934.33100000,16778133323910000,167781333.23910000,false,idealized 113/114 comparator
S4,S4,Idealized 113/114 cap-derived geometric schedule,156240000,156450000,210000,913030,0.00913030,191736300000,1917.36300000,16778325060210000,167783250.60210000,false,idealized 113/114 comparator
S4,S4,Idealized 113/114 cap-derived geometric schedule,156450000,156660000,210000,905020,0.00905020,190054200000,1900.54200000,16778515114410000,167785151.14410000,false,idealized 113/114 comparator
S4,S4,Idealized 113/114 cap-derived geometric schedule,156660000,156870000,210000,897081,0.00897081,188387010000,1883.87010000,16778703501420000,167787035.01420000,false,idealized 113/114 comparator
S4,S4,Idealized 113/114 cap-derived geometric schedule,156870000,157080000,210000,889211,0.00889211,186734310000,1867.34310000,16778890235730000,167788902.35730000,false,idealized 113/114 comparator
S4,S4,Idealized 113/114 cap-derived geometric schedule,157080000,157290000,210000,881410,0.00881410,185096100000,1850.96100000,16779075331830000,167790753.31830000,false,idealized 113/114 comparator
S4,S4,Idealized 113/114 cap-derived geometric schedule,157290000,157500000,210000,873678,0.00873678,183472380000,1834.72380000,16779258804210000,167792588.04210000,false,idealized 113/114 comparator
S4,S4,Idealized 113/114 cap-derived geometric schedule,157500000,157710000,210000,866014,0.00866014,181862940000,1818.62940000,16779440667150000,167794406.67150000,false,idealized 113/114 comparator
S4,S4,Idealized 113/114 cap-derived geometric schedule,157710000,157920000,210000,858417,0.00858417,180267570000,1802.67570000,16779620934720000,167796209.34720000,false,idealized 113/114 comparator
S4,S4,Idealized 113/114 cap-derived geometric schedule,157920000,158130000,210000,850887,0.00850887,178686270000,1786.86270000,16779799620990000,167797996.20990000,false,idealized 113/114 comparator
S4,S4,Idealized 113/114 cap-derived geometric schedule,158130000,158340000,210000,843423,0.00843423,177118830000,1771.18830000,16779976739820000,167799767.39820000,false,idealized 113/114 comparator
S4,S4,Idealized 113/114 cap-derived geometric schedule,158340000,158550000,210000,836024,0.00836024,175565040000,1755.65040000,16780152304860000,167801523.04860000,false,idealized 113/114 comparator
S4,S4,Idealized 113/114 cap-derived geometric schedule,158550000,158760000,210000,828690,0.00828690,174024900000,1740.24900000,16780326329760000,167803263.29760000,false,idealized 113/114 comparator
S4,S4,Idealized 113/114 cap-derived geometric schedule,158760000,158970000,210000,821420,0.00821420,172498200000,1724.98200000,16780498827960000,167804988.27960000,false,idealized 113/114 comparator
S4,S4,Idealized 113/114 cap-derived geometric schedule,158970000,159180000,210000,814214,0.00814214,170984940000,1709.84940000,16780669812900000,167806698.12900000,false,idealized 113/114 comparator
S4,S4,Idealized 113/114 cap-derived geometric schedule,159180000,159390000,210000,807071,0.00807071,169484910000,1694.84910000,16780839297810000,167808392.97810000,false,idealized 113/114 comparator
S4,S4,Idealized 113/114 cap-derived geometric schedule,159390000,159600000,210000,799991,0.00799991,167998110000,1679.98110000,16781007295920000,167810072.95920000,false,idealized 113/114 comparator
S4,S4,Idealized 113/114 cap-derived geometric schedule,159600000,159810000,210000,792973,0.00792973,166524330000,1665.24330000,16781173820250000,167811738.20250000,false,idealized 113/114 comparator
S4,S4,Idealized 113/114 cap-derived geometric schedule,159810000,160020000,210000,786017,0.00786017,165063570000,1650.63570000,16781338883820000,167813388.83820000,false,idealized 113/114 comparator
S4,S4,Idealized 113/114 cap-derived geometric schedule,160020000,160230000,210000,779122,0.00779122,163615620000,1636.15620000,16781502499440000,167815024.99440000,false,idealized 113/114 comparator
S4,S4,Idealized 113/114 cap-derived geometric schedule,160230000,160440000,210000,772287,0.00772287,162180270000,1621.80270000,16781664679710000,167816646.79710000,false,idealized 113/114 comparator
S4,S4,Idealized 113/114 cap-derived geometric schedule,160440000,160650000,210000,765512,0.00765512,160757520000,1607.57520000,16781825437230000,167818254.37230000,false,idealized 113/114 comparator
S4,S4,Idealized 113/114 cap-derived geometric schedule,160650000,160860000,210000,758796,0.00758796,159347160000,1593.47160000,16781984784390000,167819847.84390000,false,idealized 113/114 comparator
S4,S4,Idealized 113/114 cap-derived geometric schedule,160860000,161070000,210000,752139,0.00752139,157949190000,1579.49190000,16782142733580000,167821427.33580000,false,idealized 113/114 comparator
S4,S4,Idealized 113/114 cap-derived geometric schedule,161070000,161280000,210000,745541,0.00745541,156563610000,1565.63610000,16782299297190000,167822992.97190000,false,idealized 113/114 comparator
S4,S4,Idealized 113/114 cap-derived geometric schedule,161280000,161490000,210000,739001,0.00739001,155190210000,1551.90210000,16782454487400000,167824544.87400000,false,idealized 113/114 comparator
S4,S4,Idealized 113/114 cap-derived geometric schedule,161490000,161700000,210000,732518,0.00732518,153828780000,1538.28780000,16782608316180000,167826083.16180000,false,idealized 113/114 comparator
S4,S4,Idealized 113/114 cap-derived geometric schedule,161700000,161910000,210000,726092,0.00726092,152479320000,1524.79320000,16782760795500000,167827607.95500000,false,idealized 113/114 comparator
S4,S4,Idealized 113/114 cap-derived geometric schedule,161910000,162120000,210000,719722,0.00719722,151141620000,1511.41620000,16782911937120000,167829119.37120000,false,idealized 113/114 comparator
S4,S4,Idealized 113/114 cap-derived geometric schedule,162120000,162330000,210000,713408,0.00713408,149815680000,1498.15680000,16783061752800000,167830617.52800000,false,idealized 113/114 comparator
S4,S4,Idealized 113/114 cap-derived geometric schedule,162330000,162540000,210000,707150,0.00707150,148501500000,1485.01500000,16783210254300000,167832102.54300000,false,idealized 113/114 comparator
S4,S4,Idealized 113/114 cap-derived geometric schedule,162540000,162750000,210000,700946,0.00700946,147198660000,1471.98660000,16783357452960000,167833574.52960000,false,idealized 113/114 comparator
S4,S4,Idealized 113/114 cap-derived geometric schedule,162750000,162960000,210000,694797,0.00694797,145907370000,1459.07370000,16783503360330000,167835033.60330000,false,idealized 113/114 comparator
S4,S4,Idealized 113/114 cap-derived geometric schedule,162960000,163170000,210000,688702,0.00688702,144627420000,1446.27420000,16783647987750000,167836479.87750000,false,idealized 113/114 comparator
S4,S4,Idealized 113/114 cap-derived geometric schedule,163170000,163380000,210000,682660,0.00682660,143358600000,1433.58600000,16783791346350000,167837913.46350000,false,idealized 113/114 comparator
S4,S4,Idealized 113/114 cap-derived geometric schedule,163380000,163590000,210000,676671,0.00676671,142100910000,1421.00910000,16783933447260000,167839334.47260000,false,idealized 113/114 comparator
S4,S4,Idealized 113/114 cap-derived geometric schedule,163590000,163800000,210000,670735,0.00670735,140854350000,1408.54350000,16784074301610000,167840743.01610000,false,idealized 113/114 comparator
S4,S4,Idealized 113/114 cap-derived geometric schedule,163800000,164010000,210000,664851,0.00664851,139618710000,1396.18710000,16784213920320000,167842139.20320000,false,idealized 113/114 comparator
S4,S4,Idealized 113/114 cap-derived geometric schedule,164010000,164220000,210000,659018,0.00659018,138393780000,1383.93780000,16784352314100000,167843523.14100000,false,idealized 113/114 comparator
S4,S4,Idealized 113/114 cap-derived geometric schedule,164220000,164430000,210000,653237,0.00653237,137179770000,1371.79770000,16784489493870000,167844894.93870000,false,idealized 113/114 comparator
S4,S4,Idealized 113/114 cap-derived geometric schedule,164430000,164640000,210000,647506,0.00647506,135976260000,1359.76260000,16784625470130000,167846254.70130000,false,idealized 113/114 comparator
S4,S4,Idealized 113/114 cap-derived geometric schedule,164640000,164850000,210000,641826,0.00641826,134783460000,1347.83460000,16784760253590000,167847602.53590000,false,idealized 113/114 comparator
S4,S4,Idealized 113/114 cap-derived geometric schedule,164850000,165060000,210000,636195,0.00636195,133600950000,1336.00950000,16784893854540000,167848938.54540000,false,idealized 113/114 comparator
S4,S4,Idealized 113/114 cap-derived geometric schedule,165060000,165270000,210000,630614,0.00630614,132428940000,1324.28940000,16785026283480000,167850262.83480000,false,idealized 113/114 comparator
S4,S4,Idealized 113/114 cap-derived geometric schedule,165270000,165480000,210000,625082,0.00625082,131267220000,1312.67220000,16785157550700000,167851575.50700000,false,idealized 113/114 comparator
S4,S4,Idealized 113/114 cap-derived geometric schedule,165480000,165690000,210000,619598,0.00619598,130115580000,1301.15580000,16785287666280000,167852876.66280000,false,idealized 113/114 comparator
S4,S4,Idealized 113/114 cap-derived geometric schedule,165690000,165900000,210000,614162,0.00614162,128974020000,1289.74020000,16785416640300000,167854166.40300000,false,idealized 113/114 comparator
S4,S4,Idealized 113/114 cap-derived geometric schedule,165900000,166110000,210000,608774,0.00608774,127842540000,1278.42540000,16785544482840000,167855444.82840000,false,idealized 113/114 comparator
S4,S4,Idealized 113/114 cap-derived geometric schedule,166110000,166320000,210000,603433,0.00603433,126720930000,1267.20930000,16785671203770000,167856712.03770000,false,idealized 113/114 comparator
S4,S4,Idealized 113/114 cap-derived geometric schedule,166320000,166530000,210000,598139,0.00598139,125609190000,1256.09190000,16785796812960000,167857968.12960000,false,idealized 113/114 comparator
S4,S4,Idealized 113/114 cap-derived geometric schedule,166530000,166740000,210000,592892,0.00592892,124507320000,1245.07320000,16785921320280000,167859213.20280000,false,idealized 113/114 comparator
S4,S4,Idealized 113/114 cap-derived geometric schedule,166740000,166950000,210000,587691,0.00587691,123415110000,1234.15110000,16786044735390000,167860447.35390000,false,idealized 113/114 comparator
S4,S4,Idealized 113/114 cap-derived geometric schedule,166950000,167160000,210000,582535,0.00582535,122332350000,1223.32350000,16786167067740000,167861670.67740000,false,idealized 113/114 comparator
S4,S4,Idealized 113/114 cap-derived geometric schedule,167160000,167370000,210000,577425,0.00577425,121259250000,1212.59250000,16786288326990000,167862883.26990000,false,idealized 113/114 comparator
S4,S4,Idealized 113/114 cap-derived geometric schedule,167370000,167580000,210000,572359,0.00572359,120195390000,1201.95390000,16786408522380000,167864085.22380000,false,idealized 113/114 comparator
S4,S4,Idealized 113/114 cap-derived geometric schedule,167580000,167790000,210000,567338,0.00567338,119140980000,1191.40980000,16786527663360000,167865276.63360000,false,idealized 113/114 comparator
S4,S4,Idealized 113/114 cap-derived geometric schedule,167790000,168000000,210000,562361,0.00562361,118095810000,1180.95810000,16786645759170000,167866457.59170000,false,idealized 113/114 comparator
S4,S4,Idealized 113/114 cap-derived geometric schedule,168000000,168210000,210000,557428,0.00557428,117059880000,1170.59880000,16786762819050000,167867628.19050000,false,idealized 113/114 comparator
S4,S4,Idealized 113/114 cap-derived geometric schedule,168210000,168420000,210000,552538,0.00552538,116032980000,1160.32980000,16786878852030000,167868788.52030000,false,idealized 113/114 comparator
S4,S4,Idealized 113/114 cap-derived geometric schedule,168420000,168630000,210000,547691,0.00547691,115015110000,1150.15110000,16786993867140000,167869938.67140000,false,idealized 113/114 comparator
S4,S4,Idealized 113/114 cap-derived geometric schedule,168630000,168840000,210000,542886,0.00542886,114006060000,1140.06060000,16787107873200000,167871078.73200000,false,idealized 113/114 comparator
S4,S4,Idealized 113/114 cap-derived geometric schedule,168840000,169050000,210000,538123,0.00538123,113005830000,1130.05830000,16787220879030000,167872208.79030000,false,idealized 113/114 comparator
S4,S4,Idealized 113/114 cap-derived geometric schedule,169050000,169260000,210000,533402,0.00533402,112014420000,1120.14420000,16787332893450000,167873328.93450000,false,idealized 113/114 comparator
S4,S4,Idealized 113/114 cap-derived geometric schedule,169260000,169470000,210000,528723,0.00528723,111031830000,1110.31830000,16787443925280000,167874439.25280000,false,idealized 113/114 comparator
S4,S4,Idealized 113/114 cap-derived geometric schedule,169470000,169680000,210000,524085,0.00524085,110057850000,1100.57850000,16787553983130000,167875539.83130000,false,idealized 113/114 comparator
S4,S4,Idealized 113/114 cap-derived geometric schedule,169680000,169890000,210000,519487,0.00519487,109092270000,1090.92270000,16787663075400000,167876630.75400000,false,idealized 113/114 comparator
S4,S4,Idealized 113/114 cap-derived geometric schedule,169890000,170100000,210000,514930,0.00514930,108135300000,1081.35300000,16787771210700000,167877712.10700000,false,idealized 113/114 comparator
S4,S4,Idealized 113/114 cap-derived geometric schedule,170100000,170310000,210000,510413,0.00510413,107186730000,1071.86730000,16787878397430000,167878783.97430000,false,idealized 113/114 comparator
S4,S4,Idealized 113/114 cap-derived geometric schedule,170310000,170520000,210000,505935,0.00505935,106246350000,1062.46350000,16787984643780000,167879846.43780000,false,idealized 113/114 comparator
S4,S4,Idealized 113/114 cap-derived geometric schedule,170520000,170730000,210000,501496,0.00501496,105314160000,1053.14160000,16788089957940000,167880899.57940000,false,idealized 113/114 comparator
S4,S4,Idealized 113/114 cap-derived geometric schedule,170730000,170940000,210000,497096,0.00497096,104390160000,1043.90160000,16788194348100000,167881943.48100000,false,idealized 113/114 comparator
S4,S4,Idealized 113/114 cap-derived geometric schedule,170940000,171150000,210000,492735,0.00492735,103474350000,1034.74350000,16788297822450000,167882978.22450000,false,idealized 113/114 comparator
S4,S4,Idealized 113/114 cap-derived geometric schedule,171150000,171360000,210000,488412,0.00488412,102566520000,1025.66520000,16788400388970000,167884003.88970000,false,idealized 113/114 comparator
S4,S4,Idealized 113/114 cap-derived geometric schedule,171360000,171570000,210000,484127,0.00484127,101666670000,1016.66670000,16788502055640000,167885020.55640000,false,idealized 113/114 comparator
S4,S4,Idealized 113/114 cap-derived geometric schedule,171570000,171780000,210000,479880,0.00479880,100774800000,1007.74800000,16788602830440000,167886028.30440000,false,idealized 113/114 comparator
S4,S4,Idealized 113/114 cap-derived geometric schedule,171780000,171990000,210000,475670,0.00475670,99890700000,998.90700000,16788702721140000,167887027.21140000,false,idealized 113/114 comparator
S4,S4,Idealized 113/114 cap-derived geometric schedule,171990000,172200000,210000,471497,0.00471497,99014370000,990.14370000,16788801735510000,167888017.35510000,false,idealized 113/114 comparator
S4,S4,Idealized 113/114 cap-derived geometric schedule,172200000,172410000,210000,467361,0.00467361,98145810000,981.45810000,16788899881320000,167888998.81320000,false,idealized 113/114 comparator
S4,S4,Idealized 113/114 cap-derived geometric schedule,172410000,172620000,210000,463261,0.00463261,97284810000,972.84810000,16788997166130000,167889971.66130000,false,idealized 113/114 comparator
S4,S4,Idealized 113/114 cap-derived geometric schedule,172620000,172830000,210000,459197,0.00459197,96431370000,964.31370000,16789093597500000,167890935.97500000,false,idealized 113/114 comparator
S4,S4,Idealized 113/114 cap-derived geometric schedule,172830000,173040000,210000,455168,0.00455168,95585280000,955.85280000,16789189182780000,167891891.82780000,false,idealized 113/114 comparator
S4,S4,Idealized 113/114 cap-derived geometric schedule,173040000,173250000,210000,451175,0.00451175,94746750000,947.46750000,16789283929530000,167892839.29530000,false,idealized 113/114 comparator
S4,S4,Idealized 113/114 cap-derived geometric schedule,173250000,173460000,210000,447217,0.00447217,93915570000,939.15570000,16789377845100000,167893778.45100000,false,idealized 113/114 comparator
S4,S4,Idealized 113/114 cap-derived geometric schedule,173460000,173670000,210000,443294,0.00443294,93091740000,930.91740000,16789470936840000,167894709.36840000,false,idealized 113/114 comparator
S4,S4,Idealized 113/114 cap-derived geometric schedule,173670000,173880000,210000,439405,0.00439405,92275050000,922.75050000,16789563211890000,167895632.11890000,false,idealized 113/114 comparator
S4,S4,Idealized 113/114 cap-derived geometric schedule,173880000,174090000,210000,435550,0.00435550,91465500000,914.65500000,16789654677390000,167896546.77390000,false,idealized 113/114 comparator
S4,S4,Idealized 113/114 cap-derived geometric schedule,174090000,174300000,210000,431729,0.00431729,90663090000,906.63090000,16789745340480000,167897453.40480000,false,idealized 113/114 comparator
S4,S4,Idealized 113/114 cap-derived geometric schedule,174300000,174510000,210000,427941,0.00427941,89867610000,898.67610000,16789835208090000,167898352.08090000,false,idealized 113/114 comparator
S4,S4,Idealized 113/114 cap-derived geometric schedule,174510000,174720000,210000,424187,0.00424187,89079270000,890.79270000,16789924287360000,167899242.87360000,false,idealized 113/114 comparator
S4,S4,Idealized 113/114 cap-derived geometric schedule,174720000,174930000,210000,420466,0.00420466,88297860000,882.97860000,16790012585220000,167900125.85220000,false,idealized 113/114 comparator
S4,S4,Idealized 113/114 cap-derived geometric schedule,174930000,175140000,210000,416777,0.00416777,87523170000,875.23170000,16790100108390000,167901001.08390000,false,idealized 113/114 comparator
S4,S4,Idealized 113/114 cap-derived geometric schedule,175140000,175350000,210000,413121,0.00413121,86755410000,867.55410000,16790186863800000,167901868.63800000,false,idealized 113/114 comparator
S4,S4,Idealized 113/114 cap-derived geometric schedule,175350000,175560000,210000,409497,0.00409497,85994370000,859.94370000,16790272858170000,167902728.58170000,false,idealized 113/114 comparator
S4,S4,Idealized 113/114 cap-derived geometric schedule,175560000,175770000,210000,405904,0.00405904,85239840000,852.39840000,16790358098010000,167903580.98010000,false,idealized 113/114 comparator
S4,S4,Idealized 113/114 cap-derived geometric schedule,175770000,175980000,210000,402343,0.00402343,84492030000,844.92030000,16790442590040000,167904425.90040000,false,idealized 113/114 comparator
S4,S4,Idealized 113/114 cap-derived geometric schedule,175980000,176190000,210000,398813,0.00398813,83750730000,837.50730000,16790526340770000,167905263.40770000,false,idealized 113/114 comparator
S4,S4,Idealized 113/114 cap-derived geometric schedule,176190000,176400000,210000,395314,0.00395314,83015940000,830.15940000,16790609356710000,167906093.56710000,false,idealized 113/114 comparator
S4,S4,Idealized 113/114 cap-derived geometric schedule,176400000,176610000,210000,391846,0.00391846,82287660000,822.87660000,16790691644370000,167906916.44370000,false,idealized 113/114 comparator
S4,S4,Idealized 113/114 cap-derived geometric schedule,176610000,176820000,210000,388408,0.00388408,81565680000,815.65680000,16790773210050000,167907732.10050000,false,idealized 113/114 comparator
S4,S4,Idealized 113/114 cap-derived geometric schedule,176820000,177030000,210000,385000,0.00385000,80850000000,808.50000000,16790854060050000,167908540.60050000,false,idealized 113/114 comparator
S4,S4,Idealized 113/114 cap-derived geometric schedule,177030000,177240000,210000,381622,0.00381622,80140620000,801.40620000,16790934200670000,167909342.00670000,false,idealized 113/114 comparator
S4,S4,Idealized 113/114 cap-derived geometric schedule,177240000,177450000,210000,378274,0.00378274,79437540000,794.37540000,16791013638210000,167910136.38210000,false,idealized 113/114 comparator
S4,S4,Idealized 113/114 cap-derived geometric schedule,177450000,177660000,210000,374955,0.00374955,78740550000,787.40550000,16791092378760000,167910923.78760000,false,idealized 113/114 comparator
S4,S4,Idealized 113/114 cap-derived geometric schedule,177660000,177870000,210000,371665,0.00371665,78049650000,780.49650000,16791170428410000,167911704.28410000,false,idealized 113/114 comparator
S4,S4,Idealized 113/114 cap-derived geometric schedule,177870000,178080000,210000,368404,0.00368404,77364840000,773.64840000,16791247793250000,167912477.93250000,false,idealized 113/114 comparator
S4,S4,Idealized 113/114 cap-derived geometric schedule,178080000,178290000,210000,365172,0.00365172,76686120000,766.86120000,16791324479370000,167913244.79370000,false,idealized 113/114 comparator
S4,S4,Idealized 113/114 cap-derived geometric schedule,178290000,178500000,210000,361968,0.00361968,76013280000,760.13280000,16791400492650000,167914004.92650000,false,idealized 113/114 comparator
S4,S4,Idealized 113/114 cap-derived geometric schedule,178500000,178710000,210000,358792,0.00358792,75346320000,753.46320000,16791475838970000,167914758.38970000,false,idealized 113/114 comparator
S4,S4,Idealized 113/114 cap-derived geometric schedule,178710000,178920000,210000,355644,0.00355644,74685240000,746.85240000,16791550524210000,167915505.24210000,false,idealized 113/114 comparator
S4,S4,Idealized 113/114 cap-derived geometric schedule,178920000,179130000,210000,352524,0.00352524,74030040000,740.30040000,16791624554250000,167916245.54250000,false,idealized 113/114 comparator
S4,S4,Idealized 113/114 cap-derived geometric schedule,179130000,179340000,210000,349431,0.00349431,73380510000,733.80510000,16791697934760000,167916979.34760000,false,idealized 113/114 comparator
S4,S4,Idealized 113/114 cap-derived geometric schedule,179340000,179550000,210000,346365,0.00346365,72736650000,727.36650000,16791770671410000,167917706.71410000,false,idealized 113/114 comparator
S4,S4,Idealized 113/114 cap-derived geometric schedule,179550000,179760000,210000,343326,0.00343326,72098460000,720.98460000,16791842769870000,167918427.69870000,false,idealized 113/114 comparator
S4,S4,Idealized 113/114 cap-derived geometric schedule,179760000,179970000,210000,340314,0.00340314,71465940000,714.65940000,16791914235810000,167919142.35810000,false,idealized 113/114 comparator
S4,S4,Idealized 113/114 cap-derived geometric schedule,179970000,180180000,210000,337328,0.00337328,70838880000,708.38880000,16791985074690000,167919850.74690000,false,idealized 113/114 comparator
S4,S4,Idealized 113/114 cap-derived geometric schedule,180180000,180390000,210000,334368,0.00334368,70217280000,702.17280000,16792055291970000,167920552.91970000,false,idealized 113/114 comparator
S4,S4,Idealized 113/114 cap-derived geometric schedule,180390000,180600000,210000,331434,0.00331434,69601140000,696.01140000,16792124893110000,167921248.93110000,false,idealized 113/114 comparator
S4,S4,Idealized 113/114 cap-derived geometric schedule,180600000,180810000,210000,328526,0.00328526,68990460000,689.90460000,16792193883570000,167921938.83570000,false,idealized 113/114 comparator
S4,S4,Idealized 113/114 cap-derived geometric schedule,180810000,181020000,210000,325644,0.00325644,68385240000,683.85240000,16792262268810000,167922622.68810000,false,idealized 113/114 comparator
S4,S4,Idealized 113/114 cap-derived geometric schedule,181020000,181230000,210000,322787,0.00322787,67785270000,677.85270000,16792330054080000,167923300.54080000,false,idealized 113/114 comparator
S4,S4,Idealized 113/114 cap-derived geometric schedule,181230000,181440000,210000,319955,0.00319955,67190550000,671.90550000,16792397244630000,167923972.44630000,false,idealized 113/114 comparator
S4,S4,Idealized 113/114 cap-derived geometric schedule,181440000,181650000,210000,317148,0.00317148,66601080000,666.01080000,16792463845710000,167924638.45710000,false,idealized 113/114 comparator
S4,S4,Idealized 113/114 cap-derived geometric schedule,181650000,181860000,210000,314366,0.00314366,66016860000,660.16860000,16792529862570000,167925298.62570000,false,idealized 113/114 comparator
S4,S4,Idealized 113/114 cap-derived geometric schedule,181860000,182070000,210000,311608,0.00311608,65437680000,654.37680000,16792595300250000,167925953.00250000,false,idealized 113/114 comparator
S4,S4,Idealized 113/114 cap-derived geometric schedule,182070000,182280000,210000,308874,0.00308874,64863540000,648.63540000,16792660163790000,167926601.63790000,false,idealized 113/114 comparator
S4,S4,Idealized 113/114 cap-derived geometric schedule,182280000,182490000,210000,306164,0.00306164,64294440000,642.94440000,16792724458230000,167927244.58230000,false,idealized 113/114 comparator
S4,S4,Idealized 113/114 cap-derived geometric schedule,182490000,182700000,210000,303478,0.00303478,63730380000,637.30380000,16792788188610000,167927881.88610000,false,idealized 113/114 comparator
S4,S4,Idealized 113/114 cap-derived geometric schedule,182700000,182910000,210000,300815,0.00300815,63171150000,631.71150000,16792851359760000,167928513.59760000,false,idealized 113/114 comparator
S4,S4,Idealized 113/114 cap-derived geometric schedule,182910000,183120000,210000,298176,0.00298176,62616960000,626.16960000,16792913976720000,167929139.76720000,false,idealized 113/114 comparator
S4,S4,Idealized 113/114 cap-derived geometric schedule,183120000,183330000,210000,295560,0.00295560,62067600000,620.67600000,16792976044320000,167929760.44320000,false,idealized 113/114 comparator
S4,S4,Idealized 113/114 cap-derived geometric schedule,183330000,183540000,210000,292967,0.00292967,61523070000,615.23070000,16793037567390000,167930375.67390000,false,idealized 113/114 comparator
S4,S4,Idealized 113/114 cap-derived geometric schedule,183540000,183750000,210000,290397,0.00290397,60983370000,609.83370000,16793098550760000,167930985.50760000,false,idealized 113/114 comparator
S4,S4,Idealized 113/114 cap-derived geometric schedule,183750000,183960000,210000,287849,0.00287849,60448290000,604.48290000,16793158999050000,167931589.99050000,false,idealized 113/114 comparator
S4,S4,Idealized 113/114 cap-derived geometric schedule,183960000,184170000,210000,285324,0.00285324,59918040000,599.18040000,16793218917090000,167932189.17090000,false,idealized 113/114 comparator
S4,S4,Idealized 113/114 cap-derived geometric schedule,184170000,184380000,210000,282821,0.00282821,59392410000,593.92410000,16793278309500000,167932783.09500000,false,idealized 113/114 comparator
S4,S4,Idealized 113/114 cap-derived geometric schedule,184380000,184590000,210000,280340,0.00280340,58871400000,588.71400000,16793337180900000,167933371.80900000,false,idealized 113/114 comparator
S4,S4,Idealized 113/114 cap-derived geometric schedule,184590000,184800000,210000,277880,0.00277880,58354800000,583.54800000,16793395535700000,167933955.35700000,false,idealized 113/114 comparator
S4,S4,Idealized 113/114 cap-derived geometric schedule,184800000,185010000,210000,275442,0.00275442,57842820000,578.42820000,16793453378520000,167934533.78520000,false,idealized 113/114 comparator
S4,S4,Idealized 113/114 cap-derived geometric schedule,185010000,185220000,210000,273025,0.00273025,57335250000,573.35250000,16793510713770000,167935107.13770000,false,idealized 113/114 comparator
S4,S4,Idealized 113/114 cap-derived geometric schedule,185220000,185430000,210000,270630,0.00270630,56832300000,568.32300000,16793567546070000,167935675.46070000,false,idealized 113/114 comparator
S4,S4,Idealized 113/114 cap-derived geometric schedule,185430000,185640000,210000,268256,0.00268256,56333760000,563.33760000,16793623879830000,167936238.79830000,false,idealized 113/114 comparator
S4,S4,Idealized 113/114 cap-derived geometric schedule,185640000,185850000,210000,265902,0.00265902,55839420000,558.39420000,16793679719250000,167936797.19250000,false,idealized 113/114 comparator
S4,S4,Idealized 113/114 cap-derived geometric schedule,185850000,186060000,210000,263569,0.00263569,55349490000,553.49490000,16793735068740000,167937350.68740000,false,idealized 113/114 comparator
S4,S4,Idealized 113/114 cap-derived geometric schedule,186060000,186270000,210000,261256,0.00261256,54863760000,548.63760000,16793789932500000,167937899.32500000,false,idealized 113/114 comparator
S4,S4,Idealized 113/114 cap-derived geometric schedule,186270000,186480000,210000,258964,0.00258964,54382440000,543.82440000,16793844314940000,167938443.14940000,false,idealized 113/114 comparator
S4,S4,Idealized 113/114 cap-derived geometric schedule,186480000,186690000,210000,256692,0.00256692,53905320000,539.05320000,16793898220260000,167938982.20260000,false,idealized 113/114 comparator
S4,S4,Idealized 113/114 cap-derived geometric schedule,186690000,186900000,210000,254440,0.00254440,53432400000,534.32400000,16793951652660000,167939516.52660000,false,idealized 113/114 comparator
S4,S4,Idealized 113/114 cap-derived geometric schedule,186900000,187110000,210000,252208,0.00252208,52963680000,529.63680000,16794004616340000,167940046.16340000,false,idealized 113/114 comparator
S4,S4,Idealized 113/114 cap-derived geometric schedule,187110000,187320000,210000,249995,0.00249995,52498950000,524.98950000,16794057115290000,167940571.15290000,false,idealized 113/114 comparator
S4,S4,Idealized 113/114 cap-derived geometric schedule,187320000,187530000,210000,247802,0.00247802,52038420000,520.38420000,16794109153710000,167941091.53710000,false,idealized 113/114 comparator
S4,S4,Idealized 113/114 cap-derived geometric schedule,187530000,187740000,210000,245628,0.00245628,51581880000,515.81880000,16794160735590000,167941607.35590000,false,idealized 113/114 comparator
S4,S4,Idealized 113/114 cap-derived geometric schedule,187740000,187950000,210000,243473,0.00243473,51129330000,511.29330000,16794211864920000,167942118.64920000,false,idealized 113/114 comparator
S4,S4,Idealized 113/114 cap-derived geometric schedule,187950000,188160000,210000,241337,0.00241337,50680770000,506.80770000,16794262545690000,167942625.45690000,false,idealized 113/114 comparator
S4,S4,Idealized 113/114 cap-derived geometric schedule,188160000,188370000,210000,239220,0.00239220,50236200000,502.36200000,16794312781890000,167943127.81890000,false,idealized 113/114 comparator
S4,S4,Idealized 113/114 cap-derived geometric schedule,188370000,188580000,210000,237121,0.00237121,49795410000,497.95410000,16794362577300000,167943625.77300000,false,idealized 113/114 comparator
S4,S4,Idealized 113/114 cap-derived geometric schedule,188580000,188790000,210000,235040,0.00235040,49358400000,493.58400000,16794411935700000,167944119.35700000,false,idealized 113/114 comparator
S4,S4,Idealized 113/114 cap-derived geometric schedule,188790000,189000000,210000,232978,0.00232978,48925380000,489.25380000,16794460861080000,167944608.61080000,false,idealized 113/114 comparator
S4,S4,Idealized 113/114 cap-derived geometric schedule,189000000,189210000,210000,230934,0.00230934,48496140000,484.96140000,16794509357220000,167945093.57220000,false,idealized 113/114 comparator
S4,S4,Idealized 113/114 cap-derived geometric schedule,189210000,189420000,210000,228908,0.00228908,48070680000,480.70680000,16794557427900000,167945574.27900000,false,idealized 113/114 comparator
S4,S4,Idealized 113/114 cap-derived geometric schedule,189420000,189630000,210000,226900,0.00226900,47649000000,476.49000000,16794605076900000,167946050.76900000,false,idealized 113/114 comparator
S4,S4,Idealized 113/114 cap-derived geometric schedule,189630000,189840000,210000,224909,0.00224909,47230890000,472.30890000,16794652307790000,167946523.07790000,false,idealized 113/114 comparator
S4,S4,Idealized 113/114 cap-derived geometric schedule,189840000,190050000,210000,222936,0.00222936,46816560000,468.16560000,16794699124350000,167946991.24350000,false,idealized 113/114 comparator
S4,S4,Idealized 113/114 cap-derived geometric schedule,190050000,190260000,210000,220980,0.00220980,46405800000,464.05800000,16794745530150000,167947455.30150000,false,idealized 113/114 comparator
S4,S4,Idealized 113/114 cap-derived geometric schedule,190260000,190470000,210000,219041,0.00219041,45998610000,459.98610000,16794791528760000,167947915.28760000,false,idealized 113/114 comparator
S4,S4,Idealized 113/114 cap-derived geometric schedule,190470000,190680000,210000,217119,0.00217119,45594990000,455.94990000,16794837123750000,167948371.23750000,false,idealized 113/114 comparator
S4,S4,Idealized 113/114 cap-derived geometric schedule,190680000,190890000,210000,215214,0.00215214,45194940000,451.94940000,16794882318690000,167948823.18690000,false,idealized 113/114 comparator
S4,S4,Idealized 113/114 cap-derived geometric schedule,190890000,191100000,210000,213326,0.00213326,44798460000,447.98460000,16794927117150000,167949271.17150000,false,idealized 113/114 comparator
S4,S4,Idealized 113/114 cap-derived geometric schedule,191100000,191310000,210000,211454,0.00211454,44405340000,444.05340000,16794971522490000,167949715.22490000,false,idealized 113/114 comparator
S4,S4,Idealized 113/114 cap-derived geometric schedule,191310000,191520000,210000,209599,0.00209599,44015790000,440.15790000,16795015538280000,167950155.38280000,false,idealized 113/114 comparator
S4,S4,Idealized 113/114 cap-derived geometric schedule,191520000,191730000,210000,207760,0.00207760,43629600000,436.29600000,16795059167880000,167950591.67880000,false,idealized 113/114 comparator
S4,S4,Idealized 113/114 cap-derived geometric schedule,191730000,191940000,210000,205937,0.00205937,43246770000,432.46770000,16795102414650000,167951024.14650000,false,idealized 113/114 comparator
S4,S4,Idealized 113/114 cap-derived geometric schedule,191940000,192150000,210000,204130,0.00204130,42867300000,428.67300000,16795145281950000,167951452.81950000,false,idealized 113/114 comparator
S4,S4,Idealized 113/114 cap-derived geometric schedule,192150000,192360000,210000,202339,0.00202339,42491190000,424.91190000,16795187773140000,167951877.73140000,false,idealized 113/114 comparator
S4,S4,Idealized 113/114 cap-derived geometric schedule,192360000,192570000,210000,200564,0.00200564,42118440000,421.18440000,16795229891580000,167952298.91580000,false,idealized 113/114 comparator
S4,S4,Idealized 113/114 cap-derived geometric schedule,192570000,192780000,210000,198804,0.00198804,41748840000,417.48840000,16795271640420000,167952716.40420000,false,idealized 113/114 comparator
S4,S4,Idealized 113/114 cap-derived geometric schedule,192780000,192990000,210000,197060,0.00197060,41382600000,413.82600000,16795313023020000,167953130.23020000,false,idealized 113/114 comparator
S4,S4,Idealized 113/114 cap-derived geometric schedule,192990000,193200000,210000,195331,0.00195331,41019510000,410.19510000,16795354042530000,167953540.42530000,false,idealized 113/114 comparator
S4,S4,Idealized 113/114 cap-derived geometric schedule,193200000,193410000,210000,193617,0.00193617,40659570000,406.59570000,16795394702100000,167953947.02100000,false,idealized 113/114 comparator
S4,S4,Idealized 113/114 cap-derived geometric schedule,193410000,193620000,210000,191918,0.00191918,40302780000,403.02780000,16795435004880000,167954350.04880000,false,idealized 113/114 comparator
S4,S4,Idealized 113/114 cap-derived geometric schedule,193620000,193830000,210000,190234,0.00190234,39949140000,399.49140000,16795474954020000,167954749.54020000,false,idealized 113/114 comparator
S4,S4,Idealized 113/114 cap-derived geometric schedule,193830000,194040000,210000,188565,0.00188565,39598650000,395.98650000,16795514552670000,167955145.52670000,false,idealized 113/114 comparator
S4,S4,Idealized 113/114 cap-derived geometric schedule,194040000,194250000,210000,186910,0.00186910,39251100000,392.51100000,16795553803770000,167955538.03770000,false,idealized 113/114 comparator
S4,S4,Idealized 113/114 cap-derived geometric schedule,194250000,194460000,210000,185270,0.00185270,38906700000,389.06700000,16795592710470000,167955927.10470000,false,idealized 113/114 comparator
S4,S4,Idealized 113/114 cap-derived geometric schedule,194460000,194670000,210000,183644,0.00183644,38565240000,385.65240000,16795631275710000,167956312.75710000,false,idealized 113/114 comparator
S4,S4,Idealized 113/114 cap-derived geometric schedule,194670000,194880000,210000,182033,0.00182033,38226930000,382.26930000,16795669502640000,167956695.02640000,false,idealized 113/114 comparator
S4,S4,Idealized 113/114 cap-derived geometric schedule,194880000,195090000,210000,180436,0.00180436,37891560000,378.91560000,16795707394200000,167957073.94200000,false,idealized 113/114 comparator
S4,S4,Idealized 113/114 cap-derived geometric schedule,195090000,195300000,210000,178853,0.00178853,37559130000,375.59130000,16795744953330000,167957449.53330000,false,idealized 113/114 comparator
S4,S4,Idealized 113/114 cap-derived geometric schedule,195300000,195510000,210000,177284,0.00177284,37229640000,372.29640000,16795782182970000,167957821.82970000,false,idealized 113/114 comparator
S4,S4,Idealized 113/114 cap-derived geometric schedule,195510000,195720000,210000,175728,0.00175728,36902880000,369.02880000,16795819085850000,167958190.85850000,false,idealized 113/114 comparator
S4,S4,Idealized 113/114 cap-derived geometric schedule,195720000,195930000,210000,174186,0.00174186,36579060000,365.79060000,16795855664910000,167958556.64910000,false,idealized 113/114 comparator
S4,S4,Idealized 113/114 cap-derived geometric schedule,195930000,196140000,210000,172658,0.00172658,36258180000,362.58180000,16795891923090000,167958919.23090000,false,idealized 113/114 comparator
S4,S4,Idealized 113/114 cap-derived geometric schedule,196140000,196350000,210000,171143,0.00171143,35940030000,359.40030000,16795927863120000,167959278.63120000,false,idealized 113/114 comparator
S4,S4,Idealized 113/114 cap-derived geometric schedule,196350000,196560000,210000,169641,0.00169641,35624610000,356.24610000,16795963487730000,167959634.87730000,false,idealized 113/114 comparator
S4,S4,Idealized 113/114 cap-derived geometric schedule,196560000,196770000,210000,168152,0.00168152,35311920000,353.11920000,16795998799650000,167959987.99650000,false,idealized 113/114 comparator
S4,S4,Idealized 113/114 cap-derived geometric schedule,196770000,196980000,210000,166676,0.00166676,35001960000,350.01960000,16796033801610000,167960338.01610000,false,idealized 113/114 comparator
S4,S4,Idealized 113/114 cap-derived geometric schedule,196980000,197190000,210000,165213,0.00165213,34694730000,346.94730000,16796068496340000,167960684.96340000,false,idealized 113/114 comparator
S4,S4,Idealized 113/114 cap-derived geometric schedule,197190000,197400000,210000,163763,0.00163763,34390230000,343.90230000,16796102886570000,167961028.86570000,false,idealized 113/114 comparator
S4,S4,Idealized 113/114 cap-derived geometric schedule,197400000,197610000,210000,162326,0.00162326,34088460000,340.88460000,16796136975030000,167961369.75030000,false,idealized 113/114 comparator
S4,S4,Idealized 113/114 cap-derived geometric schedule,197610000,197820000,210000,160902,0.00160902,33789420000,337.89420000,16796170764450000,167961707.64450000,false,idealized 113/114 comparator
S4,S4,Idealized 113/114 cap-derived geometric schedule,197820000,198030000,210000,159490,0.00159490,33492900000,334.92900000,16796204257350000,167962042.57350000,false,idealized 113/114 comparator
S4,S4,Idealized 113/114 cap-derived geometric schedule,198030000,198240000,210000,158090,0.00158090,33198900000,331.98900000,16796237456250000,167962374.56250000,false,idealized 113/114 comparator
S4,S4,Idealized 113/114 cap-derived geometric schedule,198240000,198450000,210000,156703,0.00156703,32907630000,329.07630000,16796270363880000,167962703.63880000,false,idealized 113/114 comparator
S4,S4,Idealized 113/114 cap-derived geometric schedule,198450000,198660000,210000,155328,0.00155328,32618880000,326.18880000,16796302982760000,167963029.82760000,false,idealized 113/114 comparator
S4,S4,Idealized 113/114 cap-derived geometric schedule,198660000,198870000,210000,153965,0.00153965,32332650000,323.32650000,16796335315410000,167963353.15410000,false,idealized 113/114 comparator
S4,S4,Idealized 113/114 cap-derived geometric schedule,198870000,199080000,210000,152614,0.00152614,32048940000,320.48940000,16796367364350000,167963673.64350000,false,idealized 113/114 comparator
S4,S4,Idealized 113/114 cap-derived geometric schedule,199080000,199290000,210000,151275,0.00151275,31767750000,317.67750000,16796399132100000,167963991.32100000,false,idealized 113/114 comparator
S4,S4,Idealized 113/114 cap-derived geometric schedule,199290000,199500000,210000,149948,0.00149948,31489080000,314.89080000,16796430621180000,167964306.21180000,false,idealized 113/114 comparator
S4,S4,Idealized 113/114 cap-derived geometric schedule,199500000,199710000,210000,148632,0.00148632,31212720000,312.12720000,16796461833900000,167964618.33900000,false,idealized 113/114 comparator
S4,S4,Idealized 113/114 cap-derived geometric schedule,199710000,199920000,210000,147328,0.00147328,30938880000,309.38880000,16796492772780000,167964927.72780000,false,idealized 113/114 comparator
S4,S4,Idealized 113/114 cap-derived geometric schedule,199920000,200130000,210000,146035,0.00146035,30667350000,306.67350000,16796523440130000,167965234.40130000,false,idealized 113/114 comparator
S4,S4,Idealized 113/114 cap-derived geometric schedule,200130000,200340000,210000,144753,0.00144753,30398130000,303.98130000,16796553838260000,167965538.38260000,false,idealized 113/114 comparator
S4,S4,Idealized 113/114 cap-derived geometric schedule,200340000,200550000,210000,143483,0.00143483,30131430000,301.31430000,16796583969690000,167965839.69690000,false,idealized 113/114 comparator
S4,S4,Idealized 113/114 cap-derived geometric schedule,200550000,200760000,210000,142224,0.00142224,29867040000,298.67040000,16796613836730000,167966138.36730000,false,idealized 113/114 comparator
S4,S4,Idealized 113/114 cap-derived geometric schedule,200760000,200970000,210000,140976,0.00140976,29604960000,296.04960000,16796643441690000,167966434.41690000,false,idealized 113/114 comparator
S4,S4,Idealized 113/114 cap-derived geometric schedule,200970000,201180000,210000,139739,0.00139739,29345190000,293.45190000,16796672786880000,167966727.86880000,false,idealized 113/114 comparator
S4,S4,Idealized 113/114 cap-derived geometric schedule,201180000,201390000,210000,138513,0.00138513,29087730000,290.87730000,16796701874610000,167967018.74610000,false,idealized 113/114 comparator
S4,S4,Idealized 113/114 cap-derived geometric schedule,201390000,201600000,210000,137297,0.00137297,28832370000,288.32370000,16796730706980000,167967307.06980000,false,idealized 113/114 comparator
S4,S4,Idealized 113/114 cap-derived geometric schedule,201600000,201810000,210000,136092,0.00136092,28579320000,285.79320000,16796759286300000,167967592.86300000,false,idealized 113/114 comparator
S4,S4,Idealized 113/114 cap-derived geometric schedule,201810000,202020000,210000,134898,0.00134898,28328580000,283.28580000,16796787614880000,167967876.14880000,false,idealized 113/114 comparator
S4,S4,Idealized 113/114 cap-derived geometric schedule,202020000,202230000,210000,133714,0.00133714,28079940000,280.79940000,16796815694820000,167968156.94820000,false,idealized 113/114 comparator
S4,S4,Idealized 113/114 cap-derived geometric schedule,202230000,202440000,210000,132541,0.00132541,27833610000,278.33610000,16796843528430000,167968435.28430000,false,idealized 113/114 comparator
S4,S4,Idealized 113/114 cap-derived geometric schedule,202440000,202650000,210000,131378,0.00131378,27589380000,275.89380000,16796871117810000,167968711.17810000,false,idealized 113/114 comparator
S4,S4,Idealized 113/114 cap-derived geometric schedule,202650000,202860000,210000,130225,0.00130225,27347250000,273.47250000,16796898465060000,167968984.65060000,false,idealized 113/114 comparator
S4,S4,Idealized 113/114 cap-derived geometric schedule,202860000,203070000,210000,129082,0.00129082,27107220000,271.07220000,16796925572280000,167969255.72280000,false,idealized 113/114 comparator
S4,S4,Idealized 113/114 cap-derived geometric schedule,203070000,203280000,210000,127949,0.00127949,26869290000,268.69290000,16796952441570000,167969524.41570000,false,idealized 113/114 comparator
S4,S4,Idealized 113/114 cap-derived geometric schedule,203280000,203490000,210000,126826,0.00126826,26633460000,266.33460000,16796979075030000,167969790.75030000,false,idealized 113/114 comparator
S4,S4,Idealized 113/114 cap-derived geometric schedule,203490000,203700000,210000,125713,0.00125713,26399730000,263.99730000,16797005474760000,167970054.74760000,false,idealized 113/114 comparator
S4,S4,Idealized 113/114 cap-derived geometric schedule,203700000,203910000,210000,124610,0.00124610,26168100000,261.68100000,16797031642860000,167970316.42860000,false,idealized 113/114 comparator
S4,S4,Idealized 113/114 cap-derived geometric schedule,203910000,204120000,210000,123516,0.00123516,25938360000,259.38360000,16797057581220000,167970575.81220000,false,idealized 113/114 comparator
S4,S4,Idealized 113/114 cap-derived geometric schedule,204120000,204330000,210000,122432,0.00122432,25710720000,257.10720000,16797083291940000,167970832.91940000,false,idealized 113/114 comparator
S4,S4,Idealized 113/114 cap-derived geometric schedule,204330000,204540000,210000,121358,0.00121358,25485180000,254.85180000,16797108777120000,167971087.77120000,false,idealized 113/114 comparator
S4,S4,Idealized 113/114 cap-derived geometric schedule,204540000,204750000,210000,120293,0.00120293,25261530000,252.61530000,16797134038650000,167971340.38650000,false,idealized 113/114 comparator
S4,S4,Idealized 113/114 cap-derived geometric schedule,204750000,204960000,210000,119237,0.00119237,25039770000,250.39770000,16797159078420000,167971590.78420000,false,idealized 113/114 comparator
S4,S4,Idealized 113/114 cap-derived geometric schedule,204960000,205170000,210000,118191,0.00118191,24820110000,248.20110000,16797183898530000,167971838.98530000,false,idealized 113/114 comparator
S4,S4,Idealized 113/114 cap-derived geometric schedule,205170000,205380000,210000,117154,0.00117154,24602340000,246.02340000,16797208500870000,167972085.00870000,false,idealized 113/114 comparator
S4,S4,Idealized 113/114 cap-derived geometric schedule,205380000,205590000,210000,116126,0.00116126,24386460000,243.86460000,16797232887330000,167972328.87330000,false,idealized 113/114 comparator
S4,S4,Idealized 113/114 cap-derived geometric schedule,205590000,205800000,210000,115107,0.00115107,24172470000,241.72470000,16797257059800000,167972570.59800000,false,idealized 113/114 comparator
S4,S4,Idealized 113/114 cap-derived geometric schedule,205800000,206010000,210000,114097,0.00114097,23960370000,239.60370000,16797281020170000,167972810.20170000,false,idealized 113/114 comparator
S4,S4,Idealized 113/114 cap-derived geometric schedule,206010000,206220000,210000,113096,0.00113096,23750160000,237.50160000,16797304770330000,167973047.70330000,false,idealized 113/114 comparator
S4,S4,Idealized 113/114 cap-derived geometric schedule,206220000,206430000,210000,112103,0.00112103,23541630000,235.41630000,16797328311960000,167973283.11960000,false,idealized 113/114 comparator
S4,S4,Idealized 113/114 cap-derived geometric schedule,206430000,206640000,210000,111119,0.00111119,23334990000,233.34990000,16797351646950000,167973516.46950000,false,idealized 113/114 comparator
S4,S4,Idealized 113/114 cap-derived geometric schedule,206640000,206850000,210000,110144,0.00110144,23130240000,231.30240000,16797374777190000,167973747.77190000,false,idealized 113/114 comparator
S4,S4,Idealized 113/114 cap-derived geometric schedule,206850000,207060000,210000,109177,0.00109177,22927170000,229.27170000,16797397704360000,167973977.04360000,false,idealized 113/114 comparator
S4,S4,Idealized 113/114 cap-derived geometric schedule,207060000,207270000,210000,108219,0.00108219,22725990000,227.25990000,16797420430350000,167974204.30350000,false,idealized 113/114 comparator
S4,S4,Idealized 113/114 cap-derived geometric schedule,207270000,207480000,210000,107269,0.00107269,22526490000,225.26490000,16797442956840000,167974429.56840000,false,idealized 113/114 comparator
S4,S4,Idealized 113/114 cap-derived geometric schedule,207480000,207690000,210000,106328,0.00106328,22328880000,223.28880000,16797465285720000,167974652.85720000,false,idealized 113/114 comparator
S4,S4,Idealized 113/114 cap-derived geometric schedule,207690000,207900000,210000,105395,0.00105395,22132950000,221.32950000,16797487418670000,167974874.18670000,false,idealized 113/114 comparator
S4,S4,Idealized 113/114 cap-derived geometric schedule,207900000,208110000,210000,104470,0.00104470,21938700000,219.38700000,16797509357370000,167975093.57370000,false,idealized 113/114 comparator
S4,S4,Idealized 113/114 cap-derived geometric schedule,208110000,208320000,210000,103553,0.00103553,21746130000,217.46130000,16797531103500000,167975311.03500000,false,idealized 113/114 comparator
S4,S4,Idealized 113/114 cap-derived geometric schedule,208320000,208530000,210000,102644,0.00102644,21555240000,215.55240000,16797552658740000,167975526.58740000,false,idealized 113/114 comparator
S4,S4,Idealized 113/114 cap-derived geometric schedule,208530000,208740000,210000,101743,0.00101743,21366030000,213.66030000,16797574024770000,167975740.24770000,false,idealized 113/114 comparator
S4,S4,Idealized 113/114 cap-derived geometric schedule,208740000,208950000,210000,100850,0.00100850,21178500000,211.78500000,16797595203270000,167975952.03270000,false,idealized 113/114 comparator
S4,S4,Idealized 113/114 cap-derived geometric schedule,208950000,209160000,210000,99965,0.00099965,20992650000,209.92650000,16797616195920000,167976161.95920000,false,idealized 113/114 comparator
S4,S4,Idealized 113/114 cap-derived geometric schedule,209160000,209370000,210000,99088,0.00099088,20808480000,208.08480000,16797637004400000,167976370.04400000,false,idealized 113/114 comparator
S4,S4,Idealized 113/114 cap-derived geometric schedule,209370000,209580000,210000,98218,0.00098218,20625780000,206.25780000,16797657630180000,167976576.30180000,false,idealized 113/114 comparator
S4,S4,Idealized 113/114 cap-derived geometric schedule,209580000,209790000,210000,97356,0.00097356,20444760000,204.44760000,16797678074940000,167976780.74940000,false,idealized 113/114 comparator
S4,S4,Idealized 113/114 cap-derived geometric schedule,209790000,210000000,210000,96502,0.00096502,20265420000,202.65420000,16797698340360000,167976983.40360000,false,idealized 113/114 comparator
S4,S4,Idealized 113/114 cap-derived geometric schedule,210000000,210210000,210000,95655,0.00095655,20087550000,200.87550000,16797718427910000,167977184.27910000,false,idealized 113/114 comparator
S4,S4,Idealized 113/114 cap-derived geometric schedule,210210000,210420000,210000,94815,0.00094815,19911150000,199.11150000,16797738339060000,167977383.39060000,false,idealized 113/114 comparator
S4,S4,Idealized 113/114 cap-derived geometric schedule,210420000,210630000,210000,93983,0.00093983,19736430000,197.36430000,16797758075490000,167977580.75490000,false,idealized 113/114 comparator
S4,S4,Idealized 113/114 cap-derived geometric schedule,210630000,210840000,210000,93158,0.00093158,19563180000,195.63180000,16797777638670000,167977776.38670000,false,idealized 113/114 comparator
S4,S4,Idealized 113/114 cap-derived geometric schedule,210840000,211050000,210000,92340,0.00092340,19391400000,193.91400000,16797797030070000,167977970.30070000,false,idealized 113/114 comparator
S4,S4,Idealized 113/114 cap-derived geometric schedule,211050000,211260000,210000,91530,0.00091530,19221300000,192.21300000,16797816251370000,167978162.51370000,false,idealized 113/114 comparator
S4,S4,Idealized 113/114 cap-derived geometric schedule,211260000,211470000,210000,90727,0.00090727,19052670000,190.52670000,16797835304040000,167978353.04040000,false,idealized 113/114 comparator
S4,S4,Idealized 113/114 cap-derived geometric schedule,211470000,211680000,210000,89931,0.00089931,18885510000,188.85510000,16797854189550000,167978541.89550000,false,idealized 113/114 comparator
S4,S4,Idealized 113/114 cap-derived geometric schedule,211680000,211890000,210000,89142,0.00089142,18719820000,187.19820000,16797872909370000,167978729.09370000,false,idealized 113/114 comparator
S4,S4,Idealized 113/114 cap-derived geometric schedule,211890000,212100000,210000,88360,0.00088360,18555600000,185.55600000,16797891464970000,167978914.64970000,false,idealized 113/114 comparator
S4,S4,Idealized 113/114 cap-derived geometric schedule,212100000,212310000,210000,87584,0.00087584,18392640000,183.92640000,16797909857610000,167979098.57610000,false,idealized 113/114 comparator
S4,S4,Idealized 113/114 cap-derived geometric schedule,212310000,212520000,210000,86815,0.00086815,18231150000,182.31150000,16797928088760000,167979280.88760000,false,idealized 113/114 comparator
S4,S4,Idealized 113/114 cap-derived geometric schedule,212520000,212730000,210000,86053,0.00086053,18071130000,180.71130000,16797946159890000,167979461.59890000,false,idealized 113/114 comparator
S4,S4,Idealized 113/114 cap-derived geometric schedule,212730000,212940000,210000,85298,0.00085298,17912580000,179.12580000,16797964072470000,167979640.72470000,false,idealized 113/114 comparator
S4,S4,Idealized 113/114 cap-derived geometric schedule,212940000,213150000,210000,84549,0.00084549,17755290000,177.55290000,16797981827760000,167979818.27760000,false,idealized 113/114 comparator
S4,S4,Idealized 113/114 cap-derived geometric schedule,213150000,213360000,210000,83807,0.00083807,17599470000,175.99470000,16797999427230000,167979994.27230000,false,idealized 113/114 comparator
S4,S4,Idealized 113/114 cap-derived geometric schedule,213360000,213570000,210000,83071,0.00083071,17444910000,174.44910000,16798016872140000,167980168.72140000,false,idealized 113/114 comparator
S4,S4,Idealized 113/114 cap-derived geometric schedule,213570000,213780000,210000,82342,0.00082342,17291820000,172.91820000,16798034163960000,167980341.63960000,false,idealized 113/114 comparator
S4,S4,Idealized 113/114 cap-derived geometric schedule,213780000,213990000,210000,81619,0.00081619,17139990000,171.39990000,16798051303950000,167980513.03950000,false,idealized 113/114 comparator
S4,S4,Idealized 113/114 cap-derived geometric schedule,213990000,214200000,210000,80903,0.00080903,16989630000,169.89630000,16798068293580000,167980682.93580000,false,idealized 113/114 comparator
S4,S4,Idealized 113/114 cap-derived geometric schedule,214200000,214410000,210000,80193,0.00080193,16840530000,168.40530000,16798085134110000,167980851.34110000,false,idealized 113/114 comparator
S4,S4,Idealized 113/114 cap-derived geometric schedule,214410000,214620000,210000,79489,0.00079489,16692690000,166.92690000,16798101826800000,167981018.26800000,false,idealized 113/114 comparator
S4,S4,Idealized 113/114 cap-derived geometric schedule,214620000,214830000,210000,78791,0.00078791,16546110000,165.46110000,16798118372910000,167981183.72910000,false,idealized 113/114 comparator
S4,S4,Idealized 113/114 cap-derived geometric schedule,214830000,215040000,210000,78099,0.00078099,16400790000,164.00790000,16798134773700000,167981347.73700000,false,idealized 113/114 comparator
S4,S4,Idealized 113/114 cap-derived geometric schedule,215040000,215250000,210000,77413,0.00077413,16256730000,162.56730000,16798151030430000,167981510.30430000,false,idealized 113/114 comparator
S4,S4,Idealized 113/114 cap-derived geometric schedule,215250000,215460000,210000,76733,0.00076733,16113930000,161.13930000,16798167144360000,167981671.44360000,false,idealized 113/114 comparator
S4,S4,Idealized 113/114 cap-derived geometric schedule,215460000,215670000,210000,76059,0.00076059,15972390000,159.72390000,16798183116750000,167981831.16750000,false,idealized 113/114 comparator
S4,S4,Idealized 113/114 cap-derived geometric schedule,215670000,215880000,210000,75391,0.00075391,15832110000,158.32110000,16798198948860000,167981989.48860000,false,idealized 113/114 comparator
S4,S4,Idealized 113/114 cap-derived geometric schedule,215880000,216090000,210000,74729,0.00074729,15693090000,156.93090000,16798214641950000,167982146.41950000,false,idealized 113/114 comparator
S4,S4,Idealized 113/114 cap-derived geometric schedule,216090000,216300000,210000,74073,0.00074073,15555330000,155.55330000,16798230197280000,167982301.97280000,false,idealized 113/114 comparator
S4,S4,Idealized 113/114 cap-derived geometric schedule,216300000,216510000,210000,73423,0.00073423,15418830000,154.18830000,16798245616110000,167982456.16110000,false,idealized 113/114 comparator
S4,S4,Idealized 113/114 cap-derived geometric schedule,216510000,216720000,210000,72778,0.00072778,15283380000,152.83380000,16798260899490000,167982608.99490000,false,idealized 113/114 comparator
S4,S4,Idealized 113/114 cap-derived geometric schedule,216720000,216930000,210000,72139,0.00072139,15149190000,151.49190000,16798276048680000,167982760.48680000,false,idealized 113/114 comparator
S4,S4,Idealized 113/114 cap-derived geometric schedule,216930000,217140000,210000,71506,0.00071506,15016260000,150.16260000,16798291064940000,167982910.64940000,false,idealized 113/114 comparator
S4,S4,Idealized 113/114 cap-derived geometric schedule,217140000,217350000,210000,70878,0.00070878,14884380000,148.84380000,16798305949320000,167983059.49320000,false,idealized 113/114 comparator
S4,S4,Idealized 113/114 cap-derived geometric schedule,217350000,217560000,210000,70256,0.00070256,14753760000,147.53760000,16798320703080000,167983207.03080000,false,idealized 113/114 comparator
S4,S4,Idealized 113/114 cap-derived geometric schedule,217560000,217770000,210000,69639,0.00069639,14624190000,146.24190000,16798335327270000,167983353.27270000,false,idealized 113/114 comparator
S4,S4,Idealized 113/114 cap-derived geometric schedule,217770000,217980000,210000,69028,0.00069028,14495880000,144.95880000,16798349823150000,167983498.23150000,false,idealized 113/114 comparator
S4,S4,Idealized 113/114 cap-derived geometric schedule,217980000,218190000,210000,68422,0.00068422,14368620000,143.68620000,16798364191770000,167983641.91770000,false,idealized 113/114 comparator
S4,S4,Idealized 113/114 cap-derived geometric schedule,218190000,218400000,210000,67821,0.00067821,14242410000,142.42410000,16798378434180000,167983784.34180000,false,idealized 113/114 comparator
S4,S4,Idealized 113/114 cap-derived geometric schedule,218400000,218610000,210000,67226,0.00067226,14117460000,141.17460000,16798392551640000,167983925.51640000,false,idealized 113/114 comparator
S4,S4,Idealized 113/114 cap-derived geometric schedule,218610000,218820000,210000,66636,0.00066636,13993560000,139.93560000,16798406545200000,167984065.45200000,false,idealized 113/114 comparator
S4,S4,Idealized 113/114 cap-derived geometric schedule,218820000,219030000,210000,66051,0.00066051,13870710000,138.70710000,16798420415910000,167984204.15910000,false,idealized 113/114 comparator
S4,S4,Idealized 113/114 cap-derived geometric schedule,219030000,219240000,210000,65471,0.00065471,13748910000,137.48910000,16798434164820000,167984341.64820000,false,idealized 113/114 comparator
S4,S4,Idealized 113/114 cap-derived geometric schedule,219240000,219450000,210000,64896,0.00064896,13628160000,136.28160000,16798447792980000,167984477.92980000,false,idealized 113/114 comparator
S4,S4,Idealized 113/114 cap-derived geometric schedule,219450000,219660000,210000,64326,0.00064326,13508460000,135.08460000,16798461301440000,167984613.01440000,false,idealized 113/114 comparator
S4,S4,Idealized 113/114 cap-derived geometric schedule,219660000,219870000,210000,63761,0.00063761,13389810000,133.89810000,16798474691250000,167984746.91250000,false,idealized 113/114 comparator
S4,S4,Idealized 113/114 cap-derived geometric schedule,219870000,220080000,210000,63201,0.00063201,13272210000,132.72210000,16798487963460000,167984879.63460000,false,idealized 113/114 comparator
S4,S4,Idealized 113/114 cap-derived geometric schedule,220080000,220290000,210000,62646,0.00062646,13155660000,131.55660000,16798501119120000,167985011.19120000,false,idealized 113/114 comparator
S4,S4,Idealized 113/114 cap-derived geometric schedule,220290000,220500000,210000,62096,0.00062096,13040160000,130.40160000,16798514159280000,167985141.59280000,false,idealized 113/114 comparator
S4,S4,Idealized 113/114 cap-derived geometric schedule,220500000,220710000,210000,61551,0.00061551,12925710000,129.25710000,16798527084990000,167985270.84990000,false,idealized 113/114 comparator
S4,S4,Idealized 113/114 cap-derived geometric schedule,220710000,220920000,210000,61011,0.00061011,12812310000,128.12310000,16798539897300000,167985398.97300000,false,idealized 113/114 comparator
S4,S4,Idealized 113/114 cap-derived geometric schedule,220920000,221130000,210000,60475,0.00060475,12699750000,126.99750000,16798552597050000,167985525.97050000,false,idealized 113/114 comparator
S4,S4,Idealized 113/114 cap-derived geometric schedule,221130000,221340000,210000,59944,0.00059944,12588240000,125.88240000,16798565185290000,167985651.85290000,false,idealized 113/114 comparator
S4,S4,Idealized 113/114 cap-derived geometric schedule,221340000,221550000,210000,59418,0.00059418,12477780000,124.77780000,16798577663070000,167985776.63070000,false,idealized 113/114 comparator
S4,S4,Idealized 113/114 cap-derived geometric schedule,221550000,221760000,210000,58896,0.00058896,12368160000,123.68160000,16798590031230000,167985900.31230000,false,idealized 113/114 comparator
S4,S4,Idealized 113/114 cap-derived geometric schedule,221760000,221970000,210000,58379,0.00058379,12259590000,122.59590000,16798602290820000,167986022.90820000,false,idealized 113/114 comparator
S4,S4,Idealized 113/114 cap-derived geometric schedule,221970000,222180000,210000,57866,0.00057866,12151860000,121.51860000,16798614442680000,167986144.42680000,false,idealized 113/114 comparator
S4,S4,Idealized 113/114 cap-derived geometric schedule,222180000,222390000,210000,57358,0.00057358,12045180000,120.45180000,16798626487860000,167986264.87860000,false,idealized 113/114 comparator
S4,S4,Idealized 113/114 cap-derived geometric schedule,222390000,222600000,210000,56854,0.00056854,11939340000,119.39340000,16798638427200000,167986384.27200000,false,idealized 113/114 comparator
S4,S4,Idealized 113/114 cap-derived geometric schedule,222600000,222810000,210000,56355,0.00056355,11834550000,118.34550000,16798650261750000,167986502.61750000,false,idealized 113/114 comparator
S4,S4,Idealized 113/114 cap-derived geometric schedule,222810000,223020000,210000,55860,0.00055860,11730600000,117.30600000,16798661992350000,167986619.92350000,false,idealized 113/114 comparator
S4,S4,Idealized 113/114 cap-derived geometric schedule,223020000,223230000,210000,55370,0.00055370,11627700000,116.27700000,16798673620050000,167986736.20050000,false,idealized 113/114 comparator
S4,S4,Idealized 113/114 cap-derived geometric schedule,223230000,223440000,210000,54884,0.00054884,11525640000,115.25640000,16798685145690000,167986851.45690000,false,idealized 113/114 comparator
S4,S4,Idealized 113/114 cap-derived geometric schedule,223440000,223650000,210000,54402,0.00054402,11424420000,114.24420000,16798696570110000,167986965.70110000,false,idealized 113/114 comparator
S4,S4,Idealized 113/114 cap-derived geometric schedule,223650000,223860000,210000,53924,0.00053924,11324040000,113.24040000,16798707894150000,167987078.94150000,false,idealized 113/114 comparator
S4,S4,Idealized 113/114 cap-derived geometric schedule,223860000,224070000,210000,53450,0.00053450,11224500000,112.24500000,16798719118650000,167987191.18650000,false,idealized 113/114 comparator
S4,S4,Idealized 113/114 cap-derived geometric schedule,224070000,224280000,210000,52981,0.00052981,11126010000,111.26010000,16798730244660000,167987302.44660000,false,idealized 113/114 comparator
S4,S4,Idealized 113/114 cap-derived geometric schedule,224280000,224490000,210000,52516,0.00052516,11028360000,110.28360000,16798741273020000,167987412.73020000,false,idealized 113/114 comparator
S4,S4,Idealized 113/114 cap-derived geometric schedule,224490000,224700000,210000,52055,0.00052055,10931550000,109.31550000,16798752204570000,167987522.04570000,false,idealized 113/114 comparator
S4,S4,Idealized 113/114 cap-derived geometric schedule,224700000,224910000,210000,51598,0.00051598,10835580000,108.35580000,16798763040150000,167987630.40150000,false,idealized 113/114 comparator
S4,S4,Idealized 113/114 cap-derived geometric schedule,224910000,225120000,210000,51145,0.00051145,10740450000,107.40450000,16798773780600000,167987737.80600000,false,idealized 113/114 comparator
S4,S4,Idealized 113/114 cap-derived geometric schedule,225120000,225330000,210000,50696,0.00050696,10646160000,106.46160000,16798784426760000,167987844.26760000,false,idealized 113/114 comparator
S4,S4,Idealized 113/114 cap-derived geometric schedule,225330000,225540000,210000,50251,0.00050251,10552710000,105.52710000,16798794979470000,167987949.79470000,false,idealized 113/114 comparator
S4,S4,Idealized 113/114 cap-derived geometric schedule,225540000,225750000,210000,49810,0.00049810,10460100000,104.60100000,16798805439570000,167988054.39570000,false,idealized 113/114 comparator
S4,S4,Idealized 113/114 cap-derived geometric schedule,225750000,225960000,210000,49373,0.00049373,10368330000,103.68330000,16798815807900000,167988158.07900000,false,idealized 113/114 comparator
S4,S4,Idealized 113/114 cap-derived geometric schedule,225960000,226170000,210000,48939,0.00048939,10277190000,102.77190000,16798826085090000,167988260.85090000,false,idealized 113/114 comparator
S4,S4,Idealized 113/114 cap-derived geometric schedule,226170000,226380000,210000,48509,0.00048509,10186890000,101.86890000,16798836271980000,167988362.71980000,false,idealized 113/114 comparator
S4,S4,Idealized 113/114 cap-derived geometric schedule,226380000,226590000,210000,48083,0.00048083,10097430000,100.97430000,16798846369410000,167988463.69410000,false,idealized 113/114 comparator
S4,S4,Idealized 113/114 cap-derived geometric schedule,226590000,226800000,210000,47661,0.00047661,10008810000,100.08810000,16798856378220000,167988563.78220000,false,idealized 113/114 comparator
S4,S4,Idealized 113/114 cap-derived geometric schedule,226800000,227010000,210000,47242,0.00047242,9920820000,99.20820000,16798866299040000,167988662.99040000,false,idealized 113/114 comparator
S4,S4,Idealized 113/114 cap-derived geometric schedule,227010000,227220000,210000,46827,0.00046827,9833670000,98.33670000,16798876132710000,167988761.32710000,false,idealized 113/114 comparator
S4,S4,Idealized 113/114 cap-derived geometric schedule,227220000,227430000,210000,46416,0.00046416,9747360000,97.47360000,16798885880070000,167988858.80070000,false,idealized 113/114 comparator
S4,S4,Idealized 113/114 cap-derived geometric schedule,227430000,227640000,210000,46008,0.00046008,9661680000,96.61680000,16798895541750000,167988955.41750000,false,idealized 113/114 comparator
S4,S4,Idealized 113/114 cap-derived geometric schedule,227640000,227850000,210000,45604,0.00045604,9576840000,95.76840000,16798905118590000,167989051.18590000,false,idealized 113/114 comparator
S4,S4,Idealized 113/114 cap-derived geometric schedule,227850000,228060000,210000,45203,0.00045203,9492630000,94.92630000,16798914611220000,167989146.11220000,false,idealized 113/114 comparator
S4,S4,Idealized 113/114 cap-derived geometric schedule,228060000,228270000,210000,44806,0.00044806,9409260000,94.09260000,16798924020480000,167989240.20480000,false,idealized 113/114 comparator
S4,S4,Idealized 113/114 cap-derived geometric schedule,228270000,228480000,210000,44412,0.00044412,9326520000,93.26520000,16798933347000000,167989333.47000000,false,idealized 113/114 comparator
S4,S4,Idealized 113/114 cap-derived geometric schedule,228480000,228690000,210000,44022,0.00044022,9244620000,92.44620000,16798942591620000,167989425.91620000,false,idealized 113/114 comparator
S4,S4,Idealized 113/114 cap-derived geometric schedule,228690000,228900000,210000,43635,0.00043635,9163350000,91.63350000,16798951754970000,167989517.54970000,false,idealized 113/114 comparator
S4,S4,Idealized 113/114 cap-derived geometric schedule,228900000,229110000,210000,43252,0.00043252,9082920000,90.82920000,16798960837890000,167989608.37890000,false,idealized 113/114 comparator
S4,S4,Idealized 113/114 cap-derived geometric schedule,229110000,229320000,210000,42872,0.00042872,9003120000,90.03120000,16798969841010000,167989698.41010000,false,idealized 113/114 comparator
S4,S4,Idealized 113/114 cap-derived geometric schedule,229320000,229530000,210000,42495,0.00042495,8923950000,89.23950000,16798978764960000,167989787.64960000,false,idealized 113/114 comparator
S4,S4,Idealized 113/114 cap-derived geometric schedule,229530000,229740000,210000,42122,0.00042122,8845620000,88.45620000,16798987610580000,167989876.10580000,false,idealized 113/114 comparator
S4,S4,Idealized 113/114 cap-derived geometric schedule,229740000,229950000,210000,41752,0.00041752,8767920000,87.67920000,16798996378500000,167989963.78500000,false,idealized 113/114 comparator
S4,S4,Idealized 113/114 cap-derived geometric schedule,229950000,230160000,210000,41385,0.00041385,8690850000,86.90850000,16799005069350000,167990050.69350000,false,idealized 113/114 comparator
S4,S4,Idealized 113/114 cap-derived geometric schedule,230160000,230370000,210000,41021,0.00041021,8614410000,86.14410000,16799013683760000,167990136.83760000,false,idealized 113/114 comparator
S4,S4,Idealized 113/114 cap-derived geometric schedule,230370000,230580000,210000,40661,0.00040661,8538810000,85.38810000,16799022222570000,167990222.22570000,false,idealized 113/114 comparator
S4,S4,Idealized 113/114 cap-derived geometric schedule,230580000,230790000,210000,40304,0.00040304,8463840000,84.63840000,16799030686410000,167990306.86410000,false,idealized 113/114 comparator
S4,S4,Idealized 113/114 cap-derived geometric schedule,230790000,231000000,210000,39950,0.00039950,8389500000,83.89500000,16799039075910000,167990390.75910000,false,idealized 113/114 comparator
S4,S4,Idealized 113/114 cap-derived geometric schedule,231000000,231210000,210000,39599,0.00039599,8315790000,83.15790000,16799047391700000,167990473.91700000,false,idealized 113/114 comparator
S4,S4,Idealized 113/114 cap-derived geometric schedule,231210000,231420000,210000,39251,0.00039251,8242710000,82.42710000,16799055634410000,167990556.34410000,false,idealized 113/114 comparator
S4,S4,Idealized 113/114 cap-derived geometric schedule,231420000,231630000,210000,38906,0.00038906,8170260000,81.70260000,16799063804670000,167990638.04670000,false,idealized 113/114 comparator
S4,S4,Idealized 113/114 cap-derived geometric schedule,231630000,231840000,210000,38564,0.00038564,8098440000,80.98440000,16799071903110000,167990719.03110000,false,idealized 113/114 comparator
S4,S4,Idealized 113/114 cap-derived geometric schedule,231840000,232050000,210000,38225,0.00038225,8027250000,80.27250000,16799079930360000,167990799.30360000,false,idealized 113/114 comparator
S4,S4,Idealized 113/114 cap-derived geometric schedule,232050000,232260000,210000,37889,0.00037889,7956690000,79.56690000,16799087887050000,167990878.87050000,false,idealized 113/114 comparator
S4,S4,Idealized 113/114 cap-derived geometric schedule,232260000,232470000,210000,37556,0.00037556,7886760000,78.86760000,16799095773810000,167990957.73810000,false,idealized 113/114 comparator
S4,S4,Idealized 113/114 cap-derived geometric schedule,232470000,232680000,210000,37226,0.00037226,7817460000,78.17460000,16799103591270000,167991035.91270000,false,idealized 113/114 comparator
S4,S4,Idealized 113/114 cap-derived geometric schedule,232680000,232890000,210000,36899,0.00036899,7748790000,77.48790000,16799111340060000,167991113.40060000,false,idealized 113/114 comparator
S4,S4,Idealized 113/114 cap-derived geometric schedule,232890000,233100000,210000,36575,0.00036575,7680750000,76.80750000,16799119020810000,167991190.20810000,false,idealized 113/114 comparator
S4,S4,Idealized 113/114 cap-derived geometric schedule,233100000,233310000,210000,36254,0.00036254,7613340000,76.13340000,16799126634150000,167991266.34150000,false,idealized 113/114 comparator
S4,S4,Idealized 113/114 cap-derived geometric schedule,233310000,233520000,210000,35935,0.00035935,7546350000,75.46350000,16799134180500000,167991341.80500000,false,idealized 113/114 comparator
S4,S4,Idealized 113/114 cap-derived geometric schedule,233520000,233730000,210000,35619,0.00035619,7479990000,74.79990000,16799141660490000,167991416.60490000,false,idealized 113/114 comparator
S4,S4,Idealized 113/114 cap-derived geometric schedule,233730000,233940000,210000,35306,0.00035306,7414260000,74.14260000,16799149074750000,167991490.74750000,false,idealized 113/114 comparator
S4,S4,Idealized 113/114 cap-derived geometric schedule,233940000,234150000,210000,34996,0.00034996,7349160000,73.49160000,16799156423910000,167991564.23910000,false,idealized 113/114 comparator
S4,S4,Idealized 113/114 cap-derived geometric schedule,234150000,234360000,210000,34689,0.00034689,7284690000,72.84690000,16799163708600000,167991637.08600000,false,idealized 113/114 comparator
S4,S4,Idealized 113/114 cap-derived geometric schedule,234360000,234570000,210000,34384,0.00034384,7220640000,72.20640000,16799170929240000,167991709.29240000,false,idealized 113/114 comparator
S4,S4,Idealized 113/114 cap-derived geometric schedule,234570000,234780000,210000,34082,0.00034082,7157220000,71.57220000,16799178086460000,167991780.86460000,false,idealized 113/114 comparator
S4,S4,Idealized 113/114 cap-derived geometric schedule,234780000,234990000,210000,33783,0.00033783,7094430000,70.94430000,16799185180890000,167991851.80890000,false,idealized 113/114 comparator
S4,S4,Idealized 113/114 cap-derived geometric schedule,234990000,235200000,210000,33486,0.00033486,7032060000,70.32060000,16799192212950000,167991922.12950000,false,idealized 113/114 comparator
S4,S4,Idealized 113/114 cap-derived geometric schedule,235200000,235410000,210000,33192,0.00033192,6970320000,69.70320000,16799199183270000,167991991.83270000,false,idealized 113/114 comparator
S4,S4,Idealized 113/114 cap-derived geometric schedule,235410000,235620000,210000,32900,0.00032900,6909000000,69.09000000,16799206092270000,167992060.92270000,false,idealized 113/114 comparator
S4,S4,Idealized 113/114 cap-derived geometric schedule,235620000,235830000,210000,32611,0.00032611,6848310000,68.48310000,16799212940580000,167992129.40580000,false,idealized 113/114 comparator
S4,S4,Idealized 113/114 cap-derived geometric schedule,235830000,236040000,210000,32324,0.00032324,6788040000,67.88040000,16799219728620000,167992197.28620000,false,idealized 113/114 comparator
S4,S4,Idealized 113/114 cap-derived geometric schedule,236040000,236250000,210000,32040,0.00032040,6728400000,67.28400000,16799226457020000,167992264.57020000,false,idealized 113/114 comparator
S4,S4,Idealized 113/114 cap-derived geometric schedule,236250000,236460000,210000,31758,0.00031758,6669180000,66.69180000,16799233126200000,167992331.26200000,false,idealized 113/114 comparator
S4,S4,Idealized 113/114 cap-derived geometric schedule,236460000,236670000,210000,31479,0.00031479,6610590000,66.10590000,16799239736790000,167992397.36790000,false,idealized 113/114 comparator
S4,S4,Idealized 113/114 cap-derived geometric schedule,236670000,236880000,210000,31202,0.00031202,6552420000,65.52420000,16799246289210000,167992462.89210000,false,idealized 113/114 comparator
S4,S4,Idealized 113/114 cap-derived geometric schedule,236880000,237090000,210000,30928,0.00030928,6494880000,64.94880000,16799252784090000,167992527.84090000,false,idealized 113/114 comparator
S4,S4,Idealized 113/114 cap-derived geometric schedule,237090000,237300000,210000,30656,0.00030656,6437760000,64.37760000,16799259221850000,167992592.21850000,false,idealized 113/114 comparator
S4,S4,Idealized 113/114 cap-derived geometric schedule,237300000,237510000,210000,30387,0.00030387,6381270000,63.81270000,16799265603120000,167992656.03120000,false,idealized 113/114 comparator
S4,S4,Idealized 113/114 cap-derived geometric schedule,237510000,237720000,210000,30120,0.00030120,6325200000,63.25200000,16799271928320000,167992719.28320000,false,idealized 113/114 comparator
S4,S4,Idealized 113/114 cap-derived geometric schedule,237720000,237930000,210000,29855,0.00029855,6269550000,62.69550000,16799278197870000,167992781.97870000,false,idealized 113/114 comparator
S4,S4,Idealized 113/114 cap-derived geometric schedule,237930000,238140000,210000,29593,0.00029593,6214530000,62.14530000,16799284412400000,167992844.12400000,false,idealized 113/114 comparator
S4,S4,Idealized 113/114 cap-derived geometric schedule,238140000,238350000,210000,29333,0.00029333,6159930000,61.59930000,16799290572330000,167992905.72330000,false,idealized 113/114 comparator
S4,S4,Idealized 113/114 cap-derived geometric schedule,238350000,238560000,210000,29075,0.00029075,6105750000,61.05750000,16799296678080000,167992966.78080000,false,idealized 113/114 comparator
S4,S4,Idealized 113/114 cap-derived geometric schedule,238560000,238770000,210000,28819,0.00028819,6051990000,60.51990000,16799302730070000,167993027.30070000,false,idealized 113/114 comparator
S4,S4,Idealized 113/114 cap-derived geometric schedule,238770000,238980000,210000,28566,0.00028566,5998860000,59.98860000,16799308728930000,167993087.28930000,false,idealized 113/114 comparator
S4,S4,Idealized 113/114 cap-derived geometric schedule,238980000,239190000,210000,28315,0.00028315,5946150000,59.46150000,16799314675080000,167993146.75080000,false,idealized 113/114 comparator
S4,S4,Idealized 113/114 cap-derived geometric schedule,239190000,239400000,210000,28066,0.00028066,5893860000,58.93860000,16799320568940000,167993205.68940000,false,idealized 113/114 comparator
S4,S4,Idealized 113/114 cap-derived geometric schedule,239400000,239610000,210000,27819,0.00027819,5841990000,58.41990000,16799326410930000,167993264.10930000,false,idealized 113/114 comparator
S4,S4,Idealized 113/114 cap-derived geometric schedule,239610000,239820000,210000,27574,0.00027574,5790540000,57.90540000,16799332201470000,167993322.01470000,false,idealized 113/114 comparator
S4,S4,Idealized 113/114 cap-derived geometric schedule,239820000,240030000,210000,27332,0.00027332,5739720000,57.39720000,16799337941190000,167993379.41190000,false,idealized 113/114 comparator
S4,S4,Idealized 113/114 cap-derived geometric schedule,240030000,240240000,210000,27092,0.00027092,5689320000,56.89320000,16799343630510000,167993436.30510000,false,idealized 113/114 comparator
S4,S4,Idealized 113/114 cap-derived geometric schedule,240240000,240450000,210000,26854,0.00026854,5639340000,56.39340000,16799349269850000,167993492.69850000,false,idealized 113/114 comparator
S4,S4,Idealized 113/114 cap-derived geometric schedule,240450000,240660000,210000,26618,0.00026618,5589780000,55.89780000,16799354859630000,167993548.59630000,false,idealized 113/114 comparator
S4,S4,Idealized 113/114 cap-derived geometric schedule,240660000,240870000,210000,26384,0.00026384,5540640000,55.40640000,16799360400270000,167993604.00270000,false,idealized 113/114 comparator
S4,S4,Idealized 113/114 cap-derived geometric schedule,240870000,241080000,210000,26152,0.00026152,5491920000,54.91920000,16799365892190000,167993658.92190000,false,idealized 113/114 comparator
S4,S4,Idealized 113/114 cap-derived geometric schedule,241080000,241290000,210000,25922,0.00025922,5443620000,54.43620000,16799371335810000,167993713.35810000,false,idealized 113/114 comparator
S4,S4,Idealized 113/114 cap-derived geometric schedule,241290000,241500000,210000,25694,0.00025694,5395740000,53.95740000,16799376731550000,167993767.31550000,false,idealized 113/114 comparator
S4,S4,Idealized 113/114 cap-derived geometric schedule,241500000,241710000,210000,25468,0.00025468,5348280000,53.48280000,16799382079830000,167993820.79830000,false,idealized 113/114 comparator
S4,S4,Idealized 113/114 cap-derived geometric schedule,241710000,241920000,210000,25244,0.00025244,5301240000,53.01240000,16799387381070000,167993873.81070000,false,idealized 113/114 comparator
S4,S4,Idealized 113/114 cap-derived geometric schedule,241920000,242130000,210000,25022,0.00025022,5254620000,52.54620000,16799392635690000,167993926.35690000,false,idealized 113/114 comparator
S4,S4,Idealized 113/114 cap-derived geometric schedule,242130000,242340000,210000,24802,0.00024802,5208420000,52.08420000,16799397844110000,167993978.44110000,false,idealized 113/114 comparator
S4,S4,Idealized 113/114 cap-derived geometric schedule,242340000,242550000,210000,24584,0.00024584,5162640000,51.62640000,16799403006750000,167994030.06750000,false,idealized 113/114 comparator
S4,S4,Idealized 113/114 cap-derived geometric schedule,242550000,242760000,210000,24368,0.00024368,5117280000,51.17280000,16799408124030000,167994081.24030000,false,idealized 113/114 comparator
S4,S4,Idealized 113/114 cap-derived geometric schedule,242760000,242970000,210000,24154,0.00024154,5072340000,50.72340000,16799413196370000,167994131.96370000,false,idealized 113/114 comparator
S4,S4,Idealized 113/114 cap-derived geometric schedule,242970000,243180000,210000,23942,0.00023942,5027820000,50.27820000,16799418224190000,167994182.24190000,false,idealized 113/114 comparator
S4,S4,Idealized 113/114 cap-derived geometric schedule,243180000,243390000,210000,23731,0.00023731,4983510000,49.83510000,16799423207700000,167994232.07700000,false,idealized 113/114 comparator
S4,S4,Idealized 113/114 cap-derived geometric schedule,243390000,243600000,210000,23522,0.00023522,4939620000,49.39620000,16799428147320000,167994281.47320000,false,idealized 113/114 comparator
S4,S4,Idealized 113/114 cap-derived geometric schedule,243600000,243810000,210000,23315,0.00023315,4896150000,48.96150000,16799433043470000,167994330.43470000,false,idealized 113/114 comparator
S4,S4,Idealized 113/114 cap-derived geometric schedule,243810000,244020000,210000,23110,0.00023110,4853100000,48.53100000,16799437896570000,167994378.96570000,false,idealized 113/114 comparator
S4,S4,Idealized 113/114 cap-derived geometric schedule,244020000,244230000,210000,22907,0.00022907,4810470000,48.10470000,16799442707040000,167994427.07040000,false,idealized 113/114 comparator
S4,S4,Idealized 113/114 cap-derived geometric schedule,244230000,244440000,210000,22706,0.00022706,4768260000,47.68260000,16799447475300000,167994474.75300000,false,idealized 113/114 comparator
S4,S4,Idealized 113/114 cap-derived geometric schedule,244440000,244650000,210000,22506,0.00022506,4726260000,47.26260000,16799452201560000,167994522.01560000,false,idealized 113/114 comparator
S4,S4,Idealized 113/114 cap-derived geometric schedule,244650000,244860000,210000,22308,0.00022308,4684680000,46.84680000,16799456886240000,167994568.86240000,false,idealized 113/114 comparator
S4,S4,Idealized 113/114 cap-derived geometric schedule,244860000,245070000,210000,22112,0.00022112,4643520000,46.43520000,16799461529760000,167994615.29760000,false,idealized 113/114 comparator
S4,S4,Idealized 113/114 cap-derived geometric schedule,245070000,245280000,210000,21918,0.00021918,4602780000,46.02780000,16799466132540000,167994661.32540000,false,idealized 113/114 comparator
S4,S4,Idealized 113/114 cap-derived geometric schedule,245280000,245490000,210000,21725,0.00021725,4562250000,45.62250000,16799470694790000,167994706.94790000,false,idealized 113/114 comparator
S4,S4,Idealized 113/114 cap-derived geometric schedule,245490000,245700000,210000,21534,0.00021534,4522140000,45.22140000,16799475216930000,167994752.16930000,false,idealized 113/114 comparator
S4,S4,Idealized 113/114 cap-derived geometric schedule,245700000,245910000,210000,21345,0.00021345,4482450000,44.82450000,16799479699380000,167994796.99380000,false,idealized 113/114 comparator
S4,S4,Idealized 113/114 cap-derived geometric schedule,245910000,246120000,210000,21157,0.00021157,4442970000,44.42970000,16799484142350000,167994841.42350000,false,idealized 113/114 comparator
S4,S4,Idealized 113/114 cap-derived geometric schedule,246120000,246330000,210000,20971,0.00020971,4403910000,44.03910000,16799488546260000,167994885.46260000,false,idealized 113/114 comparator
S4,S4,Idealized 113/114 cap-derived geometric schedule,246330000,246540000,210000,20787,0.00020787,4365270000,43.65270000,16799492911530000,167994929.11530000,false,idealized 113/114 comparator
S4,S4,Idealized 113/114 cap-derived geometric schedule,246540000,246750000,210000,20604,0.00020604,4326840000,43.26840000,16799497238370000,167994972.38370000,false,idealized 113/114 comparator
S4,S4,Idealized 113/114 cap-derived geometric schedule,246750000,246960000,210000,20423,0.00020423,4288830000,42.88830000,16799501527200000,167995015.27200000,false,idealized 113/114 comparator
S4,S4,Idealized 113/114 cap-derived geometric schedule,246960000,247170000,210000,20243,0.00020243,4251030000,42.51030000,16799505778230000,167995057.78230000,false,idealized 113/114 comparator
S4,S4,Idealized 113/114 cap-derived geometric schedule,247170000,247380000,210000,20065,0.00020065,4213650000,42.13650000,16799509991880000,167995099.91880000,false,idealized 113/114 comparator
S4,S4,Idealized 113/114 cap-derived geometric schedule,247380000,247590000,210000,19888,0.00019888,4176480000,41.76480000,16799514168360000,167995141.68360000,false,idealized 113/114 comparator
S4,S4,Idealized 113/114 cap-derived geometric schedule,247590000,247800000,210000,19713,0.00019713,4139730000,41.39730000,16799518308090000,167995183.08090000,false,idealized 113/114 comparator
S4,S4,Idealized 113/114 cap-derived geometric schedule,247800000,248010000,210000,19540,0.00019540,4103400000,41.03400000,16799522411490000,167995224.11490000,false,idealized 113/114 comparator
S4,S4,Idealized 113/114 cap-derived geometric schedule,248010000,248220000,210000,19368,0.00019368,4067280000,40.67280000,16799526478770000,167995264.78770000,false,idealized 113/114 comparator
S4,S4,Idealized 113/114 cap-derived geometric schedule,248220000,248430000,210000,19198,0.00019198,4031580000,40.31580000,16799530510350000,167995305.10350000,false,idealized 113/114 comparator
S4,S4,Idealized 113/114 cap-derived geometric schedule,248430000,248640000,210000,19029,0.00019029,3996090000,39.96090000,16799534506440000,167995345.06440000,false,idealized 113/114 comparator
S4,S4,Idealized 113/114 cap-derived geometric schedule,248640000,248850000,210000,18862,0.00018862,3961020000,39.61020000,16799538467460000,167995384.67460000,false,idealized 113/114 comparator
S4,S4,Idealized 113/114 cap-derived geometric schedule,248850000,249060000,210000,18696,0.00018696,3926160000,39.26160000,16799542393620000,167995423.93620000,false,idealized 113/114 comparator
S4,S4,Idealized 113/114 cap-derived geometric schedule,249060000,249270000,210000,18532,0.00018532,3891720000,38.91720000,16799546285340000,167995462.85340000,false,idealized 113/114 comparator
S4,S4,Idealized 113/114 cap-derived geometric schedule,249270000,249480000,210000,18369,0.00018369,3857490000,38.57490000,16799550142830000,167995501.42830000,false,idealized 113/114 comparator
S4,S4,Idealized 113/114 cap-derived geometric schedule,249480000,249690000,210000,18207,0.00018207,3823470000,38.23470000,16799553966300000,167995539.66300000,false,idealized 113/114 comparator
S4,S4,Idealized 113/114 cap-derived geometric schedule,249690000,249900000,210000,18047,0.00018047,3789870000,37.89870000,16799557756170000,167995577.56170000,false,idealized 113/114 comparator
S4,S4,Idealized 113/114 cap-derived geometric schedule,249900000,250110000,210000,17888,0.00017888,3756480000,37.56480000,16799561512650000,167995615.12650000,false,idealized 113/114 comparator
S4,S4,Idealized 113/114 cap-derived geometric schedule,250110000,250320000,210000,17731,0.00017731,3723510000,37.23510000,16799565236160000,167995652.36160000,false,idealized 113/114 comparator
S4,S4,Idealized 113/114 cap-derived geometric schedule,250320000,250530000,210000,17575,0.00017575,3690750000,36.90750000,16799568926910000,167995689.26910000,false,idealized 113/114 comparator
S4,S4,Idealized 113/114 cap-derived geometric schedule,250530000,250740000,210000,17420,0.00017420,3658200000,36.58200000,16799572585110000,167995725.85110000,false,idealized 113/114 comparator
S4,S4,Idealized 113/114 cap-derived geometric schedule,250740000,250950000,210000,17267,0.00017267,3626070000,36.26070000,16799576211180000,167995762.11180000,false,idealized 113/114 comparator
S4,S4,Idealized 113/114 cap-derived geometric schedule,250950000,251160000,210000,17115,0.00017115,3594150000,35.94150000,16799579805330000,167995798.05330000,false,idealized 113/114 comparator
S4,S4,Idealized 113/114 cap-derived geometric schedule,251160000,251370000,210000,16964,0.00016964,3562440000,35.62440000,16799583367770000,167995833.67770000,false,idealized 113/114 comparator
S4,S4,Idealized 113/114 cap-derived geometric schedule,251370000,251580000,210000,16815,0.00016815,3531150000,35.31150000,16799586898920000,167995868.98920000,false,idealized 113/114 comparator
S4,S4,Idealized 113/114 cap-derived geometric schedule,251580000,251790000,210000,16667,0.00016667,3500070000,35.00070000,16799590398990000,167995903.98990000,false,idealized 113/114 comparator
S4,S4,Idealized 113/114 cap-derived geometric schedule,251790000,252000000,210000,16520,0.00016520,3469200000,34.69200000,16799593868190000,167995938.68190000,false,idealized 113/114 comparator
S4,S4,Idealized 113/114 cap-derived geometric schedule,252000000,252210000,210000,16375,0.00016375,3438750000,34.38750000,16799597306940000,167995973.06940000,false,idealized 113/114 comparator
S4,S4,Idealized 113/114 cap-derived geometric schedule,252210000,252420000,210000,16231,0.00016231,3408510000,34.08510000,16799600715450000,167996007.15450000,false,idealized 113/114 comparator
S4,S4,Idealized 113/114 cap-derived geometric schedule,252420000,252630000,210000,16088,0.00016088,3378480000,33.78480000,16799604093930000,167996040.93930000,false,idealized 113/114 comparator
S4,S4,Idealized 113/114 cap-derived geometric schedule,252630000,252840000,210000,15946,0.00015946,3348660000,33.48660000,16799607442590000,167996074.42590000,false,idealized 113/114 comparator
S4,S4,Idealized 113/114 cap-derived geometric schedule,252840000,253050000,210000,15806,0.00015806,3319260000,33.19260000,16799610761850000,167996107.61850000,false,idealized 113/114 comparator
S4,S4,Idealized 113/114 cap-derived geometric schedule,253050000,253260000,210000,15667,0.00015667,3290070000,32.90070000,16799614051920000,167996140.51920000,false,idealized 113/114 comparator
S4,S4,Idealized 113/114 cap-derived geometric schedule,253260000,253470000,210000,15529,0.00015529,3261090000,32.61090000,16799617313010000,167996173.13010000,false,idealized 113/114 comparator
S4,S4,Idealized 113/114 cap-derived geometric schedule,253470000,253680000,210000,15392,0.00015392,3232320000,32.32320000,16799620545330000,167996205.45330000,false,idealized 113/114 comparator
S4,S4,Idealized 113/114 cap-derived geometric schedule,253680000,253890000,210000,15256,0.00015256,3203760000,32.03760000,16799623749090000,167996237.49090000,false,idealized 113/114 comparator
S4,S4,Idealized 113/114 cap-derived geometric schedule,253890000,254100000,210000,15122,0.00015122,3175620000,31.75620000,16799626924710000,167996269.24710000,false,idealized 113/114 comparator
S4,S4,Idealized 113/114 cap-derived geometric schedule,254100000,254310000,210000,14989,0.00014989,3147690000,31.47690000,16799630072400000,167996300.72400000,false,idealized 113/114 comparator
S4,S4,Idealized 113/114 cap-derived geometric schedule,254310000,254520000,210000,14857,0.00014857,3119970000,31.19970000,16799633192370000,167996331.92370000,false,idealized 113/114 comparator
S4,S4,Idealized 113/114 cap-derived geometric schedule,254520000,254730000,210000,14726,0.00014726,3092460000,30.92460000,16799636284830000,167996362.84830000,false,idealized 113/114 comparator
S4,S4,Idealized 113/114 cap-derived geometric schedule,254730000,254940000,210000,14596,0.00014596,3065160000,30.65160000,16799639349990000,167996393.49990000,false,idealized 113/114 comparator
S4,S4,Idealized 113/114 cap-derived geometric schedule,254940000,255150000,210000,14467,0.00014467,3038070000,30.38070000,16799642388060000,167996423.88060000,false,idealized 113/114 comparator
S4,S4,Idealized 113/114 cap-derived geometric schedule,255150000,255360000,210000,14340,0.00014340,3011400000,30.11400000,16799645399460000,167996453.99460000,false,idealized 113/114 comparator
S4,S4,Idealized 113/114 cap-derived geometric schedule,255360000,255570000,210000,14214,0.00014214,2984940000,29.84940000,16799648384400000,167996483.84400000,false,idealized 113/114 comparator
S4,S4,Idealized 113/114 cap-derived geometric schedule,255570000,255780000,210000,14089,0.00014089,2958690000,29.58690000,16799651343090000,167996513.43090000,false,idealized 113/114 comparator
S4,S4,Idealized 113/114 cap-derived geometric schedule,255780000,255990000,210000,13965,0.00013965,2932650000,29.32650000,16799654275740000,167996542.75740000,false,idealized 113/114 comparator
S4,S4,Idealized 113/114 cap-derived geometric schedule,255990000,256200000,210000,13842,0.00013842,2906820000,29.06820000,16799657182560000,167996571.82560000,false,idealized 113/114 comparator
S4,S4,Idealized 113/114 cap-derived geometric schedule,256200000,256410000,210000,13720,0.00013720,2881200000,28.81200000,16799660063760000,167996600.63760000,false,idealized 113/114 comparator
S4,S4,Idealized 113/114 cap-derived geometric schedule,256410000,256620000,210000,13599,0.00013599,2855790000,28.55790000,16799662919550000,167996629.19550000,false,idealized 113/114 comparator
S4,S4,Idealized 113/114 cap-derived geometric schedule,256620000,256830000,210000,13479,0.00013479,2830590000,28.30590000,16799665750140000,167996657.50140000,false,idealized 113/114 comparator
S4,S4,Idealized 113/114 cap-derived geometric schedule,256830000,257040000,210000,13360,0.00013360,2805600000,28.05600000,16799668555740000,167996685.55740000,false,idealized 113/114 comparator
S4,S4,Idealized 113/114 cap-derived geometric schedule,257040000,257250000,210000,13242,0.00013242,2780820000,27.80820000,16799671336560000,167996713.36560000,false,idealized 113/114 comparator
S4,S4,Idealized 113/114 cap-derived geometric schedule,257250000,257460000,210000,13125,0.00013125,2756250000,27.56250000,16799674092810000,167996740.92810000,false,idealized 113/114 comparator
S4,S4,Idealized 113/114 cap-derived geometric schedule,257460000,257670000,210000,13009,0.00013009,2731890000,27.31890000,16799676824700000,167996768.24700000,false,idealized 113/114 comparator
S4,S4,Idealized 113/114 cap-derived geometric schedule,257670000,257880000,210000,12894,0.00012894,2707740000,27.07740000,16799679532440000,167996795.32440000,false,idealized 113/114 comparator
S4,S4,Idealized 113/114 cap-derived geometric schedule,257880000,258090000,210000,12780,0.00012780,2683800000,26.83800000,16799682216240000,167996822.16240000,false,idealized 113/114 comparator
S4,S4,Idealized 113/114 cap-derived geometric schedule,258090000,258300000,210000,12667,0.00012667,2660070000,26.60070000,16799684876310000,167996848.76310000,false,idealized 113/114 comparator
S4,S4,Idealized 113/114 cap-derived geometric schedule,258300000,258510000,210000,12555,0.00012555,2636550000,26.36550000,16799687512860000,167996875.12860000,false,idealized 113/114 comparator
S4,S4,Idealized 113/114 cap-derived geometric schedule,258510000,258720000,210000,12444,0.00012444,2613240000,26.13240000,16799690126100000,167996901.26100000,false,idealized 113/114 comparator
S4,S4,Idealized 113/114 cap-derived geometric schedule,258720000,258930000,210000,12334,0.00012334,2590140000,25.90140000,16799692716240000,167996927.16240000,false,idealized 113/114 comparator
S4,S4,Idealized 113/114 cap-derived geometric schedule,258930000,259140000,210000,12225,0.00012225,2567250000,25.67250000,16799695283490000,167996952.83490000,false,idealized 113/114 comparator
S4,S4,Idealized 113/114 cap-derived geometric schedule,259140000,259350000,210000,12117,0.00012117,2544570000,25.44570000,16799697828060000,167996978.28060000,false,idealized 113/114 comparator
S4,S4,Idealized 113/114 cap-derived geometric schedule,259350000,259560000,210000,12010,0.00012010,2522100000,25.22100000,16799700350160000,167997003.50160000,false,idealized 113/114 comparator
S4,S4,Idealized 113/114 cap-derived geometric schedule,259560000,259770000,210000,11904,0.00011904,2499840000,24.99840000,16799702850000000,167997028.50000000,false,idealized 113/114 comparator
S4,S4,Idealized 113/114 cap-derived geometric schedule,259770000,259980000,210000,11799,0.00011799,2477790000,24.77790000,16799705327790000,167997053.27790000,false,idealized 113/114 comparator
S4,S4,Idealized 113/114 cap-derived geometric schedule,259980000,260190000,210000,11695,0.00011695,2455950000,24.55950000,16799707783740000,167997077.83740000,false,idealized 113/114 comparator
S4,S4,Idealized 113/114 cap-derived geometric schedule,260190000,260400000,210000,11592,0.00011592,2434320000,24.34320000,16799710218060000,167997102.18060000,false,idealized 113/114 comparator
S4,S4,Idealized 113/114 cap-derived geometric schedule,260400000,260610000,210000,11490,0.00011490,2412900000,24.12900000,16799712630960000,167997126.30960000,false,idealized 113/114 comparator
S4,S4,Idealized 113/114 cap-derived geometric schedule,260610000,260820000,210000,11389,0.00011389,2391690000,23.91690000,16799715022650000,167997150.22650000,false,idealized 113/114 comparator
S4,S4,Idealized 113/114 cap-derived geometric schedule,260820000,261030000,210000,11289,0.00011289,2370690000,23.70690000,16799717393340000,167997173.93340000,false,idealized 113/114 comparator
S4,S4,Idealized 113/114 cap-derived geometric schedule,261030000,261240000,210000,11189,0.00011189,2349690000,23.49690000,16799719743030000,167997197.43030000,false,idealized 113/114 comparator
S4,S4,Idealized 113/114 cap-derived geometric schedule,261240000,261450000,210000,11090,0.00011090,2328900000,23.28900000,16799722071930000,167997220.71930000,false,idealized 113/114 comparator
S4,S4,Idealized 113/114 cap-derived geometric schedule,261450000,261660000,210000,10992,0.00010992,2308320000,23.08320000,16799724380250000,167997243.80250000,false,idealized 113/114 comparator
S4,S4,Idealized 113/114 cap-derived geometric schedule,261660000,261870000,210000,10895,0.00010895,2287950000,22.87950000,16799726668200000,167997266.68200000,false,idealized 113/114 comparator
S4,S4,Idealized 113/114 cap-derived geometric schedule,261870000,262080000,210000,10799,0.00010799,2267790000,22.67790000,16799728935990000,167997289.35990000,false,idealized 113/114 comparator
S4,S4,Idealized 113/114 cap-derived geometric schedule,262080000,262290000,210000,10704,0.00010704,2247840000,22.47840000,16799731183830000,167997311.83830000,false,idealized 113/114 comparator
S4,S4,Idealized 113/114 cap-derived geometric schedule,262290000,262500000,210000,10610,0.00010610,2228100000,22.28100000,16799733411930000,167997334.11930000,false,idealized 113/114 comparator
S4,S4,Idealized 113/114 cap-derived geometric schedule,262500000,262710000,210000,10516,0.00010516,2208360000,22.08360000,16799735620290000,167997356.20290000,false,idealized 113/114 comparator
S4,S4,Idealized 113/114 cap-derived geometric schedule,262710000,262920000,210000,10423,0.00010423,2188830000,21.88830000,16799737809120000,167997378.09120000,false,idealized 113/114 comparator
S4,S4,Idealized 113/114 cap-derived geometric schedule,262920000,263130000,210000,10331,0.00010331,2169510000,21.69510000,16799739978630000,167997399.78630000,false,idealized 113/114 comparator
S4,S4,Idealized 113/114 cap-derived geometric schedule,263130000,263340000,210000,10240,0.00010240,2150400000,21.50400000,16799742129030000,167997421.29030000,false,idealized 113/114 comparator
S4,S4,Idealized 113/114 cap-derived geometric schedule,263340000,263550000,210000,10150,0.00010150,2131500000,21.31500000,16799744260530000,167997442.60530000,false,idealized 113/114 comparator
S4,S4,Idealized 113/114 cap-derived geometric schedule,263550000,263760000,210000,10060,0.00010060,2112600000,21.12600000,16799746373130000,167997463.73130000,false,idealized 113/114 comparator
S4,S4,Idealized 113/114 cap-derived geometric schedule,263760000,263970000,210000,9971,0.00009971,2093910000,20.93910000,16799748467040000,167997484.67040000,false,idealized 113/114 comparator
S4,S4,Idealized 113/114 cap-derived geometric schedule,263970000,264180000,210000,9883,0.00009883,2075430000,20.75430000,16799750542470000,167997505.42470000,false,idealized 113/114 comparator
S4,S4,Idealized 113/114 cap-derived geometric schedule,264180000,264390000,210000,9796,0.00009796,2057160000,20.57160000,16799752599630000,167997525.99630000,false,idealized 113/114 comparator
S4,S4,Idealized 113/114 cap-derived geometric schedule,264390000,264600000,210000,9710,0.00009710,2039100000,20.39100000,16799754638730000,167997546.38730000,false,idealized 113/114 comparator
S4,S4,Idealized 113/114 cap-derived geometric schedule,264600000,264810000,210000,9624,0.00009624,2021040000,20.21040000,16799756659770000,167997566.59770000,false,idealized 113/114 comparator
S4,S4,Idealized 113/114 cap-derived geometric schedule,264810000,265020000,210000,9539,0.00009539,2003190000,20.03190000,16799758662960000,167997586.62960000,false,idealized 113/114 comparator
S4,S4,Idealized 113/114 cap-derived geometric schedule,265020000,265230000,210000,9455,0.00009455,1985550000,19.85550000,16799760648510000,167997606.48510000,false,idealized 113/114 comparator
S4,S4,Idealized 113/114 cap-derived geometric schedule,265230000,265440000,210000,9372,0.00009372,1968120000,19.68120000,16799762616630000,167997626.16630000,false,idealized 113/114 comparator
S4,S4,Idealized 113/114 cap-derived geometric schedule,265440000,265650000,210000,9289,0.00009289,1950690000,19.50690000,16799764567320000,167997645.67320000,false,idealized 113/114 comparator
S4,S4,Idealized 113/114 cap-derived geometric schedule,265650000,265860000,210000,9207,0.00009207,1933470000,19.33470000,16799766500790000,167997665.00790000,false,idealized 113/114 comparator
S4,S4,Idealized 113/114 cap-derived geometric schedule,265860000,266070000,210000,9126,0.00009126,1916460000,19.16460000,16799768417250000,167997684.17250000,false,idealized 113/114 comparator
S4,S4,Idealized 113/114 cap-derived geometric schedule,266070000,266280000,210000,9045,0.00009045,1899450000,18.99450000,16799770316700000,167997703.16700000,false,idealized 113/114 comparator
S4,S4,Idealized 113/114 cap-derived geometric schedule,266280000,266490000,210000,8965,0.00008965,1882650000,18.82650000,16799772199350000,167997721.99350000,false,idealized 113/114 comparator
S4,S4,Idealized 113/114 cap-derived geometric schedule,266490000,266700000,210000,8886,0.00008886,1866060000,18.66060000,16799774065410000,167997740.65410000,false,idealized 113/114 comparator
S4,S4,Idealized 113/114 cap-derived geometric schedule,266700000,266910000,210000,8808,0.00008808,1849680000,18.49680000,16799775915090000,167997759.15090000,false,idealized 113/114 comparator
S4,S4,Idealized 113/114 cap-derived geometric schedule,266910000,267120000,210000,8730,0.00008730,1833300000,18.33300000,16799777748390000,167997777.48390000,false,idealized 113/114 comparator
S4,S4,Idealized 113/114 cap-derived geometric schedule,267120000,267330000,210000,8653,0.00008653,1817130000,18.17130000,16799779565520000,167997795.65520000,false,idealized 113/114 comparator
S4,S4,Idealized 113/114 cap-derived geometric schedule,267330000,267540000,210000,8577,0.00008577,1801170000,18.01170000,16799781366690000,167997813.66690000,false,idealized 113/114 comparator
S4,S4,Idealized 113/114 cap-derived geometric schedule,267540000,267750000,210000,8501,0.00008501,1785210000,17.85210000,16799783151900000,167997831.51900000,false,idealized 113/114 comparator
S4,S4,Idealized 113/114 cap-derived geometric schedule,267750000,267960000,210000,8426,0.00008426,1769460000,17.69460000,16799784921360000,167997849.21360000,false,idealized 113/114 comparator
S4,S4,Idealized 113/114 cap-derived geometric schedule,267960000,268170000,210000,8352,0.00008352,1753920000,17.53920000,16799786675280000,167997866.75280000,false,idealized 113/114 comparator
S4,S4,Idealized 113/114 cap-derived geometric schedule,268170000,268380000,210000,8278,0.00008278,1738380000,17.38380000,16799788413660000,167997884.13660000,false,idealized 113/114 comparator
S4,S4,Idealized 113/114 cap-derived geometric schedule,268380000,268590000,210000,8205,0.00008205,1723050000,17.23050000,16799790136710000,167997901.36710000,false,idealized 113/114 comparator
S4,S4,Idealized 113/114 cap-derived geometric schedule,268590000,268800000,210000,8133,0.00008133,1707930000,17.07930000,16799791844640000,167997918.44640000,false,idealized 113/114 comparator
S4,S4,Idealized 113/114 cap-derived geometric schedule,268800000,269010000,210000,8061,0.00008061,1692810000,16.92810000,16799793537450000,167997935.37450000,false,idealized 113/114 comparator
S4,S4,Idealized 113/114 cap-derived geometric schedule,269010000,269220000,210000,7990,0.00007990,1677900000,16.77900000,16799795215350000,167997952.15350000,false,idealized 113/114 comparator
S4,S4,Idealized 113/114 cap-derived geometric schedule,269220000,269430000,210000,7919,0.00007919,1662990000,16.62990000,16799796878340000,167997968.78340000,false,idealized 113/114 comparator
S4,S4,Idealized 113/114 cap-derived geometric schedule,269430000,269640000,210000,7849,0.00007849,1648290000,16.48290000,16799798526630000,167997985.26630000,false,idealized 113/114 comparator
S4,S4,Idealized 113/114 cap-derived geometric schedule,269640000,269850000,210000,7780,0.00007780,1633800000,16.33800000,16799800160430000,167998001.60430000,false,idealized 113/114 comparator
S4,S4,Idealized 113/114 cap-derived geometric schedule,269850000,270060000,210000,7711,0.00007711,1619310000,16.19310000,16799801779740000,167998017.79740000,false,idealized 113/114 comparator
S4,S4,Idealized 113/114 cap-derived geometric schedule,270060000,270270000,210000,7643,0.00007643,1605030000,16.05030000,16799803384770000,167998033.84770000,false,idealized 113/114 comparator
S4,S4,Idealized 113/114 cap-derived geometric schedule,270270000,270480000,210000,7575,0.00007575,1590750000,15.90750000,16799804975520000,167998049.75520000,false,idealized 113/114 comparator
S4,S4,Idealized 113/114 cap-derived geometric schedule,270480000,270690000,210000,7508,0.00007508,1576680000,15.76680000,16799806552200000,167998065.52200000,false,idealized 113/114 comparator
S4,S4,Idealized 113/114 cap-derived geometric schedule,270690000,270900000,210000,7442,0.00007442,1562820000,15.62820000,16799808115020000,167998081.15020000,false,idealized 113/114 comparator
S4,S4,Idealized 113/114 cap-derived geometric schedule,270900000,271110000,210000,7376,0.00007376,1548960000,15.48960000,16799809663980000,167998096.63980000,false,idealized 113/114 comparator
S4,S4,Idealized 113/114 cap-derived geometric schedule,271110000,271320000,210000,7311,0.00007311,1535310000,15.35310000,16799811199290000,167998111.99290000,false,idealized 113/114 comparator
S4,S4,Idealized 113/114 cap-derived geometric schedule,271320000,271530000,210000,7246,0.00007246,1521660000,15.21660000,16799812720950000,167998127.20950000,false,idealized 113/114 comparator
S4,S4,Idealized 113/114 cap-derived geometric schedule,271530000,271740000,210000,7182,0.00007182,1508220000,15.08220000,16799814229170000,167998142.29170000,false,idealized 113/114 comparator
S4,S4,Idealized 113/114 cap-derived geometric schedule,271740000,271950000,210000,7119,0.00007119,1494990000,14.94990000,16799815724160000,167998157.24160000,false,idealized 113/114 comparator
S4,S4,Idealized 113/114 cap-derived geometric schedule,271950000,272160000,210000,7056,0.00007056,1481760000,14.81760000,16799817205920000,167998172.05920000,false,idealized 113/114 comparator
S4,S4,Idealized 113/114 cap-derived geometric schedule,272160000,272370000,210000,6994,0.00006994,1468740000,14.68740000,16799818674660000,167998186.74660000,false,idealized 113/114 comparator
S4,S4,Idealized 113/114 cap-derived geometric schedule,272370000,272580000,210000,6932,0.00006932,1455720000,14.55720000,16799820130380000,167998201.30380000,false,idealized 113/114 comparator
S4,S4,Idealized 113/114 cap-derived geometric schedule,272580000,272790000,210000,6871,0.00006871,1442910000,14.42910000,16799821573290000,167998215.73290000,false,idealized 113/114 comparator
S4,S4,Idealized 113/114 cap-derived geometric schedule,272790000,273000000,210000,6810,0.00006810,1430100000,14.30100000,16799823003390000,167998230.03390000,false,idealized 113/114 comparator
S4,S4,Idealized 113/114 cap-derived geometric schedule,273000000,273210000,210000,6750,0.00006750,1417500000,14.17500000,16799824420890000,167998244.20890000,false,idealized 113/114 comparator
S4,S4,Idealized 113/114 cap-derived geometric schedule,273210000,273420000,210000,6690,0.00006690,1404900000,14.04900000,16799825825790000,167998258.25790000,false,idealized 113/114 comparator
S4,S4,Idealized 113/114 cap-derived geometric schedule,273420000,273630000,210000,6631,0.00006631,1392510000,13.92510000,16799827218300000,167998272.18300000,false,idealized 113/114 comparator
S4,S4,Idealized 113/114 cap-derived geometric schedule,273630000,273840000,210000,6572,0.00006572,1380120000,13.80120000,16799828598420000,167998285.98420000,false,idealized 113/114 comparator
S4,S4,Idealized 113/114 cap-derived geometric schedule,273840000,274050000,210000,6514,0.00006514,1367940000,13.67940000,16799829966360000,167998299.66360000,false,idealized 113/114 comparator
S4,S4,Idealized 113/114 cap-derived geometric schedule,274050000,274260000,210000,6456,0.00006456,1355760000,13.55760000,16799831322120000,167998313.22120000,false,idealized 113/114 comparator
S4,S4,Idealized 113/114 cap-derived geometric schedule,274260000,274470000,210000,6399,0.00006399,1343790000,13.43790000,16799832665910000,167998326.65910000,false,idealized 113/114 comparator
S4,S4,Idealized 113/114 cap-derived geometric schedule,274470000,274680000,210000,6342,0.00006342,1331820000,13.31820000,16799833997730000,167998339.97730000,false,idealized 113/114 comparator
S4,S4,Idealized 113/114 cap-derived geometric schedule,274680000,274890000,210000,6286,0.00006286,1320060000,13.20060000,16799835317790000,167998353.17790000,false,idealized 113/114 comparator
S4,S4,Idealized 113/114 cap-derived geometric schedule,274890000,275100000,210000,6230,0.00006230,1308300000,13.08300000,16799836626090000,167998366.26090000,false,idealized 113/114 comparator
S4,S4,Idealized 113/114 cap-derived geometric schedule,275100000,275310000,210000,6175,0.00006175,1296750000,12.96750000,16799837922840000,167998379.22840000,false,idealized 113/114 comparator
S4,S4,Idealized 113/114 cap-derived geometric schedule,275310000,275520000,210000,6120,0.00006120,1285200000,12.85200000,16799839208040000,167998392.08040000,false,idealized 113/114 comparator
S4,S4,Idealized 113/114 cap-derived geometric schedule,275520000,275730000,210000,6066,0.00006066,1273860000,12.73860000,16799840481900000,167998404.81900000,false,idealized 113/114 comparator
S4,S4,Idealized 113/114 cap-derived geometric schedule,275730000,275940000,210000,6012,0.00006012,1262520000,12.62520000,16799841744420000,167998417.44420000,false,idealized 113/114 comparator
S4,S4,Idealized 113/114 cap-derived geometric schedule,275940000,276150000,210000,5959,0.00005959,1251390000,12.51390000,16799842995810000,167998429.95810000,false,idealized 113/114 comparator
S4,S4,Idealized 113/114 cap-derived geometric schedule,276150000,276360000,210000,5906,0.00005906,1240260000,12.40260000,16799844236070000,167998442.36070000,false,idealized 113/114 comparator
S4,S4,Idealized 113/114 cap-derived geometric schedule,276360000,276570000,210000,5854,0.00005854,1229340000,12.29340000,16799845465410000,167998454.65410000,false,idealized 113/114 comparator
S4,S4,Idealized 113/114 cap-derived geometric schedule,276570000,276780000,210000,5802,0.00005802,1218420000,12.18420000,16799846683830000,167998466.83830000,false,idealized 113/114 comparator
S4,S4,Idealized 113/114 cap-derived geometric schedule,276780000,276990000,210000,5751,0.00005751,1207710000,12.07710000,16799847891540000,167998478.91540000,false,idealized 113/114 comparator
S4,S4,Idealized 113/114 cap-derived geometric schedule,276990000,277200000,210000,5700,0.00005700,1197000000,11.97000000,16799849088540000,167998490.88540000,false,idealized 113/114 comparator
S4,S4,Idealized 113/114 cap-derived geometric schedule,277200000,277410000,210000,5650,0.00005650,1186500000,11.86500000,16799850275040000,167998502.75040000,false,idealized 113/114 comparator
S4,S4,Idealized 113/114 cap-derived geometric schedule,277410000,277620000,210000,5600,0.00005600,1176000000,11.76000000,16799851451040000,167998514.51040000,false,idealized 113/114 comparator
S4,S4,Idealized 113/114 cap-derived geometric schedule,277620000,277830000,210000,5550,0.00005550,1165500000,11.65500000,16799852616540000,167998526.16540000,false,idealized 113/114 comparator
S4,S4,Idealized 113/114 cap-derived geometric schedule,277830000,278040000,210000,5501,0.00005501,1155210000,11.55210000,16799853771750000,167998537.71750000,false,idealized 113/114 comparator
S4,S4,Idealized 113/114 cap-derived geometric schedule,278040000,278250000,210000,5452,0.00005452,1144920000,11.44920000,16799854916670000,167998549.16670000,false,idealized 113/114 comparator
S4,S4,Idealized 113/114 cap-derived geometric schedule,278250000,278460000,210000,5404,0.00005404,1134840000,11.34840000,16799856051510000,167998560.51510000,false,idealized 113/114 comparator
S4,S4,Idealized 113/114 cap-derived geometric schedule,278460000,278670000,210000,5356,0.00005356,1124760000,11.24760000,16799857176270000,167998571.76270000,false,idealized 113/114 comparator
S4,S4,Idealized 113/114 cap-derived geometric schedule,278670000,278880000,210000,5309,0.00005309,1114890000,11.14890000,16799858291160000,167998582.91160000,false,idealized 113/114 comparator
S4,S4,Idealized 113/114 cap-derived geometric schedule,278880000,279090000,210000,5262,0.00005262,1105020000,11.05020000,16799859396180000,167998593.96180000,false,idealized 113/114 comparator
S4,S4,Idealized 113/114 cap-derived geometric schedule,279090000,279300000,210000,5215,0.00005215,1095150000,10.95150000,16799860491330000,167998604.91330000,false,idealized 113/114 comparator
S4,S4,Idealized 113/114 cap-derived geometric schedule,279300000,279510000,210000,5169,0.00005169,1085490000,10.85490000,16799861576820000,167998615.76820000,false,idealized 113/114 comparator
S4,S4,Idealized 113/114 cap-derived geometric schedule,279510000,279720000,210000,5123,0.00005123,1075830000,10.75830000,16799862652650000,167998626.52650000,false,idealized 113/114 comparator
S4,S4,Idealized 113/114 cap-derived geometric schedule,279720000,279930000,210000,5078,0.00005078,1066380000,10.66380000,16799863719030000,167998637.19030000,false,idealized 113/114 comparator
S4,S4,Idealized 113/114 cap-derived geometric schedule,279930000,280140000,210000,5033,0.00005033,1056930000,10.56930000,16799864775960000,167998647.75960000,false,idealized 113/114 comparator
S4,S4,Idealized 113/114 cap-derived geometric schedule,280140000,280350000,210000,4988,0.00004988,1047480000,10.47480000,16799865823440000,167998658.23440000,false,idealized 113/114 comparator
S4,S4,Idealized 113/114 cap-derived geometric schedule,280350000,280560000,210000,4944,0.00004944,1038240000,10.38240000,16799866861680000,167998668.61680000,false,idealized 113/114 comparator
S4,S4,Idealized 113/114 cap-derived geometric schedule,280560000,280770000,210000,4900,0.00004900,1029000000,10.29000000,16799867890680000,167998678.90680000,false,idealized 113/114 comparator
S4,S4,Idealized 113/114 cap-derived geometric schedule,280770000,280980000,210000,4857,0.00004857,1019970000,10.19970000,16799868910650000,167998689.10650000,false,idealized 113/114 comparator
S4,S4,Idealized 113/114 cap-derived geometric schedule,280980000,281190000,210000,4814,0.00004814,1010940000,10.10940000,16799869921590000,167998699.21590000,false,idealized 113/114 comparator
S4,S4,Idealized 113/114 cap-derived geometric schedule,281190000,281400000,210000,4771,0.00004771,1001910000,10.01910000,16799870923500000,167998709.23500000,false,idealized 113/114 comparator
S4,S4,Idealized 113/114 cap-derived geometric schedule,281400000,281610000,210000,4729,0.00004729,993090000,9.93090000,16799871916590000,167998719.16590000,false,idealized 113/114 comparator
S4,S4,Idealized 113/114 cap-derived geometric schedule,281610000,281820000,210000,4687,0.00004687,984270000,9.84270000,16799872900860000,167998729.00860000,false,idealized 113/114 comparator
S4,S4,Idealized 113/114 cap-derived geometric schedule,281820000,282030000,210000,4645,0.00004645,975450000,9.75450000,16799873876310000,167998738.76310000,false,idealized 113/114 comparator
S4,S4,Idealized 113/114 cap-derived geometric schedule,282030000,282240000,210000,4604,0.00004604,966840000,9.66840000,16799874843150000,167998748.43150000,false,idealized 113/114 comparator
S4,S4,Idealized 113/114 cap-derived geometric schedule,282240000,282450000,210000,4563,0.00004563,958230000,9.58230000,16799875801380000,167998758.01380000,false,idealized 113/114 comparator
S4,S4,Idealized 113/114 cap-derived geometric schedule,282450000,282660000,210000,4522,0.00004522,949620000,9.49620000,16799876751000000,167998767.51000000,false,idealized 113/114 comparator
S4,S4,Idealized 113/114 cap-derived geometric schedule,282660000,282870000,210000,4482,0.00004482,941220000,9.41220000,16799877692220000,167998776.92220000,false,idealized 113/114 comparator
S4,S4,Idealized 113/114 cap-derived geometric schedule,282870000,283080000,210000,4442,0.00004442,932820000,9.32820000,16799878625040000,167998786.25040000,false,idealized 113/114 comparator
S4,S4,Idealized 113/114 cap-derived geometric schedule,283080000,283290000,210000,4403,0.00004403,924630000,9.24630000,16799879549670000,167998795.49670000,false,idealized 113/114 comparator
S4,S4,Idealized 113/114 cap-derived geometric schedule,283290000,283500000,210000,4364,0.00004364,916440000,9.16440000,16799880466110000,167998804.66110000,false,idealized 113/114 comparator
S4,S4,Idealized 113/114 cap-derived geometric schedule,283500000,283710000,210000,4325,0.00004325,908250000,9.08250000,16799881374360000,167998813.74360000,false,idealized 113/114 comparator
S4,S4,Idealized 113/114 cap-derived geometric schedule,283710000,283920000,210000,4287,0.00004287,900270000,9.00270000,16799882274630000,167998822.74630000,false,idealized 113/114 comparator
S4,S4,Idealized 113/114 cap-derived geometric schedule,283920000,284130000,210000,4249,0.00004249,892290000,8.92290000,16799883166920000,167998831.66920000,false,idealized 113/114 comparator
S4,S4,Idealized 113/114 cap-derived geometric schedule,284130000,284340000,210000,4211,0.00004211,884310000,8.84310000,16799884051230000,167998840.51230000,false,idealized 113/114 comparator
S4,S4,Idealized 113/114 cap-derived geometric schedule,284340000,284550000,210000,4174,0.00004174,876540000,8.76540000,16799884927770000,167998849.27770000,false,idealized 113/114 comparator
S4,S4,Idealized 113/114 cap-derived geometric schedule,284550000,284760000,210000,4137,0.00004137,868770000,8.68770000,16799885796540000,167998857.96540000,false,idealized 113/114 comparator
S4,S4,Idealized 113/114 cap-derived geometric schedule,284760000,284970000,210000,4100,0.00004100,861000000,8.61000000,16799886657540000,167998866.57540000,false,idealized 113/114 comparator
S4,S4,Idealized 113/114 cap-derived geometric schedule,284970000,285180000,210000,4064,0.00004064,853440000,8.53440000,16799887510980000,167998875.10980000,false,idealized 113/114 comparator
S4,S4,Idealized 113/114 cap-derived geometric schedule,285180000,285390000,210000,4028,0.00004028,845880000,8.45880000,16799888356860000,167998883.56860000,false,idealized 113/114 comparator
S4,S4,Idealized 113/114 cap-derived geometric schedule,285390000,285600000,210000,3992,0.00003992,838320000,8.38320000,16799889195180000,167998891.95180000,false,idealized 113/114 comparator
S4,S4,Idealized 113/114 cap-derived geometric schedule,285600000,285810000,210000,3956,0.00003956,830760000,8.30760000,16799890025940000,167998900.25940000,false,idealized 113/114 comparator
S4,S4,Idealized 113/114 cap-derived geometric schedule,285810000,286020000,210000,3921,0.00003921,823410000,8.23410000,16799890849350000,167998908.49350000,false,idealized 113/114 comparator
S4,S4,Idealized 113/114 cap-derived geometric schedule,286020000,286230000,210000,3886,0.00003886,816060000,8.16060000,16799891665410000,167998916.65410000,false,idealized 113/114 comparator
S4,S4,Idealized 113/114 cap-derived geometric schedule,286230000,286440000,210000,3851,0.00003851,808710000,8.08710000,16799892474120000,167998924.74120000,false,idealized 113/114 comparator
S4,S4,Idealized 113/114 cap-derived geometric schedule,286440000,286650000,210000,3817,0.00003817,801570000,8.01570000,16799893275690000,167998932.75690000,false,idealized 113/114 comparator
S4,S4,Idealized 113/114 cap-derived geometric schedule,286650000,286860000,210000,3783,0.00003783,794430000,7.94430000,16799894070120000,167998940.70120000,false,idealized 113/114 comparator
S4,S4,Idealized 113/114 cap-derived geometric schedule,286860000,287070000,210000,3749,0.00003749,787290000,7.87290000,16799894857410000,167998948.57410000,false,idealized 113/114 comparator
S4,S4,Idealized 113/114 cap-derived geometric schedule,287070000,287280000,210000,3716,0.00003716,780360000,7.80360000,16799895637770000,167998956.37770000,false,idealized 113/114 comparator
S4,S4,Idealized 113/114 cap-derived geometric schedule,287280000,287490000,210000,3683,0.00003683,773430000,7.73430000,16799896411200000,167998964.11200000,false,idealized 113/114 comparator
S4,S4,Idealized 113/114 cap-derived geometric schedule,287490000,287700000,210000,3650,0.00003650,766500000,7.66500000,16799897177700000,167998971.77700000,false,idealized 113/114 comparator
S4,S4,Idealized 113/114 cap-derived geometric schedule,287700000,287910000,210000,3617,0.00003617,759570000,7.59570000,16799897937270000,167998979.37270000,false,idealized 113/114 comparator
S4,S4,Idealized 113/114 cap-derived geometric schedule,287910000,288120000,210000,3585,0.00003585,752850000,7.52850000,16799898690120000,167998986.90120000,false,idealized 113/114 comparator
S4,S4,Idealized 113/114 cap-derived geometric schedule,288120000,288330000,210000,3553,0.00003553,746130000,7.46130000,16799899436250000,167998994.36250000,false,idealized 113/114 comparator
S4,S4,Idealized 113/114 cap-derived geometric schedule,288330000,288540000,210000,3521,0.00003521,739410000,7.39410000,16799900175660000,167999001.75660000,false,idealized 113/114 comparator
S4,S4,Idealized 113/114 cap-derived geometric schedule,288540000,288750000,210000,3490,0.00003490,732900000,7.32900000,16799900908560000,167999009.08560000,false,idealized 113/114 comparator
S4,S4,Idealized 113/114 cap-derived geometric schedule,288750000,288960000,210000,3459,0.00003459,726390000,7.26390000,16799901634950000,167999016.34950000,false,idealized 113/114 comparator
S4,S4,Idealized 113/114 cap-derived geometric schedule,288960000,289170000,210000,3428,0.00003428,719880000,7.19880000,16799902354830000,167999023.54830000,false,idealized 113/114 comparator
S4,S4,Idealized 113/114 cap-derived geometric schedule,289170000,289380000,210000,3397,0.00003397,713370000,7.13370000,16799903068200000,167999030.68200000,false,idealized 113/114 comparator
S4,S4,Idealized 113/114 cap-derived geometric schedule,289380000,289590000,210000,3367,0.00003367,707070000,7.07070000,16799903775270000,167999037.75270000,false,idealized 113/114 comparator
S4,S4,Idealized 113/114 cap-derived geometric schedule,289590000,289800000,210000,3337,0.00003337,700770000,7.00770000,16799904476040000,167999044.76040000,false,idealized 113/114 comparator
S4,S4,Idealized 113/114 cap-derived geometric schedule,289800000,290010000,210000,3307,0.00003307,694470000,6.94470000,16799905170510000,167999051.70510000,false,idealized 113/114 comparator
S4,S4,Idealized 113/114 cap-derived geometric schedule,290010000,290220000,210000,3277,0.00003277,688170000,6.88170000,16799905858680000,167999058.58680000,false,idealized 113/114 comparator
S4,S4,Idealized 113/114 cap-derived geometric schedule,290220000,290430000,210000,3248,0.00003248,682080000,6.82080000,16799906540760000,167999065.40760000,false,idealized 113/114 comparator
S4,S4,Idealized 113/114 cap-derived geometric schedule,290430000,290640000,210000,3219,0.00003219,675990000,6.75990000,16799907216750000,167999072.16750000,false,idealized 113/114 comparator
S4,S4,Idealized 113/114 cap-derived geometric schedule,290640000,290850000,210000,3190,0.00003190,669900000,6.69900000,16799907886650000,167999078.86650000,false,idealized 113/114 comparator
S4,S4,Idealized 113/114 cap-derived geometric schedule,290850000,291060000,210000,3162,0.00003162,664020000,6.64020000,16799908550670000,167999085.50670000,false,idealized 113/114 comparator
S4,S4,Idealized 113/114 cap-derived geometric schedule,291060000,291270000,210000,3134,0.00003134,658140000,6.58140000,16799909208810000,167999092.08810000,false,idealized 113/114 comparator
S4,S4,Idealized 113/114 cap-derived geometric schedule,291270000,291480000,210000,3106,0.00003106,652260000,6.52260000,16799909861070000,167999098.61070000,false,idealized 113/114 comparator
S4,S4,Idealized 113/114 cap-derived geometric schedule,291480000,291690000,210000,3078,0.00003078,646380000,6.46380000,16799910507450000,167999105.07450000,false,idealized 113/114 comparator
S4,S4,Idealized 113/114 cap-derived geometric schedule,291690000,291900000,210000,3051,0.00003051,640710000,6.40710000,16799911148160000,167999111.48160000,false,idealized 113/114 comparator
S4,S4,Idealized 113/114 cap-derived geometric schedule,291900000,292110000,210000,3024,0.00003024,635040000,6.35040000,16799911783200000,167999117.83200000,false,idealized 113/114 comparator
S4,S4,Idealized 113/114 cap-derived geometric schedule,292110000,292320000,210000,2997,0.00002997,629370000,6.29370000,16799912412570000,167999124.12570000,false,idealized 113/114 comparator
S4,S4,Idealized 113/114 cap-derived geometric schedule,292320000,292530000,210000,2970,0.00002970,623700000,6.23700000,16799913036270000,167999130.36270000,false,idealized 113/114 comparator
S4,S4,Idealized 113/114 cap-derived geometric schedule,292530000,292740000,210000,2943,0.00002943,618030000,6.18030000,16799913654300000,167999136.54300000,false,idealized 113/114 comparator
S4,S4,Idealized 113/114 cap-derived geometric schedule,292740000,292950000,210000,2917,0.00002917,612570000,6.12570000,16799914266870000,167999142.66870000,false,idealized 113/114 comparator
S4,S4,Idealized 113/114 cap-derived geometric schedule,292950000,293160000,210000,2891,0.00002891,607110000,6.07110000,16799914873980000,167999148.73980000,false,idealized 113/114 comparator
S4,S4,Idealized 113/114 cap-derived geometric schedule,293160000,293370000,210000,2865,0.00002865,601650000,6.01650000,16799915475630000,167999154.75630000,false,idealized 113/114 comparator
S4,S4,Idealized 113/114 cap-derived geometric schedule,293370000,293580000,210000,2839,0.00002839,596190000,5.96190000,16799916071820000,167999160.71820000,false,idealized 113/114 comparator
S4,S4,Idealized 113/114 cap-derived geometric schedule,293580000,293790000,210000,2814,0.00002814,590940000,5.90940000,16799916662760000,167999166.62760000,false,idealized 113/114 comparator
S4,S4,Idealized 113/114 cap-derived geometric schedule,293790000,294000000,210000,2789,0.00002789,585690000,5.85690000,16799917248450000,167999172.48450000,false,idealized 113/114 comparator
S4,S4,Idealized 113/114 cap-derived geometric schedule,294000000,294210000,210000,2764,0.00002764,580440000,5.80440000,16799917828890000,167999178.28890000,false,idealized 113/114 comparator
S4,S4,Idealized 113/114 cap-derived geometric schedule,294210000,294420000,210000,2739,0.00002739,575190000,5.75190000,16799918404080000,167999184.04080000,false,idealized 113/114 comparator
S4,S4,Idealized 113/114 cap-derived geometric schedule,294420000,294630000,210000,2714,0.00002714,569940000,5.69940000,16799918974020000,167999189.74020000,false,idealized 113/114 comparator
S4,S4,Idealized 113/114 cap-derived geometric schedule,294630000,294840000,210000,2690,0.00002690,564900000,5.64900000,16799919538920000,167999195.38920000,false,idealized 113/114 comparator
S4,S4,Idealized 113/114 cap-derived geometric schedule,294840000,295050000,210000,2666,0.00002666,559860000,5.59860000,16799920098780000,167999200.98780000,false,idealized 113/114 comparator
S4,S4,Idealized 113/114 cap-derived geometric schedule,295050000,295260000,210000,2642,0.00002642,554820000,5.54820000,16799920653600000,167999206.53600000,false,idealized 113/114 comparator
S4,S4,Idealized 113/114 cap-derived geometric schedule,295260000,295470000,210000,2618,0.00002618,549780000,5.49780000,16799921203380000,167999212.03380000,false,idealized 113/114 comparator
S4,S4,Idealized 113/114 cap-derived geometric schedule,295470000,295680000,210000,2595,0.00002595,544950000,5.44950000,16799921748330000,167999217.48330000,false,idealized 113/114 comparator
S4,S4,Idealized 113/114 cap-derived geometric schedule,295680000,295890000,210000,2572,0.00002572,540120000,5.40120000,16799922288450000,167999222.88450000,false,idealized 113/114 comparator
S4,S4,Idealized 113/114 cap-derived geometric schedule,295890000,296100000,210000,2549,0.00002549,535290000,5.35290000,16799922823740000,167999228.23740000,false,idealized 113/114 comparator
S4,S4,Idealized 113/114 cap-derived geometric schedule,296100000,296310000,210000,2526,0.00002526,530460000,5.30460000,16799923354200000,167999233.54200000,false,idealized 113/114 comparator
S4,S4,Idealized 113/114 cap-derived geometric schedule,296310000,296520000,210000,2503,0.00002503,525630000,5.25630000,16799923879830000,167999238.79830000,false,idealized 113/114 comparator
S4,S4,Idealized 113/114 cap-derived geometric schedule,296520000,296730000,210000,2481,0.00002481,521010000,5.21010000,16799924400840000,167999244.00840000,false,idealized 113/114 comparator
S4,S4,Idealized 113/114 cap-derived geometric schedule,296730000,296940000,210000,2459,0.00002459,516390000,5.16390000,16799924917230000,167999249.17230000,false,idealized 113/114 comparator
S4,S4,Idealized 113/114 cap-derived geometric schedule,296940000,297150000,210000,2437,0.00002437,511770000,5.11770000,16799925429000000,167999254.29000000,false,idealized 113/114 comparator
S4,S4,Idealized 113/114 cap-derived geometric schedule,297150000,297360000,210000,2415,0.00002415,507150000,5.07150000,16799925936150000,167999259.36150000,false,idealized 113/114 comparator
S4,S4,Idealized 113/114 cap-derived geometric schedule,297360000,297570000,210000,2393,0.00002393,502530000,5.02530000,16799926438680000,167999264.38680000,false,idealized 113/114 comparator
S4,S4,Idealized 113/114 cap-derived geometric schedule,297570000,297780000,210000,2372,0.00002372,498120000,4.98120000,16799926936800000,167999269.36800000,false,idealized 113/114 comparator
S4,S4,Idealized 113/114 cap-derived geometric schedule,297780000,297990000,210000,2351,0.00002351,493710000,4.93710000,16799927430510000,167999274.30510000,false,idealized 113/114 comparator
S4,S4,Idealized 113/114 cap-derived geometric schedule,297990000,298200000,210000,2330,0.00002330,489300000,4.89300000,16799927919810000,167999279.19810000,false,idealized 113/114 comparator
S4,S4,Idealized 113/114 cap-derived geometric schedule,298200000,298410000,210000,2309,0.00002309,484890000,4.84890000,16799928404700000,167999284.04700000,false,idealized 113/114 comparator
S4,S4,Idealized 113/114 cap-derived geometric schedule,298410000,298620000,210000,2288,0.00002288,480480000,4.80480000,16799928885180000,167999288.85180000,false,idealized 113/114 comparator
S4,S4,Idealized 113/114 cap-derived geometric schedule,298620000,298830000,210000,2267,0.00002267,476070000,4.76070000,16799929361250000,167999293.61250000,false,idealized 113/114 comparator
S4,S4,Idealized 113/114 cap-derived geometric schedule,298830000,299040000,210000,2247,0.00002247,471870000,4.71870000,16799929833120000,167999298.33120000,false,idealized 113/114 comparator
S4,S4,Idealized 113/114 cap-derived geometric schedule,299040000,299250000,210000,2227,0.00002227,467670000,4.67670000,16799930300790000,167999303.00790000,false,idealized 113/114 comparator
S4,S4,Idealized 113/114 cap-derived geometric schedule,299250000,299460000,210000,2207,0.00002207,463470000,4.63470000,16799930764260000,167999307.64260000,false,idealized 113/114 comparator
S4,S4,Idealized 113/114 cap-derived geometric schedule,299460000,299670000,210000,2187,0.00002187,459270000,4.59270000,16799931223530000,167999312.23530000,false,idealized 113/114 comparator
S4,S4,Idealized 113/114 cap-derived geometric schedule,299670000,299880000,210000,2167,0.00002167,455070000,4.55070000,16799931678600000,167999316.78600000,false,idealized 113/114 comparator
S4,S4,Idealized 113/114 cap-derived geometric schedule,299880000,300090000,210000,2147,0.00002147,450870000,4.50870000,16799932129470000,167999321.29470000,false,idealized 113/114 comparator
S4,S4,Idealized 113/114 cap-derived geometric schedule,300090000,300300000,210000,2128,0.00002128,446880000,4.46880000,16799932576350000,167999325.76350000,false,idealized 113/114 comparator
S4,S4,Idealized 113/114 cap-derived geometric schedule,300300000,300510000,210000,2109,0.00002109,442890000,4.42890000,16799933019240000,167999330.19240000,false,idealized 113/114 comparator
S4,S4,Idealized 113/114 cap-derived geometric schedule,300510000,300720000,210000,2090,0.00002090,438900000,4.38900000,16799933458140000,167999334.58140000,false,idealized 113/114 comparator
S4,S4,Idealized 113/114 cap-derived geometric schedule,300720000,300930000,210000,2071,0.00002071,434910000,4.34910000,16799933893050000,167999338.93050000,false,idealized 113/114 comparator
S4,S4,Idealized 113/114 cap-derived geometric schedule,300930000,301140000,210000,2052,0.00002052,430920000,4.30920000,16799934323970000,167999343.23970000,false,idealized 113/114 comparator
S4,S4,Idealized 113/114 cap-derived geometric schedule,301140000,301350000,210000,2034,0.00002034,427140000,4.27140000,16799934751110000,167999347.51110000,false,idealized 113/114 comparator
S4,S4,Idealized 113/114 cap-derived geometric schedule,301350000,301560000,210000,2016,0.00002016,423360000,4.23360000,16799935174470000,167999351.74470000,false,idealized 113/114 comparator
S4,S4,Idealized 113/114 cap-derived geometric schedule,301560000,301770000,210000,1998,0.00001998,419580000,4.19580000,16799935594050000,167999355.94050000,false,idealized 113/114 comparator
S4,S4,Idealized 113/114 cap-derived geometric schedule,301770000,301980000,210000,1980,0.00001980,415800000,4.15800000,16799936009850000,167999360.09850000,false,idealized 113/114 comparator
S4,S4,Idealized 113/114 cap-derived geometric schedule,301980000,302190000,210000,1962,0.00001962,412020000,4.12020000,16799936421870000,167999364.21870000,false,idealized 113/114 comparator
S4,S4,Idealized 113/114 cap-derived geometric schedule,302190000,302400000,210000,1944,0.00001944,408240000,4.08240000,16799936830110000,167999368.30110000,false,idealized 113/114 comparator
S4,S4,Idealized 113/114 cap-derived geometric schedule,302400000,302610000,210000,1926,0.00001926,404460000,4.04460000,16799937234570000,167999372.34570000,false,idealized 113/114 comparator
S4,S4,Idealized 113/114 cap-derived geometric schedule,302610000,302820000,210000,1909,0.00001909,400890000,4.00890000,16799937635460000,167999376.35460000,false,idealized 113/114 comparator
S4,S4,Idealized 113/114 cap-derived geometric schedule,302820000,303030000,210000,1892,0.00001892,397320000,3.97320000,16799938032780000,167999380.32780000,false,idealized 113/114 comparator
S4,S4,Idealized 113/114 cap-derived geometric schedule,303030000,303240000,210000,1875,0.00001875,393750000,3.93750000,16799938426530000,167999384.26530000,false,idealized 113/114 comparator
S4,S4,Idealized 113/114 cap-derived geometric schedule,303240000,303450000,210000,1858,0.00001858,390180000,3.90180000,16799938816710000,167999388.16710000,false,idealized 113/114 comparator
S4,S4,Idealized 113/114 cap-derived geometric schedule,303450000,303660000,210000,1841,0.00001841,386610000,3.86610000,16799939203320000,167999392.03320000,false,idealized 113/114 comparator
S4,S4,Idealized 113/114 cap-derived geometric schedule,303660000,303870000,210000,1824,0.00001824,383040000,3.83040000,16799939586360000,167999395.86360000,false,idealized 113/114 comparator
S4,S4,Idealized 113/114 cap-derived geometric schedule,303870000,304080000,210000,1808,0.00001808,379680000,3.79680000,16799939966040000,167999399.66040000,false,idealized 113/114 comparator
S4,S4,Idealized 113/114 cap-derived geometric schedule,304080000,304290000,210000,1792,0.00001792,376320000,3.76320000,16799940342360000,167999403.42360000,false,idealized 113/114 comparator
S4,S4,Idealized 113/114 cap-derived geometric schedule,304290000,304500000,210000,1776,0.00001776,372960000,3.72960000,16799940715320000,167999407.15320000,false,idealized 113/114 comparator
S4,S4,Idealized 113/114 cap-derived geometric schedule,304500000,304710000,210000,1760,0.00001760,369600000,3.69600000,16799941084920000,167999410.84920000,false,idealized 113/114 comparator
S4,S4,Idealized 113/114 cap-derived geometric schedule,304710000,304920000,210000,1744,0.00001744,366240000,3.66240000,16799941451160000,167999414.51160000,false,idealized 113/114 comparator
S4,S4,Idealized 113/114 cap-derived geometric schedule,304920000,305130000,210000,1728,0.00001728,362880000,3.62880000,16799941814040000,167999418.14040000,false,idealized 113/114 comparator
S4,S4,Idealized 113/114 cap-derived geometric schedule,305130000,305340000,210000,1712,0.00001712,359520000,3.59520000,16799942173560000,167999421.73560000,false,idealized 113/114 comparator
S4,S4,Idealized 113/114 cap-derived geometric schedule,305340000,305550000,210000,1696,0.00001696,356160000,3.56160000,16799942529720000,167999425.29720000,false,idealized 113/114 comparator
S4,S4,Idealized 113/114 cap-derived geometric schedule,305550000,305760000,210000,1681,0.00001681,353010000,3.53010000,16799942882730000,167999428.82730000,false,idealized 113/114 comparator
S4,S4,Idealized 113/114 cap-derived geometric schedule,305760000,305970000,210000,1666,0.00001666,349860000,3.49860000,16799943232590000,167999432.32590000,false,idealized 113/114 comparator
S4,S4,Idealized 113/114 cap-derived geometric schedule,305970000,306180000,210000,1651,0.00001651,346710000,3.46710000,16799943579300000,167999435.79300000,false,idealized 113/114 comparator
S4,S4,Idealized 113/114 cap-derived geometric schedule,306180000,306390000,210000,1636,0.00001636,343560000,3.43560000,16799943922860000,167999439.22860000,false,idealized 113/114 comparator
S4,S4,Idealized 113/114 cap-derived geometric schedule,306390000,306600000,210000,1621,0.00001621,340410000,3.40410000,16799944263270000,167999442.63270000,false,idealized 113/114 comparator
S4,S4,Idealized 113/114 cap-derived geometric schedule,306600000,306810000,210000,1606,0.00001606,337260000,3.37260000,16799944600530000,167999446.00530000,false,idealized 113/114 comparator
S4,S4,Idealized 113/114 cap-derived geometric schedule,306810000,307020000,210000,1591,0.00001591,334110000,3.34110000,16799944934640000,167999449.34640000,false,idealized 113/114 comparator
S4,S4,Idealized 113/114 cap-derived geometric schedule,307020000,307230000,210000,1577,0.00001577,331170000,3.31170000,16799945265810000,167999452.65810000,false,idealized 113/114 comparator
S4,S4,Idealized 113/114 cap-derived geometric schedule,307230000,307440000,210000,1563,0.00001563,328230000,3.28230000,16799945594040000,167999455.94040000,false,idealized 113/114 comparator
S4,S4,Idealized 113/114 cap-derived geometric schedule,307440000,307650000,210000,1549,0.00001549,325290000,3.25290000,16799945919330000,167999459.19330000,false,idealized 113/114 comparator
S4,S4,Idealized 113/114 cap-derived geometric schedule,307650000,307860000,210000,1535,0.00001535,322350000,3.22350000,16799946241680000,167999462.41680000,false,idealized 113/114 comparator
S4,S4,Idealized 113/114 cap-derived geometric schedule,307860000,308070000,210000,1521,0.00001521,319410000,3.19410000,16799946561090000,167999465.61090000,false,idealized 113/114 comparator
S4,S4,Idealized 113/114 cap-derived geometric schedule,308070000,308280000,210000,1507,0.00001507,316470000,3.16470000,16799946877560000,167999468.77560000,false,idealized 113/114 comparator
S4,S4,Idealized 113/114 cap-derived geometric schedule,308280000,308490000,210000,1493,0.00001493,313530000,3.13530000,16799947191090000,167999471.91090000,false,idealized 113/114 comparator
S4,S4,Idealized 113/114 cap-derived geometric schedule,308490000,308700000,210000,1479,0.00001479,310590000,3.10590000,16799947501680000,167999475.01680000,false,idealized 113/114 comparator
S4,S4,Idealized 113/114 cap-derived geometric schedule,308700000,308910000,210000,1466,0.00001466,307860000,3.07860000,16799947809540000,167999478.09540000,false,idealized 113/114 comparator
S4,S4,Idealized 113/114 cap-derived geometric schedule,308910000,309120000,210000,1453,0.00001453,305130000,3.05130000,16799948114670000,167999481.14670000,false,idealized 113/114 comparator
S4,S4,Idealized 113/114 cap-derived geometric schedule,309120000,309330000,210000,1440,0.00001440,302400000,3.02400000,16799948417070000,167999484.17070000,false,idealized 113/114 comparator
S4,S4,Idealized 113/114 cap-derived geometric schedule,309330000,309540000,210000,1427,0.00001427,299670000,2.99670000,16799948716740000,167999487.16740000,false,idealized 113/114 comparator
S4,S4,Idealized 113/114 cap-derived geometric schedule,309540000,309750000,210000,1414,0.00001414,296940000,2.96940000,16799949013680000,167999490.13680000,false,idealized 113/114 comparator
S4,S4,Idealized 113/114 cap-derived geometric schedule,309750000,309960000,210000,1401,0.00001401,294210000,2.94210000,16799949307890000,167999493.07890000,false,idealized 113/114 comparator
S4,S4,Idealized 113/114 cap-derived geometric schedule,309960000,310170000,210000,1388,0.00001388,291480000,2.91480000,16799949599370000,167999495.99370000,false,idealized 113/114 comparator
S4,S4,Idealized 113/114 cap-derived geometric schedule,310170000,310380000,210000,1375,0.00001375,288750000,2.88750000,16799949888120000,167999498.88120000,false,idealized 113/114 comparator
S4,S4,Idealized 113/114 cap-derived geometric schedule,310380000,310590000,210000,1362,0.00001362,286020000,2.86020000,16799950174140000,167999501.74140000,false,idealized 113/114 comparator
S4,S4,Idealized 113/114 cap-derived geometric schedule,310590000,310800000,210000,1350,0.00001350,283500000,2.83500000,16799950457640000,167999504.57640000,false,idealized 113/114 comparator
S4,S4,Idealized 113/114 cap-derived geometric schedule,310800000,311010000,210000,1338,0.00001338,280980000,2.80980000,16799950738620000,167999507.38620000,false,idealized 113/114 comparator
S4,S4,Idealized 113/114 cap-derived geometric schedule,311010000,311220000,210000,1326,0.00001326,278460000,2.78460000,16799951017080000,167999510.17080000,false,idealized 113/114 comparator
S4,S4,Idealized 113/114 cap-derived geometric schedule,311220000,311430000,210000,1314,0.00001314,275940000,2.75940000,16799951293020000,167999512.93020000,false,idealized 113/114 comparator
S4,S4,Idealized 113/114 cap-derived geometric schedule,311430000,311640000,210000,1302,0.00001302,273420000,2.73420000,16799951566440000,167999515.66440000,false,idealized 113/114 comparator
S4,S4,Idealized 113/114 cap-derived geometric schedule,311640000,311850000,210000,1290,0.00001290,270900000,2.70900000,16799951837340000,167999518.37340000,false,idealized 113/114 comparator
S4,S4,Idealized 113/114 cap-derived geometric schedule,311850000,312060000,210000,1278,0.00001278,268380000,2.68380000,16799952105720000,167999521.05720000,false,idealized 113/114 comparator
S4,S4,Idealized 113/114 cap-derived geometric schedule,312060000,312270000,210000,1266,0.00001266,265860000,2.65860000,16799952371580000,167999523.71580000,false,idealized 113/114 comparator
S4,S4,Idealized 113/114 cap-derived geometric schedule,312270000,312480000,210000,1254,0.00001254,263340000,2.63340000,16799952634920000,167999526.34920000,false,idealized 113/114 comparator
S4,S4,Idealized 113/114 cap-derived geometric schedule,312480000,312690000,210000,1243,0.00001243,261030000,2.61030000,16799952895950000,167999528.95950000,false,idealized 113/114 comparator
S4,S4,Idealized 113/114 cap-derived geometric schedule,312690000,312900000,210000,1232,0.00001232,258720000,2.58720000,16799953154670000,167999531.54670000,false,idealized 113/114 comparator
S4,S4,Idealized 113/114 cap-derived geometric schedule,312900000,313110000,210000,1221,0.00001221,256410000,2.56410000,16799953411080000,167999534.11080000,false,idealized 113/114 comparator
S4,S4,Idealized 113/114 cap-derived geometric schedule,313110000,313320000,210000,1210,0.00001210,254100000,2.54100000,16799953665180000,167999536.65180000,false,idealized 113/114 comparator
S4,S4,Idealized 113/114 cap-derived geometric schedule,313320000,313530000,210000,1199,0.00001199,251790000,2.51790000,16799953916970000,167999539.16970000,false,idealized 113/114 comparator
S4,S4,Idealized 113/114 cap-derived geometric schedule,313530000,313740000,210000,1188,0.00001188,249480000,2.49480000,16799954166450000,167999541.66450000,false,idealized 113/114 comparator
S4,S4,Idealized 113/114 cap-derived geometric schedule,313740000,313950000,210000,1177,0.00001177,247170000,2.47170000,16799954413620000,167999544.13620000,false,idealized 113/114 comparator
S4,S4,Idealized 113/114 cap-derived geometric schedule,313950000,314160000,210000,1166,0.00001166,244860000,2.44860000,16799954658480000,167999546.58480000,false,idealized 113/114 comparator
S4,S4,Idealized 113/114 cap-derived geometric schedule,314160000,314370000,210000,1155,0.00001155,242550000,2.42550000,16799954901030000,167999549.01030000,false,idealized 113/114 comparator
S4,S4,Idealized 113/114 cap-derived geometric schedule,314370000,314580000,210000,1144,0.00001144,240240000,2.40240000,16799955141270000,167999551.41270000,false,idealized 113/114 comparator
S4,S4,Idealized 113/114 cap-derived geometric schedule,314580000,314790000,210000,1133,0.00001133,237930000,2.37930000,16799955379200000,167999553.79200000,false,idealized 113/114 comparator
S4,S4,Idealized 113/114 cap-derived geometric schedule,314790000,315000000,210000,1123,0.00001123,235830000,2.35830000,16799955615030000,167999556.15030000,false,idealized 113/114 comparator
S4,S4,Idealized 113/114 cap-derived geometric schedule,315000000,315210000,210000,1113,0.00001113,233730000,2.33730000,16799955848760000,167999558.48760000,false,idealized 113/114 comparator
S4,S4,Idealized 113/114 cap-derived geometric schedule,315210000,315420000,210000,1103,0.00001103,231630000,2.31630000,16799956080390000,167999560.80390000,false,idealized 113/114 comparator
S4,S4,Idealized 113/114 cap-derived geometric schedule,315420000,315630000,210000,1093,0.00001093,229530000,2.29530000,16799956309920000,167999563.09920000,false,idealized 113/114 comparator
S4,S4,Idealized 113/114 cap-derived geometric schedule,315630000,315840000,210000,1083,0.00001083,227430000,2.27430000,16799956537350000,167999565.37350000,false,idealized 113/114 comparator
S4,S4,Idealized 113/114 cap-derived geometric schedule,315840000,316050000,210000,1073,0.00001073,225330000,2.25330000,16799956762680000,167999567.62680000,false,idealized 113/114 comparator
S4,S4,Idealized 113/114 cap-derived geometric schedule,316050000,316260000,210000,1063,0.00001063,223230000,2.23230000,16799956985910000,167999569.85910000,false,idealized 113/114 comparator
S4,S4,Idealized 113/114 cap-derived geometric schedule,316260000,316470000,210000,1053,0.00001053,221130000,2.21130000,16799957207040000,167999572.07040000,false,idealized 113/114 comparator
S4,S4,Idealized 113/114 cap-derived geometric schedule,316470000,316680000,210000,1043,0.00001043,219030000,2.19030000,16799957426070000,167999574.26070000,false,idealized 113/114 comparator
S4,S4,Idealized 113/114 cap-derived geometric schedule,316680000,316890000,210000,1033,0.00001033,216930000,2.16930000,16799957643000000,167999576.43000000,false,idealized 113/114 comparator
S4,S4,Idealized 113/114 cap-derived geometric schedule,316890000,317100000,210000,1023,0.00001023,214830000,2.14830000,16799957857830000,167999578.57830000,false,idealized 113/114 comparator
S4,S4,Idealized 113/114 cap-derived geometric schedule,317100000,317310000,210000,1014,0.00001014,212940000,2.12940000,16799958070770000,167999580.70770000,false,idealized 113/114 comparator
S4,S4,Idealized 113/114 cap-derived geometric schedule,317310000,317520000,210000,1005,0.00001005,211050000,2.11050000,16799958281820000,167999582.81820000,false,idealized 113/114 comparator
S4,S4,Idealized 113/114 cap-derived geometric schedule,317520000,317730000,210000,996,0.00000996,209160000,2.09160000,16799958490980000,167999584.90980000,false,idealized 113/114 comparator
S4,S4,Idealized 113/114 cap-derived geometric schedule,317730000,317940000,210000,987,0.00000987,207270000,2.07270000,16799958698250000,167999586.98250000,false,idealized 113/114 comparator
S4,S4,Idealized 113/114 cap-derived geometric schedule,317940000,318150000,210000,978,0.00000978,205380000,2.05380000,16799958903630000,167999589.03630000,false,idealized 113/114 comparator
S4,S4,Idealized 113/114 cap-derived geometric schedule,318150000,318360000,210000,969,0.00000969,203490000,2.03490000,16799959107120000,167999591.07120000,false,idealized 113/114 comparator
S4,S4,Idealized 113/114 cap-derived geometric schedule,318360000,318570000,210000,960,0.00000960,201600000,2.01600000,16799959308720000,167999593.08720000,false,idealized 113/114 comparator
S4,S4,Idealized 113/114 cap-derived geometric schedule,318570000,318780000,210000,951,0.00000951,199710000,1.99710000,16799959508430000,167999595.08430000,false,idealized 113/114 comparator
S4,S4,Idealized 113/114 cap-derived geometric schedule,318780000,318990000,210000,942,0.00000942,197820000,1.97820000,16799959706250000,167999597.06250000,false,idealized 113/114 comparator
S4,S4,Idealized 113/114 cap-derived geometric schedule,318990000,319200000,210000,933,0.00000933,195930000,1.95930000,16799959902180000,167999599.02180000,false,idealized 113/114 comparator
S4,S4,Idealized 113/114 cap-derived geometric schedule,319200000,319410000,210000,924,0.00000924,194040000,1.94040000,16799960096220000,167999600.96220000,false,idealized 113/114 comparator
S4,S4,Idealized 113/114 cap-derived geometric schedule,319410000,319620000,210000,915,0.00000915,192150000,1.92150000,16799960288370000,167999602.88370000,false,idealized 113/114 comparator
S4,S4,Idealized 113/114 cap-derived geometric schedule,319620000,319830000,210000,906,0.00000906,190260000,1.90260000,16799960478630000,167999604.78630000,false,idealized 113/114 comparator
S4,S4,Idealized 113/114 cap-derived geometric schedule,319830000,320040000,210000,898,0.00000898,188580000,1.88580000,16799960667210000,167999606.67210000,false,idealized 113/114 comparator
S4,S4,Idealized 113/114 cap-derived geometric schedule,320040000,320250000,210000,890,0.00000890,186900000,1.86900000,16799960854110000,167999608.54110000,false,idealized 113/114 comparator
S4,S4,Idealized 113/114 cap-derived geometric schedule,320250000,320460000,210000,882,0.00000882,185220000,1.85220000,16799961039330000,167999610.39330000,false,idealized 113/114 comparator
S4,S4,Idealized 113/114 cap-derived geometric schedule,320460000,320670000,210000,874,0.00000874,183540000,1.83540000,16799961222870000,167999612.22870000,false,idealized 113/114 comparator
S4,S4,Idealized 113/114 cap-derived geometric schedule,320670000,320880000,210000,866,0.00000866,181860000,1.81860000,16799961404730000,167999614.04730000,false,idealized 113/114 comparator
S4,S4,Idealized 113/114 cap-derived geometric schedule,320880000,321090000,210000,858,0.00000858,180180000,1.80180000,16799961584910000,167999615.84910000,false,idealized 113/114 comparator
S4,S4,Idealized 113/114 cap-derived geometric schedule,321090000,321300000,210000,850,0.00000850,178500000,1.78500000,16799961763410000,167999617.63410000,false,idealized 113/114 comparator
S4,S4,Idealized 113/114 cap-derived geometric schedule,321300000,321510000,210000,842,0.00000842,176820000,1.76820000,16799961940230000,167999619.40230000,false,idealized 113/114 comparator
S4,S4,Idealized 113/114 cap-derived geometric schedule,321510000,321720000,210000,834,0.00000834,175140000,1.75140000,16799962115370000,167999621.15370000,false,idealized 113/114 comparator
S4,S4,Idealized 113/114 cap-derived geometric schedule,321720000,321930000,210000,826,0.00000826,173460000,1.73460000,16799962288830000,167999622.88830000,false,idealized 113/114 comparator
S4,S4,Idealized 113/114 cap-derived geometric schedule,321930000,322140000,210000,818,0.00000818,171780000,1.71780000,16799962460610000,167999624.60610000,false,idealized 113/114 comparator
S4,S4,Idealized 113/114 cap-derived geometric schedule,322140000,322350000,210000,810,0.00000810,170100000,1.70100000,16799962630710000,167999626.30710000,false,idealized 113/114 comparator
S4,S4,Idealized 113/114 cap-derived geometric schedule,322350000,322560000,210000,802,0.00000802,168420000,1.68420000,16799962799130000,167999627.99130000,false,idealized 113/114 comparator
S4,S4,Idealized 113/114 cap-derived geometric schedule,322560000,322770000,210000,794,0.00000794,166740000,1.66740000,16799962965870000,167999629.65870000,false,idealized 113/114 comparator
S4,S4,Idealized 113/114 cap-derived geometric schedule,322770000,322980000,210000,787,0.00000787,165270000,1.65270000,16799963131140000,167999631.31140000,false,idealized 113/114 comparator
S4,S4,Idealized 113/114 cap-derived geometric schedule,322980000,323190000,210000,780,0.00000780,163800000,1.63800000,16799963294940000,167999632.94940000,false,idealized 113/114 comparator
S4,S4,Idealized 113/114 cap-derived geometric schedule,323190000,323400000,210000,773,0.00000773,162330000,1.62330000,16799963457270000,167999634.57270000,false,idealized 113/114 comparator
S4,S4,Idealized 113/114 cap-derived geometric schedule,323400000,323610000,210000,766,0.00000766,160860000,1.60860000,16799963618130000,167999636.18130000,false,idealized 113/114 comparator
S4,S4,Idealized 113/114 cap-derived geometric schedule,323610000,323820000,210000,759,0.00000759,159390000,1.59390000,16799963777520000,167999637.77520000,false,idealized 113/114 comparator
S4,S4,Idealized 113/114 cap-derived geometric schedule,323820000,324030000,210000,752,0.00000752,157920000,1.57920000,16799963935440000,167999639.35440000,false,idealized 113/114 comparator
S4,S4,Idealized 113/114 cap-derived geometric schedule,324030000,324240000,210000,745,0.00000745,156450000,1.56450000,16799964091890000,167999640.91890000,false,idealized 113/114 comparator
S4,S4,Idealized 113/114 cap-derived geometric schedule,324240000,324450000,210000,738,0.00000738,154980000,1.54980000,16799964246870000,167999642.46870000,false,idealized 113/114 comparator
S4,S4,Idealized 113/114 cap-derived geometric schedule,324450000,324660000,210000,731,0.00000731,153510000,1.53510000,16799964400380000,167999644.00380000,false,idealized 113/114 comparator
S4,S4,Idealized 113/114 cap-derived geometric schedule,324660000,324870000,210000,724,0.00000724,152040000,1.52040000,16799964552420000,167999645.52420000,false,idealized 113/114 comparator
S4,S4,Idealized 113/114 cap-derived geometric schedule,324870000,325080000,210000,717,0.00000717,150570000,1.50570000,16799964702990000,167999647.02990000,false,idealized 113/114 comparator
S4,S4,Idealized 113/114 cap-derived geometric schedule,325080000,325290000,210000,710,0.00000710,149100000,1.49100000,16799964852090000,167999648.52090000,false,idealized 113/114 comparator
S4,S4,Idealized 113/114 cap-derived geometric schedule,325290000,325500000,210000,703,0.00000703,147630000,1.47630000,16799964999720000,167999649.99720000,false,idealized 113/114 comparator
S4,S4,Idealized 113/114 cap-derived geometric schedule,325500000,325710000,210000,696,0.00000696,146160000,1.46160000,16799965145880000,167999651.45880000,false,idealized 113/114 comparator
S4,S4,Idealized 113/114 cap-derived geometric schedule,325710000,325920000,210000,689,0.00000689,144690000,1.44690000,16799965290570000,167999652.90570000,false,idealized 113/114 comparator
S4,S4,Idealized 113/114 cap-derived geometric schedule,325920000,326130000,210000,682,0.00000682,143220000,1.43220000,16799965433790000,167999654.33790000,false,idealized 113/114 comparator
S4,S4,Idealized 113/114 cap-derived geometric schedule,326130000,326340000,210000,676,0.00000676,141960000,1.41960000,16799965575750000,167999655.75750000,false,idealized 113/114 comparator
S4,S4,Idealized 113/114 cap-derived geometric schedule,326340000,326550000,210000,670,0.00000670,140700000,1.40700000,16799965716450000,167999657.16450000,false,idealized 113/114 comparator
S4,S4,Idealized 113/114 cap-derived geometric schedule,326550000,326760000,210000,664,0.00000664,139440000,1.39440000,16799965855890000,167999658.55890000,false,idealized 113/114 comparator
S4,S4,Idealized 113/114 cap-derived geometric schedule,326760000,326970000,210000,658,0.00000658,138180000,1.38180000,16799965994070000,167999659.94070000,false,idealized 113/114 comparator
S4,S4,Idealized 113/114 cap-derived geometric schedule,326970000,327180000,210000,652,0.00000652,136920000,1.36920000,16799966130990000,167999661.30990000,false,idealized 113/114 comparator
S4,S4,Idealized 113/114 cap-derived geometric schedule,327180000,327390000,210000,646,0.00000646,135660000,1.35660000,16799966266650000,167999662.66650000,false,idealized 113/114 comparator
S4,S4,Idealized 113/114 cap-derived geometric schedule,327390000,327600000,210000,640,0.00000640,134400000,1.34400000,16799966401050000,167999664.01050000,false,idealized 113/114 comparator
S4,S4,Idealized 113/114 cap-derived geometric schedule,327600000,327810000,210000,634,0.00000634,133140000,1.33140000,16799966534190000,167999665.34190000,false,idealized 113/114 comparator
S4,S4,Idealized 113/114 cap-derived geometric schedule,327810000,328020000,210000,628,0.00000628,131880000,1.31880000,16799966666070000,167999666.66070000,false,idealized 113/114 comparator
S4,S4,Idealized 113/114 cap-derived geometric schedule,328020000,328230000,210000,622,0.00000622,130620000,1.30620000,16799966796690000,167999667.96690000,false,idealized 113/114 comparator
S4,S4,Idealized 113/114 cap-derived geometric schedule,328230000,328440000,210000,616,0.00000616,129360000,1.29360000,16799966926050000,167999669.26050000,false,idealized 113/114 comparator
S4,S4,Idealized 113/114 cap-derived geometric schedule,328440000,328650000,210000,610,0.00000610,128100000,1.28100000,16799967054150000,167999670.54150000,false,idealized 113/114 comparator
S4,S4,Idealized 113/114 cap-derived geometric schedule,328650000,328860000,210000,604,0.00000604,126840000,1.26840000,16799967180990000,167999671.80990000,false,idealized 113/114 comparator
S4,S4,Idealized 113/114 cap-derived geometric schedule,328860000,329070000,210000,598,0.00000598,125580000,1.25580000,16799967306570000,167999673.06570000,false,idealized 113/114 comparator
S4,S4,Idealized 113/114 cap-derived geometric schedule,329070000,329280000,210000,592,0.00000592,124320000,1.24320000,16799967430890000,167999674.30890000,false,idealized 113/114 comparator
S4,S4,Idealized 113/114 cap-derived geometric schedule,329280000,329490000,210000,586,0.00000586,123060000,1.23060000,16799967553950000,167999675.53950000,false,idealized 113/114 comparator
S4,S4,Idealized 113/114 cap-derived geometric schedule,329490000,329700000,210000,580,0.00000580,121800000,1.21800000,16799967675750000,167999676.75750000,false,idealized 113/114 comparator
S4,S4,Idealized 113/114 cap-derived geometric schedule,329700000,329910000,210000,574,0.00000574,120540000,1.20540000,16799967796290000,167999677.96290000,false,idealized 113/114 comparator
S4,S4,Idealized 113/114 cap-derived geometric schedule,329910000,330120000,210000,568,0.00000568,119280000,1.19280000,16799967915570000,167999679.15570000,false,idealized 113/114 comparator
S4,S4,Idealized 113/114 cap-derived geometric schedule,330120000,330330000,210000,563,0.00000563,118230000,1.18230000,16799968033800000,167999680.33800000,false,idealized 113/114 comparator
S4,S4,Idealized 113/114 cap-derived geometric schedule,330330000,330540000,210000,558,0.00000558,117180000,1.17180000,16799968150980000,167999681.50980000,false,idealized 113/114 comparator
S4,S4,Idealized 113/114 cap-derived geometric schedule,330540000,330750000,210000,553,0.00000553,116130000,1.16130000,16799968267110000,167999682.67110000,false,idealized 113/114 comparator
S4,S4,Idealized 113/114 cap-derived geometric schedule,330750000,330960000,210000,548,0.00000548,115080000,1.15080000,16799968382190000,167999683.82190000,false,idealized 113/114 comparator
S4,S4,Idealized 113/114 cap-derived geometric schedule,330960000,331170000,210000,543,0.00000543,114030000,1.14030000,16799968496220000,167999684.96220000,false,idealized 113/114 comparator
S4,S4,Idealized 113/114 cap-derived geometric schedule,331170000,331380000,210000,538,0.00000538,112980000,1.12980000,16799968609200000,167999686.09200000,false,idealized 113/114 comparator
S4,S4,Idealized 113/114 cap-derived geometric schedule,331380000,331590000,210000,533,0.00000533,111930000,1.11930000,16799968721130000,167999687.21130000,false,idealized 113/114 comparator
S4,S4,Idealized 113/114 cap-derived geometric schedule,331590000,331800000,210000,528,0.00000528,110880000,1.10880000,16799968832010000,167999688.32010000,false,idealized 113/114 comparator
S4,S4,Idealized 113/114 cap-derived geometric schedule,331800000,332010000,210000,523,0.00000523,109830000,1.09830000,16799968941840000,167999689.41840000,false,idealized 113/114 comparator
S4,S4,Idealized 113/114 cap-derived geometric schedule,332010000,332220000,210000,518,0.00000518,108780000,1.08780000,16799969050620000,167999690.50620000,false,idealized 113/114 comparator
S4,S4,Idealized 113/114 cap-derived geometric schedule,332220000,332430000,210000,513,0.00000513,107730000,1.07730000,16799969158350000,167999691.58350000,false,idealized 113/114 comparator
S4,S4,Idealized 113/114 cap-derived geometric schedule,332430000,332640000,210000,508,0.00000508,106680000,1.06680000,16799969265030000,167999692.65030000,false,idealized 113/114 comparator
S4,S4,Idealized 113/114 cap-derived geometric schedule,332640000,332850000,210000,503,0.00000503,105630000,1.05630000,16799969370660000,167999693.70660000,false,idealized 113/114 comparator
S4,S4,Idealized 113/114 cap-derived geometric schedule,332850000,333060000,210000,498,0.00000498,104580000,1.04580000,16799969475240000,167999694.75240000,false,idealized 113/114 comparator
S4,S4,Idealized 113/114 cap-derived geometric schedule,333060000,333270000,210000,493,0.00000493,103530000,1.03530000,16799969578770000,167999695.78770000,false,idealized 113/114 comparator
S4,S4,Idealized 113/114 cap-derived geometric schedule,333270000,333480000,210000,488,0.00000488,102480000,1.02480000,16799969681250000,167999696.81250000,false,idealized 113/114 comparator
S4,S4,Idealized 113/114 cap-derived geometric schedule,333480000,333690000,210000,483,0.00000483,101430000,1.01430000,16799969782680000,167999697.82680000,false,idealized 113/114 comparator
S4,S4,Idealized 113/114 cap-derived geometric schedule,333690000,333900000,210000,478,0.00000478,100380000,1.00380000,16799969883060000,167999698.83060000,false,idealized 113/114 comparator
S4,S4,Idealized 113/114 cap-derived geometric schedule,333900000,334110000,210000,473,0.00000473,99330000,0.99330000,16799969982390000,167999699.82390000,false,idealized 113/114 comparator
S4,S4,Idealized 113/114 cap-derived geometric schedule,334110000,334320000,210000,468,0.00000468,98280000,0.98280000,16799970080670000,167999700.80670000,false,idealized 113/114 comparator
S4,S4,Idealized 113/114 cap-derived geometric schedule,334320000,334530000,210000,463,0.00000463,97230000,0.97230000,16799970177900000,167999701.77900000,false,idealized 113/114 comparator
S4,S4,Idealized 113/114 cap-derived geometric schedule,334530000,334740000,210000,458,0.00000458,96180000,0.96180000,16799970274080000,167999702.74080000,false,idealized 113/114 comparator
S4,S4,Idealized 113/114 cap-derived geometric schedule,334740000,334950000,210000,453,0.00000453,95130000,0.95130000,16799970369210000,167999703.69210000,false,idealized 113/114 comparator
S4,S4,Idealized 113/114 cap-derived geometric schedule,334950000,335160000,210000,449,0.00000449,94290000,0.94290000,16799970463500000,167999704.63500000,false,idealized 113/114 comparator
S4,S4,Idealized 113/114 cap-derived geometric schedule,335160000,335370000,210000,445,0.00000445,93450000,0.93450000,16799970556950000,167999705.56950000,false,idealized 113/114 comparator
S4,S4,Idealized 113/114 cap-derived geometric schedule,335370000,335580000,210000,441,0.00000441,92610000,0.92610000,16799970649560000,167999706.49560000,false,idealized 113/114 comparator
S4,S4,Idealized 113/114 cap-derived geometric schedule,335580000,335790000,210000,437,0.00000437,91770000,0.91770000,16799970741330000,167999707.41330000,false,idealized 113/114 comparator
S4,S4,Idealized 113/114 cap-derived geometric schedule,335790000,336000000,210000,433,0.00000433,90930000,0.90930000,16799970832260000,167999708.32260000,false,idealized 113/114 comparator
S4,S4,Idealized 113/114 cap-derived geometric schedule,336000000,336210000,210000,429,0.00000429,90090000,0.90090000,16799970922350000,167999709.22350000,false,idealized 113/114 comparator
S4,S4,Idealized 113/114 cap-derived geometric schedule,336210000,336420000,210000,425,0.00000425,89250000,0.89250000,16799971011600000,167999710.11600000,false,idealized 113/114 comparator
S4,S4,Idealized 113/114 cap-derived geometric schedule,336420000,336630000,210000,421,0.00000421,88410000,0.88410000,16799971100010000,167999711.00010000,false,idealized 113/114 comparator
S4,S4,Idealized 113/114 cap-derived geometric schedule,336630000,336840000,210000,417,0.00000417,87570000,0.87570000,16799971187580000,167999711.87580000,false,idealized 113/114 comparator
S4,S4,Idealized 113/114 cap-derived geometric schedule,336840000,337050000,210000,413,0.00000413,86730000,0.86730000,16799971274310000,167999712.74310000,false,idealized 113/114 comparator
S4,S4,Idealized 113/114 cap-derived geometric schedule,337050000,337260000,210000,409,0.00000409,85890000,0.85890000,16799971360200000,167999713.60200000,false,idealized 113/114 comparator
S4,S4,Idealized 113/114 cap-derived geometric schedule,337260000,337470000,210000,405,0.00000405,85050000,0.85050000,16799971445250000,167999714.45250000,false,idealized 113/114 comparator
S4,S4,Idealized 113/114 cap-derived geometric schedule,337470000,337680000,210000,401,0.00000401,84210000,0.84210000,16799971529460000,167999715.29460000,false,idealized 113/114 comparator
S4,S4,Idealized 113/114 cap-derived geometric schedule,337680000,337890000,210000,397,0.00000397,83370000,0.83370000,16799971612830000,167999716.12830000,false,idealized 113/114 comparator
S4,S4,Idealized 113/114 cap-derived geometric schedule,337890000,338100000,210000,393,0.00000393,82530000,0.82530000,16799971695360000,167999716.95360000,false,idealized 113/114 comparator
S4,S4,Idealized 113/114 cap-derived geometric schedule,338100000,338310000,210000,389,0.00000389,81690000,0.81690000,16799971777050000,167999717.77050000,false,idealized 113/114 comparator
S4,S4,Idealized 113/114 cap-derived geometric schedule,338310000,338520000,210000,385,0.00000385,80850000,0.80850000,16799971857900000,167999718.57900000,false,idealized 113/114 comparator
S4,S4,Idealized 113/114 cap-derived geometric schedule,338520000,338730000,210000,381,0.00000381,80010000,0.80010000,16799971937910000,167999719.37910000,false,idealized 113/114 comparator
S4,S4,Idealized 113/114 cap-derived geometric schedule,338730000,338940000,210000,377,0.00000377,79170000,0.79170000,16799972017080000,167999720.17080000,false,idealized 113/114 comparator
S4,S4,Idealized 113/114 cap-derived geometric schedule,338940000,339150000,210000,373,0.00000373,78330000,0.78330000,16799972095410000,167999720.95410000,false,idealized 113/114 comparator
S4,S4,Idealized 113/114 cap-derived geometric schedule,339150000,339360000,210000,369,0.00000369,77490000,0.77490000,16799972172900000,167999721.72900000,false,idealized 113/114 comparator
S4,S4,Idealized 113/114 cap-derived geometric schedule,339360000,339570000,210000,365,0.00000365,76650000,0.76650000,16799972249550000,167999722.49550000,false,idealized 113/114 comparator
S4,S4,Idealized 113/114 cap-derived geometric schedule,339570000,339780000,210000,361,0.00000361,75810000,0.75810000,16799972325360000,167999723.25360000,false,idealized 113/114 comparator
S4,S4,Idealized 113/114 cap-derived geometric schedule,339780000,339990000,210000,357,0.00000357,74970000,0.74970000,16799972400330000,167999724.00330000,false,idealized 113/114 comparator
S4,S4,Idealized 113/114 cap-derived geometric schedule,339990000,340200000,210000,353,0.00000353,74130000,0.74130000,16799972474460000,167999724.74460000,false,idealized 113/114 comparator
S4,S4,Idealized 113/114 cap-derived geometric schedule,340200000,340410000,210000,349,0.00000349,73290000,0.73290000,16799972547750000,167999725.47750000,false,idealized 113/114 comparator
S4,S4,Idealized 113/114 cap-derived geometric schedule,340410000,340620000,210000,345,0.00000345,72450000,0.72450000,16799972620200000,167999726.20200000,false,idealized 113/114 comparator
S4,S4,Idealized 113/114 cap-derived geometric schedule,340620000,340830000,210000,341,0.00000341,71610000,0.71610000,16799972691810000,167999726.91810000,false,idealized 113/114 comparator
S4,S4,Idealized 113/114 cap-derived geometric schedule,340830000,341040000,210000,338,0.00000338,70980000,0.70980000,16799972762790000,167999727.62790000,false,idealized 113/114 comparator
S4,S4,Idealized 113/114 cap-derived geometric schedule,341040000,341250000,210000,335,0.00000335,70350000,0.70350000,16799972833140000,167999728.33140000,false,idealized 113/114 comparator
S4,S4,Idealized 113/114 cap-derived geometric schedule,341250000,341460000,210000,332,0.00000332,69720000,0.69720000,16799972902860000,167999729.02860000,false,idealized 113/114 comparator
S4,S4,Idealized 113/114 cap-derived geometric schedule,341460000,341670000,210000,329,0.00000329,69090000,0.69090000,16799972971950000,167999729.71950000,false,idealized 113/114 comparator
S4,S4,Idealized 113/114 cap-derived geometric schedule,341670000,341880000,210000,326,0.00000326,68460000,0.68460000,16799973040410000,167999730.40410000,false,idealized 113/114 comparator
S4,S4,Idealized 113/114 cap-derived geometric schedule,341880000,342090000,210000,323,0.00000323,67830000,0.67830000,16799973108240000,167999731.08240000,false,idealized 113/114 comparator
S4,S4,Idealized 113/114 cap-derived geometric schedule,342090000,342300000,210000,320,0.00000320,67200000,0.67200000,16799973175440000,167999731.75440000,false,idealized 113/114 comparator
S4,S4,Idealized 113/114 cap-derived geometric schedule,342300000,342510000,210000,317,0.00000317,66570000,0.66570000,16799973242010000,167999732.42010000,false,idealized 113/114 comparator
S4,S4,Idealized 113/114 cap-derived geometric schedule,342510000,342720000,210000,314,0.00000314,65940000,0.65940000,16799973307950000,167999733.07950000,false,idealized 113/114 comparator
S4,S4,Idealized 113/114 cap-derived geometric schedule,342720000,342930000,210000,311,0.00000311,65310000,0.65310000,16799973373260000,167999733.73260000,false,idealized 113/114 comparator
S4,S4,Idealized 113/114 cap-derived geometric schedule,342930000,343140000,210000,308,0.00000308,64680000,0.64680000,16799973437940000,167999734.37940000,false,idealized 113/114 comparator
S4,S4,Idealized 113/114 cap-derived geometric schedule,343140000,343350000,210000,305,0.00000305,64050000,0.64050000,16799973501990000,167999735.01990000,false,idealized 113/114 comparator
S4,S4,Idealized 113/114 cap-derived geometric schedule,343350000,343560000,210000,302,0.00000302,63420000,0.63420000,16799973565410000,167999735.65410000,false,idealized 113/114 comparator
S4,S4,Idealized 113/114 cap-derived geometric schedule,343560000,343770000,210000,299,0.00000299,62790000,0.62790000,16799973628200000,167999736.28200000,false,idealized 113/114 comparator
S4,S4,Idealized 113/114 cap-derived geometric schedule,343770000,343980000,210000,296,0.00000296,62160000,0.62160000,16799973690360000,167999736.90360000,false,idealized 113/114 comparator
S4,S4,Idealized 113/114 cap-derived geometric schedule,343980000,344190000,210000,293,0.00000293,61530000,0.61530000,16799973751890000,167999737.51890000,false,idealized 113/114 comparator
S4,S4,Idealized 113/114 cap-derived geometric schedule,344190000,344400000,210000,290,0.00000290,60900000,0.60900000,16799973812790000,167999738.12790000,false,idealized 113/114 comparator
S4,S4,Idealized 113/114 cap-derived geometric schedule,344400000,344610000,210000,287,0.00000287,60270000,0.60270000,16799973873060000,167999738.73060000,false,idealized 113/114 comparator
S4,S4,Idealized 113/114 cap-derived geometric schedule,344610000,344820000,210000,284,0.00000284,59640000,0.59640000,16799973932700000,167999739.32700000,false,idealized 113/114 comparator
S4,S4,Idealized 113/114 cap-derived geometric schedule,344820000,345030000,210000,281,0.00000281,59010000,0.59010000,16799973991710000,167999739.91710000,false,idealized 113/114 comparator
S4,S4,Idealized 113/114 cap-derived geometric schedule,345030000,345240000,210000,278,0.00000278,58380000,0.58380000,16799974050090000,167999740.50090000,false,idealized 113/114 comparator
S4,S4,Idealized 113/114 cap-derived geometric schedule,345240000,345450000,210000,275,0.00000275,57750000,0.57750000,16799974107840000,167999741.07840000,false,idealized 113/114 comparator
S4,S4,Idealized 113/114 cap-derived geometric schedule,345450000,345660000,210000,272,0.00000272,57120000,0.57120000,16799974164960000,167999741.64960000,false,idealized 113/114 comparator
S4,S4,Idealized 113/114 cap-derived geometric schedule,345660000,345870000,210000,269,0.00000269,56490000,0.56490000,16799974221450000,167999742.21450000,false,idealized 113/114 comparator
S4,S4,Idealized 113/114 cap-derived geometric schedule,345870000,346080000,210000,266,0.00000266,55860000,0.55860000,16799974277310000,167999742.77310000,false,idealized 113/114 comparator
S4,S4,Idealized 113/114 cap-derived geometric schedule,346080000,346290000,210000,263,0.00000263,55230000,0.55230000,16799974332540000,167999743.32540000,false,idealized 113/114 comparator
S4,S4,Idealized 113/114 cap-derived geometric schedule,346290000,346500000,210000,260,0.00000260,54600000,0.54600000,16799974387140000,167999743.87140000,false,idealized 113/114 comparator
S4,S4,Idealized 113/114 cap-derived geometric schedule,346500000,346710000,210000,257,0.00000257,53970000,0.53970000,16799974441110000,167999744.41110000,false,idealized 113/114 comparator
S4,S4,Idealized 113/114 cap-derived geometric schedule,346710000,346920000,210000,254,0.00000254,53340000,0.53340000,16799974494450000,167999744.94450000,false,idealized 113/114 comparator
S4,S4,Idealized 113/114 cap-derived geometric schedule,346920000,347130000,210000,251,0.00000251,52710000,0.52710000,16799974547160000,167999745.47160000,false,idealized 113/114 comparator
S4,S4,Idealized 113/114 cap-derived geometric schedule,347130000,347340000,210000,248,0.00000248,52080000,0.52080000,16799974599240000,167999745.99240000,false,idealized 113/114 comparator
S4,S4,Idealized 113/114 cap-derived geometric schedule,347340000,347550000,210000,245,0.00000245,51450000,0.51450000,16799974650690000,167999746.50690000,false,idealized 113/114 comparator
S4,S4,Idealized 113/114 cap-derived geometric schedule,347550000,347760000,210000,242,0.00000242,50820000,0.50820000,16799974701510000,167999747.01510000,false,idealized 113/114 comparator
S4,S4,Idealized 113/114 cap-derived geometric schedule,347760000,347970000,210000,239,0.00000239,50190000,0.50190000,16799974751700000,167999747.51700000,false,idealized 113/114 comparator
S4,S4,Idealized 113/114 cap-derived geometric schedule,347970000,348180000,210000,236,0.00000236,49560000,0.49560000,16799974801260000,167999748.01260000,false,idealized 113/114 comparator
S4,S4,Idealized 113/114 cap-derived geometric schedule,348180000,348390000,210000,233,0.00000233,48930000,0.48930000,16799974850190000,167999748.50190000,false,idealized 113/114 comparator
S4,S4,Idealized 113/114 cap-derived geometric schedule,348390000,348600000,210000,230,0.00000230,48300000,0.48300000,16799974898490000,167999748.98490000,false,idealized 113/114 comparator
S4,S4,Idealized 113/114 cap-derived geometric schedule,348600000,348810000,210000,227,0.00000227,47670000,0.47670000,16799974946160000,167999749.46160000,false,idealized 113/114 comparator
S4,S4,Idealized 113/114 cap-derived geometric schedule,348810000,349020000,210000,225,0.00000225,47250000,0.47250000,16799974993410000,167999749.93410000,false,idealized 113/114 comparator
S4,S4,Idealized 113/114 cap-derived geometric schedule,349020000,349230000,210000,223,0.00000223,46830000,0.46830000,16799975040240000,167999750.40240000,false,idealized 113/114 comparator
S4,S4,Idealized 113/114 cap-derived geometric schedule,349230000,349440000,210000,221,0.00000221,46410000,0.46410000,16799975086650000,167999750.86650000,false,idealized 113/114 comparator
S4,S4,Idealized 113/114 cap-derived geometric schedule,349440000,349650000,210000,219,0.00000219,45990000,0.45990000,16799975132640000,167999751.32640000,false,idealized 113/114 comparator
S4,S4,Idealized 113/114 cap-derived geometric schedule,349650000,349860000,210000,217,0.00000217,45570000,0.45570000,16799975178210000,167999751.78210000,false,idealized 113/114 comparator
S4,S4,Idealized 113/114 cap-derived geometric schedule,349860000,350070000,210000,215,0.00000215,45150000,0.45150000,16799975223360000,167999752.23360000,false,idealized 113/114 comparator
S4,S4,Idealized 113/114 cap-derived geometric schedule,350070000,350280000,210000,213,0.00000213,44730000,0.44730000,16799975268090000,167999752.68090000,false,idealized 113/114 comparator
S4,S4,Idealized 113/114 cap-derived geometric schedule,350280000,350490000,210000,211,0.00000211,44310000,0.44310000,16799975312400000,167999753.12400000,false,idealized 113/114 comparator
S4,S4,Idealized 113/114 cap-derived geometric schedule,350490000,350700000,210000,209,0.00000209,43890000,0.43890000,16799975356290000,167999753.56290000,false,idealized 113/114 comparator
S4,S4,Idealized 113/114 cap-derived geometric schedule,350700000,350910000,210000,207,0.00000207,43470000,0.43470000,16799975399760000,167999753.99760000,false,idealized 113/114 comparator
S4,S4,Idealized 113/114 cap-derived geometric schedule,350910000,351120000,210000,205,0.00000205,43050000,0.43050000,16799975442810000,167999754.42810000,false,idealized 113/114 comparator
S4,S4,Idealized 113/114 cap-derived geometric schedule,351120000,351330000,210000,203,0.00000203,42630000,0.42630000,16799975485440000,167999754.85440000,false,idealized 113/114 comparator
S4,S4,Idealized 113/114 cap-derived geometric schedule,351330000,351540000,210000,201,0.00000201,42210000,0.42210000,16799975527650000,167999755.27650000,false,idealized 113/114 comparator
S4,S4,Idealized 113/114 cap-derived geometric schedule,351540000,351750000,210000,199,0.00000199,41790000,0.41790000,16799975569440000,167999755.69440000,false,idealized 113/114 comparator
S4,S4,Idealized 113/114 cap-derived geometric schedule,351750000,351960000,210000,197,0.00000197,41370000,0.41370000,16799975610810000,167999756.10810000,false,idealized 113/114 comparator
S4,S4,Idealized 113/114 cap-derived geometric schedule,351960000,352170000,210000,195,0.00000195,40950000,0.40950000,16799975651760000,167999756.51760000,false,idealized 113/114 comparator
S4,S4,Idealized 113/114 cap-derived geometric schedule,352170000,352380000,210000,193,0.00000193,40530000,0.40530000,16799975692290000,167999756.92290000,false,idealized 113/114 comparator
S4,S4,Idealized 113/114 cap-derived geometric schedule,352380000,352590000,210000,191,0.00000191,40110000,0.40110000,16799975732400000,167999757.32400000,false,idealized 113/114 comparator
S4,S4,Idealized 113/114 cap-derived geometric schedule,352590000,352800000,210000,189,0.00000189,39690000,0.39690000,16799975772090000,167999757.72090000,false,idealized 113/114 comparator
S4,S4,Idealized 113/114 cap-derived geometric schedule,352800000,353010000,210000,187,0.00000187,39270000,0.39270000,16799975811360000,167999758.11360000,false,idealized 113/114 comparator
S4,S4,Idealized 113/114 cap-derived geometric schedule,353010000,353220000,210000,185,0.00000185,38850000,0.38850000,16799975850210000,167999758.50210000,false,idealized 113/114 comparator
S4,S4,Idealized 113/114 cap-derived geometric schedule,353220000,353430000,210000,183,0.00000183,38430000,0.38430000,16799975888640000,167999758.88640000,false,idealized 113/114 comparator
S4,S4,Idealized 113/114 cap-derived geometric schedule,353430000,353640000,210000,181,0.00000181,38010000,0.38010000,16799975926650000,167999759.26650000,false,idealized 113/114 comparator
S4,S4,Idealized 113/114 cap-derived geometric schedule,353640000,353850000,210000,179,0.00000179,37590000,0.37590000,16799975964240000,167999759.64240000,false,idealized 113/114 comparator
S4,S4,Idealized 113/114 cap-derived geometric schedule,353850000,354060000,210000,177,0.00000177,37170000,0.37170000,16799976001410000,167999760.01410000,false,idealized 113/114 comparator
S4,S4,Idealized 113/114 cap-derived geometric schedule,354060000,354270000,210000,175,0.00000175,36750000,0.36750000,16799976038160000,167999760.38160000,false,idealized 113/114 comparator
S4,S4,Idealized 113/114 cap-derived geometric schedule,354270000,354480000,210000,173,0.00000173,36330000,0.36330000,16799976074490000,167999760.74490000,false,idealized 113/114 comparator
S4,S4,Idealized 113/114 cap-derived geometric schedule,354480000,354690000,210000,171,0.00000171,35910000,0.35910000,16799976110400000,167999761.10400000,false,idealized 113/114 comparator
S4,S4,Idealized 113/114 cap-derived geometric schedule,354690000,354900000,210000,169,0.00000169,35490000,0.35490000,16799976145890000,167999761.45890000,false,idealized 113/114 comparator
S4,S4,Idealized 113/114 cap-derived geometric schedule,354900000,355110000,210000,167,0.00000167,35070000,0.35070000,16799976180960000,167999761.80960000,false,idealized 113/114 comparator
S4,S4,Idealized 113/114 cap-derived geometric schedule,355110000,355320000,210000,165,0.00000165,34650000,0.34650000,16799976215610000,167999762.15610000,false,idealized 113/114 comparator
S4,S4,Idealized 113/114 cap-derived geometric schedule,355320000,355530000,210000,163,0.00000163,34230000,0.34230000,16799976249840000,167999762.49840000,false,idealized 113/114 comparator
S4,S4,Idealized 113/114 cap-derived geometric schedule,355530000,355740000,210000,161,0.00000161,33810000,0.33810000,16799976283650000,167999762.83650000,false,idealized 113/114 comparator
S4,S4,Idealized 113/114 cap-derived geometric schedule,355740000,355950000,210000,159,0.00000159,33390000,0.33390000,16799976317040000,167999763.17040000,false,idealized 113/114 comparator
S4,S4,Idealized 113/114 cap-derived geometric schedule,355950000,356160000,210000,157,0.00000157,32970000,0.32970000,16799976350010000,167999763.50010000,false,idealized 113/114 comparator
S4,S4,Idealized 113/114 cap-derived geometric schedule,356160000,356370000,210000,155,0.00000155,32550000,0.32550000,16799976382560000,167999763.82560000,false,idealized 113/114 comparator
S4,S4,Idealized 113/114 cap-derived geometric schedule,356370000,356580000,210000,153,0.00000153,32130000,0.32130000,16799976414690000,167999764.14690000,false,idealized 113/114 comparator
S4,S4,Idealized 113/114 cap-derived geometric schedule,356580000,356790000,210000,151,0.00000151,31710000,0.31710000,16799976446400000,167999764.46400000,false,idealized 113/114 comparator
S4,S4,Idealized 113/114 cap-derived geometric schedule,356790000,357000000,210000,149,0.00000149,31290000,0.31290000,16799976477690000,167999764.77690000,false,idealized 113/114 comparator
S4,S4,Idealized 113/114 cap-derived geometric schedule,357000000,357210000,210000,147,0.00000147,30870000,0.30870000,16799976508560000,167999765.08560000,false,idealized 113/114 comparator
S4,S4,Idealized 113/114 cap-derived geometric schedule,357210000,357420000,210000,145,0.00000145,30450000,0.30450000,16799976539010000,167999765.39010000,false,idealized 113/114 comparator
S4,S4,Idealized 113/114 cap-derived geometric schedule,357420000,357630000,210000,143,0.00000143,30030000,0.30030000,16799976569040000,167999765.69040000,false,idealized 113/114 comparator
S4,S4,Idealized 113/114 cap-derived geometric schedule,357630000,357840000,210000,141,0.00000141,29610000,0.29610000,16799976598650000,167999765.98650000,false,idealized 113/114 comparator
S4,S4,Idealized 113/114 cap-derived geometric schedule,357840000,358050000,210000,139,0.00000139,29190000,0.29190000,16799976627840000,167999766.27840000,false,idealized 113/114 comparator
S4,S4,Idealized 113/114 cap-derived geometric schedule,358050000,358260000,210000,137,0.00000137,28770000,0.28770000,16799976656610000,167999766.56610000,false,idealized 113/114 comparator
S4,S4,Idealized 113/114 cap-derived geometric schedule,358260000,358470000,210000,135,0.00000135,28350000,0.28350000,16799976684960000,167999766.84960000,false,idealized 113/114 comparator
S4,S4,Idealized 113/114 cap-derived geometric schedule,358470000,358680000,210000,133,0.00000133,27930000,0.27930000,16799976712890000,167999767.12890000,false,idealized 113/114 comparator
S4,S4,Idealized 113/114 cap-derived geometric schedule,358680000,358890000,210000,131,0.00000131,27510000,0.27510000,16799976740400000,167999767.40400000,false,idealized 113/114 comparator
S4,S4,Idealized 113/114 cap-derived geometric schedule,358890000,359100000,210000,129,0.00000129,27090000,0.27090000,16799976767490000,167999767.67490000,false,idealized 113/114 comparator
S4,S4,Idealized 113/114 cap-derived geometric schedule,359100000,359310000,210000,127,0.00000127,26670000,0.26670000,16799976794160000,167999767.94160000,false,idealized 113/114 comparator
S4,S4,Idealized 113/114 cap-derived geometric schedule,359310000,359520000,210000,125,0.00000125,26250000,0.26250000,16799976820410000,167999768.20410000,false,idealized 113/114 comparator
S4,S4,Idealized 113/114 cap-derived geometric schedule,359520000,359730000,210000,123,0.00000123,25830000,0.25830000,16799976846240000,167999768.46240000,false,idealized 113/114 comparator
S4,S4,Idealized 113/114 cap-derived geometric schedule,359730000,359940000,210000,121,0.00000121,25410000,0.25410000,16799976871650000,167999768.71650000,false,idealized 113/114 comparator
S4,S4,Idealized 113/114 cap-derived geometric schedule,359940000,360150000,210000,119,0.00000119,24990000,0.24990000,16799976896640000,167999768.96640000,false,idealized 113/114 comparator
S4,S4,Idealized 113/114 cap-derived geometric schedule,360150000,360360000,210000,117,0.00000117,24570000,0.24570000,16799976921210000,167999769.21210000,false,idealized 113/114 comparator
S4,S4,Idealized 113/114 cap-derived geometric schedule,360360000,360570000,210000,115,0.00000115,24150000,0.24150000,16799976945360000,167999769.45360000,false,idealized 113/114 comparator
S4,S4,Idealized 113/114 cap-derived geometric schedule,360570000,360780000,210000,113,0.00000113,23730000,0.23730000,16799976969090000,167999769.69090000,false,idealized 113/114 comparator
S4,S4,Idealized 113/114 cap-derived geometric schedule,360780000,360990000,210000,112,0.00000112,23520000,0.23520000,16799976992610000,167999769.92610000,false,idealized 113/114 comparator
S4,S4,Idealized 113/114 cap-derived geometric schedule,360990000,361200000,210000,111,0.00000111,23310000,0.23310000,16799977015920000,167999770.15920000,false,idealized 113/114 comparator
S4,S4,Idealized 113/114 cap-derived geometric schedule,361200000,361410000,210000,110,0.00000110,23100000,0.23100000,16799977039020000,167999770.39020000,false,idealized 113/114 comparator
S4,S4,Idealized 113/114 cap-derived geometric schedule,361410000,361620000,210000,109,0.00000109,22890000,0.22890000,16799977061910000,167999770.61910000,false,idealized 113/114 comparator
S4,S4,Idealized 113/114 cap-derived geometric schedule,361620000,361830000,210000,108,0.00000108,22680000,0.22680000,16799977084590000,167999770.84590000,false,idealized 113/114 comparator
S4,S4,Idealized 113/114 cap-derived geometric schedule,361830000,362040000,210000,107,0.00000107,22470000,0.22470000,16799977107060000,167999771.07060000,false,idealized 113/114 comparator
S4,S4,Idealized 113/114 cap-derived geometric schedule,362040000,362250000,210000,106,0.00000106,22260000,0.22260000,16799977129320000,167999771.29320000,false,idealized 113/114 comparator
S4,S4,Idealized 113/114 cap-derived geometric schedule,362250000,362460000,210000,105,0.00000105,22050000,0.22050000,16799977151370000,167999771.51370000,false,idealized 113/114 comparator
S4,S4,Idealized 113/114 cap-derived geometric schedule,362460000,362670000,210000,104,0.00000104,21840000,0.21840000,16799977173210000,167999771.73210000,false,idealized 113/114 comparator
S4,S4,Idealized 113/114 cap-derived geometric schedule,362670000,362880000,210000,103,0.00000103,21630000,0.21630000,16799977194840000,167999771.94840000,false,idealized 113/114 comparator
S4,S4,Idealized 113/114 cap-derived geometric schedule,362880000,363090000,210000,102,0.00000102,21420000,0.21420000,16799977216260000,167999772.16260000,false,idealized 113/114 comparator
S4,S4,Idealized 113/114 cap-derived geometric schedule,363090000,363300000,210000,101,0.00000101,21210000,0.21210000,16799977237470000,167999772.37470000,false,idealized 113/114 comparator
S4,S4,Idealized 113/114 cap-derived geometric schedule,363300000,363510000,210000,100,0.00000100,21000000,0.21000000,16799977258470000,167999772.58470000,false,idealized 113/114 comparator
S4,S4,Idealized 113/114 cap-derived geometric schedule,363510000,363720000,210000,99,0.00000099,20790000,0.20790000,16799977279260000,167999772.79260000,false,idealized 113/114 comparator
S4,S4,Idealized 113/114 cap-derived geometric schedule,363720000,363930000,210000,98,0.00000098,20580000,0.20580000,16799977299840000,167999772.99840000,false,idealized 113/114 comparator
S4,S4,Idealized 113/114 cap-derived geometric schedule,363930000,364140000,210000,97,0.00000097,20370000,0.20370000,16799977320210000,167999773.20210000,false,idealized 113/114 comparator
S4,S4,Idealized 113/114 cap-derived geometric schedule,364140000,364350000,210000,96,0.00000096,20160000,0.20160000,16799977340370000,167999773.40370000,false,idealized 113/114 comparator
S4,S4,Idealized 113/114 cap-derived geometric schedule,364350000,364560000,210000,95,0.00000095,19950000,0.19950000,16799977360320000,167999773.60320000,false,idealized 113/114 comparator
S4,S4,Idealized 113/114 cap-derived geometric schedule,364560000,364770000,210000,94,0.00000094,19740000,0.19740000,16799977380060000,167999773.80060000,false,idealized 113/114 comparator
S4,S4,Idealized 113/114 cap-derived geometric schedule,364770000,364980000,210000,93,0.00000093,19530000,0.19530000,16799977399590000,167999773.99590000,false,idealized 113/114 comparator
S4,S4,Idealized 113/114 cap-derived geometric schedule,364980000,365190000,210000,92,0.00000092,19320000,0.19320000,16799977418910000,167999774.18910000,false,idealized 113/114 comparator
S4,S4,Idealized 113/114 cap-derived geometric schedule,365190000,365400000,210000,91,0.00000091,19110000,0.19110000,16799977438020000,167999774.38020000,false,idealized 113/114 comparator
S4,S4,Idealized 113/114 cap-derived geometric schedule,365400000,365610000,210000,90,0.00000090,18900000,0.18900000,16799977456920000,167999774.56920000,false,idealized 113/114 comparator
S4,S4,Idealized 113/114 cap-derived geometric schedule,365610000,365820000,210000,89,0.00000089,18690000,0.18690000,16799977475610000,167999774.75610000,false,idealized 113/114 comparator
S4,S4,Idealized 113/114 cap-derived geometric schedule,365820000,366030000,210000,88,0.00000088,18480000,0.18480000,16799977494090000,167999774.94090000,false,idealized 113/114 comparator
S4,S4,Idealized 113/114 cap-derived geometric schedule,366030000,366240000,210000,87,0.00000087,18270000,0.18270000,16799977512360000,167999775.12360000,false,idealized 113/114 comparator
S4,S4,Idealized 113/114 cap-derived geometric schedule,366240000,366450000,210000,86,0.00000086,18060000,0.18060000,16799977530420000,167999775.30420000,false,idealized 113/114 comparator
S4,S4,Idealized 113/114 cap-derived geometric schedule,366450000,366660000,210000,85,0.00000085,17850000,0.17850000,16799977548270000,167999775.48270000,false,idealized 113/114 comparator
S4,S4,Idealized 113/114 cap-derived geometric schedule,366660000,366870000,210000,84,0.00000084,17640000,0.17640000,16799977565910000,167999775.65910000,false,idealized 113/114 comparator
S4,S4,Idealized 113/114 cap-derived geometric schedule,366870000,367080000,210000,83,0.00000083,17430000,0.17430000,16799977583340000,167999775.83340000,false,idealized 113/114 comparator
S4,S4,Idealized 113/114 cap-derived geometric schedule,367080000,367290000,210000,82,0.00000082,17220000,0.17220000,16799977600560000,167999776.00560000,false,idealized 113/114 comparator
S4,S4,Idealized 113/114 cap-derived geometric schedule,367290000,367500000,210000,81,0.00000081,17010000,0.17010000,16799977617570000,167999776.17570000,false,idealized 113/114 comparator
S4,S4,Idealized 113/114 cap-derived geometric schedule,367500000,367710000,210000,80,0.00000080,16800000,0.16800000,16799977634370000,167999776.34370000,false,idealized 113/114 comparator
S4,S4,Idealized 113/114 cap-derived geometric schedule,367710000,367920000,210000,79,0.00000079,16590000,0.16590000,16799977650960000,167999776.50960000,false,idealized 113/114 comparator
S4,S4,Idealized 113/114 cap-derived geometric schedule,367920000,368130000,210000,78,0.00000078,16380000,0.16380000,16799977667340000,167999776.67340000,false,idealized 113/114 comparator
S4,S4,Idealized 113/114 cap-derived geometric schedule,368130000,368340000,210000,77,0.00000077,16170000,0.16170000,16799977683510000,167999776.83510000,false,idealized 113/114 comparator
S4,S4,Idealized 113/114 cap-derived geometric schedule,368340000,368550000,210000,76,0.00000076,15960000,0.15960000,16799977699470000,167999776.99470000,false,idealized 113/114 comparator
S4,S4,Idealized 113/114 cap-derived geometric schedule,368550000,368760000,210000,75,0.00000075,15750000,0.15750000,16799977715220000,167999777.15220000,false,idealized 113/114 comparator
S4,S4,Idealized 113/114 cap-derived geometric schedule,368760000,368970000,210000,74,0.00000074,15540000,0.15540000,16799977730760000,167999777.30760000,false,idealized 113/114 comparator
S4,S4,Idealized 113/114 cap-derived geometric schedule,368970000,369180000,210000,73,0.00000073,15330000,0.15330000,16799977746090000,167999777.46090000,false,idealized 113/114 comparator
S4,S4,Idealized 113/114 cap-derived geometric schedule,369180000,369390000,210000,72,0.00000072,15120000,0.15120000,16799977761210000,167999777.61210000,false,idealized 113/114 comparator
S4,S4,Idealized 113/114 cap-derived geometric schedule,369390000,369600000,210000,71,0.00000071,14910000,0.14910000,16799977776120000,167999777.76120000,false,idealized 113/114 comparator
S4,S4,Idealized 113/114 cap-derived geometric schedule,369600000,369810000,210000,70,0.00000070,14700000,0.14700000,16799977790820000,167999777.90820000,false,idealized 113/114 comparator
S4,S4,Idealized 113/114 cap-derived geometric schedule,369810000,370020000,210000,69,0.00000069,14490000,0.14490000,16799977805310000,167999778.05310000,false,idealized 113/114 comparator
S4,S4,Idealized 113/114 cap-derived geometric schedule,370020000,370230000,210000,68,0.00000068,14280000,0.14280000,16799977819590000,167999778.19590000,false,idealized 113/114 comparator
S4,S4,Idealized 113/114 cap-derived geometric schedule,370230000,370440000,210000,67,0.00000067,14070000,0.14070000,16799977833660000,167999778.33660000,false,idealized 113/114 comparator
S4,S4,Idealized 113/114 cap-derived geometric schedule,370440000,370650000,210000,66,0.00000066,13860000,0.13860000,16799977847520000,167999778.47520000,false,idealized 113/114 comparator
S4,S4,Idealized 113/114 cap-derived geometric schedule,370650000,370860000,210000,65,0.00000065,13650000,0.13650000,16799977861170000,167999778.61170000,false,idealized 113/114 comparator
S4,S4,Idealized 113/114 cap-derived geometric schedule,370860000,371070000,210000,64,0.00000064,13440000,0.13440000,16799977874610000,167999778.74610000,false,idealized 113/114 comparator
S4,S4,Idealized 113/114 cap-derived geometric schedule,371070000,371280000,210000,63,0.00000063,13230000,0.13230000,16799977887840000,167999778.87840000,false,idealized 113/114 comparator
S4,S4,Idealized 113/114 cap-derived geometric schedule,371280000,371490000,210000,62,0.00000062,13020000,0.13020000,16799977900860000,167999779.00860000,false,idealized 113/114 comparator
S4,S4,Idealized 113/114 cap-derived geometric schedule,371490000,371700000,210000,61,0.00000061,12810000,0.12810000,16799977913670000,167999779.13670000,false,idealized 113/114 comparator
S4,S4,Idealized 113/114 cap-derived geometric schedule,371700000,371910000,210000,60,0.00000060,12600000,0.12600000,16799977926270000,167999779.26270000,false,idealized 113/114 comparator
S4,S4,Idealized 113/114 cap-derived geometric schedule,371910000,372120000,210000,59,0.00000059,12390000,0.12390000,16799977938660000,167999779.38660000,false,idealized 113/114 comparator
S4,S4,Idealized 113/114 cap-derived geometric schedule,372120000,372330000,210000,58,0.00000058,12180000,0.12180000,16799977950840000,167999779.50840000,false,idealized 113/114 comparator
S4,S4,Idealized 113/114 cap-derived geometric schedule,372330000,372540000,210000,57,0.00000057,11970000,0.11970000,16799977962810000,167999779.62810000,false,idealized 113/114 comparator
S4,S4,Idealized 113/114 cap-derived geometric schedule,372540000,372750000,210000,56,0.00000056,11760000,0.11760000,16799977974570000,167999779.74570000,false,idealized 113/114 comparator
S4,S4,Idealized 113/114 cap-derived geometric schedule,372750000,372960000,210000,55,0.00000055,11550000,0.11550000,16799977986120000,167999779.86120000,false,idealized 113/114 comparator
S4,S4,Idealized 113/114 cap-derived geometric schedule,372960000,373170000,210000,54,0.00000054,11340000,0.11340000,16799977997460000,167999779.97460000,false,idealized 113/114 comparator
S4,S4,Idealized 113/114 cap-derived geometric schedule,373170000,373380000,210000,53,0.00000053,11130000,0.11130000,16799978008590000,167999780.08590000,false,idealized 113/114 comparator
S4,S4,Idealized 113/114 cap-derived geometric schedule,373380000,373590000,210000,52,0.00000052,10920000,0.10920000,16799978019510000,167999780.19510000,false,idealized 113/114 comparator
S4,S4,Idealized 113/114 cap-derived geometric schedule,373590000,373800000,210000,51,0.00000051,10710000,0.10710000,16799978030220000,167999780.30220000,false,idealized 113/114 comparator
S4,S4,Idealized 113/114 cap-derived geometric schedule,373800000,374010000,210000,50,0.00000050,10500000,0.10500000,16799978040720000,167999780.40720000,false,idealized 113/114 comparator
S4,S4,Idealized 113/114 cap-derived geometric schedule,374010000,374220000,210000,49,0.00000049,10290000,0.10290000,16799978051010000,167999780.51010000,false,idealized 113/114 comparator
S4,S4,Idealized 113/114 cap-derived geometric schedule,374220000,374430000,210000,48,0.00000048,10080000,0.10080000,16799978061090000,167999780.61090000,false,idealized 113/114 comparator
S4,S4,Idealized 113/114 cap-derived geometric schedule,374430000,374640000,210000,47,0.00000047,9870000,0.09870000,16799978070960000,167999780.70960000,false,idealized 113/114 comparator
S4,S4,Idealized 113/114 cap-derived geometric schedule,374640000,374850000,210000,46,0.00000046,9660000,0.09660000,16799978080620000,167999780.80620000,false,idealized 113/114 comparator
S4,S4,Idealized 113/114 cap-derived geometric schedule,374850000,375060000,210000,45,0.00000045,9450000,0.09450000,16799978090070000,167999780.90070000,false,idealized 113/114 comparator
S4,S4,Idealized 113/114 cap-derived geometric schedule,375060000,375270000,210000,44,0.00000044,9240000,0.09240000,16799978099310000,167999780.99310000,false,idealized 113/114 comparator
S4,S4,Idealized 113/114 cap-derived geometric schedule,375270000,375480000,210000,43,0.00000043,9030000,0.09030000,16799978108340000,167999781.08340000,false,idealized 113/114 comparator
S4,S4,Idealized 113/114 cap-derived geometric schedule,375480000,375690000,210000,42,0.00000042,8820000,0.08820000,16799978117160000,167999781.17160000,false,idealized 113/114 comparator
S4,S4,Idealized 113/114 cap-derived geometric schedule,375690000,375900000,210000,41,0.00000041,8610000,0.08610000,16799978125770000,167999781.25770000,false,idealized 113/114 comparator
S4,S4,Idealized 113/114 cap-derived geometric schedule,375900000,376110000,210000,40,0.00000040,8400000,0.08400000,16799978134170000,167999781.34170000,false,idealized 113/114 comparator
S4,S4,Idealized 113/114 cap-derived geometric schedule,376110000,376320000,210000,39,0.00000039,8190000,0.08190000,16799978142360000,167999781.42360000,false,idealized 113/114 comparator
S4,S4,Idealized 113/114 cap-derived geometric schedule,376320000,376530000,210000,38,0.00000038,7980000,0.07980000,16799978150340000,167999781.50340000,false,idealized 113/114 comparator
S4,S4,Idealized 113/114 cap-derived geometric schedule,376530000,376740000,210000,37,0.00000037,7770000,0.07770000,16799978158110000,167999781.58110000,false,idealized 113/114 comparator
S4,S4,Idealized 113/114 cap-derived geometric schedule,376740000,376950000,210000,36,0.00000036,7560000,0.07560000,16799978165670000,167999781.65670000,false,idealized 113/114 comparator
S4,S4,Idealized 113/114 cap-derived geometric schedule,376950000,377160000,210000,35,0.00000035,7350000,0.07350000,16799978173020000,167999781.73020000,false,idealized 113/114 comparator
S4,S4,Idealized 113/114 cap-derived geometric schedule,377160000,377370000,210000,34,0.00000034,7140000,0.07140000,16799978180160000,167999781.80160000,false,idealized 113/114 comparator
S4,S4,Idealized 113/114 cap-derived geometric schedule,377370000,377580000,210000,33,0.00000033,6930000,0.06930000,16799978187090000,167999781.87090000,false,idealized 113/114 comparator
S4,S4,Idealized 113/114 cap-derived geometric schedule,377580000,377790000,210000,32,0.00000032,6720000,0.06720000,16799978193810000,167999781.93810000,false,idealized 113/114 comparator
S4,S4,Idealized 113/114 cap-derived geometric schedule,377790000,378000000,210000,31,0.00000031,6510000,0.06510000,16799978200320000,167999782.00320000,false,idealized 113/114 comparator
S4,S4,Idealized 113/114 cap-derived geometric schedule,378000000,378210000,210000,30,0.00000030,6300000,0.06300000,16799978206620000,167999782.06620000,false,idealized 113/114 comparator
S4,S4,Idealized 113/114 cap-derived geometric schedule,378210000,378420000,210000,29,0.00000029,6090000,0.06090000,16799978212710000,167999782.12710000,false,idealized 113/114 comparator
S4,S4,Idealized 113/114 cap-derived geometric schedule,378420000,378630000,210000,28,0.00000028,5880000,0.05880000,16799978218590000,167999782.18590000,false,idealized 113/114 comparator
S4,S4,Idealized 113/114 cap-derived geometric schedule,378630000,378840000,210000,27,0.00000027,5670000,0.05670000,16799978224260000,167999782.24260000,false,idealized 113/114 comparator
S4,S4,Idealized 113/114 cap-derived geometric schedule,378840000,379050000,210000,26,0.00000026,5460000,0.05460000,16799978229720000,167999782.29720000,false,idealized 113/114 comparator
S4,S4,Idealized 113/114 cap-derived geometric schedule,379050000,379260000,210000,25,0.00000025,5250000,0.05250000,16799978234970000,167999782.34970000,false,idealized 113/114 comparator
S4,S4,Idealized 113/114 cap-derived geometric schedule,379260000,379470000,210000,24,0.00000024,5040000,0.05040000,16799978240010000,167999782.40010000,false,idealized 113/114 comparator
S4,S4,Idealized 113/114 cap-derived geometric schedule,379470000,379680000,210000,23,0.00000023,4830000,0.04830000,16799978244840000,167999782.44840000,false,idealized 113/114 comparator
S4,S4,Idealized 113/114 cap-derived geometric schedule,379680000,379890000,210000,22,0.00000022,4620000,0.04620000,16799978249460000,167999782.49460000,false,idealized 113/114 comparator
S4,S4,Idealized 113/114 cap-derived geometric schedule,379890000,380100000,210000,21,0.00000021,4410000,0.04410000,16799978253870000,167999782.53870000,false,idealized 113/114 comparator
S4,S4,Idealized 113/114 cap-derived geometric schedule,380100000,380310000,210000,20,0.00000020,4200000,0.04200000,16799978258070000,167999782.58070000,false,idealized 113/114 comparator
S4,S4,Idealized 113/114 cap-derived geometric schedule,380310000,380520000,210000,19,0.00000019,3990000,0.03990000,16799978262060000,167999782.62060000,false,idealized 113/114 comparator
S4,S4,Idealized 113/114 cap-derived geometric schedule,380520000,380730000,210000,18,0.00000018,3780000,0.03780000,16799978265840000,167999782.65840000,false,idealized 113/114 comparator
S4,S4,Idealized 113/114 cap-derived geometric schedule,380730000,380940000,210000,17,0.00000017,3570000,0.03570000,16799978269410000,167999782.69410000,false,idealized 113/114 comparator
S4,S4,Idealized 113/114 cap-derived geometric schedule,380940000,381150000,210000,16,0.00000016,3360000,0.03360000,16799978272770000,167999782.72770000,false,idealized 113/114 comparator
S4,S4,Idealized 113/114 cap-derived geometric schedule,381150000,381360000,210000,15,0.00000015,3150000,0.03150000,16799978275920000,167999782.75920000,false,idealized 113/114 comparator
S4,S4,Idealized 113/114 cap-derived geometric schedule,381360000,381570000,210000,14,0.00000014,2940000,0.02940000,16799978278860000,167999782.78860000,false,idealized 113/114 comparator
S4,S4,Idealized 113/114 cap-derived geometric schedule,381570000,381780000,210000,13,0.00000013,2730000,0.02730000,16799978281590000,167999782.81590000,false,idealized 113/114 comparator
S4,S4,Idealized 113/114 cap-derived geometric schedule,381780000,381990000,210000,12,0.00000012,2520000,0.02520000,16799978284110000,167999782.84110000,false,idealized 113/114 comparator
S4,S4,Idealized 113/114 cap-derived geometric schedule,381990000,382200000,210000,11,0.00000011,2310000,0.02310000,16799978286420000,167999782.86420000,false,idealized 113/114 comparator
S4,S4,Idealized 113/114 cap-derived geometric schedule,382200000,382410000,210000,10,0.00000010,2100000,0.02100000,16799978288520000,167999782.88520000,false,idealized 113/114 comparator
S4,S4,Idealized 113/114 cap-derived geometric schedule,382410000,382620000,210000,9,0.00000009,1890000,0.01890000,16799978290410000,167999782.90410000,false,idealized 113/114 comparator
S4,S4,Idealized 113/114 cap-derived geometric schedule,382620000,382830000,210000,8,0.00000008,1680000,0.01680000,16799978292090000,167999782.92090000,false,idealized 113/114 comparator
S4,S4,Idealized 113/114 cap-derived geometric schedule,382830000,383040000,210000,7,0.00000007,1470000,0.01470000,16799978293560000,167999782.93560000,false,idealized 113/114 comparator
S4,S4,Idealized 113/114 cap-derived geometric schedule,383040000,383250000,210000,6,0.00000006,1260000,0.01260000,16799978294820000,167999782.94820000,false,idealized 113/114 comparator
S4,S4,Idealized 113/114 cap-derived geometric schedule,383250000,383460000,210000,5,0.00000005,1050000,0.01050000,16799978295870000,167999782.95870000,false,idealized 113/114 comparator
S4,S4,Idealized 113/114 cap-derived geometric schedule,383460000,383670000,210000,4,0.00000004,840000,0.00840000,16799978296710000,167999782.96710000,false,idealized 113/114 comparator
S4,S4,Idealized 113/114 cap-derived geometric schedule,383670000,383880000,210000,3,0.00000003,630000,0.00630000,16799978297340000,167999782.97340000,false,idealized 113/114 comparator
S4,S4,Idealized 113/114 cap-derived geometric schedule,383880000,384090000,210000,2,0.00000002,420000,0.00420000,16799978297760000,167999782.97760000,false,idealized 113/114 comparator
S4,S4,Idealized 113/114 cap-derived geometric schedule,384090000,384300000,210000,1,0.00000001,210000,0.00210000,16799978297970000,167999782.97970000,false,idealized 113/114 comparator
