scenario_id,scenario_display_id,horizon_years,height,price_path,fee_case,hardware_class,subsidy_base_units,fee_base_units_per_block,fee_share_of_gross_rin_revenue_pct,annual_gross_miner_revenue_rin,normalized_price_index,liquidity_realization_pct,annual_gross_miner_revenue_value_index,annual_realizable_miner_revenue_value_index,normalized_annual_break_even_cost,break_even_price_index,normalized_sustainable_hashrate_index,interpretation
S0,S0,0,840000,stress,low,reference,312500000,0,0.00000000,1642500.00000000,1.00000000,70.0,1642500.00000000,1149750.00000000,0.70000000,0.00000061,1626075.00000000,revenue-supported normalized cost units; not measured hashrate
S0,S0,0,840000,stress,low,efficient,312500000,0,0.00000000,1642500.00000000,1.00000000,70.0,1642500.00000000,1149750.00000000,0.58000000,0.00000051,1962504.31034483,revenue-supported normalized cost units; not measured hashrate
S0,S0,0,840000,stress,low,high_cost,312500000,0,0.00000000,1642500.00000000,1.00000000,70.0,1642500.00000000,1149750.00000000,0.90000000,0.00000079,1264725.00000000,revenue-supported normalized cost units; not measured hashrate
S0,S0,0,840000,stress,base,reference,312500000,10003,0.00320086,1642552.57576800,1.00000000,70.0,1642552.57576800,1149786.80303760,0.70000000,0.00000061,1626127.05001032,revenue-supported normalized cost units; not measured hashrate
S0,S0,0,840000,stress,base,efficient,312500000,10003,0.00320086,1642552.57576800,1.00000000,70.0,1642552.57576800,1149786.80303760,0.58000000,0.00000051,1962567.12932280,revenue-supported normalized cost units; not measured hashrate
S0,S0,0,840000,stress,base,high_cost,312500000,10003,0.00320086,1642552.57576800,1.00000000,70.0,1642552.57576800,1149786.80303760,0.90000000,0.00000079,1264765.48334136,revenue-supported normalized cost units; not measured hashrate
S0,S0,0,840000,stress,high,reference,312500000,290698,0.09293691,1644027.90868800,1.00000000,70.0,1644027.90868800,1150819.53608160,0.70000000,0.00000061,1627587.62960112,revenue-supported normalized cost units; not measured hashrate
S0,S0,0,840000,stress,high,efficient,312500000,290698,0.09293691,1644027.90868800,1.00000000,70.0,1644027.90868800,1150819.53608160,0.58000000,0.00000051,1964329.89779446,revenue-supported normalized cost units; not measured hashrate
S0,S0,0,840000,stress,high,high_cost,312500000,290698,0.09293691,1644027.90868800,1.00000000,70.0,1644027.90868800,1150819.53608160,0.90000000,0.00000079,1265901.48968976,revenue-supported normalized cost units; not measured hashrate
S0,S0,0,840000,flat,low,reference,312500000,0,0.00000000,1642500.00000000,1.00000000,90.0,1642500.00000000,1478250.00000000,0.70000000,0.00000048,2090667.85714286,revenue-supported normalized cost units; not measured hashrate
S0,S0,0,840000,flat,low,efficient,312500000,0,0.00000000,1642500.00000000,1.00000000,90.0,1642500.00000000,1478250.00000000,0.58000000,0.00000040,2523219.82758621,revenue-supported normalized cost units; not measured hashrate
S0,S0,0,840000,flat,low,high_cost,312500000,0,0.00000000,1642500.00000000,1.00000000,90.0,1642500.00000000,1478250.00000000,0.90000000,0.00000061,1626075.00000000,revenue-supported normalized cost units; not measured hashrate
S0,S0,0,840000,flat,base,reference,312500000,10003,0.00320086,1642552.57576800,1.00000000,90.0,1642552.57576800,1478297.31819120,0.70000000,0.00000048,2090734.77858470,revenue-supported normalized cost units; not measured hashrate
S0,S0,0,840000,flat,base,efficient,312500000,10003,0.00320086,1642552.57576800,1.00000000,90.0,1642552.57576800,1478297.31819120,0.58000000,0.00000040,2523300.59484360,revenue-supported normalized cost units; not measured hashrate
S0,S0,0,840000,flat,base,high_cost,312500000,10003,0.00320086,1642552.57576800,1.00000000,90.0,1642552.57576800,1478297.31819120,0.90000000,0.00000061,1626127.05001032,revenue-supported normalized cost units; not measured hashrate
S0,S0,0,840000,flat,high,reference,312500000,290698,0.09293691,1644027.90868800,1.00000000,90.0,1644027.90868800,1479625.11781920,0.70000000,0.00000048,2092612.66663001,revenue-supported normalized cost units; not measured hashrate
S0,S0,0,840000,flat,high,efficient,312500000,290698,0.09293691,1644027.90868800,1.00000000,90.0,1644027.90868800,1479625.11781920,0.58000000,0.00000040,2525567.01145001,revenue-supported normalized cost units; not measured hashrate
S0,S0,0,840000,flat,high,high_cost,312500000,290698,0.09293691,1644027.90868800,1.00000000,90.0,1644027.90868800,1479625.11781920,0.90000000,0.00000061,1627587.62960112,revenue-supported normalized cost units; not measured hashrate
S0,S0,0,840000,growth,low,reference,312500000,0,0.00000000,1642500.00000000,1.00000000,80.0,1642500.00000000,1314000.00000000,0.70000000,0.00000054,1858371.42857143,revenue-supported normalized cost units; not measured hashrate
S0,S0,0,840000,growth,low,efficient,312500000,0,0.00000000,1642500.00000000,1.00000000,80.0,1642500.00000000,1314000.00000000,0.58000000,0.00000045,2242862.06896552,revenue-supported normalized cost units; not measured hashrate
S0,S0,0,840000,growth,low,high_cost,312500000,0,0.00000000,1642500.00000000,1.00000000,80.0,1642500.00000000,1314000.00000000,0.90000000,0.00000069,1445400.00000000,revenue-supported normalized cost units; not measured hashrate
S0,S0,0,840000,growth,base,reference,312500000,10003,0.00320086,1642552.57576800,1.00000000,80.0,1642552.57576800,1314042.06061440,0.70000000,0.00000054,1858430.91429751,revenue-supported normalized cost units; not measured hashrate
S0,S0,0,840000,growth,base,efficient,312500000,10003,0.00320086,1642552.57576800,1.00000000,80.0,1642552.57576800,1314042.06061440,0.58000000,0.00000045,2242933.86208320,revenue-supported normalized cost units; not measured hashrate
S0,S0,0,840000,growth,base,high_cost,312500000,10003,0.00320086,1642552.57576800,1.00000000,80.0,1642552.57576800,1314042.06061440,0.90000000,0.00000069,1445446.26667584,revenue-supported normalized cost units; not measured hashrate
S0,S0,0,840000,growth,high,reference,312500000,290698,0.09293691,1644027.90868800,1.00000000,80.0,1644027.90868800,1315222.32695040,0.70000000,0.00000054,1860100.14811557,revenue-supported normalized cost units; not measured hashrate
S0,S0,0,840000,growth,high,efficient,312500000,290698,0.09293691,1644027.90868800,1.00000000,80.0,1644027.90868800,1315222.32695040,0.58000000,0.00000045,2244948.45462223,revenue-supported normalized cost units; not measured hashrate
S0,S0,0,840000,growth,high,high_cost,312500000,290698,0.09293691,1644027.90868800,1.00000000,80.0,1644027.90868800,1315222.32695040,0.90000000,0.00000069,1446744.55964544,revenue-supported normalized cost units; not measured hashrate
S0,S0,1,1365600,stress,low,reference,78125000,0,0.00000000,410625.00000000,0.95000000,70.0,390093.75000000,273065.62500000,0.70000000,0.00000246,386192.81250000,revenue-supported normalized cost units; not measured hashrate
S0,S0,1,1365600,stress,low,efficient,78125000,0,0.00000000,410625.00000000,0.95000000,70.0,390093.75000000,273065.62500000,0.58000000,0.00000204,466094.77370690,revenue-supported normalized cost units; not measured hashrate
S0,S0,1,1365600,stress,low,high_cost,78125000,0,0.00000000,410625.00000000,0.95000000,70.0,390093.75000000,273065.62500000,0.90000000,0.00000316,300372.18750000,revenue-supported normalized cost units; not measured hashrate
S0,S0,1,1365600,stress,base,reference,78125000,10003,0.01280220,410677.57576800,0.95000000,70.0,390143.69697960,273100.58788572,0.70000000,0.00000246,386242.26000980,revenue-supported normalized cost units; not measured hashrate
S0,S0,1,1365600,stress,base,efficient,78125000,10003,0.01280220,410677.57576800,0.95000000,70.0,390143.69697960,273100.58788572,0.58000000,0.00000204,466154.45173597,revenue-supported normalized cost units; not measured hashrate
S0,S0,1,1365600,stress,base,high_cost,78125000,10003,0.01280220,410677.57576800,0.95000000,70.0,390143.69697960,273100.58788572,0.90000000,0.00000316,300410.64667429,revenue-supported normalized cost units; not measured hashrate
S0,S0,1,1365600,stress,high,reference,78125000,290698,0.37071404,412152.90868800,0.95000000,70.0,391545.26325360,274081.68427752,0.70000000,0.00000245,387629.81062106,revenue-supported normalized cost units; not measured hashrate
S0,S0,1,1365600,stress,high,efficient,78125000,290698,0.37071404,412152.90868800,0.95000000,70.0,391545.26325360,274081.68427752,0.58000000,0.00000203,467829.08178404,revenue-supported normalized cost units; not measured hashrate
S0,S0,1,1365600,stress,high,high_cost,78125000,290698,0.37071404,412152.90868800,0.95000000,70.0,391545.26325360,274081.68427752,0.90000000,0.00000315,301489.85270527,revenue-supported normalized cost units; not measured hashrate
S0,S0,1,1365600,flat,low,reference,78125000,0,0.00000000,410625.00000000,1.00000000,90.0,410625.00000000,369562.50000000,0.70000000,0.00000191,522666.96428571,revenue-supported normalized cost units; not measured hashrate
S0,S0,1,1365600,flat,low,efficient,78125000,0,0.00000000,410625.00000000,1.00000000,90.0,410625.00000000,369562.50000000,0.58000000,0.00000159,630804.95689655,revenue-supported normalized cost units; not measured hashrate
S0,S0,1,1365600,flat,low,high_cost,78125000,0,0.00000000,410625.00000000,1.00000000,90.0,410625.00000000,369562.50000000,0.90000000,0.00000246,406518.75000000,revenue-supported normalized cost units; not measured hashrate
S0,S0,1,1365600,flat,base,reference,78125000,10003,0.01280220,410677.57576800,1.00000000,90.0,410677.57576800,369609.81819120,0.70000000,0.00000191,522733.88572755,revenue-supported normalized cost units; not measured hashrate
S0,S0,1,1365600,flat,base,efficient,78125000,10003,0.01280220,410677.57576800,1.00000000,90.0,410677.57576800,369609.81819120,0.58000000,0.00000159,630885.72415394,revenue-supported normalized cost units; not measured hashrate
S0,S0,1,1365600,flat,base,high_cost,78125000,10003,0.01280220,410677.57576800,1.00000000,90.0,410677.57576800,369609.81819120,0.90000000,0.00000246,406570.80001032,revenue-supported normalized cost units; not measured hashrate
S0,S0,1,1365600,flat,high,reference,78125000,290698,0.37071404,412152.90868800,1.00000000,90.0,412152.90868800,370937.61781920,0.70000000,0.00000191,524611.77377287,revenue-supported normalized cost units; not measured hashrate
S0,S0,1,1365600,flat,high,efficient,78125000,290698,0.37071404,412152.90868800,1.00000000,90.0,412152.90868800,370937.61781920,0.58000000,0.00000158,633152.14076036,revenue-supported normalized cost units; not measured hashrate
S0,S0,1,1365600,flat,high,high_cost,78125000,290698,0.37071404,412152.90868800,1.00000000,90.0,412152.90868800,370937.61781920,0.90000000,0.00000245,408031.37960112,revenue-supported normalized cost units; not measured hashrate
S0,S0,1,1365600,growth,low,reference,78125000,0,0.00000000,410625.00000000,1.03000000,80.0,422943.75000000,338355.00000000,0.70000000,0.00000215,478530.64285714,revenue-supported normalized cost units; not measured hashrate
S0,S0,1,1365600,growth,low,efficient,78125000,0,0.00000000,410625.00000000,1.03000000,80.0,422943.75000000,338355.00000000,0.58000000,0.00000178,577536.98275862,revenue-supported normalized cost units; not measured hashrate
S0,S0,1,1365600,growth,low,high_cost,78125000,0,0.00000000,410625.00000000,1.03000000,80.0,422943.75000000,338355.00000000,0.90000000,0.00000277,372190.50000000,revenue-supported normalized cost units; not measured hashrate
S0,S0,1,1365600,growth,base,reference,78125000,10003,0.01280220,410677.57576800,1.03000000,80.0,422997.90304104,338398.32243283,0.70000000,0.00000215,478591.91315501,revenue-supported normalized cost units; not measured hashrate
S0,S0,1,1365600,growth,base,efficient,78125000,10003,0.01280220,410677.57576800,1.03000000,80.0,422997.90304104,338398.32243283,0.58000000,0.00000178,577610.92966983,revenue-supported normalized cost units; not measured hashrate
S0,S0,1,1365600,growth,base,high_cost,78125000,10003,0.01280220,410677.57576800,1.03000000,80.0,422997.90304104,338398.32243283,0.90000000,0.00000277,372238.15467612,revenue-supported normalized cost units; not measured hashrate
S0,S0,1,1365600,growth,high,reference,78125000,290698,0.37071404,412152.90868800,1.03000000,80.0,424517.49594864,339613.99675891,0.70000000,0.00000214,480311.22398760,revenue-supported normalized cost units; not measured hashrate
S0,S0,1,1365600,growth,high,efficient,78125000,290698,0.37071404,412152.90868800,1.03000000,80.0,424517.49594864,339613.99675891,0.58000000,0.00000178,579685.95998504,revenue-supported normalized cost units; not measured hashrate
S0,S0,1,1365600,growth,high,high_cost,78125000,290698,0.37071404,412152.90868800,1.03000000,80.0,424517.49594864,339613.99675891,0.90000000,0.00000276,373575.39643480,revenue-supported normalized cost units; not measured hashrate
S0,S0,2,1891200,stress,low,reference,9765625,0,0.00000000,51328.12500000,0.90250000,70.0,46323.63281250,32426.54296875,0.70000000,0.00001968,45860.39648438,revenue-supported normalized cost units; not measured hashrate
S0,S0,2,1891200,stress,low,efficient,9765625,0,0.00000000,51328.12500000,0.90250000,70.0,46323.63281250,32426.54296875,0.58000000,0.00001631,55348.75437769,revenue-supported normalized cost units; not measured hashrate
S0,S0,2,1891200,stress,low,high_cost,9765625,0,0.00000000,51328.12500000,0.90250000,70.0,46323.63281250,32426.54296875,0.90000000,0.00002530,35669.19726562,revenue-supported normalized cost units; not measured hashrate
S0,S0,2,1891200,stress,base,reference,9765625,10003,0.10232591,51380.70076800,0.90250000,70.0,46371.08244312,32459.75771018,0.70000000,0.00001966,45907.37161869,revenue-supported normalized cost units; not measured hashrate
S0,S0,2,1891200,stress,base,efficient,9765625,10003,0.10232591,51380.70076800,0.90250000,70.0,46371.08244312,32459.75771018,0.58000000,0.00001629,55405.44850531,revenue-supported normalized cost units; not measured hashrate
S0,S0,2,1891200,stress,base,high_cost,9765625,10003,0.10232591,51380.70076800,0.90250000,70.0,46371.08244312,32459.75771018,0.90000000,0.00002528,35705.73348120,revenue-supported normalized cost units; not measured hashrate
S0,S0,2,1891200,stress,high,reference,9765625,290698,2.89069872,52856.03368800,0.90250000,70.0,47702.57040342,33391.79928239,0.70000000,0.00001911,47225.54469939,revenue-supported normalized cost units; not measured hashrate
S0,S0,2,1891200,stress,high,efficient,9765625,290698,2.89069872,52856.03368800,0.90250000,70.0,47702.57040342,33391.79928239,0.58000000,0.00001583,56996.34705098,revenue-supported normalized cost units; not measured hashrate
S0,S0,2,1891200,stress,high,high_cost,9765625,290698,2.89069872,52856.03368800,0.90250000,70.0,47702.57040342,33391.79928239,0.90000000,0.00002457,36730.97921063,revenue-supported normalized cost units; not measured hashrate
S0,S0,2,1891200,flat,low,reference,9765625,0,0.00000000,51328.12500000,1.00000000,90.0,51328.12500000,46195.31250000,0.70000000,0.00001531,65333.37053571,revenue-supported normalized cost units; not measured hashrate
S0,S0,2,1891200,flat,low,efficient,9765625,0,0.00000000,51328.12500000,1.00000000,90.0,51328.12500000,46195.31250000,0.58000000,0.00001268,78850.61961207,revenue-supported normalized cost units; not measured hashrate
S0,S0,2,1891200,flat,low,high_cost,9765625,0,0.00000000,51328.12500000,1.00000000,90.0,51328.12500000,46195.31250000,0.90000000,0.00001968,50814.84375000,revenue-supported normalized cost units; not measured hashrate
S0,S0,2,1891200,flat,base,reference,9765625,10003,0.10232591,51380.70076800,1.00000000,90.0,51380.70076800,46242.63069120,0.70000000,0.00001529,65400.29197755,revenue-supported normalized cost units; not measured hashrate
S0,S0,2,1891200,flat,base,efficient,9765625,10003,0.10232591,51380.70076800,1.00000000,90.0,51380.70076800,46242.63069120,0.58000000,0.00001267,78931.38686946,revenue-supported normalized cost units; not measured hashrate
S0,S0,2,1891200,flat,base,high_cost,9765625,10003,0.10232591,51380.70076800,1.00000000,90.0,51380.70076800,46242.63069120,0.90000000,0.00001966,50866.89376032,revenue-supported normalized cost units; not measured hashrate
S0,S0,2,1891200,flat,high,reference,9765625,290698,2.89069872,52856.03368800,1.00000000,90.0,52856.03368800,47570.43031920,0.70000000,0.00001486,67278.18002287,revenue-supported normalized cost units; not measured hashrate
S0,S0,2,1891200,flat,high,efficient,9765625,290698,2.89069872,52856.03368800,1.00000000,90.0,52856.03368800,47570.43031920,0.58000000,0.00001232,81197.80347588,revenue-supported normalized cost units; not measured hashrate
S0,S0,2,1891200,flat,high,high_cost,9765625,290698,2.89069872,52856.03368800,1.00000000,90.0,52856.03368800,47570.43031920,0.90000000,0.00001911,52327.47335112,revenue-supported normalized cost units; not measured hashrate
S0,S0,2,1891200,growth,low,reference,9765625,0,0.00000000,51328.12500000,1.06090000,80.0,54454.00781250,43563.20625000,0.70000000,0.00001722,61610.82026786,revenue-supported normalized cost units; not measured hashrate
S0,S0,2,1891200,growth,low,efficient,9765625,0,0.00000000,51328.12500000,1.06090000,80.0,54454.00781250,43563.20625000,0.58000000,0.00001427,74357.88653017,revenue-supported normalized cost units; not measured hashrate
S0,S0,2,1891200,growth,low,high_cost,9765625,0,0.00000000,51328.12500000,1.06090000,80.0,54454.00781250,43563.20625000,0.90000000,0.00002214,47919.52687500,revenue-supported normalized cost units; not measured hashrate
S0,S0,2,1891200,growth,base,reference,9765625,10003,0.10232591,51380.70076800,1.06090000,80.0,54509.78544477,43607.82835582,0.70000000,0.00001720,61673.92867466,revenue-supported normalized cost units; not measured hashrate
S0,S0,2,1891200,growth,base,efficient,9765625,10003,0.10232591,51380.70076800,1.06090000,80.0,54509.78544477,43607.82835582,0.58000000,0.00001425,74434.05184872,revenue-supported normalized cost units; not measured hashrate
S0,S0,2,1891200,growth,base,high_cost,9765625,10003,0.10232591,51380.70076800,1.06090000,80.0,54509.78544477,43607.82835582,0.90000000,0.00002212,47968.61119140,revenue-supported normalized cost units; not measured hashrate
S0,S0,2,1891200,growth,high,reference,9765625,290698,2.89069872,52856.03368800,1.06090000,80.0,56074.96613960,44859.97291168,0.70000000,0.00001672,63444.81883223,revenue-supported normalized cost units; not measured hashrate
S0,S0,2,1891200,growth,high,efficient,9765625,290698,2.89069872,52856.03368800,1.06090000,80.0,56074.96613960,44859.97291168,0.58000000,0.00001386,76571.33307338,revenue-supported normalized cost units; not measured hashrate
S0,S0,2,1891200,growth,high,high_cost,9765625,290698,2.89069872,52856.03368800,1.06090000,80.0,56074.96613960,44859.97291168,0.90000000,0.00002150,49345.97020285,revenue-supported normalized cost units; not measured hashrate
S0,S0,5,3468000,stress,low,reference,76293,0,0.00000000,400.99600800,0.77378094,70.0,310.28306700,217.19814690,0.70000000,0.00251898,307.18023633,revenue-supported normalized cost units; not measured hashrate
S0,S0,5,3468000,stress,low,efficient,76293,0,0.00000000,400.99600800,0.77378094,70.0,310.28306700,217.19814690,0.58000000,0.00208716,370.73476799,revenue-supported normalized cost units; not measured hashrate
S0,S0,5,3468000,stress,low,high_cost,76293,0,0.00000000,400.99600800,0.77378094,70.0,310.28306700,217.19814690,0.90000000,0.00323869,238.91796159,revenue-supported normalized cost units; not measured hashrate
S0,S0,5,3468000,stress,base,reference,76293,10003,11.59149903,453.57177600,0.77378094,70.0,350.96519406,245.67563584,0.70000000,0.00222699,347.45554212,revenue-supported normalized cost units; not measured hashrate
S0,S0,5,3468000,stress,base,efficient,76293,10003,11.59149903,453.57177600,0.77378094,70.0,350.96519406,245.67563584,0.58000000,0.00184522,419.34289566,revenue-supported normalized cost units; not measured hashrate
S0,S0,5,3468000,stress,base,high_cost,76293,10003,11.59149903,453.57177600,0.77378094,70.0,350.96519406,245.67563584,0.90000000,0.00286328,270.24319942,revenue-supported normalized cost units; not measured hashrate
S0,S0,5,3468000,stress,high,reference,76293,290698,79.21120681,1928.90469600,0.77378094,70.0,1492.54968402,1044.78477881,0.70000000,0.00052367,1477.62418718,revenue-supported normalized cost units; not measured hashrate
S0,S0,5,3468000,stress,high,efficient,76293,290698,79.21120681,1928.90469600,0.77378094,70.0,1492.54968402,1044.78477881,0.58000000,0.00043389,1783.33953625,revenue-supported normalized cost units; not measured hashrate
S0,S0,5,3468000,stress,high,high_cost,76293,290698,79.21120681,1928.90469600,0.77378094,70.0,1492.54968402,1044.78477881,0.90000000,0.00067328,1149.26325669,revenue-supported normalized cost units; not measured hashrate
S0,S0,5,3468000,flat,low,reference,76293,0,0.00000000,400.99600800,1.00000000,90.0,400.99600800,360.89640720,0.70000000,0.00195921,510.41063304,revenue-supported normalized cost units; not measured hashrate
S0,S0,5,3468000,flat,low,efficient,76293,0,0.00000000,400.99600800,1.00000000,90.0,400.99600800,360.89640720,0.58000000,0.00162334,616.01283298,revenue-supported normalized cost units; not measured hashrate
S0,S0,5,3468000,flat,low,high_cost,76293,0,0.00000000,400.99600800,1.00000000,90.0,400.99600800,360.89640720,0.90000000,0.00251898,396.98604792,revenue-supported normalized cost units; not measured hashrate
S0,S0,5,3468000,flat,base,reference,76293,10003,11.59149903,453.57177600,1.00000000,90.0,453.57177600,408.21459840,0.70000000,0.00173211,577.33207488,revenue-supported normalized cost units; not measured hashrate
S0,S0,5,3468000,flat,base,efficient,76293,10003,11.59149903,453.57177600,1.00000000,90.0,453.57177600,408.21459840,0.58000000,0.00143517,696.78009037,revenue-supported normalized cost units; not measured hashrate
S0,S0,5,3468000,flat,base,high_cost,76293,10003,11.59149903,453.57177600,1.00000000,90.0,453.57177600,408.21459840,0.90000000,0.00222699,449.03605824,revenue-supported normalized cost units; not measured hashrate
S0,S0,5,3468000,flat,high,reference,76293,290698,79.21120681,1928.90469600,1.00000000,90.0,1928.90469600,1736.01422640,0.70000000,0.00040730,2455.22012019,revenue-supported normalized cost units; not measured hashrate
S0,S0,5,3468000,flat,high,efficient,76293,290698,79.21120681,1928.90469600,1.00000000,90.0,1928.90469600,1736.01422640,0.58000000,0.00033747,2963.19669679,revenue-supported normalized cost units; not measured hashrate
S0,S0,5,3468000,flat,high,high_cost,76293,290698,79.21120681,1928.90469600,1.00000000,90.0,1928.90469600,1736.01422640,0.90000000,0.00052367,1909.61564904,revenue-supported normalized cost units; not measured hashrate
S0,S0,5,3468000,growth,low,reference,76293,0,0.00000000,400.99600800,1.15927407,80.0,464.86427597,371.89142078,0.70000000,0.00220411,525.96072367,revenue-supported normalized cost units; not measured hashrate
S0,S0,5,3468000,growth,low,efficient,76293,0,0.00000000,400.99600800,1.15927407,80.0,464.86427597,371.89142078,0.58000000,0.00182626,634.78018374,revenue-supported normalized cost units; not measured hashrate
S0,S0,5,3468000,growth,low,high_cost,76293,0,0.00000000,400.99600800,1.15927407,80.0,464.86427597,371.89142078,0.90000000,0.00283385,409.08056286,revenue-supported normalized cost units; not measured hashrate
S0,S0,5,3468000,growth,base,reference,76293,10003,11.59149903,453.57177600,1.15927407,80.0,525.81400075,420.65120060,0.70000000,0.00194862,594.92098371,revenue-supported normalized cost units; not measured hashrate
S0,S0,5,3468000,growth,base,efficient,76293,10003,11.59149903,453.57177600,1.15927407,80.0,525.81400075,420.65120060,0.58000000,0.00161457,718.00808378,revenue-supported normalized cost units; not measured hashrate
S0,S0,5,3468000,growth,base,high_cost,76293,10003,11.59149903,453.57177600,1.15927407,80.0,525.81400075,420.65120060,0.90000000,0.00250537,462.71632066,revenue-supported normalized cost units; not measured hashrate
S0,S0,5,3468000,growth,high,reference,76293,290698,79.21120681,1928.90469600,1.15927407,80.0,2236.12920587,1788.90336469,0.70000000,0.00045821,2530.02047293,revenue-supported normalized cost units; not measured hashrate
S0,S0,5,3468000,growth,high,efficient,76293,290698,79.21120681,1928.90469600,1.15927407,80.0,2236.12920587,1788.90336469,0.58000000,0.00037966,3053.47298457,revenue-supported normalized cost units; not measured hashrate
S0,S0,5,3468000,growth,high,high_cost,76293,290698,79.21120681,1928.90469600,1.15927407,80.0,2236.12920587,1788.90336469,0.90000000,0.00058912,1967.79370116,revenue-supported normalized cost units; not measured hashrate
S0,S0,10,6096000,stress,low,reference,9,0,0.00000000,0.04730400,0.59873694,70.0,0.02832265,0.01982586,0.70000000,21.35339528,0.02803943,revenue-supported normalized cost units; not measured hashrate
S0,S0,10,6096000,stress,low,efficient,9,0,0.00000000,0.04730400,0.59873694,70.0,0.02832265,0.01982586,0.58000000,17.69281323,0.03384069,revenue-supported normalized cost units; not measured hashrate
S0,S0,10,6096000,stress,low,high_cost,9,0,0.00000000,0.04730400,0.59873694,70.0,0.02832265,0.01982586,0.90000000,27.45436535,0.02180844,revenue-supported normalized cost units; not measured hashrate
S0,S0,10,6096000,stress,base,reference,9,10003,99.91010787,52.62307200,0.59873694,70.0,31.50737706,22.05516394,0.70000000,0.01919502,31.19230329,revenue-supported normalized cost units; not measured hashrate
S0,S0,10,6096000,stress,base,efficient,9,10003,99.91010787,52.62307200,0.59873694,70.0,31.50737706,22.05516394,0.58000000,0.01590445,37.64588328,revenue-supported normalized cost units; not measured hashrate
S0,S0,10,6096000,stress,base,high_cost,9,10003,99.91010787,52.62307200,0.59873694,70.0,31.50737706,22.05516394,0.90000000,0.02467931,24.26068034,revenue-supported normalized cost units; not measured hashrate
S0,S0,10,6096000,stress,high,reference,9,290698,99.99690410,1527.95599200,0.59873694,70.0,914.84369394,640.39058576,0.70000000,0.00066108,905.69525700,revenue-supported normalized cost units; not measured hashrate
S0,S0,10,6096000,stress,high,efficient,9,290698,99.99690410,1527.95599200,0.59873694,70.0,914.84369394,640.39058576,0.58000000,0.00054775,1093.08048259,revenue-supported normalized cost units; not measured hashrate
S0,S0,10,6096000,stress,high,high_cost,9,290698,99.99690410,1527.95599200,0.59873694,70.0,914.84369394,640.39058576,0.90000000,0.00084996,704.42964433,revenue-supported normalized cost units; not measured hashrate
S0,S0,10,6096000,flat,low,reference,9,0,0.00000000,0.04730400,1.00000000,90.0,0.04730400,0.04257360,0.70000000,16.60819633,0.06021123,revenue-supported normalized cost units; not measured hashrate
S0,S0,10,6096000,flat,low,efficient,9,0,0.00000000,0.04730400,1.00000000,90.0,0.04730400,0.04257360,0.58000000,13.76107696,0.07266873,revenue-supported normalized cost units; not measured hashrate
S0,S0,10,6096000,flat,low,high_cost,9,0,0.00000000,0.04730400,1.00000000,90.0,0.04730400,0.04257360,0.90000000,21.35339528,0.04683096,revenue-supported normalized cost units; not measured hashrate
S0,S0,10,6096000,flat,base,reference,9,10003,99.91010787,52.62307200,1.00000000,90.0,52.62307200,47.36076480,0.70000000,0.01492946,66.98165307,revenue-supported normalized cost units; not measured hashrate
S0,S0,10,6096000,flat,base,efficient,9,10003,99.91010787,52.62307200,1.00000000,90.0,52.62307200,47.36076480,0.58000000,0.01237013,80.83992612,revenue-supported normalized cost units; not measured hashrate
S0,S0,10,6096000,flat,base,high_cost,9,10003,99.91010787,52.62307200,1.00000000,90.0,52.62307200,47.36076480,0.90000000,0.01919502,52.09684128,revenue-supported normalized cost units; not measured hashrate
S0,S0,10,6096000,flat,high,reference,9,290698,99.99690410,1527.95599200,1.00000000,90.0,1527.95599200,1375.16039280,0.70000000,0.00051417,1944.86969839,revenue-supported normalized cost units; not measured hashrate
S0,S0,10,6096000,flat,high,efficient,9,290698,99.99690410,1527.95599200,1.00000000,90.0,1527.95599200,1375.16039280,0.58000000,0.00042603,2347.25653254,revenue-supported normalized cost units; not measured hashrate
S0,S0,10,6096000,flat,high,high_cost,9,290698,99.99690410,1527.95599200,1.00000000,90.0,1527.95599200,1375.16039280,0.90000000,0.00066108,1512.67643208,revenue-supported normalized cost units; not measured hashrate
S0,S0,10,6096000,growth,low,reference,9,0,0.00000000,0.04730400,1.34391638,80.0,0.06357262,0.05085810,0.70000000,18.68422087,0.07192788,revenue-supported normalized cost units; not measured hashrate
S0,S0,10,6096000,growth,low,efficient,9,0,0.00000000,0.04730400,1.34391638,80.0,0.06357262,0.05085810,0.58000000,15.48121157,0.08680951,revenue-supported normalized cost units; not measured hashrate
S0,S0,10,6096000,growth,low,high_cost,9,0,0.00000000,0.04730400,1.34391638,80.0,0.06357262,0.05085810,0.90000000,24.02256968,0.05594391,revenue-supported normalized cost units; not measured hashrate
S0,S0,10,6096000,growth,base,reference,9,10003,99.91010787,52.62307200,1.34391638,80.0,70.72100839,56.57680671,0.70000000,0.01679564,80.01576950,revenue-supported normalized cost units; not measured hashrate
S0,S0,10,6096000,growth,base,efficient,9,10003,99.91010787,52.62307200,1.34391638,80.0,70.72100839,56.57680671,0.58000000,0.01391639,96.57075629,revenue-supported normalized cost units; not measured hashrate
S0,S0,10,6096000,growth,base,high_cost,9,10003,99.91010787,52.62307200,1.34391638,80.0,70.72100839,56.57680671,0.90000000,0.02159440,62.23448739,revenue-supported normalized cost units; not measured hashrate
S0,S0,10,6096000,growth,high,reference,9,290698,99.99690410,1527.95599200,1.34391638,80.0,2053.44508457,1642.75606765,0.70000000,0.00057844,2323.32643854,revenue-supported normalized cost units; not measured hashrate
S0,S0,10,6096000,growth,high,efficient,9,290698,99.99690410,1527.95599200,1.34391638,80.0,2053.44508457,1642.75606765,0.58000000,0.00047928,2804.01466720,revenue-supported normalized cost units; not measured hashrate
S0,S0,10,6096000,growth,high,high_cost,9,290698,99.99690410,1527.95599200,1.34391638,80.0,2053.44508457,1642.75606765,0.90000000,0.00074371,1807.03167442,revenue-supported normalized cost units; not measured hashrate
S0,S0,25,13980000,stress,low,reference,0,0,0.00000000,0.00000000,0.27738957,70.0,0.00000000,0.00000000,0.70000000,0.00000000,0.00000000,revenue-supported normalized cost units; not measured hashrate
S0,S0,25,13980000,stress,low,efficient,0,0,0.00000000,0.00000000,0.27738957,70.0,0.00000000,0.00000000,0.58000000,0.00000000,0.00000000,revenue-supported normalized cost units; not measured hashrate
S0,S0,25,13980000,stress,low,high_cost,0,0,0.00000000,0.00000000,0.27738957,70.0,0.00000000,0.00000000,0.90000000,0.00000000,0.00000000,revenue-supported normalized cost units; not measured hashrate
S0,S0,25,13980000,stress,base,reference,0,10003,100.00000000,52.57576800,0.27738957,70.0,14.58396984,10.20877889,0.70000000,0.01921229,14.43813014,revenue-supported normalized cost units; not measured hashrate
S0,S0,25,13980000,stress,base,efficient,0,10003,100.00000000,52.57576800,0.27738957,70.0,14.58396984,10.20877889,0.58000000,0.01591876,17.42532948,revenue-supported normalized cost units; not measured hashrate
S0,S0,25,13980000,stress,base,high_cost,0,10003,100.00000000,52.57576800,0.27738957,70.0,14.58396984,10.20877889,0.90000000,0.02470152,11.22965678,revenue-supported normalized cost units; not measured hashrate
S0,S0,25,13980000,stress,high,reference,0,290698,100.00000000,1527.90868800,0.27738957,70.0,423.82593873,296.67815711,0.70000000,0.00066110,419.58767935,revenue-supported normalized cost units; not measured hashrate
S0,S0,25,13980000,stress,high,efficient,0,290698,100.00000000,1527.90868800,0.27738957,70.0,423.82593873,296.67815711,0.58000000,0.00054777,506.39892335,revenue-supported normalized cost units; not measured hashrate
S0,S0,25,13980000,stress,high,high_cost,0,290698,100.00000000,1527.90868800,0.27738957,70.0,423.82593873,296.67815711,0.90000000,0.00084999,326.34597282,revenue-supported normalized cost units; not measured hashrate
S0,S0,25,13980000,flat,low,reference,0,0,0.00000000,0.00000000,1.00000000,90.0,0.00000000,0.00000000,0.70000000,0.00000000,0.00000000,revenue-supported normalized cost units; not measured hashrate
S0,S0,25,13980000,flat,low,efficient,0,0,0.00000000,0.00000000,1.00000000,90.0,0.00000000,0.00000000,0.58000000,0.00000000,0.00000000,revenue-supported normalized cost units; not measured hashrate
S0,S0,25,13980000,flat,low,high_cost,0,0,0.00000000,0.00000000,1.00000000,90.0,0.00000000,0.00000000,0.90000000,0.00000000,0.00000000,revenue-supported normalized cost units; not measured hashrate
S0,S0,25,13980000,flat,base,reference,0,10003,100.00000000,52.57576800,1.00000000,90.0,52.57576800,47.31819120,0.70000000,0.01494289,66.92144184,revenue-supported normalized cost units; not measured hashrate
S0,S0,25,13980000,flat,base,efficient,0,10003,100.00000000,52.57576800,1.00000000,90.0,52.57576800,47.31819120,0.58000000,0.01238125,80.76725739,revenue-supported normalized cost units; not measured hashrate
S0,S0,25,13980000,flat,base,high_cost,0,10003,100.00000000,52.57576800,1.00000000,90.0,52.57576800,47.31819120,0.90000000,0.01921229,52.05001032,revenue-supported normalized cost units; not measured hashrate
S0,S0,25,13980000,flat,high,reference,0,290698,100.00000000,1527.90868800,1.00000000,90.0,1527.90868800,1375.11781920,0.70000000,0.00051419,1944.80948715,revenue-supported normalized cost units; not measured hashrate
S0,S0,25,13980000,flat,high,efficient,0,290698,100.00000000,1527.90868800,1.00000000,90.0,1527.90868800,1375.11781920,0.58000000,0.00042604,2347.18386381,revenue-supported normalized cost units; not measured hashrate
S0,S0,25,13980000,flat,high,high_cost,0,290698,100.00000000,1527.90868800,1.00000000,90.0,1527.90868800,1375.11781920,0.90000000,0.00066110,1512.62960112,revenue-supported normalized cost units; not measured hashrate
S0,S0,25,13980000,growth,low,reference,0,0,0.00000000,0.00000000,2.09377793,80.0,0.00000000,0.00000000,0.70000000,0.00000000,0.00000000,revenue-supported normalized cost units; not measured hashrate
S0,S0,25,13980000,growth,low,efficient,0,0,0.00000000,0.00000000,2.09377793,80.0,0.00000000,0.00000000,0.58000000,0.00000000,0.00000000,revenue-supported normalized cost units; not measured hashrate
S0,S0,25,13980000,growth,low,high_cost,0,0,0.00000000,0.00000000,2.09377793,80.0,0.00000000,0.00000000,0.90000000,0.00000000,0.00000000,revenue-supported normalized cost units; not measured hashrate
S0,S0,25,13980000,growth,base,reference,0,10003,100.00000000,52.57576800,2.09377793,80.0,110.08198267,88.06558614,0.70000000,0.01681076,124.54990040,revenue-supported normalized cost units; not measured hashrate
S0,S0,25,13980000,growth,base,efficient,0,10003,100.00000000,52.57576800,2.09377793,80.0,110.08198267,88.06558614,0.58000000,0.01392891,150.31884531,revenue-supported normalized cost units; not measured hashrate
S0,S0,25,13980000,growth,base,high_cost,0,10003,100.00000000,52.57576800,2.09377793,80.0,110.08198267,88.06558614,0.90000000,0.02161383,96.87214475,revenue-supported normalized cost units; not measured hashrate
S0,S0,25,13980000,growth,high,reference,0,290698,100.00000000,1527.90868800,2.09377793,80.0,3199.10148946,2559.28119157,0.70000000,0.00057846,3619.55482808,revenue-supported normalized cost units; not measured hashrate
S0,S0,25,13980000,growth,high,efficient,0,290698,100.00000000,1527.90868800,2.09377793,80.0,3199.10148946,2559.28119157,0.58000000,0.00047930,4368.42824078,revenue-supported normalized cost units; not measured hashrate
S0,S0,25,13980000,growth,high,high_cost,0,290698,100.00000000,1527.90868800,2.09377793,80.0,3199.10148946,2559.28119157,0.90000000,0.00074374,2815.20931073,revenue-supported normalized cost units; not measured hashrate
S0,S0,50,27120000,stress,low,reference,0,0,0.00000000,0.00000000,0.07694498,70.0,0.00000000,0.00000000,0.70000000,0.00000000,0.00000000,revenue-supported normalized cost units; not measured hashrate
S0,S0,50,27120000,stress,low,efficient,0,0,0.00000000,0.00000000,0.07694498,70.0,0.00000000,0.00000000,0.58000000,0.00000000,0.00000000,revenue-supported normalized cost units; not measured hashrate
S0,S0,50,27120000,stress,low,high_cost,0,0,0.00000000,0.00000000,0.07694498,70.0,0.00000000,0.00000000,0.90000000,0.00000000,0.00000000,revenue-supported normalized cost units; not measured hashrate
S0,S0,50,27120000,stress,base,reference,0,10003,100.00000000,52.57576800,0.07694498,70.0,4.04544117,2.83180882,0.70000000,0.01921229,4.00498676,revenue-supported normalized cost units; not measured hashrate
S0,S0,50,27120000,stress,base,efficient,0,10003,100.00000000,52.57576800,0.07694498,70.0,4.04544117,2.83180882,0.58000000,0.01591876,4.83360471,revenue-supported normalized cost units; not measured hashrate
S0,S0,50,27120000,stress,base,high_cost,0,10003,100.00000000,52.57576800,0.07694498,70.0,4.04544117,2.83180882,0.90000000,0.02470152,3.11498970,revenue-supported normalized cost units; not measured hashrate
S0,S0,50,27120000,stress,high,reference,0,290698,100.00000000,1527.90868800,0.07694498,70.0,117.56489622,82.29542736,0.70000000,0.00066110,116.38924726,revenue-supported normalized cost units; not measured hashrate
S0,S0,50,27120000,stress,high,efficient,0,290698,100.00000000,1527.90868800,0.07694498,70.0,117.56489622,82.29542736,0.58000000,0.00054777,140.46978118,revenue-supported normalized cost units; not measured hashrate
S0,S0,50,27120000,stress,high,high_cost,0,290698,100.00000000,1527.90868800,0.07694498,70.0,117.56489622,82.29542736,0.90000000,0.00084999,90.52497009,revenue-supported normalized cost units; not measured hashrate
S0,S0,50,27120000,flat,low,reference,0,0,0.00000000,0.00000000,1.00000000,90.0,0.00000000,0.00000000,0.70000000,0.00000000,0.00000000,revenue-supported normalized cost units; not measured hashrate
S0,S0,50,27120000,flat,low,efficient,0,0,0.00000000,0.00000000,1.00000000,90.0,0.00000000,0.00000000,0.58000000,0.00000000,0.00000000,revenue-supported normalized cost units; not measured hashrate
S0,S0,50,27120000,flat,low,high_cost,0,0,0.00000000,0.00000000,1.00000000,90.0,0.00000000,0.00000000,0.90000000,0.00000000,0.00000000,revenue-supported normalized cost units; not measured hashrate
S0,S0,50,27120000,flat,base,reference,0,10003,100.00000000,52.57576800,1.00000000,90.0,52.57576800,47.31819120,0.70000000,0.01494289,66.92144184,revenue-supported normalized cost units; not measured hashrate
S0,S0,50,27120000,flat,base,efficient,0,10003,100.00000000,52.57576800,1.00000000,90.0,52.57576800,47.31819120,0.58000000,0.01238125,80.76725739,revenue-supported normalized cost units; not measured hashrate
S0,S0,50,27120000,flat,base,high_cost,0,10003,100.00000000,52.57576800,1.00000000,90.0,52.57576800,47.31819120,0.90000000,0.01921229,52.05001032,revenue-supported normalized cost units; not measured hashrate
S0,S0,50,27120000,flat,high,reference,0,290698,100.00000000,1527.90868800,1.00000000,90.0,1527.90868800,1375.11781920,0.70000000,0.00051419,1944.80948715,revenue-supported normalized cost units; not measured hashrate
S0,S0,50,27120000,flat,high,efficient,0,290698,100.00000000,1527.90868800,1.00000000,90.0,1527.90868800,1375.11781920,0.58000000,0.00042604,2347.18386381,revenue-supported normalized cost units; not measured hashrate
S0,S0,50,27120000,flat,high,high_cost,0,290698,100.00000000,1527.90868800,1.00000000,90.0,1527.90868800,1375.11781920,0.90000000,0.00066110,1512.62960112,revenue-supported normalized cost units; not measured hashrate
S0,S0,50,27120000,growth,low,reference,0,0,0.00000000,0.00000000,4.38390602,80.0,0.00000000,0.00000000,0.70000000,0.00000000,0.00000000,revenue-supported normalized cost units; not measured hashrate
S0,S0,50,27120000,growth,low,efficient,0,0,0.00000000,0.00000000,4.38390602,80.0,0.00000000,0.00000000,0.58000000,0.00000000,0.00000000,revenue-supported normalized cost units; not measured hashrate
S0,S0,50,27120000,growth,low,high_cost,0,0,0.00000000,0.00000000,4.38390602,80.0,0.00000000,0.00000000,0.90000000,0.00000000,0.00000000,revenue-supported normalized cost units; not measured hashrate
S0,S0,50,27120000,growth,base,reference,0,10003,100.00000000,52.57576800,4.38390602,80.0,230.48722577,184.38978062,0.70000000,0.01681076,260.77983259,revenue-supported normalized cost units; not measured hashrate
S0,S0,50,27120000,growth,base,efficient,0,10003,100.00000000,52.57576800,4.38390602,80.0,230.48722577,184.38978062,0.58000000,0.01392891,314.73428071,revenue-supported normalized cost units; not measured hashrate
S0,S0,50,27120000,growth,base,high_cost,0,10003,100.00000000,52.57576800,4.38390602,80.0,230.48722577,184.38978062,0.90000000,0.02161383,202.82875868,revenue-supported normalized cost units; not measured hashrate
S0,S0,50,27120000,growth,high,reference,0,290698,100.00000000,1527.90868800,4.38390602,80.0,6698.20809336,5358.56647469,0.70000000,0.00057846,7578.54401420,revenue-supported normalized cost units; not measured hashrate
S0,S0,50,27120000,growth,high,efficient,0,290698,100.00000000,1527.90868800,4.38390602,80.0,6698.20809336,5358.56647469,0.58000000,0.00047930,9146.51863783,revenue-supported normalized cost units; not measured hashrate
S0,S0,50,27120000,growth,high,high_cost,0,290698,100.00000000,1527.90868800,4.38390602,80.0,6698.20809336,5358.56647469,0.90000000,0.00074374,5894.42312216,revenue-supported normalized cost units; not measured hashrate
S0,S0,100,53400000,stress,low,reference,0,0,0.00000000,0.00000000,0.00592053,70.0,0.00000000,0.00000000,0.70000000,0.00000000,0.00000000,revenue-supported normalized cost units; not measured hashrate
S0,S0,100,53400000,stress,low,efficient,0,0,0.00000000,0.00000000,0.00592053,70.0,0.00000000,0.00000000,0.58000000,0.00000000,0.00000000,revenue-supported normalized cost units; not measured hashrate
S0,S0,100,53400000,stress,low,high_cost,0,0,0.00000000,0.00000000,0.00592053,70.0,0.00000000,0.00000000,0.90000000,0.00000000,0.00000000,revenue-supported normalized cost units; not measured hashrate
S0,S0,100,53400000,stress,base,reference,0,10003,100.00000000,52.57576800,0.00592053,70.0,0.31127637,0.21789346,0.70000000,0.01921229,0.30816361,revenue-supported normalized cost units; not measured hashrate
S0,S0,100,53400000,stress,base,efficient,0,10003,100.00000000,52.57576800,0.00592053,70.0,0.31127637,0.21789346,0.58000000,0.01591876,0.37192159,revenue-supported normalized cost units; not measured hashrate
S0,S0,100,53400000,stress,base,high_cost,0,10003,100.00000000,52.57576800,0.00592053,70.0,0.31127637,0.21789346,0.90000000,0.02470152,0.23968281,revenue-supported normalized cost units; not measured hashrate
S0,S0,100,53400000,stress,high,reference,0,290698,100.00000000,1527.90868800,0.00592053,70.0,9.04602803,6.33221962,0.70000000,0.00066110,8.95556775,revenue-supported normalized cost units; not measured hashrate
S0,S0,100,53400000,stress,high,efficient,0,290698,100.00000000,1527.90868800,0.00592053,70.0,9.04602803,6.33221962,0.58000000,0.00054777,10.80844384,revenue-supported normalized cost units; not measured hashrate
S0,S0,100,53400000,stress,high,high_cost,0,290698,100.00000000,1527.90868800,0.00592053,70.0,9.04602803,6.33221962,0.90000000,0.00084999,6.96544159,revenue-supported normalized cost units; not measured hashrate
S0,S0,100,53400000,flat,low,reference,0,0,0.00000000,0.00000000,1.00000000,90.0,0.00000000,0.00000000,0.70000000,0.00000000,0.00000000,revenue-supported normalized cost units; not measured hashrate
S0,S0,100,53400000,flat,low,efficient,0,0,0.00000000,0.00000000,1.00000000,90.0,0.00000000,0.00000000,0.58000000,0.00000000,0.00000000,revenue-supported normalized cost units; not measured hashrate
S0,S0,100,53400000,flat,low,high_cost,0,0,0.00000000,0.00000000,1.00000000,90.0,0.00000000,0.00000000,0.90000000,0.00000000,0.00000000,revenue-supported normalized cost units; not measured hashrate
S0,S0,100,53400000,flat,base,reference,0,10003,100.00000000,52.57576800,1.00000000,90.0,52.57576800,47.31819120,0.70000000,0.01494289,66.92144184,revenue-supported normalized cost units; not measured hashrate
S0,S0,100,53400000,flat,base,efficient,0,10003,100.00000000,52.57576800,1.00000000,90.0,52.57576800,47.31819120,0.58000000,0.01238125,80.76725739,revenue-supported normalized cost units; not measured hashrate
S0,S0,100,53400000,flat,base,high_cost,0,10003,100.00000000,52.57576800,1.00000000,90.0,52.57576800,47.31819120,0.90000000,0.01921229,52.05001032,revenue-supported normalized cost units; not measured hashrate
S0,S0,100,53400000,flat,high,reference,0,290698,100.00000000,1527.90868800,1.00000000,90.0,1527.90868800,1375.11781920,0.70000000,0.00051419,1944.80948715,revenue-supported normalized cost units; not measured hashrate
S0,S0,100,53400000,flat,high,efficient,0,290698,100.00000000,1527.90868800,1.00000000,90.0,1527.90868800,1375.11781920,0.58000000,0.00042604,2347.18386381,revenue-supported normalized cost units; not measured hashrate
S0,S0,100,53400000,flat,high,high_cost,0,290698,100.00000000,1527.90868800,1.00000000,90.0,1527.90868800,1375.11781920,0.90000000,0.00066110,1512.62960112,revenue-supported normalized cost units; not measured hashrate
S0,S0,100,53400000,growth,low,reference,0,0,0.00000000,0.00000000,19.21863198,80.0,0.00000000,0.00000000,0.70000000,0.00000000,0.00000000,revenue-supported normalized cost units; not measured hashrate
S0,S0,100,53400000,growth,low,efficient,0,0,0.00000000,0.00000000,19.21863198,80.0,0.00000000,0.00000000,0.58000000,0.00000000,0.00000000,revenue-supported normalized cost units; not measured hashrate
S0,S0,100,53400000,growth,low,high_cost,0,0,0.00000000,0.00000000,19.21863198,80.0,0.00000000,0.00000000,0.90000000,0.00000000,0.00000000,revenue-supported normalized cost units; not measured hashrate
S0,S0,100,53400000,growth,base,reference,0,10003,100.00000000,52.57576800,19.21863198,80.0,1010.43433630,808.34746904,0.70000000,0.01681076,1143.23427765,revenue-supported normalized cost units; not measured hashrate
S0,S0,100,53400000,growth,base,efficient,0,10003,100.00000000,52.57576800,19.21863198,80.0,1010.43433630,808.34746904,0.58000000,0.01392891,1379.76550750,revenue-supported normalized cost units; not measured hashrate
S0,S0,100,53400000,growth,base,high_cost,0,10003,100.00000000,52.57576800,19.21863198,80.0,1010.43433630,808.34746904,0.90000000,0.02161383,889.18221595,revenue-supported normalized cost units; not measured hashrate
S0,S0,100,53400000,growth,high,reference,0,290698,100.00000000,1527.90868800,19.21863198,80.0,29364.31477502,23491.45182002,0.70000000,0.00057846,33223.62471689,revenue-supported normalized cost units; not measured hashrate
S0,S0,100,53400000,growth,high,efficient,0,290698,100.00000000,1527.90868800,19.21863198,80.0,29364.31477502,23491.45182002,0.58000000,0.00047930,40097.47810659,revenue-supported normalized cost units; not measured hashrate
S0,S0,100,53400000,growth,high,high_cost,0,290698,100.00000000,1527.90868800,19.21863198,80.0,29364.31477502,23491.45182002,0.90000000,0.00074374,25840.59700202,revenue-supported normalized cost units; not measured hashrate
S0,S0,250,132240000,stress,low,reference,0,0,0.00000000,0.00000000,0.00000270,70.0,0.00000000,0.00000000,0.70000000,0.00000000,0.00000000,revenue-supported normalized cost units; not measured hashrate
S0,S0,250,132240000,stress,low,efficient,0,0,0.00000000,0.00000000,0.00000270,70.0,0.00000000,0.00000000,0.58000000,0.00000000,0.00000000,revenue-supported normalized cost units; not measured hashrate
S0,S0,250,132240000,stress,low,high_cost,0,0,0.00000000,0.00000000,0.00000270,70.0,0.00000000,0.00000000,0.90000000,0.00000000,0.00000000,revenue-supported normalized cost units; not measured hashrate
S0,S0,250,132240000,stress,base,reference,0,10003,100.00000000,52.57576800,0.00000270,70.0,0.00014180,0.00009926,0.70000000,0.01921229,0.00014039,revenue-supported normalized cost units; not measured hashrate
S0,S0,250,132240000,stress,base,efficient,0,10003,100.00000000,52.57576800,0.00000270,70.0,0.00014180,0.00009926,0.58000000,0.01591876,0.00016943,revenue-supported normalized cost units; not measured hashrate
S0,S0,250,132240000,stress,base,high_cost,0,10003,100.00000000,52.57576800,0.00000270,70.0,0.00014180,0.00009926,0.90000000,0.02470152,0.00010919,revenue-supported normalized cost units; not measured hashrate
S0,S0,250,132240000,stress,high,reference,0,290698,100.00000000,1527.90868800,0.00000270,70.0,0.00412096,0.00288467,0.70000000,0.00066110,0.00407975,revenue-supported normalized cost units; not measured hashrate
S0,S0,250,132240000,stress,high,efficient,0,290698,100.00000000,1527.90868800,0.00000270,70.0,0.00412096,0.00288467,0.58000000,0.00054777,0.00492384,revenue-supported normalized cost units; not measured hashrate
S0,S0,250,132240000,stress,high,high_cost,0,290698,100.00000000,1527.90868800,0.00000270,70.0,0.00412096,0.00288467,0.90000000,0.00084999,0.00317314,revenue-supported normalized cost units; not measured hashrate
S0,S0,250,132240000,flat,low,reference,0,0,0.00000000,0.00000000,1.00000000,90.0,0.00000000,0.00000000,0.70000000,0.00000000,0.00000000,revenue-supported normalized cost units; not measured hashrate
S0,S0,250,132240000,flat,low,efficient,0,0,0.00000000,0.00000000,1.00000000,90.0,0.00000000,0.00000000,0.58000000,0.00000000,0.00000000,revenue-supported normalized cost units; not measured hashrate
S0,S0,250,132240000,flat,low,high_cost,0,0,0.00000000,0.00000000,1.00000000,90.0,0.00000000,0.00000000,0.90000000,0.00000000,0.00000000,revenue-supported normalized cost units; not measured hashrate
S0,S0,250,132240000,flat,base,reference,0,10003,100.00000000,52.57576800,1.00000000,90.0,52.57576800,47.31819120,0.70000000,0.01494289,66.92144184,revenue-supported normalized cost units; not measured hashrate
S0,S0,250,132240000,flat,base,efficient,0,10003,100.00000000,52.57576800,1.00000000,90.0,52.57576800,47.31819120,0.58000000,0.01238125,80.76725739,revenue-supported normalized cost units; not measured hashrate
S0,S0,250,132240000,flat,base,high_cost,0,10003,100.00000000,52.57576800,1.00000000,90.0,52.57576800,47.31819120,0.90000000,0.01921229,52.05001032,revenue-supported normalized cost units; not measured hashrate
S0,S0,250,132240000,flat,high,reference,0,290698,100.00000000,1527.90868800,1.00000000,90.0,1527.90868800,1375.11781920,0.70000000,0.00051419,1944.80948715,revenue-supported normalized cost units; not measured hashrate
S0,S0,250,132240000,flat,high,efficient,0,290698,100.00000000,1527.90868800,1.00000000,90.0,1527.90868800,1375.11781920,0.58000000,0.00042604,2347.18386381,revenue-supported normalized cost units; not measured hashrate
S0,S0,250,132240000,flat,high,high_cost,0,290698,100.00000000,1527.90868800,1.00000000,90.0,1527.90868800,1375.11781920,0.90000000,0.00066110,1512.62960112,revenue-supported normalized cost units; not measured hashrate
S0,S0,250,132240000,growth,low,reference,0,0,0.00000000,0.00000000,1619.22118137,80.0,0.00000000,0.00000000,0.70000000,0.00000000,0.00000000,revenue-supported normalized cost units; not measured hashrate
S0,S0,250,132240000,growth,low,efficient,0,0,0.00000000,0.00000000,1619.22118137,80.0,0.00000000,0.00000000,0.58000000,0.00000000,0.00000000,revenue-supported normalized cost units; not measured hashrate
S0,S0,250,132240000,growth,low,high_cost,0,0,0.00000000,0.00000000,1619.22118137,80.0,0.00000000,0.00000000,0.90000000,0.00000000,0.00000000,revenue-supported normalized cost units; not measured hashrate
S0,S0,250,132240000,growth,base,reference,0,10003,100.00000000,52.57576800,1619.22118137,80.0,85131.79717229,68105.43773784,0.70000000,0.01681076,96320.54765780,revenue-supported normalized cost units; not measured hashrate
S0,S0,250,132240000,growth,base,efficient,0,10003,100.00000000,52.57576800,1619.22118137,80.0,85131.79717229,68105.43773784,0.58000000,0.01392891,116248.93682837,revenue-supported normalized cost units; not measured hashrate
S0,S0,250,132240000,growth,base,high_cost,0,10003,100.00000000,52.57576800,1619.22118137,80.0,85131.79717229,68105.43773784,0.90000000,0.02161383,74915.98151162,revenue-supported normalized cost units; not measured hashrate
S0,S0,250,132240000,growth,high,reference,0,290698,100.00000000,1527.90868800,1619.22118137,80.0,2474022.11080593,1979217.68864474,0.70000000,0.00057846,2799179.30251185,revenue-supported normalized cost units; not measured hashrate
S0,S0,250,132240000,growth,high,efficient,0,290698,100.00000000,1527.90868800,1619.22118137,80.0,2474022.11080593,1979217.68864474,0.58000000,0.00047930,3378319.84785913,revenue-supported normalized cost units; not measured hashrate
S0,S0,250,132240000,growth,high,high_cost,0,290698,100.00000000,1527.90868800,1619.22118137,80.0,2474022.11080593,1979217.68864474,0.90000000,0.00074374,2177139.45750922,revenue-supported normalized cost units; not measured hashrate
S0,S0,500,263640000,stress,low,reference,0,0,0.00000000,0.00000000,0.00000000,70.0,0.00000000,0.00000000,0.70000000,0.00000000,0.00000000,revenue-supported normalized cost units; not measured hashrate
S0,S0,500,263640000,stress,low,efficient,0,0,0.00000000,0.00000000,0.00000000,70.0,0.00000000,0.00000000,0.58000000,0.00000000,0.00000000,revenue-supported normalized cost units; not measured hashrate
S0,S0,500,263640000,stress,low,high_cost,0,0,0.00000000,0.00000000,0.00000000,70.0,0.00000000,0.00000000,0.90000000,0.00000000,0.00000000,revenue-supported normalized cost units; not measured hashrate
S0,S0,500,263640000,stress,base,reference,0,10003,100.00000000,52.57576800,0.00000000,70.0,0.00000000,0.00000000,0.70000000,0.01921229,0.00000000,revenue-supported normalized cost units; not measured hashrate
S0,S0,500,263640000,stress,base,efficient,0,10003,100.00000000,52.57576800,0.00000000,70.0,0.00000000,0.00000000,0.58000000,0.01591876,0.00000000,revenue-supported normalized cost units; not measured hashrate
S0,S0,500,263640000,stress,base,high_cost,0,10003,100.00000000,52.57576800,0.00000000,70.0,0.00000000,0.00000000,0.90000000,0.02470152,0.00000000,revenue-supported normalized cost units; not measured hashrate
S0,S0,500,263640000,stress,high,reference,0,290698,100.00000000,1527.90868800,0.00000000,70.0,0.00000001,0.00000001,0.70000000,0.00066110,0.00000001,revenue-supported normalized cost units; not measured hashrate
S0,S0,500,263640000,stress,high,efficient,0,290698,100.00000000,1527.90868800,0.00000000,70.0,0.00000001,0.00000001,0.58000000,0.00054777,0.00000001,revenue-supported normalized cost units; not measured hashrate
S0,S0,500,263640000,stress,high,high_cost,0,290698,100.00000000,1527.90868800,0.00000000,70.0,0.00000001,0.00000001,0.90000000,0.00084999,0.00000001,revenue-supported normalized cost units; not measured hashrate
S0,S0,500,263640000,flat,low,reference,0,0,0.00000000,0.00000000,1.00000000,90.0,0.00000000,0.00000000,0.70000000,0.00000000,0.00000000,revenue-supported normalized cost units; not measured hashrate
S0,S0,500,263640000,flat,low,efficient,0,0,0.00000000,0.00000000,1.00000000,90.0,0.00000000,0.00000000,0.58000000,0.00000000,0.00000000,revenue-supported normalized cost units; not measured hashrate
S0,S0,500,263640000,flat,low,high_cost,0,0,0.00000000,0.00000000,1.00000000,90.0,0.00000000,0.00000000,0.90000000,0.00000000,0.00000000,revenue-supported normalized cost units; not measured hashrate
S0,S0,500,263640000,flat,base,reference,0,10003,100.00000000,52.57576800,1.00000000,90.0,52.57576800,47.31819120,0.70000000,0.01494289,66.92144184,revenue-supported normalized cost units; not measured hashrate
S0,S0,500,263640000,flat,base,efficient,0,10003,100.00000000,52.57576800,1.00000000,90.0,52.57576800,47.31819120,0.58000000,0.01238125,80.76725739,revenue-supported normalized cost units; not measured hashrate
S0,S0,500,263640000,flat,base,high_cost,0,10003,100.00000000,52.57576800,1.00000000,90.0,52.57576800,47.31819120,0.90000000,0.01921229,52.05001032,revenue-supported normalized cost units; not measured hashrate
S0,S0,500,263640000,flat,high,reference,0,290698,100.00000000,1527.90868800,1.00000000,90.0,1527.90868800,1375.11781920,0.70000000,0.00051419,1944.80948715,revenue-supported normalized cost units; not measured hashrate
S0,S0,500,263640000,flat,high,efficient,0,290698,100.00000000,1527.90868800,1.00000000,90.0,1527.90868800,1375.11781920,0.58000000,0.00042604,2347.18386381,revenue-supported normalized cost units; not measured hashrate
S0,S0,500,263640000,flat,high,high_cost,0,290698,100.00000000,1527.90868800,1.00000000,90.0,1527.90868800,1375.11781920,0.90000000,0.00066110,1512.62960112,revenue-supported normalized cost units; not measured hashrate
S0,S0,500,263640000,growth,low,reference,0,0,0.00000000,0.00000000,2621877.23419108,80.0,0.00000000,0.00000000,0.70000000,0.00000000,0.00000000,revenue-supported normalized cost units; not measured hashrate
S0,S0,500,263640000,growth,low,efficient,0,0,0.00000000,0.00000000,2621877.23419108,80.0,0.00000000,0.00000000,0.58000000,0.00000000,0.00000000,revenue-supported normalized cost units; not measured hashrate
S0,S0,500,263640000,growth,low,high_cost,0,0,0.00000000,0.00000000,2621877.23419108,80.0,0.00000000,0.00000000,0.90000000,0.00000000,0.00000000,revenue-supported normalized cost units; not measured hashrate
S0,S0,500,263640000,growth,base,reference,0,10003,100.00000000,52.57576800,2621877.23419108,80.0,137847209.18931171,110277767.35144937,0.70000000,0.01681076,155964270.96847839,revenue-supported normalized cost units; not measured hashrate
S0,S0,500,263640000,growth,base,efficient,0,10003,100.00000000,52.57576800,2621877.23419108,80.0,137847209.18931171,110277767.35144937,0.58000000,0.01392891,188232740.82402565,revenue-supported normalized cost units; not measured hashrate
S0,S0,500,263640000,growth,base,high_cost,0,10003,100.00000000,52.57576800,2621877.23419108,80.0,137847209.18931171,110277767.35144937,0.90000000,0.02161383,121305544.08659430,revenue-supported normalized cost units; not measured hashrate
S0,S0,500,263640000,growth,high,reference,0,290698,100.00000000,1527.90868800,2621877.23419108,80.0,4005989004.98995656,3204791203.99196525,0.70000000,0.00057846,4532490417.07435085,revenue-supported normalized cost units; not measured hashrate
S0,S0,500,263640000,growth,high,efficient,0,290698,100.00000000,1527.90868800,2621877.23419108,80.0,4005989004.98995656,3204791203.99196525,0.58000000,0.00047930,5470247055.08973378,revenue-supported normalized cost units; not measured hashrate
S0,S0,500,263640000,growth,high,high_cost,0,290698,100.00000000,1527.90868800,2621877.23419108,80.0,4005989004.98995656,3204791203.99196525,0.90000000,0.00074374,3525270324.39116177,revenue-supported normalized cost units; not measured hashrate
S1,S1,0,840000,stress,low,reference,593750000,0,0.00000000,3120750.00000000,1.00000000,70.0,3120750.00000000,2184525.00000000,0.70000000,0.00000032,3089542.50000000,revenue-supported normalized cost units; not measured hashrate
S1,S1,0,840000,stress,low,efficient,593750000,0,0.00000000,3120750.00000000,1.00000000,70.0,3120750.00000000,2184525.00000000,0.58000000,0.00000027,3728758.18965517,revenue-supported normalized cost units; not measured hashrate
S1,S1,0,840000,stress,low,high_cost,593750000,0,0.00000000,3120750.00000000,1.00000000,70.0,3120750.00000000,2184525.00000000,0.90000000,0.00000042,2402977.50000000,revenue-supported normalized cost units; not measured hashrate
S1,S1,0,840000,stress,base,reference,593750000,10003,0.00168469,3120802.57576800,1.00000000,70.0,3120802.57576800,2184561.80303760,0.70000000,0.00000032,3089594.55001032,revenue-supported normalized cost units; not measured hashrate
S1,S1,0,840000,stress,base,efficient,593750000,10003,0.00168469,3120802.57576800,1.00000000,70.0,3120802.57576800,2184561.80303760,0.58000000,0.00000027,3728821.00863314,revenue-supported normalized cost units; not measured hashrate
S1,S1,0,840000,stress,base,high_cost,593750000,10003,0.00168469,3120802.57576800,1.00000000,70.0,3120802.57576800,2184561.80303760,0.90000000,0.00000042,2403017.98334136,revenue-supported normalized cost units; not measured hashrate
S1,S1,0,840000,stress,high,reference,593750000,290698,0.04893570,3122277.90868800,1.00000000,70.0,3122277.90868800,2185594.53608160,0.70000000,0.00000032,3091055.12960112,revenue-supported normalized cost units; not measured hashrate
S1,S1,0,840000,stress,high,efficient,593750000,290698,0.04893570,3122277.90868800,1.00000000,70.0,3122277.90868800,2185594.53608160,0.58000000,0.00000027,3730583.77710480,revenue-supported normalized cost units; not measured hashrate
S1,S1,0,840000,stress,high,high_cost,593750000,290698,0.04893570,3122277.90868800,1.00000000,70.0,3122277.90868800,2185594.53608160,0.90000000,0.00000042,2404153.98968976,revenue-supported normalized cost units; not measured hashrate
S1,S1,0,840000,flat,low,reference,593750000,0,0.00000000,3120750.00000000,1.00000000,90.0,3120750.00000000,2808675.00000000,0.70000000,0.00000025,3972268.92857143,revenue-supported normalized cost units; not measured hashrate
S1,S1,0,840000,flat,low,efficient,593750000,0,0.00000000,3120750.00000000,1.00000000,90.0,3120750.00000000,2808675.00000000,0.58000000,0.00000021,4794117.67241379,revenue-supported normalized cost units; not measured hashrate
S1,S1,0,840000,flat,low,high_cost,593750000,0,0.00000000,3120750.00000000,1.00000000,90.0,3120750.00000000,2808675.00000000,0.90000000,0.00000032,3089542.50000000,revenue-supported normalized cost units; not measured hashrate
S1,S1,0,840000,flat,base,reference,593750000,10003,0.00168469,3120802.57576800,1.00000000,90.0,3120802.57576800,2808722.31819120,0.70000000,0.00000025,3972335.85001327,revenue-supported normalized cost units; not measured hashrate
S1,S1,0,840000,flat,base,efficient,593750000,10003,0.00168469,3120802.57576800,1.00000000,90.0,3120802.57576800,2808722.31819120,0.58000000,0.00000021,4794198.43967119,revenue-supported normalized cost units; not measured hashrate
S1,S1,0,840000,flat,base,high_cost,593750000,10003,0.00168469,3120802.57576800,1.00000000,90.0,3120802.57576800,2808722.31819120,0.90000000,0.00000032,3089594.55001032,revenue-supported normalized cost units; not measured hashrate
S1,S1,0,840000,flat,high,reference,593750000,290698,0.04893570,3122277.90868800,1.00000000,90.0,3122277.90868800,2810050.11781920,0.70000000,0.00000025,3974213.73805858,revenue-supported normalized cost units; not measured hashrate
S1,S1,0,840000,flat,high,efficient,593750000,290698,0.04893570,3122277.90868800,1.00000000,90.0,3122277.90868800,2810050.11781920,0.58000000,0.00000021,4796464.85627760,revenue-supported normalized cost units; not measured hashrate
S1,S1,0,840000,flat,high,high_cost,593750000,290698,0.04893570,3122277.90868800,1.00000000,90.0,3122277.90868800,2810050.11781920,0.90000000,0.00000032,3091055.12960112,revenue-supported normalized cost units; not measured hashrate
S1,S1,0,840000,growth,low,reference,593750000,0,0.00000000,3120750.00000000,1.00000000,80.0,3120750.00000000,2496600.00000000,0.70000000,0.00000028,3530905.71428571,revenue-supported normalized cost units; not measured hashrate
S1,S1,0,840000,growth,low,efficient,593750000,0,0.00000000,3120750.00000000,1.00000000,80.0,3120750.00000000,2496600.00000000,0.58000000,0.00000023,4261437.93103448,revenue-supported normalized cost units; not measured hashrate
S1,S1,0,840000,growth,low,high_cost,593750000,0,0.00000000,3120750.00000000,1.00000000,80.0,3120750.00000000,2496600.00000000,0.90000000,0.00000036,2746260.00000000,revenue-supported normalized cost units; not measured hashrate
S1,S1,0,840000,growth,base,reference,593750000,10003,0.00168469,3120802.57576800,1.00000000,80.0,3120802.57576800,2496642.06061440,0.70000000,0.00000028,3530965.20001179,revenue-supported normalized cost units; not measured hashrate
S1,S1,0,840000,growth,base,efficient,593750000,10003,0.00168469,3120802.57576800,1.00000000,80.0,3120802.57576800,2496642.06061440,0.58000000,0.00000023,4261509.72415217,revenue-supported normalized cost units; not measured hashrate
S1,S1,0,840000,growth,base,high_cost,593750000,10003,0.00168469,3120802.57576800,1.00000000,80.0,3120802.57576800,2496642.06061440,0.90000000,0.00000036,2746306.26667584,revenue-supported normalized cost units; not measured hashrate
S1,S1,0,840000,growth,high,reference,593750000,290698,0.04893570,3122277.90868800,1.00000000,80.0,3122277.90868800,2497822.32695040,0.70000000,0.00000028,3532634.43382985,revenue-supported normalized cost units; not measured hashrate
S1,S1,0,840000,growth,high,efficient,593750000,290698,0.04893570,3122277.90868800,1.00000000,80.0,3122277.90868800,2497822.32695040,0.58000000,0.00000023,4263524.31669120,revenue-supported normalized cost units; not measured hashrate
S1,S1,0,840000,growth,high,high_cost,593750000,290698,0.04893570,3122277.90868800,1.00000000,80.0,3122277.90868800,2497822.32695040,0.90000000,0.00000036,2747604.55964544,revenue-supported normalized cost units; not measured hashrate
S1,S1,1,1365600,stress,low,reference,535859375,0,0.00000000,2816476.87500000,0.95000000,70.0,2675653.03125000,1872957.12187500,0.70000000,0.00000036,2648896.50093750,revenue-supported normalized cost units; not measured hashrate
S1,S1,1,1365600,stress,low,efficient,535859375,0,0.00000000,2816476.87500000,0.95000000,70.0,2675653.03125000,1872957.12187500,0.58000000,0.00000030,3196944.05285560,revenue-supported normalized cost units; not measured hashrate
S1,S1,1,1365600,stress,low,high_cost,535859375,0,0.00000000,2816476.87500000,0.95000000,70.0,2675653.03125000,1872957.12187500,0.90000000,0.00000046,2060252.83406250,revenue-supported normalized cost units; not measured hashrate
S1,S1,1,1365600,stress,base,reference,535859375,10003,0.00186669,2816529.45076800,0.95000000,70.0,2675702.97822960,1872992.08476072,0.70000000,0.00000036,2648945.94844730,revenue-supported normalized cost units; not measured hashrate
S1,S1,1,1365600,stress,base,efficient,535859375,10003,0.00186669,2816529.45076800,0.95000000,70.0,2675702.97822960,1872992.08476072,0.58000000,0.00000030,3197003.73088468,revenue-supported normalized cost units; not measured hashrate
S1,S1,1,1365600,stress,base,high_cost,535859375,10003,0.00186669,2816529.45076800,0.95000000,70.0,2675702.97822960,1872992.08476072,0.90000000,0.00000046,2060291.29323679,revenue-supported normalized cost units; not measured hashrate
S1,S1,1,1365600,stress,high,reference,535859375,290698,0.05421952,2818004.78368800,0.95000000,70.0,2677104.54450360,1873973.18115252,0.70000000,0.00000036,2650333.49905856,revenue-supported normalized cost units; not measured hashrate
S1,S1,1,1365600,stress,high,efficient,535859375,290698,0.05421952,2818004.78368800,0.95000000,70.0,2677104.54450360,1873973.18115252,0.58000000,0.00000030,3198678.36093275,revenue-supported normalized cost units; not measured hashrate
S1,S1,1,1365600,stress,high,high_cost,535859375,290698,0.05421952,2818004.78368800,0.95000000,70.0,2677104.54450360,1873973.18115252,0.90000000,0.00000046,2061370.49926777,revenue-supported normalized cost units; not measured hashrate
S1,S1,1,1365600,flat,low,reference,535859375,0,0.00000000,2816476.87500000,1.00000000,90.0,2816476.87500000,2534829.18750000,0.70000000,0.00000028,3584972.70803571,revenue-supported normalized cost units; not measured hashrate
S1,S1,1,1365600,flat,low,efficient,535859375,0,0.00000000,2816476.87500000,1.00000000,90.0,2816476.87500000,2534829.18750000,0.58000000,0.00000023,4326691.19935345,revenue-supported normalized cost units; not measured hashrate
S1,S1,1,1365600,flat,low,high_cost,535859375,0,0.00000000,2816476.87500000,1.00000000,90.0,2816476.87500000,2534829.18750000,0.90000000,0.00000036,2788312.10625000,revenue-supported normalized cost units; not measured hashrate
S1,S1,1,1365600,flat,base,reference,535859375,10003,0.00186669,2816529.45076800,1.00000000,90.0,2816529.45076800,2534876.50569120,0.70000000,0.00000028,3585039.62947755,revenue-supported normalized cost units; not measured hashrate
S1,S1,1,1365600,flat,base,efficient,535859375,10003,0.00186669,2816529.45076800,1.00000000,90.0,2816529.45076800,2534876.50569120,0.58000000,0.00000023,4326771.96661084,revenue-supported normalized cost units; not measured hashrate
S1,S1,1,1365600,flat,base,high_cost,535859375,10003,0.00186669,2816529.45076800,1.00000000,90.0,2816529.45076800,2534876.50569120,0.90000000,0.00000036,2788364.15626032,revenue-supported normalized cost units; not measured hashrate
S1,S1,1,1365600,flat,high,reference,535859375,290698,0.05421952,2818004.78368800,1.00000000,90.0,2818004.78368800,2536204.30531920,0.70000000,0.00000028,3586917.51752287,revenue-supported normalized cost units; not measured hashrate
S1,S1,1,1365600,flat,high,efficient,535859375,290698,0.05421952,2818004.78368800,1.00000000,90.0,2818004.78368800,2536204.30531920,0.58000000,0.00000023,4329038.38321726,revenue-supported normalized cost units; not measured hashrate
S1,S1,1,1365600,flat,high,high_cost,535859375,290698,0.05421952,2818004.78368800,1.00000000,90.0,2818004.78368800,2536204.30531920,0.90000000,0.00000036,2789824.73585112,revenue-supported normalized cost units; not measured hashrate
S1,S1,1,1365600,growth,low,reference,535859375,0,0.00000000,2816476.87500000,1.03000000,80.0,2900971.18125000,2320776.94500000,0.70000000,0.00000031,3282241.67935714,revenue-supported normalized cost units; not measured hashrate
S1,S1,1,1365600,growth,low,efficient,535859375,0,0.00000000,2816476.87500000,1.03000000,80.0,2900971.18125000,2320776.94500000,0.58000000,0.00000026,3961326.16474138,revenue-supported normalized cost units; not measured hashrate
S1,S1,1,1365600,growth,low,high_cost,535859375,0,0.00000000,2816476.87500000,1.03000000,80.0,2900971.18125000,2320776.94500000,0.90000000,0.00000040,2552854.63950000,revenue-supported normalized cost units; not measured hashrate
S1,S1,1,1365600,growth,base,reference,535859375,10003,0.00186669,2816529.45076800,1.03000000,80.0,2901025.33429104,2320820.26743283,0.70000000,0.00000031,3282302.94965501,revenue-supported normalized cost units; not measured hashrate
S1,S1,1,1365600,growth,base,efficient,535859375,10003,0.00186669,2816529.45076800,1.03000000,80.0,2901025.33429104,2320820.26743283,0.58000000,0.00000026,3961400.11165259,revenue-supported normalized cost units; not measured hashrate
S1,S1,1,1365600,growth,base,high_cost,535859375,10003,0.00186669,2816529.45076800,1.03000000,80.0,2901025.33429104,2320820.26743283,0.90000000,0.00000040,2552902.29417612,revenue-supported normalized cost units; not measured hashrate
S1,S1,1,1365600,growth,high,reference,535859375,290698,0.05421952,2818004.78368800,1.03000000,80.0,2902544.92719864,2322035.94175891,0.70000000,0.00000031,3284022.26048760,revenue-supported normalized cost units; not measured hashrate
S1,S1,1,1365600,growth,high,efficient,535859375,290698,0.05421952,2818004.78368800,1.03000000,80.0,2902544.92719864,2322035.94175891,0.58000000,0.00000026,3963475.14196780,revenue-supported normalized cost units; not measured hashrate
S1,S1,1,1365600,growth,high,high_cost,535859375,290698,0.05421952,2818004.78368800,1.03000000,80.0,2902544.92719864,2322035.94175891,0.90000000,0.00000040,2554239.53593480,revenue-supported normalized cost units; not measured hashrate
S1,S1,2,1891200,stress,low,reference,459432430,0,0.00000000,2414776.85208000,0.90250000,70.0,2179336.10900220,1525535.27630154,0.70000000,0.00000042,2157542.74791218,revenue-supported normalized cost units; not measured hashrate
S1,S1,2,1891200,stress,low,efficient,459432430,0,0.00000000,2414776.85208000,0.90250000,70.0,2179336.10900220,1525535.27630154,0.58000000,0.00000035,2603930.90265263,revenue-supported normalized cost units; not measured hashrate
S1,S1,2,1891200,stress,low,high_cost,459432430,0,0.00000000,2414776.85208000,0.90250000,70.0,2179336.10900220,1525535.27630154,0.90000000,0.00000054,1678088.80393169,revenue-supported normalized cost units; not measured hashrate
S1,S1,2,1891200,stress,base,reference,459432430,10003,0.00217720,2414829.42784800,0.90250000,70.0,2179383.55863282,1525568.49104297,0.70000000,0.00000042,2157589.72304649,revenue-supported normalized cost units; not measured hashrate
S1,S1,2,1891200,stress,base,efficient,459432430,10003,0.00217720,2414829.42784800,0.90250000,70.0,2179383.55863282,1525568.49104297,0.58000000,0.00000035,2603987.59678025,revenue-supported normalized cost units; not measured hashrate
S1,S1,2,1891200,stress,base,high_cost,459432430,10003,0.00217720,2414829.42784800,0.90250000,70.0,2179383.55863282,1525568.49104297,0.90000000,0.00000054,1678125.34014727,revenue-supported normalized cost units; not measured hashrate
S1,S1,2,1891200,stress,high,reference,459432430,290698,0.06323328,2416304.76076800,0.90250000,70.0,2180715.04659312,1526500.53261518,0.70000000,0.00000042,2158907.89612719,revenue-supported normalized cost units; not measured hashrate
S1,S1,2,1891200,stress,high,efficient,459432430,290698,0.06323328,2416304.76076800,0.90250000,70.0,2180715.04659312,1526500.53261518,0.58000000,0.00000035,2605578.49532592,revenue-supported normalized cost units; not measured hashrate
S1,S1,2,1891200,stress,high,high_cost,459432430,290698,0.06323328,2416304.76076800,0.90250000,70.0,2180715.04659312,1526500.53261518,0.90000000,0.00000054,1679150.58587670,revenue-supported normalized cost units; not measured hashrate
S1,S1,2,1891200,flat,low,reference,459432430,0,0.00000000,2414776.85208000,1.00000000,90.0,2414776.85208000,2173299.16687200,0.70000000,0.00000033,3073665.96457611,revenue-supported normalized cost units; not measured hashrate
S1,S1,2,1891200,flat,low,efficient,459432430,0,0.00000000,2414776.85208000,1.00000000,90.0,2414776.85208000,2173299.16687200,0.58000000,0.00000027,3709596.85379876,revenue-supported normalized cost units; not measured hashrate
S1,S1,2,1891200,flat,low,high_cost,459432430,0,0.00000000,2414776.85208000,1.00000000,90.0,2414776.85208000,2173299.16687200,0.90000000,0.00000042,2390629.08355920,revenue-supported normalized cost units; not measured hashrate
S1,S1,2,1891200,flat,base,reference,459432430,10003,0.00217720,2414829.42784800,1.00000000,90.0,2414829.42784800,2173346.48506320,0.70000000,0.00000033,3073732.88601795,revenue-supported normalized cost units; not measured hashrate
S1,S1,2,1891200,flat,base,efficient,459432430,10003,0.00217720,2414829.42784800,1.00000000,90.0,2414829.42784800,2173346.48506320,0.58000000,0.00000027,3709677.62105615,revenue-supported normalized cost units; not measured hashrate
S1,S1,2,1891200,flat,base,high_cost,459432430,10003,0.00217720,2414829.42784800,1.00000000,90.0,2414829.42784800,2173346.48506320,0.90000000,0.00000042,2390681.13356952,revenue-supported normalized cost units; not measured hashrate
S1,S1,2,1891200,flat,high,reference,459432430,290698,0.06323328,2416304.76076800,1.00000000,90.0,2416304.76076800,2174674.28469120,0.70000000,0.00000033,3075610.77406327,revenue-supported normalized cost units; not measured hashrate
S1,S1,2,1891200,flat,high,efficient,459432430,290698,0.06323328,2416304.76076800,1.00000000,90.0,2416304.76076800,2174674.28469120,0.58000000,0.00000027,3711944.03766257,revenue-supported normalized cost units; not measured hashrate
S1,S1,2,1891200,flat,high,high_cost,459432430,290698,0.06323328,2416304.76076800,1.00000000,90.0,2416304.76076800,2174674.28469120,0.90000000,0.00000042,2392141.71316032,revenue-supported normalized cost units; not measured hashrate
S1,S1,2,1891200,growth,low,reference,459432430,0,0.00000000,2414776.85208000,1.06090000,80.0,2561836.76237167,2049469.40989734,0.70000000,0.00000037,2898535.30828338,revenue-supported normalized cost units; not measured hashrate
S1,S1,2,1891200,growth,low,efficient,459432430,0,0.00000000,2414776.85208000,1.06090000,80.0,2561836.76237167,2049469.40989734,0.58000000,0.00000030,3498232.26861787,revenue-supported normalized cost units; not measured hashrate
S1,S1,2,1891200,growth,low,high_cost,459432430,0,0.00000000,2414776.85208000,1.06090000,80.0,2561836.76237167,2049469.40989734,0.90000000,0.00000047,2254416.35088707,revenue-supported normalized cost units; not measured hashrate
S1,S1,2,1891200,growth,base,reference,459432430,10003,0.00217720,2414829.42784800,1.06090000,80.0,2561892.54000394,2049514.03200315,0.70000000,0.00000037,2898598.41669018,revenue-supported normalized cost units; not measured hashrate
S1,S1,2,1891200,growth,base,efficient,459432430,10003,0.00217720,2414829.42784800,1.06090000,80.0,2561892.54000394,2049514.03200315,0.58000000,0.00000030,3498308.43393642,revenue-supported normalized cost units; not measured hashrate
S1,S1,2,1891200,growth,base,high_cost,459432430,10003,0.00217720,2414829.42784800,1.06090000,80.0,2561892.54000394,2049514.03200315,0.90000000,0.00000047,2254465.43520347,revenue-supported normalized cost units; not measured hashrate
S1,S1,2,1891200,growth,high,reference,459432430,290698,0.06323328,2416304.76076800,1.06090000,80.0,2563457.72069877,2050766.17655902,0.70000000,0.00000037,2900369.30684775,revenue-supported normalized cost units; not measured hashrate
S1,S1,2,1891200,growth,high,efficient,459432430,290698,0.06323328,2416304.76076800,1.06090000,80.0,2563457.72069877,2050766.17655902,0.58000000,0.00000030,3500445.71516108,revenue-supported normalized cost units; not measured hashrate
S1,S1,2,1891200,growth,high,high_cost,459432430,290698,0.06323328,2416304.76076800,1.06090000,80.0,2563457.72069877,2050766.17655902,0.90000000,0.00000047,2255842.79421492,revenue-supported normalized cost units; not measured hashrate
S1,S1,5,3468000,stress,low,reference,320838798,0,0.00000000,1686328.72228800,0.77378094,70.0,1304849.01966519,913394.31376563,0.70000000,0.00000060,1291800.52946853,revenue-supported normalized cost units; not measured hashrate
S1,S1,5,3468000,stress,low,efficient,320838798,0,0.00000000,1686328.72228800,0.77378094,70.0,1304849.01966519,913394.31376563,0.58000000,0.00000050,1559069.60453099,revenue-supported normalized cost units; not measured hashrate
S1,S1,5,3468000,stress,low,high_cost,320838798,0,0.00000000,1686328.72228800,0.77378094,70.0,1304849.01966519,913394.31376563,0.90000000,0.00000077,1004733.74514219,revenue-supported normalized cost units; not measured hashrate
S1,S1,5,3468000,stress,base,reference,320838798,10003,0.00311767,1686381.29805600,0.77378094,70.0,1304889.70179224,913422.79125457,0.70000000,0.00000060,1291840.80477432,revenue-supported normalized cost units; not measured hashrate
S1,S1,5,3468000,stress,base,efficient,320838798,10003,0.00311767,1686381.29805600,0.77378094,70.0,1304889.70179224,913422.79125457,0.58000000,0.00000050,1559118.21265866,revenue-supported normalized cost units; not measured hashrate
S1,S1,5,3468000,stress,base,high_cost,320838798,10003,0.00311767,1686381.29805600,0.77378094,70.0,1304889.70179224,913422.79125457,0.90000000,0.00000077,1004765.07038002,revenue-supported normalized cost units; not measured hashrate
S1,S1,5,3468000,stress,high,reference,320838798,290698,0.09052361,1687856.63097600,0.77378094,70.0,1306031.28628220,914221.90039754,0.70000000,0.00000060,1292970.97341938,revenue-supported normalized cost units; not measured hashrate
S1,S1,5,3468000,stress,high,efficient,320838798,290698,0.09052361,1687856.63097600,0.77378094,70.0,1306031.28628220,914221.90039754,0.58000000,0.00000050,1560482.20929925,revenue-supported normalized cost units; not measured hashrate
S1,S1,5,3468000,stress,high,high_cost,320838798,290698,0.09052361,1687856.63097600,0.77378094,70.0,1306031.28628220,914221.90039754,0.90000000,0.00000077,1005644.09043729,revenue-supported normalized cost units; not measured hashrate
S1,S1,5,3468000,flat,low,reference,320838798,0,0.00000000,1686328.72228800,1.00000000,90.0,1686328.72228800,1517695.85005920,0.70000000,0.00000047,2146455.55936944,revenue-supported normalized cost units; not measured hashrate
S1,S1,5,3468000,flat,low,efficient,320838798,0,0.00000000,1686328.72228800,1.00000000,90.0,1686328.72228800,1517695.85005920,0.58000000,0.00000039,2590549.81303208,revenue-supported normalized cost units; not measured hashrate
S1,S1,5,3468000,flat,low,high_cost,320838798,0,0.00000000,1686328.72228800,1.00000000,90.0,1686328.72228800,1517695.85005920,0.90000000,0.00000060,1669465.43506512,revenue-supported normalized cost units; not measured hashrate
S1,S1,5,3468000,flat,base,reference,320838798,10003,0.00311767,1686381.29805600,1.00000000,90.0,1686381.29805600,1517743.16825040,0.70000000,0.00000047,2146522.48081128,revenue-supported normalized cost units; not measured hashrate
S1,S1,5,3468000,flat,base,efficient,320838798,10003,0.00311767,1686381.29805600,1.00000000,90.0,1686381.29805600,1517743.16825040,0.58000000,0.00000039,2590630.58028948,revenue-supported normalized cost units; not measured hashrate
S1,S1,5,3468000,flat,base,high_cost,320838798,10003,0.00311767,1686381.29805600,1.00000000,90.0,1686381.29805600,1517743.16825040,0.90000000,0.00000060,1669517.48507544,revenue-supported normalized cost units; not measured hashrate
S1,S1,5,3468000,flat,high,reference,320838798,290698,0.09052361,1687856.63097600,1.00000000,90.0,1687856.63097600,1519070.96787840,0.70000000,0.00000047,2148400.36885659,revenue-supported normalized cost units; not measured hashrate
S1,S1,5,3468000,flat,high,efficient,320838798,290698,0.09052361,1687856.63097600,1.00000000,90.0,1687856.63097600,1519070.96787840,0.58000000,0.00000039,2592896.99689589,revenue-supported normalized cost units; not measured hashrate
S1,S1,5,3468000,flat,high,high_cost,320838798,290698,0.09052361,1687856.63097600,1.00000000,90.0,1687856.63097600,1519070.96787840,0.90000000,0.00000060,1670978.06466624,revenue-supported normalized cost units; not measured hashrate
S1,S1,5,3468000,growth,low,reference,320838798,0,0.00000000,1686328.72228800,1.15927407,80.0,1954917.16849592,1563933.73479674,0.70000000,0.00000052,2211849.13921253,revenue-supported normalized cost units; not measured hashrate
S1,S1,5,3468000,growth,low,efficient,320838798,0,0.00000000,1686328.72228800,1.15927407,80.0,1954917.16849592,1563933.73479674,0.58000000,0.00000043,2669473.09904961,revenue-supported normalized cost units; not measured hashrate
S1,S1,5,3468000,growth,low,high_cost,320838798,0,0.00000000,1686328.72228800,1.15927407,80.0,1954917.16849592,1563933.73479674,0.90000000,0.00000067,1720327.10827641,revenue-supported normalized cost units; not measured hashrate
S1,S1,5,3468000,growth,base,reference,320838798,10003,0.00311767,1686381.29805600,1.15927407,80.0,1954978.11822070,1563982.49457656,0.70000000,0.00000052,2211918.09947257,revenue-supported normalized cost units; not measured hashrate
S1,S1,5,3468000,growth,base,efficient,320838798,10003,0.00311767,1686381.29805600,1.15927407,80.0,1954978.11822070,1563982.49457656,0.58000000,0.00000043,2669556.32694965,revenue-supported normalized cost units; not measured hashrate
S1,S1,5,3468000,growth,base,high_cost,320838798,10003,0.00311767,1686381.29805600,1.15927407,80.0,1954978.11822070,1563982.49457656,0.90000000,0.00000067,1720380.74403422,revenue-supported normalized cost units; not measured hashrate
S1,S1,5,3468000,growth,high,reference,320838798,290698,0.09052361,1687856.63097600,1.15927407,80.0,1956688.43342582,1565350.74674066,0.70000000,0.00000052,2213853.19896178,revenue-supported normalized cost units; not measured hashrate
S1,S1,5,3468000,growth,high,efficient,320838798,290698,0.09052361,1687856.63097600,1.15927407,80.0,1956688.43342582,1565350.74674066,0.58000000,0.00000043,2671891.79185043,revenue-supported normalized cost units; not measured hashrate
S1,S1,5,3468000,growth,high,high_cost,320838798,290698,0.09052361,1687856.63097600,1.15927407,80.0,1956688.43342582,1565350.74674066,0.90000000,0.00000067,1721885.82141472,revenue-supported normalized cost units; not measured hashrate
S1,S1,10,6096000,stress,low,reference,164700054,0,0.00000000,865663.48382400,0.59873694,70.0,518304.70471521,362813.29330065,0.70000000,0.00000117,513121.65766806,revenue-supported normalized cost units; not measured hashrate
S1,S1,10,6096000,stress,low,efficient,164700054,0,0.00000000,865663.48382400,0.59873694,70.0,518304.70471521,362813.29330065,0.58000000,0.00000097,619284.75925456,revenue-supported normalized cost units; not measured hashrate
S1,S1,10,6096000,stress,low,high_cost,164700054,0,0.00000000,865663.48382400,0.59873694,70.0,518304.70471521,362813.29330065,0.90000000,0.00000150,399094.62263071,revenue-supported normalized cost units; not measured hashrate
S1,S1,10,6096000,stress,base,reference,164700054,10003,0.00607310,865716.05959200,0.59873694,70.0,518336.18376962,362835.32863874,0.70000000,0.00000117,513152.82193193,revenue-supported normalized cost units; not measured hashrate
S1,S1,10,6096000,stress,base,efficient,164700054,10003,0.00607310,865716.05959200,0.59873694,70.0,518336.18376962,362835.32863874,0.58000000,0.00000097,619322.37129715,revenue-supported normalized cost units; not measured hashrate
S1,S1,10,6096000,stress,base,high_cost,164700054,10003,0.00607310,865716.05959200,0.59873694,70.0,518336.18376962,362835.32863874,0.90000000,0.00000150,399118.86150261,revenue-supported normalized cost units; not measured hashrate
S1,S1,10,6096000,stress,high,reference,164700054,290698,0.17619048,867191.39251200,0.59873694,70.0,519219.52008650,363453.66406055,0.70000000,0.00000116,514027.32488564,revenue-supported normalized cost units; not measured hashrate
S1,S1,10,6096000,stress,high,efficient,164700054,290698,0.17619048,867191.39251200,0.59873694,70.0,519219.52008650,363453.66406055,0.58000000,0.00000097,620377.80589646,revenue-supported normalized cost units; not measured hashrate
S1,S1,10,6096000,stress,high,high_cost,164700054,290698,0.17619048,867191.39251200,0.59873694,70.0,519219.52008650,363453.66406055,0.90000000,0.00000150,399799.03046661,revenue-supported normalized cost units; not measured hashrate
S1,S1,10,6096000,flat,low,reference,164700054,0,0.00000000,865663.48382400,1.00000000,90.0,865663.48382400,779097.13544160,0.70000000,0.00000091,1101865.94869598,revenue-supported normalized cost units; not measured hashrate
S1,S1,10,6096000,flat,low,efficient,164700054,0,0.00000000,865663.48382400,1.00000000,90.0,865663.48382400,779097.13544160,0.58000000,0.00000075,1329838.21394342,revenue-supported normalized cost units; not measured hashrate
S1,S1,10,6096000,flat,low,high_cost,164700054,0,0.00000000,865663.48382400,1.00000000,90.0,865663.48382400,779097.13544160,0.90000000,0.00000117,857006.84898576,revenue-supported normalized cost units; not measured hashrate
S1,S1,10,6096000,flat,base,reference,164700054,10003,0.00607310,865716.05959200,1.00000000,90.0,865716.05959200,779144.45363280,0.70000000,0.00000091,1101932.87013782,revenue-supported normalized cost units; not measured hashrate
S1,S1,10,6096000,flat,base,efficient,164700054,10003,0.00607310,865716.05959200,1.00000000,90.0,865716.05959200,779144.45363280,0.58000000,0.00000075,1329918.98120081,revenue-supported normalized cost units; not measured hashrate
S1,S1,10,6096000,flat,base,high_cost,164700054,10003,0.00607310,865716.05959200,1.00000000,90.0,865716.05959200,779144.45363280,0.90000000,0.00000117,857058.89899608,revenue-supported normalized cost units; not measured hashrate
S1,S1,10,6096000,flat,high,reference,164700054,290698,0.17619048,867191.39251200,1.00000000,90.0,867191.39251200,780472.25326080,0.70000000,0.00000091,1103810.75818313,revenue-supported normalized cost units; not measured hashrate
S1,S1,10,6096000,flat,high,efficient,164700054,290698,0.17619048,867191.39251200,1.00000000,90.0,867191.39251200,780472.25326080,0.58000000,0.00000075,1332185.39780723,revenue-supported normalized cost units; not measured hashrate
S1,S1,10,6096000,flat,high,high_cost,164700054,290698,0.17619048,867191.39251200,1.00000000,90.0,867191.39251200,780472.25326080,0.90000000,0.00000116,858519.47858688,revenue-supported normalized cost units; not measured hashrate
S1,S1,10,6096000,growth,low,reference,164700054,0,0.00000000,865663.48382400,1.34391638,80.0,1163379.33491117,930703.46792894,0.70000000,0.00000102,1316280.61892807,revenue-supported normalized cost units; not measured hashrate
S1,S1,10,6096000,growth,low,efficient,164700054,0,0.00000000,865663.48382400,1.34391638,80.0,1163379.33491117,930703.46792894,0.58000000,0.00000085,1588614.54008560,revenue-supported normalized cost units; not measured hashrate
S1,S1,10,6096000,growth,low,high_cost,164700054,0,0.00000000,865663.48382400,1.34391638,80.0,1163379.33491117,930703.46792894,0.90000000,0.00000131,1023773.81472183,revenue-supported normalized cost units; not measured hashrate
S1,S1,10,6096000,growth,base,reference,164700054,10003,0.00607310,865716.05959200,1.34391638,80.0,1163449.99234694,930759.99387755,0.70000000,0.00000102,1316360.56276968,revenue-supported normalized cost units; not measured hashrate
S1,S1,10,6096000,growth,base,efficient,164700054,10003,0.00607310,865716.05959200,1.34391638,80.0,1163449.99234694,930759.99387755,0.58000000,0.00000085,1588711.02403237,revenue-supported normalized cost units; not measured hashrate
S1,S1,10,6096000,growth,base,high_cost,164700054,10003,0.00607310,865716.05959200,1.34391638,80.0,1163449.99234694,930759.99387755,0.90000000,0.00000131,1023835.99326531,revenue-supported normalized cost units; not measured hashrate
S1,S1,10,6096000,growth,high,reference,164700054,290698,0.17619048,867191.39251200,1.34391638,80.0,1165432.71642311,932346.17313849,0.70000000,0.00000102,1318603.87343872,revenue-supported normalized cost units; not measured hashrate
S1,S1,10,6096000,growth,high,efficient,164700054,290698,0.17619048,867191.39251200,1.34391638,80.0,1165432.71642311,932346.17313849,0.58000000,0.00000084,1591418.46794329,revenue-supported normalized cost units; not measured hashrate
S1,S1,10,6096000,growth,high,high_cost,164700054,290698,0.17619048,867191.39251200,1.34391638,80.0,1165432.71642311,932346.17313849,0.90000000,0.00000131,1025580.79045234,revenue-supported normalized cost units; not measured hashrate
S1,S1,25,13980000,stress,low,reference,24686925,0,0.00000000,129754.47780000,0.27738957,70.0,35992.53920759,25194.77744531,0.70000000,0.00000778,35632.61381551,revenue-supported normalized cost units; not measured hashrate
S1,S1,25,13980000,stress,low,efficient,24686925,0,0.00000000,129754.47780000,0.27738957,70.0,35992.53920759,25194.77744531,0.58000000,0.00000645,43004.87874286,revenue-supported normalized cost units; not measured hashrate
S1,S1,25,13980000,stress,low,high_cost,24686925,0,0.00000000,129754.47780000,0.27738957,70.0,35992.53920759,25194.77744531,0.90000000,0.00001001,27714.25518984,revenue-supported normalized cost units; not measured hashrate
S1,S1,25,13980000,stress,base,reference,24686925,10003,0.04050301,129807.05356800,0.27738957,70.0,36007.12317743,25204.98622420,0.70000000,0.00000778,35647.05194566,revenue-supported normalized cost units; not measured hashrate
S1,S1,25,13980000,stress,base,efficient,24686925,10003,0.04050301,129807.05356800,0.27738957,70.0,36007.12317743,25204.98622420,0.58000000,0.00000645,43022.30407234,revenue-supported normalized cost units; not measured hashrate
S1,S1,25,13980000,stress,base,high_cost,24686925,10003,0.04050301,129807.05356800,0.27738957,70.0,36007.12317743,25204.98622420,0.90000000,0.00001000,27725.48484662,revenue-supported normalized cost units; not measured hashrate
S1,S1,25,13980000,stress,high,reference,24686925,290698,1.16383372,131282.38648800,0.27738957,70.0,36416.36514632,25491.45560243,0.70000000,0.00000769,36052.20149486,revenue-supported normalized cost units; not measured hashrate
S1,S1,25,13980000,stress,high,efficient,24686925,290698,1.16383372,131282.38648800,0.27738957,70.0,36416.36514632,25491.45560243,0.58000000,0.00000638,43511.27766621,revenue-supported normalized cost units; not measured hashrate
S1,S1,25,13980000,stress,high,high_cost,24686925,290698,1.16383372,131282.38648800,0.27738957,70.0,36416.36514632,25491.45560243,0.90000000,0.00000989,28040.60116267,revenue-supported normalized cost units; not measured hashrate
S1,S1,25,13980000,flat,low,reference,24686925,0,0.00000000,129754.47780000,1.00000000,90.0,129754.47780000,116779.03002000,0.70000000,0.00000605,165158.91388543,revenue-supported normalized cost units; not measured hashrate
S1,S1,25,13980000,flat,low,efficient,24686925,0,0.00000000,129754.47780000,1.00000000,90.0,129754.47780000,116779.03002000,0.58000000,0.00000502,199329.72365483,revenue-supported normalized cost units; not measured hashrate
S1,S1,25,13980000,flat,low,high_cost,24686925,0,0.00000000,129754.47780000,1.00000000,90.0,129754.47780000,116779.03002000,0.90000000,0.00000778,128456.93302200,revenue-supported normalized cost units; not measured hashrate
S1,S1,25,13980000,flat,base,reference,24686925,10003,0.04050301,129807.05356800,1.00000000,90.0,129807.05356800,116826.34821120,0.70000000,0.00000605,165225.83532727,revenue-supported normalized cost units; not measured hashrate
S1,S1,25,13980000,flat,base,efficient,24686925,10003,0.04050301,129807.05356800,1.00000000,90.0,129807.05356800,116826.34821120,0.58000000,0.00000501,199410.49091222,revenue-supported normalized cost units; not measured hashrate
S1,S1,25,13980000,flat,base,high_cost,24686925,10003,0.04050301,129807.05356800,1.00000000,90.0,129807.05356800,116826.34821120,0.90000000,0.00000778,128508.98303232,revenue-supported normalized cost units; not measured hashrate
S1,S1,25,13980000,flat,high,reference,24686925,290698,1.16383372,131282.38648800,1.00000000,90.0,131282.38648800,118154.14783920,0.70000000,0.00000598,167103.72337258,revenue-supported normalized cost units; not measured hashrate
S1,S1,25,13980000,flat,high,efficient,24686925,290698,1.16383372,131282.38648800,1.00000000,90.0,131282.38648800,118154.14783920,0.58000000,0.00000496,201676.90751863,revenue-supported normalized cost units; not measured hashrate
S1,S1,25,13980000,flat,high,high_cost,24686925,290698,1.16383372,131282.38648800,1.00000000,90.0,131282.38648800,118154.14783920,0.90000000,0.00000769,129969.56262312,revenue-supported normalized cost units; not measured hashrate
S1,S1,25,13980000,growth,low,reference,24686925,0,0.00000000,129754.47780000,2.09377793,80.0,271677.06189145,217341.64951316,0.70000000,0.00000681,307383.19002575,revenue-supported normalized cost units; not measured hashrate
S1,S1,25,13980000,growth,low,efficient,24686925,0,0.00000000,129754.47780000,2.09377793,80.0,271677.06189145,217341.64951316,0.58000000,0.00000564,370979.71210005,revenue-supported normalized cost units; not measured hashrate
S1,S1,25,13980000,growth,low,high_cost,24686925,0,0.00000000,129754.47780000,2.09377793,80.0,271677.06189145,217341.64951316,0.90000000,0.00000876,239075.81446447,revenue-supported normalized cost units; not measured hashrate
S1,S1,25,13980000,growth,base,reference,24686925,10003,0.04050301,129807.05356800,2.09377793,80.0,271787.14387412,217429.71509930,0.70000000,0.00000681,307507.73992615,revenue-supported normalized cost units; not measured hashrate
S1,S1,25,13980000,growth,base,efficient,24686925,10003,0.04050301,129807.05356800,2.09377793,80.0,271787.14387412,217429.71509930,0.58000000,0.00000564,371130.03094535,revenue-supported normalized cost units; not measured hashrate
S1,S1,25,13980000,growth,base,high_cost,24686925,10003,0.04050301,129807.05356800,2.09377793,80.0,271787.14387412,217429.71509930,0.90000000,0.00000875,239172.68660923,revenue-supported normalized cost units; not measured hashrate
S1,S1,25,13980000,growth,high,reference,24686925,290698,1.16383372,131282.38648800,2.09377793,80.0,274876.16338091,219900.93070473,0.70000000,0.00000673,311002.74485383,revenue-supported normalized cost units; not measured hashrate
S1,S1,25,13980000,growth,high,efficient,24686925,290698,1.16383372,131282.38648800,2.09377793,80.0,274876.16338091,219900.93070473,0.58000000,0.00000558,375348.14034083,revenue-supported normalized cost units; not measured hashrate
S1,S1,25,13980000,growth,high,high_cost,24686925,290698,1.16383372,131282.38648800,2.09377793,80.0,274876.16338091,219900.93070473,0.90000000,0.00000866,241891.02377520,revenue-supported normalized cost units; not measured hashrate
S1,S1,50,27120000,stress,low,reference,975101,0,0.00000000,5125.13085600,0.07694498,70.0,394.35306700,276.04714690,0.70000000,0.00019709,390.40953633,revenue-supported normalized cost units; not measured hashrate
S1,S1,50,27120000,stress,low,efficient,975101,0,0.00000000,5125.13085600,0.07694498,70.0,394.35306700,276.04714690,0.58000000,0.00016330,471.18392316,revenue-supported normalized cost units; not measured hashrate
S1,S1,50,27120000,stress,low,high_cost,975101,0,0.00000000,5125.13085600,0.07694498,70.0,394.35306700,276.04714690,0.90000000,0.00025340,303.65186159,revenue-supported normalized cost units; not measured hashrate
S1,S1,50,27120000,stress,base,reference,975101,10003,1.01542578,5177.70662400,0.07694498,70.0,398.39850817,278.87895572,0.70000000,0.00019509,394.41452309,revenue-supported normalized cost units; not measured hashrate
S1,S1,50,27120000,stress,base,efficient,975101,10003,1.01542578,5177.70662400,0.07694498,70.0,398.39850817,278.87895572,0.58000000,0.00016164,476.01752787,revenue-supported normalized cost units; not measured hashrate
S1,S1,50,27120000,stress,base,high_cost,975101,10003,1.01542578,5177.70662400,0.07694498,70.0,398.39850817,278.87895572,0.90000000,0.00025083,306.76685129,revenue-supported normalized cost units; not measured hashrate
S1,S1,50,27120000,stress,high,reference,975101,290698,22.96557352,6653.03954400,0.07694498,70.0,511.91796323,358.34257426,0.70000000,0.00015183,506.79878360,revenue-supported normalized cost units; not measured hashrate
S1,S1,50,27120000,stress,high,efficient,975101,290698,22.96557352,6653.03954400,0.07694498,70.0,511.91796323,358.34257426,0.58000000,0.00012580,611.65370434,revenue-supported normalized cost units; not measured hashrate
S1,S1,50,27120000,stress,high,high_cost,975101,290698,22.96557352,6653.03954400,0.07694498,70.0,511.91796323,358.34257426,0.90000000,0.00019520,394.17683169,revenue-supported normalized cost units; not measured hashrate
S1,S1,50,27120000,flat,low,reference,975101,0,0.00000000,5125.13085600,1.00000000,90.0,5125.13085600,4612.61777040,0.70000000,0.00015329,6523.55941814,revenue-supported normalized cost units; not measured hashrate
S1,S1,50,27120000,flat,low,efficient,975101,0,0.00000000,5125.13085600,1.00000000,90.0,5125.13085600,4612.61777040,0.58000000,0.00012701,7873.26136672,revenue-supported normalized cost units; not measured hashrate
S1,S1,50,27120000,flat,low,high_cost,975101,0,0.00000000,5125.13085600,1.00000000,90.0,5125.13085600,4612.61777040,0.90000000,0.00019709,5073.87954744,revenue-supported normalized cost units; not measured hashrate
S1,S1,50,27120000,flat,base,reference,975101,10003,1.01542578,5177.70662400,1.00000000,90.0,5177.70662400,4659.93596160,0.70000000,0.00015173,6590.48085998,revenue-supported normalized cost units; not measured hashrate
S1,S1,50,27120000,flat,base,efficient,975101,10003,1.01542578,5177.70662400,1.00000000,90.0,5177.70662400,4659.93596160,0.58000000,0.00012572,7954.02862411,revenue-supported normalized cost units; not measured hashrate
S1,S1,50,27120000,flat,base,high_cost,975101,10003,1.01542578,5177.70662400,1.00000000,90.0,5177.70662400,4659.93596160,0.90000000,0.00019509,5125.92955776,revenue-supported normalized cost units; not measured hashrate
S1,S1,50,27120000,flat,high,reference,975101,290698,22.96557352,6653.03954400,1.00000000,90.0,6653.03954400,5987.73558960,0.70000000,0.00011809,8468.36890529,revenue-supported normalized cost units; not measured hashrate
S1,S1,50,27120000,flat,high,efficient,975101,290698,22.96557352,6653.03954400,1.00000000,90.0,6653.03954400,5987.73558960,0.58000000,0.00009784,10220.44523052,revenue-supported normalized cost units; not measured hashrate
S1,S1,50,27120000,flat,high,high_cost,975101,290698,22.96557352,6653.03954400,1.00000000,90.0,6653.03954400,5987.73558960,0.90000000,0.00015183,6586.50914856,revenue-supported normalized cost units; not measured hashrate
S1,S1,50,27120000,growth,low,reference,975101,0,0.00000000,5125.13085600,4.38390602,80.0,22468.09200628,17974.47360502,0.70000000,0.00017245,25421.04124139,revenue-supported normalized cost units; not measured hashrate
S1,S1,50,27120000,growth,low,efficient,975101,0,0.00000000,5125.13085600,4.38390602,80.0,22468.09200628,17974.47360502,0.58000000,0.00014289,30680.56701547,revenue-supported normalized cost units; not measured hashrate
S1,S1,50,27120000,growth,low,high_cost,975101,0,0.00000000,5125.13085600,4.38390602,80.0,22468.09200628,17974.47360502,0.90000000,0.00022172,19771.92096553,revenue-supported normalized cost units; not measured hashrate
S1,S1,50,27120000,growth,base,reference,975101,10003,1.01542578,5177.70662400,4.38390602,80.0,22698.57923205,18158.86338564,0.70000000,0.00017070,25681.82107398,revenue-supported normalized cost units; not measured hashrate
S1,S1,50,27120000,growth,base,efficient,975101,10003,1.01542578,5177.70662400,4.38390602,80.0,22698.57923205,18158.86338564,0.58000000,0.00014144,30995.30129618,revenue-supported normalized cost units; not measured hashrate
S1,S1,50,27120000,growth,base,high_cost,975101,10003,1.01542578,5177.70662400,4.38390602,80.0,22698.57923205,18158.86338564,0.90000000,0.00021947,19974.74972421,revenue-supported normalized cost units; not measured hashrate
S1,S1,50,27120000,growth,high,reference,975101,290698,22.96557352,6653.03954400,4.38390602,80.0,29166.30009964,23333.04007971,0.70000000,0.00013285,32999.58525559,revenue-supported normalized cost units; not measured hashrate
S1,S1,50,27120000,growth,high,efficient,975101,290698,22.96557352,6653.03954400,4.38390602,80.0,29166.30009964,23333.04007971,0.58000000,0.00011007,39827.08565330,revenue-supported normalized cost units; not measured hashrate
S1,S1,50,27120000,growth,high,high_cost,975101,290698,22.96557352,6653.03954400,4.38390602,80.0,29166.30009964,23333.04007971,0.90000000,0.00017080,25666.34408768,revenue-supported normalized cost units; not measured hashrate
S1,S1,100,53400000,stress,low,reference,1592,0,0.00000000,8.36755200,0.00592053,70.0,0.04954034,0.03467824,0.70000000,0.12071643,0.04904493,revenue-supported normalized cost units; not measured hashrate
S1,S1,100,53400000,stress,low,efficient,1592,0,0.00000000,8.36755200,0.00592053,70.0,0.04954034,0.03467824,0.58000000,0.10002219,0.05919216,revenue-supported normalized cost units; not measured hashrate
S1,S1,100,53400000,stress,low,high_cost,1592,0,0.00000000,8.36755200,0.00592053,70.0,0.04954034,0.03467824,0.90000000,0.15520684,0.03814606,revenue-supported normalized cost units; not measured hashrate
S1,S1,100,53400000,stress,base,reference,1592,10003,86.26994394,60.94332000,0.00592053,70.0,0.36081671,0.25257169,0.70000000,0.01657443,0.35720854,revenue-supported normalized cost units; not measured hashrate
S1,S1,100,53400000,stress,base,efficient,1592,10003,86.26994394,60.94332000,0.00592053,70.0,0.36081671,0.25257169,0.58000000,0.01373310,0.43111375,revenue-supported normalized cost units; not measured hashrate
S1,S1,100,53400000,stress,base,high_cost,1592,10003,86.26994394,60.94332000,0.00592053,70.0,0.36081671,0.25257169,0.90000000,0.02130999,0.27782886,revenue-supported normalized cost units; not measured hashrate
S1,S1,100,53400000,stress,high,reference,1592,290698,99.45533545,1536.27624000,0.00592053,70.0,9.09556837,6.36689786,0.70000000,0.00065750,9.00461269,revenue-supported normalized cost units; not measured hashrate
S1,S1,100,53400000,stress,high,efficient,1592,290698,99.45533545,1536.27624000,0.00592053,70.0,9.09556837,6.36689786,0.58000000,0.00054479,10.86763600,revenue-supported normalized cost units; not measured hashrate
S1,S1,100,53400000,stress,high,high_cost,1592,290698,99.45533545,1536.27624000,0.00592053,70.0,9.09556837,6.36689786,0.90000000,0.00084536,7.00358764,revenue-supported normalized cost units; not measured hashrate
S1,S1,100,53400000,flat,low,reference,1592,0,0.00000000,8.36755200,1.00000000,90.0,8.36755200,7.53079680,0.70000000,0.09389056,10.65069833,revenue-supported normalized cost units; not measured hashrate
S1,S1,100,53400000,flat,low,efficient,1592,0,0.00000000,8.36755200,1.00000000,90.0,8.36755200,7.53079680,0.58000000,0.07779503,12.85429109,revenue-supported normalized cost units; not measured hashrate
S1,S1,100,53400000,flat,low,high_cost,1592,0,0.00000000,8.36755200,1.00000000,90.0,8.36755200,7.53079680,0.90000000,0.12071643,8.28387648,revenue-supported normalized cost units; not measured hashrate
S1,S1,100,53400000,flat,base,reference,1592,10003,86.26994394,60.94332000,1.00000000,90.0,60.94332000,54.84898800,0.70000000,0.01289123,77.57214017,revenue-supported normalized cost units; not measured hashrate
S1,S1,100,53400000,flat,base,efficient,1592,10003,86.26994394,60.94332000,1.00000000,90.0,60.94332000,54.84898800,0.58000000,0.01068130,93.62154848,revenue-supported normalized cost units; not measured hashrate
S1,S1,100,53400000,flat,base,high_cost,1592,10003,86.26994394,60.94332000,1.00000000,90.0,60.94332000,54.84898800,0.90000000,0.01657443,60.33388680,revenue-supported normalized cost units; not measured hashrate
S1,S1,100,53400000,flat,high,reference,1592,290698,99.45533545,1536.27624000,1.00000000,90.0,1536.27624000,1382.64861600,0.70000000,0.00051139,1955.46018549,revenue-supported normalized cost units; not measured hashrate
S1,S1,100,53400000,flat,high,efficient,1592,290698,99.45533545,1536.27624000,1.00000000,90.0,1536.27624000,1382.64861600,0.58000000,0.00042372,2360.03815490,revenue-supported normalized cost units; not measured hashrate
S1,S1,100,53400000,flat,high,high_cost,1592,290698,99.45533545,1536.27624000,1.00000000,90.0,1536.27624000,1382.64861600,0.90000000,0.00065750,1520.91347760,revenue-supported normalized cost units; not measured hashrate
S1,S1,100,53400000,growth,low,reference,1592,0,0.00000000,8.36755200,19.21863198,80.0,160.81290247,128.65032197,0.70000000,0.10562688,181.94831251,revenue-supported normalized cost units; not measured hashrate
S1,S1,100,53400000,growth,low,efficient,1592,0,0.00000000,8.36755200,19.21863198,80.0,160.81290247,128.65032197,0.58000000,0.08751941,219.59279096,revenue-supported normalized cost units; not measured hashrate
S1,S1,100,53400000,growth,low,high_cost,1592,0,0.00000000,8.36755200,19.21863198,80.0,160.81290247,128.65032197,0.90000000,0.13580598,141.51535417,revenue-supported normalized cost units; not measured hashrate
S1,S1,100,53400000,growth,base,reference,1592,10003,86.26994394,60.94332000,19.21863198,80.0,1171.24723877,936.99779102,0.70000000,0.01450263,1325.18259015,revenue-supported normalized cost units; not measured hashrate
S1,S1,100,53400000,growth,base,efficient,1592,10003,86.26994394,60.94332000,19.21863198,80.0,1171.24723877,936.99779102,0.58000000,0.01201646,1599.35829846,revenue-supported normalized cost units; not measured hashrate
S1,S1,100,53400000,growth,base,high_cost,1592,10003,86.26994394,60.94332000,19.21863198,80.0,1171.24723877,936.99779102,0.90000000,0.01864624,1030.69757012,revenue-supported normalized cost units; not measured hashrate
S1,S1,100,53400000,growth,high,reference,1592,290698,99.45533545,1536.27624000,19.21863198,80.0,29525.12767749,23620.10214199,0.70000000,0.00057531,33405.57302939,revenue-supported normalized cost units; not measured hashrate
S1,S1,100,53400000,growth,high,efficient,1592,290698,99.45533545,1536.27624000,19.21863198,80.0,29525.12767749,23620.10214199,0.58000000,0.00047669,40317.07089754,revenue-supported normalized cost units; not measured hashrate
S1,S1,100,53400000,growth,high,high_cost,1592,290698,99.45533545,1536.27624000,19.21863198,80.0,29525.12767749,23620.10214199,0.90000000,0.00073969,25982.11235619,revenue-supported normalized cost units; not measured hashrate
S1,S1,250,132240000,stress,low,reference,0,0,0.00000000,0.00000000,0.00000270,70.0,0.00000000,0.00000000,0.70000000,0.00000000,0.00000000,revenue-supported normalized cost units; not measured hashrate
S1,S1,250,132240000,stress,low,efficient,0,0,0.00000000,0.00000000,0.00000270,70.0,0.00000000,0.00000000,0.58000000,0.00000000,0.00000000,revenue-supported normalized cost units; not measured hashrate
S1,S1,250,132240000,stress,low,high_cost,0,0,0.00000000,0.00000000,0.00000270,70.0,0.00000000,0.00000000,0.90000000,0.00000000,0.00000000,revenue-supported normalized cost units; not measured hashrate
S1,S1,250,132240000,stress,base,reference,0,10003,100.00000000,52.57576800,0.00000270,70.0,0.00014180,0.00009926,0.70000000,0.01921229,0.00014039,revenue-supported normalized cost units; not measured hashrate
S1,S1,250,132240000,stress,base,efficient,0,10003,100.00000000,52.57576800,0.00000270,70.0,0.00014180,0.00009926,0.58000000,0.01591876,0.00016943,revenue-supported normalized cost units; not measured hashrate
S1,S1,250,132240000,stress,base,high_cost,0,10003,100.00000000,52.57576800,0.00000270,70.0,0.00014180,0.00009926,0.90000000,0.02470152,0.00010919,revenue-supported normalized cost units; not measured hashrate
S1,S1,250,132240000,stress,high,reference,0,290698,100.00000000,1527.90868800,0.00000270,70.0,0.00412096,0.00288467,0.70000000,0.00066110,0.00407975,revenue-supported normalized cost units; not measured hashrate
S1,S1,250,132240000,stress,high,efficient,0,290698,100.00000000,1527.90868800,0.00000270,70.0,0.00412096,0.00288467,0.58000000,0.00054777,0.00492384,revenue-supported normalized cost units; not measured hashrate
S1,S1,250,132240000,stress,high,high_cost,0,290698,100.00000000,1527.90868800,0.00000270,70.0,0.00412096,0.00288467,0.90000000,0.00084999,0.00317314,revenue-supported normalized cost units; not measured hashrate
S1,S1,250,132240000,flat,low,reference,0,0,0.00000000,0.00000000,1.00000000,90.0,0.00000000,0.00000000,0.70000000,0.00000000,0.00000000,revenue-supported normalized cost units; not measured hashrate
S1,S1,250,132240000,flat,low,efficient,0,0,0.00000000,0.00000000,1.00000000,90.0,0.00000000,0.00000000,0.58000000,0.00000000,0.00000000,revenue-supported normalized cost units; not measured hashrate
S1,S1,250,132240000,flat,low,high_cost,0,0,0.00000000,0.00000000,1.00000000,90.0,0.00000000,0.00000000,0.90000000,0.00000000,0.00000000,revenue-supported normalized cost units; not measured hashrate
S1,S1,250,132240000,flat,base,reference,0,10003,100.00000000,52.57576800,1.00000000,90.0,52.57576800,47.31819120,0.70000000,0.01494289,66.92144184,revenue-supported normalized cost units; not measured hashrate
S1,S1,250,132240000,flat,base,efficient,0,10003,100.00000000,52.57576800,1.00000000,90.0,52.57576800,47.31819120,0.58000000,0.01238125,80.76725739,revenue-supported normalized cost units; not measured hashrate
S1,S1,250,132240000,flat,base,high_cost,0,10003,100.00000000,52.57576800,1.00000000,90.0,52.57576800,47.31819120,0.90000000,0.01921229,52.05001032,revenue-supported normalized cost units; not measured hashrate
S1,S1,250,132240000,flat,high,reference,0,290698,100.00000000,1527.90868800,1.00000000,90.0,1527.90868800,1375.11781920,0.70000000,0.00051419,1944.80948715,revenue-supported normalized cost units; not measured hashrate
S1,S1,250,132240000,flat,high,efficient,0,290698,100.00000000,1527.90868800,1.00000000,90.0,1527.90868800,1375.11781920,0.58000000,0.00042604,2347.18386381,revenue-supported normalized cost units; not measured hashrate
S1,S1,250,132240000,flat,high,high_cost,0,290698,100.00000000,1527.90868800,1.00000000,90.0,1527.90868800,1375.11781920,0.90000000,0.00066110,1512.62960112,revenue-supported normalized cost units; not measured hashrate
S1,S1,250,132240000,growth,low,reference,0,0,0.00000000,0.00000000,1619.22118137,80.0,0.00000000,0.00000000,0.70000000,0.00000000,0.00000000,revenue-supported normalized cost units; not measured hashrate
S1,S1,250,132240000,growth,low,efficient,0,0,0.00000000,0.00000000,1619.22118137,80.0,0.00000000,0.00000000,0.58000000,0.00000000,0.00000000,revenue-supported normalized cost units; not measured hashrate
S1,S1,250,132240000,growth,low,high_cost,0,0,0.00000000,0.00000000,1619.22118137,80.0,0.00000000,0.00000000,0.90000000,0.00000000,0.00000000,revenue-supported normalized cost units; not measured hashrate
S1,S1,250,132240000,growth,base,reference,0,10003,100.00000000,52.57576800,1619.22118137,80.0,85131.79717229,68105.43773784,0.70000000,0.01681076,96320.54765780,revenue-supported normalized cost units; not measured hashrate
S1,S1,250,132240000,growth,base,efficient,0,10003,100.00000000,52.57576800,1619.22118137,80.0,85131.79717229,68105.43773784,0.58000000,0.01392891,116248.93682837,revenue-supported normalized cost units; not measured hashrate
S1,S1,250,132240000,growth,base,high_cost,0,10003,100.00000000,52.57576800,1619.22118137,80.0,85131.79717229,68105.43773784,0.90000000,0.02161383,74915.98151162,revenue-supported normalized cost units; not measured hashrate
S1,S1,250,132240000,growth,high,reference,0,290698,100.00000000,1527.90868800,1619.22118137,80.0,2474022.11080593,1979217.68864474,0.70000000,0.00057846,2799179.30251185,revenue-supported normalized cost units; not measured hashrate
S1,S1,250,132240000,growth,high,efficient,0,290698,100.00000000,1527.90868800,1619.22118137,80.0,2474022.11080593,1979217.68864474,0.58000000,0.00047930,3378319.84785913,revenue-supported normalized cost units; not measured hashrate
S1,S1,250,132240000,growth,high,high_cost,0,290698,100.00000000,1527.90868800,1619.22118137,80.0,2474022.11080593,1979217.68864474,0.90000000,0.00074374,2177139.45750922,revenue-supported normalized cost units; not measured hashrate
S1,S1,500,263640000,stress,low,reference,0,0,0.00000000,0.00000000,0.00000000,70.0,0.00000000,0.00000000,0.70000000,0.00000000,0.00000000,revenue-supported normalized cost units; not measured hashrate
S1,S1,500,263640000,stress,low,efficient,0,0,0.00000000,0.00000000,0.00000000,70.0,0.00000000,0.00000000,0.58000000,0.00000000,0.00000000,revenue-supported normalized cost units; not measured hashrate
S1,S1,500,263640000,stress,low,high_cost,0,0,0.00000000,0.00000000,0.00000000,70.0,0.00000000,0.00000000,0.90000000,0.00000000,0.00000000,revenue-supported normalized cost units; not measured hashrate
S1,S1,500,263640000,stress,base,reference,0,10003,100.00000000,52.57576800,0.00000000,70.0,0.00000000,0.00000000,0.70000000,0.01921229,0.00000000,revenue-supported normalized cost units; not measured hashrate
S1,S1,500,263640000,stress,base,efficient,0,10003,100.00000000,52.57576800,0.00000000,70.0,0.00000000,0.00000000,0.58000000,0.01591876,0.00000000,revenue-supported normalized cost units; not measured hashrate
S1,S1,500,263640000,stress,base,high_cost,0,10003,100.00000000,52.57576800,0.00000000,70.0,0.00000000,0.00000000,0.90000000,0.02470152,0.00000000,revenue-supported normalized cost units; not measured hashrate
S1,S1,500,263640000,stress,high,reference,0,290698,100.00000000,1527.90868800,0.00000000,70.0,0.00000001,0.00000001,0.70000000,0.00066110,0.00000001,revenue-supported normalized cost units; not measured hashrate
S1,S1,500,263640000,stress,high,efficient,0,290698,100.00000000,1527.90868800,0.00000000,70.0,0.00000001,0.00000001,0.58000000,0.00054777,0.00000001,revenue-supported normalized cost units; not measured hashrate
S1,S1,500,263640000,stress,high,high_cost,0,290698,100.00000000,1527.90868800,0.00000000,70.0,0.00000001,0.00000001,0.90000000,0.00084999,0.00000001,revenue-supported normalized cost units; not measured hashrate
S1,S1,500,263640000,flat,low,reference,0,0,0.00000000,0.00000000,1.00000000,90.0,0.00000000,0.00000000,0.70000000,0.00000000,0.00000000,revenue-supported normalized cost units; not measured hashrate
S1,S1,500,263640000,flat,low,efficient,0,0,0.00000000,0.00000000,1.00000000,90.0,0.00000000,0.00000000,0.58000000,0.00000000,0.00000000,revenue-supported normalized cost units; not measured hashrate
S1,S1,500,263640000,flat,low,high_cost,0,0,0.00000000,0.00000000,1.00000000,90.0,0.00000000,0.00000000,0.90000000,0.00000000,0.00000000,revenue-supported normalized cost units; not measured hashrate
S1,S1,500,263640000,flat,base,reference,0,10003,100.00000000,52.57576800,1.00000000,90.0,52.57576800,47.31819120,0.70000000,0.01494289,66.92144184,revenue-supported normalized cost units; not measured hashrate
S1,S1,500,263640000,flat,base,efficient,0,10003,100.00000000,52.57576800,1.00000000,90.0,52.57576800,47.31819120,0.58000000,0.01238125,80.76725739,revenue-supported normalized cost units; not measured hashrate
S1,S1,500,263640000,flat,base,high_cost,0,10003,100.00000000,52.57576800,1.00000000,90.0,52.57576800,47.31819120,0.90000000,0.01921229,52.05001032,revenue-supported normalized cost units; not measured hashrate
S1,S1,500,263640000,flat,high,reference,0,290698,100.00000000,1527.90868800,1.00000000,90.0,1527.90868800,1375.11781920,0.70000000,0.00051419,1944.80948715,revenue-supported normalized cost units; not measured hashrate
S1,S1,500,263640000,flat,high,efficient,0,290698,100.00000000,1527.90868800,1.00000000,90.0,1527.90868800,1375.11781920,0.58000000,0.00042604,2347.18386381,revenue-supported normalized cost units; not measured hashrate
S1,S1,500,263640000,flat,high,high_cost,0,290698,100.00000000,1527.90868800,1.00000000,90.0,1527.90868800,1375.11781920,0.90000000,0.00066110,1512.62960112,revenue-supported normalized cost units; not measured hashrate
S1,S1,500,263640000,growth,low,reference,0,0,0.00000000,0.00000000,2621877.23419108,80.0,0.00000000,0.00000000,0.70000000,0.00000000,0.00000000,revenue-supported normalized cost units; not measured hashrate
S1,S1,500,263640000,growth,low,efficient,0,0,0.00000000,0.00000000,2621877.23419108,80.0,0.00000000,0.00000000,0.58000000,0.00000000,0.00000000,revenue-supported normalized cost units; not measured hashrate
S1,S1,500,263640000,growth,low,high_cost,0,0,0.00000000,0.00000000,2621877.23419108,80.0,0.00000000,0.00000000,0.90000000,0.00000000,0.00000000,revenue-supported normalized cost units; not measured hashrate
S1,S1,500,263640000,growth,base,reference,0,10003,100.00000000,52.57576800,2621877.23419108,80.0,137847209.18931171,110277767.35144937,0.70000000,0.01681076,155964270.96847839,revenue-supported normalized cost units; not measured hashrate
S1,S1,500,263640000,growth,base,efficient,0,10003,100.00000000,52.57576800,2621877.23419108,80.0,137847209.18931171,110277767.35144937,0.58000000,0.01392891,188232740.82402565,revenue-supported normalized cost units; not measured hashrate
S1,S1,500,263640000,growth,base,high_cost,0,10003,100.00000000,52.57576800,2621877.23419108,80.0,137847209.18931171,110277767.35144937,0.90000000,0.02161383,121305544.08659430,revenue-supported normalized cost units; not measured hashrate
S1,S1,500,263640000,growth,high,reference,0,290698,100.00000000,1527.90868800,2621877.23419108,80.0,4005989004.98995656,3204791203.99196525,0.70000000,0.00057846,4532490417.07435085,revenue-supported normalized cost units; not measured hashrate
S1,S1,500,263640000,growth,high,efficient,0,290698,100.00000000,1527.90868800,2621877.23419108,80.0,4005989004.98995656,3204791203.99196525,0.58000000,0.00047930,5470247055.08973378,revenue-supported normalized cost units; not measured hashrate
S1,S1,500,263640000,growth,high,high_cost,0,290698,100.00000000,1527.90868800,2621877.23419108,80.0,4005989004.98995656,3204791203.99196525,0.90000000,0.00074374,3525270324.39116177,revenue-supported normalized cost units; not measured hashrate
S2a,S2/a,0,840000,stress,low,reference,593750000,0,0.00000000,3120750.00000000,1.00000000,70.0,3120750.00000000,2184525.00000000,0.70000000,0.00000032,3089542.50000000,revenue-supported normalized cost units; not measured hashrate
S2a,S2/a,0,840000,stress,low,efficient,593750000,0,0.00000000,3120750.00000000,1.00000000,70.0,3120750.00000000,2184525.00000000,0.58000000,0.00000027,3728758.18965517,revenue-supported normalized cost units; not measured hashrate
S2a,S2/a,0,840000,stress,low,high_cost,593750000,0,0.00000000,3120750.00000000,1.00000000,70.0,3120750.00000000,2184525.00000000,0.90000000,0.00000042,2402977.50000000,revenue-supported normalized cost units; not measured hashrate
S2a,S2/a,0,840000,stress,base,reference,593750000,10003,0.00168469,3120802.57576800,1.00000000,70.0,3120802.57576800,2184561.80303760,0.70000000,0.00000032,3089594.55001032,revenue-supported normalized cost units; not measured hashrate
S2a,S2/a,0,840000,stress,base,efficient,593750000,10003,0.00168469,3120802.57576800,1.00000000,70.0,3120802.57576800,2184561.80303760,0.58000000,0.00000027,3728821.00863314,revenue-supported normalized cost units; not measured hashrate
S2a,S2/a,0,840000,stress,base,high_cost,593750000,10003,0.00168469,3120802.57576800,1.00000000,70.0,3120802.57576800,2184561.80303760,0.90000000,0.00000042,2403017.98334136,revenue-supported normalized cost units; not measured hashrate
S2a,S2/a,0,840000,stress,high,reference,593750000,290698,0.04893570,3122277.90868800,1.00000000,70.0,3122277.90868800,2185594.53608160,0.70000000,0.00000032,3091055.12960112,revenue-supported normalized cost units; not measured hashrate
S2a,S2/a,0,840000,stress,high,efficient,593750000,290698,0.04893570,3122277.90868800,1.00000000,70.0,3122277.90868800,2185594.53608160,0.58000000,0.00000027,3730583.77710480,revenue-supported normalized cost units; not measured hashrate
S2a,S2/a,0,840000,stress,high,high_cost,593750000,290698,0.04893570,3122277.90868800,1.00000000,70.0,3122277.90868800,2185594.53608160,0.90000000,0.00000042,2404153.98968976,revenue-supported normalized cost units; not measured hashrate
S2a,S2/a,0,840000,flat,low,reference,593750000,0,0.00000000,3120750.00000000,1.00000000,90.0,3120750.00000000,2808675.00000000,0.70000000,0.00000025,3972268.92857143,revenue-supported normalized cost units; not measured hashrate
S2a,S2/a,0,840000,flat,low,efficient,593750000,0,0.00000000,3120750.00000000,1.00000000,90.0,3120750.00000000,2808675.00000000,0.58000000,0.00000021,4794117.67241379,revenue-supported normalized cost units; not measured hashrate
S2a,S2/a,0,840000,flat,low,high_cost,593750000,0,0.00000000,3120750.00000000,1.00000000,90.0,3120750.00000000,2808675.00000000,0.90000000,0.00000032,3089542.50000000,revenue-supported normalized cost units; not measured hashrate
S2a,S2/a,0,840000,flat,base,reference,593750000,10003,0.00168469,3120802.57576800,1.00000000,90.0,3120802.57576800,2808722.31819120,0.70000000,0.00000025,3972335.85001327,revenue-supported normalized cost units; not measured hashrate
S2a,S2/a,0,840000,flat,base,efficient,593750000,10003,0.00168469,3120802.57576800,1.00000000,90.0,3120802.57576800,2808722.31819120,0.58000000,0.00000021,4794198.43967119,revenue-supported normalized cost units; not measured hashrate
S2a,S2/a,0,840000,flat,base,high_cost,593750000,10003,0.00168469,3120802.57576800,1.00000000,90.0,3120802.57576800,2808722.31819120,0.90000000,0.00000032,3089594.55001032,revenue-supported normalized cost units; not measured hashrate
S2a,S2/a,0,840000,flat,high,reference,593750000,290698,0.04893570,3122277.90868800,1.00000000,90.0,3122277.90868800,2810050.11781920,0.70000000,0.00000025,3974213.73805858,revenue-supported normalized cost units; not measured hashrate
S2a,S2/a,0,840000,flat,high,efficient,593750000,290698,0.04893570,3122277.90868800,1.00000000,90.0,3122277.90868800,2810050.11781920,0.58000000,0.00000021,4796464.85627760,revenue-supported normalized cost units; not measured hashrate
S2a,S2/a,0,840000,flat,high,high_cost,593750000,290698,0.04893570,3122277.90868800,1.00000000,90.0,3122277.90868800,2810050.11781920,0.90000000,0.00000032,3091055.12960112,revenue-supported normalized cost units; not measured hashrate
S2a,S2/a,0,840000,growth,low,reference,593750000,0,0.00000000,3120750.00000000,1.00000000,80.0,3120750.00000000,2496600.00000000,0.70000000,0.00000028,3530905.71428571,revenue-supported normalized cost units; not measured hashrate
S2a,S2/a,0,840000,growth,low,efficient,593750000,0,0.00000000,3120750.00000000,1.00000000,80.0,3120750.00000000,2496600.00000000,0.58000000,0.00000023,4261437.93103448,revenue-supported normalized cost units; not measured hashrate
S2a,S2/a,0,840000,growth,low,high_cost,593750000,0,0.00000000,3120750.00000000,1.00000000,80.0,3120750.00000000,2496600.00000000,0.90000000,0.00000036,2746260.00000000,revenue-supported normalized cost units; not measured hashrate
S2a,S2/a,0,840000,growth,base,reference,593750000,10003,0.00168469,3120802.57576800,1.00000000,80.0,3120802.57576800,2496642.06061440,0.70000000,0.00000028,3530965.20001179,revenue-supported normalized cost units; not measured hashrate
S2a,S2/a,0,840000,growth,base,efficient,593750000,10003,0.00168469,3120802.57576800,1.00000000,80.0,3120802.57576800,2496642.06061440,0.58000000,0.00000023,4261509.72415217,revenue-supported normalized cost units; not measured hashrate
S2a,S2/a,0,840000,growth,base,high_cost,593750000,10003,0.00168469,3120802.57576800,1.00000000,80.0,3120802.57576800,2496642.06061440,0.90000000,0.00000036,2746306.26667584,revenue-supported normalized cost units; not measured hashrate
S2a,S2/a,0,840000,growth,high,reference,593750000,290698,0.04893570,3122277.90868800,1.00000000,80.0,3122277.90868800,2497822.32695040,0.70000000,0.00000028,3532634.43382985,revenue-supported normalized cost units; not measured hashrate
S2a,S2/a,0,840000,growth,high,efficient,593750000,290698,0.04893570,3122277.90868800,1.00000000,80.0,3122277.90868800,2497822.32695040,0.58000000,0.00000023,4263524.31669120,revenue-supported normalized cost units; not measured hashrate
S2a,S2/a,0,840000,growth,high,high_cost,593750000,290698,0.04893570,3122277.90868800,1.00000000,80.0,3122277.90868800,2497822.32695040,0.90000000,0.00000036,2747604.55964544,revenue-supported normalized cost units; not measured hashrate
S2a,S2/a,1,1365600,stress,low,reference,535859375,0,0.00000000,2816476.87500000,0.95000000,70.0,2675653.03125000,1872957.12187500,0.70000000,0.00000036,2648896.50093750,revenue-supported normalized cost units; not measured hashrate
S2a,S2/a,1,1365600,stress,low,efficient,535859375,0,0.00000000,2816476.87500000,0.95000000,70.0,2675653.03125000,1872957.12187500,0.58000000,0.00000030,3196944.05285560,revenue-supported normalized cost units; not measured hashrate
S2a,S2/a,1,1365600,stress,low,high_cost,535859375,0,0.00000000,2816476.87500000,0.95000000,70.0,2675653.03125000,1872957.12187500,0.90000000,0.00000046,2060252.83406250,revenue-supported normalized cost units; not measured hashrate
S2a,S2/a,1,1365600,stress,base,reference,535859375,10003,0.00186669,2816529.45076800,0.95000000,70.0,2675702.97822960,1872992.08476072,0.70000000,0.00000036,2648945.94844730,revenue-supported normalized cost units; not measured hashrate
S2a,S2/a,1,1365600,stress,base,efficient,535859375,10003,0.00186669,2816529.45076800,0.95000000,70.0,2675702.97822960,1872992.08476072,0.58000000,0.00000030,3197003.73088468,revenue-supported normalized cost units; not measured hashrate
S2a,S2/a,1,1365600,stress,base,high_cost,535859375,10003,0.00186669,2816529.45076800,0.95000000,70.0,2675702.97822960,1872992.08476072,0.90000000,0.00000046,2060291.29323679,revenue-supported normalized cost units; not measured hashrate
S2a,S2/a,1,1365600,stress,high,reference,535859375,290698,0.05421952,2818004.78368800,0.95000000,70.0,2677104.54450360,1873973.18115252,0.70000000,0.00000036,2650333.49905856,revenue-supported normalized cost units; not measured hashrate
S2a,S2/a,1,1365600,stress,high,efficient,535859375,290698,0.05421952,2818004.78368800,0.95000000,70.0,2677104.54450360,1873973.18115252,0.58000000,0.00000030,3198678.36093275,revenue-supported normalized cost units; not measured hashrate
S2a,S2/a,1,1365600,stress,high,high_cost,535859375,290698,0.05421952,2818004.78368800,0.95000000,70.0,2677104.54450360,1873973.18115252,0.90000000,0.00000046,2061370.49926777,revenue-supported normalized cost units; not measured hashrate
S2a,S2/a,1,1365600,flat,low,reference,535859375,0,0.00000000,2816476.87500000,1.00000000,90.0,2816476.87500000,2534829.18750000,0.70000000,0.00000028,3584972.70803571,revenue-supported normalized cost units; not measured hashrate
S2a,S2/a,1,1365600,flat,low,efficient,535859375,0,0.00000000,2816476.87500000,1.00000000,90.0,2816476.87500000,2534829.18750000,0.58000000,0.00000023,4326691.19935345,revenue-supported normalized cost units; not measured hashrate
S2a,S2/a,1,1365600,flat,low,high_cost,535859375,0,0.00000000,2816476.87500000,1.00000000,90.0,2816476.87500000,2534829.18750000,0.90000000,0.00000036,2788312.10625000,revenue-supported normalized cost units; not measured hashrate
S2a,S2/a,1,1365600,flat,base,reference,535859375,10003,0.00186669,2816529.45076800,1.00000000,90.0,2816529.45076800,2534876.50569120,0.70000000,0.00000028,3585039.62947755,revenue-supported normalized cost units; not measured hashrate
S2a,S2/a,1,1365600,flat,base,efficient,535859375,10003,0.00186669,2816529.45076800,1.00000000,90.0,2816529.45076800,2534876.50569120,0.58000000,0.00000023,4326771.96661084,revenue-supported normalized cost units; not measured hashrate
S2a,S2/a,1,1365600,flat,base,high_cost,535859375,10003,0.00186669,2816529.45076800,1.00000000,90.0,2816529.45076800,2534876.50569120,0.90000000,0.00000036,2788364.15626032,revenue-supported normalized cost units; not measured hashrate
S2a,S2/a,1,1365600,flat,high,reference,535859375,290698,0.05421952,2818004.78368800,1.00000000,90.0,2818004.78368800,2536204.30531920,0.70000000,0.00000028,3586917.51752287,revenue-supported normalized cost units; not measured hashrate
S2a,S2/a,1,1365600,flat,high,efficient,535859375,290698,0.05421952,2818004.78368800,1.00000000,90.0,2818004.78368800,2536204.30531920,0.58000000,0.00000023,4329038.38321726,revenue-supported normalized cost units; not measured hashrate
S2a,S2/a,1,1365600,flat,high,high_cost,535859375,290698,0.05421952,2818004.78368800,1.00000000,90.0,2818004.78368800,2536204.30531920,0.90000000,0.00000036,2789824.73585112,revenue-supported normalized cost units; not measured hashrate
S2a,S2/a,1,1365600,growth,low,reference,535859375,0,0.00000000,2816476.87500000,1.03000000,80.0,2900971.18125000,2320776.94500000,0.70000000,0.00000031,3282241.67935714,revenue-supported normalized cost units; not measured hashrate
S2a,S2/a,1,1365600,growth,low,efficient,535859375,0,0.00000000,2816476.87500000,1.03000000,80.0,2900971.18125000,2320776.94500000,0.58000000,0.00000026,3961326.16474138,revenue-supported normalized cost units; not measured hashrate
S2a,S2/a,1,1365600,growth,low,high_cost,535859375,0,0.00000000,2816476.87500000,1.03000000,80.0,2900971.18125000,2320776.94500000,0.90000000,0.00000040,2552854.63950000,revenue-supported normalized cost units; not measured hashrate
S2a,S2/a,1,1365600,growth,base,reference,535859375,10003,0.00186669,2816529.45076800,1.03000000,80.0,2901025.33429104,2320820.26743283,0.70000000,0.00000031,3282302.94965501,revenue-supported normalized cost units; not measured hashrate
S2a,S2/a,1,1365600,growth,base,efficient,535859375,10003,0.00186669,2816529.45076800,1.03000000,80.0,2901025.33429104,2320820.26743283,0.58000000,0.00000026,3961400.11165259,revenue-supported normalized cost units; not measured hashrate
S2a,S2/a,1,1365600,growth,base,high_cost,535859375,10003,0.00186669,2816529.45076800,1.03000000,80.0,2901025.33429104,2320820.26743283,0.90000000,0.00000040,2552902.29417612,revenue-supported normalized cost units; not measured hashrate
S2a,S2/a,1,1365600,growth,high,reference,535859375,290698,0.05421952,2818004.78368800,1.03000000,80.0,2902544.92719864,2322035.94175891,0.70000000,0.00000031,3284022.26048760,revenue-supported normalized cost units; not measured hashrate
S2a,S2/a,1,1365600,growth,high,efficient,535859375,290698,0.05421952,2818004.78368800,1.03000000,80.0,2902544.92719864,2322035.94175891,0.58000000,0.00000026,3963475.14196780,revenue-supported normalized cost units; not measured hashrate
S2a,S2/a,1,1365600,growth,high,high_cost,535859375,290698,0.05421952,2818004.78368800,1.03000000,80.0,2902544.92719864,2322035.94175891,0.90000000,0.00000040,2554239.53593480,revenue-supported normalized cost units; not measured hashrate
S2a,S2/a,2,1891200,stress,low,reference,459432430,0,0.00000000,2414776.85208000,0.90250000,70.0,2179336.10900220,1525535.27630154,0.70000000,0.00000042,2157542.74791218,revenue-supported normalized cost units; not measured hashrate
S2a,S2/a,2,1891200,stress,low,efficient,459432430,0,0.00000000,2414776.85208000,0.90250000,70.0,2179336.10900220,1525535.27630154,0.58000000,0.00000035,2603930.90265263,revenue-supported normalized cost units; not measured hashrate
S2a,S2/a,2,1891200,stress,low,high_cost,459432430,0,0.00000000,2414776.85208000,0.90250000,70.0,2179336.10900220,1525535.27630154,0.90000000,0.00000054,1678088.80393169,revenue-supported normalized cost units; not measured hashrate
S2a,S2/a,2,1891200,stress,base,reference,459432430,10003,0.00217720,2414829.42784800,0.90250000,70.0,2179383.55863282,1525568.49104297,0.70000000,0.00000042,2157589.72304649,revenue-supported normalized cost units; not measured hashrate
S2a,S2/a,2,1891200,stress,base,efficient,459432430,10003,0.00217720,2414829.42784800,0.90250000,70.0,2179383.55863282,1525568.49104297,0.58000000,0.00000035,2603987.59678025,revenue-supported normalized cost units; not measured hashrate
S2a,S2/a,2,1891200,stress,base,high_cost,459432430,10003,0.00217720,2414829.42784800,0.90250000,70.0,2179383.55863282,1525568.49104297,0.90000000,0.00000054,1678125.34014727,revenue-supported normalized cost units; not measured hashrate
S2a,S2/a,2,1891200,stress,high,reference,459432430,290698,0.06323328,2416304.76076800,0.90250000,70.0,2180715.04659312,1526500.53261518,0.70000000,0.00000042,2158907.89612719,revenue-supported normalized cost units; not measured hashrate
S2a,S2/a,2,1891200,stress,high,efficient,459432430,290698,0.06323328,2416304.76076800,0.90250000,70.0,2180715.04659312,1526500.53261518,0.58000000,0.00000035,2605578.49532592,revenue-supported normalized cost units; not measured hashrate
S2a,S2/a,2,1891200,stress,high,high_cost,459432430,290698,0.06323328,2416304.76076800,0.90250000,70.0,2180715.04659312,1526500.53261518,0.90000000,0.00000054,1679150.58587670,revenue-supported normalized cost units; not measured hashrate
S2a,S2/a,2,1891200,flat,low,reference,459432430,0,0.00000000,2414776.85208000,1.00000000,90.0,2414776.85208000,2173299.16687200,0.70000000,0.00000033,3073665.96457611,revenue-supported normalized cost units; not measured hashrate
S2a,S2/a,2,1891200,flat,low,efficient,459432430,0,0.00000000,2414776.85208000,1.00000000,90.0,2414776.85208000,2173299.16687200,0.58000000,0.00000027,3709596.85379876,revenue-supported normalized cost units; not measured hashrate
S2a,S2/a,2,1891200,flat,low,high_cost,459432430,0,0.00000000,2414776.85208000,1.00000000,90.0,2414776.85208000,2173299.16687200,0.90000000,0.00000042,2390629.08355920,revenue-supported normalized cost units; not measured hashrate
S2a,S2/a,2,1891200,flat,base,reference,459432430,10003,0.00217720,2414829.42784800,1.00000000,90.0,2414829.42784800,2173346.48506320,0.70000000,0.00000033,3073732.88601795,revenue-supported normalized cost units; not measured hashrate
S2a,S2/a,2,1891200,flat,base,efficient,459432430,10003,0.00217720,2414829.42784800,1.00000000,90.0,2414829.42784800,2173346.48506320,0.58000000,0.00000027,3709677.62105615,revenue-supported normalized cost units; not measured hashrate
S2a,S2/a,2,1891200,flat,base,high_cost,459432430,10003,0.00217720,2414829.42784800,1.00000000,90.0,2414829.42784800,2173346.48506320,0.90000000,0.00000042,2390681.13356952,revenue-supported normalized cost units; not measured hashrate
S2a,S2/a,2,1891200,flat,high,reference,459432430,290698,0.06323328,2416304.76076800,1.00000000,90.0,2416304.76076800,2174674.28469120,0.70000000,0.00000033,3075610.77406327,revenue-supported normalized cost units; not measured hashrate
S2a,S2/a,2,1891200,flat,high,efficient,459432430,290698,0.06323328,2416304.76076800,1.00000000,90.0,2416304.76076800,2174674.28469120,0.58000000,0.00000027,3711944.03766257,revenue-supported normalized cost units; not measured hashrate
S2a,S2/a,2,1891200,flat,high,high_cost,459432430,290698,0.06323328,2416304.76076800,1.00000000,90.0,2416304.76076800,2174674.28469120,0.90000000,0.00000042,2392141.71316032,revenue-supported normalized cost units; not measured hashrate
S2a,S2/a,2,1891200,growth,low,reference,459432430,0,0.00000000,2414776.85208000,1.06090000,80.0,2561836.76237167,2049469.40989734,0.70000000,0.00000037,2898535.30828338,revenue-supported normalized cost units; not measured hashrate
S2a,S2/a,2,1891200,growth,low,efficient,459432430,0,0.00000000,2414776.85208000,1.06090000,80.0,2561836.76237167,2049469.40989734,0.58000000,0.00000030,3498232.26861787,revenue-supported normalized cost units; not measured hashrate
S2a,S2/a,2,1891200,growth,low,high_cost,459432430,0,0.00000000,2414776.85208000,1.06090000,80.0,2561836.76237167,2049469.40989734,0.90000000,0.00000047,2254416.35088707,revenue-supported normalized cost units; not measured hashrate
S2a,S2/a,2,1891200,growth,base,reference,459432430,10003,0.00217720,2414829.42784800,1.06090000,80.0,2561892.54000394,2049514.03200315,0.70000000,0.00000037,2898598.41669018,revenue-supported normalized cost units; not measured hashrate
S2a,S2/a,2,1891200,growth,base,efficient,459432430,10003,0.00217720,2414829.42784800,1.06090000,80.0,2561892.54000394,2049514.03200315,0.58000000,0.00000030,3498308.43393642,revenue-supported normalized cost units; not measured hashrate
S2a,S2/a,2,1891200,growth,base,high_cost,459432430,10003,0.00217720,2414829.42784800,1.06090000,80.0,2561892.54000394,2049514.03200315,0.90000000,0.00000047,2254465.43520347,revenue-supported normalized cost units; not measured hashrate
S2a,S2/a,2,1891200,growth,high,reference,459432430,290698,0.06323328,2416304.76076800,1.06090000,80.0,2563457.72069877,2050766.17655902,0.70000000,0.00000037,2900369.30684775,revenue-supported normalized cost units; not measured hashrate
S2a,S2/a,2,1891200,growth,high,efficient,459432430,290698,0.06323328,2416304.76076800,1.06090000,80.0,2563457.72069877,2050766.17655902,0.58000000,0.00000030,3500445.71516108,revenue-supported normalized cost units; not measured hashrate
S2a,S2/a,2,1891200,growth,high,high_cost,459432430,290698,0.06323328,2416304.76076800,1.06090000,80.0,2563457.72069877,2050766.17655902,0.90000000,0.00000047,2255842.79421492,revenue-supported normalized cost units; not measured hashrate
S2a,S2/a,5,3468000,stress,low,reference,320838798,0,0.00000000,1686328.72228800,0.77378094,70.0,1304849.01966519,913394.31376563,0.70000000,0.00000060,1291800.52946853,revenue-supported normalized cost units; not measured hashrate
S2a,S2/a,5,3468000,stress,low,efficient,320838798,0,0.00000000,1686328.72228800,0.77378094,70.0,1304849.01966519,913394.31376563,0.58000000,0.00000050,1559069.60453099,revenue-supported normalized cost units; not measured hashrate
S2a,S2/a,5,3468000,stress,low,high_cost,320838798,0,0.00000000,1686328.72228800,0.77378094,70.0,1304849.01966519,913394.31376563,0.90000000,0.00000077,1004733.74514219,revenue-supported normalized cost units; not measured hashrate
S2a,S2/a,5,3468000,stress,base,reference,320838798,10003,0.00311767,1686381.29805600,0.77378094,70.0,1304889.70179224,913422.79125457,0.70000000,0.00000060,1291840.80477432,revenue-supported normalized cost units; not measured hashrate
S2a,S2/a,5,3468000,stress,base,efficient,320838798,10003,0.00311767,1686381.29805600,0.77378094,70.0,1304889.70179224,913422.79125457,0.58000000,0.00000050,1559118.21265866,revenue-supported normalized cost units; not measured hashrate
S2a,S2/a,5,3468000,stress,base,high_cost,320838798,10003,0.00311767,1686381.29805600,0.77378094,70.0,1304889.70179224,913422.79125457,0.90000000,0.00000077,1004765.07038002,revenue-supported normalized cost units; not measured hashrate
S2a,S2/a,5,3468000,stress,high,reference,320838798,290698,0.09052361,1687856.63097600,0.77378094,70.0,1306031.28628220,914221.90039754,0.70000000,0.00000060,1292970.97341938,revenue-supported normalized cost units; not measured hashrate
S2a,S2/a,5,3468000,stress,high,efficient,320838798,290698,0.09052361,1687856.63097600,0.77378094,70.0,1306031.28628220,914221.90039754,0.58000000,0.00000050,1560482.20929925,revenue-supported normalized cost units; not measured hashrate
S2a,S2/a,5,3468000,stress,high,high_cost,320838798,290698,0.09052361,1687856.63097600,0.77378094,70.0,1306031.28628220,914221.90039754,0.90000000,0.00000077,1005644.09043729,revenue-supported normalized cost units; not measured hashrate
S2a,S2/a,5,3468000,flat,low,reference,320838798,0,0.00000000,1686328.72228800,1.00000000,90.0,1686328.72228800,1517695.85005920,0.70000000,0.00000047,2146455.55936944,revenue-supported normalized cost units; not measured hashrate
S2a,S2/a,5,3468000,flat,low,efficient,320838798,0,0.00000000,1686328.72228800,1.00000000,90.0,1686328.72228800,1517695.85005920,0.58000000,0.00000039,2590549.81303208,revenue-supported normalized cost units; not measured hashrate
S2a,S2/a,5,3468000,flat,low,high_cost,320838798,0,0.00000000,1686328.72228800,1.00000000,90.0,1686328.72228800,1517695.85005920,0.90000000,0.00000060,1669465.43506512,revenue-supported normalized cost units; not measured hashrate
S2a,S2/a,5,3468000,flat,base,reference,320838798,10003,0.00311767,1686381.29805600,1.00000000,90.0,1686381.29805600,1517743.16825040,0.70000000,0.00000047,2146522.48081128,revenue-supported normalized cost units; not measured hashrate
S2a,S2/a,5,3468000,flat,base,efficient,320838798,10003,0.00311767,1686381.29805600,1.00000000,90.0,1686381.29805600,1517743.16825040,0.58000000,0.00000039,2590630.58028948,revenue-supported normalized cost units; not measured hashrate
S2a,S2/a,5,3468000,flat,base,high_cost,320838798,10003,0.00311767,1686381.29805600,1.00000000,90.0,1686381.29805600,1517743.16825040,0.90000000,0.00000060,1669517.48507544,revenue-supported normalized cost units; not measured hashrate
S2a,S2/a,5,3468000,flat,high,reference,320838798,290698,0.09052361,1687856.63097600,1.00000000,90.0,1687856.63097600,1519070.96787840,0.70000000,0.00000047,2148400.36885659,revenue-supported normalized cost units; not measured hashrate
S2a,S2/a,5,3468000,flat,high,efficient,320838798,290698,0.09052361,1687856.63097600,1.00000000,90.0,1687856.63097600,1519070.96787840,0.58000000,0.00000039,2592896.99689589,revenue-supported normalized cost units; not measured hashrate
S2a,S2/a,5,3468000,flat,high,high_cost,320838798,290698,0.09052361,1687856.63097600,1.00000000,90.0,1687856.63097600,1519070.96787840,0.90000000,0.00000060,1670978.06466624,revenue-supported normalized cost units; not measured hashrate
S2a,S2/a,5,3468000,growth,low,reference,320838798,0,0.00000000,1686328.72228800,1.15927407,80.0,1954917.16849592,1563933.73479674,0.70000000,0.00000052,2211849.13921253,revenue-supported normalized cost units; not measured hashrate
S2a,S2/a,5,3468000,growth,low,efficient,320838798,0,0.00000000,1686328.72228800,1.15927407,80.0,1954917.16849592,1563933.73479674,0.58000000,0.00000043,2669473.09904961,revenue-supported normalized cost units; not measured hashrate
S2a,S2/a,5,3468000,growth,low,high_cost,320838798,0,0.00000000,1686328.72228800,1.15927407,80.0,1954917.16849592,1563933.73479674,0.90000000,0.00000067,1720327.10827641,revenue-supported normalized cost units; not measured hashrate
S2a,S2/a,5,3468000,growth,base,reference,320838798,10003,0.00311767,1686381.29805600,1.15927407,80.0,1954978.11822070,1563982.49457656,0.70000000,0.00000052,2211918.09947257,revenue-supported normalized cost units; not measured hashrate
S2a,S2/a,5,3468000,growth,base,efficient,320838798,10003,0.00311767,1686381.29805600,1.15927407,80.0,1954978.11822070,1563982.49457656,0.58000000,0.00000043,2669556.32694965,revenue-supported normalized cost units; not measured hashrate
S2a,S2/a,5,3468000,growth,base,high_cost,320838798,10003,0.00311767,1686381.29805600,1.15927407,80.0,1954978.11822070,1563982.49457656,0.90000000,0.00000067,1720380.74403422,revenue-supported normalized cost units; not measured hashrate
S2a,S2/a,5,3468000,growth,high,reference,320838798,290698,0.09052361,1687856.63097600,1.15927407,80.0,1956688.43342582,1565350.74674066,0.70000000,0.00000052,2213853.19896178,revenue-supported normalized cost units; not measured hashrate
S2a,S2/a,5,3468000,growth,high,efficient,320838798,290698,0.09052361,1687856.63097600,1.15927407,80.0,1956688.43342582,1565350.74674066,0.58000000,0.00000043,2671891.79185043,revenue-supported normalized cost units; not measured hashrate
S2a,S2/a,5,3468000,growth,high,high_cost,320838798,290698,0.09052361,1687856.63097600,1.15927407,80.0,1956688.43342582,1565350.74674066,0.90000000,0.00000067,1721885.82141472,revenue-supported normalized cost units; not measured hashrate
S2a,S2/a,10,6096000,stress,low,reference,164700054,0,0.00000000,865663.48382400,0.59873694,70.0,518304.70471521,362813.29330065,0.70000000,0.00000117,513121.65766806,revenue-supported normalized cost units; not measured hashrate
S2a,S2/a,10,6096000,stress,low,efficient,164700054,0,0.00000000,865663.48382400,0.59873694,70.0,518304.70471521,362813.29330065,0.58000000,0.00000097,619284.75925456,revenue-supported normalized cost units; not measured hashrate
S2a,S2/a,10,6096000,stress,low,high_cost,164700054,0,0.00000000,865663.48382400,0.59873694,70.0,518304.70471521,362813.29330065,0.90000000,0.00000150,399094.62263071,revenue-supported normalized cost units; not measured hashrate
S2a,S2/a,10,6096000,stress,base,reference,164700054,10003,0.00607310,865716.05959200,0.59873694,70.0,518336.18376962,362835.32863874,0.70000000,0.00000117,513152.82193193,revenue-supported normalized cost units; not measured hashrate
S2a,S2/a,10,6096000,stress,base,efficient,164700054,10003,0.00607310,865716.05959200,0.59873694,70.0,518336.18376962,362835.32863874,0.58000000,0.00000097,619322.37129715,revenue-supported normalized cost units; not measured hashrate
S2a,S2/a,10,6096000,stress,base,high_cost,164700054,10003,0.00607310,865716.05959200,0.59873694,70.0,518336.18376962,362835.32863874,0.90000000,0.00000150,399118.86150261,revenue-supported normalized cost units; not measured hashrate
S2a,S2/a,10,6096000,stress,high,reference,164700054,290698,0.17619048,867191.39251200,0.59873694,70.0,519219.52008650,363453.66406055,0.70000000,0.00000116,514027.32488564,revenue-supported normalized cost units; not measured hashrate
S2a,S2/a,10,6096000,stress,high,efficient,164700054,290698,0.17619048,867191.39251200,0.59873694,70.0,519219.52008650,363453.66406055,0.58000000,0.00000097,620377.80589646,revenue-supported normalized cost units; not measured hashrate
S2a,S2/a,10,6096000,stress,high,high_cost,164700054,290698,0.17619048,867191.39251200,0.59873694,70.0,519219.52008650,363453.66406055,0.90000000,0.00000150,399799.03046661,revenue-supported normalized cost units; not measured hashrate
S2a,S2/a,10,6096000,flat,low,reference,164700054,0,0.00000000,865663.48382400,1.00000000,90.0,865663.48382400,779097.13544160,0.70000000,0.00000091,1101865.94869598,revenue-supported normalized cost units; not measured hashrate
S2a,S2/a,10,6096000,flat,low,efficient,164700054,0,0.00000000,865663.48382400,1.00000000,90.0,865663.48382400,779097.13544160,0.58000000,0.00000075,1329838.21394342,revenue-supported normalized cost units; not measured hashrate
S2a,S2/a,10,6096000,flat,low,high_cost,164700054,0,0.00000000,865663.48382400,1.00000000,90.0,865663.48382400,779097.13544160,0.90000000,0.00000117,857006.84898576,revenue-supported normalized cost units; not measured hashrate
S2a,S2/a,10,6096000,flat,base,reference,164700054,10003,0.00607310,865716.05959200,1.00000000,90.0,865716.05959200,779144.45363280,0.70000000,0.00000091,1101932.87013782,revenue-supported normalized cost units; not measured hashrate
S2a,S2/a,10,6096000,flat,base,efficient,164700054,10003,0.00607310,865716.05959200,1.00000000,90.0,865716.05959200,779144.45363280,0.58000000,0.00000075,1329918.98120081,revenue-supported normalized cost units; not measured hashrate
S2a,S2/a,10,6096000,flat,base,high_cost,164700054,10003,0.00607310,865716.05959200,1.00000000,90.0,865716.05959200,779144.45363280,0.90000000,0.00000117,857058.89899608,revenue-supported normalized cost units; not measured hashrate
S2a,S2/a,10,6096000,flat,high,reference,164700054,290698,0.17619048,867191.39251200,1.00000000,90.0,867191.39251200,780472.25326080,0.70000000,0.00000091,1103810.75818313,revenue-supported normalized cost units; not measured hashrate
S2a,S2/a,10,6096000,flat,high,efficient,164700054,290698,0.17619048,867191.39251200,1.00000000,90.0,867191.39251200,780472.25326080,0.58000000,0.00000075,1332185.39780723,revenue-supported normalized cost units; not measured hashrate
S2a,S2/a,10,6096000,flat,high,high_cost,164700054,290698,0.17619048,867191.39251200,1.00000000,90.0,867191.39251200,780472.25326080,0.90000000,0.00000116,858519.47858688,revenue-supported normalized cost units; not measured hashrate
S2a,S2/a,10,6096000,growth,low,reference,164700054,0,0.00000000,865663.48382400,1.34391638,80.0,1163379.33491117,930703.46792894,0.70000000,0.00000102,1316280.61892807,revenue-supported normalized cost units; not measured hashrate
S2a,S2/a,10,6096000,growth,low,efficient,164700054,0,0.00000000,865663.48382400,1.34391638,80.0,1163379.33491117,930703.46792894,0.58000000,0.00000085,1588614.54008560,revenue-supported normalized cost units; not measured hashrate
S2a,S2/a,10,6096000,growth,low,high_cost,164700054,0,0.00000000,865663.48382400,1.34391638,80.0,1163379.33491117,930703.46792894,0.90000000,0.00000131,1023773.81472183,revenue-supported normalized cost units; not measured hashrate
S2a,S2/a,10,6096000,growth,base,reference,164700054,10003,0.00607310,865716.05959200,1.34391638,80.0,1163449.99234694,930759.99387755,0.70000000,0.00000102,1316360.56276968,revenue-supported normalized cost units; not measured hashrate
S2a,S2/a,10,6096000,growth,base,efficient,164700054,10003,0.00607310,865716.05959200,1.34391638,80.0,1163449.99234694,930759.99387755,0.58000000,0.00000085,1588711.02403237,revenue-supported normalized cost units; not measured hashrate
S2a,S2/a,10,6096000,growth,base,high_cost,164700054,10003,0.00607310,865716.05959200,1.34391638,80.0,1163449.99234694,930759.99387755,0.90000000,0.00000131,1023835.99326531,revenue-supported normalized cost units; not measured hashrate
S2a,S2/a,10,6096000,growth,high,reference,164700054,290698,0.17619048,867191.39251200,1.34391638,80.0,1165432.71642311,932346.17313849,0.70000000,0.00000102,1318603.87343872,revenue-supported normalized cost units; not measured hashrate
S2a,S2/a,10,6096000,growth,high,efficient,164700054,290698,0.17619048,867191.39251200,1.34391638,80.0,1165432.71642311,932346.17313849,0.58000000,0.00000084,1591418.46794329,revenue-supported normalized cost units; not measured hashrate
S2a,S2/a,10,6096000,growth,high,high_cost,164700054,290698,0.17619048,867191.39251200,1.34391638,80.0,1165432.71642311,932346.17313849,0.90000000,0.00000131,1025580.79045234,revenue-supported normalized cost units; not measured hashrate
S2a,S2/a,25,13980000,stress,low,reference,50000000,0,0.00000000,262800.00000000,0.27738957,70.0,72897.97981642,51028.58587149,0.70000000,0.00000384,72169.00001825,revenue-supported normalized cost units; not measured hashrate
S2a,S2/a,25,13980000,stress,low,efficient,50000000,0,0.00000000,262800.00000000,0.27738957,70.0,72897.97981642,51028.58587149,0.58000000,0.00000318,87100.51726341,revenue-supported normalized cost units; not measured hashrate
S2a,S2/a,25,13980000,stress,low,high_cost,50000000,0,0.00000000,262800.00000000,0.27738957,70.0,72897.97981642,51028.58587149,0.90000000,0.00000494,56131.44445864,revenue-supported normalized cost units; not measured hashrate
S2a,S2/a,25,13980000,stress,base,reference,50000000,10003,0.02000200,262852.57576800,0.27738957,70.0,72912.56378626,51038.79465038,0.70000000,0.00000384,72183.43814840,revenue-supported normalized cost units; not measured hashrate
S2a,S2/a,25,13980000,stress,base,efficient,50000000,10003,0.02000200,262852.57576800,0.27738957,70.0,72912.56378626,51038.79465038,0.58000000,0.00000318,87117.94259289,revenue-supported normalized cost units; not measured hashrate
S2a,S2/a,25,13980000,stress,base,high_cost,50000000,10003,0.02000200,262852.57576800,0.27738957,70.0,72912.56378626,51038.79465038,0.90000000,0.00000494,56142.67411542,revenue-supported normalized cost units; not measured hashrate
S2a,S2/a,25,13980000,stress,high,reference,50000000,290698,0.57803533,264327.90868800,0.27738957,70.0,73321.80575515,51325.26402861,0.70000000,0.00000382,72588.58769760,revenue-supported normalized cost units; not measured hashrate
S2a,S2/a,25,13980000,stress,high,efficient,50000000,290698,0.57803533,264327.90868800,0.27738957,70.0,73321.80575515,51325.26402861,0.58000000,0.00000317,87606.91618676,revenue-supported normalized cost units; not measured hashrate
S2a,S2/a,25,13980000,stress,high,high_cost,50000000,290698,0.57803533,264327.90868800,0.27738957,70.0,73321.80575515,51325.26402861,0.90000000,0.00000491,56457.79043147,revenue-supported normalized cost units; not measured hashrate
S2a,S2/a,25,13980000,flat,low,reference,50000000,0,0.00000000,262800.00000000,1.00000000,90.0,262800.00000000,236520.00000000,0.70000000,0.00000299,334506.85714286,revenue-supported normalized cost units; not measured hashrate
S2a,S2/a,25,13980000,flat,low,efficient,50000000,0,0.00000000,262800.00000000,1.00000000,90.0,262800.00000000,236520.00000000,0.58000000,0.00000248,403715.17241379,revenue-supported normalized cost units; not measured hashrate
S2a,S2/a,25,13980000,flat,low,high_cost,50000000,0,0.00000000,262800.00000000,1.00000000,90.0,262800.00000000,236520.00000000,0.90000000,0.00000384,260172.00000000,revenue-supported normalized cost units; not measured hashrate
S2a,S2/a,25,13980000,flat,base,reference,50000000,10003,0.02000200,262852.57576800,1.00000000,90.0,262852.57576800,236567.31819120,0.70000000,0.00000299,334573.77858470,revenue-supported normalized cost units; not measured hashrate
S2a,S2/a,25,13980000,flat,base,efficient,50000000,10003,0.02000200,262852.57576800,1.00000000,90.0,262852.57576800,236567.31819120,0.58000000,0.00000248,403795.93967119,revenue-supported normalized cost units; not measured hashrate
S2a,S2/a,25,13980000,flat,base,high_cost,50000000,10003,0.02000200,262852.57576800,1.00000000,90.0,262852.57576800,236567.31819120,0.90000000,0.00000384,260224.05001032,revenue-supported normalized cost units; not measured hashrate
S2a,S2/a,25,13980000,flat,high,reference,50000000,290698,0.57803533,264327.90868800,1.00000000,90.0,264327.90868800,237895.11781920,0.70000000,0.00000297,336451.66663001,revenue-supported normalized cost units; not measured hashrate
S2a,S2/a,25,13980000,flat,high,efficient,50000000,290698,0.57803533,264327.90868800,1.00000000,90.0,264327.90868800,237895.11781920,0.58000000,0.00000246,406062.35627760,revenue-supported normalized cost units; not measured hashrate
S2a,S2/a,25,13980000,flat,high,high_cost,50000000,290698,0.57803533,264327.90868800,1.00000000,90.0,264327.90868800,237895.11781920,0.90000000,0.00000382,261684.62960112,revenue-supported normalized cost units; not measured hashrate
S2a,S2/a,25,13980000,growth,low,reference,50000000,0,0.00000000,262800.00000000,2.09377793,80.0,550244.83991313,440195.87193050,0.70000000,0.00000336,622562.73315885,revenue-supported normalized cost units; not measured hashrate
S2a,S2/a,25,13980000,growth,low,efficient,50000000,0,0.00000000,262800.00000000,2.09377793,80.0,550244.83991313,440195.87193050,0.58000000,0.00000279,751368.81588137,revenue-supported normalized cost units; not measured hashrate
S2a,S2/a,25,13980000,growth,low,high_cost,50000000,0,0.00000000,262800.00000000,2.09377793,80.0,550244.83991313,440195.87193050,0.90000000,0.00000432,484215.45912355,revenue-supported normalized cost units; not measured hashrate
S2a,S2/a,25,13980000,growth,base,reference,50000000,10003,0.02000200,262852.57576800,2.09377793,80.0,550354.92189580,440283.93751664,0.70000000,0.00000336,622687.28305925,revenue-supported normalized cost units; not measured hashrate
S2a,S2/a,25,13980000,growth,base,efficient,50000000,10003,0.02000200,262852.57576800,2.09377793,80.0,550354.92189580,440283.93751664,0.58000000,0.00000279,751519.13472668,revenue-supported normalized cost units; not measured hashrate
S2a,S2/a,25,13980000,growth,base,high_cost,50000000,10003,0.02000200,262852.57576800,2.09377793,80.0,550354.92189580,440283.93751664,0.90000000,0.00000432,484312.33126830,revenue-supported normalized cost units; not measured hashrate
S2a,S2/a,25,13980000,growth,high,reference,50000000,290698,0.57803533,264327.90868800,2.09377793,80.0,553443.94140259,442755.15312207,0.70000000,0.00000334,626182.28798693,revenue-supported normalized cost units; not measured hashrate
S2a,S2/a,25,13980000,growth,high,efficient,50000000,290698,0.57803533,264327.90868800,2.09377793,80.0,553443.94140259,442755.15312207,0.58000000,0.00000277,755737.24412216,revenue-supported normalized cost units; not measured hashrate
S2a,S2/a,25,13980000,growth,high,high_cost,50000000,290698,0.57803533,264327.90868800,2.09377793,80.0,553443.94140259,442755.15312207,0.90000000,0.00000430,487030.66843428,revenue-supported normalized cost units; not measured hashrate
S2a,S2/a,50,27120000,stress,low,reference,50000000,0,0.00000000,262800.00000000,0.07694498,70.0,20221.13950272,14154.79765190,0.70000000,0.00000384,20018.92810769,revenue-supported normalized cost units; not measured hashrate
S2a,S2/a,50,27120000,stress,low,efficient,50000000,0,0.00000000,262800.00000000,0.07694498,70.0,20221.13950272,14154.79765190,0.58000000,0.00000318,24160.77530239,revenue-supported normalized cost units; not measured hashrate
S2a,S2/a,50,27120000,stress,low,high_cost,50000000,0,0.00000000,262800.00000000,0.07694498,70.0,20221.13950272,14154.79765190,0.90000000,0.00000494,15570.27741709,revenue-supported normalized cost units; not measured hashrate
S2a,S2/a,50,27120000,stress,base,reference,50000000,10003,0.02000200,262852.57576800,0.07694498,70.0,20225.18494389,14157.62946072,0.70000000,0.00000384,20022.93309445,revenue-supported normalized cost units; not measured hashrate
S2a,S2/a,50,27120000,stress,base,efficient,50000000,10003,0.02000200,262852.57576800,0.07694498,70.0,20225.18494389,14157.62946072,0.58000000,0.00000318,24165.60890710,revenue-supported normalized cost units; not measured hashrate
S2a,S2/a,50,27120000,stress,base,high_cost,50000000,10003,0.02000200,262852.57576800,0.07694498,70.0,20225.18494389,14157.62946072,0.90000000,0.00000494,15573.39240679,revenue-supported normalized cost units; not measured hashrate
S2a,S2/a,50,27120000,stress,high,reference,50000000,290698,0.57803533,264327.90868800,0.07694498,70.0,20338.70439894,14237.09307926,0.70000000,0.00000382,20135.31735495,revenue-supported normalized cost units; not measured hashrate
S2a,S2/a,50,27120000,stress,high,efficient,50000000,290698,0.57803533,264327.90868800,0.07694498,70.0,20338.70439894,14237.09307926,0.58000000,0.00000317,24301.24508357,revenue-supported normalized cost units; not measured hashrate
S2a,S2/a,50,27120000,stress,high,high_cost,50000000,290698,0.57803533,264327.90868800,0.07694498,70.0,20338.70439894,14237.09307926,0.90000000,0.00000491,15660.80238719,revenue-supported normalized cost units; not measured hashrate
S2a,S2/a,50,27120000,flat,low,reference,50000000,0,0.00000000,262800.00000000,1.00000000,90.0,262800.00000000,236520.00000000,0.70000000,0.00000299,334506.85714286,revenue-supported normalized cost units; not measured hashrate
S2a,S2/a,50,27120000,flat,low,efficient,50000000,0,0.00000000,262800.00000000,1.00000000,90.0,262800.00000000,236520.00000000,0.58000000,0.00000248,403715.17241379,revenue-supported normalized cost units; not measured hashrate
S2a,S2/a,50,27120000,flat,low,high_cost,50000000,0,0.00000000,262800.00000000,1.00000000,90.0,262800.00000000,236520.00000000,0.90000000,0.00000384,260172.00000000,revenue-supported normalized cost units; not measured hashrate
S2a,S2/a,50,27120000,flat,base,reference,50000000,10003,0.02000200,262852.57576800,1.00000000,90.0,262852.57576800,236567.31819120,0.70000000,0.00000299,334573.77858470,revenue-supported normalized cost units; not measured hashrate
S2a,S2/a,50,27120000,flat,base,efficient,50000000,10003,0.02000200,262852.57576800,1.00000000,90.0,262852.57576800,236567.31819120,0.58000000,0.00000248,403795.93967119,revenue-supported normalized cost units; not measured hashrate
S2a,S2/a,50,27120000,flat,base,high_cost,50000000,10003,0.02000200,262852.57576800,1.00000000,90.0,262852.57576800,236567.31819120,0.90000000,0.00000384,260224.05001032,revenue-supported normalized cost units; not measured hashrate
S2a,S2/a,50,27120000,flat,high,reference,50000000,290698,0.57803533,264327.90868800,1.00000000,90.0,264327.90868800,237895.11781920,0.70000000,0.00000297,336451.66663001,revenue-supported normalized cost units; not measured hashrate
S2a,S2/a,50,27120000,flat,high,efficient,50000000,290698,0.57803533,264327.90868800,1.00000000,90.0,264327.90868800,237895.11781920,0.58000000,0.00000246,406062.35627760,revenue-supported normalized cost units; not measured hashrate
S2a,S2/a,50,27120000,flat,high,high_cost,50000000,290698,0.57803533,264327.90868800,1.00000000,90.0,264327.90868800,237895.11781920,0.90000000,0.00000382,261684.62960112,revenue-supported normalized cost units; not measured hashrate
S2a,S2/a,50,27120000,growth,low,reference,50000000,0,0.00000000,262800.00000000,4.38390602,80.0,1152090.50171622,921672.40137298,0.70000000,0.00000336,1303508.11051321,revenue-supported normalized cost units; not measured hashrate
S2a,S2/a,50,27120000,growth,low,efficient,50000000,0,0.00000000,262800.00000000,4.38390602,80.0,1152090.50171622,921672.40137298,0.58000000,0.00000279,1573199.44372284,revenue-supported normalized cost units; not measured hashrate
S2a,S2/a,50,27120000,growth,low,high_cost,50000000,0,0.00000000,262800.00000000,4.38390602,80.0,1152090.50171622,921672.40137298,0.90000000,0.00000432,1013839.64151028,revenue-supported normalized cost units; not measured hashrate
S2a,S2/a,50,27120000,growth,base,reference,50000000,10003,0.02000200,262852.57576800,4.38390602,80.0,1152320.98894200,921856.79115360,0.70000000,0.00000336,1303768.89034580,revenue-supported normalized cost units; not measured hashrate
S2a,S2/a,50,27120000,growth,base,efficient,50000000,10003,0.02000200,262852.57576800,4.38390602,80.0,1152320.98894200,921856.79115360,0.58000000,0.00000279,1573514.17800355,revenue-supported normalized cost units; not measured hashrate
S2a,S2/a,50,27120000,growth,base,high_cost,50000000,10003,0.02000200,262852.57576800,4.38390602,80.0,1152320.98894200,921856.79115360,0.90000000,0.00000432,1014042.47026896,revenue-supported normalized cost units; not measured hashrate
S2a,S2/a,50,27120000,growth,high,reference,50000000,290698,0.57803533,264327.90868800,4.38390602,80.0,1158788.70980958,927030.96784767,0.70000000,0.00000334,1311086.65452741,revenue-supported normalized cost units; not measured hashrate
S2a,S2/a,50,27120000,growth,high,efficient,50000000,290698,0.57803533,264327.90868800,4.38390602,80.0,1158788.70980958,927030.96784767,0.58000000,0.00000277,1582345.96236067,revenue-supported normalized cost units; not measured hashrate
S2a,S2/a,50,27120000,growth,high,high_cost,50000000,290698,0.57803533,264327.90868800,4.38390602,80.0,1158788.70980958,927030.96784767,0.90000000,0.00000430,1019734.06463243,revenue-supported normalized cost units; not measured hashrate
S2a,S2/a,100,53400000,stress,low,reference,50000000,0,0.00000000,262800.00000000,0.00592053,70.0,1555.91507910,1089.14055537,0.70000000,0.00000384,1540.35592831,revenue-supported normalized cost units; not measured hashrate
S2a,S2/a,100,53400000,stress,low,efficient,50000000,0,0.00000000,262800.00000000,0.00592053,70.0,1555.91507910,1089.14055537,0.58000000,0.00000318,1859.05025831,revenue-supported normalized cost units; not measured hashrate
S2a,S2/a,100,53400000,stress,low,high_cost,50000000,0,0.00000000,262800.00000000,0.00592053,70.0,1555.91507910,1089.14055537,0.90000000,0.00000494,1198.05461091,revenue-supported normalized cost units; not measured hashrate
S2a,S2/a,100,53400000,stress,base,reference,50000000,10003,0.02000200,262852.57576800,0.00592053,70.0,1556.22635547,1089.35844883,0.70000000,0.00000384,1540.66409192,revenue-supported normalized cost units; not measured hashrate
S2a,S2/a,100,53400000,stress,base,efficient,50000000,10003,0.02000200,262852.57576800,0.00592053,70.0,1556.22635547,1089.35844883,0.58000000,0.00000318,1859.42217990,revenue-supported normalized cost units; not measured hashrate
S2a,S2/a,100,53400000,stress,base,high_cost,50000000,10003,0.02000200,262852.57576800,0.00592053,70.0,1556.22635547,1089.35844883,0.90000000,0.00000494,1198.29429372,revenue-supported normalized cost units; not measured hashrate
S2a,S2/a,100,53400000,stress,high,reference,50000000,290698,0.57803533,264327.90868800,0.00592053,70.0,1564.96110714,1095.47277500,0.70000000,0.00000382,1549.31149607,revenue-supported normalized cost units; not measured hashrate
S2a,S2/a,100,53400000,stress,high,efficient,50000000,290698,0.57803533,264327.90868800,0.00592053,70.0,1564.96110714,1095.47277500,0.58000000,0.00000317,1869.85870215,revenue-supported normalized cost units; not measured hashrate
S2a,S2/a,100,53400000,stress,high,high_cost,50000000,290698,0.57803533,264327.90868800,0.00592053,70.0,1564.96110714,1095.47277500,0.90000000,0.00000491,1205.02005250,revenue-supported normalized cost units; not measured hashrate
S2a,S2/a,100,53400000,flat,low,reference,50000000,0,0.00000000,262800.00000000,1.00000000,90.0,262800.00000000,236520.00000000,0.70000000,0.00000299,334506.85714286,revenue-supported normalized cost units; not measured hashrate
S2a,S2/a,100,53400000,flat,low,efficient,50000000,0,0.00000000,262800.00000000,1.00000000,90.0,262800.00000000,236520.00000000,0.58000000,0.00000248,403715.17241379,revenue-supported normalized cost units; not measured hashrate
S2a,S2/a,100,53400000,flat,low,high_cost,50000000,0,0.00000000,262800.00000000,1.00000000,90.0,262800.00000000,236520.00000000,0.90000000,0.00000384,260172.00000000,revenue-supported normalized cost units; not measured hashrate
S2a,S2/a,100,53400000,flat,base,reference,50000000,10003,0.02000200,262852.57576800,1.00000000,90.0,262852.57576800,236567.31819120,0.70000000,0.00000299,334573.77858470,revenue-supported normalized cost units; not measured hashrate
S2a,S2/a,100,53400000,flat,base,efficient,50000000,10003,0.02000200,262852.57576800,1.00000000,90.0,262852.57576800,236567.31819120,0.58000000,0.00000248,403795.93967119,revenue-supported normalized cost units; not measured hashrate
S2a,S2/a,100,53400000,flat,base,high_cost,50000000,10003,0.02000200,262852.57576800,1.00000000,90.0,262852.57576800,236567.31819120,0.90000000,0.00000384,260224.05001032,revenue-supported normalized cost units; not measured hashrate
S2a,S2/a,100,53400000,flat,high,reference,50000000,290698,0.57803533,264327.90868800,1.00000000,90.0,264327.90868800,237895.11781920,0.70000000,0.00000297,336451.66663001,revenue-supported normalized cost units; not measured hashrate
S2a,S2/a,100,53400000,flat,high,efficient,50000000,290698,0.57803533,264327.90868800,1.00000000,90.0,264327.90868800,237895.11781920,0.58000000,0.00000246,406062.35627760,revenue-supported normalized cost units; not measured hashrate
S2a,S2/a,100,53400000,flat,high,high_cost,50000000,290698,0.57803533,264327.90868800,1.00000000,90.0,264327.90868800,237895.11781920,0.90000000,0.00000382,261684.62960112,revenue-supported normalized cost units; not measured hashrate
S2a,S2/a,100,53400000,growth,low,reference,50000000,0,0.00000000,262800.00000000,19.21863198,80.0,5050656.48456902,4040525.18765522,0.70000000,0.00000336,5714457.05111238,revenue-supported normalized cost units; not measured hashrate
S2a,S2/a,100,53400000,growth,low,efficient,50000000,0,0.00000000,262800.00000000,19.21863198,80.0,5050656.48456902,4040525.18765522,0.58000000,0.00000279,6896758.50996322,revenue-supported normalized cost units; not measured hashrate
S2a,S2/a,100,53400000,growth,low,high_cost,50000000,0,0.00000000,262800.00000000,19.21863198,80.0,5050656.48456902,4040525.18765522,0.90000000,0.00000432,4444577.70642074,revenue-supported normalized cost units; not measured hashrate
S2a,S2/a,100,53400000,growth,base,reference,50000000,10003,0.02000200,262852.57576800,19.21863198,80.0,5051666.91890532,4041333.53512426,0.70000000,0.00000336,5715600.28539002,revenue-supported normalized cost units; not measured hashrate
S2a,S2/a,100,53400000,growth,base,efficient,50000000,10003,0.02000200,262852.57576800,19.21863198,80.0,5051666.91890532,4041333.53512426,0.58000000,0.00000279,6898138.27547072,revenue-supported normalized cost units; not measured hashrate
S2a,S2/a,100,53400000,growth,base,high_cost,50000000,10003,0.02000200,262852.57576800,19.21863198,80.0,5051666.91890532,4041333.53512426,0.90000000,0.00000432,4445466.88863669,revenue-supported normalized cost units; not measured hashrate
S2a,S2/a,100,53400000,growth,high,reference,50000000,290698,0.57803533,264327.90868800,19.21863198,80.0,5080020.79934405,4064016.63947524,0.70000000,0.00000334,5747680.67582926,revenue-supported normalized cost units; not measured hashrate
S2a,S2/a,100,53400000,growth,high,efficient,50000000,290698,0.57803533,264327.90868800,19.21863198,80.0,5080020.79934405,4064016.63947524,0.58000000,0.00000277,6936855.98806980,revenue-supported normalized cost units; not measured hashrate
S2a,S2/a,100,53400000,growth,high,high_cost,50000000,290698,0.57803533,264327.90868800,19.21863198,80.0,5080020.79934405,4064016.63947524,0.90000000,0.00000430,4470418.30342276,revenue-supported normalized cost units; not measured hashrate
S2a,S2/a,250,132240000,stress,low,reference,50000000,0,0.00000000,262800.00000000,0.00000270,70.0,0.70880485,0.49616340,0.70000000,0.00000384,0.70171681,revenue-supported normalized cost units; not measured hashrate
S2a,S2/a,250,132240000,stress,low,efficient,50000000,0,0.00000000,262800.00000000,0.00000270,70.0,0.70880485,0.49616340,0.58000000,0.00000318,0.84689959,revenue-supported normalized cost units; not measured hashrate
S2a,S2/a,250,132240000,stress,low,high_cost,50000000,0,0.00000000,262800.00000000,0.00000270,70.0,0.70880485,0.49616340,0.90000000,0.00000494,0.54577974,revenue-supported normalized cost units; not measured hashrate
S2a,S2/a,250,132240000,stress,base,reference,50000000,10003,0.02000200,262852.57576800,0.00000270,70.0,0.70894666,0.49626266,0.70000000,0.00000384,0.70185719,revenue-supported normalized cost units; not measured hashrate
S2a,S2/a,250,132240000,stress,base,efficient,50000000,10003,0.02000200,262852.57576800,0.00000270,70.0,0.70894666,0.49626266,0.58000000,0.00000318,0.84706902,revenue-supported normalized cost units; not measured hashrate
S2a,S2/a,250,132240000,stress,base,high_cost,50000000,10003,0.02000200,262852.57576800,0.00000270,70.0,0.70894666,0.49626266,0.90000000,0.00000494,0.54588893,revenue-supported normalized cost units; not measured hashrate
S2a,S2/a,250,132240000,stress,high,reference,50000000,290698,0.57803533,264327.90868800,0.00000270,70.0,0.71292582,0.49904807,0.70000000,0.00000382,0.70579656,revenue-supported normalized cost units; not measured hashrate
S2a,S2/a,250,132240000,stress,high,efficient,50000000,290698,0.57803533,264327.90868800,0.00000270,70.0,0.71292582,0.49904807,0.58000000,0.00000317,0.85182343,revenue-supported normalized cost units; not measured hashrate
S2a,S2/a,250,132240000,stress,high,high_cost,50000000,290698,0.57803533,264327.90868800,0.00000270,70.0,0.71292582,0.49904807,0.90000000,0.00000491,0.54895288,revenue-supported normalized cost units; not measured hashrate
S2a,S2/a,250,132240000,flat,low,reference,50000000,0,0.00000000,262800.00000000,1.00000000,90.0,262800.00000000,236520.00000000,0.70000000,0.00000299,334506.85714286,revenue-supported normalized cost units; not measured hashrate
S2a,S2/a,250,132240000,flat,low,efficient,50000000,0,0.00000000,262800.00000000,1.00000000,90.0,262800.00000000,236520.00000000,0.58000000,0.00000248,403715.17241379,revenue-supported normalized cost units; not measured hashrate
S2a,S2/a,250,132240000,flat,low,high_cost,50000000,0,0.00000000,262800.00000000,1.00000000,90.0,262800.00000000,236520.00000000,0.90000000,0.00000384,260172.00000000,revenue-supported normalized cost units; not measured hashrate
S2a,S2/a,250,132240000,flat,base,reference,50000000,10003,0.02000200,262852.57576800,1.00000000,90.0,262852.57576800,236567.31819120,0.70000000,0.00000299,334573.77858470,revenue-supported normalized cost units; not measured hashrate
S2a,S2/a,250,132240000,flat,base,efficient,50000000,10003,0.02000200,262852.57576800,1.00000000,90.0,262852.57576800,236567.31819120,0.58000000,0.00000248,403795.93967119,revenue-supported normalized cost units; not measured hashrate
S2a,S2/a,250,132240000,flat,base,high_cost,50000000,10003,0.02000200,262852.57576800,1.00000000,90.0,262852.57576800,236567.31819120,0.90000000,0.00000384,260224.05001032,revenue-supported normalized cost units; not measured hashrate
S2a,S2/a,250,132240000,flat,high,reference,50000000,290698,0.57803533,264327.90868800,1.00000000,90.0,264327.90868800,237895.11781920,0.70000000,0.00000297,336451.66663001,revenue-supported normalized cost units; not measured hashrate
S2a,S2/a,250,132240000,flat,high,efficient,50000000,290698,0.57803533,264327.90868800,1.00000000,90.0,264327.90868800,237895.11781920,0.58000000,0.00000246,406062.35627760,revenue-supported normalized cost units; not measured hashrate
S2a,S2/a,250,132240000,flat,high,high_cost,50000000,290698,0.57803533,264327.90868800,1.00000000,90.0,264327.90868800,237895.11781920,0.90000000,0.00000382,261684.62960112,revenue-supported normalized cost units; not measured hashrate
S2a,S2/a,250,132240000,growth,low,reference,50000000,0,0.00000000,262800.00000000,1619.22118137,80.0,425531326.46353434,340425061.17082747,0.70000000,0.00000336,481458300.79874171,revenue-supported normalized cost units; not measured hashrate
S2a,S2/a,250,132240000,growth,low,efficient,50000000,0,0.00000000,262800.00000000,1619.22118137,80.0,425531326.46353434,340425061.17082747,0.58000000,0.00000279,581070363.03296414,revenue-supported normalized cost units; not measured hashrate
S2a,S2/a,250,132240000,growth,low,high_cost,50000000,0,0.00000000,262800.00000000,1619.22118137,80.0,425531326.46353434,340425061.17082747,0.90000000,0.00000432,374467567.28791022,revenue-supported normalized cost units; not measured hashrate
S2a,S2/a,250,132240000,growth,base,reference,50000000,10003,0.02000200,262852.57576800,1619.22118137,80.0,425616458.26070664,340493166.60856531,0.70000000,0.00000336,481554621.34639951,revenue-supported normalized cost units; not measured hashrate
S2a,S2/a,250,132240000,growth,base,efficient,50000000,10003,0.02000200,262852.57576800,1619.22118137,80.0,425616458.26070664,340493166.60856531,0.58000000,0.00000279,581186611.96979251,revenue-supported normalized cost units; not measured hashrate
S2a,S2/a,250,132240000,growth,base,high_cost,50000000,10003,0.02000200,262852.57576800,1619.22118137,80.0,425616458.26070664,340493166.60856531,0.90000000,0.00000432,374542483.26942184,revenue-supported normalized cost units; not measured hashrate
S2a,S2/a,250,132240000,growth,high,reference,50000000,290698,0.57803533,264327.90868800,1619.22118137,80.0,428005348.57434027,342404278.85947222,0.70000000,0.00000334,484257480.10125356,revenue-supported normalized cost units; not measured hashrate
S2a,S2/a,250,132240000,growth,high,efficient,50000000,290698,0.57803533,264327.90868800,1619.22118137,80.0,428005348.57434027,342404278.85947222,0.58000000,0.00000277,584448682.88082327,revenue-supported normalized cost units; not measured hashrate
S2a,S2/a,250,132240000,growth,high,high_cost,50000000,290698,0.57803533,264327.90868800,1619.22118137,80.0,428005348.57434027,342404278.85947222,0.90000000,0.00000430,376644706.74541944,revenue-supported normalized cost units; not measured hashrate
S2a,S2/a,500,263640000,stress,low,reference,0,0,0.00000000,0.00000000,0.00000000,70.0,0.00000000,0.00000000,0.70000000,0.00000000,0.00000000,revenue-supported normalized cost units; not measured hashrate
S2a,S2/a,500,263640000,stress,low,efficient,0,0,0.00000000,0.00000000,0.00000000,70.0,0.00000000,0.00000000,0.58000000,0.00000000,0.00000000,revenue-supported normalized cost units; not measured hashrate
S2a,S2/a,500,263640000,stress,low,high_cost,0,0,0.00000000,0.00000000,0.00000000,70.0,0.00000000,0.00000000,0.90000000,0.00000000,0.00000000,revenue-supported normalized cost units; not measured hashrate
S2a,S2/a,500,263640000,stress,base,reference,0,10003,100.00000000,52.57576800,0.00000000,70.0,0.00000000,0.00000000,0.70000000,0.01921229,0.00000000,revenue-supported normalized cost units; not measured hashrate
S2a,S2/a,500,263640000,stress,base,efficient,0,10003,100.00000000,52.57576800,0.00000000,70.0,0.00000000,0.00000000,0.58000000,0.01591876,0.00000000,revenue-supported normalized cost units; not measured hashrate
S2a,S2/a,500,263640000,stress,base,high_cost,0,10003,100.00000000,52.57576800,0.00000000,70.0,0.00000000,0.00000000,0.90000000,0.02470152,0.00000000,revenue-supported normalized cost units; not measured hashrate
S2a,S2/a,500,263640000,stress,high,reference,0,290698,100.00000000,1527.90868800,0.00000000,70.0,0.00000001,0.00000001,0.70000000,0.00066110,0.00000001,revenue-supported normalized cost units; not measured hashrate
S2a,S2/a,500,263640000,stress,high,efficient,0,290698,100.00000000,1527.90868800,0.00000000,70.0,0.00000001,0.00000001,0.58000000,0.00054777,0.00000001,revenue-supported normalized cost units; not measured hashrate
S2a,S2/a,500,263640000,stress,high,high_cost,0,290698,100.00000000,1527.90868800,0.00000000,70.0,0.00000001,0.00000001,0.90000000,0.00084999,0.00000001,revenue-supported normalized cost units; not measured hashrate
S2a,S2/a,500,263640000,flat,low,reference,0,0,0.00000000,0.00000000,1.00000000,90.0,0.00000000,0.00000000,0.70000000,0.00000000,0.00000000,revenue-supported normalized cost units; not measured hashrate
S2a,S2/a,500,263640000,flat,low,efficient,0,0,0.00000000,0.00000000,1.00000000,90.0,0.00000000,0.00000000,0.58000000,0.00000000,0.00000000,revenue-supported normalized cost units; not measured hashrate
S2a,S2/a,500,263640000,flat,low,high_cost,0,0,0.00000000,0.00000000,1.00000000,90.0,0.00000000,0.00000000,0.90000000,0.00000000,0.00000000,revenue-supported normalized cost units; not measured hashrate
S2a,S2/a,500,263640000,flat,base,reference,0,10003,100.00000000,52.57576800,1.00000000,90.0,52.57576800,47.31819120,0.70000000,0.01494289,66.92144184,revenue-supported normalized cost units; not measured hashrate
S2a,S2/a,500,263640000,flat,base,efficient,0,10003,100.00000000,52.57576800,1.00000000,90.0,52.57576800,47.31819120,0.58000000,0.01238125,80.76725739,revenue-supported normalized cost units; not measured hashrate
S2a,S2/a,500,263640000,flat,base,high_cost,0,10003,100.00000000,52.57576800,1.00000000,90.0,52.57576800,47.31819120,0.90000000,0.01921229,52.05001032,revenue-supported normalized cost units; not measured hashrate
S2a,S2/a,500,263640000,flat,high,reference,0,290698,100.00000000,1527.90868800,1.00000000,90.0,1527.90868800,1375.11781920,0.70000000,0.00051419,1944.80948715,revenue-supported normalized cost units; not measured hashrate
S2a,S2/a,500,263640000,flat,high,efficient,0,290698,100.00000000,1527.90868800,1.00000000,90.0,1527.90868800,1375.11781920,0.58000000,0.00042604,2347.18386381,revenue-supported normalized cost units; not measured hashrate
S2a,S2/a,500,263640000,flat,high,high_cost,0,290698,100.00000000,1527.90868800,1.00000000,90.0,1527.90868800,1375.11781920,0.90000000,0.00066110,1512.62960112,revenue-supported normalized cost units; not measured hashrate
S2a,S2/a,500,263640000,growth,low,reference,0,0,0.00000000,0.00000000,2621877.23419108,80.0,0.00000000,0.00000000,0.70000000,0.00000000,0.00000000,revenue-supported normalized cost units; not measured hashrate
S2a,S2/a,500,263640000,growth,low,efficient,0,0,0.00000000,0.00000000,2621877.23419108,80.0,0.00000000,0.00000000,0.58000000,0.00000000,0.00000000,revenue-supported normalized cost units; not measured hashrate
S2a,S2/a,500,263640000,growth,low,high_cost,0,0,0.00000000,0.00000000,2621877.23419108,80.0,0.00000000,0.00000000,0.90000000,0.00000000,0.00000000,revenue-supported normalized cost units; not measured hashrate
S2a,S2/a,500,263640000,growth,base,reference,0,10003,100.00000000,52.57576800,2621877.23419108,80.0,137847209.18931171,110277767.35144937,0.70000000,0.01681076,155964270.96847839,revenue-supported normalized cost units; not measured hashrate
S2a,S2/a,500,263640000,growth,base,efficient,0,10003,100.00000000,52.57576800,2621877.23419108,80.0,137847209.18931171,110277767.35144937,0.58000000,0.01392891,188232740.82402565,revenue-supported normalized cost units; not measured hashrate
S2a,S2/a,500,263640000,growth,base,high_cost,0,10003,100.00000000,52.57576800,2621877.23419108,80.0,137847209.18931171,110277767.35144937,0.90000000,0.02161383,121305544.08659430,revenue-supported normalized cost units; not measured hashrate
S2a,S2/a,500,263640000,growth,high,reference,0,290698,100.00000000,1527.90868800,2621877.23419108,80.0,4005989004.98995656,3204791203.99196525,0.70000000,0.00057846,4532490417.07435085,revenue-supported normalized cost units; not measured hashrate
S2a,S2/a,500,263640000,growth,high,efficient,0,290698,100.00000000,1527.90868800,2621877.23419108,80.0,4005989004.98995656,3204791203.99196525,0.58000000,0.00047930,5470247055.08973378,revenue-supported normalized cost units; not measured hashrate
S2a,S2/a,500,263640000,growth,high,high_cost,0,290698,100.00000000,1527.90868800,2621877.23419108,80.0,4005989004.98995656,3204791203.99196525,0.90000000,0.00074374,3525270324.39116177,revenue-supported normalized cost units; not measured hashrate
S2b,S2/b,0,840000,stress,low,reference,593750000,0,0.00000000,3120750.00000000,1.00000000,70.0,3120750.00000000,2184525.00000000,0.70000000,0.00000032,3089542.50000000,revenue-supported normalized cost units; not measured hashrate
S2b,S2/b,0,840000,stress,low,efficient,593750000,0,0.00000000,3120750.00000000,1.00000000,70.0,3120750.00000000,2184525.00000000,0.58000000,0.00000027,3728758.18965517,revenue-supported normalized cost units; not measured hashrate
S2b,S2/b,0,840000,stress,low,high_cost,593750000,0,0.00000000,3120750.00000000,1.00000000,70.0,3120750.00000000,2184525.00000000,0.90000000,0.00000042,2402977.50000000,revenue-supported normalized cost units; not measured hashrate
S2b,S2/b,0,840000,stress,base,reference,593750000,10003,0.00168469,3120802.57576800,1.00000000,70.0,3120802.57576800,2184561.80303760,0.70000000,0.00000032,3089594.55001032,revenue-supported normalized cost units; not measured hashrate
S2b,S2/b,0,840000,stress,base,efficient,593750000,10003,0.00168469,3120802.57576800,1.00000000,70.0,3120802.57576800,2184561.80303760,0.58000000,0.00000027,3728821.00863314,revenue-supported normalized cost units; not measured hashrate
S2b,S2/b,0,840000,stress,base,high_cost,593750000,10003,0.00168469,3120802.57576800,1.00000000,70.0,3120802.57576800,2184561.80303760,0.90000000,0.00000042,2403017.98334136,revenue-supported normalized cost units; not measured hashrate
S2b,S2/b,0,840000,stress,high,reference,593750000,290698,0.04893570,3122277.90868800,1.00000000,70.0,3122277.90868800,2185594.53608160,0.70000000,0.00000032,3091055.12960112,revenue-supported normalized cost units; not measured hashrate
S2b,S2/b,0,840000,stress,high,efficient,593750000,290698,0.04893570,3122277.90868800,1.00000000,70.0,3122277.90868800,2185594.53608160,0.58000000,0.00000027,3730583.77710480,revenue-supported normalized cost units; not measured hashrate
S2b,S2/b,0,840000,stress,high,high_cost,593750000,290698,0.04893570,3122277.90868800,1.00000000,70.0,3122277.90868800,2185594.53608160,0.90000000,0.00000042,2404153.98968976,revenue-supported normalized cost units; not measured hashrate
S2b,S2/b,0,840000,flat,low,reference,593750000,0,0.00000000,3120750.00000000,1.00000000,90.0,3120750.00000000,2808675.00000000,0.70000000,0.00000025,3972268.92857143,revenue-supported normalized cost units; not measured hashrate
S2b,S2/b,0,840000,flat,low,efficient,593750000,0,0.00000000,3120750.00000000,1.00000000,90.0,3120750.00000000,2808675.00000000,0.58000000,0.00000021,4794117.67241379,revenue-supported normalized cost units; not measured hashrate
S2b,S2/b,0,840000,flat,low,high_cost,593750000,0,0.00000000,3120750.00000000,1.00000000,90.0,3120750.00000000,2808675.00000000,0.90000000,0.00000032,3089542.50000000,revenue-supported normalized cost units; not measured hashrate
S2b,S2/b,0,840000,flat,base,reference,593750000,10003,0.00168469,3120802.57576800,1.00000000,90.0,3120802.57576800,2808722.31819120,0.70000000,0.00000025,3972335.85001327,revenue-supported normalized cost units; not measured hashrate
S2b,S2/b,0,840000,flat,base,efficient,593750000,10003,0.00168469,3120802.57576800,1.00000000,90.0,3120802.57576800,2808722.31819120,0.58000000,0.00000021,4794198.43967119,revenue-supported normalized cost units; not measured hashrate
S2b,S2/b,0,840000,flat,base,high_cost,593750000,10003,0.00168469,3120802.57576800,1.00000000,90.0,3120802.57576800,2808722.31819120,0.90000000,0.00000032,3089594.55001032,revenue-supported normalized cost units; not measured hashrate
S2b,S2/b,0,840000,flat,high,reference,593750000,290698,0.04893570,3122277.90868800,1.00000000,90.0,3122277.90868800,2810050.11781920,0.70000000,0.00000025,3974213.73805858,revenue-supported normalized cost units; not measured hashrate
S2b,S2/b,0,840000,flat,high,efficient,593750000,290698,0.04893570,3122277.90868800,1.00000000,90.0,3122277.90868800,2810050.11781920,0.58000000,0.00000021,4796464.85627760,revenue-supported normalized cost units; not measured hashrate
S2b,S2/b,0,840000,flat,high,high_cost,593750000,290698,0.04893570,3122277.90868800,1.00000000,90.0,3122277.90868800,2810050.11781920,0.90000000,0.00000032,3091055.12960112,revenue-supported normalized cost units; not measured hashrate
S2b,S2/b,0,840000,growth,low,reference,593750000,0,0.00000000,3120750.00000000,1.00000000,80.0,3120750.00000000,2496600.00000000,0.70000000,0.00000028,3530905.71428571,revenue-supported normalized cost units; not measured hashrate
S2b,S2/b,0,840000,growth,low,efficient,593750000,0,0.00000000,3120750.00000000,1.00000000,80.0,3120750.00000000,2496600.00000000,0.58000000,0.00000023,4261437.93103448,revenue-supported normalized cost units; not measured hashrate
S2b,S2/b,0,840000,growth,low,high_cost,593750000,0,0.00000000,3120750.00000000,1.00000000,80.0,3120750.00000000,2496600.00000000,0.90000000,0.00000036,2746260.00000000,revenue-supported normalized cost units; not measured hashrate
S2b,S2/b,0,840000,growth,base,reference,593750000,10003,0.00168469,3120802.57576800,1.00000000,80.0,3120802.57576800,2496642.06061440,0.70000000,0.00000028,3530965.20001179,revenue-supported normalized cost units; not measured hashrate
S2b,S2/b,0,840000,growth,base,efficient,593750000,10003,0.00168469,3120802.57576800,1.00000000,80.0,3120802.57576800,2496642.06061440,0.58000000,0.00000023,4261509.72415217,revenue-supported normalized cost units; not measured hashrate
S2b,S2/b,0,840000,growth,base,high_cost,593750000,10003,0.00168469,3120802.57576800,1.00000000,80.0,3120802.57576800,2496642.06061440,0.90000000,0.00000036,2746306.26667584,revenue-supported normalized cost units; not measured hashrate
S2b,S2/b,0,840000,growth,high,reference,593750000,290698,0.04893570,3122277.90868800,1.00000000,80.0,3122277.90868800,2497822.32695040,0.70000000,0.00000028,3532634.43382985,revenue-supported normalized cost units; not measured hashrate
S2b,S2/b,0,840000,growth,high,efficient,593750000,290698,0.04893570,3122277.90868800,1.00000000,80.0,3122277.90868800,2497822.32695040,0.58000000,0.00000023,4263524.31669120,revenue-supported normalized cost units; not measured hashrate
S2b,S2/b,0,840000,growth,high,high_cost,593750000,290698,0.04893570,3122277.90868800,1.00000000,80.0,3122277.90868800,2497822.32695040,0.90000000,0.00000036,2747604.55964544,revenue-supported normalized cost units; not measured hashrate
S2b,S2/b,1,1365600,stress,low,reference,535859375,0,0.00000000,2816476.87500000,0.95000000,70.0,2675653.03125000,1872957.12187500,0.70000000,0.00000036,2648896.50093750,revenue-supported normalized cost units; not measured hashrate
S2b,S2/b,1,1365600,stress,low,efficient,535859375,0,0.00000000,2816476.87500000,0.95000000,70.0,2675653.03125000,1872957.12187500,0.58000000,0.00000030,3196944.05285560,revenue-supported normalized cost units; not measured hashrate
S2b,S2/b,1,1365600,stress,low,high_cost,535859375,0,0.00000000,2816476.87500000,0.95000000,70.0,2675653.03125000,1872957.12187500,0.90000000,0.00000046,2060252.83406250,revenue-supported normalized cost units; not measured hashrate
S2b,S2/b,1,1365600,stress,base,reference,535859375,10003,0.00186669,2816529.45076800,0.95000000,70.0,2675702.97822960,1872992.08476072,0.70000000,0.00000036,2648945.94844730,revenue-supported normalized cost units; not measured hashrate
S2b,S2/b,1,1365600,stress,base,efficient,535859375,10003,0.00186669,2816529.45076800,0.95000000,70.0,2675702.97822960,1872992.08476072,0.58000000,0.00000030,3197003.73088468,revenue-supported normalized cost units; not measured hashrate
S2b,S2/b,1,1365600,stress,base,high_cost,535859375,10003,0.00186669,2816529.45076800,0.95000000,70.0,2675702.97822960,1872992.08476072,0.90000000,0.00000046,2060291.29323679,revenue-supported normalized cost units; not measured hashrate
S2b,S2/b,1,1365600,stress,high,reference,535859375,290698,0.05421952,2818004.78368800,0.95000000,70.0,2677104.54450360,1873973.18115252,0.70000000,0.00000036,2650333.49905856,revenue-supported normalized cost units; not measured hashrate
S2b,S2/b,1,1365600,stress,high,efficient,535859375,290698,0.05421952,2818004.78368800,0.95000000,70.0,2677104.54450360,1873973.18115252,0.58000000,0.00000030,3198678.36093275,revenue-supported normalized cost units; not measured hashrate
S2b,S2/b,1,1365600,stress,high,high_cost,535859375,290698,0.05421952,2818004.78368800,0.95000000,70.0,2677104.54450360,1873973.18115252,0.90000000,0.00000046,2061370.49926777,revenue-supported normalized cost units; not measured hashrate
S2b,S2/b,1,1365600,flat,low,reference,535859375,0,0.00000000,2816476.87500000,1.00000000,90.0,2816476.87500000,2534829.18750000,0.70000000,0.00000028,3584972.70803571,revenue-supported normalized cost units; not measured hashrate
S2b,S2/b,1,1365600,flat,low,efficient,535859375,0,0.00000000,2816476.87500000,1.00000000,90.0,2816476.87500000,2534829.18750000,0.58000000,0.00000023,4326691.19935345,revenue-supported normalized cost units; not measured hashrate
S2b,S2/b,1,1365600,flat,low,high_cost,535859375,0,0.00000000,2816476.87500000,1.00000000,90.0,2816476.87500000,2534829.18750000,0.90000000,0.00000036,2788312.10625000,revenue-supported normalized cost units; not measured hashrate
S2b,S2/b,1,1365600,flat,base,reference,535859375,10003,0.00186669,2816529.45076800,1.00000000,90.0,2816529.45076800,2534876.50569120,0.70000000,0.00000028,3585039.62947755,revenue-supported normalized cost units; not measured hashrate
S2b,S2/b,1,1365600,flat,base,efficient,535859375,10003,0.00186669,2816529.45076800,1.00000000,90.0,2816529.45076800,2534876.50569120,0.58000000,0.00000023,4326771.96661084,revenue-supported normalized cost units; not measured hashrate
S2b,S2/b,1,1365600,flat,base,high_cost,535859375,10003,0.00186669,2816529.45076800,1.00000000,90.0,2816529.45076800,2534876.50569120,0.90000000,0.00000036,2788364.15626032,revenue-supported normalized cost units; not measured hashrate
S2b,S2/b,1,1365600,flat,high,reference,535859375,290698,0.05421952,2818004.78368800,1.00000000,90.0,2818004.78368800,2536204.30531920,0.70000000,0.00000028,3586917.51752287,revenue-supported normalized cost units; not measured hashrate
S2b,S2/b,1,1365600,flat,high,efficient,535859375,290698,0.05421952,2818004.78368800,1.00000000,90.0,2818004.78368800,2536204.30531920,0.58000000,0.00000023,4329038.38321726,revenue-supported normalized cost units; not measured hashrate
S2b,S2/b,1,1365600,flat,high,high_cost,535859375,290698,0.05421952,2818004.78368800,1.00000000,90.0,2818004.78368800,2536204.30531920,0.90000000,0.00000036,2789824.73585112,revenue-supported normalized cost units; not measured hashrate
S2b,S2/b,1,1365600,growth,low,reference,535859375,0,0.00000000,2816476.87500000,1.03000000,80.0,2900971.18125000,2320776.94500000,0.70000000,0.00000031,3282241.67935714,revenue-supported normalized cost units; not measured hashrate
S2b,S2/b,1,1365600,growth,low,efficient,535859375,0,0.00000000,2816476.87500000,1.03000000,80.0,2900971.18125000,2320776.94500000,0.58000000,0.00000026,3961326.16474138,revenue-supported normalized cost units; not measured hashrate
S2b,S2/b,1,1365600,growth,low,high_cost,535859375,0,0.00000000,2816476.87500000,1.03000000,80.0,2900971.18125000,2320776.94500000,0.90000000,0.00000040,2552854.63950000,revenue-supported normalized cost units; not measured hashrate
S2b,S2/b,1,1365600,growth,base,reference,535859375,10003,0.00186669,2816529.45076800,1.03000000,80.0,2901025.33429104,2320820.26743283,0.70000000,0.00000031,3282302.94965501,revenue-supported normalized cost units; not measured hashrate
S2b,S2/b,1,1365600,growth,base,efficient,535859375,10003,0.00186669,2816529.45076800,1.03000000,80.0,2901025.33429104,2320820.26743283,0.58000000,0.00000026,3961400.11165259,revenue-supported normalized cost units; not measured hashrate
S2b,S2/b,1,1365600,growth,base,high_cost,535859375,10003,0.00186669,2816529.45076800,1.03000000,80.0,2901025.33429104,2320820.26743283,0.90000000,0.00000040,2552902.29417612,revenue-supported normalized cost units; not measured hashrate
S2b,S2/b,1,1365600,growth,high,reference,535859375,290698,0.05421952,2818004.78368800,1.03000000,80.0,2902544.92719864,2322035.94175891,0.70000000,0.00000031,3284022.26048760,revenue-supported normalized cost units; not measured hashrate
S2b,S2/b,1,1365600,growth,high,efficient,535859375,290698,0.05421952,2818004.78368800,1.03000000,80.0,2902544.92719864,2322035.94175891,0.58000000,0.00000026,3963475.14196780,revenue-supported normalized cost units; not measured hashrate
S2b,S2/b,1,1365600,growth,high,high_cost,535859375,290698,0.05421952,2818004.78368800,1.03000000,80.0,2902544.92719864,2322035.94175891,0.90000000,0.00000040,2554239.53593480,revenue-supported normalized cost units; not measured hashrate
S2b,S2/b,2,1891200,stress,low,reference,459432430,0,0.00000000,2414776.85208000,0.90250000,70.0,2179336.10900220,1525535.27630154,0.70000000,0.00000042,2157542.74791218,revenue-supported normalized cost units; not measured hashrate
S2b,S2/b,2,1891200,stress,low,efficient,459432430,0,0.00000000,2414776.85208000,0.90250000,70.0,2179336.10900220,1525535.27630154,0.58000000,0.00000035,2603930.90265263,revenue-supported normalized cost units; not measured hashrate
S2b,S2/b,2,1891200,stress,low,high_cost,459432430,0,0.00000000,2414776.85208000,0.90250000,70.0,2179336.10900220,1525535.27630154,0.90000000,0.00000054,1678088.80393169,revenue-supported normalized cost units; not measured hashrate
S2b,S2/b,2,1891200,stress,base,reference,459432430,10003,0.00217720,2414829.42784800,0.90250000,70.0,2179383.55863282,1525568.49104297,0.70000000,0.00000042,2157589.72304649,revenue-supported normalized cost units; not measured hashrate
S2b,S2/b,2,1891200,stress,base,efficient,459432430,10003,0.00217720,2414829.42784800,0.90250000,70.0,2179383.55863282,1525568.49104297,0.58000000,0.00000035,2603987.59678025,revenue-supported normalized cost units; not measured hashrate
S2b,S2/b,2,1891200,stress,base,high_cost,459432430,10003,0.00217720,2414829.42784800,0.90250000,70.0,2179383.55863282,1525568.49104297,0.90000000,0.00000054,1678125.34014727,revenue-supported normalized cost units; not measured hashrate
S2b,S2/b,2,1891200,stress,high,reference,459432430,290698,0.06323328,2416304.76076800,0.90250000,70.0,2180715.04659312,1526500.53261518,0.70000000,0.00000042,2158907.89612719,revenue-supported normalized cost units; not measured hashrate
S2b,S2/b,2,1891200,stress,high,efficient,459432430,290698,0.06323328,2416304.76076800,0.90250000,70.0,2180715.04659312,1526500.53261518,0.58000000,0.00000035,2605578.49532592,revenue-supported normalized cost units; not measured hashrate
S2b,S2/b,2,1891200,stress,high,high_cost,459432430,290698,0.06323328,2416304.76076800,0.90250000,70.0,2180715.04659312,1526500.53261518,0.90000000,0.00000054,1679150.58587670,revenue-supported normalized cost units; not measured hashrate
S2b,S2/b,2,1891200,flat,low,reference,459432430,0,0.00000000,2414776.85208000,1.00000000,90.0,2414776.85208000,2173299.16687200,0.70000000,0.00000033,3073665.96457611,revenue-supported normalized cost units; not measured hashrate
S2b,S2/b,2,1891200,flat,low,efficient,459432430,0,0.00000000,2414776.85208000,1.00000000,90.0,2414776.85208000,2173299.16687200,0.58000000,0.00000027,3709596.85379876,revenue-supported normalized cost units; not measured hashrate
S2b,S2/b,2,1891200,flat,low,high_cost,459432430,0,0.00000000,2414776.85208000,1.00000000,90.0,2414776.85208000,2173299.16687200,0.90000000,0.00000042,2390629.08355920,revenue-supported normalized cost units; not measured hashrate
S2b,S2/b,2,1891200,flat,base,reference,459432430,10003,0.00217720,2414829.42784800,1.00000000,90.0,2414829.42784800,2173346.48506320,0.70000000,0.00000033,3073732.88601795,revenue-supported normalized cost units; not measured hashrate
S2b,S2/b,2,1891200,flat,base,efficient,459432430,10003,0.00217720,2414829.42784800,1.00000000,90.0,2414829.42784800,2173346.48506320,0.58000000,0.00000027,3709677.62105615,revenue-supported normalized cost units; not measured hashrate
S2b,S2/b,2,1891200,flat,base,high_cost,459432430,10003,0.00217720,2414829.42784800,1.00000000,90.0,2414829.42784800,2173346.48506320,0.90000000,0.00000042,2390681.13356952,revenue-supported normalized cost units; not measured hashrate
S2b,S2/b,2,1891200,flat,high,reference,459432430,290698,0.06323328,2416304.76076800,1.00000000,90.0,2416304.76076800,2174674.28469120,0.70000000,0.00000033,3075610.77406327,revenue-supported normalized cost units; not measured hashrate
S2b,S2/b,2,1891200,flat,high,efficient,459432430,290698,0.06323328,2416304.76076800,1.00000000,90.0,2416304.76076800,2174674.28469120,0.58000000,0.00000027,3711944.03766257,revenue-supported normalized cost units; not measured hashrate
S2b,S2/b,2,1891200,flat,high,high_cost,459432430,290698,0.06323328,2416304.76076800,1.00000000,90.0,2416304.76076800,2174674.28469120,0.90000000,0.00000042,2392141.71316032,revenue-supported normalized cost units; not measured hashrate
S2b,S2/b,2,1891200,growth,low,reference,459432430,0,0.00000000,2414776.85208000,1.06090000,80.0,2561836.76237167,2049469.40989734,0.70000000,0.00000037,2898535.30828338,revenue-supported normalized cost units; not measured hashrate
S2b,S2/b,2,1891200,growth,low,efficient,459432430,0,0.00000000,2414776.85208000,1.06090000,80.0,2561836.76237167,2049469.40989734,0.58000000,0.00000030,3498232.26861787,revenue-supported normalized cost units; not measured hashrate
S2b,S2/b,2,1891200,growth,low,high_cost,459432430,0,0.00000000,2414776.85208000,1.06090000,80.0,2561836.76237167,2049469.40989734,0.90000000,0.00000047,2254416.35088707,revenue-supported normalized cost units; not measured hashrate
S2b,S2/b,2,1891200,growth,base,reference,459432430,10003,0.00217720,2414829.42784800,1.06090000,80.0,2561892.54000394,2049514.03200315,0.70000000,0.00000037,2898598.41669018,revenue-supported normalized cost units; not measured hashrate
S2b,S2/b,2,1891200,growth,base,efficient,459432430,10003,0.00217720,2414829.42784800,1.06090000,80.0,2561892.54000394,2049514.03200315,0.58000000,0.00000030,3498308.43393642,revenue-supported normalized cost units; not measured hashrate
S2b,S2/b,2,1891200,growth,base,high_cost,459432430,10003,0.00217720,2414829.42784800,1.06090000,80.0,2561892.54000394,2049514.03200315,0.90000000,0.00000047,2254465.43520347,revenue-supported normalized cost units; not measured hashrate
S2b,S2/b,2,1891200,growth,high,reference,459432430,290698,0.06323328,2416304.76076800,1.06090000,80.0,2563457.72069877,2050766.17655902,0.70000000,0.00000037,2900369.30684775,revenue-supported normalized cost units; not measured hashrate
S2b,S2/b,2,1891200,growth,high,efficient,459432430,290698,0.06323328,2416304.76076800,1.06090000,80.0,2563457.72069877,2050766.17655902,0.58000000,0.00000030,3500445.71516108,revenue-supported normalized cost units; not measured hashrate
S2b,S2/b,2,1891200,growth,high,high_cost,459432430,290698,0.06323328,2416304.76076800,1.06090000,80.0,2563457.72069877,2050766.17655902,0.90000000,0.00000047,2255842.79421492,revenue-supported normalized cost units; not measured hashrate
S2b,S2/b,5,3468000,stress,low,reference,320838798,0,0.00000000,1686328.72228800,0.77378094,70.0,1304849.01966519,913394.31376563,0.70000000,0.00000060,1291800.52946853,revenue-supported normalized cost units; not measured hashrate
S2b,S2/b,5,3468000,stress,low,efficient,320838798,0,0.00000000,1686328.72228800,0.77378094,70.0,1304849.01966519,913394.31376563,0.58000000,0.00000050,1559069.60453099,revenue-supported normalized cost units; not measured hashrate
S2b,S2/b,5,3468000,stress,low,high_cost,320838798,0,0.00000000,1686328.72228800,0.77378094,70.0,1304849.01966519,913394.31376563,0.90000000,0.00000077,1004733.74514219,revenue-supported normalized cost units; not measured hashrate
S2b,S2/b,5,3468000,stress,base,reference,320838798,10003,0.00311767,1686381.29805600,0.77378094,70.0,1304889.70179224,913422.79125457,0.70000000,0.00000060,1291840.80477432,revenue-supported normalized cost units; not measured hashrate
S2b,S2/b,5,3468000,stress,base,efficient,320838798,10003,0.00311767,1686381.29805600,0.77378094,70.0,1304889.70179224,913422.79125457,0.58000000,0.00000050,1559118.21265866,revenue-supported normalized cost units; not measured hashrate
S2b,S2/b,5,3468000,stress,base,high_cost,320838798,10003,0.00311767,1686381.29805600,0.77378094,70.0,1304889.70179224,913422.79125457,0.90000000,0.00000077,1004765.07038002,revenue-supported normalized cost units; not measured hashrate
S2b,S2/b,5,3468000,stress,high,reference,320838798,290698,0.09052361,1687856.63097600,0.77378094,70.0,1306031.28628220,914221.90039754,0.70000000,0.00000060,1292970.97341938,revenue-supported normalized cost units; not measured hashrate
S2b,S2/b,5,3468000,stress,high,efficient,320838798,290698,0.09052361,1687856.63097600,0.77378094,70.0,1306031.28628220,914221.90039754,0.58000000,0.00000050,1560482.20929925,revenue-supported normalized cost units; not measured hashrate
S2b,S2/b,5,3468000,stress,high,high_cost,320838798,290698,0.09052361,1687856.63097600,0.77378094,70.0,1306031.28628220,914221.90039754,0.90000000,0.00000077,1005644.09043729,revenue-supported normalized cost units; not measured hashrate
S2b,S2/b,5,3468000,flat,low,reference,320838798,0,0.00000000,1686328.72228800,1.00000000,90.0,1686328.72228800,1517695.85005920,0.70000000,0.00000047,2146455.55936944,revenue-supported normalized cost units; not measured hashrate
S2b,S2/b,5,3468000,flat,low,efficient,320838798,0,0.00000000,1686328.72228800,1.00000000,90.0,1686328.72228800,1517695.85005920,0.58000000,0.00000039,2590549.81303208,revenue-supported normalized cost units; not measured hashrate
S2b,S2/b,5,3468000,flat,low,high_cost,320838798,0,0.00000000,1686328.72228800,1.00000000,90.0,1686328.72228800,1517695.85005920,0.90000000,0.00000060,1669465.43506512,revenue-supported normalized cost units; not measured hashrate
S2b,S2/b,5,3468000,flat,base,reference,320838798,10003,0.00311767,1686381.29805600,1.00000000,90.0,1686381.29805600,1517743.16825040,0.70000000,0.00000047,2146522.48081128,revenue-supported normalized cost units; not measured hashrate
S2b,S2/b,5,3468000,flat,base,efficient,320838798,10003,0.00311767,1686381.29805600,1.00000000,90.0,1686381.29805600,1517743.16825040,0.58000000,0.00000039,2590630.58028948,revenue-supported normalized cost units; not measured hashrate
S2b,S2/b,5,3468000,flat,base,high_cost,320838798,10003,0.00311767,1686381.29805600,1.00000000,90.0,1686381.29805600,1517743.16825040,0.90000000,0.00000060,1669517.48507544,revenue-supported normalized cost units; not measured hashrate
S2b,S2/b,5,3468000,flat,high,reference,320838798,290698,0.09052361,1687856.63097600,1.00000000,90.0,1687856.63097600,1519070.96787840,0.70000000,0.00000047,2148400.36885659,revenue-supported normalized cost units; not measured hashrate
S2b,S2/b,5,3468000,flat,high,efficient,320838798,290698,0.09052361,1687856.63097600,1.00000000,90.0,1687856.63097600,1519070.96787840,0.58000000,0.00000039,2592896.99689589,revenue-supported normalized cost units; not measured hashrate
S2b,S2/b,5,3468000,flat,high,high_cost,320838798,290698,0.09052361,1687856.63097600,1.00000000,90.0,1687856.63097600,1519070.96787840,0.90000000,0.00000060,1670978.06466624,revenue-supported normalized cost units; not measured hashrate
S2b,S2/b,5,3468000,growth,low,reference,320838798,0,0.00000000,1686328.72228800,1.15927407,80.0,1954917.16849592,1563933.73479674,0.70000000,0.00000052,2211849.13921253,revenue-supported normalized cost units; not measured hashrate
S2b,S2/b,5,3468000,growth,low,efficient,320838798,0,0.00000000,1686328.72228800,1.15927407,80.0,1954917.16849592,1563933.73479674,0.58000000,0.00000043,2669473.09904961,revenue-supported normalized cost units; not measured hashrate
S2b,S2/b,5,3468000,growth,low,high_cost,320838798,0,0.00000000,1686328.72228800,1.15927407,80.0,1954917.16849592,1563933.73479674,0.90000000,0.00000067,1720327.10827641,revenue-supported normalized cost units; not measured hashrate
S2b,S2/b,5,3468000,growth,base,reference,320838798,10003,0.00311767,1686381.29805600,1.15927407,80.0,1954978.11822070,1563982.49457656,0.70000000,0.00000052,2211918.09947257,revenue-supported normalized cost units; not measured hashrate
S2b,S2/b,5,3468000,growth,base,efficient,320838798,10003,0.00311767,1686381.29805600,1.15927407,80.0,1954978.11822070,1563982.49457656,0.58000000,0.00000043,2669556.32694965,revenue-supported normalized cost units; not measured hashrate
S2b,S2/b,5,3468000,growth,base,high_cost,320838798,10003,0.00311767,1686381.29805600,1.15927407,80.0,1954978.11822070,1563982.49457656,0.90000000,0.00000067,1720380.74403422,revenue-supported normalized cost units; not measured hashrate
S2b,S2/b,5,3468000,growth,high,reference,320838798,290698,0.09052361,1687856.63097600,1.15927407,80.0,1956688.43342582,1565350.74674066,0.70000000,0.00000052,2213853.19896178,revenue-supported normalized cost units; not measured hashrate
S2b,S2/b,5,3468000,growth,high,efficient,320838798,290698,0.09052361,1687856.63097600,1.15927407,80.0,1956688.43342582,1565350.74674066,0.58000000,0.00000043,2671891.79185043,revenue-supported normalized cost units; not measured hashrate
S2b,S2/b,5,3468000,growth,high,high_cost,320838798,290698,0.09052361,1687856.63097600,1.15927407,80.0,1956688.43342582,1565350.74674066,0.90000000,0.00000067,1721885.82141472,revenue-supported normalized cost units; not measured hashrate
S2b,S2/b,10,6096000,stress,low,reference,164700054,0,0.00000000,865663.48382400,0.59873694,70.0,518304.70471521,362813.29330065,0.70000000,0.00000117,513121.65766806,revenue-supported normalized cost units; not measured hashrate
S2b,S2/b,10,6096000,stress,low,efficient,164700054,0,0.00000000,865663.48382400,0.59873694,70.0,518304.70471521,362813.29330065,0.58000000,0.00000097,619284.75925456,revenue-supported normalized cost units; not measured hashrate
S2b,S2/b,10,6096000,stress,low,high_cost,164700054,0,0.00000000,865663.48382400,0.59873694,70.0,518304.70471521,362813.29330065,0.90000000,0.00000150,399094.62263071,revenue-supported normalized cost units; not measured hashrate
S2b,S2/b,10,6096000,stress,base,reference,164700054,10003,0.00607310,865716.05959200,0.59873694,70.0,518336.18376962,362835.32863874,0.70000000,0.00000117,513152.82193193,revenue-supported normalized cost units; not measured hashrate
S2b,S2/b,10,6096000,stress,base,efficient,164700054,10003,0.00607310,865716.05959200,0.59873694,70.0,518336.18376962,362835.32863874,0.58000000,0.00000097,619322.37129715,revenue-supported normalized cost units; not measured hashrate
S2b,S2/b,10,6096000,stress,base,high_cost,164700054,10003,0.00607310,865716.05959200,0.59873694,70.0,518336.18376962,362835.32863874,0.90000000,0.00000150,399118.86150261,revenue-supported normalized cost units; not measured hashrate
S2b,S2/b,10,6096000,stress,high,reference,164700054,290698,0.17619048,867191.39251200,0.59873694,70.0,519219.52008650,363453.66406055,0.70000000,0.00000116,514027.32488564,revenue-supported normalized cost units; not measured hashrate
S2b,S2/b,10,6096000,stress,high,efficient,164700054,290698,0.17619048,867191.39251200,0.59873694,70.0,519219.52008650,363453.66406055,0.58000000,0.00000097,620377.80589646,revenue-supported normalized cost units; not measured hashrate
S2b,S2/b,10,6096000,stress,high,high_cost,164700054,290698,0.17619048,867191.39251200,0.59873694,70.0,519219.52008650,363453.66406055,0.90000000,0.00000150,399799.03046661,revenue-supported normalized cost units; not measured hashrate
S2b,S2/b,10,6096000,flat,low,reference,164700054,0,0.00000000,865663.48382400,1.00000000,90.0,865663.48382400,779097.13544160,0.70000000,0.00000091,1101865.94869598,revenue-supported normalized cost units; not measured hashrate
S2b,S2/b,10,6096000,flat,low,efficient,164700054,0,0.00000000,865663.48382400,1.00000000,90.0,865663.48382400,779097.13544160,0.58000000,0.00000075,1329838.21394342,revenue-supported normalized cost units; not measured hashrate
S2b,S2/b,10,6096000,flat,low,high_cost,164700054,0,0.00000000,865663.48382400,1.00000000,90.0,865663.48382400,779097.13544160,0.90000000,0.00000117,857006.84898576,revenue-supported normalized cost units; not measured hashrate
S2b,S2/b,10,6096000,flat,base,reference,164700054,10003,0.00607310,865716.05959200,1.00000000,90.0,865716.05959200,779144.45363280,0.70000000,0.00000091,1101932.87013782,revenue-supported normalized cost units; not measured hashrate
S2b,S2/b,10,6096000,flat,base,efficient,164700054,10003,0.00607310,865716.05959200,1.00000000,90.0,865716.05959200,779144.45363280,0.58000000,0.00000075,1329918.98120081,revenue-supported normalized cost units; not measured hashrate
S2b,S2/b,10,6096000,flat,base,high_cost,164700054,10003,0.00607310,865716.05959200,1.00000000,90.0,865716.05959200,779144.45363280,0.90000000,0.00000117,857058.89899608,revenue-supported normalized cost units; not measured hashrate
S2b,S2/b,10,6096000,flat,high,reference,164700054,290698,0.17619048,867191.39251200,1.00000000,90.0,867191.39251200,780472.25326080,0.70000000,0.00000091,1103810.75818313,revenue-supported normalized cost units; not measured hashrate
S2b,S2/b,10,6096000,flat,high,efficient,164700054,290698,0.17619048,867191.39251200,1.00000000,90.0,867191.39251200,780472.25326080,0.58000000,0.00000075,1332185.39780723,revenue-supported normalized cost units; not measured hashrate
S2b,S2/b,10,6096000,flat,high,high_cost,164700054,290698,0.17619048,867191.39251200,1.00000000,90.0,867191.39251200,780472.25326080,0.90000000,0.00000116,858519.47858688,revenue-supported normalized cost units; not measured hashrate
S2b,S2/b,10,6096000,growth,low,reference,164700054,0,0.00000000,865663.48382400,1.34391638,80.0,1163379.33491117,930703.46792894,0.70000000,0.00000102,1316280.61892807,revenue-supported normalized cost units; not measured hashrate
S2b,S2/b,10,6096000,growth,low,efficient,164700054,0,0.00000000,865663.48382400,1.34391638,80.0,1163379.33491117,930703.46792894,0.58000000,0.00000085,1588614.54008560,revenue-supported normalized cost units; not measured hashrate
S2b,S2/b,10,6096000,growth,low,high_cost,164700054,0,0.00000000,865663.48382400,1.34391638,80.0,1163379.33491117,930703.46792894,0.90000000,0.00000131,1023773.81472183,revenue-supported normalized cost units; not measured hashrate
S2b,S2/b,10,6096000,growth,base,reference,164700054,10003,0.00607310,865716.05959200,1.34391638,80.0,1163449.99234694,930759.99387755,0.70000000,0.00000102,1316360.56276968,revenue-supported normalized cost units; not measured hashrate
S2b,S2/b,10,6096000,growth,base,efficient,164700054,10003,0.00607310,865716.05959200,1.34391638,80.0,1163449.99234694,930759.99387755,0.58000000,0.00000085,1588711.02403237,revenue-supported normalized cost units; not measured hashrate
S2b,S2/b,10,6096000,growth,base,high_cost,164700054,10003,0.00607310,865716.05959200,1.34391638,80.0,1163449.99234694,930759.99387755,0.90000000,0.00000131,1023835.99326531,revenue-supported normalized cost units; not measured hashrate
S2b,S2/b,10,6096000,growth,high,reference,164700054,290698,0.17619048,867191.39251200,1.34391638,80.0,1165432.71642311,932346.17313849,0.70000000,0.00000102,1318603.87343872,revenue-supported normalized cost units; not measured hashrate
S2b,S2/b,10,6096000,growth,high,efficient,164700054,290698,0.17619048,867191.39251200,1.34391638,80.0,1165432.71642311,932346.17313849,0.58000000,0.00000084,1591418.46794329,revenue-supported normalized cost units; not measured hashrate
S2b,S2/b,10,6096000,growth,high,high_cost,164700054,290698,0.17619048,867191.39251200,1.34391638,80.0,1165432.71642311,932346.17313849,0.90000000,0.00000131,1025580.79045234,revenue-supported normalized cost units; not measured hashrate
S2b,S2/b,25,13980000,stress,low,reference,100000000,0,0.00000000,525600.00000000,0.27738957,70.0,145795.95963284,102057.17174299,0.70000000,0.00000192,144338.00003651,revenue-supported normalized cost units; not measured hashrate
S2b,S2/b,25,13980000,stress,low,efficient,100000000,0,0.00000000,525600.00000000,0.27738957,70.0,145795.95963284,102057.17174299,0.58000000,0.00000159,174201.03452682,revenue-supported normalized cost units; not measured hashrate
S2b,S2/b,25,13980000,stress,low,high_cost,100000000,0,0.00000000,525600.00000000,0.27738957,70.0,145795.95963284,102057.17174299,0.90000000,0.00000247,112262.88891728,revenue-supported normalized cost units; not measured hashrate
S2b,S2/b,25,13980000,stress,base,reference,100000000,10003,0.01000200,525652.57576800,0.27738957,70.0,145810.54360268,102067.38052187,0.70000000,0.00000192,144352.43816665,revenue-supported normalized cost units; not measured hashrate
S2b,S2/b,25,13980000,stress,base,efficient,100000000,10003,0.01000200,525652.57576800,0.27738957,70.0,145810.54360268,102067.38052187,0.58000000,0.00000159,174218.45985630,revenue-supported normalized cost units; not measured hashrate
S2b,S2/b,25,13980000,stress,base,high_cost,100000000,10003,0.01000200,525652.57576800,0.27738957,70.0,145810.54360268,102067.38052187,0.90000000,0.00000247,112274.11857406,revenue-supported normalized cost units; not measured hashrate
S2b,S2/b,25,13980000,stress,high,reference,100000000,290698,0.28985540,527127.90868800,0.27738957,70.0,146219.78557157,102353.84990010,0.70000000,0.00000192,144757.58771585,revenue-supported normalized cost units; not measured hashrate
S2b,S2/b,25,13980000,stress,high,efficient,100000000,290698,0.28985540,527127.90868800,0.27738957,70.0,146219.78557157,102353.84990010,0.58000000,0.00000159,174707.43345017,revenue-supported normalized cost units; not measured hashrate
S2b,S2/b,25,13980000,stress,high,high_cost,100000000,290698,0.28985540,527127.90868800,0.27738957,70.0,146219.78557157,102353.84990010,0.90000000,0.00000246,112589.23489011,revenue-supported normalized cost units; not measured hashrate
S2b,S2/b,25,13980000,flat,low,reference,100000000,0,0.00000000,525600.00000000,1.00000000,90.0,525600.00000000,473040.00000000,0.70000000,0.00000149,669013.71428571,revenue-supported normalized cost units; not measured hashrate
S2b,S2/b,25,13980000,flat,low,efficient,100000000,0,0.00000000,525600.00000000,1.00000000,90.0,525600.00000000,473040.00000000,0.58000000,0.00000124,807430.34482759,revenue-supported normalized cost units; not measured hashrate
S2b,S2/b,25,13980000,flat,low,high_cost,100000000,0,0.00000000,525600.00000000,1.00000000,90.0,525600.00000000,473040.00000000,0.90000000,0.00000192,520344.00000000,revenue-supported normalized cost units; not measured hashrate
S2b,S2/b,25,13980000,flat,base,reference,100000000,10003,0.01000200,525652.57576800,1.00000000,90.0,525652.57576800,473087.31819120,0.70000000,0.00000149,669080.63572755,revenue-supported normalized cost units; not measured hashrate
S2b,S2/b,25,13980000,flat,base,efficient,100000000,10003,0.01000200,525652.57576800,1.00000000,90.0,525652.57576800,473087.31819120,0.58000000,0.00000124,807511.11208498,revenue-supported normalized cost units; not measured hashrate
S2b,S2/b,25,13980000,flat,base,high_cost,100000000,10003,0.01000200,525652.57576800,1.00000000,90.0,525652.57576800,473087.31819120,0.90000000,0.00000192,520396.05001032,revenue-supported normalized cost units; not measured hashrate
S2b,S2/b,25,13980000,flat,high,reference,100000000,290698,0.28985540,527127.90868800,1.00000000,90.0,527127.90868800,474415.11781920,0.70000000,0.00000149,670958.52377287,revenue-supported normalized cost units; not measured hashrate
S2b,S2/b,25,13980000,flat,high,efficient,100000000,290698,0.28985540,527127.90868800,1.00000000,90.0,527127.90868800,474415.11781920,0.58000000,0.00000123,809777.52869139,revenue-supported normalized cost units; not measured hashrate
S2b,S2/b,25,13980000,flat,high,high_cost,100000000,290698,0.28985540,527127.90868800,1.00000000,90.0,527127.90868800,474415.11781920,0.90000000,0.00000192,521856.62960112,revenue-supported normalized cost units; not measured hashrate
S2b,S2/b,25,13980000,growth,low,reference,100000000,0,0.00000000,525600.00000000,2.09377793,80.0,1100489.67982626,880391.74386100,0.70000000,0.00000168,1245125.46631771,revenue-supported normalized cost units; not measured hashrate
S2b,S2/b,25,13980000,growth,low,efficient,100000000,0,0.00000000,525600.00000000,2.09377793,80.0,1100489.67982626,880391.74386100,0.58000000,0.00000139,1502737.63176275,revenue-supported normalized cost units; not measured hashrate
S2b,S2/b,25,13980000,growth,low,high_cost,100000000,0,0.00000000,525600.00000000,2.09377793,80.0,1100489.67982626,880391.74386100,0.90000000,0.00000216,968430.91824710,revenue-supported normalized cost units; not measured hashrate
S2b,S2/b,25,13980000,growth,base,reference,100000000,10003,0.01000200,525652.57576800,2.09377793,80.0,1100599.76180893,880479.80944714,0.70000000,0.00000168,1245250.01621810,revenue-supported normalized cost units; not measured hashrate
S2b,S2/b,25,13980000,growth,base,efficient,100000000,10003,0.01000200,525652.57576800,2.09377793,80.0,1100599.76180893,880479.80944714,0.58000000,0.00000139,1502887.95060805,revenue-supported normalized cost units; not measured hashrate
S2b,S2/b,25,13980000,growth,base,high_cost,100000000,10003,0.01000200,525652.57576800,2.09377793,80.0,1100599.76180893,880479.80944714,0.90000000,0.00000216,968527.79039186,revenue-supported normalized cost units; not measured hashrate
S2b,S2/b,25,13980000,growth,high,reference,100000000,290698,0.28985540,527127.90868800,2.09377793,80.0,1103688.78131572,882951.02505257,0.70000000,0.00000168,1248745.02114578,revenue-supported normalized cost units; not measured hashrate
S2b,S2/b,25,13980000,growth,high,efficient,100000000,290698,0.28985540,527127.90868800,2.09377793,80.0,1103688.78131572,882951.02505257,0.58000000,0.00000139,1507106.06000353,revenue-supported normalized cost units; not measured hashrate
S2b,S2/b,25,13980000,growth,high,high_cost,100000000,290698,0.28985540,527127.90868800,2.09377793,80.0,1103688.78131572,882951.02505257,0.90000000,0.00000216,971246.12755783,revenue-supported normalized cost units; not measured hashrate
S2b,S2/b,50,27120000,stress,low,reference,100000000,0,0.00000000,525600.00000000,0.07694498,70.0,40442.27900544,28309.59530381,0.70000000,0.00000192,40037.85621539,revenue-supported normalized cost units; not measured hashrate
S2b,S2/b,50,27120000,stress,low,efficient,100000000,0,0.00000000,525600.00000000,0.07694498,70.0,40442.27900544,28309.59530381,0.58000000,0.00000159,48321.55060478,revenue-supported normalized cost units; not measured hashrate
S2b,S2/b,50,27120000,stress,low,high_cost,100000000,0,0.00000000,525600.00000000,0.07694498,70.0,40442.27900544,28309.59530381,0.90000000,0.00000247,31140.55483419,revenue-supported normalized cost units; not measured hashrate
S2b,S2/b,50,27120000,stress,base,reference,100000000,10003,0.01000200,525652.57576800,0.07694498,70.0,40446.32444661,28312.42711263,0.70000000,0.00000192,40041.86120214,revenue-supported normalized cost units; not measured hashrate
S2b,S2/b,50,27120000,stress,base,efficient,100000000,10003,0.01000200,525652.57576800,0.07694498,70.0,40446.32444661,28312.42711263,0.58000000,0.00000159,48326.38420948,revenue-supported normalized cost units; not measured hashrate
S2b,S2/b,50,27120000,stress,base,high_cost,100000000,10003,0.01000200,525652.57576800,0.07694498,70.0,40446.32444661,28312.42711263,0.90000000,0.00000247,31143.66982389,revenue-supported normalized cost units; not measured hashrate
S2b,S2/b,50,27120000,stress,high,reference,100000000,290698,0.28985540,527127.90868800,0.07694498,70.0,40559.84390166,28391.89073116,0.70000000,0.00000192,40154.24546265,revenue-supported normalized cost units; not measured hashrate
S2b,S2/b,50,27120000,stress,high,efficient,100000000,290698,0.28985540,527127.90868800,0.07694498,70.0,40559.84390166,28391.89073116,0.58000000,0.00000159,48462.02038595,revenue-supported normalized cost units; not measured hashrate
S2b,S2/b,50,27120000,stress,high,high_cost,100000000,290698,0.28985540,527127.90868800,0.07694498,70.0,40559.84390166,28391.89073116,0.90000000,0.00000246,31231.07980428,revenue-supported normalized cost units; not measured hashrate
S2b,S2/b,50,27120000,flat,low,reference,100000000,0,0.00000000,525600.00000000,1.00000000,90.0,525600.00000000,473040.00000000,0.70000000,0.00000149,669013.71428571,revenue-supported normalized cost units; not measured hashrate
S2b,S2/b,50,27120000,flat,low,efficient,100000000,0,0.00000000,525600.00000000,1.00000000,90.0,525600.00000000,473040.00000000,0.58000000,0.00000124,807430.34482759,revenue-supported normalized cost units; not measured hashrate
S2b,S2/b,50,27120000,flat,low,high_cost,100000000,0,0.00000000,525600.00000000,1.00000000,90.0,525600.00000000,473040.00000000,0.90000000,0.00000192,520344.00000000,revenue-supported normalized cost units; not measured hashrate
S2b,S2/b,50,27120000,flat,base,reference,100000000,10003,0.01000200,525652.57576800,1.00000000,90.0,525652.57576800,473087.31819120,0.70000000,0.00000149,669080.63572755,revenue-supported normalized cost units; not measured hashrate
S2b,S2/b,50,27120000,flat,base,efficient,100000000,10003,0.01000200,525652.57576800,1.00000000,90.0,525652.57576800,473087.31819120,0.58000000,0.00000124,807511.11208498,revenue-supported normalized cost units; not measured hashrate
S2b,S2/b,50,27120000,flat,base,high_cost,100000000,10003,0.01000200,525652.57576800,1.00000000,90.0,525652.57576800,473087.31819120,0.90000000,0.00000192,520396.05001032,revenue-supported normalized cost units; not measured hashrate
S2b,S2/b,50,27120000,flat,high,reference,100000000,290698,0.28985540,527127.90868800,1.00000000,90.0,527127.90868800,474415.11781920,0.70000000,0.00000149,670958.52377287,revenue-supported normalized cost units; not measured hashrate
S2b,S2/b,50,27120000,flat,high,efficient,100000000,290698,0.28985540,527127.90868800,1.00000000,90.0,527127.90868800,474415.11781920,0.58000000,0.00000123,809777.52869139,revenue-supported normalized cost units; not measured hashrate
S2b,S2/b,50,27120000,flat,high,high_cost,100000000,290698,0.28985540,527127.90868800,1.00000000,90.0,527127.90868800,474415.11781920,0.90000000,0.00000192,521856.62960112,revenue-supported normalized cost units; not measured hashrate
S2b,S2/b,50,27120000,growth,low,reference,100000000,0,0.00000000,525600.00000000,4.38390602,80.0,2304181.00343245,1843344.80274596,0.70000000,0.00000168,2607016.22102643,revenue-supported normalized cost units; not measured hashrate
S2b,S2/b,50,27120000,growth,low,efficient,100000000,0,0.00000000,525600.00000000,4.38390602,80.0,2304181.00343245,1843344.80274596,0.58000000,0.00000139,3146398.88744569,revenue-supported normalized cost units; not measured hashrate
S2b,S2/b,50,27120000,growth,low,high_cost,100000000,0,0.00000000,525600.00000000,4.38390602,80.0,2304181.00343245,1843344.80274596,0.90000000,0.00000216,2027679.28302055,revenue-supported normalized cost units; not measured hashrate
S2b,S2/b,50,27120000,growth,base,reference,100000000,10003,0.01000200,525652.57576800,4.38390602,80.0,2304411.49065822,1843529.19252658,0.70000000,0.00000168,2607277.00085901,revenue-supported normalized cost units; not measured hashrate
S2b,S2/b,50,27120000,growth,base,efficient,100000000,10003,0.01000200,525652.57576800,4.38390602,80.0,2304411.49065822,1843529.19252658,0.58000000,0.00000139,3146713.62172640,revenue-supported normalized cost units; not measured hashrate
S2b,S2/b,50,27120000,growth,base,high_cost,100000000,10003,0.01000200,525652.57576800,4.38390602,80.0,2304411.49065822,1843529.19252658,0.90000000,0.00000216,2027882.11177923,revenue-supported normalized cost units; not measured hashrate
S2b,S2/b,50,27120000,growth,high,reference,100000000,290698,0.28985540,527127.90868800,4.38390602,80.0,2310879.21152580,1848703.36922064,0.70000000,0.00000168,2614594.76504062,revenue-supported normalized cost units; not measured hashrate
S2b,S2/b,50,27120000,growth,high,efficient,100000000,290698,0.28985540,527127.90868800,4.38390602,80.0,2310879.21152580,1848703.36922064,0.58000000,0.00000139,3155545.40608351,revenue-supported normalized cost units; not measured hashrate
S2b,S2/b,50,27120000,growth,high,high_cost,100000000,290698,0.28985540,527127.90868800,4.38390602,80.0,2310879.21152580,1848703.36922064,0.90000000,0.00000216,2033573.70614271,revenue-supported normalized cost units; not measured hashrate
S2b,S2/b,100,53400000,stress,low,reference,100000000,0,0.00000000,525600.00000000,0.00592053,70.0,3111.83015821,2178.28111075,0.70000000,0.00000192,3080.71185663,revenue-supported normalized cost units; not measured hashrate
S2b,S2/b,100,53400000,stress,low,efficient,100000000,0,0.00000000,525600.00000000,0.00592053,70.0,3111.83015821,2178.28111075,0.58000000,0.00000159,3718.10051662,revenue-supported normalized cost units; not measured hashrate
S2b,S2/b,100,53400000,stress,low,high_cost,100000000,0,0.00000000,525600.00000000,0.00592053,70.0,3111.83015821,2178.28111075,0.90000000,0.00000247,2396.10922182,revenue-supported normalized cost units; not measured hashrate
S2b,S2/b,100,53400000,stress,base,reference,100000000,10003,0.01000200,525652.57576800,0.00592053,70.0,3112.14143458,2178.49900420,0.70000000,0.00000192,3081.02002023,revenue-supported normalized cost units; not measured hashrate
S2b,S2/b,100,53400000,stress,base,efficient,100000000,10003,0.01000200,525652.57576800,0.00592053,70.0,3112.14143458,2178.49900420,0.58000000,0.00000159,3718.47243821,revenue-supported normalized cost units; not measured hashrate
S2b,S2/b,100,53400000,stress,base,high_cost,100000000,10003,0.01000200,525652.57576800,0.00592053,70.0,3112.14143458,2178.49900420,0.90000000,0.00000247,2396.34890463,revenue-supported normalized cost units; not measured hashrate
S2b,S2/b,100,53400000,stress,high,reference,100000000,290698,0.28985540,527127.90868800,0.00592053,70.0,3120.87618624,2184.61333037,0.70000000,0.00000192,3089.66742438,revenue-supported normalized cost units; not measured hashrate
S2b,S2/b,100,53400000,stress,high,efficient,100000000,290698,0.28985540,527127.90868800,0.00592053,70.0,3120.87618624,2184.61333037,0.58000000,0.00000159,3728.90896046,revenue-supported normalized cost units; not measured hashrate
S2b,S2/b,100,53400000,stress,high,high_cost,100000000,290698,0.28985540,527127.90868800,0.00592053,70.0,3120.87618624,2184.61333037,0.90000000,0.00000246,2403.07466341,revenue-supported normalized cost units; not measured hashrate
S2b,S2/b,100,53400000,flat,low,reference,100000000,0,0.00000000,525600.00000000,1.00000000,90.0,525600.00000000,473040.00000000,0.70000000,0.00000149,669013.71428571,revenue-supported normalized cost units; not measured hashrate
S2b,S2/b,100,53400000,flat,low,efficient,100000000,0,0.00000000,525600.00000000,1.00000000,90.0,525600.00000000,473040.00000000,0.58000000,0.00000124,807430.34482759,revenue-supported normalized cost units; not measured hashrate
S2b,S2/b,100,53400000,flat,low,high_cost,100000000,0,0.00000000,525600.00000000,1.00000000,90.0,525600.00000000,473040.00000000,0.90000000,0.00000192,520344.00000000,revenue-supported normalized cost units; not measured hashrate
S2b,S2/b,100,53400000,flat,base,reference,100000000,10003,0.01000200,525652.57576800,1.00000000,90.0,525652.57576800,473087.31819120,0.70000000,0.00000149,669080.63572755,revenue-supported normalized cost units; not measured hashrate
S2b,S2/b,100,53400000,flat,base,efficient,100000000,10003,0.01000200,525652.57576800,1.00000000,90.0,525652.57576800,473087.31819120,0.58000000,0.00000124,807511.11208498,revenue-supported normalized cost units; not measured hashrate
S2b,S2/b,100,53400000,flat,base,high_cost,100000000,10003,0.01000200,525652.57576800,1.00000000,90.0,525652.57576800,473087.31819120,0.90000000,0.00000192,520396.05001032,revenue-supported normalized cost units; not measured hashrate
S2b,S2/b,100,53400000,flat,high,reference,100000000,290698,0.28985540,527127.90868800,1.00000000,90.0,527127.90868800,474415.11781920,0.70000000,0.00000149,670958.52377287,revenue-supported normalized cost units; not measured hashrate
S2b,S2/b,100,53400000,flat,high,efficient,100000000,290698,0.28985540,527127.90868800,1.00000000,90.0,527127.90868800,474415.11781920,0.58000000,0.00000123,809777.52869139,revenue-supported normalized cost units; not measured hashrate
S2b,S2/b,100,53400000,flat,high,high_cost,100000000,290698,0.28985540,527127.90868800,1.00000000,90.0,527127.90868800,474415.11781920,0.90000000,0.00000192,521856.62960112,revenue-supported normalized cost units; not measured hashrate
S2b,S2/b,100,53400000,growth,low,reference,100000000,0,0.00000000,525600.00000000,19.21863198,80.0,10101312.96913804,8081050.37531044,0.70000000,0.00000168,11428914.10222476,revenue-supported normalized cost units; not measured hashrate
S2b,S2/b,100,53400000,growth,low,efficient,100000000,0,0.00000000,525600.00000000,19.21863198,80.0,10101312.96913804,8081050.37531044,0.58000000,0.00000139,13793517.01992643,revenue-supported normalized cost units; not measured hashrate
S2b,S2/b,100,53400000,growth,low,high_cost,100000000,0,0.00000000,525600.00000000,19.21863198,80.0,10101312.96913804,8081050.37531044,0.90000000,0.00000216,8889155.41284148,revenue-supported normalized cost units; not measured hashrate
S2b,S2/b,100,53400000,growth,base,reference,100000000,10003,0.01000200,525652.57576800,19.21863198,80.0,10102323.40347435,8081858.72277948,0.70000000,0.00000168,11430057.33650240,revenue-supported normalized cost units; not measured hashrate
S2b,S2/b,100,53400000,growth,base,efficient,100000000,10003,0.01000200,525652.57576800,19.21863198,80.0,10102323.40347435,8081858.72277948,0.58000000,0.00000139,13794896.78543394,revenue-supported normalized cost units; not measured hashrate
S2b,S2/b,100,53400000,growth,base,high_cost,100000000,10003,0.01000200,525652.57576800,19.21863198,80.0,10102323.40347435,8081858.72277948,0.90000000,0.00000216,8890044.59505743,revenue-supported normalized cost units; not measured hashrate
S2b,S2/b,100,53400000,growth,high,reference,100000000,290698,0.28985540,527127.90868800,19.21863198,80.0,10130677.28391307,8104541.82713045,0.70000000,0.00000168,11462137.72694164,revenue-supported normalized cost units; not measured hashrate
S2b,S2/b,100,53400000,growth,high,efficient,100000000,290698,0.28985540,527127.90868800,19.21863198,80.0,10130677.28391307,8104541.82713045,0.58000000,0.00000139,13833614.49803302,revenue-supported normalized cost units; not measured hashrate
S2b,S2/b,100,53400000,growth,high,high_cost,100000000,290698,0.28985540,527127.90868800,19.21863198,80.0,10130677.28391307,8104541.82713045,0.90000000,0.00000216,8914996.00984350,revenue-supported normalized cost units; not measured hashrate
S2b,S2/b,250,132240000,stress,low,reference,100000000,0,0.00000000,525600.00000000,0.00000270,70.0,1.41760971,0.99232680,0.70000000,0.00000192,1.40343361,revenue-supported normalized cost units; not measured hashrate
S2b,S2/b,250,132240000,stress,low,efficient,100000000,0,0.00000000,525600.00000000,0.00000270,70.0,1.41760971,0.99232680,0.58000000,0.00000159,1.69379919,revenue-supported normalized cost units; not measured hashrate
S2b,S2/b,250,132240000,stress,low,high_cost,100000000,0,0.00000000,525600.00000000,0.00000270,70.0,1.41760971,0.99232680,0.90000000,0.00000247,1.09155948,revenue-supported normalized cost units; not measured hashrate
S2b,S2/b,250,132240000,stress,base,reference,100000000,10003,0.01000200,525652.57576800,0.00000270,70.0,1.41775151,0.99242606,0.70000000,0.00000192,1.40357400,revenue-supported normalized cost units; not measured hashrate
S2b,S2/b,250,132240000,stress,base,efficient,100000000,10003,0.01000200,525652.57576800,0.00000270,70.0,1.41775151,0.99242606,0.58000000,0.00000159,1.69396862,revenue-supported normalized cost units; not measured hashrate
S2b,S2/b,250,132240000,stress,base,high_cost,100000000,10003,0.01000200,525652.57576800,0.00000270,70.0,1.41775151,0.99242606,0.90000000,0.00000247,1.09166866,revenue-supported normalized cost units; not measured hashrate
S2b,S2/b,250,132240000,stress,high,reference,100000000,290698,0.28985540,527127.90868800,0.00000270,70.0,1.42173067,0.99521147,0.70000000,0.00000192,1.40751336,revenue-supported normalized cost units; not measured hashrate
S2b,S2/b,250,132240000,stress,high,efficient,100000000,290698,0.28985540,527127.90868800,0.00000270,70.0,1.42173067,0.99521147,0.58000000,0.00000159,1.69872303,revenue-supported normalized cost units; not measured hashrate
S2b,S2/b,250,132240000,stress,high,high_cost,100000000,290698,0.28985540,527127.90868800,0.00000270,70.0,1.42173067,0.99521147,0.90000000,0.00000246,1.09473262,revenue-supported normalized cost units; not measured hashrate
S2b,S2/b,250,132240000,flat,low,reference,100000000,0,0.00000000,525600.00000000,1.00000000,90.0,525600.00000000,473040.00000000,0.70000000,0.00000149,669013.71428571,revenue-supported normalized cost units; not measured hashrate
S2b,S2/b,250,132240000,flat,low,efficient,100000000,0,0.00000000,525600.00000000,1.00000000,90.0,525600.00000000,473040.00000000,0.58000000,0.00000124,807430.34482759,revenue-supported normalized cost units; not measured hashrate
S2b,S2/b,250,132240000,flat,low,high_cost,100000000,0,0.00000000,525600.00000000,1.00000000,90.0,525600.00000000,473040.00000000,0.90000000,0.00000192,520344.00000000,revenue-supported normalized cost units; not measured hashrate
S2b,S2/b,250,132240000,flat,base,reference,100000000,10003,0.01000200,525652.57576800,1.00000000,90.0,525652.57576800,473087.31819120,0.70000000,0.00000149,669080.63572755,revenue-supported normalized cost units; not measured hashrate
S2b,S2/b,250,132240000,flat,base,efficient,100000000,10003,0.01000200,525652.57576800,1.00000000,90.0,525652.57576800,473087.31819120,0.58000000,0.00000124,807511.11208498,revenue-supported normalized cost units; not measured hashrate
S2b,S2/b,250,132240000,flat,base,high_cost,100000000,10003,0.01000200,525652.57576800,1.00000000,90.0,525652.57576800,473087.31819120,0.90000000,0.00000192,520396.05001032,revenue-supported normalized cost units; not measured hashrate
S2b,S2/b,250,132240000,flat,high,reference,100000000,290698,0.28985540,527127.90868800,1.00000000,90.0,527127.90868800,474415.11781920,0.70000000,0.00000149,670958.52377287,revenue-supported normalized cost units; not measured hashrate
S2b,S2/b,250,132240000,flat,high,efficient,100000000,290698,0.28985540,527127.90868800,1.00000000,90.0,527127.90868800,474415.11781920,0.58000000,0.00000123,809777.52869139,revenue-supported normalized cost units; not measured hashrate
S2b,S2/b,250,132240000,flat,high,high_cost,100000000,290698,0.28985540,527127.90868800,1.00000000,90.0,527127.90868800,474415.11781920,0.90000000,0.00000192,521856.62960112,revenue-supported normalized cost units; not measured hashrate
S2b,S2/b,250,132240000,growth,low,reference,100000000,0,0.00000000,525600.00000000,1619.22118137,80.0,851062652.92706868,680850122.34165495,0.70000000,0.00000168,962916601.59748342,revenue-supported normalized cost units; not measured hashrate
S2b,S2/b,250,132240000,growth,low,efficient,100000000,0,0.00000000,525600.00000000,1619.22118137,80.0,851062652.92706868,680850122.34165495,0.58000000,0.00000139,1162140726.06592827,revenue-supported normalized cost units; not measured hashrate
S2b,S2/b,250,132240000,growth,low,high_cost,100000000,0,0.00000000,525600.00000000,1619.22118137,80.0,851062652.92706868,680850122.34165495,0.90000000,0.00000216,748935134.57582044,revenue-supported normalized cost units; not measured hashrate
S2b,S2/b,250,132240000,growth,base,reference,100000000,10003,0.01000200,525652.57576800,1619.22118137,80.0,851147784.72424098,680918227.77939278,0.70000000,0.00000168,963012922.14514122,revenue-supported normalized cost units; not measured hashrate
S2b,S2/b,250,132240000,growth,base,efficient,100000000,10003,0.01000200,525652.57576800,1619.22118137,80.0,851147784.72424098,680918227.77939278,0.58000000,0.00000139,1162256975.00275665,revenue-supported normalized cost units; not measured hashrate
S2b,S2/b,250,132240000,growth,base,high_cost,100000000,10003,0.01000200,525652.57576800,1619.22118137,80.0,851147784.72424098,680918227.77939278,0.90000000,0.00000216,749010050.55733206,revenue-supported normalized cost units; not measured hashrate
S2b,S2/b,250,132240000,growth,high,reference,100000000,290698,0.28985540,527127.90868800,1619.22118137,80.0,853536675.03787461,682829340.03029969,0.70000000,0.00000168,965715780.89999528,revenue-supported normalized cost units; not measured hashrate
S2b,S2/b,250,132240000,growth,high,efficient,100000000,290698,0.28985540,527127.90868800,1619.22118137,80.0,853536675.03787461,682829340.03029969,0.58000000,0.00000139,1165519045.91378740,revenue-supported normalized cost units; not measured hashrate
S2b,S2/b,250,132240000,growth,high,high_cost,100000000,290698,0.28985540,527127.90868800,1619.22118137,80.0,853536675.03787461,682829340.03029969,0.90000000,0.00000216,751112274.03332966,revenue-supported normalized cost units; not measured hashrate
S2b,S2/b,500,263640000,stress,low,reference,0,0,0.00000000,0.00000000,0.00000000,70.0,0.00000000,0.00000000,0.70000000,0.00000000,0.00000000,revenue-supported normalized cost units; not measured hashrate
S2b,S2/b,500,263640000,stress,low,efficient,0,0,0.00000000,0.00000000,0.00000000,70.0,0.00000000,0.00000000,0.58000000,0.00000000,0.00000000,revenue-supported normalized cost units; not measured hashrate
S2b,S2/b,500,263640000,stress,low,high_cost,0,0,0.00000000,0.00000000,0.00000000,70.0,0.00000000,0.00000000,0.90000000,0.00000000,0.00000000,revenue-supported normalized cost units; not measured hashrate
S2b,S2/b,500,263640000,stress,base,reference,0,10003,100.00000000,52.57576800,0.00000000,70.0,0.00000000,0.00000000,0.70000000,0.01921229,0.00000000,revenue-supported normalized cost units; not measured hashrate
S2b,S2/b,500,263640000,stress,base,efficient,0,10003,100.00000000,52.57576800,0.00000000,70.0,0.00000000,0.00000000,0.58000000,0.01591876,0.00000000,revenue-supported normalized cost units; not measured hashrate
S2b,S2/b,500,263640000,stress,base,high_cost,0,10003,100.00000000,52.57576800,0.00000000,70.0,0.00000000,0.00000000,0.90000000,0.02470152,0.00000000,revenue-supported normalized cost units; not measured hashrate
S2b,S2/b,500,263640000,stress,high,reference,0,290698,100.00000000,1527.90868800,0.00000000,70.0,0.00000001,0.00000001,0.70000000,0.00066110,0.00000001,revenue-supported normalized cost units; not measured hashrate
S2b,S2/b,500,263640000,stress,high,efficient,0,290698,100.00000000,1527.90868800,0.00000000,70.0,0.00000001,0.00000001,0.58000000,0.00054777,0.00000001,revenue-supported normalized cost units; not measured hashrate
S2b,S2/b,500,263640000,stress,high,high_cost,0,290698,100.00000000,1527.90868800,0.00000000,70.0,0.00000001,0.00000001,0.90000000,0.00084999,0.00000001,revenue-supported normalized cost units; not measured hashrate
S2b,S2/b,500,263640000,flat,low,reference,0,0,0.00000000,0.00000000,1.00000000,90.0,0.00000000,0.00000000,0.70000000,0.00000000,0.00000000,revenue-supported normalized cost units; not measured hashrate
S2b,S2/b,500,263640000,flat,low,efficient,0,0,0.00000000,0.00000000,1.00000000,90.0,0.00000000,0.00000000,0.58000000,0.00000000,0.00000000,revenue-supported normalized cost units; not measured hashrate
S2b,S2/b,500,263640000,flat,low,high_cost,0,0,0.00000000,0.00000000,1.00000000,90.0,0.00000000,0.00000000,0.90000000,0.00000000,0.00000000,revenue-supported normalized cost units; not measured hashrate
S2b,S2/b,500,263640000,flat,base,reference,0,10003,100.00000000,52.57576800,1.00000000,90.0,52.57576800,47.31819120,0.70000000,0.01494289,66.92144184,revenue-supported normalized cost units; not measured hashrate
S2b,S2/b,500,263640000,flat,base,efficient,0,10003,100.00000000,52.57576800,1.00000000,90.0,52.57576800,47.31819120,0.58000000,0.01238125,80.76725739,revenue-supported normalized cost units; not measured hashrate
S2b,S2/b,500,263640000,flat,base,high_cost,0,10003,100.00000000,52.57576800,1.00000000,90.0,52.57576800,47.31819120,0.90000000,0.01921229,52.05001032,revenue-supported normalized cost units; not measured hashrate
S2b,S2/b,500,263640000,flat,high,reference,0,290698,100.00000000,1527.90868800,1.00000000,90.0,1527.90868800,1375.11781920,0.70000000,0.00051419,1944.80948715,revenue-supported normalized cost units; not measured hashrate
S2b,S2/b,500,263640000,flat,high,efficient,0,290698,100.00000000,1527.90868800,1.00000000,90.0,1527.90868800,1375.11781920,0.58000000,0.00042604,2347.18386381,revenue-supported normalized cost units; not measured hashrate
S2b,S2/b,500,263640000,flat,high,high_cost,0,290698,100.00000000,1527.90868800,1.00000000,90.0,1527.90868800,1375.11781920,0.90000000,0.00066110,1512.62960112,revenue-supported normalized cost units; not measured hashrate
S2b,S2/b,500,263640000,growth,low,reference,0,0,0.00000000,0.00000000,2621877.23419108,80.0,0.00000000,0.00000000,0.70000000,0.00000000,0.00000000,revenue-supported normalized cost units; not measured hashrate
S2b,S2/b,500,263640000,growth,low,efficient,0,0,0.00000000,0.00000000,2621877.23419108,80.0,0.00000000,0.00000000,0.58000000,0.00000000,0.00000000,revenue-supported normalized cost units; not measured hashrate
S2b,S2/b,500,263640000,growth,low,high_cost,0,0,0.00000000,0.00000000,2621877.23419108,80.0,0.00000000,0.00000000,0.90000000,0.00000000,0.00000000,revenue-supported normalized cost units; not measured hashrate
S2b,S2/b,500,263640000,growth,base,reference,0,10003,100.00000000,52.57576800,2621877.23419108,80.0,137847209.18931171,110277767.35144937,0.70000000,0.01681076,155964270.96847839,revenue-supported normalized cost units; not measured hashrate
S2b,S2/b,500,263640000,growth,base,efficient,0,10003,100.00000000,52.57576800,2621877.23419108,80.0,137847209.18931171,110277767.35144937,0.58000000,0.01392891,188232740.82402565,revenue-supported normalized cost units; not measured hashrate
S2b,S2/b,500,263640000,growth,base,high_cost,0,10003,100.00000000,52.57576800,2621877.23419108,80.0,137847209.18931171,110277767.35144937,0.90000000,0.02161383,121305544.08659430,revenue-supported normalized cost units; not measured hashrate
S2b,S2/b,500,263640000,growth,high,reference,0,290698,100.00000000,1527.90868800,2621877.23419108,80.0,4005989004.98995656,3204791203.99196525,0.70000000,0.00057846,4532490417.07435085,revenue-supported normalized cost units; not measured hashrate
S2b,S2/b,500,263640000,growth,high,efficient,0,290698,100.00000000,1527.90868800,2621877.23419108,80.0,4005989004.98995656,3204791203.99196525,0.58000000,0.00047930,5470247055.08973378,revenue-supported normalized cost units; not measured hashrate
S2b,S2/b,500,263640000,growth,high,high_cost,0,290698,100.00000000,1527.90868800,2621877.23419108,80.0,4005989004.98995656,3204791203.99196525,0.90000000,0.00074374,3525270324.39116177,revenue-supported normalized cost units; not measured hashrate
S3,S3,0,840000,stress,low,reference,593750000,0,0.00000000,3120750.00000000,1.00000000,70.0,3120750.00000000,2184525.00000000,0.70000000,0.00000032,3089542.50000000,revenue-supported normalized cost units; not measured hashrate
S3,S3,0,840000,stress,low,efficient,593750000,0,0.00000000,3120750.00000000,1.00000000,70.0,3120750.00000000,2184525.00000000,0.58000000,0.00000027,3728758.18965517,revenue-supported normalized cost units; not measured hashrate
S3,S3,0,840000,stress,low,high_cost,593750000,0,0.00000000,3120750.00000000,1.00000000,70.0,3120750.00000000,2184525.00000000,0.90000000,0.00000042,2402977.50000000,revenue-supported normalized cost units; not measured hashrate
S3,S3,0,840000,stress,base,reference,593750000,10003,0.00168469,3120802.57576800,1.00000000,70.0,3120802.57576800,2184561.80303760,0.70000000,0.00000032,3089594.55001032,revenue-supported normalized cost units; not measured hashrate
S3,S3,0,840000,stress,base,efficient,593750000,10003,0.00168469,3120802.57576800,1.00000000,70.0,3120802.57576800,2184561.80303760,0.58000000,0.00000027,3728821.00863314,revenue-supported normalized cost units; not measured hashrate
S3,S3,0,840000,stress,base,high_cost,593750000,10003,0.00168469,3120802.57576800,1.00000000,70.0,3120802.57576800,2184561.80303760,0.90000000,0.00000042,2403017.98334136,revenue-supported normalized cost units; not measured hashrate
S3,S3,0,840000,stress,high,reference,593750000,290698,0.04893570,3122277.90868800,1.00000000,70.0,3122277.90868800,2185594.53608160,0.70000000,0.00000032,3091055.12960112,revenue-supported normalized cost units; not measured hashrate
S3,S3,0,840000,stress,high,efficient,593750000,290698,0.04893570,3122277.90868800,1.00000000,70.0,3122277.90868800,2185594.53608160,0.58000000,0.00000027,3730583.77710480,revenue-supported normalized cost units; not measured hashrate
S3,S3,0,840000,stress,high,high_cost,593750000,290698,0.04893570,3122277.90868800,1.00000000,70.0,3122277.90868800,2185594.53608160,0.90000000,0.00000042,2404153.98968976,revenue-supported normalized cost units; not measured hashrate
S3,S3,0,840000,flat,low,reference,593750000,0,0.00000000,3120750.00000000,1.00000000,90.0,3120750.00000000,2808675.00000000,0.70000000,0.00000025,3972268.92857143,revenue-supported normalized cost units; not measured hashrate
S3,S3,0,840000,flat,low,efficient,593750000,0,0.00000000,3120750.00000000,1.00000000,90.0,3120750.00000000,2808675.00000000,0.58000000,0.00000021,4794117.67241379,revenue-supported normalized cost units; not measured hashrate
S3,S3,0,840000,flat,low,high_cost,593750000,0,0.00000000,3120750.00000000,1.00000000,90.0,3120750.00000000,2808675.00000000,0.90000000,0.00000032,3089542.50000000,revenue-supported normalized cost units; not measured hashrate
S3,S3,0,840000,flat,base,reference,593750000,10003,0.00168469,3120802.57576800,1.00000000,90.0,3120802.57576800,2808722.31819120,0.70000000,0.00000025,3972335.85001327,revenue-supported normalized cost units; not measured hashrate
S3,S3,0,840000,flat,base,efficient,593750000,10003,0.00168469,3120802.57576800,1.00000000,90.0,3120802.57576800,2808722.31819120,0.58000000,0.00000021,4794198.43967119,revenue-supported normalized cost units; not measured hashrate
S3,S3,0,840000,flat,base,high_cost,593750000,10003,0.00168469,3120802.57576800,1.00000000,90.0,3120802.57576800,2808722.31819120,0.90000000,0.00000032,3089594.55001032,revenue-supported normalized cost units; not measured hashrate
S3,S3,0,840000,flat,high,reference,593750000,290698,0.04893570,3122277.90868800,1.00000000,90.0,3122277.90868800,2810050.11781920,0.70000000,0.00000025,3974213.73805858,revenue-supported normalized cost units; not measured hashrate
S3,S3,0,840000,flat,high,efficient,593750000,290698,0.04893570,3122277.90868800,1.00000000,90.0,3122277.90868800,2810050.11781920,0.58000000,0.00000021,4796464.85627760,revenue-supported normalized cost units; not measured hashrate
S3,S3,0,840000,flat,high,high_cost,593750000,290698,0.04893570,3122277.90868800,1.00000000,90.0,3122277.90868800,2810050.11781920,0.90000000,0.00000032,3091055.12960112,revenue-supported normalized cost units; not measured hashrate
S3,S3,0,840000,growth,low,reference,593750000,0,0.00000000,3120750.00000000,1.00000000,80.0,3120750.00000000,2496600.00000000,0.70000000,0.00000028,3530905.71428571,revenue-supported normalized cost units; not measured hashrate
S3,S3,0,840000,growth,low,efficient,593750000,0,0.00000000,3120750.00000000,1.00000000,80.0,3120750.00000000,2496600.00000000,0.58000000,0.00000023,4261437.93103448,revenue-supported normalized cost units; not measured hashrate
S3,S3,0,840000,growth,low,high_cost,593750000,0,0.00000000,3120750.00000000,1.00000000,80.0,3120750.00000000,2496600.00000000,0.90000000,0.00000036,2746260.00000000,revenue-supported normalized cost units; not measured hashrate
S3,S3,0,840000,growth,base,reference,593750000,10003,0.00168469,3120802.57576800,1.00000000,80.0,3120802.57576800,2496642.06061440,0.70000000,0.00000028,3530965.20001179,revenue-supported normalized cost units; not measured hashrate
S3,S3,0,840000,growth,base,efficient,593750000,10003,0.00168469,3120802.57576800,1.00000000,80.0,3120802.57576800,2496642.06061440,0.58000000,0.00000023,4261509.72415217,revenue-supported normalized cost units; not measured hashrate
S3,S3,0,840000,growth,base,high_cost,593750000,10003,0.00168469,3120802.57576800,1.00000000,80.0,3120802.57576800,2496642.06061440,0.90000000,0.00000036,2746306.26667584,revenue-supported normalized cost units; not measured hashrate
S3,S3,0,840000,growth,high,reference,593750000,290698,0.04893570,3122277.90868800,1.00000000,80.0,3122277.90868800,2497822.32695040,0.70000000,0.00000028,3532634.43382985,revenue-supported normalized cost units; not measured hashrate
S3,S3,0,840000,growth,high,efficient,593750000,290698,0.04893570,3122277.90868800,1.00000000,80.0,3122277.90868800,2497822.32695040,0.58000000,0.00000023,4263524.31669120,revenue-supported normalized cost units; not measured hashrate
S3,S3,0,840000,growth,high,high_cost,593750000,290698,0.04893570,3122277.90868800,1.00000000,80.0,3122277.90868800,2497822.32695040,0.90000000,0.00000036,2747604.55964544,revenue-supported normalized cost units; not measured hashrate
S3,S3,1,1365600,stress,low,reference,535859375,0,0.00000000,2816476.87500000,0.95000000,70.0,2675653.03125000,1872957.12187500,0.70000000,0.00000036,2648896.50093750,revenue-supported normalized cost units; not measured hashrate
S3,S3,1,1365600,stress,low,efficient,535859375,0,0.00000000,2816476.87500000,0.95000000,70.0,2675653.03125000,1872957.12187500,0.58000000,0.00000030,3196944.05285560,revenue-supported normalized cost units; not measured hashrate
S3,S3,1,1365600,stress,low,high_cost,535859375,0,0.00000000,2816476.87500000,0.95000000,70.0,2675653.03125000,1872957.12187500,0.90000000,0.00000046,2060252.83406250,revenue-supported normalized cost units; not measured hashrate
S3,S3,1,1365600,stress,base,reference,535859375,10003,0.00186669,2816529.45076800,0.95000000,70.0,2675702.97822960,1872992.08476072,0.70000000,0.00000036,2648945.94844730,revenue-supported normalized cost units; not measured hashrate
S3,S3,1,1365600,stress,base,efficient,535859375,10003,0.00186669,2816529.45076800,0.95000000,70.0,2675702.97822960,1872992.08476072,0.58000000,0.00000030,3197003.73088468,revenue-supported normalized cost units; not measured hashrate
S3,S3,1,1365600,stress,base,high_cost,535859375,10003,0.00186669,2816529.45076800,0.95000000,70.0,2675702.97822960,1872992.08476072,0.90000000,0.00000046,2060291.29323679,revenue-supported normalized cost units; not measured hashrate
S3,S3,1,1365600,stress,high,reference,535859375,290698,0.05421952,2818004.78368800,0.95000000,70.0,2677104.54450360,1873973.18115252,0.70000000,0.00000036,2650333.49905856,revenue-supported normalized cost units; not measured hashrate
S3,S3,1,1365600,stress,high,efficient,535859375,290698,0.05421952,2818004.78368800,0.95000000,70.0,2677104.54450360,1873973.18115252,0.58000000,0.00000030,3198678.36093275,revenue-supported normalized cost units; not measured hashrate
S3,S3,1,1365600,stress,high,high_cost,535859375,290698,0.05421952,2818004.78368800,0.95000000,70.0,2677104.54450360,1873973.18115252,0.90000000,0.00000046,2061370.49926777,revenue-supported normalized cost units; not measured hashrate
S3,S3,1,1365600,flat,low,reference,535859375,0,0.00000000,2816476.87500000,1.00000000,90.0,2816476.87500000,2534829.18750000,0.70000000,0.00000028,3584972.70803571,revenue-supported normalized cost units; not measured hashrate
S3,S3,1,1365600,flat,low,efficient,535859375,0,0.00000000,2816476.87500000,1.00000000,90.0,2816476.87500000,2534829.18750000,0.58000000,0.00000023,4326691.19935345,revenue-supported normalized cost units; not measured hashrate
S3,S3,1,1365600,flat,low,high_cost,535859375,0,0.00000000,2816476.87500000,1.00000000,90.0,2816476.87500000,2534829.18750000,0.90000000,0.00000036,2788312.10625000,revenue-supported normalized cost units; not measured hashrate
S3,S3,1,1365600,flat,base,reference,535859375,10003,0.00186669,2816529.45076800,1.00000000,90.0,2816529.45076800,2534876.50569120,0.70000000,0.00000028,3585039.62947755,revenue-supported normalized cost units; not measured hashrate
S3,S3,1,1365600,flat,base,efficient,535859375,10003,0.00186669,2816529.45076800,1.00000000,90.0,2816529.45076800,2534876.50569120,0.58000000,0.00000023,4326771.96661084,revenue-supported normalized cost units; not measured hashrate
S3,S3,1,1365600,flat,base,high_cost,535859375,10003,0.00186669,2816529.45076800,1.00000000,90.0,2816529.45076800,2534876.50569120,0.90000000,0.00000036,2788364.15626032,revenue-supported normalized cost units; not measured hashrate
S3,S3,1,1365600,flat,high,reference,535859375,290698,0.05421952,2818004.78368800,1.00000000,90.0,2818004.78368800,2536204.30531920,0.70000000,0.00000028,3586917.51752287,revenue-supported normalized cost units; not measured hashrate
S3,S3,1,1365600,flat,high,efficient,535859375,290698,0.05421952,2818004.78368800,1.00000000,90.0,2818004.78368800,2536204.30531920,0.58000000,0.00000023,4329038.38321726,revenue-supported normalized cost units; not measured hashrate
S3,S3,1,1365600,flat,high,high_cost,535859375,290698,0.05421952,2818004.78368800,1.00000000,90.0,2818004.78368800,2536204.30531920,0.90000000,0.00000036,2789824.73585112,revenue-supported normalized cost units; not measured hashrate
S3,S3,1,1365600,growth,low,reference,535859375,0,0.00000000,2816476.87500000,1.03000000,80.0,2900971.18125000,2320776.94500000,0.70000000,0.00000031,3282241.67935714,revenue-supported normalized cost units; not measured hashrate
S3,S3,1,1365600,growth,low,efficient,535859375,0,0.00000000,2816476.87500000,1.03000000,80.0,2900971.18125000,2320776.94500000,0.58000000,0.00000026,3961326.16474138,revenue-supported normalized cost units; not measured hashrate
S3,S3,1,1365600,growth,low,high_cost,535859375,0,0.00000000,2816476.87500000,1.03000000,80.0,2900971.18125000,2320776.94500000,0.90000000,0.00000040,2552854.63950000,revenue-supported normalized cost units; not measured hashrate
S3,S3,1,1365600,growth,base,reference,535859375,10003,0.00186669,2816529.45076800,1.03000000,80.0,2901025.33429104,2320820.26743283,0.70000000,0.00000031,3282302.94965501,revenue-supported normalized cost units; not measured hashrate
S3,S3,1,1365600,growth,base,efficient,535859375,10003,0.00186669,2816529.45076800,1.03000000,80.0,2901025.33429104,2320820.26743283,0.58000000,0.00000026,3961400.11165259,revenue-supported normalized cost units; not measured hashrate
S3,S3,1,1365600,growth,base,high_cost,535859375,10003,0.00186669,2816529.45076800,1.03000000,80.0,2901025.33429104,2320820.26743283,0.90000000,0.00000040,2552902.29417612,revenue-supported normalized cost units; not measured hashrate
S3,S3,1,1365600,growth,high,reference,535859375,290698,0.05421952,2818004.78368800,1.03000000,80.0,2902544.92719864,2322035.94175891,0.70000000,0.00000031,3284022.26048760,revenue-supported normalized cost units; not measured hashrate
S3,S3,1,1365600,growth,high,efficient,535859375,290698,0.05421952,2818004.78368800,1.03000000,80.0,2902544.92719864,2322035.94175891,0.58000000,0.00000026,3963475.14196780,revenue-supported normalized cost units; not measured hashrate
S3,S3,1,1365600,growth,high,high_cost,535859375,290698,0.05421952,2818004.78368800,1.03000000,80.0,2902544.92719864,2322035.94175891,0.90000000,0.00000040,2554239.53593480,revenue-supported normalized cost units; not measured hashrate
S3,S3,2,1891200,stress,low,reference,459432430,0,0.00000000,2414776.85208000,0.90250000,70.0,2179336.10900220,1525535.27630154,0.70000000,0.00000042,2157542.74791218,revenue-supported normalized cost units; not measured hashrate
S3,S3,2,1891200,stress,low,efficient,459432430,0,0.00000000,2414776.85208000,0.90250000,70.0,2179336.10900220,1525535.27630154,0.58000000,0.00000035,2603930.90265263,revenue-supported normalized cost units; not measured hashrate
S3,S3,2,1891200,stress,low,high_cost,459432430,0,0.00000000,2414776.85208000,0.90250000,70.0,2179336.10900220,1525535.27630154,0.90000000,0.00000054,1678088.80393169,revenue-supported normalized cost units; not measured hashrate
S3,S3,2,1891200,stress,base,reference,459432430,10003,0.00217720,2414829.42784800,0.90250000,70.0,2179383.55863282,1525568.49104297,0.70000000,0.00000042,2157589.72304649,revenue-supported normalized cost units; not measured hashrate
S3,S3,2,1891200,stress,base,efficient,459432430,10003,0.00217720,2414829.42784800,0.90250000,70.0,2179383.55863282,1525568.49104297,0.58000000,0.00000035,2603987.59678025,revenue-supported normalized cost units; not measured hashrate
S3,S3,2,1891200,stress,base,high_cost,459432430,10003,0.00217720,2414829.42784800,0.90250000,70.0,2179383.55863282,1525568.49104297,0.90000000,0.00000054,1678125.34014727,revenue-supported normalized cost units; not measured hashrate
S3,S3,2,1891200,stress,high,reference,459432430,290698,0.06323328,2416304.76076800,0.90250000,70.0,2180715.04659312,1526500.53261518,0.70000000,0.00000042,2158907.89612719,revenue-supported normalized cost units; not measured hashrate
S3,S3,2,1891200,stress,high,efficient,459432430,290698,0.06323328,2416304.76076800,0.90250000,70.0,2180715.04659312,1526500.53261518,0.58000000,0.00000035,2605578.49532592,revenue-supported normalized cost units; not measured hashrate
S3,S3,2,1891200,stress,high,high_cost,459432430,290698,0.06323328,2416304.76076800,0.90250000,70.0,2180715.04659312,1526500.53261518,0.90000000,0.00000054,1679150.58587670,revenue-supported normalized cost units; not measured hashrate
S3,S3,2,1891200,flat,low,reference,459432430,0,0.00000000,2414776.85208000,1.00000000,90.0,2414776.85208000,2173299.16687200,0.70000000,0.00000033,3073665.96457611,revenue-supported normalized cost units; not measured hashrate
S3,S3,2,1891200,flat,low,efficient,459432430,0,0.00000000,2414776.85208000,1.00000000,90.0,2414776.85208000,2173299.16687200,0.58000000,0.00000027,3709596.85379876,revenue-supported normalized cost units; not measured hashrate
S3,S3,2,1891200,flat,low,high_cost,459432430,0,0.00000000,2414776.85208000,1.00000000,90.0,2414776.85208000,2173299.16687200,0.90000000,0.00000042,2390629.08355920,revenue-supported normalized cost units; not measured hashrate
S3,S3,2,1891200,flat,base,reference,459432430,10003,0.00217720,2414829.42784800,1.00000000,90.0,2414829.42784800,2173346.48506320,0.70000000,0.00000033,3073732.88601795,revenue-supported normalized cost units; not measured hashrate
S3,S3,2,1891200,flat,base,efficient,459432430,10003,0.00217720,2414829.42784800,1.00000000,90.0,2414829.42784800,2173346.48506320,0.58000000,0.00000027,3709677.62105615,revenue-supported normalized cost units; not measured hashrate
S3,S3,2,1891200,flat,base,high_cost,459432430,10003,0.00217720,2414829.42784800,1.00000000,90.0,2414829.42784800,2173346.48506320,0.90000000,0.00000042,2390681.13356952,revenue-supported normalized cost units; not measured hashrate
S3,S3,2,1891200,flat,high,reference,459432430,290698,0.06323328,2416304.76076800,1.00000000,90.0,2416304.76076800,2174674.28469120,0.70000000,0.00000033,3075610.77406327,revenue-supported normalized cost units; not measured hashrate
S3,S3,2,1891200,flat,high,efficient,459432430,290698,0.06323328,2416304.76076800,1.00000000,90.0,2416304.76076800,2174674.28469120,0.58000000,0.00000027,3711944.03766257,revenue-supported normalized cost units; not measured hashrate
S3,S3,2,1891200,flat,high,high_cost,459432430,290698,0.06323328,2416304.76076800,1.00000000,90.0,2416304.76076800,2174674.28469120,0.90000000,0.00000042,2392141.71316032,revenue-supported normalized cost units; not measured hashrate
S3,S3,2,1891200,growth,low,reference,459432430,0,0.00000000,2414776.85208000,1.06090000,80.0,2561836.76237167,2049469.40989734,0.70000000,0.00000037,2898535.30828338,revenue-supported normalized cost units; not measured hashrate
S3,S3,2,1891200,growth,low,efficient,459432430,0,0.00000000,2414776.85208000,1.06090000,80.0,2561836.76237167,2049469.40989734,0.58000000,0.00000030,3498232.26861787,revenue-supported normalized cost units; not measured hashrate
S3,S3,2,1891200,growth,low,high_cost,459432430,0,0.00000000,2414776.85208000,1.06090000,80.0,2561836.76237167,2049469.40989734,0.90000000,0.00000047,2254416.35088707,revenue-supported normalized cost units; not measured hashrate
S3,S3,2,1891200,growth,base,reference,459432430,10003,0.00217720,2414829.42784800,1.06090000,80.0,2561892.54000394,2049514.03200315,0.70000000,0.00000037,2898598.41669018,revenue-supported normalized cost units; not measured hashrate
S3,S3,2,1891200,growth,base,efficient,459432430,10003,0.00217720,2414829.42784800,1.06090000,80.0,2561892.54000394,2049514.03200315,0.58000000,0.00000030,3498308.43393642,revenue-supported normalized cost units; not measured hashrate
S3,S3,2,1891200,growth,base,high_cost,459432430,10003,0.00217720,2414829.42784800,1.06090000,80.0,2561892.54000394,2049514.03200315,0.90000000,0.00000047,2254465.43520347,revenue-supported normalized cost units; not measured hashrate
S3,S3,2,1891200,growth,high,reference,459432430,290698,0.06323328,2416304.76076800,1.06090000,80.0,2563457.72069877,2050766.17655902,0.70000000,0.00000037,2900369.30684775,revenue-supported normalized cost units; not measured hashrate
S3,S3,2,1891200,growth,high,efficient,459432430,290698,0.06323328,2416304.76076800,1.06090000,80.0,2563457.72069877,2050766.17655902,0.58000000,0.00000030,3500445.71516108,revenue-supported normalized cost units; not measured hashrate
S3,S3,2,1891200,growth,high,high_cost,459432430,290698,0.06323328,2416304.76076800,1.06090000,80.0,2563457.72069877,2050766.17655902,0.90000000,0.00000047,2255842.79421492,revenue-supported normalized cost units; not measured hashrate
S3,S3,5,3468000,stress,low,reference,320838798,0,0.00000000,1686328.72228800,0.77378094,70.0,1304849.01966519,913394.31376563,0.70000000,0.00000060,1291800.52946853,revenue-supported normalized cost units; not measured hashrate
S3,S3,5,3468000,stress,low,efficient,320838798,0,0.00000000,1686328.72228800,0.77378094,70.0,1304849.01966519,913394.31376563,0.58000000,0.00000050,1559069.60453099,revenue-supported normalized cost units; not measured hashrate
S3,S3,5,3468000,stress,low,high_cost,320838798,0,0.00000000,1686328.72228800,0.77378094,70.0,1304849.01966519,913394.31376563,0.90000000,0.00000077,1004733.74514219,revenue-supported normalized cost units; not measured hashrate
S3,S3,5,3468000,stress,base,reference,320838798,10003,0.00311767,1686381.29805600,0.77378094,70.0,1304889.70179224,913422.79125457,0.70000000,0.00000060,1291840.80477432,revenue-supported normalized cost units; not measured hashrate
S3,S3,5,3468000,stress,base,efficient,320838798,10003,0.00311767,1686381.29805600,0.77378094,70.0,1304889.70179224,913422.79125457,0.58000000,0.00000050,1559118.21265866,revenue-supported normalized cost units; not measured hashrate
S3,S3,5,3468000,stress,base,high_cost,320838798,10003,0.00311767,1686381.29805600,0.77378094,70.0,1304889.70179224,913422.79125457,0.90000000,0.00000077,1004765.07038002,revenue-supported normalized cost units; not measured hashrate
S3,S3,5,3468000,stress,high,reference,320838798,290698,0.09052361,1687856.63097600,0.77378094,70.0,1306031.28628220,914221.90039754,0.70000000,0.00000060,1292970.97341938,revenue-supported normalized cost units; not measured hashrate
S3,S3,5,3468000,stress,high,efficient,320838798,290698,0.09052361,1687856.63097600,0.77378094,70.0,1306031.28628220,914221.90039754,0.58000000,0.00000050,1560482.20929925,revenue-supported normalized cost units; not measured hashrate
S3,S3,5,3468000,stress,high,high_cost,320838798,290698,0.09052361,1687856.63097600,0.77378094,70.0,1306031.28628220,914221.90039754,0.90000000,0.00000077,1005644.09043729,revenue-supported normalized cost units; not measured hashrate
S3,S3,5,3468000,flat,low,reference,320838798,0,0.00000000,1686328.72228800,1.00000000,90.0,1686328.72228800,1517695.85005920,0.70000000,0.00000047,2146455.55936944,revenue-supported normalized cost units; not measured hashrate
S3,S3,5,3468000,flat,low,efficient,320838798,0,0.00000000,1686328.72228800,1.00000000,90.0,1686328.72228800,1517695.85005920,0.58000000,0.00000039,2590549.81303208,revenue-supported normalized cost units; not measured hashrate
S3,S3,5,3468000,flat,low,high_cost,320838798,0,0.00000000,1686328.72228800,1.00000000,90.0,1686328.72228800,1517695.85005920,0.90000000,0.00000060,1669465.43506512,revenue-supported normalized cost units; not measured hashrate
S3,S3,5,3468000,flat,base,reference,320838798,10003,0.00311767,1686381.29805600,1.00000000,90.0,1686381.29805600,1517743.16825040,0.70000000,0.00000047,2146522.48081128,revenue-supported normalized cost units; not measured hashrate
S3,S3,5,3468000,flat,base,efficient,320838798,10003,0.00311767,1686381.29805600,1.00000000,90.0,1686381.29805600,1517743.16825040,0.58000000,0.00000039,2590630.58028948,revenue-supported normalized cost units; not measured hashrate
S3,S3,5,3468000,flat,base,high_cost,320838798,10003,0.00311767,1686381.29805600,1.00000000,90.0,1686381.29805600,1517743.16825040,0.90000000,0.00000060,1669517.48507544,revenue-supported normalized cost units; not measured hashrate
S3,S3,5,3468000,flat,high,reference,320838798,290698,0.09052361,1687856.63097600,1.00000000,90.0,1687856.63097600,1519070.96787840,0.70000000,0.00000047,2148400.36885659,revenue-supported normalized cost units; not measured hashrate
S3,S3,5,3468000,flat,high,efficient,320838798,290698,0.09052361,1687856.63097600,1.00000000,90.0,1687856.63097600,1519070.96787840,0.58000000,0.00000039,2592896.99689589,revenue-supported normalized cost units; not measured hashrate
S3,S3,5,3468000,flat,high,high_cost,320838798,290698,0.09052361,1687856.63097600,1.00000000,90.0,1687856.63097600,1519070.96787840,0.90000000,0.00000060,1670978.06466624,revenue-supported normalized cost units; not measured hashrate
S3,S3,5,3468000,growth,low,reference,320838798,0,0.00000000,1686328.72228800,1.15927407,80.0,1954917.16849592,1563933.73479674,0.70000000,0.00000052,2211849.13921253,revenue-supported normalized cost units; not measured hashrate
S3,S3,5,3468000,growth,low,efficient,320838798,0,0.00000000,1686328.72228800,1.15927407,80.0,1954917.16849592,1563933.73479674,0.58000000,0.00000043,2669473.09904961,revenue-supported normalized cost units; not measured hashrate
S3,S3,5,3468000,growth,low,high_cost,320838798,0,0.00000000,1686328.72228800,1.15927407,80.0,1954917.16849592,1563933.73479674,0.90000000,0.00000067,1720327.10827641,revenue-supported normalized cost units; not measured hashrate
S3,S3,5,3468000,growth,base,reference,320838798,10003,0.00311767,1686381.29805600,1.15927407,80.0,1954978.11822070,1563982.49457656,0.70000000,0.00000052,2211918.09947257,revenue-supported normalized cost units; not measured hashrate
S3,S3,5,3468000,growth,base,efficient,320838798,10003,0.00311767,1686381.29805600,1.15927407,80.0,1954978.11822070,1563982.49457656,0.58000000,0.00000043,2669556.32694965,revenue-supported normalized cost units; not measured hashrate
S3,S3,5,3468000,growth,base,high_cost,320838798,10003,0.00311767,1686381.29805600,1.15927407,80.0,1954978.11822070,1563982.49457656,0.90000000,0.00000067,1720380.74403422,revenue-supported normalized cost units; not measured hashrate
S3,S3,5,3468000,growth,high,reference,320838798,290698,0.09052361,1687856.63097600,1.15927407,80.0,1956688.43342582,1565350.74674066,0.70000000,0.00000052,2213853.19896178,revenue-supported normalized cost units; not measured hashrate
S3,S3,5,3468000,growth,high,efficient,320838798,290698,0.09052361,1687856.63097600,1.15927407,80.0,1956688.43342582,1565350.74674066,0.58000000,0.00000043,2671891.79185043,revenue-supported normalized cost units; not measured hashrate
S3,S3,5,3468000,growth,high,high_cost,320838798,290698,0.09052361,1687856.63097600,1.15927407,80.0,1956688.43342582,1565350.74674066,0.90000000,0.00000067,1721885.82141472,revenue-supported normalized cost units; not measured hashrate
S3,S3,10,6096000,stress,low,reference,164700054,0,0.00000000,865663.48382400,0.59873694,70.0,518304.70471521,362813.29330065,0.70000000,0.00000117,513121.65766806,revenue-supported normalized cost units; not measured hashrate
S3,S3,10,6096000,stress,low,efficient,164700054,0,0.00000000,865663.48382400,0.59873694,70.0,518304.70471521,362813.29330065,0.58000000,0.00000097,619284.75925456,revenue-supported normalized cost units; not measured hashrate
S3,S3,10,6096000,stress,low,high_cost,164700054,0,0.00000000,865663.48382400,0.59873694,70.0,518304.70471521,362813.29330065,0.90000000,0.00000150,399094.62263071,revenue-supported normalized cost units; not measured hashrate
S3,S3,10,6096000,stress,base,reference,164700054,10003,0.00607310,865716.05959200,0.59873694,70.0,518336.18376962,362835.32863874,0.70000000,0.00000117,513152.82193193,revenue-supported normalized cost units; not measured hashrate
S3,S3,10,6096000,stress,base,efficient,164700054,10003,0.00607310,865716.05959200,0.59873694,70.0,518336.18376962,362835.32863874,0.58000000,0.00000097,619322.37129715,revenue-supported normalized cost units; not measured hashrate
S3,S3,10,6096000,stress,base,high_cost,164700054,10003,0.00607310,865716.05959200,0.59873694,70.0,518336.18376962,362835.32863874,0.90000000,0.00000150,399118.86150261,revenue-supported normalized cost units; not measured hashrate
S3,S3,10,6096000,stress,high,reference,164700054,290698,0.17619048,867191.39251200,0.59873694,70.0,519219.52008650,363453.66406055,0.70000000,0.00000116,514027.32488564,revenue-supported normalized cost units; not measured hashrate
S3,S3,10,6096000,stress,high,efficient,164700054,290698,0.17619048,867191.39251200,0.59873694,70.0,519219.52008650,363453.66406055,0.58000000,0.00000097,620377.80589646,revenue-supported normalized cost units; not measured hashrate
S3,S3,10,6096000,stress,high,high_cost,164700054,290698,0.17619048,867191.39251200,0.59873694,70.0,519219.52008650,363453.66406055,0.90000000,0.00000150,399799.03046661,revenue-supported normalized cost units; not measured hashrate
S3,S3,10,6096000,flat,low,reference,164700054,0,0.00000000,865663.48382400,1.00000000,90.0,865663.48382400,779097.13544160,0.70000000,0.00000091,1101865.94869598,revenue-supported normalized cost units; not measured hashrate
S3,S3,10,6096000,flat,low,efficient,164700054,0,0.00000000,865663.48382400,1.00000000,90.0,865663.48382400,779097.13544160,0.58000000,0.00000075,1329838.21394342,revenue-supported normalized cost units; not measured hashrate
S3,S3,10,6096000,flat,low,high_cost,164700054,0,0.00000000,865663.48382400,1.00000000,90.0,865663.48382400,779097.13544160,0.90000000,0.00000117,857006.84898576,revenue-supported normalized cost units; not measured hashrate
S3,S3,10,6096000,flat,base,reference,164700054,10003,0.00607310,865716.05959200,1.00000000,90.0,865716.05959200,779144.45363280,0.70000000,0.00000091,1101932.87013782,revenue-supported normalized cost units; not measured hashrate
S3,S3,10,6096000,flat,base,efficient,164700054,10003,0.00607310,865716.05959200,1.00000000,90.0,865716.05959200,779144.45363280,0.58000000,0.00000075,1329918.98120081,revenue-supported normalized cost units; not measured hashrate
S3,S3,10,6096000,flat,base,high_cost,164700054,10003,0.00607310,865716.05959200,1.00000000,90.0,865716.05959200,779144.45363280,0.90000000,0.00000117,857058.89899608,revenue-supported normalized cost units; not measured hashrate
S3,S3,10,6096000,flat,high,reference,164700054,290698,0.17619048,867191.39251200,1.00000000,90.0,867191.39251200,780472.25326080,0.70000000,0.00000091,1103810.75818313,revenue-supported normalized cost units; not measured hashrate
S3,S3,10,6096000,flat,high,efficient,164700054,290698,0.17619048,867191.39251200,1.00000000,90.0,867191.39251200,780472.25326080,0.58000000,0.00000075,1332185.39780723,revenue-supported normalized cost units; not measured hashrate
S3,S3,10,6096000,flat,high,high_cost,164700054,290698,0.17619048,867191.39251200,1.00000000,90.0,867191.39251200,780472.25326080,0.90000000,0.00000116,858519.47858688,revenue-supported normalized cost units; not measured hashrate
S3,S3,10,6096000,growth,low,reference,164700054,0,0.00000000,865663.48382400,1.34391638,80.0,1163379.33491117,930703.46792894,0.70000000,0.00000102,1316280.61892807,revenue-supported normalized cost units; not measured hashrate
S3,S3,10,6096000,growth,low,efficient,164700054,0,0.00000000,865663.48382400,1.34391638,80.0,1163379.33491117,930703.46792894,0.58000000,0.00000085,1588614.54008560,revenue-supported normalized cost units; not measured hashrate
S3,S3,10,6096000,growth,low,high_cost,164700054,0,0.00000000,865663.48382400,1.34391638,80.0,1163379.33491117,930703.46792894,0.90000000,0.00000131,1023773.81472183,revenue-supported normalized cost units; not measured hashrate
S3,S3,10,6096000,growth,base,reference,164700054,10003,0.00607310,865716.05959200,1.34391638,80.0,1163449.99234694,930759.99387755,0.70000000,0.00000102,1316360.56276968,revenue-supported normalized cost units; not measured hashrate
S3,S3,10,6096000,growth,base,efficient,164700054,10003,0.00607310,865716.05959200,1.34391638,80.0,1163449.99234694,930759.99387755,0.58000000,0.00000085,1588711.02403237,revenue-supported normalized cost units; not measured hashrate
S3,S3,10,6096000,growth,base,high_cost,164700054,10003,0.00607310,865716.05959200,1.34391638,80.0,1163449.99234694,930759.99387755,0.90000000,0.00000131,1023835.99326531,revenue-supported normalized cost units; not measured hashrate
S3,S3,10,6096000,growth,high,reference,164700054,290698,0.17619048,867191.39251200,1.34391638,80.0,1165432.71642311,932346.17313849,0.70000000,0.00000102,1318603.87343872,revenue-supported normalized cost units; not measured hashrate
S3,S3,10,6096000,growth,high,efficient,164700054,290698,0.17619048,867191.39251200,1.34391638,80.0,1165432.71642311,932346.17313849,0.58000000,0.00000084,1591418.46794329,revenue-supported normalized cost units; not measured hashrate
S3,S3,10,6096000,growth,high,high_cost,164700054,290698,0.17619048,867191.39251200,1.34391638,80.0,1165432.71642311,932346.17313849,0.90000000,0.00000131,1025580.79045234,revenue-supported normalized cost units; not measured hashrate
S3,S3,25,13980000,stress,low,reference,50000000,0,0.00000000,262800.00000000,0.27738957,70.0,72897.97981642,51028.58587149,0.70000000,0.00000384,72169.00001825,revenue-supported normalized cost units; not measured hashrate
S3,S3,25,13980000,stress,low,efficient,50000000,0,0.00000000,262800.00000000,0.27738957,70.0,72897.97981642,51028.58587149,0.58000000,0.00000318,87100.51726341,revenue-supported normalized cost units; not measured hashrate
S3,S3,25,13980000,stress,low,high_cost,50000000,0,0.00000000,262800.00000000,0.27738957,70.0,72897.97981642,51028.58587149,0.90000000,0.00000494,56131.44445864,revenue-supported normalized cost units; not measured hashrate
S3,S3,25,13980000,stress,base,reference,50000000,10003,0.02000200,262852.57576800,0.27738957,70.0,72912.56378626,51038.79465038,0.70000000,0.00000384,72183.43814840,revenue-supported normalized cost units; not measured hashrate
S3,S3,25,13980000,stress,base,efficient,50000000,10003,0.02000200,262852.57576800,0.27738957,70.0,72912.56378626,51038.79465038,0.58000000,0.00000318,87117.94259289,revenue-supported normalized cost units; not measured hashrate
S3,S3,25,13980000,stress,base,high_cost,50000000,10003,0.02000200,262852.57576800,0.27738957,70.0,72912.56378626,51038.79465038,0.90000000,0.00000494,56142.67411542,revenue-supported normalized cost units; not measured hashrate
S3,S3,25,13980000,stress,high,reference,50000000,290698,0.57803533,264327.90868800,0.27738957,70.0,73321.80575515,51325.26402861,0.70000000,0.00000382,72588.58769760,revenue-supported normalized cost units; not measured hashrate
S3,S3,25,13980000,stress,high,efficient,50000000,290698,0.57803533,264327.90868800,0.27738957,70.0,73321.80575515,51325.26402861,0.58000000,0.00000317,87606.91618676,revenue-supported normalized cost units; not measured hashrate
S3,S3,25,13980000,stress,high,high_cost,50000000,290698,0.57803533,264327.90868800,0.27738957,70.0,73321.80575515,51325.26402861,0.90000000,0.00000491,56457.79043147,revenue-supported normalized cost units; not measured hashrate
S3,S3,25,13980000,flat,low,reference,50000000,0,0.00000000,262800.00000000,1.00000000,90.0,262800.00000000,236520.00000000,0.70000000,0.00000299,334506.85714286,revenue-supported normalized cost units; not measured hashrate
S3,S3,25,13980000,flat,low,efficient,50000000,0,0.00000000,262800.00000000,1.00000000,90.0,262800.00000000,236520.00000000,0.58000000,0.00000248,403715.17241379,revenue-supported normalized cost units; not measured hashrate
S3,S3,25,13980000,flat,low,high_cost,50000000,0,0.00000000,262800.00000000,1.00000000,90.0,262800.00000000,236520.00000000,0.90000000,0.00000384,260172.00000000,revenue-supported normalized cost units; not measured hashrate
S3,S3,25,13980000,flat,base,reference,50000000,10003,0.02000200,262852.57576800,1.00000000,90.0,262852.57576800,236567.31819120,0.70000000,0.00000299,334573.77858470,revenue-supported normalized cost units; not measured hashrate
S3,S3,25,13980000,flat,base,efficient,50000000,10003,0.02000200,262852.57576800,1.00000000,90.0,262852.57576800,236567.31819120,0.58000000,0.00000248,403795.93967119,revenue-supported normalized cost units; not measured hashrate
S3,S3,25,13980000,flat,base,high_cost,50000000,10003,0.02000200,262852.57576800,1.00000000,90.0,262852.57576800,236567.31819120,0.90000000,0.00000384,260224.05001032,revenue-supported normalized cost units; not measured hashrate
S3,S3,25,13980000,flat,high,reference,50000000,290698,0.57803533,264327.90868800,1.00000000,90.0,264327.90868800,237895.11781920,0.70000000,0.00000297,336451.66663001,revenue-supported normalized cost units; not measured hashrate
S3,S3,25,13980000,flat,high,efficient,50000000,290698,0.57803533,264327.90868800,1.00000000,90.0,264327.90868800,237895.11781920,0.58000000,0.00000246,406062.35627760,revenue-supported normalized cost units; not measured hashrate
S3,S3,25,13980000,flat,high,high_cost,50000000,290698,0.57803533,264327.90868800,1.00000000,90.0,264327.90868800,237895.11781920,0.90000000,0.00000382,261684.62960112,revenue-supported normalized cost units; not measured hashrate
S3,S3,25,13980000,growth,low,reference,50000000,0,0.00000000,262800.00000000,2.09377793,80.0,550244.83991313,440195.87193050,0.70000000,0.00000336,622562.73315885,revenue-supported normalized cost units; not measured hashrate
S3,S3,25,13980000,growth,low,efficient,50000000,0,0.00000000,262800.00000000,2.09377793,80.0,550244.83991313,440195.87193050,0.58000000,0.00000279,751368.81588137,revenue-supported normalized cost units; not measured hashrate
S3,S3,25,13980000,growth,low,high_cost,50000000,0,0.00000000,262800.00000000,2.09377793,80.0,550244.83991313,440195.87193050,0.90000000,0.00000432,484215.45912355,revenue-supported normalized cost units; not measured hashrate
S3,S3,25,13980000,growth,base,reference,50000000,10003,0.02000200,262852.57576800,2.09377793,80.0,550354.92189580,440283.93751664,0.70000000,0.00000336,622687.28305925,revenue-supported normalized cost units; not measured hashrate
S3,S3,25,13980000,growth,base,efficient,50000000,10003,0.02000200,262852.57576800,2.09377793,80.0,550354.92189580,440283.93751664,0.58000000,0.00000279,751519.13472668,revenue-supported normalized cost units; not measured hashrate
S3,S3,25,13980000,growth,base,high_cost,50000000,10003,0.02000200,262852.57576800,2.09377793,80.0,550354.92189580,440283.93751664,0.90000000,0.00000432,484312.33126830,revenue-supported normalized cost units; not measured hashrate
S3,S3,25,13980000,growth,high,reference,50000000,290698,0.57803533,264327.90868800,2.09377793,80.0,553443.94140259,442755.15312207,0.70000000,0.00000334,626182.28798693,revenue-supported normalized cost units; not measured hashrate
S3,S3,25,13980000,growth,high,efficient,50000000,290698,0.57803533,264327.90868800,2.09377793,80.0,553443.94140259,442755.15312207,0.58000000,0.00000277,755737.24412216,revenue-supported normalized cost units; not measured hashrate
S3,S3,25,13980000,growth,high,high_cost,50000000,290698,0.57803533,264327.90868800,2.09377793,80.0,553443.94140259,442755.15312207,0.90000000,0.00000430,487030.66843428,revenue-supported normalized cost units; not measured hashrate
S3,S3,50,27120000,stress,low,reference,50000000,0,0.00000000,262800.00000000,0.07694498,70.0,20221.13950272,14154.79765190,0.70000000,0.00000384,20018.92810769,revenue-supported normalized cost units; not measured hashrate
S3,S3,50,27120000,stress,low,efficient,50000000,0,0.00000000,262800.00000000,0.07694498,70.0,20221.13950272,14154.79765190,0.58000000,0.00000318,24160.77530239,revenue-supported normalized cost units; not measured hashrate
S3,S3,50,27120000,stress,low,high_cost,50000000,0,0.00000000,262800.00000000,0.07694498,70.0,20221.13950272,14154.79765190,0.90000000,0.00000494,15570.27741709,revenue-supported normalized cost units; not measured hashrate
S3,S3,50,27120000,stress,base,reference,50000000,10003,0.02000200,262852.57576800,0.07694498,70.0,20225.18494389,14157.62946072,0.70000000,0.00000384,20022.93309445,revenue-supported normalized cost units; not measured hashrate
S3,S3,50,27120000,stress,base,efficient,50000000,10003,0.02000200,262852.57576800,0.07694498,70.0,20225.18494389,14157.62946072,0.58000000,0.00000318,24165.60890710,revenue-supported normalized cost units; not measured hashrate
S3,S3,50,27120000,stress,base,high_cost,50000000,10003,0.02000200,262852.57576800,0.07694498,70.0,20225.18494389,14157.62946072,0.90000000,0.00000494,15573.39240679,revenue-supported normalized cost units; not measured hashrate
S3,S3,50,27120000,stress,high,reference,50000000,290698,0.57803533,264327.90868800,0.07694498,70.0,20338.70439894,14237.09307926,0.70000000,0.00000382,20135.31735495,revenue-supported normalized cost units; not measured hashrate
S3,S3,50,27120000,stress,high,efficient,50000000,290698,0.57803533,264327.90868800,0.07694498,70.0,20338.70439894,14237.09307926,0.58000000,0.00000317,24301.24508357,revenue-supported normalized cost units; not measured hashrate
S3,S3,50,27120000,stress,high,high_cost,50000000,290698,0.57803533,264327.90868800,0.07694498,70.0,20338.70439894,14237.09307926,0.90000000,0.00000491,15660.80238719,revenue-supported normalized cost units; not measured hashrate
S3,S3,50,27120000,flat,low,reference,50000000,0,0.00000000,262800.00000000,1.00000000,90.0,262800.00000000,236520.00000000,0.70000000,0.00000299,334506.85714286,revenue-supported normalized cost units; not measured hashrate
S3,S3,50,27120000,flat,low,efficient,50000000,0,0.00000000,262800.00000000,1.00000000,90.0,262800.00000000,236520.00000000,0.58000000,0.00000248,403715.17241379,revenue-supported normalized cost units; not measured hashrate
S3,S3,50,27120000,flat,low,high_cost,50000000,0,0.00000000,262800.00000000,1.00000000,90.0,262800.00000000,236520.00000000,0.90000000,0.00000384,260172.00000000,revenue-supported normalized cost units; not measured hashrate
S3,S3,50,27120000,flat,base,reference,50000000,10003,0.02000200,262852.57576800,1.00000000,90.0,262852.57576800,236567.31819120,0.70000000,0.00000299,334573.77858470,revenue-supported normalized cost units; not measured hashrate
S3,S3,50,27120000,flat,base,efficient,50000000,10003,0.02000200,262852.57576800,1.00000000,90.0,262852.57576800,236567.31819120,0.58000000,0.00000248,403795.93967119,revenue-supported normalized cost units; not measured hashrate
S3,S3,50,27120000,flat,base,high_cost,50000000,10003,0.02000200,262852.57576800,1.00000000,90.0,262852.57576800,236567.31819120,0.90000000,0.00000384,260224.05001032,revenue-supported normalized cost units; not measured hashrate
S3,S3,50,27120000,flat,high,reference,50000000,290698,0.57803533,264327.90868800,1.00000000,90.0,264327.90868800,237895.11781920,0.70000000,0.00000297,336451.66663001,revenue-supported normalized cost units; not measured hashrate
S3,S3,50,27120000,flat,high,efficient,50000000,290698,0.57803533,264327.90868800,1.00000000,90.0,264327.90868800,237895.11781920,0.58000000,0.00000246,406062.35627760,revenue-supported normalized cost units; not measured hashrate
S3,S3,50,27120000,flat,high,high_cost,50000000,290698,0.57803533,264327.90868800,1.00000000,90.0,264327.90868800,237895.11781920,0.90000000,0.00000382,261684.62960112,revenue-supported normalized cost units; not measured hashrate
S3,S3,50,27120000,growth,low,reference,50000000,0,0.00000000,262800.00000000,4.38390602,80.0,1152090.50171622,921672.40137298,0.70000000,0.00000336,1303508.11051321,revenue-supported normalized cost units; not measured hashrate
S3,S3,50,27120000,growth,low,efficient,50000000,0,0.00000000,262800.00000000,4.38390602,80.0,1152090.50171622,921672.40137298,0.58000000,0.00000279,1573199.44372284,revenue-supported normalized cost units; not measured hashrate
S3,S3,50,27120000,growth,low,high_cost,50000000,0,0.00000000,262800.00000000,4.38390602,80.0,1152090.50171622,921672.40137298,0.90000000,0.00000432,1013839.64151028,revenue-supported normalized cost units; not measured hashrate
S3,S3,50,27120000,growth,base,reference,50000000,10003,0.02000200,262852.57576800,4.38390602,80.0,1152320.98894200,921856.79115360,0.70000000,0.00000336,1303768.89034580,revenue-supported normalized cost units; not measured hashrate
S3,S3,50,27120000,growth,base,efficient,50000000,10003,0.02000200,262852.57576800,4.38390602,80.0,1152320.98894200,921856.79115360,0.58000000,0.00000279,1573514.17800355,revenue-supported normalized cost units; not measured hashrate
S3,S3,50,27120000,growth,base,high_cost,50000000,10003,0.02000200,262852.57576800,4.38390602,80.0,1152320.98894200,921856.79115360,0.90000000,0.00000432,1014042.47026896,revenue-supported normalized cost units; not measured hashrate
S3,S3,50,27120000,growth,high,reference,50000000,290698,0.57803533,264327.90868800,4.38390602,80.0,1158788.70980958,927030.96784767,0.70000000,0.00000334,1311086.65452741,revenue-supported normalized cost units; not measured hashrate
S3,S3,50,27120000,growth,high,efficient,50000000,290698,0.57803533,264327.90868800,4.38390602,80.0,1158788.70980958,927030.96784767,0.58000000,0.00000277,1582345.96236067,revenue-supported normalized cost units; not measured hashrate
S3,S3,50,27120000,growth,high,high_cost,50000000,290698,0.57803533,264327.90868800,4.38390602,80.0,1158788.70980958,927030.96784767,0.90000000,0.00000430,1019734.06463243,revenue-supported normalized cost units; not measured hashrate
S3,S3,100,53400000,stress,low,reference,50000000,0,0.00000000,262800.00000000,0.00592053,70.0,1555.91507910,1089.14055537,0.70000000,0.00000384,1540.35592831,revenue-supported normalized cost units; not measured hashrate
S3,S3,100,53400000,stress,low,efficient,50000000,0,0.00000000,262800.00000000,0.00592053,70.0,1555.91507910,1089.14055537,0.58000000,0.00000318,1859.05025831,revenue-supported normalized cost units; not measured hashrate
S3,S3,100,53400000,stress,low,high_cost,50000000,0,0.00000000,262800.00000000,0.00592053,70.0,1555.91507910,1089.14055537,0.90000000,0.00000494,1198.05461091,revenue-supported normalized cost units; not measured hashrate
S3,S3,100,53400000,stress,base,reference,50000000,10003,0.02000200,262852.57576800,0.00592053,70.0,1556.22635547,1089.35844883,0.70000000,0.00000384,1540.66409192,revenue-supported normalized cost units; not measured hashrate
S3,S3,100,53400000,stress,base,efficient,50000000,10003,0.02000200,262852.57576800,0.00592053,70.0,1556.22635547,1089.35844883,0.58000000,0.00000318,1859.42217990,revenue-supported normalized cost units; not measured hashrate
S3,S3,100,53400000,stress,base,high_cost,50000000,10003,0.02000200,262852.57576800,0.00592053,70.0,1556.22635547,1089.35844883,0.90000000,0.00000494,1198.29429372,revenue-supported normalized cost units; not measured hashrate
S3,S3,100,53400000,stress,high,reference,50000000,290698,0.57803533,264327.90868800,0.00592053,70.0,1564.96110714,1095.47277500,0.70000000,0.00000382,1549.31149607,revenue-supported normalized cost units; not measured hashrate
S3,S3,100,53400000,stress,high,efficient,50000000,290698,0.57803533,264327.90868800,0.00592053,70.0,1564.96110714,1095.47277500,0.58000000,0.00000317,1869.85870215,revenue-supported normalized cost units; not measured hashrate
S3,S3,100,53400000,stress,high,high_cost,50000000,290698,0.57803533,264327.90868800,0.00592053,70.0,1564.96110714,1095.47277500,0.90000000,0.00000491,1205.02005250,revenue-supported normalized cost units; not measured hashrate
S3,S3,100,53400000,flat,low,reference,50000000,0,0.00000000,262800.00000000,1.00000000,90.0,262800.00000000,236520.00000000,0.70000000,0.00000299,334506.85714286,revenue-supported normalized cost units; not measured hashrate
S3,S3,100,53400000,flat,low,efficient,50000000,0,0.00000000,262800.00000000,1.00000000,90.0,262800.00000000,236520.00000000,0.58000000,0.00000248,403715.17241379,revenue-supported normalized cost units; not measured hashrate
S3,S3,100,53400000,flat,low,high_cost,50000000,0,0.00000000,262800.00000000,1.00000000,90.0,262800.00000000,236520.00000000,0.90000000,0.00000384,260172.00000000,revenue-supported normalized cost units; not measured hashrate
S3,S3,100,53400000,flat,base,reference,50000000,10003,0.02000200,262852.57576800,1.00000000,90.0,262852.57576800,236567.31819120,0.70000000,0.00000299,334573.77858470,revenue-supported normalized cost units; not measured hashrate
S3,S3,100,53400000,flat,base,efficient,50000000,10003,0.02000200,262852.57576800,1.00000000,90.0,262852.57576800,236567.31819120,0.58000000,0.00000248,403795.93967119,revenue-supported normalized cost units; not measured hashrate
S3,S3,100,53400000,flat,base,high_cost,50000000,10003,0.02000200,262852.57576800,1.00000000,90.0,262852.57576800,236567.31819120,0.90000000,0.00000384,260224.05001032,revenue-supported normalized cost units; not measured hashrate
S3,S3,100,53400000,flat,high,reference,50000000,290698,0.57803533,264327.90868800,1.00000000,90.0,264327.90868800,237895.11781920,0.70000000,0.00000297,336451.66663001,revenue-supported normalized cost units; not measured hashrate
S3,S3,100,53400000,flat,high,efficient,50000000,290698,0.57803533,264327.90868800,1.00000000,90.0,264327.90868800,237895.11781920,0.58000000,0.00000246,406062.35627760,revenue-supported normalized cost units; not measured hashrate
S3,S3,100,53400000,flat,high,high_cost,50000000,290698,0.57803533,264327.90868800,1.00000000,90.0,264327.90868800,237895.11781920,0.90000000,0.00000382,261684.62960112,revenue-supported normalized cost units; not measured hashrate
S3,S3,100,53400000,growth,low,reference,50000000,0,0.00000000,262800.00000000,19.21863198,80.0,5050656.48456902,4040525.18765522,0.70000000,0.00000336,5714457.05111238,revenue-supported normalized cost units; not measured hashrate
S3,S3,100,53400000,growth,low,efficient,50000000,0,0.00000000,262800.00000000,19.21863198,80.0,5050656.48456902,4040525.18765522,0.58000000,0.00000279,6896758.50996322,revenue-supported normalized cost units; not measured hashrate
S3,S3,100,53400000,growth,low,high_cost,50000000,0,0.00000000,262800.00000000,19.21863198,80.0,5050656.48456902,4040525.18765522,0.90000000,0.00000432,4444577.70642074,revenue-supported normalized cost units; not measured hashrate
S3,S3,100,53400000,growth,base,reference,50000000,10003,0.02000200,262852.57576800,19.21863198,80.0,5051666.91890532,4041333.53512426,0.70000000,0.00000336,5715600.28539002,revenue-supported normalized cost units; not measured hashrate
S3,S3,100,53400000,growth,base,efficient,50000000,10003,0.02000200,262852.57576800,19.21863198,80.0,5051666.91890532,4041333.53512426,0.58000000,0.00000279,6898138.27547072,revenue-supported normalized cost units; not measured hashrate
S3,S3,100,53400000,growth,base,high_cost,50000000,10003,0.02000200,262852.57576800,19.21863198,80.0,5051666.91890532,4041333.53512426,0.90000000,0.00000432,4445466.88863669,revenue-supported normalized cost units; not measured hashrate
S3,S3,100,53400000,growth,high,reference,50000000,290698,0.57803533,264327.90868800,19.21863198,80.0,5080020.79934405,4064016.63947524,0.70000000,0.00000334,5747680.67582926,revenue-supported normalized cost units; not measured hashrate
S3,S3,100,53400000,growth,high,efficient,50000000,290698,0.57803533,264327.90868800,19.21863198,80.0,5080020.79934405,4064016.63947524,0.58000000,0.00000277,6936855.98806980,revenue-supported normalized cost units; not measured hashrate
S3,S3,100,53400000,growth,high,high_cost,50000000,290698,0.57803533,264327.90868800,19.21863198,80.0,5080020.79934405,4064016.63947524,0.90000000,0.00000430,4470418.30342276,revenue-supported normalized cost units; not measured hashrate
S3,S3,250,132240000,stress,low,reference,50000000,0,0.00000000,262800.00000000,0.00000270,70.0,0.70880485,0.49616340,0.70000000,0.00000384,0.70171681,revenue-supported normalized cost units; not measured hashrate
S3,S3,250,132240000,stress,low,efficient,50000000,0,0.00000000,262800.00000000,0.00000270,70.0,0.70880485,0.49616340,0.58000000,0.00000318,0.84689959,revenue-supported normalized cost units; not measured hashrate
S3,S3,250,132240000,stress,low,high_cost,50000000,0,0.00000000,262800.00000000,0.00000270,70.0,0.70880485,0.49616340,0.90000000,0.00000494,0.54577974,revenue-supported normalized cost units; not measured hashrate
S3,S3,250,132240000,stress,base,reference,50000000,10003,0.02000200,262852.57576800,0.00000270,70.0,0.70894666,0.49626266,0.70000000,0.00000384,0.70185719,revenue-supported normalized cost units; not measured hashrate
S3,S3,250,132240000,stress,base,efficient,50000000,10003,0.02000200,262852.57576800,0.00000270,70.0,0.70894666,0.49626266,0.58000000,0.00000318,0.84706902,revenue-supported normalized cost units; not measured hashrate
S3,S3,250,132240000,stress,base,high_cost,50000000,10003,0.02000200,262852.57576800,0.00000270,70.0,0.70894666,0.49626266,0.90000000,0.00000494,0.54588893,revenue-supported normalized cost units; not measured hashrate
S3,S3,250,132240000,stress,high,reference,50000000,290698,0.57803533,264327.90868800,0.00000270,70.0,0.71292582,0.49904807,0.70000000,0.00000382,0.70579656,revenue-supported normalized cost units; not measured hashrate
S3,S3,250,132240000,stress,high,efficient,50000000,290698,0.57803533,264327.90868800,0.00000270,70.0,0.71292582,0.49904807,0.58000000,0.00000317,0.85182343,revenue-supported normalized cost units; not measured hashrate
S3,S3,250,132240000,stress,high,high_cost,50000000,290698,0.57803533,264327.90868800,0.00000270,70.0,0.71292582,0.49904807,0.90000000,0.00000491,0.54895288,revenue-supported normalized cost units; not measured hashrate
S3,S3,250,132240000,flat,low,reference,50000000,0,0.00000000,262800.00000000,1.00000000,90.0,262800.00000000,236520.00000000,0.70000000,0.00000299,334506.85714286,revenue-supported normalized cost units; not measured hashrate
S3,S3,250,132240000,flat,low,efficient,50000000,0,0.00000000,262800.00000000,1.00000000,90.0,262800.00000000,236520.00000000,0.58000000,0.00000248,403715.17241379,revenue-supported normalized cost units; not measured hashrate
S3,S3,250,132240000,flat,low,high_cost,50000000,0,0.00000000,262800.00000000,1.00000000,90.0,262800.00000000,236520.00000000,0.90000000,0.00000384,260172.00000000,revenue-supported normalized cost units; not measured hashrate
S3,S3,250,132240000,flat,base,reference,50000000,10003,0.02000200,262852.57576800,1.00000000,90.0,262852.57576800,236567.31819120,0.70000000,0.00000299,334573.77858470,revenue-supported normalized cost units; not measured hashrate
S3,S3,250,132240000,flat,base,efficient,50000000,10003,0.02000200,262852.57576800,1.00000000,90.0,262852.57576800,236567.31819120,0.58000000,0.00000248,403795.93967119,revenue-supported normalized cost units; not measured hashrate
S3,S3,250,132240000,flat,base,high_cost,50000000,10003,0.02000200,262852.57576800,1.00000000,90.0,262852.57576800,236567.31819120,0.90000000,0.00000384,260224.05001032,revenue-supported normalized cost units; not measured hashrate
S3,S3,250,132240000,flat,high,reference,50000000,290698,0.57803533,264327.90868800,1.00000000,90.0,264327.90868800,237895.11781920,0.70000000,0.00000297,336451.66663001,revenue-supported normalized cost units; not measured hashrate
S3,S3,250,132240000,flat,high,efficient,50000000,290698,0.57803533,264327.90868800,1.00000000,90.0,264327.90868800,237895.11781920,0.58000000,0.00000246,406062.35627760,revenue-supported normalized cost units; not measured hashrate
S3,S3,250,132240000,flat,high,high_cost,50000000,290698,0.57803533,264327.90868800,1.00000000,90.0,264327.90868800,237895.11781920,0.90000000,0.00000382,261684.62960112,revenue-supported normalized cost units; not measured hashrate
S3,S3,250,132240000,growth,low,reference,50000000,0,0.00000000,262800.00000000,1619.22118137,80.0,425531326.46353434,340425061.17082747,0.70000000,0.00000336,481458300.79874171,revenue-supported normalized cost units; not measured hashrate
S3,S3,250,132240000,growth,low,efficient,50000000,0,0.00000000,262800.00000000,1619.22118137,80.0,425531326.46353434,340425061.17082747,0.58000000,0.00000279,581070363.03296414,revenue-supported normalized cost units; not measured hashrate
S3,S3,250,132240000,growth,low,high_cost,50000000,0,0.00000000,262800.00000000,1619.22118137,80.0,425531326.46353434,340425061.17082747,0.90000000,0.00000432,374467567.28791022,revenue-supported normalized cost units; not measured hashrate
S3,S3,250,132240000,growth,base,reference,50000000,10003,0.02000200,262852.57576800,1619.22118137,80.0,425616458.26070664,340493166.60856531,0.70000000,0.00000336,481554621.34639951,revenue-supported normalized cost units; not measured hashrate
S3,S3,250,132240000,growth,base,efficient,50000000,10003,0.02000200,262852.57576800,1619.22118137,80.0,425616458.26070664,340493166.60856531,0.58000000,0.00000279,581186611.96979251,revenue-supported normalized cost units; not measured hashrate
S3,S3,250,132240000,growth,base,high_cost,50000000,10003,0.02000200,262852.57576800,1619.22118137,80.0,425616458.26070664,340493166.60856531,0.90000000,0.00000432,374542483.26942184,revenue-supported normalized cost units; not measured hashrate
S3,S3,250,132240000,growth,high,reference,50000000,290698,0.57803533,264327.90868800,1619.22118137,80.0,428005348.57434027,342404278.85947222,0.70000000,0.00000334,484257480.10125356,revenue-supported normalized cost units; not measured hashrate
S3,S3,250,132240000,growth,high,efficient,50000000,290698,0.57803533,264327.90868800,1619.22118137,80.0,428005348.57434027,342404278.85947222,0.58000000,0.00000277,584448682.88082327,revenue-supported normalized cost units; not measured hashrate
S3,S3,250,132240000,growth,high,high_cost,50000000,290698,0.57803533,264327.90868800,1619.22118137,80.0,428005348.57434027,342404278.85947222,0.90000000,0.00000430,376644706.74541944,revenue-supported normalized cost units; not measured hashrate
S3,S3,500,263640000,stress,low,reference,50000000,0,0.00000000,262800.00000000,0.00000000,70.0,0.00000191,0.00000134,0.70000000,0.00000384,0.00000189,revenue-supported normalized cost units; not measured hashrate
S3,S3,500,263640000,stress,low,efficient,50000000,0,0.00000000,262800.00000000,0.00000000,70.0,0.00000191,0.00000134,0.58000000,0.00000318,0.00000228,revenue-supported normalized cost units; not measured hashrate
S3,S3,500,263640000,stress,low,high_cost,50000000,0,0.00000000,262800.00000000,0.00000000,70.0,0.00000191,0.00000134,0.90000000,0.00000494,0.00000147,revenue-supported normalized cost units; not measured hashrate
S3,S3,500,263640000,stress,base,reference,50000000,10003,0.02000200,262852.57576800,0.00000000,70.0,0.00000191,0.00000134,0.70000000,0.00000384,0.00000189,revenue-supported normalized cost units; not measured hashrate
S3,S3,500,263640000,stress,base,efficient,50000000,10003,0.02000200,262852.57576800,0.00000000,70.0,0.00000191,0.00000134,0.58000000,0.00000318,0.00000228,revenue-supported normalized cost units; not measured hashrate
S3,S3,500,263640000,stress,base,high_cost,50000000,10003,0.02000200,262852.57576800,0.00000000,70.0,0.00000191,0.00000134,0.90000000,0.00000494,0.00000147,revenue-supported normalized cost units; not measured hashrate
S3,S3,500,263640000,stress,high,reference,50000000,290698,0.57803533,264327.90868800,0.00000000,70.0,0.00000192,0.00000135,0.70000000,0.00000382,0.00000190,revenue-supported normalized cost units; not measured hashrate
S3,S3,500,263640000,stress,high,efficient,50000000,290698,0.57803533,264327.90868800,0.00000000,70.0,0.00000192,0.00000135,0.58000000,0.00000317,0.00000230,revenue-supported normalized cost units; not measured hashrate
S3,S3,500,263640000,stress,high,high_cost,50000000,290698,0.57803533,264327.90868800,0.00000000,70.0,0.00000192,0.00000135,0.90000000,0.00000491,0.00000148,revenue-supported normalized cost units; not measured hashrate
S3,S3,500,263640000,flat,low,reference,50000000,0,0.00000000,262800.00000000,1.00000000,90.0,262800.00000000,236520.00000000,0.70000000,0.00000299,334506.85714286,revenue-supported normalized cost units; not measured hashrate
S3,S3,500,263640000,flat,low,efficient,50000000,0,0.00000000,262800.00000000,1.00000000,90.0,262800.00000000,236520.00000000,0.58000000,0.00000248,403715.17241379,revenue-supported normalized cost units; not measured hashrate
S3,S3,500,263640000,flat,low,high_cost,50000000,0,0.00000000,262800.00000000,1.00000000,90.0,262800.00000000,236520.00000000,0.90000000,0.00000384,260172.00000000,revenue-supported normalized cost units; not measured hashrate
S3,S3,500,263640000,flat,base,reference,50000000,10003,0.02000200,262852.57576800,1.00000000,90.0,262852.57576800,236567.31819120,0.70000000,0.00000299,334573.77858470,revenue-supported normalized cost units; not measured hashrate
S3,S3,500,263640000,flat,base,efficient,50000000,10003,0.02000200,262852.57576800,1.00000000,90.0,262852.57576800,236567.31819120,0.58000000,0.00000248,403795.93967119,revenue-supported normalized cost units; not measured hashrate
S3,S3,500,263640000,flat,base,high_cost,50000000,10003,0.02000200,262852.57576800,1.00000000,90.0,262852.57576800,236567.31819120,0.90000000,0.00000384,260224.05001032,revenue-supported normalized cost units; not measured hashrate
S3,S3,500,263640000,flat,high,reference,50000000,290698,0.57803533,264327.90868800,1.00000000,90.0,264327.90868800,237895.11781920,0.70000000,0.00000297,336451.66663001,revenue-supported normalized cost units; not measured hashrate
S3,S3,500,263640000,flat,high,efficient,50000000,290698,0.57803533,264327.90868800,1.00000000,90.0,264327.90868800,237895.11781920,0.58000000,0.00000246,406062.35627760,revenue-supported normalized cost units; not measured hashrate
S3,S3,500,263640000,flat,high,high_cost,50000000,290698,0.57803533,264327.90868800,1.00000000,90.0,264327.90868800,237895.11781920,0.90000000,0.00000382,261684.62960112,revenue-supported normalized cost units; not measured hashrate
S3,S3,500,263640000,growth,low,reference,50000000,0,0.00000000,262800.00000000,2621877.23419108,80.0,689029337145.41492487,551223469716.33193990,0.70000000,0.00000336,779587478598.81231500,revenue-supported normalized cost units; not measured hashrate
S3,S3,500,263640000,growth,low,efficient,50000000,0,0.00000000,262800.00000000,2621877.23419108,80.0,689029337145.41492487,551223469716.33193990,0.58000000,0.00000279,940881439688.22175948,revenue-supported normalized cost units; not measured hashrate
S3,S3,500,263640000,growth,low,high_cost,50000000,0,0.00000000,262800.00000000,2621877.23419108,80.0,689029337145.41492487,551223469716.33193990,0.90000000,0.00000432,606345816687.96513389,revenue-supported normalized cost units; not measured hashrate
S3,S3,500,263640000,growth,base,reference,50000000,10003,0.02000200,262852.57576800,2621877.23419108,80.0,689167184354.60423658,551333747483.68338926,0.70000000,0.00000336,779743442869.78079339,revenue-supported normalized cost units; not measured hashrate
S3,S3,500,263640000,growth,base,efficient,50000000,10003,0.02000200,262852.57576800,2621877.23419108,80.0,689167184354.60423658,551333747483.68338926,0.58000000,0.00000279,941069672429.04578512,revenue-supported normalized cost units; not measured hashrate
S3,S3,500,263640000,growth,base,high_cost,50000000,10003,0.02000200,262852.57576800,2621877.23419108,80.0,689167184354.60423658,551333747483.68338926,0.90000000,0.00000432,606467122232.05172819,revenue-supported normalized cost units; not measured hashrate
S3,S3,500,263640000,growth,high,reference,50000000,290698,0.57803533,264327.90868800,2621877.23419108,80.0,693035326150.40488143,554428260920.32390514,0.70000000,0.00000334,784119969015.88666584,revenue-supported normalized cost units; not measured hashrate
S3,S3,500,263640000,growth,high,efficient,50000000,290698,0.57803533,264327.90868800,2621877.23419108,80.0,693035326150.40488143,554428260920.32390514,0.58000000,0.00000277,946351686743.31149326,revenue-supported normalized cost units; not measured hashrate
S3,S3,500,263640000,growth,high,high_cost,50000000,290698,0.57803533,264327.90868800,2621877.23419108,80.0,693035326150.40488143,554428260920.32390514,0.90000000,0.00000430,609871087012.35629566,revenue-supported normalized cost units; not measured hashrate
S4,S4,0,840000,stress,low,reference,619517543,0,0.00000000,3256184.20600800,1.00000000,70.0,3256184.20600800,2279328.94420560,0.70000000,0.00000031,3223622.36394792,revenue-supported normalized cost units; not measured hashrate
S4,S4,0,840000,stress,low,efficient,619517543,0,0.00000000,3256184.20600800,1.00000000,70.0,3256184.20600800,2279328.94420560,0.58000000,0.00000026,3890578.71510956,revenue-supported normalized cost units; not measured hashrate
S4,S4,0,840000,stress,low,high_cost,619517543,0,0.00000000,3256184.20600800,1.00000000,70.0,3256184.20600800,2279328.94420560,0.90000000,0.00000040,2507261.83862616,revenue-supported normalized cost units; not measured hashrate
S4,S4,0,840000,stress,base,reference,619517543,10003,0.00161462,3256236.78177600,1.00000000,70.0,3256236.78177600,2279365.74724320,0.70000000,0.00000031,3223674.41395824,revenue-supported normalized cost units; not measured hashrate
S4,S4,0,840000,stress,base,efficient,619517543,10003,0.00161462,3256236.78177600,1.00000000,70.0,3256236.78177600,2279365.74724320,0.58000000,0.00000026,3890641.53408753,revenue-supported normalized cost units; not measured hashrate
S4,S4,0,840000,stress,base,high_cost,619517543,10003,0.00161462,3256236.78177600,1.00000000,70.0,3256236.78177600,2279365.74724320,0.90000000,0.00000040,2507302.32196752,revenue-supported normalized cost units; not measured hashrate
S4,S4,0,840000,stress,high,reference,619517543,290698,0.04690128,3257712.11469600,1.00000000,70.0,3257712.11469600,2280398.48028720,0.70000000,0.00000031,3225134.99354904,revenue-supported normalized cost units; not measured hashrate
S4,S4,0,840000,stress,high,efficient,619517543,290698,0.04690128,3257712.11469600,1.00000000,70.0,3257712.11469600,2280398.48028720,0.58000000,0.00000026,3892404.30255919,revenue-supported normalized cost units; not measured hashrate
S4,S4,0,840000,stress,high,high_cost,619517543,290698,0.04690128,3257712.11469600,1.00000000,70.0,3257712.11469600,2280398.48028720,0.90000000,0.00000040,2508438.32831592,revenue-supported normalized cost units; not measured hashrate
S4,S4,0,840000,flat,low,reference,619517543,0,0.00000000,3256184.20600800,1.00000000,90.0,3256184.20600800,2930565.78540720,0.70000000,0.00000024,4144657.32507590,revenue-supported normalized cost units; not measured hashrate
S4,S4,0,840000,flat,low,efficient,619517543,0,0.00000000,3256184.20600800,1.00000000,90.0,3256184.20600800,2930565.78540720,0.58000000,0.00000020,5002172.63371229,revenue-supported normalized cost units; not measured hashrate
S4,S4,0,840000,flat,low,high_cost,619517543,0,0.00000000,3256184.20600800,1.00000000,90.0,3256184.20600800,2930565.78540720,0.90000000,0.00000031,3223622.36394792,revenue-supported normalized cost units; not measured hashrate
S4,S4,0,840000,flat,base,reference,619517543,10003,0.00161462,3256236.78177600,1.00000000,90.0,3256236.78177600,2930613.10359840,0.70000000,0.00000024,4144724.24651774,revenue-supported normalized cost units; not measured hashrate
S4,S4,0,840000,flat,base,efficient,619517543,10003,0.00161462,3256236.78177600,1.00000000,90.0,3256236.78177600,2930613.10359840,0.58000000,0.00000020,5002253.40096968,revenue-supported normalized cost units; not measured hashrate
S4,S4,0,840000,flat,base,high_cost,619517543,10003,0.00161462,3256236.78177600,1.00000000,90.0,3256236.78177600,2930613.10359840,0.90000000,0.00000031,3223674.41395824,revenue-supported normalized cost units; not measured hashrate
S4,S4,0,840000,flat,high,reference,619517543,290698,0.04690128,3257712.11469600,1.00000000,90.0,3257712.11469600,2931940.90322640,0.70000000,0.00000024,4146602.13456305,revenue-supported normalized cost units; not measured hashrate
S4,S4,0,840000,flat,high,efficient,619517543,290698,0.04690128,3257712.11469600,1.00000000,90.0,3257712.11469600,2931940.90322640,0.58000000,0.00000020,5004519.81757610,revenue-supported normalized cost units; not measured hashrate
S4,S4,0,840000,flat,high,high_cost,619517543,290698,0.04690128,3257712.11469600,1.00000000,90.0,3257712.11469600,2931940.90322640,0.90000000,0.00000031,3225134.99354904,revenue-supported normalized cost units; not measured hashrate
S4,S4,0,840000,growth,low,reference,619517543,0,0.00000000,3256184.20600800,1.00000000,80.0,3256184.20600800,2604947.36480640,0.70000000,0.00000027,3684139.84451191,revenue-supported normalized cost units; not measured hashrate
S4,S4,0,840000,growth,low,efficient,619517543,0,0.00000000,3256184.20600800,1.00000000,80.0,3256184.20600800,2604947.36480640,0.58000000,0.00000022,4446375.67441092,revenue-supported normalized cost units; not measured hashrate
S4,S4,0,840000,growth,low,high_cost,619517543,0,0.00000000,3256184.20600800,1.00000000,80.0,3256184.20600800,2604947.36480640,0.90000000,0.00000035,2865442.10128704,revenue-supported normalized cost units; not measured hashrate
S4,S4,0,840000,growth,base,reference,619517543,10003,0.00161462,3256236.78177600,1.00000000,80.0,3256236.78177600,2604989.42542080,0.70000000,0.00000027,3684199.33023799,revenue-supported normalized cost units; not measured hashrate
S4,S4,0,840000,growth,base,efficient,619517543,10003,0.00161462,3256236.78177600,1.00000000,80.0,3256236.78177600,2604989.42542080,0.58000000,0.00000022,4446447.46752861,revenue-supported normalized cost units; not measured hashrate
S4,S4,0,840000,growth,base,high_cost,619517543,10003,0.00161462,3256236.78177600,1.00000000,80.0,3256236.78177600,2604989.42542080,0.90000000,0.00000035,2865488.36796288,revenue-supported normalized cost units; not measured hashrate
S4,S4,0,840000,growth,high,reference,619517543,290698,0.04690128,3257712.11469600,1.00000000,80.0,3257712.11469600,2606169.69175680,0.70000000,0.00000027,3685868.56405605,revenue-supported normalized cost units; not measured hashrate
S4,S4,0,840000,growth,high,efficient,619517543,290698,0.04690128,3257712.11469600,1.00000000,80.0,3257712.11469600,2606169.69175680,0.58000000,0.00000022,4448462.06006764,revenue-supported normalized cost units; not measured hashrate
S4,S4,0,840000,growth,high,high_cost,619517543,290698,0.04690128,3257712.11469600,1.00000000,80.0,3257712.11469600,2606169.69175680,0.90000000,0.00000035,2866786.66093248,revenue-supported normalized cost units; not measured hashrate
S4,S4,1,1365600,stress,low,reference,608696483,0,0.00000000,3199308.71464800,0.95000000,70.0,3039343.27891560,2127540.29524092,0.70000000,0.00000032,3008949.84612644,revenue-supported normalized cost units; not measured hashrate
S4,S4,1,1365600,stress,low,efficient,608696483,0,0.00000000,3199308.71464800,0.95000000,70.0,3039343.27891560,2127540.29524092,0.58000000,0.00000026,3631491.19360088,revenue-supported normalized cost units; not measured hashrate
S4,S4,1,1365600,stress,low,high_cost,608696483,0,0.00000000,3199308.71464800,0.95000000,70.0,3039343.27891560,2127540.29524092,0.90000000,0.00000041,2340294.32476501,revenue-supported normalized cost units; not measured hashrate
S4,S4,1,1365600,stress,base,reference,608696483,10003,0.00164332,3199361.29041600,0.95000000,70.0,3039393.22589520,2127575.25812664,0.70000000,0.00000032,3008999.29363625,revenue-supported normalized cost units; not measured hashrate
S4,S4,1,1365600,stress,base,efficient,608696483,10003,0.00164332,3199361.29041600,0.95000000,70.0,3039393.22589520,2127575.25812664,0.58000000,0.00000026,3631550.87162995,revenue-supported normalized cost units; not measured hashrate
S4,S4,1,1365600,stress,base,high_cost,608696483,10003,0.00164332,3199361.29041600,0.95000000,70.0,3039393.22589520,2127575.25812664,0.90000000,0.00000041,2340332.78393930,revenue-supported normalized cost units; not measured hashrate
S4,S4,1,1365600,stress,high,reference,608696483,290698,0.04773467,3200836.62333600,0.95000000,70.0,3040794.79216920,2128556.35451844,0.70000000,0.00000032,3010386.84424751,revenue-supported normalized cost units; not measured hashrate
S4,S4,1,1365600,stress,high,efficient,608696483,290698,0.04773467,3200836.62333600,0.95000000,70.0,3040794.79216920,2128556.35451844,0.58000000,0.00000026,3633225.50167803,revenue-supported normalized cost units; not measured hashrate
S4,S4,1,1365600,stress,high,high_cost,608696483,290698,0.04773467,3200836.62333600,0.95000000,70.0,3040794.79216920,2128556.35451844,0.90000000,0.00000041,2341411.98997028,revenue-supported normalized cost units; not measured hashrate
S4,S4,1,1365600,flat,low,reference,608696483,0,0.00000000,3199308.71464800,1.00000000,90.0,3199308.71464800,2879377.84318320,0.70000000,0.00000025,4072262.94964481,revenue-supported normalized cost units; not measured hashrate
S4,S4,1,1365600,flat,low,efficient,608696483,0,0.00000000,3199308.71464800,1.00000000,90.0,3199308.71464800,2879377.84318320,0.58000000,0.00000020,4914800.11164029,revenue-supported normalized cost units; not measured hashrate
S4,S4,1,1365600,flat,low,high_cost,608696483,0,0.00000000,3199308.71464800,1.00000000,90.0,3199308.71464800,2879377.84318320,0.90000000,0.00000032,3167315.62750152,revenue-supported normalized cost units; not measured hashrate
S4,S4,1,1365600,flat,base,reference,608696483,10003,0.00164332,3199361.29041600,1.00000000,90.0,3199361.29041600,2879425.16137440,0.70000000,0.00000025,4072329.87108665,revenue-supported normalized cost units; not measured hashrate
S4,S4,1,1365600,flat,base,efficient,608696483,10003,0.00164332,3199361.29041600,1.00000000,90.0,3199361.29041600,2879425.16137440,0.58000000,0.00000020,4914880.87889768,revenue-supported normalized cost units; not measured hashrate
S4,S4,1,1365600,flat,base,high_cost,608696483,10003,0.00164332,3199361.29041600,1.00000000,90.0,3199361.29041600,2879425.16137440,0.90000000,0.00000032,3167367.67751184,revenue-supported normalized cost units; not measured hashrate
S4,S4,1,1365600,flat,high,reference,608696483,290698,0.04773467,3200836.62333600,1.00000000,90.0,3200836.62333600,2880752.96100240,0.70000000,0.00000025,4074207.75913197,revenue-supported normalized cost units; not measured hashrate
S4,S4,1,1365600,flat,high,efficient,608696483,290698,0.04773467,3200836.62333600,1.00000000,90.0,3200836.62333600,2880752.96100240,0.58000000,0.00000020,4917147.29550410,revenue-supported normalized cost units; not measured hashrate
S4,S4,1,1365600,flat,high,high_cost,608696483,290698,0.04773467,3200836.62333600,1.00000000,90.0,3200836.62333600,2880752.96100240,0.90000000,0.00000032,3168828.25710264,revenue-supported normalized cost units; not measured hashrate
S4,S4,1,1365600,growth,low,reference,608696483,0,0.00000000,3199308.71464800,1.03000000,80.0,3295287.97608744,2636230.38086995,0.70000000,0.00000028,3728382.96723036,revenue-supported normalized cost units; not measured hashrate
S4,S4,1,1365600,growth,low,efficient,608696483,0,0.00000000,3199308.71464800,1.03000000,80.0,3295287.97608744,2636230.38086995,0.58000000,0.00000023,4499772.54665733,revenue-supported normalized cost units; not measured hashrate
S4,S4,1,1365600,growth,low,high_cost,608696483,0,0.00000000,3199308.71464800,1.03000000,80.0,3295287.97608744,2636230.38086995,0.90000000,0.00000036,2899853.41895695,revenue-supported normalized cost units; not measured hashrate
S4,S4,1,1365600,growth,base,reference,608696483,10003,0.00164332,3199361.29041600,1.03000000,80.0,3295342.12912848,2636273.70330278,0.70000000,0.00000028,3728444.23752822,revenue-supported normalized cost units; not measured hashrate
S4,S4,1,1365600,growth,base,efficient,608696483,10003,0.00164332,3199361.29041600,1.03000000,80.0,3295342.12912848,2636273.70330278,0.58000000,0.00000023,4499846.49356855,revenue-supported normalized cost units; not measured hashrate
S4,S4,1,1365600,growth,base,high_cost,608696483,10003,0.00164332,3199361.29041600,1.03000000,80.0,3295342.12912848,2636273.70330278,0.90000000,0.00000036,2899901.07363306,revenue-supported normalized cost units; not measured hashrate
S4,S4,1,1365600,growth,high,reference,608696483,290698,0.04773467,3200836.62333600,1.03000000,80.0,3296861.72203608,2637489.37762886,0.70000000,0.00000028,3730163.54836082,revenue-supported normalized cost units; not measured hashrate
S4,S4,1,1365600,growth,high,efficient,608696483,290698,0.04773467,3200836.62333600,1.03000000,80.0,3296861.72203608,2637489.37762886,0.58000000,0.00000023,4501921.52388375,revenue-supported normalized cost units; not measured hashrate
S4,S4,1,1365600,growth,high,high_cost,608696483,290698,0.04773467,3200836.62333600,1.03000000,80.0,3296861.72203608,2637489.37762886,0.90000000,0.00000036,2901238.31539175,revenue-supported normalized cost units; not measured hashrate
S4,S4,2,1891200,stress,low,reference,592818254,0,0.00000000,3115852.74302400,0.90250000,70.0,2812057.10057916,1968439.97040541,0.70000000,0.00000032,2783936.52957337,revenue-supported normalized cost units; not measured hashrate
S4,S4,2,1891200,stress,low,efficient,592818254,0,0.00000000,3115852.74302400,0.90250000,70.0,2812057.10057916,1968439.97040541,0.58000000,0.00000027,3359923.39776096,revenue-supported normalized cost units; not measured hashrate
S4,S4,2,1891200,stress,low,high_cost,592818254,0,0.00000000,3115852.74302400,0.90250000,70.0,2812057.10057916,1968439.97040541,0.90000000,0.00000042,2165283.96744595,revenue-supported normalized cost units; not measured hashrate
S4,S4,2,1891200,stress,base,reference,592818254,10003,0.00168734,3115905.31879200,0.90250000,70.0,2812104.55020978,1968473.18514685,0.70000000,0.00000032,2783983.50470768,revenue-supported normalized cost units; not measured hashrate
S4,S4,2,1891200,stress,base,efficient,592818254,10003,0.00168734,3115905.31879200,0.90250000,70.0,2812104.55020978,1968473.18514685,0.58000000,0.00000027,3359980.09188858,revenue-supported normalized cost units; not measured hashrate
S4,S4,2,1891200,stress,base,high_cost,592818254,10003,0.00168734,3115905.31879200,0.90250000,70.0,2812104.55020978,1968473.18514685,0.90000000,0.00000042,2165320.50366153,revenue-supported normalized cost units; not measured hashrate
S4,S4,2,1891200,stress,high,reference,592818254,290698,0.04901258,3117380.65171200,0.90250000,70.0,2813436.03817008,1969405.22671906,0.70000000,0.00000032,2785301.67778838,revenue-supported normalized cost units; not measured hashrate
S4,S4,2,1891200,stress,high,efficient,592818254,290698,0.04901258,3117380.65171200,0.90250000,70.0,2813436.03817008,1969405.22671906,0.58000000,0.00000027,3361570.99043425,revenue-supported normalized cost units; not measured hashrate
S4,S4,2,1891200,stress,high,high_cost,592818254,290698,0.04901258,3117380.65171200,0.90250000,70.0,2813436.03817008,1969405.22671906,0.90000000,0.00000042,2166345.74939096,revenue-supported normalized cost units; not measured hashrate
S4,S4,2,1891200,flat,low,reference,592818254,0,0.00000000,3115852.74302400,1.00000000,90.0,3115852.74302400,2804267.46872160,0.70000000,0.00000025,3966035.42004912,revenue-supported normalized cost units; not measured hashrate
S4,S4,2,1891200,flat,low,efficient,592818254,0,0.00000000,3115852.74302400,1.00000000,90.0,3115852.74302400,2804267.46872160,0.58000000,0.00000021,4786594.47247308,revenue-supported normalized cost units; not measured hashrate
S4,S4,2,1891200,flat,low,high_cost,592818254,0,0.00000000,3115852.74302400,1.00000000,90.0,3115852.74302400,2804267.46872160,0.90000000,0.00000032,3084694.21559376,revenue-supported normalized cost units; not measured hashrate
S4,S4,2,1891200,flat,base,reference,592818254,10003,0.00168734,3115905.31879200,1.00000000,90.0,3115905.31879200,2804314.78691280,0.70000000,0.00000025,3966102.34149096,revenue-supported normalized cost units; not measured hashrate
S4,S4,2,1891200,flat,base,efficient,592818254,10003,0.00168734,3115905.31879200,1.00000000,90.0,3115905.31879200,2804314.78691280,0.58000000,0.00000021,4786675.23973047,revenue-supported normalized cost units; not measured hashrate
S4,S4,2,1891200,flat,base,high_cost,592818254,10003,0.00168734,3115905.31879200,1.00000000,90.0,3115905.31879200,2804314.78691280,0.90000000,0.00000032,3084746.26560408,revenue-supported normalized cost units; not measured hashrate
S4,S4,2,1891200,flat,high,reference,592818254,290698,0.04901258,3117380.65171200,1.00000000,90.0,3117380.65171200,2805642.58654080,0.70000000,0.00000025,3967980.22953627,revenue-supported normalized cost units; not measured hashrate
S4,S4,2,1891200,flat,high,efficient,592818254,290698,0.04901258,3117380.65171200,1.00000000,90.0,3117380.65171200,2805642.58654080,0.58000000,0.00000021,4788941.65633688,revenue-supported normalized cost units; not measured hashrate
S4,S4,2,1891200,flat,high,high_cost,592818254,290698,0.04901258,3117380.65171200,1.00000000,90.0,3117380.65171200,2805642.58654080,0.90000000,0.00000032,3086206.84519488,revenue-supported normalized cost units; not measured hashrate
S4,S4,2,1891200,growth,low,reference,592818254,0,0.00000000,3115852.74302400,1.06090000,80.0,3305608.17507416,2644486.54005933,0.70000000,0.00000028,3740059.53522677,revenue-supported normalized cost units; not measured hashrate
S4,S4,2,1891200,growth,low,efficient,592818254,0,0.00000000,3115852.74302400,1.06090000,80.0,3305608.17507416,2644486.54005933,0.58000000,0.00000024,4513864.95630817,revenue-supported normalized cost units; not measured hashrate
S4,S4,2,1891200,growth,low,high_cost,592818254,0,0.00000000,3115852.74302400,1.06090000,80.0,3305608.17507416,2644486.54005933,0.90000000,0.00000036,2908935.19406526,revenue-supported normalized cost units; not measured hashrate
S4,S4,2,1891200,growth,base,reference,592818254,10003,0.00168734,3115905.31879200,1.06090000,80.0,3305663.95270643,2644531.16216515,0.70000000,0.00000028,3740122.64363356,revenue-supported normalized cost units; not measured hashrate
S4,S4,2,1891200,growth,base,efficient,592818254,10003,0.00168734,3115905.31879200,1.06090000,80.0,3305663.95270643,2644531.16216515,0.58000000,0.00000024,4513941.12162672,revenue-supported normalized cost units; not measured hashrate
S4,S4,2,1891200,growth,base,high_cost,592818254,10003,0.00168734,3115905.31879200,1.06090000,80.0,3305663.95270643,2644531.16216515,0.90000000,0.00000036,2908984.27838166,revenue-supported normalized cost units; not measured hashrate
S4,S4,2,1891200,growth,high,reference,592818254,290698,0.04901258,3117380.65171200,1.06090000,80.0,3307229.13340126,2645783.30672101,0.70000000,0.00000028,3741893.53379114,revenue-supported normalized cost units; not measured hashrate
S4,S4,2,1891200,growth,high,efficient,592818254,290698,0.04901258,3117380.65171200,1.06090000,80.0,3307229.13340126,2645783.30672101,0.58000000,0.00000023,4516078.40285138,revenue-supported normalized cost units; not measured hashrate
S4,S4,2,1891200,growth,high,high_cost,592818254,290698,0.04901258,3117380.65171200,1.06090000,80.0,3307229.13340126,2645783.30672101,0.90000000,0.00000036,2910361.63739311,revenue-supported normalized cost units; not measured hashrate
S4,S4,5,3468000,stress,low,reference,557361171,0,0.00000000,2929490.31477600,0.77378094,70.0,2266783.76216454,1586748.63351518,0.70000000,0.00000034,2244115.92454290,revenue-supported normalized cost units; not measured hashrate
S4,S4,5,3468000,stress,low,efficient,557361171,0,0.00000000,2929490.31477600,0.77378094,70.0,2266783.76216454,1586748.63351518,0.58000000,0.00000029,2708415.77100005,revenue-supported normalized cost units; not measured hashrate
S4,S4,5,3468000,stress,low,high_cost,557361171,0,0.00000000,2929490.31477600,0.77378094,70.0,2266783.76216454,1586748.63351518,0.90000000,0.00000044,1745423.49686670,revenue-supported normalized cost units; not measured hashrate
S4,S4,5,3468000,stress,base,reference,557361171,10003,0.00179467,2929542.89054400,0.77378094,70.0,2266824.44429160,1586777.11100412,0.70000000,0.00000034,2244156.19984868,revenue-supported normalized cost units; not measured hashrate
S4,S4,5,3468000,stress,base,efficient,557361171,10003,0.00179467,2929542.89054400,0.77378094,70.0,2266824.44429160,1586777.11100412,0.58000000,0.00000029,2708464.37912772,revenue-supported normalized cost units; not measured hashrate
S4,S4,5,3468000,stress,base,high_cost,557361171,10003,0.00179467,2929542.89054400,0.77378094,70.0,2266824.44429160,1586777.11100412,0.90000000,0.00000044,1745454.82210453,revenue-supported normalized cost units; not measured hashrate
S4,S4,5,3468000,stress,high,reference,557361171,290698,0.05212894,2931018.22346400,0.77378094,70.0,2267966.02878156,1587576.22014709,0.70000000,0.00000034,2245286.36849374,revenue-supported normalized cost units; not measured hashrate
S4,S4,5,3468000,stress,high,efficient,557361171,290698,0.05212894,2931018.22346400,0.77378094,70.0,2267966.02878156,1587576.22014709,0.58000000,0.00000029,2709828.37576831,revenue-supported normalized cost units; not measured hashrate
S4,S4,5,3468000,stress,high,high_cost,557361171,290698,0.05212894,2931018.22346400,0.77378094,70.0,2267966.02878156,1587576.22014709,0.90000000,0.00000044,1746333.84216180,revenue-supported normalized cost units; not measured hashrate
S4,S4,5,3468000,flat,low,reference,557361171,0,0.00000000,2929490.31477600,1.00000000,90.0,2929490.31477600,2636541.28329840,0.70000000,0.00000027,3728822.67209345,revenue-supported normalized cost units; not measured hashrate
S4,S4,5,3468000,flat,low,efficient,557361171,0,0.00000000,2929490.31477600,1.00000000,90.0,2929490.31477600,2636541.28329840,0.58000000,0.00000022,4500303.22494037,revenue-supported normalized cost units; not measured hashrate
S4,S4,5,3468000,flat,low,high_cost,557361171,0,0.00000000,2929490.31477600,1.00000000,90.0,2929490.31477600,2636541.28329840,0.90000000,0.00000034,2900195.41162824,revenue-supported normalized cost units; not measured hashrate
S4,S4,5,3468000,flat,base,reference,557361171,10003,0.00179467,2929542.89054400,1.00000000,90.0,2929542.89054400,2636588.60148960,0.70000000,0.00000027,3728889.59353529,revenue-supported normalized cost units; not measured hashrate
S4,S4,5,3468000,flat,base,efficient,557361171,10003,0.00179467,2929542.89054400,1.00000000,90.0,2929542.89054400,2636588.60148960,0.58000000,0.00000022,4500383.99219777,revenue-supported normalized cost units; not measured hashrate
S4,S4,5,3468000,flat,base,high_cost,557361171,10003,0.00179467,2929542.89054400,1.00000000,90.0,2929542.89054400,2636588.60148960,0.90000000,0.00000034,2900247.46163856,revenue-supported normalized cost units; not measured hashrate
S4,S4,5,3468000,flat,high,reference,557361171,290698,0.05212894,2931018.22346400,1.00000000,90.0,2931018.22346400,2637916.40111760,0.70000000,0.00000027,3730767.48158061,revenue-supported normalized cost units; not measured hashrate
S4,S4,5,3468000,flat,high,efficient,557361171,290698,0.05212894,2931018.22346400,1.00000000,90.0,2931018.22346400,2637916.40111760,0.58000000,0.00000022,4502650.40880418,revenue-supported normalized cost units; not measured hashrate
S4,S4,5,3468000,flat,high,high_cost,557361171,290698,0.05212894,2931018.22346400,1.00000000,90.0,2931018.22346400,2637916.40111760,0.90000000,0.00000034,2901708.04122936,revenue-supported normalized cost units; not measured hashrate
S4,S4,5,3468000,growth,low,reference,557361171,0,0.00000000,2929490.31477600,1.15927407,80.0,3396082.17283276,2716865.73826621,0.70000000,0.00000030,3842424.40126221,revenue-supported normalized cost units; not measured hashrate
S4,S4,5,3468000,growth,low,efficient,557361171,0,0.00000000,2929490.31477600,1.15927407,80.0,3396082.17283276,2716865.73826621,0.58000000,0.00000025,4637408.76014405,revenue-supported normalized cost units; not measured hashrate
S4,S4,5,3468000,growth,low,high_cost,557361171,0,0.00000000,2929490.31477600,1.15927407,80.0,3396082.17283276,2716865.73826621,0.90000000,0.00000039,2988552.31209283,revenue-supported normalized cost units; not measured hashrate
S4,S4,5,3468000,growth,base,reference,557361171,10003,0.00179467,2929542.89054400,1.15927407,80.0,3396143.12255754,2716914.49804603,0.70000000,0.00000030,3842493.36152225,revenue-supported normalized cost units; not measured hashrate
S4,S4,5,3468000,growth,base,efficient,557361171,10003,0.00179467,2929542.89054400,1.15927407,80.0,3396143.12255754,2716914.49804603,0.58000000,0.00000025,4637491.98804409,revenue-supported normalized cost units; not measured hashrate
S4,S4,5,3468000,growth,base,high_cost,557361171,10003,0.00179467,2929542.89054400,1.15927407,80.0,3396143.12255754,2716914.49804603,0.90000000,0.00000039,2988605.94785064,revenue-supported normalized cost units; not measured hashrate
S4,S4,5,3468000,growth,high,reference,557361171,290698,0.05212894,2931018.22346400,1.15927407,80.0,3397853.43776266,2718282.75021013,0.70000000,0.00000030,3844428.46101147,revenue-supported normalized cost units; not measured hashrate
S4,S4,5,3468000,growth,high,efficient,557361171,290698,0.05212894,2931018.22346400,1.15927407,80.0,3397853.43776266,2718282.75021013,0.58000000,0.00000025,4639827.45294487,revenue-supported normalized cost units; not measured hashrate
S4,S4,5,3468000,growth,high,high_cost,557361171,290698,0.05212894,2931018.22346400,1.15927407,80.0,3397853.43776266,2718282.75021013,0.90000000,0.00000039,2990111.02523114,revenue-supported normalized cost units; not measured hashrate
S4,S4,10,6096000,stress,low,reference,497042362,0,0.00000000,2612454.65467200,0.59873694,70.0,1564173.10383737,1094921.17268616,0.70000000,0.00000039,1548531.37279900,revenue-supported normalized cost units; not measured hashrate
S4,S4,10,6096000,stress,low,efficient,497042362,0,0.00000000,2612454.65467200,0.59873694,70.0,1564173.10383737,1094921.17268616,0.58000000,0.00000032,1868917.17406775,revenue-supported normalized cost units; not measured hashrate
S4,S4,10,6096000,stress,low,high_cost,497042362,0,0.00000000,2612454.65467200,0.59873694,70.0,1564173.10383737,1094921.17268616,0.90000000,0.00000050,1204413.28995477,revenue-supported normalized cost units; not measured hashrate
S4,S4,10,6096000,stress,base,reference,497042362,10003,0.00201246,2612507.23044000,0.59873694,70.0,1564204.58289178,1094943.20802425,0.70000000,0.00000039,1548562.53706286,revenue-supported normalized cost units; not measured hashrate
S4,S4,10,6096000,stress,base,efficient,497042362,10003,0.00201246,2612507.23044000,0.59873694,70.0,1564204.58289178,1094943.20802425,0.58000000,0.00000032,1868954.78611035,revenue-supported normalized cost units; not measured hashrate
S4,S4,10,6096000,stress,base,high_cost,497042362,10003,0.00201246,2612507.23044000,0.59873694,70.0,1564204.58289178,1094943.20802425,0.90000000,0.00000050,1204437.52882667,revenue-supported normalized cost units; not measured hashrate
S4,S4,10,6096000,stress,high,reference,497042362,290698,0.05845137,2613982.56336000,0.59873694,70.0,1565087.91920866,1095561.54344606,0.70000000,0.00000039,1549437.04001657,revenue-supported normalized cost units; not measured hashrate
S4,S4,10,6096000,stress,high,efficient,497042362,290698,0.05845137,2613982.56336000,0.59873694,70.0,1565087.91920866,1095561.54344606,0.58000000,0.00000032,1870010.22070966,revenue-supported normalized cost units; not measured hashrate
S4,S4,10,6096000,stress,high,high_cost,497042362,290698,0.05845137,2613982.56336000,0.59873694,70.0,1565087.91920866,1095561.54344606,0.90000000,0.00000050,1205117.69779067,revenue-supported normalized cost units; not measured hashrate
S4,S4,10,6096000,flat,low,reference,497042362,0,0.00000000,2612454.65467200,1.00000000,90.0,2612454.65467200,2351209.18920480,0.70000000,0.00000030,3325281.56758965,revenue-supported normalized cost units; not measured hashrate
S4,S4,10,6096000,flat,low,efficient,497042362,0,0.00000000,2612454.65467200,1.00000000,90.0,2612454.65467200,2351209.18920480,0.58000000,0.00000025,4013270.85743578,revenue-supported normalized cost units; not measured hashrate
S4,S4,10,6096000,flat,low,high_cost,497042362,0,0.00000000,2612454.65467200,1.00000000,90.0,2612454.65467200,2351209.18920480,0.90000000,0.00000039,2586330.10812528,revenue-supported normalized cost units; not measured hashrate
S4,S4,10,6096000,flat,base,reference,497042362,10003,0.00201246,2612507.23044000,1.00000000,90.0,2612507.23044000,2351256.50739600,0.70000000,0.00000030,3325348.48903149,revenue-supported normalized cost units; not measured hashrate
S4,S4,10,6096000,flat,base,efficient,497042362,10003,0.00201246,2612507.23044000,1.00000000,90.0,2612507.23044000,2351256.50739600,0.58000000,0.00000025,4013351.62469317,revenue-supported normalized cost units; not measured hashrate
S4,S4,10,6096000,flat,base,high_cost,497042362,10003,0.00201246,2612507.23044000,1.00000000,90.0,2612507.23044000,2351256.50739600,0.90000000,0.00000039,2586382.15813560,revenue-supported normalized cost units; not measured hashrate
S4,S4,10,6096000,flat,high,reference,497042362,290698,0.05845137,2613982.56336000,1.00000000,90.0,2613982.56336000,2352584.30702400,0.70000000,0.00000030,3327226.37707680,revenue-supported normalized cost units; not measured hashrate
S4,S4,10,6096000,flat,high,efficient,497042362,290698,0.05845137,2613982.56336000,1.00000000,90.0,2613982.56336000,2352584.30702400,0.58000000,0.00000025,4015618.04129959,revenue-supported normalized cost units; not measured hashrate
S4,S4,10,6096000,flat,high,high_cost,497042362,290698,0.05845137,2613982.56336000,1.00000000,90.0,2613982.56336000,2352584.30702400,0.90000000,0.00000039,2587842.73772640,revenue-supported normalized cost units; not measured hashrate
S4,S4,10,6096000,growth,low,reference,497042362,0,0.00000000,2612454.65467200,1.34391638,80.0,3510920.60070749,2808736.48056599,0.70000000,0.00000034,3972355.87965762,revenue-supported normalized cost units; not measured hashrate
S4,S4,10,6096000,growth,low,efficient,497042362,0,0.00000000,2612454.65467200,1.34391638,80.0,3510920.60070749,2808736.48056599,0.58000000,0.00000028,4794222.61337989,revenue-supported normalized cost units; not measured hashrate
S4,S4,10,6096000,growth,low,high_cost,497042362,0,0.00000000,2612454.65467200,1.34391638,80.0,3510920.60070749,2808736.48056599,0.90000000,0.00000043,3089610.12862259,revenue-supported normalized cost units; not measured hashrate
S4,S4,10,6096000,growth,base,reference,497042362,10003,0.00201246,2612507.23044000,1.34391638,80.0,3510991.25814326,2808793.00651461,0.70000000,0.00000034,3972435.82349924,revenue-supported normalized cost units; not measured hashrate
S4,S4,10,6096000,growth,base,efficient,497042362,10003,0.00201246,2612507.23044000,1.34391638,80.0,3510991.25814326,2808793.00651461,0.58000000,0.00000028,4794319.09732666,revenue-supported normalized cost units; not measured hashrate
S4,S4,10,6096000,growth,base,high_cost,497042362,10003,0.00201246,2612507.23044000,1.34391638,80.0,3510991.25814326,2808793.00651461,0.90000000,0.00000043,3089672.30716607,revenue-supported normalized cost units; not measured hashrate
S4,S4,10,6096000,growth,high,reference,497042362,290698,0.05845137,2613982.56336000,1.34391638,80.0,3512973.98221944,2810379.18577555,0.70000000,0.00000034,3974679.13416828,revenue-supported normalized cost units; not measured hashrate
S4,S4,10,6096000,growth,high,efficient,497042362,290698,0.05845137,2613982.56336000,1.34391638,80.0,3512973.98221944,2810379.18577555,0.58000000,0.00000028,4797026.54123758,revenue-supported normalized cost units; not measured hashrate
S4,S4,10,6096000,growth,high,high_cost,497042362,290698,0.05845137,2613982.56336000,1.34391638,80.0,3512973.98221944,2810379.18577555,0.90000000,0.00000043,3091417.10435311,revenue-supported normalized cost units; not measured hashrate
S4,S4,25,13980000,stress,low,reference,358770144,0,0.00000000,1885695.87686400,0.27738957,70.0,523072.37432091,366150.66202464,0.70000000,0.00000054,517841.65057770,revenue-supported normalized cost units; not measured hashrate
S4,S4,25,13980000,stress,low,efficient,358770144,0,0.00000000,1885695.87686400,0.27738957,70.0,523072.37432091,366150.66202464,0.58000000,0.00000044,624981.30242136,revenue-supported normalized cost units; not measured hashrate
S4,S4,25,13980000,stress,low,high_cost,358770144,0,0.00000000,1885695.87686400,0.27738957,70.0,523072.37432091,366150.66202464,0.90000000,0.00000069,402765.72822710,revenue-supported normalized cost units; not measured hashrate
S4,S4,25,13980000,stress,base,reference,358770144,10003,0.00278806,1885748.45263200,0.27738957,70.0,523086.95829075,366160.87080352,0.70000000,0.00000054,517856.08870784,revenue-supported normalized cost units; not measured hashrate
S4,S4,25,13980000,stress,base,efficient,358770144,10003,0.00278806,1885748.45263200,0.27738957,70.0,523086.95829075,366160.87080352,0.58000000,0.00000044,624998.72775084,revenue-supported normalized cost units; not measured hashrate
S4,S4,25,13980000,stress,base,high_cost,358770144,10003,0.00278806,1885748.45263200,0.27738957,70.0,523086.95829075,366160.87080352,0.90000000,0.00000069,402776.95788388,revenue-supported normalized cost units; not measured hashrate
S4,S4,25,13980000,stress,high,reference,358770144,290698,0.08096065,1887223.78555200,0.27738957,70.0,523496.20025964,366447.34018175,0.70000000,0.00000054,518261.23825704,revenue-supported normalized cost units; not measured hashrate
S4,S4,25,13980000,stress,high,efficient,358770144,290698,0.08096065,1887223.78555200,0.27738957,70.0,523496.20025964,366447.34018175,0.58000000,0.00000044,625487.70134471,revenue-supported normalized cost units; not measured hashrate
S4,S4,25,13980000,stress,high,high_cost,358770144,290698,0.08096065,1887223.78555200,0.27738957,70.0,523496.20025964,366447.34018175,0.90000000,0.00000069,403092.07419992,revenue-supported normalized cost units; not measured hashrate
S4,S4,25,13980000,flat,low,reference,358770144,0,0.00000000,1885695.87686400,1.00000000,90.0,1885695.87686400,1697126.28917760,0.70000000,0.00000042,2400221.46612261,revenue-supported normalized cost units; not measured hashrate
S4,S4,25,13980000,flat,low,efficient,358770144,0,0.00000000,1885695.87686400,1.00000000,90.0,1885695.87686400,1697126.28917760,0.58000000,0.00000035,2896819.01083763,revenue-supported normalized cost units; not measured hashrate
S4,S4,25,13980000,flat,low,high_cost,358770144,0,0.00000000,1885695.87686400,1.00000000,90.0,1885695.87686400,1697126.28917760,0.90000000,0.00000054,1866838.91809536,revenue-supported normalized cost units; not measured hashrate
S4,S4,25,13980000,flat,base,reference,358770144,10003,0.00278806,1885748.45263200,1.00000000,90.0,1885748.45263200,1697173.60736880,0.70000000,0.00000042,2400288.38756445,revenue-supported normalized cost units; not measured hashrate
S4,S4,25,13980000,flat,base,efficient,358770144,10003,0.00278806,1885748.45263200,1.00000000,90.0,1885748.45263200,1697173.60736880,0.58000000,0.00000035,2896899.77809502,revenue-supported normalized cost units; not measured hashrate
S4,S4,25,13980000,flat,base,high_cost,358770144,10003,0.00278806,1885748.45263200,1.00000000,90.0,1885748.45263200,1697173.60736880,0.90000000,0.00000054,1866890.96810568,revenue-supported normalized cost units; not measured hashrate
S4,S4,25,13980000,flat,high,reference,358770144,290698,0.08096065,1887223.78555200,1.00000000,90.0,1887223.78555200,1698501.40699680,0.70000000,0.00000042,2402166.27560976,revenue-supported normalized cost units; not measured hashrate
S4,S4,25,13980000,flat,high,efficient,358770144,290698,0.08096065,1887223.78555200,1.00000000,90.0,1887223.78555200,1698501.40699680,0.58000000,0.00000034,2899166.19470143,revenue-supported normalized cost units; not measured hashrate
S4,S4,25,13980000,flat,high,high_cost,358770144,290698,0.08096065,1887223.78555200,1.00000000,90.0,1887223.78555200,1698501.40699680,0.90000000,0.00000054,1868351.54769648,revenue-supported normalized cost units; not measured hashrate
S4,S4,25,13980000,growth,low,reference,358770144,0,0.00000000,1885695.87686400,2.09377793,80.0,3948228.40901780,3158582.72721424,0.70000000,0.00000047,4467138.42848871,revenue-supported normalized cost units; not measured hashrate
S4,S4,25,13980000,growth,low,efficient,358770144,0,0.00000000,1885695.87686400,2.09377793,80.0,3948228.40901780,3158582.72721424,0.58000000,0.00000039,5391373.96541740,revenue-supported normalized cost units; not measured hashrate
S4,S4,25,13980000,growth,low,high_cost,358770144,0,0.00000000,1885695.87686400,2.09377793,80.0,3948228.40901780,3158582.72721424,0.90000000,0.00000060,3474440.99993566,revenue-supported normalized cost units; not measured hashrate
S4,S4,25,13980000,growth,base,reference,358770144,10003,0.00278806,1885748.45263200,2.09377793,80.0,3948338.49100047,3158670.79280037,0.70000000,0.00000047,4467262.97838910,revenue-supported normalized cost units; not measured hashrate
S4,S4,25,13980000,growth,base,efficient,358770144,10003,0.00278806,1885748.45263200,2.09377793,80.0,3948338.49100047,3158670.79280037,0.58000000,0.00000039,5391524.28426271,revenue-supported normalized cost units; not measured hashrate
S4,S4,25,13980000,growth,base,high_cost,358770144,10003,0.00278806,1885748.45263200,2.09377793,80.0,3948338.49100047,3158670.79280037,0.90000000,0.00000060,3474537.87208041,revenue-supported normalized cost units; not measured hashrate
S4,S4,25,13980000,growth,high,reference,358770144,290698,0.08096065,1887223.78555200,2.09377793,80.0,3951427.51050726,3161142.00840581,0.70000000,0.00000047,4470757.98331678,revenue-supported normalized cost units; not measured hashrate
S4,S4,25,13980000,growth,high,efficient,358770144,290698,0.08096065,1887223.78555200,2.09377793,80.0,3951427.51050726,3161142.00840581,0.58000000,0.00000039,5395742.39365818,revenue-supported normalized cost units; not measured hashrate
S4,S4,25,13980000,growth,high,high_cost,358770144,290698,0.08096065,1887223.78555200,2.09377793,80.0,3951427.51050726,3161142.00840581,0.90000000,0.00000060,3477256.20924639,revenue-supported normalized cost units; not measured hashrate
S4,S4,50,27120000,stress,low,reference,205945615,0,0.00000000,1082450.15244000,0.07694498,70.0,83289.10021777,58302.37015244,0.70000000,0.00000093,82456.20921559,revenue-supported normalized cost units; not measured hashrate
S4,S4,50,27120000,stress,low,efficient,205945615,0,0.00000000,1082450.15244000,0.07694498,70.0,83289.10021777,58302.37015244,0.58000000,0.00000077,99516.11457054,revenue-supported normalized cost units; not measured hashrate
S4,S4,50,27120000,stress,low,high_cost,205945615,0,0.00000000,1082450.15244000,0.07694498,70.0,83289.10021777,58302.37015244,0.90000000,0.00000120,64132.60716768,revenue-supported normalized cost units; not measured hashrate
S4,S4,50,27120000,stress,base,reference,205945615,10003,0.00485687,1082502.72820800,0.07694498,70.0,83293.14565894,58305.20196126,0.70000000,0.00000093,82460.21420235,revenue-supported normalized cost units; not measured hashrate
S4,S4,50,27120000,stress,base,efficient,205945615,10003,0.00485687,1082502.72820800,0.07694498,70.0,83293.14565894,58305.20196126,0.58000000,0.00000077,99520.94817525,revenue-supported normalized cost units; not measured hashrate
S4,S4,50,27120000,stress,base,high_cost,205945615,10003,0.00485687,1082502.72820800,0.07694498,70.0,83293.14565894,58305.20196126,0.90000000,0.00000120,64135.72215738,revenue-supported normalized cost units; not measured hashrate
S4,S4,50,27120000,stress,high,reference,205945615,290698,0.14095384,1083978.06112800,0.07694498,70.0,83406.66511399,58384.66557980,0.70000000,0.00000093,82572.59846285,revenue-supported normalized cost units; not measured hashrate
S4,S4,50,27120000,stress,high,efficient,205945615,290698,0.14095384,1083978.06112800,0.07694498,70.0,83406.66511399,58384.66557980,0.58000000,0.00000077,99656.58435172,revenue-supported normalized cost units; not measured hashrate
S4,S4,50,27120000,stress,high,high_cost,205945615,290698,0.14095384,1083978.06112800,0.07694498,70.0,83406.66511399,58384.66557980,0.90000000,0.00000120,64223.13213778,revenue-supported normalized cost units; not measured hashrate
S4,S4,50,27120000,flat,low,reference,205945615,0,0.00000000,1082450.15244000,1.00000000,90.0,1082450.15244000,974205.13719600,0.70000000,0.00000073,1377804.40832006,revenue-supported normalized cost units; not measured hashrate
S4,S4,50,27120000,flat,low,efficient,205945615,0,0.00000000,1082450.15244000,1.00000000,90.0,1082450.15244000,974205.13719600,0.58000000,0.00000060,1662867.38935179,revenue-supported normalized cost units; not measured hashrate
S4,S4,50,27120000,flat,low,high_cost,205945615,0,0.00000000,1082450.15244000,1.00000000,90.0,1082450.15244000,974205.13719600,0.90000000,0.00000093,1071625.65091560,revenue-supported normalized cost units; not measured hashrate
S4,S4,50,27120000,flat,base,reference,205945615,10003,0.00485687,1082502.72820800,1.00000000,90.0,1082502.72820800,974252.45538720,0.70000000,0.00000073,1377871.32976190,revenue-supported normalized cost units; not measured hashrate
S4,S4,50,27120000,flat,base,efficient,205945615,10003,0.00485687,1082502.72820800,1.00000000,90.0,1082502.72820800,974252.45538720,0.58000000,0.00000060,1662948.15660919,revenue-supported normalized cost units; not measured hashrate
S4,S4,50,27120000,flat,base,high_cost,205945615,10003,0.00485687,1082502.72820800,1.00000000,90.0,1082502.72820800,974252.45538720,0.90000000,0.00000093,1071677.70092592,revenue-supported normalized cost units; not measured hashrate
S4,S4,50,27120000,flat,high,reference,205945615,290698,0.14095384,1083978.06112800,1.00000000,90.0,1083978.06112800,975580.25501520,0.70000000,0.00000072,1379749.21780721,revenue-supported normalized cost units; not measured hashrate
S4,S4,50,27120000,flat,high,efficient,205945615,290698,0.14095384,1083978.06112800,1.00000000,90.0,1083978.06112800,975580.25501520,0.58000000,0.00000060,1665214.57321560,revenue-supported normalized cost units; not measured hashrate
S4,S4,50,27120000,flat,high,high_cost,205945615,290698,0.14095384,1083978.06112800,1.00000000,90.0,1083978.06112800,975580.25501520,0.90000000,0.00000093,1073138.28051672,revenue-supported normalized cost units; not measured hashrate
S4,S4,50,27120000,growth,low,reference,205945615,0,0.00000000,1082450.15244000,4.38390602,80.0,4745359.73823212,3796287.79058570,0.70000000,0.00000082,5369035.58954263,revenue-supported normalized cost units; not measured hashrate
S4,S4,50,27120000,growth,low,efficient,205945615,0,0.00000000,1082450.15244000,4.38390602,80.0,4745359.73823212,3796287.79058570,0.58000000,0.00000068,6479870.53910317,revenue-supported normalized cost units; not measured hashrate
S4,S4,50,27120000,growth,low,high_cost,205945615,0,0.00000000,1082450.15244000,4.38390602,80.0,4745359.73823212,3796287.79058570,0.90000000,0.00000105,4175916.56964427,revenue-supported normalized cost units; not measured hashrate
S4,S4,50,27120000,growth,base,reference,205945615,10003,0.00485687,1082502.72820800,4.38390602,80.0,4745590.22545790,3796472.18036632,0.70000000,0.00000082,5369296.36937522,revenue-supported normalized cost units; not measured hashrate
S4,S4,50,27120000,growth,base,efficient,205945615,10003,0.00485687,1082502.72820800,4.38390602,80.0,4745590.22545790,3796472.18036632,0.58000000,0.00000068,6480185.27338389,revenue-supported normalized cost units; not measured hashrate
S4,S4,50,27120000,growth,base,high_cost,205945615,10003,0.00485687,1082502.72820800,4.38390602,80.0,4745590.22545790,3796472.18036632,0.90000000,0.00000105,4176119.39840295,revenue-supported normalized cost units; not measured hashrate
S4,S4,50,27120000,growth,high,reference,205945615,290698,0.14095384,1083978.06112800,4.38390602,80.0,4752057.94632548,3801646.35706038,0.70000000,0.00000082,5376614.13355683,revenue-supported normalized cost units; not measured hashrate
S4,S4,50,27120000,growth,high,efficient,205945615,290698,0.14095384,1083978.06112800,4.38390602,80.0,4752057.94632548,3801646.35706038,0.58000000,0.00000068,6489017.05774100,revenue-supported normalized cost units; not measured hashrate
S4,S4,50,27120000,growth,high,high_cost,205945615,290698,0.14095384,1083978.06112800,4.38390602,80.0,4752057.94632548,3801646.35706038,0.90000000,0.00000105,4181810.99276642,revenue-supported normalized cost units; not measured hashrate
S4,S4,100,53400000,stress,low,reference,68462278,0,0.00000000,359837.73316800,0.00592053,70.0,2130.42981380,1491.30086966,0.70000000,0.00000281,2109.12551566,revenue-supported normalized cost units; not measured hashrate
S4,S4,100,53400000,stress,low,efficient,68462278,0,0.00000000,359837.73316800,0.00592053,70.0,2130.42981380,1491.30086966,0.58000000,0.00000233,2545.49631201,revenue-supported normalized cost units; not measured hashrate
S4,S4,100,53400000,stress,low,high_cost,68462278,0,0.00000000,359837.73316800,0.00592053,70.0,2130.42981380,1491.30086966,0.90000000,0.00000361,1640.43095663,revenue-supported normalized cost units; not measured hashrate
S4,S4,100,53400000,stress,base,reference,68462278,10003,0.01460883,359890.30893600,0.00592053,70.0,2130.74109017,1491.51876312,0.70000000,0.00000281,2109.43367927,revenue-supported normalized cost units; not measured hashrate
S4,S4,100,53400000,stress,base,efficient,68462278,10003,0.01460883,359890.30893600,0.00592053,70.0,2130.74109017,1491.51876312,0.58000000,0.00000233,2545.86823360,revenue-supported normalized cost units; not measured hashrate
S4,S4,100,53400000,stress,base,high_cost,68462278,10003,0.01460883,359890.30893600,0.00592053,70.0,2130.74109017,1491.51876312,0.90000000,0.00000361,1640.67063943,revenue-supported normalized cost units; not measured hashrate
S4,S4,100,53400000,stress,high,reference,68462278,290698,0.42281515,361365.64185600,0.00592053,70.0,2139.47584183,1497.63308928,0.70000000,0.00000280,2118.08108341,revenue-supported normalized cost units; not measured hashrate
S4,S4,100,53400000,stress,high,efficient,68462278,290698,0.42281515,361365.64185600,0.00592053,70.0,2139.47584183,1497.63308928,0.58000000,0.00000232,2556.30475585,revenue-supported normalized cost units; not measured hashrate
S4,S4,100,53400000,stress,high,high_cost,68462278,290698,0.42281515,361365.64185600,0.00592053,70.0,2139.47584183,1497.63308928,0.90000000,0.00000359,1647.39639821,revenue-supported normalized cost units; not measured hashrate
S4,S4,100,53400000,flat,low,reference,68462278,0,0.00000000,359837.73316800,1.00000000,90.0,359837.73316800,323853.95985120,0.70000000,0.00000218,458022.02893241,revenue-supported normalized cost units; not measured hashrate
S4,S4,100,53400000,flat,low,efficient,68462278,0,0.00000000,359837.73316800,1.00000000,90.0,359837.73316800,323853.95985120,0.58000000,0.00000181,552785.20733222,revenue-supported normalized cost units; not measured hashrate
S4,S4,100,53400000,flat,low,high_cost,68462278,0,0.00000000,359837.73316800,1.00000000,90.0,359837.73316800,323853.95985120,0.90000000,0.00000281,356239.35583632,revenue-supported normalized cost units; not measured hashrate
S4,S4,100,53400000,flat,base,reference,68462278,10003,0.01460883,359890.30893600,1.00000000,90.0,359890.30893600,323901.27804240,0.70000000,0.00000218,458088.95037425,revenue-supported normalized cost units; not measured hashrate
S4,S4,100,53400000,flat,base,efficient,68462278,10003,0.01460883,359890.30893600,1.00000000,90.0,359890.30893600,323901.27804240,0.58000000,0.00000181,552865.97458961,revenue-supported normalized cost units; not measured hashrate
S4,S4,100,53400000,flat,base,high_cost,68462278,10003,0.01460883,359890.30893600,1.00000000,90.0,359890.30893600,323901.27804240,0.90000000,0.00000281,356291.40584664,revenue-supported normalized cost units; not measured hashrate
S4,S4,100,53400000,flat,high,reference,68462278,290698,0.42281515,361365.64185600,1.00000000,90.0,361365.64185600,325229.07767040,0.70000000,0.00000217,459966.83841957,revenue-supported normalized cost units; not measured hashrate
S4,S4,100,53400000,flat,high,efficient,68462278,290698,0.42281515,361365.64185600,1.00000000,90.0,361365.64185600,325229.07767040,0.58000000,0.00000180,555132.39119603,revenue-supported normalized cost units; not measured hashrate
S4,S4,100,53400000,flat,high,high_cost,68462278,290698,0.42281515,361365.64185600,1.00000000,90.0,361365.64185600,325229.07767040,0.90000000,0.00000280,357751.98543744,revenue-supported normalized cost units; not measured hashrate
S4,S4,100,53400000,growth,low,reference,68462278,0,0.00000000,359837.73316800,19.21863198,80.0,6915588.96658134,5532471.17326507,0.70000000,0.00000246,7824494.94504632,revenue-supported normalized cost units; not measured hashrate
S4,S4,100,53400000,growth,low,efficient,68462278,0,0.00000000,359837.73316800,19.21863198,80.0,6915588.96658134,5532471.17326507,0.58000000,0.00000204,9443355.96815935,revenue-supported normalized cost units; not measured hashrate
S4,S4,100,53400000,growth,low,high_cost,68462278,0,0.00000000,359837.73316800,19.21863198,80.0,6915588.96658134,5532471.17326507,0.90000000,0.00000316,6085718.29059158,revenue-supported normalized cost units; not measured hashrate
S4,S4,100,53400000,growth,base,reference,68462278,10003,0.01460883,359890.30893600,19.21863198,80.0,6916599.40091764,5533279.52073412,0.70000000,0.00000246,7825638.17932396,revenue-supported normalized cost units; not measured hashrate
S4,S4,100,53400000,growth,base,efficient,68462278,10003,0.01460883,359890.30893600,19.21863198,80.0,6916599.40091764,5533279.52073412,0.58000000,0.00000203,9444735.73366685,revenue-supported normalized cost units; not measured hashrate
S4,S4,100,53400000,growth,base,high_cost,68462278,10003,0.01460883,359890.30893600,19.21863198,80.0,6916599.40091764,5533279.52073412,0.90000000,0.00000316,6086607.47280753,revenue-supported normalized cost units; not measured hashrate
S4,S4,100,53400000,growth,high,reference,68462278,290698,0.42281515,361365.64185600,19.21863198,80.0,6944953.28135637,5555962.62508509,0.70000000,0.00000245,7857718.56976320,revenue-supported normalized cost units; not measured hashrate
S4,S4,100,53400000,growth,high,efficient,68462278,290698,0.42281515,361365.64185600,19.21863198,80.0,6944953.28135637,5555962.62508509,0.58000000,0.00000203,9483453.44626594,revenue-supported normalized cost units; not measured hashrate
S4,S4,100,53400000,growth,high,high_cost,68462278,290698,0.42281515,361365.64185600,19.21863198,80.0,6944953.28135637,5555962.62508509,0.90000000,0.00000314,6111558.88759360,revenue-supported normalized cost units; not measured hashrate
S4,S4,250,132240000,stress,low,reference,2515004,0,0.00000000,13218.86102400,0.00000270,70.0,0.03565294,0.02495706,0.70000000,0.00007641,0.03529641,revenue-supported normalized cost units; not measured hashrate
S4,S4,250,132240000,stress,low,efficient,2515004,0,0.00000000,13218.86102400,0.00000270,70.0,0.03565294,0.02495706,0.58000000,0.00006331,0.04259912,revenue-supported normalized cost units; not measured hashrate
S4,S4,250,132240000,stress,low,high_cost,2515004,0,0.00000000,13218.86102400,0.00000270,70.0,0.03565294,0.02495706,0.90000000,0.00009825,0.02745276,revenue-supported normalized cost units; not measured hashrate
S4,S4,250,132240000,stress,base,reference,2515004,10003,0.39615732,13271.43679200,0.00000270,70.0,0.03579474,0.02505632,0.70000000,0.00007611,0.03543680,revenue-supported normalized cost units; not measured hashrate
S4,S4,250,132240000,stress,base,efficient,2515004,10003,0.39615732,13271.43679200,0.00000270,70.0,0.03579474,0.02505632,0.58000000,0.00006306,0.04276855,revenue-supported normalized cost units; not measured hashrate
S4,S4,250,132240000,stress,base,high_cost,2515004,10003,0.39615732,13271.43679200,0.00000270,70.0,0.03579474,0.02505632,0.90000000,0.00009786,0.02756195,revenue-supported normalized cost units; not measured hashrate
S4,S4,250,132240000,stress,high,reference,2515004,290698,10.36097205,14746.76971200,0.00000270,70.0,0.03977390,0.02784173,0.70000000,0.00006850,0.03937616,revenue-supported normalized cost units; not measured hashrate
S4,S4,250,132240000,stress,high,efficient,2515004,290698,10.36097205,14746.76971200,0.00000270,70.0,0.03977390,0.02784173,0.58000000,0.00005675,0.04752296,revenue-supported normalized cost units; not measured hashrate
S4,S4,250,132240000,stress,high,high_cost,2515004,290698,10.36097205,14746.76971200,0.00000270,70.0,0.03977390,0.02784173,0.90000000,0.00008807,0.03062591,revenue-supported normalized cost units; not measured hashrate
S4,S4,250,132240000,flat,low,reference,2515004,0,0.00000000,13218.86102400,1.00000000,90.0,13218.86102400,11896.97492160,0.70000000,0.00005943,16825.72167483,revenue-supported normalized cost units; not measured hashrate
S4,S4,250,132240000,flat,low,efficient,2515004,0,0.00000000,13218.86102400,1.00000000,90.0,13218.86102400,11896.97492160,0.58000000,0.00004924,20306.90546963,revenue-supported normalized cost units; not measured hashrate
S4,S4,250,132240000,flat,low,high_cost,2515004,0,0.00000000,13218.86102400,1.00000000,90.0,13218.86102400,11896.97492160,0.90000000,0.00007641,13086.67241376,revenue-supported normalized cost units; not measured hashrate
S4,S4,250,132240000,flat,base,reference,2515004,10003,0.39615732,13271.43679200,1.00000000,90.0,13271.43679200,11944.29311280,0.70000000,0.00005920,16892.64311667,revenue-supported normalized cost units; not measured hashrate
S4,S4,250,132240000,flat,base,efficient,2515004,10003,0.39615732,13271.43679200,1.00000000,90.0,13271.43679200,11944.29311280,0.58000000,0.00004905,20387.67272702,revenue-supported normalized cost units; not measured hashrate
S4,S4,250,132240000,flat,base,high_cost,2515004,10003,0.39615732,13271.43679200,1.00000000,90.0,13271.43679200,11944.29311280,0.90000000,0.00007611,13138.72242408,revenue-supported normalized cost units; not measured hashrate
S4,S4,250,132240000,flat,high,reference,2515004,290698,10.36097205,14746.76971200,1.00000000,90.0,14746.76971200,13272.09274080,0.70000000,0.00005327,18770.53116199,revenue-supported normalized cost units; not measured hashrate
S4,S4,250,132240000,flat,high,efficient,2515004,290698,10.36097205,14746.76971200,1.00000000,90.0,14746.76971200,13272.09274080,0.58000000,0.00004414,22654.08933343,revenue-supported normalized cost units; not measured hashrate
S4,S4,250,132240000,flat,high,high_cost,2515004,290698,10.36097205,14746.76971200,1.00000000,90.0,14746.76971200,13272.09274080,0.90000000,0.00006850,14599.30201488,revenue-supported normalized cost units; not measured hashrate
S4,S4,250,132240000,growth,low,reference,2515004,0,0.00000000,13218.86102400,1619.22118137,80.0,21404259.76362189,17123407.81089752,0.70000000,0.00006686,24217391.04684077,revenue-supported normalized cost units; not measured hashrate
S4,S4,250,132240000,growth,low,efficient,2515004,0,0.00000000,13218.86102400,1619.22118137,80.0,21404259.76362189,17123407.81089752,0.58000000,0.00005540,29227885.74618714,revenue-supported normalized cost units; not measured hashrate
S4,S4,250,132240000,growth,low,high_cost,2515004,0,0.00000000,13218.86102400,1619.22118137,80.0,21404259.76362189,17123407.81089752,0.90000000,0.00008597,18835748.59198727,revenue-supported normalized cost units; not measured hashrate
S4,S4,250,132240000,growth,base,reference,2515004,10003,0.39615732,13271.43679200,1619.22118137,80.0,21489391.56079419,17191513.24863535,0.70000000,0.00006660,24313711.59449857,revenue-supported normalized cost units; not measured hashrate
S4,S4,250,132240000,growth,base,efficient,2515004,10003,0.39615732,13271.43679200,1619.22118137,80.0,21489391.56079419,17191513.24863535,0.58000000,0.00005518,29344134.68301551,revenue-supported normalized cost units; not measured hashrate
S4,S4,250,132240000,growth,base,high_cost,2515004,10003,0.39615732,13271.43679200,1619.22118137,80.0,21489391.56079419,17191513.24863535,0.90000000,0.00008562,18910664.57349889,revenue-supported normalized cost units; not measured hashrate
S4,S4,250,132240000,growth,high,reference,2515004,290698,10.36097205,14746.76971200,1619.22118137,80.0,23878281.87442782,19102625.49954226,0.70000000,0.00005993,27016570.34935262,revenue-supported normalized cost units; not measured hashrate
S4,S4,250,132240000,growth,high,efficient,2515004,290698,10.36097205,14746.76971200,1619.22118137,80.0,23878281.87442782,19102625.49954226,0.58000000,0.00004966,32606205.59404627,revenue-supported normalized cost units; not measured hashrate
S4,S4,250,132240000,growth,high,high_cost,2515004,290698,10.36097205,14746.76971200,1619.22118137,80.0,23878281.87442782,19102625.49954226,0.90000000,0.00007706,21012888.04949649,revenue-supported normalized cost units; not measured hashrate
S4,S4,500,263640000,stress,low,reference,10060,0,0.00000000,52.87536000,0.00000000,70.0,0.00000000,0.00000000,0.70000000,0.01910344,0.00000000,revenue-supported normalized cost units; not measured hashrate
S4,S4,500,263640000,stress,low,efficient,10060,0,0.00000000,52.87536000,0.00000000,70.0,0.00000000,0.00000000,0.58000000,0.01582856,0.00000000,revenue-supported normalized cost units; not measured hashrate
S4,S4,500,263640000,stress,low,high_cost,10060,0,0.00000000,52.87536000,0.00000000,70.0,0.00000000,0.00000000,0.90000000,0.02456156,0.00000000,revenue-supported normalized cost units; not measured hashrate
S4,S4,500,263640000,stress,base,reference,10060,10003,49.85794747,105.45112800,0.00000000,70.0,0.00000000,0.00000000,0.70000000,0.00957885,0.00000000,revenue-supported normalized cost units; not measured hashrate
S4,S4,500,263640000,stress,base,efficient,10060,10003,49.85794747,105.45112800,0.00000000,70.0,0.00000000,0.00000000,0.58000000,0.00793677,0.00000000,revenue-supported normalized cost units; not measured hashrate
S4,S4,500,263640000,stress,base,high_cost,10060,10003,49.85794747,105.45112800,0.00000000,70.0,0.00000000,0.00000000,0.90000000,0.01231567,0.00000000,revenue-supported normalized cost units; not measured hashrate
S4,S4,500,263640000,stress,high,reference,10060,290698,96.65511807,1580.78404800,0.00000000,70.0,0.00000001,0.00000001,0.70000000,0.00063899,0.00000001,revenue-supported normalized cost units; not measured hashrate
S4,S4,500,263640000,stress,high,efficient,10060,290698,96.65511807,1580.78404800,0.00000000,70.0,0.00000001,0.00000001,0.58000000,0.00052945,0.00000001,revenue-supported normalized cost units; not measured hashrate
S4,S4,500,263640000,stress,high,high_cost,10060,290698,96.65511807,1580.78404800,0.00000000,70.0,0.00000001,0.00000001,0.90000000,0.00082156,0.00000001,revenue-supported normalized cost units; not measured hashrate
S4,S4,500,263640000,flat,low,reference,10060,0,0.00000000,52.87536000,1.00000000,90.0,52.87536000,47.58782400,0.70000000,0.01485823,67.30277966,revenue-supported normalized cost units; not measured hashrate
S4,S4,500,263640000,flat,low,efficient,10060,0,0.00000000,52.87536000,1.00000000,90.0,52.87536000,47.58782400,0.58000000,0.01231110,81.22749269,revenue-supported normalized cost units; not measured hashrate
S4,S4,500,263640000,flat,low,high_cost,10060,0,0.00000000,52.87536000,1.00000000,90.0,52.87536000,47.58782400,0.90000000,0.01910344,52.34660640,revenue-supported normalized cost units; not measured hashrate
S4,S4,500,263640000,flat,base,reference,10060,10003,49.85794747,105.45112800,1.00000000,90.0,105.45112800,94.90601520,0.70000000,0.00745022,134.22422150,revenue-supported normalized cost units; not measured hashrate
S4,S4,500,263640000,flat,base,efficient,10060,10003,49.85794747,105.45112800,1.00000000,90.0,105.45112800,94.90601520,0.58000000,0.00617304,161.99475008,revenue-supported normalized cost units; not measured hashrate
S4,S4,500,263640000,flat,base,high_cost,10060,10003,49.85794747,105.45112800,1.00000000,90.0,105.45112800,94.90601520,0.90000000,0.00957885,104.39661672,revenue-supported normalized cost units; not measured hashrate
S4,S4,500,263640000,flat,high,reference,10060,290698,96.65511807,1580.78404800,1.00000000,90.0,1580.78404800,1422.70564320,0.70000000,0.00049699,2012.11226681,revenue-supported normalized cost units; not measured hashrate
S4,S4,500,263640000,flat,high,efficient,10060,290698,96.65511807,1580.78404800,1.00000000,90.0,1580.78404800,1422.70564320,0.58000000,0.00041179,2428.41135650,revenue-supported normalized cost units; not measured hashrate
S4,S4,500,263640000,flat,high,high_cost,10060,290698,96.65511807,1580.78404800,1.00000000,90.0,1580.78404800,1422.70564320,0.90000000,0.00063899,1564.97620752,revenue-supported normalized cost units; not measured hashrate
S4,S4,500,263640000,growth,low,reference,10060,0,0.00000000,52.87536000,2621877.23419108,80.0,138632702.63365748,110906162.10692599,0.70000000,0.01671551,156853000.69408104,revenue-supported normalized cost units; not measured hashrate
S4,S4,500,263640000,growth,low,efficient,10060,0,0.00000000,52.87536000,2621877.23419108,80.0,138632702.63365748,110906162.10692599,0.58000000,0.01384999,189305345.66527022,revenue-supported normalized cost units; not measured hashrate
S4,S4,500,263640000,growth,low,high_cost,10060,0,0.00000000,52.87536000,2621877.23419108,80.0,138632702.63365748,110906162.10692599,0.90000000,0.02149136,121996778.31761858,revenue-supported normalized cost units; not measured hashrate
S4,S4,500,263640000,growth,base,reference,10060,10003,49.85794747,105.45112800,2621877.23419108,80.0,276479911.82296919,221183929.45837535,0.70000000,0.00838150,312817271.66255943,revenue-supported normalized cost units; not measured hashrate
S4,S4,500,263640000,growth,base,efficient,10060,10003,49.85794747,105.45112800,2621877.23419108,80.0,276479911.82296919,221183929.45837535,0.58000000,0.00694467,377538086.48929586,revenue-supported normalized cost units; not measured hashrate
S4,S4,500,263640000,growth,base,high_cost,10060,10003,49.85794747,105.45112800,2621877.23419108,80.0,276479911.82296919,221183929.45837535,0.90000000,0.01077621,243302322.40421289,revenue-supported normalized cost units; not measured hashrate
S4,S4,500,263640000,growth,high,reference,10060,290698,96.65511807,1580.78404800,2621877.23419108,80.0,4144621707.62361404,3315697366.09889123,0.70000000,0.00055911,4689343417.76843188,revenue-supported normalized cost units; not measured hashrate
S4,S4,500,263640000,growth,high,efficient,10060,290698,96.65511807,1580.78404800,2621877.23419108,80.0,4144621707.62361404,3315697366.09889123,0.58000000,0.00046327,5659552400.75500400,revenue-supported normalized cost units; not measured hashrate
S4,S4,500,263640000,growth,high,high_cost,10060,290698,96.65511807,1580.78404800,2621877.23419108,80.0,4144621707.62361404,3315697366.09889123,0.90000000,0.00071886,3647267102.70878035,revenue-supported normalized cost units; not measured hashrate
S5a,S5/a,0,840000,stress,low,reference,312500000,0,0.00000000,1642500.00000000,1.00000000,70.0,1642500.00000000,1149750.00000000,0.70000000,0.00000061,1626075.00000000,revenue-supported normalized cost units; not measured hashrate
S5a,S5/a,0,840000,stress,low,efficient,312500000,0,0.00000000,1642500.00000000,1.00000000,70.0,1642500.00000000,1149750.00000000,0.58000000,0.00000051,1962504.31034483,revenue-supported normalized cost units; not measured hashrate
S5a,S5/a,0,840000,stress,low,high_cost,312500000,0,0.00000000,1642500.00000000,1.00000000,70.0,1642500.00000000,1149750.00000000,0.90000000,0.00000079,1264725.00000000,revenue-supported normalized cost units; not measured hashrate
S5a,S5/a,0,840000,stress,base,reference,312500000,10003,0.00320086,1642552.57576800,1.00000000,70.0,1642552.57576800,1149786.80303760,0.70000000,0.00000061,1626127.05001032,revenue-supported normalized cost units; not measured hashrate
S5a,S5/a,0,840000,stress,base,efficient,312500000,10003,0.00320086,1642552.57576800,1.00000000,70.0,1642552.57576800,1149786.80303760,0.58000000,0.00000051,1962567.12932280,revenue-supported normalized cost units; not measured hashrate
S5a,S5/a,0,840000,stress,base,high_cost,312500000,10003,0.00320086,1642552.57576800,1.00000000,70.0,1642552.57576800,1149786.80303760,0.90000000,0.00000079,1264765.48334136,revenue-supported normalized cost units; not measured hashrate
S5a,S5/a,0,840000,stress,high,reference,312500000,290698,0.09293691,1644027.90868800,1.00000000,70.0,1644027.90868800,1150819.53608160,0.70000000,0.00000061,1627587.62960112,revenue-supported normalized cost units; not measured hashrate
S5a,S5/a,0,840000,stress,high,efficient,312500000,290698,0.09293691,1644027.90868800,1.00000000,70.0,1644027.90868800,1150819.53608160,0.58000000,0.00000051,1964329.89779446,revenue-supported normalized cost units; not measured hashrate
S5a,S5/a,0,840000,stress,high,high_cost,312500000,290698,0.09293691,1644027.90868800,1.00000000,70.0,1644027.90868800,1150819.53608160,0.90000000,0.00000079,1265901.48968976,revenue-supported normalized cost units; not measured hashrate
S5a,S5/a,0,840000,flat,low,reference,312500000,0,0.00000000,1642500.00000000,1.00000000,90.0,1642500.00000000,1478250.00000000,0.70000000,0.00000048,2090667.85714286,revenue-supported normalized cost units; not measured hashrate
S5a,S5/a,0,840000,flat,low,efficient,312500000,0,0.00000000,1642500.00000000,1.00000000,90.0,1642500.00000000,1478250.00000000,0.58000000,0.00000040,2523219.82758621,revenue-supported normalized cost units; not measured hashrate
S5a,S5/a,0,840000,flat,low,high_cost,312500000,0,0.00000000,1642500.00000000,1.00000000,90.0,1642500.00000000,1478250.00000000,0.90000000,0.00000061,1626075.00000000,revenue-supported normalized cost units; not measured hashrate
S5a,S5/a,0,840000,flat,base,reference,312500000,10003,0.00320086,1642552.57576800,1.00000000,90.0,1642552.57576800,1478297.31819120,0.70000000,0.00000048,2090734.77858470,revenue-supported normalized cost units; not measured hashrate
S5a,S5/a,0,840000,flat,base,efficient,312500000,10003,0.00320086,1642552.57576800,1.00000000,90.0,1642552.57576800,1478297.31819120,0.58000000,0.00000040,2523300.59484360,revenue-supported normalized cost units; not measured hashrate
S5a,S5/a,0,840000,flat,base,high_cost,312500000,10003,0.00320086,1642552.57576800,1.00000000,90.0,1642552.57576800,1478297.31819120,0.90000000,0.00000061,1626127.05001032,revenue-supported normalized cost units; not measured hashrate
S5a,S5/a,0,840000,flat,high,reference,312500000,290698,0.09293691,1644027.90868800,1.00000000,90.0,1644027.90868800,1479625.11781920,0.70000000,0.00000048,2092612.66663001,revenue-supported normalized cost units; not measured hashrate
S5a,S5/a,0,840000,flat,high,efficient,312500000,290698,0.09293691,1644027.90868800,1.00000000,90.0,1644027.90868800,1479625.11781920,0.58000000,0.00000040,2525567.01145001,revenue-supported normalized cost units; not measured hashrate
S5a,S5/a,0,840000,flat,high,high_cost,312500000,290698,0.09293691,1644027.90868800,1.00000000,90.0,1644027.90868800,1479625.11781920,0.90000000,0.00000061,1627587.62960112,revenue-supported normalized cost units; not measured hashrate
S5a,S5/a,0,840000,growth,low,reference,312500000,0,0.00000000,1642500.00000000,1.00000000,80.0,1642500.00000000,1314000.00000000,0.70000000,0.00000054,1858371.42857143,revenue-supported normalized cost units; not measured hashrate
S5a,S5/a,0,840000,growth,low,efficient,312500000,0,0.00000000,1642500.00000000,1.00000000,80.0,1642500.00000000,1314000.00000000,0.58000000,0.00000045,2242862.06896552,revenue-supported normalized cost units; not measured hashrate
S5a,S5/a,0,840000,growth,low,high_cost,312500000,0,0.00000000,1642500.00000000,1.00000000,80.0,1642500.00000000,1314000.00000000,0.90000000,0.00000069,1445400.00000000,revenue-supported normalized cost units; not measured hashrate
S5a,S5/a,0,840000,growth,base,reference,312500000,10003,0.00320086,1642552.57576800,1.00000000,80.0,1642552.57576800,1314042.06061440,0.70000000,0.00000054,1858430.91429751,revenue-supported normalized cost units; not measured hashrate
S5a,S5/a,0,840000,growth,base,efficient,312500000,10003,0.00320086,1642552.57576800,1.00000000,80.0,1642552.57576800,1314042.06061440,0.58000000,0.00000045,2242933.86208320,revenue-supported normalized cost units; not measured hashrate
S5a,S5/a,0,840000,growth,base,high_cost,312500000,10003,0.00320086,1642552.57576800,1.00000000,80.0,1642552.57576800,1314042.06061440,0.90000000,0.00000069,1445446.26667584,revenue-supported normalized cost units; not measured hashrate
S5a,S5/a,0,840000,growth,high,reference,312500000,290698,0.09293691,1644027.90868800,1.00000000,80.0,1644027.90868800,1315222.32695040,0.70000000,0.00000054,1860100.14811557,revenue-supported normalized cost units; not measured hashrate
S5a,S5/a,0,840000,growth,high,efficient,312500000,290698,0.09293691,1644027.90868800,1.00000000,80.0,1644027.90868800,1315222.32695040,0.58000000,0.00000045,2244948.45462223,revenue-supported normalized cost units; not measured hashrate
S5a,S5/a,0,840000,growth,high,high_cost,312500000,290698,0.09293691,1644027.90868800,1.00000000,80.0,1644027.90868800,1315222.32695040,0.90000000,0.00000069,1446744.55964544,revenue-supported normalized cost units; not measured hashrate
S5a,S5/a,1,1365600,stress,low,reference,312500000,0,0.00000000,1642500.00000000,0.95000000,70.0,1560375.00000000,1092262.50000000,0.70000000,0.00000061,1544771.25000000,revenue-supported normalized cost units; not measured hashrate
S5a,S5/a,1,1365600,stress,low,efficient,312500000,0,0.00000000,1642500.00000000,0.95000000,70.0,1560375.00000000,1092262.50000000,0.58000000,0.00000051,1864379.09482759,revenue-supported normalized cost units; not measured hashrate
S5a,S5/a,1,1365600,stress,low,high_cost,312500000,0,0.00000000,1642500.00000000,0.95000000,70.0,1560375.00000000,1092262.50000000,0.90000000,0.00000079,1201488.75000000,revenue-supported normalized cost units; not measured hashrate
S5a,S5/a,1,1365600,stress,base,reference,312500000,10003,0.00320086,1642552.57576800,0.95000000,70.0,1560424.94697960,1092297.46288572,0.70000000,0.00000061,1544820.69750980,revenue-supported normalized cost units; not measured hashrate
S5a,S5/a,1,1365600,stress,base,efficient,312500000,10003,0.00320086,1642552.57576800,0.95000000,70.0,1560424.94697960,1092297.46288572,0.58000000,0.00000051,1864438.77285666,revenue-supported normalized cost units; not measured hashrate
S5a,S5/a,1,1365600,stress,base,high_cost,312500000,10003,0.00320086,1642552.57576800,0.95000000,70.0,1560424.94697960,1092297.46288572,0.90000000,0.00000079,1201527.20917429,revenue-supported normalized cost units; not measured hashrate
S5a,S5/a,1,1365600,stress,high,reference,312500000,290698,0.09293691,1644027.90868800,0.95000000,70.0,1561826.51325360,1093278.55927752,0.70000000,0.00000061,1546208.24812106,revenue-supported normalized cost units; not measured hashrate
S5a,S5/a,1,1365600,stress,high,efficient,312500000,290698,0.09293691,1644027.90868800,0.95000000,70.0,1561826.51325360,1093278.55927752,0.58000000,0.00000051,1866113.40290473,revenue-supported normalized cost units; not measured hashrate
S5a,S5/a,1,1365600,stress,high,high_cost,312500000,290698,0.09293691,1644027.90868800,0.95000000,70.0,1561826.51325360,1093278.55927752,0.90000000,0.00000079,1202606.41520527,revenue-supported normalized cost units; not measured hashrate
S5a,S5/a,1,1365600,flat,low,reference,312500000,0,0.00000000,1642500.00000000,1.00000000,90.0,1642500.00000000,1478250.00000000,0.70000000,0.00000048,2090667.85714286,revenue-supported normalized cost units; not measured hashrate
S5a,S5/a,1,1365600,flat,low,efficient,312500000,0,0.00000000,1642500.00000000,1.00000000,90.0,1642500.00000000,1478250.00000000,0.58000000,0.00000040,2523219.82758621,revenue-supported normalized cost units; not measured hashrate
S5a,S5/a,1,1365600,flat,low,high_cost,312500000,0,0.00000000,1642500.00000000,1.00000000,90.0,1642500.00000000,1478250.00000000,0.90000000,0.00000061,1626075.00000000,revenue-supported normalized cost units; not measured hashrate
S5a,S5/a,1,1365600,flat,base,reference,312500000,10003,0.00320086,1642552.57576800,1.00000000,90.0,1642552.57576800,1478297.31819120,0.70000000,0.00000048,2090734.77858470,revenue-supported normalized cost units; not measured hashrate
S5a,S5/a,1,1365600,flat,base,efficient,312500000,10003,0.00320086,1642552.57576800,1.00000000,90.0,1642552.57576800,1478297.31819120,0.58000000,0.00000040,2523300.59484360,revenue-supported normalized cost units; not measured hashrate
S5a,S5/a,1,1365600,flat,base,high_cost,312500000,10003,0.00320086,1642552.57576800,1.00000000,90.0,1642552.57576800,1478297.31819120,0.90000000,0.00000061,1626127.05001032,revenue-supported normalized cost units; not measured hashrate
S5a,S5/a,1,1365600,flat,high,reference,312500000,290698,0.09293691,1644027.90868800,1.00000000,90.0,1644027.90868800,1479625.11781920,0.70000000,0.00000048,2092612.66663001,revenue-supported normalized cost units; not measured hashrate
S5a,S5/a,1,1365600,flat,high,efficient,312500000,290698,0.09293691,1644027.90868800,1.00000000,90.0,1644027.90868800,1479625.11781920,0.58000000,0.00000040,2525567.01145001,revenue-supported normalized cost units; not measured hashrate
S5a,S5/a,1,1365600,flat,high,high_cost,312500000,290698,0.09293691,1644027.90868800,1.00000000,90.0,1644027.90868800,1479625.11781920,0.90000000,0.00000061,1627587.62960112,revenue-supported normalized cost units; not measured hashrate
S5a,S5/a,1,1365600,growth,low,reference,312500000,0,0.00000000,1642500.00000000,1.03000000,80.0,1691775.00000000,1353420.00000000,0.70000000,0.00000054,1914122.57142857,revenue-supported normalized cost units; not measured hashrate
S5a,S5/a,1,1365600,growth,low,efficient,312500000,0,0.00000000,1642500.00000000,1.03000000,80.0,1691775.00000000,1353420.00000000,0.58000000,0.00000045,2310147.93103448,revenue-supported normalized cost units; not measured hashrate
S5a,S5/a,1,1365600,growth,low,high_cost,312500000,0,0.00000000,1642500.00000000,1.03000000,80.0,1691775.00000000,1353420.00000000,0.90000000,0.00000069,1488762.00000000,revenue-supported normalized cost units; not measured hashrate
S5a,S5/a,1,1365600,growth,base,reference,312500000,10003,0.00320086,1642552.57576800,1.03000000,80.0,1691829.15304104,1353463.32243283,0.70000000,0.00000054,1914183.84172643,revenue-supported normalized cost units; not measured hashrate
S5a,S5/a,1,1365600,growth,base,efficient,312500000,10003,0.00320086,1642552.57576800,1.03000000,80.0,1691829.15304104,1353463.32243283,0.58000000,0.00000045,2310221.87794570,revenue-supported normalized cost units; not measured hashrate
S5a,S5/a,1,1365600,growth,base,high_cost,312500000,10003,0.00320086,1642552.57576800,1.03000000,80.0,1691829.15304104,1353463.32243283,0.90000000,0.00000069,1488809.65467612,revenue-supported normalized cost units; not measured hashrate
S5a,S5/a,1,1365600,growth,high,reference,312500000,290698,0.09293691,1644027.90868800,1.03000000,80.0,1693348.74594864,1354678.99675891,0.70000000,0.00000054,1915903.15255903,revenue-supported normalized cost units; not measured hashrate
S5a,S5/a,1,1365600,growth,high,efficient,312500000,290698,0.09293691,1644027.90868800,1.03000000,80.0,1693348.74594864,1354678.99675891,0.58000000,0.00000045,2312296.90826090,revenue-supported normalized cost units; not measured hashrate
S5a,S5/a,1,1365600,growth,high,high_cost,312500000,290698,0.09293691,1644027.90868800,1.03000000,80.0,1693348.74594864,1354678.99675891,0.90000000,0.00000069,1490146.89643480,revenue-supported normalized cost units; not measured hashrate
S5a,S5/a,2,1891200,stress,low,reference,312500000,0,0.00000000,1642500.00000000,0.90250000,70.0,1482356.25000000,1037649.37500000,0.70000000,0.00000061,1467532.68750000,revenue-supported normalized cost units; not measured hashrate
S5a,S5/a,2,1891200,stress,low,efficient,312500000,0,0.00000000,1642500.00000000,0.90250000,70.0,1482356.25000000,1037649.37500000,0.58000000,0.00000051,1771160.14008621,revenue-supported normalized cost units; not measured hashrate
S5a,S5/a,2,1891200,stress,low,high_cost,312500000,0,0.00000000,1642500.00000000,0.90250000,70.0,1482356.25000000,1037649.37500000,0.90000000,0.00000079,1141414.31250000,revenue-supported normalized cost units; not measured hashrate
S5a,S5/a,2,1891200,stress,base,reference,312500000,10003,0.00320086,1642552.57576800,0.90250000,70.0,1482403.69963062,1037682.58974143,0.70000000,0.00000061,1467579.66263431,revenue-supported normalized cost units; not measured hashrate
S5a,S5/a,2,1891200,stress,base,efficient,312500000,10003,0.00320086,1642552.57576800,0.90250000,70.0,1482403.69963062,1037682.58974143,0.58000000,0.00000051,1771216.83421383,revenue-supported normalized cost units; not measured hashrate
S5a,S5/a,2,1891200,stress,base,high_cost,312500000,10003,0.00320086,1642552.57576800,0.90250000,70.0,1482403.69963062,1037682.58974143,0.90000000,0.00000079,1141450.84871558,revenue-supported normalized cost units; not measured hashrate
S5a,S5/a,2,1891200,stress,high,reference,312500000,290698,0.09293691,1644027.90868800,0.90250000,70.0,1483735.18759092,1038614.63131364,0.70000000,0.00000061,1468897.83571501,revenue-supported normalized cost units; not measured hashrate
S5a,S5/a,2,1891200,stress,high,efficient,312500000,290698,0.09293691,1644027.90868800,0.90250000,70.0,1483735.18759092,1038614.63131364,0.58000000,0.00000051,1772807.73275950,revenue-supported normalized cost units; not measured hashrate
S5a,S5/a,2,1891200,stress,high,high_cost,312500000,290698,0.09293691,1644027.90868800,0.90250000,70.0,1483735.18759092,1038614.63131364,0.90000000,0.00000079,1142476.09444501,revenue-supported normalized cost units; not measured hashrate
S5a,S5/a,2,1891200,flat,low,reference,312500000,0,0.00000000,1642500.00000000,1.00000000,90.0,1642500.00000000,1478250.00000000,0.70000000,0.00000048,2090667.85714286,revenue-supported normalized cost units; not measured hashrate
S5a,S5/a,2,1891200,flat,low,efficient,312500000,0,0.00000000,1642500.00000000,1.00000000,90.0,1642500.00000000,1478250.00000000,0.58000000,0.00000040,2523219.82758621,revenue-supported normalized cost units; not measured hashrate
S5a,S5/a,2,1891200,flat,low,high_cost,312500000,0,0.00000000,1642500.00000000,1.00000000,90.0,1642500.00000000,1478250.00000000,0.90000000,0.00000061,1626075.00000000,revenue-supported normalized cost units; not measured hashrate
S5a,S5/a,2,1891200,flat,base,reference,312500000,10003,0.00320086,1642552.57576800,1.00000000,90.0,1642552.57576800,1478297.31819120,0.70000000,0.00000048,2090734.77858470,revenue-supported normalized cost units; not measured hashrate
S5a,S5/a,2,1891200,flat,base,efficient,312500000,10003,0.00320086,1642552.57576800,1.00000000,90.0,1642552.57576800,1478297.31819120,0.58000000,0.00000040,2523300.59484360,revenue-supported normalized cost units; not measured hashrate
S5a,S5/a,2,1891200,flat,base,high_cost,312500000,10003,0.00320086,1642552.57576800,1.00000000,90.0,1642552.57576800,1478297.31819120,0.90000000,0.00000061,1626127.05001032,revenue-supported normalized cost units; not measured hashrate
S5a,S5/a,2,1891200,flat,high,reference,312500000,290698,0.09293691,1644027.90868800,1.00000000,90.0,1644027.90868800,1479625.11781920,0.70000000,0.00000048,2092612.66663001,revenue-supported normalized cost units; not measured hashrate
S5a,S5/a,2,1891200,flat,high,efficient,312500000,290698,0.09293691,1644027.90868800,1.00000000,90.0,1644027.90868800,1479625.11781920,0.58000000,0.00000040,2525567.01145001,revenue-supported normalized cost units; not measured hashrate
S5a,S5/a,2,1891200,flat,high,high_cost,312500000,290698,0.09293691,1644027.90868800,1.00000000,90.0,1644027.90868800,1479625.11781920,0.90000000,0.00000061,1627587.62960112,revenue-supported normalized cost units; not measured hashrate
S5a,S5/a,2,1891200,growth,low,reference,312500000,0,0.00000000,1642500.00000000,1.06090000,80.0,1742528.25000000,1394022.60000000,0.70000000,0.00000054,1971546.24857143,revenue-supported normalized cost units; not measured hashrate
S5a,S5/a,2,1891200,growth,low,efficient,312500000,0,0.00000000,1642500.00000000,1.06090000,80.0,1742528.25000000,1394022.60000000,0.58000000,0.00000045,2379452.36896552,revenue-supported normalized cost units; not measured hashrate
S5a,S5/a,2,1891200,growth,low,high_cost,312500000,0,0.00000000,1642500.00000000,1.06090000,80.0,1742528.25000000,1394022.60000000,0.90000000,0.00000069,1533424.86000000,revenue-supported normalized cost units; not measured hashrate
S5a,S5/a,2,1891200,growth,base,reference,312500000,10003,0.00320086,1642552.57576800,1.06090000,80.0,1742584.02763227,1394067.22210582,0.70000000,0.00000054,1971609.35697823,revenue-supported normalized cost units; not measured hashrate
S5a,S5/a,2,1891200,growth,base,efficient,312500000,10003,0.00320086,1642552.57576800,1.06090000,80.0,1742584.02763227,1394067.22210582,0.58000000,0.00000045,2379528.53428407,revenue-supported normalized cost units; not measured hashrate
S5a,S5/a,2,1891200,growth,base,high_cost,312500000,10003,0.00320086,1642552.57576800,1.06090000,80.0,1742584.02763227,1394067.22210582,0.90000000,0.00000069,1533473.94431640,revenue-supported normalized cost units; not measured hashrate
S5a,S5/a,2,1891200,growth,high,reference,312500000,290698,0.09293691,1644027.90868800,1.06090000,80.0,1744149.20832710,1395319.36666168,0.70000000,0.00000054,1973380.24713580,revenue-supported normalized cost units; not measured hashrate
S5a,S5/a,2,1891200,growth,high,efficient,312500000,290698,0.09293691,1644027.90868800,1.06090000,80.0,1744149.20832710,1395319.36666168,0.58000000,0.00000045,2381665.81550873,revenue-supported normalized cost units; not measured hashrate
S5a,S5/a,2,1891200,growth,high,high_cost,312500000,290698,0.09293691,1644027.90868800,1.06090000,80.0,1744149.20832710,1395319.36666168,0.90000000,0.00000069,1534851.30332785,revenue-supported normalized cost units; not measured hashrate
S5a,S5/a,5,3468000,stress,low,reference,156250000,0,0.00000000,821250.00000000,0.77378094,70.0,635467.59492188,444827.31644531,0.70000000,0.00000123,629112.91897266,revenue-supported normalized cost units; not measured hashrate
S5a,S5/a,5,3468000,stress,low,efficient,156250000,0,0.00000000,821250.00000000,0.77378094,70.0,635467.59492188,444827.31644531,0.58000000,0.00000102,759274.21255321,revenue-supported normalized cost units; not measured hashrate
S5a,S5/a,5,3468000,stress,low,high_cost,156250000,0,0.00000000,821250.00000000,0.77378094,70.0,635467.59492188,444827.31644531,0.90000000,0.00000158,489310.04808984,revenue-supported normalized cost units; not measured hashrate
S5a,S5/a,5,3468000,stress,base,reference,156250000,10003,0.00640151,821302.57576800,0.77378094,70.0,635508.27704893,444855.79393425,0.70000000,0.00000123,629153.19427844,revenue-supported normalized cost units; not measured hashrate
S5a,S5/a,5,3468000,stress,base,efficient,156250000,10003,0.00640151,821302.57576800,0.77378094,70.0,635508.27704893,444855.79393425,0.58000000,0.00000102,759322.82068087,revenue-supported normalized cost units; not measured hashrate
S5a,S5/a,5,3468000,stress,base,high_cost,156250000,10003,0.00640151,821302.57576800,0.77378094,70.0,635508.27704893,444855.79393425,0.90000000,0.00000158,489341.37332767,revenue-supported normalized cost units; not measured hashrate
S5a,S5/a,5,3468000,stress,high,reference,156250000,290698,0.18570123,822777.90868800,0.77378094,70.0,636649.86153889,445654.90307722,0.70000000,0.00000123,630283.36292350,revenue-supported normalized cost units; not measured hashrate
S5a,S5/a,5,3468000,stress,high,efficient,156250000,290698,0.18570123,822777.90868800,0.77378094,70.0,636649.86153889,445654.90307722,0.58000000,0.00000102,760686.81732147,revenue-supported normalized cost units; not measured hashrate
S5a,S5/a,5,3468000,stress,high,high_cost,156250000,290698,0.18570123,822777.90868800,0.77378094,70.0,636649.86153889,445654.90307722,0.90000000,0.00000158,490220.39338495,revenue-supported normalized cost units; not measured hashrate
S5a,S5/a,5,3468000,flat,low,reference,156250000,0,0.00000000,821250.00000000,1.00000000,90.0,821250.00000000,739125.00000000,0.70000000,0.00000096,1045333.92857143,revenue-supported normalized cost units; not measured hashrate
S5a,S5/a,5,3468000,flat,low,efficient,156250000,0,0.00000000,821250.00000000,1.00000000,90.0,821250.00000000,739125.00000000,0.58000000,0.00000079,1261609.91379310,revenue-supported normalized cost units; not measured hashrate
S5a,S5/a,5,3468000,flat,low,high_cost,156250000,0,0.00000000,821250.00000000,1.00000000,90.0,821250.00000000,739125.00000000,0.90000000,0.00000123,813037.50000000,revenue-supported normalized cost units; not measured hashrate
S5a,S5/a,5,3468000,flat,base,reference,156250000,10003,0.00640151,821302.57576800,1.00000000,90.0,821302.57576800,739172.31819120,0.70000000,0.00000096,1045400.85001327,revenue-supported normalized cost units; not measured hashrate
S5a,S5/a,5,3468000,flat,base,efficient,156250000,10003,0.00640151,821302.57576800,1.00000000,90.0,821302.57576800,739172.31819120,0.58000000,0.00000079,1261690.68105050,revenue-supported normalized cost units; not measured hashrate
S5a,S5/a,5,3468000,flat,base,high_cost,156250000,10003,0.00640151,821302.57576800,1.00000000,90.0,821302.57576800,739172.31819120,0.90000000,0.00000123,813089.55001032,revenue-supported normalized cost units; not measured hashrate
S5a,S5/a,5,3468000,flat,high,reference,156250000,290698,0.18570123,822777.90868800,1.00000000,90.0,822777.90868800,740500.11781920,0.70000000,0.00000095,1047278.73805858,revenue-supported normalized cost units; not measured hashrate
S5a,S5/a,5,3468000,flat,high,efficient,156250000,290698,0.18570123,822777.90868800,1.00000000,90.0,822777.90868800,740500.11781920,0.58000000,0.00000079,1263957.09765691,revenue-supported normalized cost units; not measured hashrate
S5a,S5/a,5,3468000,flat,high,high_cost,156250000,290698,0.18570123,822777.90868800,1.00000000,90.0,822777.90868800,740500.11781920,0.90000000,0.00000123,814550.12960112,revenue-supported normalized cost units; not measured hashrate
S5a,S5/a,5,3468000,growth,low,reference,156250000,0,0.00000000,821250.00000000,1.15927407,80.0,952053.83351888,761643.06681510,0.70000000,0.00000108,1077180.90878136,revenue-supported normalized cost units; not measured hashrate
S5a,S5/a,5,3468000,growth,low,efficient,156250000,0,0.00000000,821250.00000000,1.15927407,80.0,952053.83351888,761643.06681510,0.58000000,0.00000089,1300045.92439129,revenue-supported normalized cost units; not measured hashrate
S5a,S5/a,5,3468000,growth,low,high_cost,156250000,0,0.00000000,821250.00000000,1.15927407,80.0,952053.83351888,761643.06681510,0.90000000,0.00000138,837807.37349661,revenue-supported normalized cost units; not measured hashrate
S5a,S5/a,5,3468000,growth,base,reference,156250000,10003,0.00640151,821302.57576800,1.15927407,80.0,952114.78324365,761691.82659492,0.70000000,0.00000108,1077249.86904139,revenue-supported normalized cost units; not measured hashrate
S5a,S5/a,5,3468000,growth,base,efficient,156250000,10003,0.00640151,821302.57576800,1.15927407,80.0,952114.78324365,761691.82659492,0.58000000,0.00000089,1300129.15229133,revenue-supported normalized cost units; not measured hashrate
S5a,S5/a,5,3468000,growth,base,high_cost,156250000,10003,0.00640151,821302.57576800,1.15927407,80.0,952114.78324365,761691.82659492,0.90000000,0.00000138,837861.00925442,revenue-supported normalized cost units; not measured hashrate
S5a,S5/a,5,3468000,growth,high,reference,156250000,290698,0.18570123,822777.90868800,1.15927407,80.0,953825.09844877,763060.07875902,0.70000000,0.00000107,1079184.96853061,revenue-supported normalized cost units; not measured hashrate
S5a,S5/a,5,3468000,growth,high,efficient,156250000,290698,0.18570123,822777.90868800,1.15927407,80.0,953825.09844877,763060.07875902,0.58000000,0.00000089,1302464.61719212,revenue-supported normalized cost units; not measured hashrate
S5a,S5/a,5,3468000,growth,high,high_cost,156250000,290698,0.18570123,822777.90868800,1.15927407,80.0,953825.09844877,763060.07875902,0.90000000,0.00000138,839366.08663492,revenue-supported normalized cost units; not measured hashrate
S5a,S5/a,10,6096000,stress,low,reference,78125000,0,0.00000000,410625.00000000,0.59873694,70.0,245856.35567476,172099.44897233,0.70000000,0.00000246,243397.79211801,revenue-supported normalized cost units; not measured hashrate
S5a,S5/a,10,6096000,stress,low,efficient,78125000,0,0.00000000,410625.00000000,0.59873694,70.0,245856.35567476,172099.44897233,0.58000000,0.00000204,293755.95600450,revenue-supported normalized cost units; not measured hashrate
S5a,S5/a,10,6096000,stress,low,high_cost,78125000,0,0.00000000,410625.00000000,0.59873694,70.0,245856.35567476,172099.44897233,0.90000000,0.00000316,189309.39386956,revenue-supported normalized cost units; not measured hashrate
S5a,S5/a,10,6096000,stress,base,reference,78125000,10003,0.01280220,410677.57576800,0.59873694,70.0,245887.83472917,172121.48431042,0.70000000,0.00000246,243428.95638188,revenue-supported normalized cost units; not measured hashrate
S5a,S5/a,10,6096000,stress,base,efficient,78125000,10003,0.01280220,410677.57576800,0.59873694,70.0,245887.83472917,172121.48431042,0.58000000,0.00000204,293793.56804709,revenue-supported normalized cost units; not measured hashrate
S5a,S5/a,10,6096000,stress,base,high_cost,78125000,10003,0.01280220,410677.57576800,0.59873694,70.0,245887.83472917,172121.48431042,0.90000000,0.00000316,189333.63274146,revenue-supported normalized cost units; not measured hashrate
S5a,S5/a,10,6096000,stress,high,reference,78125000,290698,0.37071404,412152.90868800,0.59873694,70.0,246771.17104605,172739.81973223,0.70000000,0.00000245,244303.45933559,revenue-supported normalized cost units; not measured hashrate
S5a,S5/a,10,6096000,stress,high,efficient,78125000,290698,0.37071404,412152.90868800,0.59873694,70.0,246771.17104605,172739.81973223,0.58000000,0.00000203,294849.00264640,revenue-supported normalized cost units; not measured hashrate
S5a,S5/a,10,6096000,stress,high,high_cost,78125000,290698,0.37071404,412152.90868800,0.59873694,70.0,246771.17104605,172739.81973223,0.90000000,0.00000315,190013.80170546,revenue-supported normalized cost units; not measured hashrate
S5a,S5/a,10,6096000,flat,low,reference,78125000,0,0.00000000,410625.00000000,1.00000000,90.0,410625.00000000,369562.50000000,0.70000000,0.00000191,522666.96428571,revenue-supported normalized cost units; not measured hashrate
S5a,S5/a,10,6096000,flat,low,efficient,78125000,0,0.00000000,410625.00000000,1.00000000,90.0,410625.00000000,369562.50000000,0.58000000,0.00000159,630804.95689655,revenue-supported normalized cost units; not measured hashrate
S5a,S5/a,10,6096000,flat,low,high_cost,78125000,0,0.00000000,410625.00000000,1.00000000,90.0,410625.00000000,369562.50000000,0.90000000,0.00000246,406518.75000000,revenue-supported normalized cost units; not measured hashrate
S5a,S5/a,10,6096000,flat,base,reference,78125000,10003,0.01280220,410677.57576800,1.00000000,90.0,410677.57576800,369609.81819120,0.70000000,0.00000191,522733.88572755,revenue-supported normalized cost units; not measured hashrate
S5a,S5/a,10,6096000,flat,base,efficient,78125000,10003,0.01280220,410677.57576800,1.00000000,90.0,410677.57576800,369609.81819120,0.58000000,0.00000159,630885.72415394,revenue-supported normalized cost units; not measured hashrate
S5a,S5/a,10,6096000,flat,base,high_cost,78125000,10003,0.01280220,410677.57576800,1.00000000,90.0,410677.57576800,369609.81819120,0.90000000,0.00000246,406570.80001032,revenue-supported normalized cost units; not measured hashrate
S5a,S5/a,10,6096000,flat,high,reference,78125000,290698,0.37071404,412152.90868800,1.00000000,90.0,412152.90868800,370937.61781920,0.70000000,0.00000191,524611.77377287,revenue-supported normalized cost units; not measured hashrate
S5a,S5/a,10,6096000,flat,high,efficient,78125000,290698,0.37071404,412152.90868800,1.00000000,90.0,412152.90868800,370937.61781920,0.58000000,0.00000158,633152.14076036,revenue-supported normalized cost units; not measured hashrate
S5a,S5/a,10,6096000,flat,high,high_cost,78125000,290698,0.37071404,412152.90868800,1.00000000,90.0,412152.90868800,370937.61781920,0.90000000,0.00000245,408031.37960112,revenue-supported normalized cost units; not measured hashrate
S5a,S5/a,10,6096000,growth,low,reference,78125000,0,0.00000000,410625.00000000,1.34391638,80.0,551845.66326818,441476.53061454,0.70000000,0.00000215,624373.95044057,revenue-supported normalized cost units; not measured hashrate
S5a,S5/a,10,6096000,growth,low,efficient,78125000,0,0.00000000,410625.00000000,1.34391638,80.0,551845.66326818,441476.53061454,0.58000000,0.00000178,753554.76777310,revenue-supported normalized cost units; not measured hashrate
S5a,S5/a,10,6096000,growth,low,high_cost,78125000,0,0.00000000,410625.00000000,1.34391638,80.0,551845.66326818,441476.53061454,0.90000000,0.00000277,485624.18367600,revenue-supported normalized cost units; not measured hashrate
S5a,S5/a,10,6096000,growth,base,reference,78125000,10003,0.01280220,410677.57576800,1.34391638,80.0,551916.32070395,441533.05656316,0.70000000,0.00000215,624453.89428219,revenue-supported normalized cost units; not measured hashrate
S5a,S5/a,10,6096000,growth,base,efficient,78125000,10003,0.01280220,410677.57576800,1.34391638,80.0,551916.32070395,441533.05656316,0.58000000,0.00000178,753651.25171988,revenue-supported normalized cost units; not measured hashrate
S5a,S5/a,10,6096000,growth,base,high_cost,78125000,10003,0.01280220,410677.57576800,1.34391638,80.0,551916.32070395,441533.05656316,0.90000000,0.00000277,485686.36221948,revenue-supported normalized cost units; not measured hashrate
S5a,S5/a,10,6096000,growth,high,reference,78125000,290698,0.37071404,412152.90868800,1.34391638,80.0,553899.04478013,443119.23582410,0.70000000,0.00000214,626697.20495123,revenue-supported normalized cost units; not measured hashrate
S5a,S5/a,10,6096000,growth,high,efficient,78125000,290698,0.37071404,412152.90868800,1.34391638,80.0,553899.04478013,443119.23582410,0.58000000,0.00000178,756358.69563079,revenue-supported normalized cost units; not measured hashrate
S5a,S5/a,10,6096000,growth,high,high_cost,78125000,290698,0.37071404,412152.90868800,1.34391638,80.0,553899.04478013,443119.23582410,0.90000000,0.00000276,487431.15940651,revenue-supported normalized cost units; not measured hashrate
S5a,S5/a,25,13980000,stress,low,reference,4882812,0,0.00000000,25664.05987200,0.27738957,70.0,7118.94261247,4983.25982873,0.70000000,0.00003936,7047.75318634,revenue-supported normalized cost units; not measured hashrate
S5a,S5/a,25,13980000,stress,low,efficient,4882812,0,0.00000000,25664.05987200,0.27738957,70.0,7118.94261247,4983.25982873,0.58000000,0.00003261,8505.90901800,revenue-supported normalized cost units; not measured hashrate
S5a,S5/a,25,13980000,stress,low,high_cost,4882812,0,0.00000000,25664.05987200,0.27738957,70.0,7118.94261247,4983.25982873,0.90000000,0.00005060,5481.58581160,revenue-supported normalized cost units; not measured hashrate
S5a,S5/a,25,13980000,stress,base,reference,4882812,10003,0.20444264,25716.63564000,0.27738957,70.0,7133.52658231,4993.46860762,0.70000000,0.00003928,7062.19131649,revenue-supported normalized cost units; not measured hashrate
S5a,S5/a,25,13980000,stress,base,efficient,4882812,10003,0.20444264,25716.63564000,0.27738957,70.0,7133.52658231,4993.46860762,0.58000000,0.00003254,8523.33434748,revenue-supported normalized cost units; not measured hashrate
S5a,S5/a,25,13980000,stress,base,high_cost,4882812,10003,0.20444264,25716.63564000,0.27738957,70.0,7133.52658231,4993.46860762,0.90000000,0.00005050,5492.81546838,revenue-supported normalized cost units; not measured hashrate
S5a,S5/a,25,13980000,stress,high,reference,4882812,290698,5.61897049,27191.96856000,0.27738957,70.0,7542.76855120,5279.93798584,0.70000000,0.00003715,7467.34086569,revenue-supported normalized cost units; not measured hashrate
S5a,S5/a,25,13980000,stress,high,efficient,4882812,290698,5.61897049,27191.96856000,0.27738957,70.0,7542.76855120,5279.93798584,0.58000000,0.00003078,9012.30794135,revenue-supported normalized cost units; not measured hashrate
S5a,S5/a,25,13980000,stress,high,high_cost,4882812,290698,5.61897049,27191.96856000,0.27738957,70.0,7542.76855120,5279.93798584,0.90000000,0.00004776,5807.93178442,revenue-supported normalized cost units; not measured hashrate
S5a,S5/a,25,13980000,flat,low,reference,4882812,0,0.00000000,25664.05987200,1.00000000,90.0,25664.05987200,23097.65388480,0.70000000,0.00003061,32666.68192279,revenue-supported normalized cost units; not measured hashrate
S5a,S5/a,25,13980000,flat,low,efficient,4882812,0,0.00000000,25664.05987200,1.00000000,90.0,25664.05987200,23097.65388480,0.58000000,0.00002536,39425.30576888,revenue-supported normalized cost units; not measured hashrate
S5a,S5/a,25,13980000,flat,low,high_cost,4882812,0,0.00000000,25664.05987200,1.00000000,90.0,25664.05987200,23097.65388480,0.90000000,0.00003936,25407.41927328,revenue-supported normalized cost units; not measured hashrate
S5a,S5/a,25,13980000,flat,base,reference,4882812,10003,0.20444264,25716.63564000,1.00000000,90.0,25716.63564000,23144.97207600,0.70000000,0.00003055,32733.60336463,revenue-supported normalized cost units; not measured hashrate
S5a,S5/a,25,13980000,flat,base,efficient,4882812,10003,0.20444264,25716.63564000,1.00000000,90.0,25716.63564000,23144.97207600,0.58000000,0.00002531,39506.07302628,revenue-supported normalized cost units; not measured hashrate
S5a,S5/a,25,13980000,flat,base,high_cost,4882812,10003,0.20444264,25716.63564000,1.00000000,90.0,25716.63564000,23144.97207600,0.90000000,0.00003928,25459.46928360,revenue-supported normalized cost units; not measured hashrate
S5a,S5/a,25,13980000,flat,high,reference,4882812,290698,5.61897049,27191.96856000,1.00000000,90.0,27191.96856000,24472.77170400,0.70000000,0.00002889,34611.49140994,revenue-supported normalized cost units; not measured hashrate
S5a,S5/a,25,13980000,flat,high,efficient,4882812,290698,5.61897049,27191.96856000,1.00000000,90.0,27191.96856000,24472.77170400,0.58000000,0.00002394,41772.48963269,revenue-supported normalized cost units; not measured hashrate
S5a,S5/a,25,13980000,flat,high,high_cost,4882812,290698,5.61897049,27191.96856000,1.00000000,90.0,27191.96856000,24472.77170400,0.90000000,0.00003715,26920.04887440,revenue-supported normalized cost units; not measured hashrate
S5a,S5/a,25,13980000,growth,low,reference,4882812,0,0.00000000,25664.05987200,2.09377793,80.0,53734.84214532,42987.87371625,0.70000000,0.00003444,60797.13568442,revenue-supported normalized cost units; not measured hashrate
S5a,S5/a,25,13980000,growth,low,efficient,4882812,0,0.00000000,25664.05987200,2.09377793,80.0,53734.84214532,42987.87371625,0.58000000,0.00002853,73375.85341223,revenue-supported normalized cost units; not measured hashrate
S5a,S5/a,25,13980000,growth,low,high_cost,4882812,0,0.00000000,25664.05987200,2.09377793,80.0,53734.84214532,42987.87371625,0.90000000,0.00004428,47286.66108788,revenue-supported normalized cost units; not measured hashrate
S5a,S5/a,25,13980000,growth,base,reference,4882812,10003,0.20444264,25716.63564000,2.09377793,80.0,53844.92412799,43075.93930239,0.70000000,0.00003437,60921.68558481,revenue-supported normalized cost units; not measured hashrate
S5a,S5/a,25,13980000,growth,base,efficient,4882812,10003,0.20444264,25716.63564000,2.09377793,80.0,53844.92412799,43075.93930239,0.58000000,0.00002848,73526.17225753,revenue-supported normalized cost units; not measured hashrate
S5a,S5/a,25,13980000,growth,base,high_cost,4882812,10003,0.20444264,25716.63564000,2.09377793,80.0,53844.92412799,43075.93930239,0.90000000,0.00004419,47383.53323263,revenue-supported normalized cost units; not measured hashrate
S5a,S5/a,25,13980000,growth,high,reference,4882812,290698,5.61897049,27191.96856000,2.09377793,80.0,56933.94363478,45547.15490782,0.70000000,0.00003250,64416.69051249,revenue-supported normalized cost units; not measured hashrate
S5a,S5/a,25,13980000,growth,high,efficient,4882812,290698,5.61897049,27191.96856000,2.09377793,80.0,56933.94363478,45547.15490782,0.58000000,0.00002693,77744.28165301,revenue-supported normalized cost units; not measured hashrate
S5a,S5/a,25,13980000,growth,high,high_cost,4882812,290698,5.61897049,27191.96856000,2.09377793,80.0,56933.94363478,45547.15490782,0.90000000,0.00004179,50101.87039861,revenue-supported normalized cost units; not measured hashrate
S5a,S5/a,50,27120000,stress,low,reference,76293,0,0.00000000,400.99600800,0.07694498,70.0,30.85462792,21.59823955,0.70000000,0.00251898,30.54608164,revenue-supported normalized cost units; not measured hashrate
S5a,S5/a,50,27120000,stress,low,efficient,76293,0,0.00000000,400.99600800,0.07694498,70.0,30.85462792,21.59823955,0.58000000,0.00208716,36.86596060,revenue-supported normalized cost units; not measured hashrate
S5a,S5/a,50,27120000,stress,low,high_cost,76293,0,0.00000000,400.99600800,0.07694498,70.0,30.85462792,21.59823955,0.90000000,0.00323869,23.75806350,revenue-supported normalized cost units; not measured hashrate
S5a,S5/a,50,27120000,stress,base,reference,76293,10003,11.59149903,453.57177600,0.07694498,70.0,34.90006909,24.43004836,0.70000000,0.00222699,34.55106840,revenue-supported normalized cost units; not measured hashrate
S5a,S5/a,50,27120000,stress,base,efficient,76293,10003,11.59149903,453.57177600,0.07694498,70.0,34.90006909,24.43004836,0.58000000,0.00184522,41.69956531,revenue-supported normalized cost units; not measured hashrate
S5a,S5/a,50,27120000,stress,base,high_cost,76293,10003,11.59149903,453.57177600,0.07694498,70.0,34.90006909,24.43004836,0.90000000,0.00286328,26.87305320,revenue-supported normalized cost units; not measured hashrate
S5a,S5/a,50,27120000,stress,high,reference,76293,290698,79.21120681,1928.90469600,0.07694498,70.0,148.41952414,103.89366690,0.70000000,0.00052367,146.93532890,revenue-supported normalized cost units; not measured hashrate
S5a,S5/a,50,27120000,stress,high,efficient,76293,290698,79.21120681,1928.90469600,0.07694498,70.0,148.41952414,103.89366690,0.58000000,0.00043389,177.33574178,revenue-supported normalized cost units; not measured hashrate
S5a,S5/a,50,27120000,stress,high,high_cost,76293,290698,79.21120681,1928.90469600,0.07694498,70.0,148.41952414,103.89366690,0.90000000,0.00067328,114.28303359,revenue-supported normalized cost units; not measured hashrate
S5a,S5/a,50,27120000,flat,low,reference,76293,0,0.00000000,400.99600800,1.00000000,90.0,400.99600800,360.89640720,0.70000000,0.00195921,510.41063304,revenue-supported normalized cost units; not measured hashrate
S5a,S5/a,50,27120000,flat,low,efficient,76293,0,0.00000000,400.99600800,1.00000000,90.0,400.99600800,360.89640720,0.58000000,0.00162334,616.01283298,revenue-supported normalized cost units; not measured hashrate
S5a,S5/a,50,27120000,flat,low,high_cost,76293,0,0.00000000,400.99600800,1.00000000,90.0,400.99600800,360.89640720,0.90000000,0.00251898,396.98604792,revenue-supported normalized cost units; not measured hashrate
S5a,S5/a,50,27120000,flat,base,reference,76293,10003,11.59149903,453.57177600,1.00000000,90.0,453.57177600,408.21459840,0.70000000,0.00173211,577.33207488,revenue-supported normalized cost units; not measured hashrate
S5a,S5/a,50,27120000,flat,base,efficient,76293,10003,11.59149903,453.57177600,1.00000000,90.0,453.57177600,408.21459840,0.58000000,0.00143517,696.78009037,revenue-supported normalized cost units; not measured hashrate
S5a,S5/a,50,27120000,flat,base,high_cost,76293,10003,11.59149903,453.57177600,1.00000000,90.0,453.57177600,408.21459840,0.90000000,0.00222699,449.03605824,revenue-supported normalized cost units; not measured hashrate
S5a,S5/a,50,27120000,flat,high,reference,76293,290698,79.21120681,1928.90469600,1.00000000,90.0,1928.90469600,1736.01422640,0.70000000,0.00040730,2455.22012019,revenue-supported normalized cost units; not measured hashrate
S5a,S5/a,50,27120000,flat,high,efficient,76293,290698,79.21120681,1928.90469600,1.00000000,90.0,1928.90469600,1736.01422640,0.58000000,0.00033747,2963.19669679,revenue-supported normalized cost units; not measured hashrate
S5a,S5/a,50,27120000,flat,high,high_cost,76293,290698,79.21120681,1928.90469600,1.00000000,90.0,1928.90469600,1736.01422640,0.90000000,0.00052367,1909.61564904,revenue-supported normalized cost units; not measured hashrate
S5a,S5/a,50,27120000,growth,low,reference,76293,0,0.00000000,400.99600800,4.38390602,80.0,1757.92881295,1406.34305036,0.70000000,0.00220411,1988.97088551,revenue-supported normalized cost units; not measured hashrate
S5a,S5/a,50,27120000,growth,low,efficient,76293,0,0.00000000,400.99600800,4.38390602,80.0,1757.92881295,1406.34305036,0.58000000,0.00182626,2400.48210320,revenue-supported normalized cost units; not measured hashrate
S5a,S5/a,50,27120000,growth,low,high_cost,76293,0,0.00000000,400.99600800,4.38390602,80.0,1757.92881295,1406.34305036,0.90000000,0.00283385,1546.97735539,revenue-supported normalized cost units; not measured hashrate
S5a,S5/a,50,27120000,growth,base,reference,76293,10003,11.59149903,453.57177600,4.38390602,80.0,1988.41603872,1590.73283098,0.70000000,0.00194862,2249.75071810,revenue-supported normalized cost units; not measured hashrate
S5a,S5/a,50,27120000,growth,base,efficient,76293,10003,11.59149903,453.57177600,4.38390602,80.0,1988.41603872,1590.73283098,0.58000000,0.00161457,2715.21638391,revenue-supported normalized cost units; not measured hashrate
S5a,S5/a,50,27120000,growth,base,high_cost,76293,10003,11.59149903,453.57177600,4.38390602,80.0,1988.41603872,1590.73283098,0.90000000,0.00250537,1749.80611408,revenue-supported normalized cost units; not measured hashrate
S5a,S5/a,50,27120000,growth,high,reference,76293,290698,79.21120681,1928.90469600,4.38390602,80.0,8456.13690631,6764.90952505,0.70000000,0.00045821,9567.51489971,revenue-supported normalized cost units; not measured hashrate
S5a,S5/a,50,27120000,growth,high,efficient,76293,290698,79.21120681,1928.90469600,4.38390602,80.0,8456.13690631,6764.90952505,0.58000000,0.00037966,11547.00074103,revenue-supported normalized cost units; not measured hashrate
S5a,S5/a,50,27120000,growth,high,high_cost,76293,290698,79.21120681,1928.90469600,4.38390602,80.0,8456.13690631,6764.90952505,0.90000000,0.00058912,7441.40047755,revenue-supported normalized cost units; not measured hashrate
S5a,S5/a,100,53400000,stress,low,reference,9,0,0.00000000,0.04730400,0.00592053,70.0,0.00028006,0.00019605,0.70000000,21.35339528,0.00027726,revenue-supported normalized cost units; not measured hashrate
S5a,S5/a,100,53400000,stress,low,efficient,9,0,0.00000000,0.04730400,0.00592053,70.0,0.00028006,0.00019605,0.58000000,17.69281323,0.00033463,revenue-supported normalized cost units; not measured hashrate
S5a,S5/a,100,53400000,stress,low,high_cost,9,0,0.00000000,0.04730400,0.00592053,70.0,0.00028006,0.00019605,0.90000000,27.45436535,0.00021565,revenue-supported normalized cost units; not measured hashrate
S5a,S5/a,100,53400000,stress,base,reference,9,10003,99.91010787,52.62307200,0.00592053,70.0,0.31155644,0.21808950,0.70000000,0.01919502,0.30844087,revenue-supported normalized cost units; not measured hashrate
S5a,S5/a,100,53400000,stress,base,efficient,9,10003,99.91010787,52.62307200,0.00592053,70.0,0.31155644,0.21808950,0.58000000,0.01590445,0.37225622,revenue-supported normalized cost units; not measured hashrate
S5a,S5/a,100,53400000,stress,base,high_cost,9,10003,99.91010787,52.62307200,0.00592053,70.0,0.31155644,0.21808950,0.90000000,0.02467931,0.23989846,revenue-supported normalized cost units; not measured hashrate
S5a,S5/a,100,53400000,stress,high,reference,9,290698,99.99690410,1527.95599200,0.00592053,70.0,9.04630810,6.33241567,0.70000000,0.00066108,8.95584502,revenue-supported normalized cost units; not measured hashrate
S5a,S5/a,100,53400000,stress,high,efficient,9,290698,99.99690410,1527.95599200,0.00592053,70.0,9.04630810,6.33241567,0.58000000,0.00054775,10.80877847,revenue-supported normalized cost units; not measured hashrate
S5a,S5/a,100,53400000,stress,high,high_cost,9,290698,99.99690410,1527.95599200,0.00592053,70.0,9.04630810,6.33241567,0.90000000,0.00084996,6.96565724,revenue-supported normalized cost units; not measured hashrate
S5a,S5/a,100,53400000,flat,low,reference,9,0,0.00000000,0.04730400,1.00000000,90.0,0.04730400,0.04257360,0.70000000,16.60819633,0.06021123,revenue-supported normalized cost units; not measured hashrate
S5a,S5/a,100,53400000,flat,low,efficient,9,0,0.00000000,0.04730400,1.00000000,90.0,0.04730400,0.04257360,0.58000000,13.76107696,0.07266873,revenue-supported normalized cost units; not measured hashrate
S5a,S5/a,100,53400000,flat,low,high_cost,9,0,0.00000000,0.04730400,1.00000000,90.0,0.04730400,0.04257360,0.90000000,21.35339528,0.04683096,revenue-supported normalized cost units; not measured hashrate
S5a,S5/a,100,53400000,flat,base,reference,9,10003,99.91010787,52.62307200,1.00000000,90.0,52.62307200,47.36076480,0.70000000,0.01492946,66.98165307,revenue-supported normalized cost units; not measured hashrate
S5a,S5/a,100,53400000,flat,base,efficient,9,10003,99.91010787,52.62307200,1.00000000,90.0,52.62307200,47.36076480,0.58000000,0.01237013,80.83992612,revenue-supported normalized cost units; not measured hashrate
S5a,S5/a,100,53400000,flat,base,high_cost,9,10003,99.91010787,52.62307200,1.00000000,90.0,52.62307200,47.36076480,0.90000000,0.01919502,52.09684128,revenue-supported normalized cost units; not measured hashrate
S5a,S5/a,100,53400000,flat,high,reference,9,290698,99.99690410,1527.95599200,1.00000000,90.0,1527.95599200,1375.16039280,0.70000000,0.00051417,1944.86969839,revenue-supported normalized cost units; not measured hashrate
S5a,S5/a,100,53400000,flat,high,efficient,9,290698,99.99690410,1527.95599200,1.00000000,90.0,1527.95599200,1375.16039280,0.58000000,0.00042603,2347.25653254,revenue-supported normalized cost units; not measured hashrate
S5a,S5/a,100,53400000,flat,high,high_cost,9,290698,99.99690410,1527.95599200,1.00000000,90.0,1527.95599200,1375.16039280,0.90000000,0.00066108,1512.67643208,revenue-supported normalized cost units; not measured hashrate
S5a,S5/a,100,53400000,growth,low,reference,9,0,0.00000000,0.04730400,19.21863198,80.0,0.90911817,0.72729453,0.70000000,18.68422087,1.02860227,revenue-supported normalized cost units; not measured hashrate
S5a,S5/a,100,53400000,growth,low,efficient,9,0,0.00000000,0.04730400,19.21863198,80.0,0.90911817,0.72729453,0.58000000,15.48121157,1.24141653,revenue-supported normalized cost units; not measured hashrate
S5a,S5/a,100,53400000,growth,low,high_cost,9,0,0.00000000,0.04730400,19.21863198,80.0,0.90911817,0.72729453,0.90000000,24.02256968,0.80002399,revenue-supported normalized cost units; not measured hashrate
S5a,S5/a,100,53400000,growth,base,reference,9,10003,99.91010787,52.62307200,19.21863198,80.0,1011.34345447,809.07476358,0.70000000,0.01679564,1144.26287991,revenue-supported normalized cost units; not measured hashrate
S5a,S5/a,100,53400000,growth,base,efficient,9,10003,99.91010787,52.62307200,19.21863198,80.0,1011.34345447,809.07476358,0.58000000,0.01391639,1381.00692404,revenue-supported normalized cost units; not measured hashrate
S5a,S5/a,100,53400000,growth,base,high_cost,9,10003,99.91010787,52.62307200,19.21863198,80.0,1011.34345447,809.07476358,0.90000000,0.02159440,889.98223993,revenue-supported normalized cost units; not measured hashrate
S5a,S5/a,100,53400000,growth,high,reference,9,290698,99.99690410,1527.95599200,19.21863198,80.0,29365.22389319,23492.17911455,0.70000000,0.00057844,33224.65331915,revenue-supported normalized cost units; not measured hashrate
S5a,S5/a,100,53400000,growth,high,efficient,9,290698,99.99690410,1527.95599200,19.21863198,80.0,29365.22389319,23492.17911455,0.58000000,0.00047928,40098.71952312,revenue-supported normalized cost units; not measured hashrate
S5a,S5/a,100,53400000,growth,high,high_cost,9,290698,99.99690410,1527.95599200,19.21863198,80.0,29365.22389319,23492.17911455,0.90000000,0.00074371,25841.39702601,revenue-supported normalized cost units; not measured hashrate
S5a,S5/a,250,132240000,stress,low,reference,0,0,0.00000000,0.00000000,0.00000270,70.0,0.00000000,0.00000000,0.70000000,0.00000000,0.00000000,revenue-supported normalized cost units; not measured hashrate
S5a,S5/a,250,132240000,stress,low,efficient,0,0,0.00000000,0.00000000,0.00000270,70.0,0.00000000,0.00000000,0.58000000,0.00000000,0.00000000,revenue-supported normalized cost units; not measured hashrate
S5a,S5/a,250,132240000,stress,low,high_cost,0,0,0.00000000,0.00000000,0.00000270,70.0,0.00000000,0.00000000,0.90000000,0.00000000,0.00000000,revenue-supported normalized cost units; not measured hashrate
S5a,S5/a,250,132240000,stress,base,reference,0,10003,100.00000000,52.57576800,0.00000270,70.0,0.00014180,0.00009926,0.70000000,0.01921229,0.00014039,revenue-supported normalized cost units; not measured hashrate
S5a,S5/a,250,132240000,stress,base,efficient,0,10003,100.00000000,52.57576800,0.00000270,70.0,0.00014180,0.00009926,0.58000000,0.01591876,0.00016943,revenue-supported normalized cost units; not measured hashrate
S5a,S5/a,250,132240000,stress,base,high_cost,0,10003,100.00000000,52.57576800,0.00000270,70.0,0.00014180,0.00009926,0.90000000,0.02470152,0.00010919,revenue-supported normalized cost units; not measured hashrate
S5a,S5/a,250,132240000,stress,high,reference,0,290698,100.00000000,1527.90868800,0.00000270,70.0,0.00412096,0.00288467,0.70000000,0.00066110,0.00407975,revenue-supported normalized cost units; not measured hashrate
S5a,S5/a,250,132240000,stress,high,efficient,0,290698,100.00000000,1527.90868800,0.00000270,70.0,0.00412096,0.00288467,0.58000000,0.00054777,0.00492384,revenue-supported normalized cost units; not measured hashrate
S5a,S5/a,250,132240000,stress,high,high_cost,0,290698,100.00000000,1527.90868800,0.00000270,70.0,0.00412096,0.00288467,0.90000000,0.00084999,0.00317314,revenue-supported normalized cost units; not measured hashrate
S5a,S5/a,250,132240000,flat,low,reference,0,0,0.00000000,0.00000000,1.00000000,90.0,0.00000000,0.00000000,0.70000000,0.00000000,0.00000000,revenue-supported normalized cost units; not measured hashrate
S5a,S5/a,250,132240000,flat,low,efficient,0,0,0.00000000,0.00000000,1.00000000,90.0,0.00000000,0.00000000,0.58000000,0.00000000,0.00000000,revenue-supported normalized cost units; not measured hashrate
S5a,S5/a,250,132240000,flat,low,high_cost,0,0,0.00000000,0.00000000,1.00000000,90.0,0.00000000,0.00000000,0.90000000,0.00000000,0.00000000,revenue-supported normalized cost units; not measured hashrate
S5a,S5/a,250,132240000,flat,base,reference,0,10003,100.00000000,52.57576800,1.00000000,90.0,52.57576800,47.31819120,0.70000000,0.01494289,66.92144184,revenue-supported normalized cost units; not measured hashrate
S5a,S5/a,250,132240000,flat,base,efficient,0,10003,100.00000000,52.57576800,1.00000000,90.0,52.57576800,47.31819120,0.58000000,0.01238125,80.76725739,revenue-supported normalized cost units; not measured hashrate
S5a,S5/a,250,132240000,flat,base,high_cost,0,10003,100.00000000,52.57576800,1.00000000,90.0,52.57576800,47.31819120,0.90000000,0.01921229,52.05001032,revenue-supported normalized cost units; not measured hashrate
S5a,S5/a,250,132240000,flat,high,reference,0,290698,100.00000000,1527.90868800,1.00000000,90.0,1527.90868800,1375.11781920,0.70000000,0.00051419,1944.80948715,revenue-supported normalized cost units; not measured hashrate
S5a,S5/a,250,132240000,flat,high,efficient,0,290698,100.00000000,1527.90868800,1.00000000,90.0,1527.90868800,1375.11781920,0.58000000,0.00042604,2347.18386381,revenue-supported normalized cost units; not measured hashrate
S5a,S5/a,250,132240000,flat,high,high_cost,0,290698,100.00000000,1527.90868800,1.00000000,90.0,1527.90868800,1375.11781920,0.90000000,0.00066110,1512.62960112,revenue-supported normalized cost units; not measured hashrate
S5a,S5/a,250,132240000,growth,low,reference,0,0,0.00000000,0.00000000,1619.22118137,80.0,0.00000000,0.00000000,0.70000000,0.00000000,0.00000000,revenue-supported normalized cost units; not measured hashrate
S5a,S5/a,250,132240000,growth,low,efficient,0,0,0.00000000,0.00000000,1619.22118137,80.0,0.00000000,0.00000000,0.58000000,0.00000000,0.00000000,revenue-supported normalized cost units; not measured hashrate
S5a,S5/a,250,132240000,growth,low,high_cost,0,0,0.00000000,0.00000000,1619.22118137,80.0,0.00000000,0.00000000,0.90000000,0.00000000,0.00000000,revenue-supported normalized cost units; not measured hashrate
S5a,S5/a,250,132240000,growth,base,reference,0,10003,100.00000000,52.57576800,1619.22118137,80.0,85131.79717229,68105.43773784,0.70000000,0.01681076,96320.54765780,revenue-supported normalized cost units; not measured hashrate
S5a,S5/a,250,132240000,growth,base,efficient,0,10003,100.00000000,52.57576800,1619.22118137,80.0,85131.79717229,68105.43773784,0.58000000,0.01392891,116248.93682837,revenue-supported normalized cost units; not measured hashrate
S5a,S5/a,250,132240000,growth,base,high_cost,0,10003,100.00000000,52.57576800,1619.22118137,80.0,85131.79717229,68105.43773784,0.90000000,0.02161383,74915.98151162,revenue-supported normalized cost units; not measured hashrate
S5a,S5/a,250,132240000,growth,high,reference,0,290698,100.00000000,1527.90868800,1619.22118137,80.0,2474022.11080593,1979217.68864474,0.70000000,0.00057846,2799179.30251185,revenue-supported normalized cost units; not measured hashrate
S5a,S5/a,250,132240000,growth,high,efficient,0,290698,100.00000000,1527.90868800,1619.22118137,80.0,2474022.11080593,1979217.68864474,0.58000000,0.00047930,3378319.84785913,revenue-supported normalized cost units; not measured hashrate
S5a,S5/a,250,132240000,growth,high,high_cost,0,290698,100.00000000,1527.90868800,1619.22118137,80.0,2474022.11080593,1979217.68864474,0.90000000,0.00074374,2177139.45750922,revenue-supported normalized cost units; not measured hashrate
S5a,S5/a,500,263640000,stress,low,reference,0,0,0.00000000,0.00000000,0.00000000,70.0,0.00000000,0.00000000,0.70000000,0.00000000,0.00000000,revenue-supported normalized cost units; not measured hashrate
S5a,S5/a,500,263640000,stress,low,efficient,0,0,0.00000000,0.00000000,0.00000000,70.0,0.00000000,0.00000000,0.58000000,0.00000000,0.00000000,revenue-supported normalized cost units; not measured hashrate
S5a,S5/a,500,263640000,stress,low,high_cost,0,0,0.00000000,0.00000000,0.00000000,70.0,0.00000000,0.00000000,0.90000000,0.00000000,0.00000000,revenue-supported normalized cost units; not measured hashrate
S5a,S5/a,500,263640000,stress,base,reference,0,10003,100.00000000,52.57576800,0.00000000,70.0,0.00000000,0.00000000,0.70000000,0.01921229,0.00000000,revenue-supported normalized cost units; not measured hashrate
S5a,S5/a,500,263640000,stress,base,efficient,0,10003,100.00000000,52.57576800,0.00000000,70.0,0.00000000,0.00000000,0.58000000,0.01591876,0.00000000,revenue-supported normalized cost units; not measured hashrate
S5a,S5/a,500,263640000,stress,base,high_cost,0,10003,100.00000000,52.57576800,0.00000000,70.0,0.00000000,0.00000000,0.90000000,0.02470152,0.00000000,revenue-supported normalized cost units; not measured hashrate
S5a,S5/a,500,263640000,stress,high,reference,0,290698,100.00000000,1527.90868800,0.00000000,70.0,0.00000001,0.00000001,0.70000000,0.00066110,0.00000001,revenue-supported normalized cost units; not measured hashrate
S5a,S5/a,500,263640000,stress,high,efficient,0,290698,100.00000000,1527.90868800,0.00000000,70.0,0.00000001,0.00000001,0.58000000,0.00054777,0.00000001,revenue-supported normalized cost units; not measured hashrate
S5a,S5/a,500,263640000,stress,high,high_cost,0,290698,100.00000000,1527.90868800,0.00000000,70.0,0.00000001,0.00000001,0.90000000,0.00084999,0.00000001,revenue-supported normalized cost units; not measured hashrate
S5a,S5/a,500,263640000,flat,low,reference,0,0,0.00000000,0.00000000,1.00000000,90.0,0.00000000,0.00000000,0.70000000,0.00000000,0.00000000,revenue-supported normalized cost units; not measured hashrate
S5a,S5/a,500,263640000,flat,low,efficient,0,0,0.00000000,0.00000000,1.00000000,90.0,0.00000000,0.00000000,0.58000000,0.00000000,0.00000000,revenue-supported normalized cost units; not measured hashrate
S5a,S5/a,500,263640000,flat,low,high_cost,0,0,0.00000000,0.00000000,1.00000000,90.0,0.00000000,0.00000000,0.90000000,0.00000000,0.00000000,revenue-supported normalized cost units; not measured hashrate
S5a,S5/a,500,263640000,flat,base,reference,0,10003,100.00000000,52.57576800,1.00000000,90.0,52.57576800,47.31819120,0.70000000,0.01494289,66.92144184,revenue-supported normalized cost units; not measured hashrate
S5a,S5/a,500,263640000,flat,base,efficient,0,10003,100.00000000,52.57576800,1.00000000,90.0,52.57576800,47.31819120,0.58000000,0.01238125,80.76725739,revenue-supported normalized cost units; not measured hashrate
S5a,S5/a,500,263640000,flat,base,high_cost,0,10003,100.00000000,52.57576800,1.00000000,90.0,52.57576800,47.31819120,0.90000000,0.01921229,52.05001032,revenue-supported normalized cost units; not measured hashrate
S5a,S5/a,500,263640000,flat,high,reference,0,290698,100.00000000,1527.90868800,1.00000000,90.0,1527.90868800,1375.11781920,0.70000000,0.00051419,1944.80948715,revenue-supported normalized cost units; not measured hashrate
S5a,S5/a,500,263640000,flat,high,efficient,0,290698,100.00000000,1527.90868800,1.00000000,90.0,1527.90868800,1375.11781920,0.58000000,0.00042604,2347.18386381,revenue-supported normalized cost units; not measured hashrate
S5a,S5/a,500,263640000,flat,high,high_cost,0,290698,100.00000000,1527.90868800,1.00000000,90.0,1527.90868800,1375.11781920,0.90000000,0.00066110,1512.62960112,revenue-supported normalized cost units; not measured hashrate
S5a,S5/a,500,263640000,growth,low,reference,0,0,0.00000000,0.00000000,2621877.23419108,80.0,0.00000000,0.00000000,0.70000000,0.00000000,0.00000000,revenue-supported normalized cost units; not measured hashrate
S5a,S5/a,500,263640000,growth,low,efficient,0,0,0.00000000,0.00000000,2621877.23419108,80.0,0.00000000,0.00000000,0.58000000,0.00000000,0.00000000,revenue-supported normalized cost units; not measured hashrate
S5a,S5/a,500,263640000,growth,low,high_cost,0,0,0.00000000,0.00000000,2621877.23419108,80.0,0.00000000,0.00000000,0.90000000,0.00000000,0.00000000,revenue-supported normalized cost units; not measured hashrate
S5a,S5/a,500,263640000,growth,base,reference,0,10003,100.00000000,52.57576800,2621877.23419108,80.0,137847209.18931171,110277767.35144937,0.70000000,0.01681076,155964270.96847839,revenue-supported normalized cost units; not measured hashrate
S5a,S5/a,500,263640000,growth,base,efficient,0,10003,100.00000000,52.57576800,2621877.23419108,80.0,137847209.18931171,110277767.35144937,0.58000000,0.01392891,188232740.82402565,revenue-supported normalized cost units; not measured hashrate
S5a,S5/a,500,263640000,growth,base,high_cost,0,10003,100.00000000,52.57576800,2621877.23419108,80.0,137847209.18931171,110277767.35144937,0.90000000,0.02161383,121305544.08659430,revenue-supported normalized cost units; not measured hashrate
S5a,S5/a,500,263640000,growth,high,reference,0,290698,100.00000000,1527.90868800,2621877.23419108,80.0,4005989004.98995656,3204791203.99196525,0.70000000,0.00057846,4532490417.07435085,revenue-supported normalized cost units; not measured hashrate
S5a,S5/a,500,263640000,growth,high,efficient,0,290698,100.00000000,1527.90868800,2621877.23419108,80.0,4005989004.98995656,3204791203.99196525,0.58000000,0.00047930,5470247055.08973378,revenue-supported normalized cost units; not measured hashrate
S5a,S5/a,500,263640000,growth,high,high_cost,0,290698,100.00000000,1527.90868800,2621877.23419108,80.0,4005989004.98995656,3204791203.99196525,0.90000000,0.00074374,3525270324.39116177,revenue-supported normalized cost units; not measured hashrate
S5B,S5/b,0,840000,stress,low,reference,625000000,0,0.00000000,3285000.00000000,1.00000000,70.0,3285000.00000000,2299500.00000000,0.70000000,0.00000031,3252150.00000000,revenue-supported normalized cost units; not measured hashrate
S5B,S5/b,0,840000,stress,low,efficient,625000000,0,0.00000000,3285000.00000000,1.00000000,70.0,3285000.00000000,2299500.00000000,0.58000000,0.00000025,3925008.62068966,revenue-supported normalized cost units; not measured hashrate
S5B,S5/b,0,840000,stress,low,high_cost,625000000,0,0.00000000,3285000.00000000,1.00000000,70.0,3285000.00000000,2299500.00000000,0.90000000,0.00000040,2529450.00000000,revenue-supported normalized cost units; not measured hashrate
S5B,S5/b,0,840000,stress,base,reference,625000000,10003,0.00160045,3285052.57576800,1.00000000,70.0,3285052.57576800,2299536.80303760,0.70000000,0.00000031,3252202.05001032,revenue-supported normalized cost units; not measured hashrate
S5B,S5/b,0,840000,stress,base,efficient,625000000,10003,0.00160045,3285052.57576800,1.00000000,70.0,3285052.57576800,2299536.80303760,0.58000000,0.00000025,3925071.43966763,revenue-supported normalized cost units; not measured hashrate
S5B,S5/b,0,840000,stress,base,high_cost,625000000,10003,0.00160045,3285052.57576800,1.00000000,70.0,3285052.57576800,2299536.80303760,0.90000000,0.00000040,2529490.48334136,revenue-supported normalized cost units; not measured hashrate
S5B,S5/b,0,840000,stress,high,reference,625000000,290698,0.04649006,3286527.90868800,1.00000000,70.0,3286527.90868800,2300569.53608160,0.70000000,0.00000031,3253662.62960112,revenue-supported normalized cost units; not measured hashrate
S5B,S5/b,0,840000,stress,high,efficient,625000000,290698,0.04649006,3286527.90868800,1.00000000,70.0,3286527.90868800,2300569.53608160,0.58000000,0.00000025,3926834.20813928,revenue-supported normalized cost units; not measured hashrate
S5B,S5/b,0,840000,stress,high,high_cost,625000000,290698,0.04649006,3286527.90868800,1.00000000,70.0,3286527.90868800,2300569.53608160,0.90000000,0.00000040,2530626.48968976,revenue-supported normalized cost units; not measured hashrate
S5B,S5/b,0,840000,flat,low,reference,625000000,0,0.00000000,3285000.00000000,1.00000000,90.0,3285000.00000000,2956500.00000000,0.70000000,0.00000024,4181335.71428571,revenue-supported normalized cost units; not measured hashrate
S5B,S5/b,0,840000,flat,low,efficient,625000000,0,0.00000000,3285000.00000000,1.00000000,90.0,3285000.00000000,2956500.00000000,0.58000000,0.00000020,5046439.65517241,revenue-supported normalized cost units; not measured hashrate
S5B,S5/b,0,840000,flat,low,high_cost,625000000,0,0.00000000,3285000.00000000,1.00000000,90.0,3285000.00000000,2956500.00000000,0.90000000,0.00000031,3252150.00000000,revenue-supported normalized cost units; not measured hashrate
S5B,S5/b,0,840000,flat,base,reference,625000000,10003,0.00160045,3285052.57576800,1.00000000,90.0,3285052.57576800,2956547.31819120,0.70000000,0.00000024,4181402.63572755,revenue-supported normalized cost units; not measured hashrate
S5B,S5/b,0,840000,flat,base,efficient,625000000,10003,0.00160045,3285052.57576800,1.00000000,90.0,3285052.57576800,2956547.31819120,0.58000000,0.00000020,5046520.42242981,revenue-supported normalized cost units; not measured hashrate
S5B,S5/b,0,840000,flat,base,high_cost,625000000,10003,0.00160045,3285052.57576800,1.00000000,90.0,3285052.57576800,2956547.31819120,0.90000000,0.00000031,3252202.05001032,revenue-supported normalized cost units; not measured hashrate
S5B,S5/b,0,840000,flat,high,reference,625000000,290698,0.04649006,3286527.90868800,1.00000000,90.0,3286527.90868800,2957875.11781920,0.70000000,0.00000024,4183280.52377287,revenue-supported normalized cost units; not measured hashrate
S5B,S5/b,0,840000,flat,high,efficient,625000000,290698,0.04649006,3286527.90868800,1.00000000,90.0,3286527.90868800,2957875.11781920,0.58000000,0.00000020,5048786.83903622,revenue-supported normalized cost units; not measured hashrate
S5B,S5/b,0,840000,flat,high,high_cost,625000000,290698,0.04649006,3286527.90868800,1.00000000,90.0,3286527.90868800,2957875.11781920,0.90000000,0.00000031,3253662.62960112,revenue-supported normalized cost units; not measured hashrate
S5B,S5/b,0,840000,growth,low,reference,625000000,0,0.00000000,3285000.00000000,1.00000000,80.0,3285000.00000000,2628000.00000000,0.70000000,0.00000027,3716742.85714286,revenue-supported normalized cost units; not measured hashrate
S5B,S5/b,0,840000,growth,low,efficient,625000000,0,0.00000000,3285000.00000000,1.00000000,80.0,3285000.00000000,2628000.00000000,0.58000000,0.00000022,4485724.13793103,revenue-supported normalized cost units; not measured hashrate
S5B,S5/b,0,840000,growth,low,high_cost,625000000,0,0.00000000,3285000.00000000,1.00000000,80.0,3285000.00000000,2628000.00000000,0.90000000,0.00000035,2890800.00000000,revenue-supported normalized cost units; not measured hashrate
S5B,S5/b,0,840000,growth,base,reference,625000000,10003,0.00160045,3285052.57576800,1.00000000,80.0,3285052.57576800,2628042.06061440,0.70000000,0.00000027,3716802.34286894,revenue-supported normalized cost units; not measured hashrate
S5B,S5/b,0,840000,growth,base,efficient,625000000,10003,0.00160045,3285052.57576800,1.00000000,80.0,3285052.57576800,2628042.06061440,0.58000000,0.00000022,4485795.93104872,revenue-supported normalized cost units; not measured hashrate
S5B,S5/b,0,840000,growth,base,high_cost,625000000,10003,0.00160045,3285052.57576800,1.00000000,80.0,3285052.57576800,2628042.06061440,0.90000000,0.00000035,2890846.26667584,revenue-supported normalized cost units; not measured hashrate
S5B,S5/b,0,840000,growth,high,reference,625000000,290698,0.04649006,3286527.90868800,1.00000000,80.0,3286527.90868800,2629222.32695040,0.70000000,0.00000027,3718471.57668699,revenue-supported normalized cost units; not measured hashrate
S5B,S5/b,0,840000,growth,high,efficient,625000000,290698,0.04649006,3286527.90868800,1.00000000,80.0,3286527.90868800,2629222.32695040,0.58000000,0.00000022,4487810.52358775,revenue-supported normalized cost units; not measured hashrate
S5B,S5/b,0,840000,growth,high,high_cost,625000000,290698,0.04649006,3286527.90868800,1.00000000,80.0,3286527.90868800,2629222.32695040,0.90000000,0.00000035,2892144.55964544,revenue-supported normalized cost units; not measured hashrate
S5B,S5/b,1,1365600,stress,low,reference,625000000,0,0.00000000,3285000.00000000,0.95000000,70.0,3120750.00000000,2184525.00000000,0.70000000,0.00000031,3089542.50000000,revenue-supported normalized cost units; not measured hashrate
S5B,S5/b,1,1365600,stress,low,efficient,625000000,0,0.00000000,3285000.00000000,0.95000000,70.0,3120750.00000000,2184525.00000000,0.58000000,0.00000025,3728758.18965517,revenue-supported normalized cost units; not measured hashrate
S5B,S5/b,1,1365600,stress,low,high_cost,625000000,0,0.00000000,3285000.00000000,0.95000000,70.0,3120750.00000000,2184525.00000000,0.90000000,0.00000040,2402977.50000000,revenue-supported normalized cost units; not measured hashrate
S5B,S5/b,1,1365600,stress,base,reference,625000000,10003,0.00160045,3285052.57576800,0.95000000,70.0,3120799.94697960,2184559.96288572,0.70000000,0.00000031,3089591.94750980,revenue-supported normalized cost units; not measured hashrate
S5B,S5/b,1,1365600,stress,base,efficient,625000000,10003,0.00160045,3285052.57576800,0.95000000,70.0,3120799.94697960,2184559.96288572,0.58000000,0.00000025,3728817.86768425,revenue-supported normalized cost units; not measured hashrate
S5B,S5/b,1,1365600,stress,base,high_cost,625000000,10003,0.00160045,3285052.57576800,0.95000000,70.0,3120799.94697960,2184559.96288572,0.90000000,0.00000040,2403015.95917429,revenue-supported normalized cost units; not measured hashrate
S5B,S5/b,1,1365600,stress,high,reference,625000000,290698,0.04649006,3286527.90868800,0.95000000,70.0,3122201.51325360,2185541.05927752,0.70000000,0.00000031,3090979.49812106,revenue-supported normalized cost units; not measured hashrate
S5B,S5/b,1,1365600,stress,high,efficient,625000000,290698,0.04649006,3286527.90868800,0.95000000,70.0,3122201.51325360,2185541.05927752,0.58000000,0.00000025,3730492.49773232,revenue-supported normalized cost units; not measured hashrate
S5B,S5/b,1,1365600,stress,high,high_cost,625000000,290698,0.04649006,3286527.90868800,0.95000000,70.0,3122201.51325360,2185541.05927752,0.90000000,0.00000040,2404095.16520527,revenue-supported normalized cost units; not measured hashrate
S5B,S5/b,1,1365600,flat,low,reference,625000000,0,0.00000000,3285000.00000000,1.00000000,90.0,3285000.00000000,2956500.00000000,0.70000000,0.00000024,4181335.71428571,revenue-supported normalized cost units; not measured hashrate
S5B,S5/b,1,1365600,flat,low,efficient,625000000,0,0.00000000,3285000.00000000,1.00000000,90.0,3285000.00000000,2956500.00000000,0.58000000,0.00000020,5046439.65517241,revenue-supported normalized cost units; not measured hashrate
S5B,S5/b,1,1365600,flat,low,high_cost,625000000,0,0.00000000,3285000.00000000,1.00000000,90.0,3285000.00000000,2956500.00000000,0.90000000,0.00000031,3252150.00000000,revenue-supported normalized cost units; not measured hashrate
S5B,S5/b,1,1365600,flat,base,reference,625000000,10003,0.00160045,3285052.57576800,1.00000000,90.0,3285052.57576800,2956547.31819120,0.70000000,0.00000024,4181402.63572755,revenue-supported normalized cost units; not measured hashrate
S5B,S5/b,1,1365600,flat,base,efficient,625000000,10003,0.00160045,3285052.57576800,1.00000000,90.0,3285052.57576800,2956547.31819120,0.58000000,0.00000020,5046520.42242981,revenue-supported normalized cost units; not measured hashrate
S5B,S5/b,1,1365600,flat,base,high_cost,625000000,10003,0.00160045,3285052.57576800,1.00000000,90.0,3285052.57576800,2956547.31819120,0.90000000,0.00000031,3252202.05001032,revenue-supported normalized cost units; not measured hashrate
S5B,S5/b,1,1365600,flat,high,reference,625000000,290698,0.04649006,3286527.90868800,1.00000000,90.0,3286527.90868800,2957875.11781920,0.70000000,0.00000024,4183280.52377287,revenue-supported normalized cost units; not measured hashrate
S5B,S5/b,1,1365600,flat,high,efficient,625000000,290698,0.04649006,3286527.90868800,1.00000000,90.0,3286527.90868800,2957875.11781920,0.58000000,0.00000020,5048786.83903622,revenue-supported normalized cost units; not measured hashrate
S5B,S5/b,1,1365600,flat,high,high_cost,625000000,290698,0.04649006,3286527.90868800,1.00000000,90.0,3286527.90868800,2957875.11781920,0.90000000,0.00000031,3253662.62960112,revenue-supported normalized cost units; not measured hashrate
S5B,S5/b,1,1365600,growth,low,reference,625000000,0,0.00000000,3285000.00000000,1.03000000,80.0,3383550.00000000,2706840.00000000,0.70000000,0.00000027,3828245.14285714,revenue-supported normalized cost units; not measured hashrate
S5B,S5/b,1,1365600,growth,low,efficient,625000000,0,0.00000000,3285000.00000000,1.03000000,80.0,3383550.00000000,2706840.00000000,0.58000000,0.00000022,4620295.86206897,revenue-supported normalized cost units; not measured hashrate
S5B,S5/b,1,1365600,growth,low,high_cost,625000000,0,0.00000000,3285000.00000000,1.03000000,80.0,3383550.00000000,2706840.00000000,0.90000000,0.00000035,2977524.00000000,revenue-supported normalized cost units; not measured hashrate
S5B,S5/b,1,1365600,growth,base,reference,625000000,10003,0.00160045,3285052.57576800,1.03000000,80.0,3383604.15304104,2706883.32243283,0.70000000,0.00000027,3828306.41315501,revenue-supported normalized cost units; not measured hashrate
S5B,S5/b,1,1365600,growth,base,efficient,625000000,10003,0.00160045,3285052.57576800,1.03000000,80.0,3383604.15304104,2706883.32243283,0.58000000,0.00000022,4620369.80898018,revenue-supported normalized cost units; not measured hashrate
S5B,S5/b,1,1365600,growth,base,high_cost,625000000,10003,0.00160045,3285052.57576800,1.03000000,80.0,3383604.15304104,2706883.32243283,0.90000000,0.00000035,2977571.65467612,revenue-supported normalized cost units; not measured hashrate
S5B,S5/b,1,1365600,growth,high,reference,625000000,290698,0.04649006,3286527.90868800,1.03000000,80.0,3385123.74594864,2708098.99675891,0.70000000,0.00000027,3830025.72398760,revenue-supported normalized cost units; not measured hashrate
S5B,S5/b,1,1365600,growth,high,efficient,625000000,290698,0.04649006,3286527.90868800,1.03000000,80.0,3385123.74594864,2708098.99675891,0.58000000,0.00000022,4622444.83929538,revenue-supported normalized cost units; not measured hashrate
S5B,S5/b,1,1365600,growth,high,high_cost,625000000,290698,0.04649006,3286527.90868800,1.03000000,80.0,3385123.74594864,2708098.99675891,0.90000000,0.00000035,2978908.89643480,revenue-supported normalized cost units; not measured hashrate
S5B,S5/b,2,1891200,stress,low,reference,625000000,0,0.00000000,3285000.00000000,0.90250000,70.0,2964712.50000000,2075298.75000000,0.70000000,0.00000031,2935065.37500000,revenue-supported normalized cost units; not measured hashrate
S5B,S5/b,2,1891200,stress,low,efficient,625000000,0,0.00000000,3285000.00000000,0.90250000,70.0,2964712.50000000,2075298.75000000,0.58000000,0.00000025,3542320.28017241,revenue-supported normalized cost units; not measured hashrate
S5B,S5/b,2,1891200,stress,low,high_cost,625000000,0,0.00000000,3285000.00000000,0.90250000,70.0,2964712.50000000,2075298.75000000,0.90000000,0.00000040,2282828.62500000,revenue-supported normalized cost units; not measured hashrate
S5B,S5/b,2,1891200,stress,base,reference,625000000,10003,0.00160045,3285052.57576800,0.90250000,70.0,2964759.94963062,2075331.96474143,0.70000000,0.00000031,2935112.35013431,revenue-supported normalized cost units; not measured hashrate
S5B,S5/b,2,1891200,stress,base,efficient,625000000,10003,0.00160045,3285052.57576800,0.90250000,70.0,2964759.94963062,2075331.96474143,0.58000000,0.00000025,3542376.97430003,revenue-supported normalized cost units; not measured hashrate
S5B,S5/b,2,1891200,stress,base,high_cost,625000000,10003,0.00160045,3285052.57576800,0.90250000,70.0,2964759.94963062,2075331.96474143,0.90000000,0.00000040,2282865.16121558,revenue-supported normalized cost units; not measured hashrate
S5B,S5/b,2,1891200,stress,high,reference,625000000,290698,0.04649006,3286527.90868800,0.90250000,70.0,2966091.43759092,2076264.00631364,0.70000000,0.00000031,2936430.52321501,revenue-supported normalized cost units; not measured hashrate
S5B,S5/b,2,1891200,stress,high,efficient,625000000,290698,0.04649006,3286527.90868800,0.90250000,70.0,2966091.43759092,2076264.00631364,0.58000000,0.00000025,3543967.87284570,revenue-supported normalized cost units; not measured hashrate
S5B,S5/b,2,1891200,stress,high,high_cost,625000000,290698,0.04649006,3286527.90868800,0.90250000,70.0,2966091.43759092,2076264.00631364,0.90000000,0.00000040,2283890.40694501,revenue-supported normalized cost units; not measured hashrate
S5B,S5/b,2,1891200,flat,low,reference,625000000,0,0.00000000,3285000.00000000,1.00000000,90.0,3285000.00000000,2956500.00000000,0.70000000,0.00000024,4181335.71428571,revenue-supported normalized cost units; not measured hashrate
S5B,S5/b,2,1891200,flat,low,efficient,625000000,0,0.00000000,3285000.00000000,1.00000000,90.0,3285000.00000000,2956500.00000000,0.58000000,0.00000020,5046439.65517241,revenue-supported normalized cost units; not measured hashrate
S5B,S5/b,2,1891200,flat,low,high_cost,625000000,0,0.00000000,3285000.00000000,1.00000000,90.0,3285000.00000000,2956500.00000000,0.90000000,0.00000031,3252150.00000000,revenue-supported normalized cost units; not measured hashrate
S5B,S5/b,2,1891200,flat,base,reference,625000000,10003,0.00160045,3285052.57576800,1.00000000,90.0,3285052.57576800,2956547.31819120,0.70000000,0.00000024,4181402.63572755,revenue-supported normalized cost units; not measured hashrate
S5B,S5/b,2,1891200,flat,base,efficient,625000000,10003,0.00160045,3285052.57576800,1.00000000,90.0,3285052.57576800,2956547.31819120,0.58000000,0.00000020,5046520.42242981,revenue-supported normalized cost units; not measured hashrate
S5B,S5/b,2,1891200,flat,base,high_cost,625000000,10003,0.00160045,3285052.57576800,1.00000000,90.0,3285052.57576800,2956547.31819120,0.90000000,0.00000031,3252202.05001032,revenue-supported normalized cost units; not measured hashrate
S5B,S5/b,2,1891200,flat,high,reference,625000000,290698,0.04649006,3286527.90868800,1.00000000,90.0,3286527.90868800,2957875.11781920,0.70000000,0.00000024,4183280.52377287,revenue-supported normalized cost units; not measured hashrate
S5B,S5/b,2,1891200,flat,high,efficient,625000000,290698,0.04649006,3286527.90868800,1.00000000,90.0,3286527.90868800,2957875.11781920,0.58000000,0.00000020,5048786.83903622,revenue-supported normalized cost units; not measured hashrate
S5B,S5/b,2,1891200,flat,high,high_cost,625000000,290698,0.04649006,3286527.90868800,1.00000000,90.0,3286527.90868800,2957875.11781920,0.90000000,0.00000031,3253662.62960112,revenue-supported normalized cost units; not measured hashrate
S5B,S5/b,2,1891200,growth,low,reference,625000000,0,0.00000000,3285000.00000000,1.06090000,80.0,3485056.50000000,2788045.20000000,0.70000000,0.00000027,3943092.49714286,revenue-supported normalized cost units; not measured hashrate
S5B,S5/b,2,1891200,growth,low,efficient,625000000,0,0.00000000,3285000.00000000,1.06090000,80.0,3485056.50000000,2788045.20000000,0.58000000,0.00000022,4758904.73793103,revenue-supported normalized cost units; not measured hashrate
S5B,S5/b,2,1891200,growth,low,high_cost,625000000,0,0.00000000,3285000.00000000,1.06090000,80.0,3485056.50000000,2788045.20000000,0.90000000,0.00000035,3066849.72000000,revenue-supported normalized cost units; not measured hashrate
S5B,S5/b,2,1891200,growth,base,reference,625000000,10003,0.00160045,3285052.57576800,1.06090000,80.0,3485112.27763227,2788089.82210582,0.70000000,0.00000027,3943155.60554966,revenue-supported normalized cost units; not measured hashrate
S5B,S5/b,2,1891200,growth,base,efficient,625000000,10003,0.00160045,3285052.57576800,1.06090000,80.0,3485112.27763227,2788089.82210582,0.58000000,0.00000022,4758980.90324958,revenue-supported normalized cost units; not measured hashrate
S5B,S5/b,2,1891200,growth,base,high_cost,625000000,10003,0.00160045,3285052.57576800,1.06090000,80.0,3485112.27763227,2788089.82210582,0.90000000,0.00000035,3066898.80431640,revenue-supported normalized cost units; not measured hashrate
S5B,S5/b,2,1891200,growth,high,reference,625000000,290698,0.04649006,3286527.90868800,1.06090000,80.0,3486677.45832710,2789341.96666168,0.70000000,0.00000027,3944926.49570723,revenue-supported normalized cost units; not measured hashrate
S5B,S5/b,2,1891200,growth,high,efficient,625000000,290698,0.04649006,3286527.90868800,1.06090000,80.0,3486677.45832710,2789341.96666168,0.58000000,0.00000022,4761118.18447425,revenue-supported normalized cost units; not measured hashrate
S5B,S5/b,2,1891200,growth,high,high_cost,625000000,290698,0.04649006,3286527.90868800,1.06090000,80.0,3486677.45832710,2789341.96666168,0.90000000,0.00000035,3068276.16332785,revenue-supported normalized cost units; not measured hashrate
S5B,S5/b,5,3468000,stress,low,reference,312500000,0,0.00000000,1642500.00000000,0.77378094,70.0,1270935.18984375,889654.63289062,0.70000000,0.00000061,1258225.83794531,revenue-supported normalized cost units; not measured hashrate
S5B,S5/b,5,3468000,stress,low,efficient,312500000,0,0.00000000,1642500.00000000,0.77378094,70.0,1270935.18984375,889654.63289062,0.58000000,0.00000051,1518548.42510641,revenue-supported normalized cost units; not measured hashrate
S5B,S5/b,5,3468000,stress,low,high_cost,312500000,0,0.00000000,1642500.00000000,0.77378094,70.0,1270935.18984375,889654.63289062,0.90000000,0.00000079,978620.09617969,revenue-supported normalized cost units; not measured hashrate
S5B,S5/b,5,3468000,stress,base,reference,312500000,10003,0.00320086,1642552.57576800,0.77378094,70.0,1270975.87197080,889683.11037956,0.70000000,0.00000061,1258266.11325109,revenue-supported normalized cost units; not measured hashrate
S5B,S5/b,5,3468000,stress,base,efficient,312500000,10003,0.00320086,1642552.57576800,0.77378094,70.0,1270975.87197080,889683.11037956,0.58000000,0.00000051,1518597.03323408,revenue-supported normalized cost units; not measured hashrate
S5B,S5/b,5,3468000,stress,base,high_cost,312500000,10003,0.00320086,1642552.57576800,0.77378094,70.0,1270975.87197080,889683.11037956,0.90000000,0.00000079,978651.42141752,revenue-supported normalized cost units; not measured hashrate
S5B,S5/b,5,3468000,stress,high,reference,312500000,290698,0.09293691,1644027.90868800,0.77378094,70.0,1272117.45646077,890482.21952254,0.70000000,0.00000061,1259396.28189616,revenue-supported normalized cost units; not measured hashrate
S5B,S5/b,5,3468000,stress,high,efficient,312500000,290698,0.09293691,1644027.90868800,0.77378094,70.0,1272117.45646077,890482.21952254,0.58000000,0.00000051,1519961.02987467,revenue-supported normalized cost units; not measured hashrate
S5B,S5/b,5,3468000,stress,high,high_cost,312500000,290698,0.09293691,1644027.90868800,0.77378094,70.0,1272117.45646077,890482.21952254,0.90000000,0.00000079,979530.44147479,revenue-supported normalized cost units; not measured hashrate
S5B,S5/b,5,3468000,flat,low,reference,312500000,0,0.00000000,1642500.00000000,1.00000000,90.0,1642500.00000000,1478250.00000000,0.70000000,0.00000048,2090667.85714286,revenue-supported normalized cost units; not measured hashrate
S5B,S5/b,5,3468000,flat,low,efficient,312500000,0,0.00000000,1642500.00000000,1.00000000,90.0,1642500.00000000,1478250.00000000,0.58000000,0.00000040,2523219.82758621,revenue-supported normalized cost units; not measured hashrate
S5B,S5/b,5,3468000,flat,low,high_cost,312500000,0,0.00000000,1642500.00000000,1.00000000,90.0,1642500.00000000,1478250.00000000,0.90000000,0.00000061,1626075.00000000,revenue-supported normalized cost units; not measured hashrate
S5B,S5/b,5,3468000,flat,base,reference,312500000,10003,0.00320086,1642552.57576800,1.00000000,90.0,1642552.57576800,1478297.31819120,0.70000000,0.00000048,2090734.77858470,revenue-supported normalized cost units; not measured hashrate
S5B,S5/b,5,3468000,flat,base,efficient,312500000,10003,0.00320086,1642552.57576800,1.00000000,90.0,1642552.57576800,1478297.31819120,0.58000000,0.00000040,2523300.59484360,revenue-supported normalized cost units; not measured hashrate
S5B,S5/b,5,3468000,flat,base,high_cost,312500000,10003,0.00320086,1642552.57576800,1.00000000,90.0,1642552.57576800,1478297.31819120,0.90000000,0.00000061,1626127.05001032,revenue-supported normalized cost units; not measured hashrate
S5B,S5/b,5,3468000,flat,high,reference,312500000,290698,0.09293691,1644027.90868800,1.00000000,90.0,1644027.90868800,1479625.11781920,0.70000000,0.00000048,2092612.66663001,revenue-supported normalized cost units; not measured hashrate
S5B,S5/b,5,3468000,flat,high,efficient,312500000,290698,0.09293691,1644027.90868800,1.00000000,90.0,1644027.90868800,1479625.11781920,0.58000000,0.00000040,2525567.01145001,revenue-supported normalized cost units; not measured hashrate
S5B,S5/b,5,3468000,flat,high,high_cost,312500000,290698,0.09293691,1644027.90868800,1.00000000,90.0,1644027.90868800,1479625.11781920,0.90000000,0.00000061,1627587.62960112,revenue-supported normalized cost units; not measured hashrate
S5B,S5/b,5,3468000,growth,low,reference,312500000,0,0.00000000,1642500.00000000,1.15927407,80.0,1904107.66703775,1523286.13363020,0.70000000,0.00000054,2154361.81756271,revenue-supported normalized cost units; not measured hashrate
S5B,S5/b,5,3468000,growth,low,efficient,312500000,0,0.00000000,1642500.00000000,1.15927407,80.0,1904107.66703775,1523286.13363020,0.58000000,0.00000045,2600091.84878258,revenue-supported normalized cost units; not measured hashrate
S5B,S5/b,5,3468000,growth,low,high_cost,312500000,0,0.00000000,1642500.00000000,1.15927407,80.0,1904107.66703775,1523286.13363020,0.90000000,0.00000069,1675614.74699322,revenue-supported normalized cost units; not measured hashrate
S5B,S5/b,5,3468000,growth,base,reference,312500000,10003,0.00320086,1642552.57576800,1.15927407,80.0,1904168.61676253,1523334.89341002,0.70000000,0.00000054,2154430.77782275,revenue-supported normalized cost units; not measured hashrate
S5B,S5/b,5,3468000,growth,base,efficient,312500000,10003,0.00320086,1642552.57576800,1.15927407,80.0,1904168.61676253,1523334.89341002,0.58000000,0.00000045,2600175.07668263,revenue-supported normalized cost units; not measured hashrate
S5B,S5/b,5,3468000,growth,base,high_cost,312500000,10003,0.00320086,1642552.57576800,1.15927407,80.0,1904168.61676253,1523334.89341002,0.90000000,0.00000069,1675668.38275103,revenue-supported normalized cost units; not measured hashrate
S5B,S5/b,5,3468000,growth,high,reference,312500000,290698,0.09293691,1644027.90868800,1.15927407,80.0,1905878.93196765,1524703.14557412,0.70000000,0.00000054,2156365.87731197,revenue-supported normalized cost units; not measured hashrate
S5B,S5/b,5,3468000,growth,high,efficient,312500000,290698,0.09293691,1644027.90868800,1.15927407,80.0,1905878.93196765,1524703.14557412,0.58000000,0.00000045,2602510.54158341,revenue-supported normalized cost units; not measured hashrate
S5B,S5/b,5,3468000,growth,high,high_cost,312500000,290698,0.09293691,1644027.90868800,1.15927407,80.0,1905878.93196765,1524703.14557412,0.90000000,0.00000069,1677173.46013153,revenue-supported normalized cost units; not measured hashrate
S5B,S5/b,10,6096000,stress,low,reference,156250000,0,0.00000000,821250.00000000,0.59873694,70.0,491712.71134952,344198.89794466,0.70000000,0.00000123,486795.58423602,revenue-supported normalized cost units; not measured hashrate
S5B,S5/b,10,6096000,stress,low,efficient,156250000,0,0.00000000,821250.00000000,0.59873694,70.0,491712.71134952,344198.89794466,0.58000000,0.00000102,587511.91200899,revenue-supported normalized cost units; not measured hashrate
S5B,S5/b,10,6096000,stress,low,high_cost,156250000,0,0.00000000,821250.00000000,0.59873694,70.0,491712.71134952,344198.89794466,0.90000000,0.00000158,378618.78773913,revenue-supported normalized cost units; not measured hashrate
S5B,S5/b,10,6096000,stress,base,reference,156250000,10003,0.00640151,821302.57576800,0.59873694,70.0,491744.19040393,344220.93328275,0.70000000,0.00000123,486826.74849989,revenue-supported normalized cost units; not measured hashrate
S5B,S5/b,10,6096000,stress,base,efficient,156250000,10003,0.00640151,821302.57576800,0.59873694,70.0,491744.19040393,344220.93328275,0.58000000,0.00000102,587549.52405159,revenue-supported normalized cost units; not measured hashrate
S5B,S5/b,10,6096000,stress,base,high_cost,156250000,10003,0.00640151,821302.57576800,0.59873694,70.0,491744.19040393,344220.93328275,0.90000000,0.00000158,378643.02661103,revenue-supported normalized cost units; not measured hashrate
S5B,S5/b,10,6096000,stress,high,reference,156250000,290698,0.18570123,822777.90868800,0.59873694,70.0,492627.52672081,344839.26870457,0.70000000,0.00000123,487701.25145360,revenue-supported normalized cost units; not measured hashrate
S5B,S5/b,10,6096000,stress,high,efficient,156250000,290698,0.18570123,822777.90868800,0.59873694,70.0,492627.52672081,344839.26870457,0.58000000,0.00000102,588604.95865090,revenue-supported normalized cost units; not measured hashrate
S5B,S5/b,10,6096000,stress,high,high_cost,156250000,290698,0.18570123,822777.90868800,0.59873694,70.0,492627.52672081,344839.26870457,0.90000000,0.00000158,379323.19557502,revenue-supported normalized cost units; not measured hashrate
S5B,S5/b,10,6096000,flat,low,reference,156250000,0,0.00000000,821250.00000000,1.00000000,90.0,821250.00000000,739125.00000000,0.70000000,0.00000096,1045333.92857143,revenue-supported normalized cost units; not measured hashrate
S5B,S5/b,10,6096000,flat,low,efficient,156250000,0,0.00000000,821250.00000000,1.00000000,90.0,821250.00000000,739125.00000000,0.58000000,0.00000079,1261609.91379310,revenue-supported normalized cost units; not measured hashrate
S5B,S5/b,10,6096000,flat,low,high_cost,156250000,0,0.00000000,821250.00000000,1.00000000,90.0,821250.00000000,739125.00000000,0.90000000,0.00000123,813037.50000000,revenue-supported normalized cost units; not measured hashrate
S5B,S5/b,10,6096000,flat,base,reference,156250000,10003,0.00640151,821302.57576800,1.00000000,90.0,821302.57576800,739172.31819120,0.70000000,0.00000096,1045400.85001327,revenue-supported normalized cost units; not measured hashrate
S5B,S5/b,10,6096000,flat,base,efficient,156250000,10003,0.00640151,821302.57576800,1.00000000,90.0,821302.57576800,739172.31819120,0.58000000,0.00000079,1261690.68105050,revenue-supported normalized cost units; not measured hashrate
S5B,S5/b,10,6096000,flat,base,high_cost,156250000,10003,0.00640151,821302.57576800,1.00000000,90.0,821302.57576800,739172.31819120,0.90000000,0.00000123,813089.55001032,revenue-supported normalized cost units; not measured hashrate
S5B,S5/b,10,6096000,flat,high,reference,156250000,290698,0.18570123,822777.90868800,1.00000000,90.0,822777.90868800,740500.11781920,0.70000000,0.00000095,1047278.73805858,revenue-supported normalized cost units; not measured hashrate
S5B,S5/b,10,6096000,flat,high,efficient,156250000,290698,0.18570123,822777.90868800,1.00000000,90.0,822777.90868800,740500.11781920,0.58000000,0.00000079,1263957.09765691,revenue-supported normalized cost units; not measured hashrate
S5B,S5/b,10,6096000,flat,high,high_cost,156250000,290698,0.18570123,822777.90868800,1.00000000,90.0,822777.90868800,740500.11781920,0.90000000,0.00000123,814550.12960112,revenue-supported normalized cost units; not measured hashrate
S5B,S5/b,10,6096000,growth,low,reference,156250000,0,0.00000000,821250.00000000,1.34391638,80.0,1103691.32653636,882953.06122909,0.70000000,0.00000108,1248747.90088114,revenue-supported normalized cost units; not measured hashrate
S5B,S5/b,10,6096000,growth,low,efficient,156250000,0,0.00000000,821250.00000000,1.34391638,80.0,1103691.32653636,882953.06122909,0.58000000,0.00000089,1507109.53554620,revenue-supported normalized cost units; not measured hashrate
S5B,S5/b,10,6096000,growth,low,high_cost,156250000,0,0.00000000,821250.00000000,1.34391638,80.0,1103691.32653636,882953.06122909,0.90000000,0.00000138,971248.36735200,revenue-supported normalized cost units; not measured hashrate
S5B,S5/b,10,6096000,growth,base,reference,156250000,10003,0.00640151,821302.57576800,1.34391638,80.0,1103761.98397213,883009.58717771,0.70000000,0.00000108,1248827.84472275,revenue-supported normalized cost units; not measured hashrate
S5B,S5/b,10,6096000,growth,base,efficient,156250000,10003,0.00640151,821302.57576800,1.34391638,80.0,1103761.98397213,883009.58717771,0.58000000,0.00000089,1507206.01949298,revenue-supported normalized cost units; not measured hashrate
S5B,S5/b,10,6096000,growth,base,high_cost,156250000,10003,0.00640151,821302.57576800,1.34391638,80.0,1103761.98397213,883009.58717771,0.90000000,0.00000138,971310.54589548,revenue-supported normalized cost units; not measured hashrate
S5B,S5/b,10,6096000,growth,high,reference,156250000,290698,0.18570123,822777.90868800,1.34391638,80.0,1105744.70804831,884595.76643864,0.70000000,0.00000107,1251071.15539180,revenue-supported normalized cost units; not measured hashrate
S5B,S5/b,10,6096000,growth,high,efficient,156250000,290698,0.18570123,822777.90868800,1.34391638,80.0,1105744.70804831,884595.76643864,0.58000000,0.00000089,1509913.46340389,revenue-supported normalized cost units; not measured hashrate
S5B,S5/b,10,6096000,growth,high,high_cost,156250000,290698,0.18570123,822777.90868800,1.34391638,80.0,1105744.70804831,884595.76643864,0.90000000,0.00000138,973055.34308251,revenue-supported normalized cost units; not measured hashrate
S5B,S5/b,25,13980000,stress,low,reference,9765625,0,0.00000000,51328.12500000,0.27738957,70.0,14237.88668289,9966.52067803,0.70000000,0.00001968,14095.50781607,revenue-supported normalized cost units; not measured hashrate
S5B,S5/b,25,13980000,stress,low,efficient,9765625,0,0.00000000,51328.12500000,0.27738957,70.0,14237.88668289,9966.52067803,0.58000000,0.00001631,17011.81977801,revenue-supported normalized cost units; not measured hashrate
S5B,S5/b,25,13980000,stress,low,high_cost,9765625,0,0.00000000,51328.12500000,0.27738957,70.0,14237.88668289,9966.52067803,0.90000000,0.00002530,10963.17274583,revenue-supported normalized cost units; not measured hashrate
S5B,S5/b,25,13980000,stress,base,reference,9765625,10003,0.10232591,51380.70076800,0.27738957,70.0,14252.47065274,9976.72945692,0.70000000,0.00001966,14109.94594621,revenue-supported normalized cost units; not measured hashrate
S5B,S5/b,25,13980000,stress,base,efficient,9765625,10003,0.10232591,51380.70076800,0.27738957,70.0,14252.47065274,9976.72945692,0.58000000,0.00001629,17029.24510749,revenue-supported normalized cost units; not measured hashrate
S5B,S5/b,25,13980000,stress,base,high_cost,9765625,10003,0.10232591,51380.70076800,0.27738957,70.0,14252.47065274,9976.72945692,0.90000000,0.00002528,10974.40240261,revenue-supported normalized cost units; not measured hashrate
S5B,S5/b,25,13980000,stress,high,reference,9765625,290698,2.89069872,52856.03368800,0.27738957,70.0,14661.71262163,10263.19883514,0.70000000,0.00001911,14515.09549541,revenue-supported normalized cost units; not measured hashrate
S5B,S5/b,25,13980000,stress,high,efficient,9765625,290698,2.89069872,52856.03368800,0.27738957,70.0,14661.71262163,10263.19883514,0.58000000,0.00001583,17518.21870136,revenue-supported normalized cost units; not measured hashrate
S5B,S5/b,25,13980000,stress,high,high_cost,9765625,290698,2.89069872,52856.03368800,0.27738957,70.0,14661.71262163,10263.19883514,0.90000000,0.00002457,11289.51871865,revenue-supported normalized cost units; not measured hashrate
S5B,S5/b,25,13980000,flat,low,reference,9765625,0,0.00000000,51328.12500000,1.00000000,90.0,51328.12500000,46195.31250000,0.70000000,0.00001531,65333.37053571,revenue-supported normalized cost units; not measured hashrate
S5B,S5/b,25,13980000,flat,low,efficient,9765625,0,0.00000000,51328.12500000,1.00000000,90.0,51328.12500000,46195.31250000,0.58000000,0.00001268,78850.61961207,revenue-supported normalized cost units; not measured hashrate
S5B,S5/b,25,13980000,flat,low,high_cost,9765625,0,0.00000000,51328.12500000,1.00000000,90.0,51328.12500000,46195.31250000,0.90000000,0.00001968,50814.84375000,revenue-supported normalized cost units; not measured hashrate
S5B,S5/b,25,13980000,flat,base,reference,9765625,10003,0.10232591,51380.70076800,1.00000000,90.0,51380.70076800,46242.63069120,0.70000000,0.00001529,65400.29197755,revenue-supported normalized cost units; not measured hashrate
S5B,S5/b,25,13980000,flat,base,efficient,9765625,10003,0.10232591,51380.70076800,1.00000000,90.0,51380.70076800,46242.63069120,0.58000000,0.00001267,78931.38686946,revenue-supported normalized cost units; not measured hashrate
S5B,S5/b,25,13980000,flat,base,high_cost,9765625,10003,0.10232591,51380.70076800,1.00000000,90.0,51380.70076800,46242.63069120,0.90000000,0.00001966,50866.89376032,revenue-supported normalized cost units; not measured hashrate
S5B,S5/b,25,13980000,flat,high,reference,9765625,290698,2.89069872,52856.03368800,1.00000000,90.0,52856.03368800,47570.43031920,0.70000000,0.00001486,67278.18002287,revenue-supported normalized cost units; not measured hashrate
S5B,S5/b,25,13980000,flat,high,efficient,9765625,290698,2.89069872,52856.03368800,1.00000000,90.0,52856.03368800,47570.43031920,0.58000000,0.00001232,81197.80347588,revenue-supported normalized cost units; not measured hashrate
S5B,S5/b,25,13980000,flat,high,high_cost,9765625,290698,2.89069872,52856.03368800,1.00000000,90.0,52856.03368800,47570.43031920,0.90000000,0.00001911,52327.47335112,revenue-supported normalized cost units; not measured hashrate
S5B,S5/b,25,13980000,growth,low,reference,9765625,0,0.00000000,51328.12500000,2.09377793,80.0,107469.69529553,85975.75623643,0.70000000,0.00001722,121594.28382009,revenue-supported normalized cost units; not measured hashrate
S5B,S5/b,25,13980000,growth,low,efficient,9765625,0,0.00000000,51328.12500000,2.09377793,80.0,107469.69529553,85975.75623643,0.58000000,0.00001427,146751.72185183,revenue-supported normalized cost units; not measured hashrate
S5B,S5/b,25,13980000,growth,low,high_cost,9765625,0,0.00000000,51328.12500000,2.09377793,80.0,107469.69529553,85975.75623643,0.90000000,0.00002214,94573.33186007,revenue-supported normalized cost units; not measured hashrate
S5B,S5/b,25,13980000,growth,base,reference,9765625,10003,0.10232591,51380.70076800,2.09377793,80.0,107579.77727821,86063.82182256,0.70000000,0.00001720,121718.83372048,revenue-supported normalized cost units; not measured hashrate
S5B,S5/b,25,13980000,growth,base,efficient,9765625,10003,0.10232591,51380.70076800,2.09377793,80.0,107579.77727821,86063.82182256,0.58000000,0.00001425,146902.04069714,revenue-supported normalized cost units; not measured hashrate
S5B,S5/b,25,13980000,growth,base,high_cost,9765625,10003,0.10232591,51380.70076800,2.09377793,80.0,107579.77727821,86063.82182256,0.90000000,0.00002212,94670.20400482,revenue-supported normalized cost units; not measured hashrate
S5B,S5/b,25,13980000,growth,high,reference,9765625,290698,2.89069872,52856.03368800,2.09377793,80.0,110668.79678499,88535.03742800,0.70000000,0.00001672,125213.83864816,revenue-supported normalized cost units; not measured hashrate
S5B,S5/b,25,13980000,growth,high,efficient,9765625,290698,2.89069872,52856.03368800,2.09377793,80.0,110668.79678499,88535.03742800,0.58000000,0.00001386,151120.15009261,revenue-supported normalized cost units; not measured hashrate
S5B,S5/b,25,13980000,growth,high,high_cost,9765625,290698,2.89069872,52856.03368800,2.09377793,80.0,110668.79678499,88535.03742800,0.90000000,0.00002150,97388.54117079,revenue-supported normalized cost units; not measured hashrate
S5B,S5/b,50,27120000,stress,low,reference,152587,0,0.00000000,801.99727200,0.07694498,70.0,61.70966027,43.19676219,0.70000000,0.00125948,61.09256366,revenue-supported normalized cost units; not measured hashrate
S5B,S5/b,50,27120000,stress,low,efficient,152587,0,0.00000000,801.99727200,0.07694498,70.0,61.70966027,43.19676219,0.58000000,0.00104357,73.73240442,revenue-supported normalized cost units; not measured hashrate
S5B,S5/b,50,27120000,stress,low,high_cost,152587,0,0.00000000,801.99727200,0.07694498,70.0,61.70966027,43.19676219,0.90000000,0.00161933,47.51643840,revenue-supported normalized cost units; not measured hashrate
S5B,S5/b,50,27120000,stress,base,reference,152587,10003,6.15228489,854.57304000,0.07694498,70.0,65.75510143,46.02857100,0.70000000,0.00118199,65.09755042,revenue-supported normalized cost units; not measured hashrate
S5B,S5/b,50,27120000,stress,base,efficient,152587,10003,6.15228489,854.57304000,0.07694498,70.0,65.75510143,46.02857100,0.58000000,0.00097937,78.56600913,revenue-supported normalized cost units; not measured hashrate
S5B,S5/b,50,27120000,stress,base,high_cost,152587,10003,6.15228489,854.57304000,0.07694498,70.0,65.75510143,46.02857100,0.90000000,0.00151971,50.63142810,revenue-supported normalized cost units; not measured hashrate
S5B,S5/b,50,27120000,stress,high,reference,152587,290698,65.57812694,2329.90596000,0.07694498,70.0,179.27455649,125.49218954,0.70000000,0.00043354,177.48181092,revenue-supported normalized cost units; not measured hashrate
S5B,S5/b,50,27120000,stress,high,efficient,152587,290698,65.57812694,2329.90596000,0.07694498,70.0,179.27455649,125.49218954,0.58000000,0.00035922,214.20218560,revenue-supported normalized cost units; not measured hashrate
S5B,S5/b,50,27120000,stress,high,high_cost,152587,290698,65.57812694,2329.90596000,0.07694498,70.0,179.27455649,125.49218954,0.90000000,0.00055741,138.04140850,revenue-supported normalized cost units; not measured hashrate
S5B,S5/b,50,27120000,flat,low,reference,152587,0,0.00000000,801.99727200,1.00000000,90.0,801.99727200,721.79754480,0.70000000,0.00097960,1020.82795622,revenue-supported normalized cost units; not measured hashrate
S5B,S5/b,50,27120000,flat,low,efficient,152587,0,0.00000000,801.99727200,1.00000000,90.0,801.99727200,721.79754480,0.58000000,0.00081167,1232.03374026,revenue-supported normalized cost units; not measured hashrate
S5B,S5/b,50,27120000,flat,low,high_cost,152587,0,0.00000000,801.99727200,1.00000000,90.0,801.99727200,721.79754480,0.90000000,0.00125948,793.97729928,revenue-supported normalized cost units; not measured hashrate
S5B,S5/b,50,27120000,flat,base,reference,152587,10003,6.15228489,854.57304000,1.00000000,90.0,854.57304000,769.11573600,0.70000000,0.00091933,1087.74939806,revenue-supported normalized cost units; not measured hashrate
S5B,S5/b,50,27120000,flat,base,efficient,152587,10003,6.15228489,854.57304000,1.00000000,90.0,854.57304000,769.11573600,0.58000000,0.00076173,1312.80099766,revenue-supported normalized cost units; not measured hashrate
S5B,S5/b,50,27120000,flat,base,high_cost,152587,10003,6.15228489,854.57304000,1.00000000,90.0,854.57304000,769.11573600,0.90000000,0.00118199,846.02730960,revenue-supported normalized cost units; not measured hashrate
S5B,S5/b,50,27120000,flat,high,reference,152587,290698,65.57812694,2329.90596000,1.00000000,90.0,2329.90596000,2096.91536400,0.70000000,0.00033720,2965.63744337,revenue-supported normalized cost units; not measured hashrate
S5B,S5/b,50,27120000,flat,high,efficient,152587,290698,65.57812694,2329.90596000,1.00000000,90.0,2329.90596000,2096.91536400,0.58000000,0.00027939,3579.21760407,revenue-supported normalized cost units; not measured hashrate
S5B,S5/b,50,27120000,flat,high,high_cost,152587,290698,65.57812694,2329.90596000,1.00000000,90.0,2329.90596000,2096.91536400,0.90000000,0.00043354,2306.60690040,revenue-supported normalized cost units; not measured hashrate
S5B,S5/b,50,27120000,growth,low,reference,152587,0,0.00000000,801.99727200,4.38390602,80.0,3515.88066771,2812.70453417,0.70000000,0.00110205,3977.96784118,revenue-supported normalized cost units; not measured hashrate
S5B,S5/b,50,27120000,growth,low,efficient,152587,0,0.00000000,801.99727200,4.38390602,80.0,3515.88066771,2812.70453417,0.58000000,0.00091312,4800.99567039,revenue-supported normalized cost units; not measured hashrate
S5B,S5/b,50,27120000,growth,low,high_cost,152587,0,0.00000000,801.99727200,4.38390602,80.0,3515.88066771,2812.70453417,0.90000000,0.00141692,3093.97498758,revenue-supported normalized cost units; not measured hashrate
S5B,S5/b,50,27120000,growth,base,reference,152587,10003,6.15228489,854.57304000,4.38390602,80.0,3746.36789348,2997.09431478,0.70000000,0.00103425,4238.74767377,revenue-supported normalized cost units; not measured hashrate
S5B,S5/b,50,27120000,growth,base,efficient,152587,10003,6.15228489,854.57304000,4.38390602,80.0,3746.36789348,2997.09431478,0.58000000,0.00085695,5115.72995110,revenue-supported normalized cost units; not measured hashrate
S5B,S5/b,50,27120000,growth,base,high_cost,152587,10003,6.15228489,854.57304000,4.38390602,80.0,3746.36789348,2997.09431478,0.90000000,0.00132974,3296.80374626,revenue-supported normalized cost units; not measured hashrate
S5B,S5/b,50,27120000,growth,high,reference,152587,290698,65.57812694,2329.90596000,4.38390602,80.0,10214.08876107,8171.27100885,0.70000000,0.00037935,11556.51185538,revenue-supported normalized cost units; not measured hashrate
S5B,S5/b,50,27120000,growth,high,efficient,152587,290698,65.57812694,2329.90596000,4.38390602,80.0,10214.08876107,8171.27100885,0.58000000,0.00031431,13947.51430821,revenue-supported normalized cost units; not measured hashrate
S5B,S5/b,50,27120000,growth,high,high_cost,152587,290698,65.57812694,2329.90596000,4.38390602,80.0,10214.08876107,8171.27100885,0.90000000,0.00048773,8988.39810974,revenue-supported normalized cost units; not measured hashrate
S5B,S5/b,100,53400000,stress,low,reference,18,0,0.00000000,0.09460800,0.00592053,70.0,0.00056013,0.00039209,0.70000000,10.67669764,0.00055453,revenue-supported normalized cost units; not measured hashrate
S5B,S5/b,100,53400000,stress,low,efficient,18,0,0.00000000,0.09460800,0.00592053,70.0,0.00056013,0.00039209,0.58000000,8.84640661,0.00066926,revenue-supported normalized cost units; not measured hashrate
S5B,S5/b,100,53400000,stress,low,high_cost,18,0,0.00000000,0.09460800,0.00592053,70.0,0.00056013,0.00039209,0.90000000,13.72718268,0.00043130,revenue-supported normalized cost units; not measured hashrate
S5B,S5/b,100,53400000,stress,base,reference,18,10003,99.82037721,52.67037600,0.00592053,70.0,0.31183650,0.21828555,0.70000000,0.01917778,0.30871814,revenue-supported normalized cost units; not measured hashrate
S5B,S5/b,100,53400000,stress,base,efficient,18,10003,99.82037721,52.67037600,0.00592053,70.0,0.31183650,0.21828555,0.58000000,0.01589016,0.37259085,revenue-supported normalized cost units; not measured hashrate
S5B,S5/b,100,53400000,stress,base,high_cost,18,10003,99.82037721,52.67037600,0.00592053,70.0,0.31183650,0.21828555,0.90000000,0.02465715,0.24011411,revenue-supported normalized cost units; not measured hashrate
S5B,S5/b,100,53400000,stress,high,reference,18,290698,99.99380839,1528.00329600,0.00592053,70.0,9.04658816,6.33261171,0.70000000,0.00066106,8.95612228,revenue-supported normalized cost units; not measured hashrate
S5B,S5/b,100,53400000,stress,high,efficient,18,290698,99.99380839,1528.00329600,0.00592053,70.0,9.04658816,6.33261171,0.58000000,0.00054773,10.80911310,revenue-supported normalized cost units; not measured hashrate
S5B,S5/b,100,53400000,stress,high,high_cost,18,290698,99.99380839,1528.00329600,0.00592053,70.0,9.04658816,6.33261171,0.90000000,0.00084993,6.96587289,revenue-supported normalized cost units; not measured hashrate
S5B,S5/b,100,53400000,flat,low,reference,18,0,0.00000000,0.09460800,1.00000000,90.0,0.09460800,0.08514720,0.70000000,8.30409816,0.12042247,revenue-supported normalized cost units; not measured hashrate
S5B,S5/b,100,53400000,flat,low,efficient,18,0,0.00000000,0.09460800,1.00000000,90.0,0.09460800,0.08514720,0.58000000,6.88053848,0.14533746,revenue-supported normalized cost units; not measured hashrate
S5B,S5/b,100,53400000,flat,low,high_cost,18,0,0.00000000,0.09460800,1.00000000,90.0,0.09460800,0.08514720,0.90000000,10.67669764,0.09366192,revenue-supported normalized cost units; not measured hashrate
S5B,S5/b,100,53400000,flat,base,reference,18,10003,99.82037721,52.67037600,1.00000000,90.0,52.67037600,47.40333840,0.70000000,0.01491605,67.04186431,revenue-supported normalized cost units; not measured hashrate
S5B,S5/b,100,53400000,flat,base,efficient,18,10003,99.82037721,52.67037600,1.00000000,90.0,52.67037600,47.40333840,0.58000000,0.01235902,80.91259486,revenue-supported normalized cost units; not measured hashrate
S5B,S5/b,100,53400000,flat,base,high_cost,18,10003,99.82037721,52.67037600,1.00000000,90.0,52.67037600,47.40333840,0.90000000,0.01917778,52.14367224,revenue-supported normalized cost units; not measured hashrate
S5B,S5/b,100,53400000,flat,high,reference,18,290698,99.99380839,1528.00329600,1.00000000,90.0,1528.00329600,1375.20296640,0.70000000,0.00051416,1944.92990962,revenue-supported normalized cost units; not measured hashrate
S5B,S5/b,100,53400000,flat,high,efficient,18,290698,99.99380839,1528.00329600,1.00000000,90.0,1528.00329600,1375.20296640,0.58000000,0.00042602,2347.32920127,revenue-supported normalized cost units; not measured hashrate
S5B,S5/b,100,53400000,flat,high,high_cost,18,290698,99.99380839,1528.00329600,1.00000000,90.0,1528.00329600,1375.20296640,0.90000000,0.00066106,1512.72326304,revenue-supported normalized cost units; not measured hashrate
S5B,S5/b,100,53400000,growth,low,reference,18,0,0.00000000,0.09460800,19.21863198,80.0,1.81823633,1.45458907,0.70000000,9.34211043,2.05720454,revenue-supported normalized cost units; not measured hashrate
S5B,S5/b,100,53400000,growth,low,efficient,18,0,0.00000000,0.09460800,19.21863198,80.0,1.81823633,1.45458907,0.58000000,7.74060579,2.48283306,revenue-supported normalized cost units; not measured hashrate
S5B,S5/b,100,53400000,growth,low,high_cost,18,0,0.00000000,0.09460800,19.21863198,80.0,1.81823633,1.45458907,0.90000000,12.01128484,1.60004797,revenue-supported normalized cost units; not measured hashrate
S5B,S5/b,100,53400000,growth,base,reference,18,10003,99.82037721,52.67037600,19.21863198,80.0,1012.25257264,809.80205811,0.70000000,0.01678056,1145.29148218,revenue-supported normalized cost units; not measured hashrate
S5B,S5/b,100,53400000,growth,base,efficient,18,10003,99.82037721,52.67037600,19.21863198,80.0,1012.25257264,809.80205811,0.58000000,0.01390389,1382.24834057,revenue-supported normalized cost units; not measured hashrate
S5B,S5/b,100,53400000,growth,base,high_cost,18,10003,99.82037721,52.67037600,19.21863198,80.0,1012.25257264,809.80205811,0.90000000,0.02157501,890.78226392,revenue-supported normalized cost units; not measured hashrate
S5B,S5/b,100,53400000,growth,high,reference,18,290698,99.99380839,1528.00329600,19.21863198,80.0,29366.13301136,23492.90640909,0.70000000,0.00057843,33225.68192142,revenue-supported normalized cost units; not measured hashrate
S5B,S5/b,100,53400000,growth,high,efficient,18,290698,99.99380839,1528.00329600,19.21863198,80.0,29366.13301136,23492.90640909,0.58000000,0.00047927,40099.96093965,revenue-supported normalized cost units; not measured hashrate
S5B,S5/b,100,53400000,growth,high,high_cost,18,290698,99.99380839,1528.00329600,19.21863198,80.0,29366.13301136,23492.90640909,0.90000000,0.00074369,25842.19705000,revenue-supported normalized cost units; not measured hashrate
S5B,S5/b,250,132240000,stress,low,reference,0,0,0.00000000,0.00000000,0.00000270,70.0,0.00000000,0.00000000,0.70000000,0.00000000,0.00000000,revenue-supported normalized cost units; not measured hashrate
S5B,S5/b,250,132240000,stress,low,efficient,0,0,0.00000000,0.00000000,0.00000270,70.0,0.00000000,0.00000000,0.58000000,0.00000000,0.00000000,revenue-supported normalized cost units; not measured hashrate
S5B,S5/b,250,132240000,stress,low,high_cost,0,0,0.00000000,0.00000000,0.00000270,70.0,0.00000000,0.00000000,0.90000000,0.00000000,0.00000000,revenue-supported normalized cost units; not measured hashrate
S5B,S5/b,250,132240000,stress,base,reference,0,10003,100.00000000,52.57576800,0.00000270,70.0,0.00014180,0.00009926,0.70000000,0.01921229,0.00014039,revenue-supported normalized cost units; not measured hashrate
S5B,S5/b,250,132240000,stress,base,efficient,0,10003,100.00000000,52.57576800,0.00000270,70.0,0.00014180,0.00009926,0.58000000,0.01591876,0.00016943,revenue-supported normalized cost units; not measured hashrate
S5B,S5/b,250,132240000,stress,base,high_cost,0,10003,100.00000000,52.57576800,0.00000270,70.0,0.00014180,0.00009926,0.90000000,0.02470152,0.00010919,revenue-supported normalized cost units; not measured hashrate
S5B,S5/b,250,132240000,stress,high,reference,0,290698,100.00000000,1527.90868800,0.00000270,70.0,0.00412096,0.00288467,0.70000000,0.00066110,0.00407975,revenue-supported normalized cost units; not measured hashrate
S5B,S5/b,250,132240000,stress,high,efficient,0,290698,100.00000000,1527.90868800,0.00000270,70.0,0.00412096,0.00288467,0.58000000,0.00054777,0.00492384,revenue-supported normalized cost units; not measured hashrate
S5B,S5/b,250,132240000,stress,high,high_cost,0,290698,100.00000000,1527.90868800,0.00000270,70.0,0.00412096,0.00288467,0.90000000,0.00084999,0.00317314,revenue-supported normalized cost units; not measured hashrate
S5B,S5/b,250,132240000,flat,low,reference,0,0,0.00000000,0.00000000,1.00000000,90.0,0.00000000,0.00000000,0.70000000,0.00000000,0.00000000,revenue-supported normalized cost units; not measured hashrate
S5B,S5/b,250,132240000,flat,low,efficient,0,0,0.00000000,0.00000000,1.00000000,90.0,0.00000000,0.00000000,0.58000000,0.00000000,0.00000000,revenue-supported normalized cost units; not measured hashrate
S5B,S5/b,250,132240000,flat,low,high_cost,0,0,0.00000000,0.00000000,1.00000000,90.0,0.00000000,0.00000000,0.90000000,0.00000000,0.00000000,revenue-supported normalized cost units; not measured hashrate
S5B,S5/b,250,132240000,flat,base,reference,0,10003,100.00000000,52.57576800,1.00000000,90.0,52.57576800,47.31819120,0.70000000,0.01494289,66.92144184,revenue-supported normalized cost units; not measured hashrate
S5B,S5/b,250,132240000,flat,base,efficient,0,10003,100.00000000,52.57576800,1.00000000,90.0,52.57576800,47.31819120,0.58000000,0.01238125,80.76725739,revenue-supported normalized cost units; not measured hashrate
S5B,S5/b,250,132240000,flat,base,high_cost,0,10003,100.00000000,52.57576800,1.00000000,90.0,52.57576800,47.31819120,0.90000000,0.01921229,52.05001032,revenue-supported normalized cost units; not measured hashrate
S5B,S5/b,250,132240000,flat,high,reference,0,290698,100.00000000,1527.90868800,1.00000000,90.0,1527.90868800,1375.11781920,0.70000000,0.00051419,1944.80948715,revenue-supported normalized cost units; not measured hashrate
S5B,S5/b,250,132240000,flat,high,efficient,0,290698,100.00000000,1527.90868800,1.00000000,90.0,1527.90868800,1375.11781920,0.58000000,0.00042604,2347.18386381,revenue-supported normalized cost units; not measured hashrate
S5B,S5/b,250,132240000,flat,high,high_cost,0,290698,100.00000000,1527.90868800,1.00000000,90.0,1527.90868800,1375.11781920,0.90000000,0.00066110,1512.62960112,revenue-supported normalized cost units; not measured hashrate
S5B,S5/b,250,132240000,growth,low,reference,0,0,0.00000000,0.00000000,1619.22118137,80.0,0.00000000,0.00000000,0.70000000,0.00000000,0.00000000,revenue-supported normalized cost units; not measured hashrate
S5B,S5/b,250,132240000,growth,low,efficient,0,0,0.00000000,0.00000000,1619.22118137,80.0,0.00000000,0.00000000,0.58000000,0.00000000,0.00000000,revenue-supported normalized cost units; not measured hashrate
S5B,S5/b,250,132240000,growth,low,high_cost,0,0,0.00000000,0.00000000,1619.22118137,80.0,0.00000000,0.00000000,0.90000000,0.00000000,0.00000000,revenue-supported normalized cost units; not measured hashrate
S5B,S5/b,250,132240000,growth,base,reference,0,10003,100.00000000,52.57576800,1619.22118137,80.0,85131.79717229,68105.43773784,0.70000000,0.01681076,96320.54765780,revenue-supported normalized cost units; not measured hashrate
S5B,S5/b,250,132240000,growth,base,efficient,0,10003,100.00000000,52.57576800,1619.22118137,80.0,85131.79717229,68105.43773784,0.58000000,0.01392891,116248.93682837,revenue-supported normalized cost units; not measured hashrate
S5B,S5/b,250,132240000,growth,base,high_cost,0,10003,100.00000000,52.57576800,1619.22118137,80.0,85131.79717229,68105.43773784,0.90000000,0.02161383,74915.98151162,revenue-supported normalized cost units; not measured hashrate
S5B,S5/b,250,132240000,growth,high,reference,0,290698,100.00000000,1527.90868800,1619.22118137,80.0,2474022.11080593,1979217.68864474,0.70000000,0.00057846,2799179.30251185,revenue-supported normalized cost units; not measured hashrate
S5B,S5/b,250,132240000,growth,high,efficient,0,290698,100.00000000,1527.90868800,1619.22118137,80.0,2474022.11080593,1979217.68864474,0.58000000,0.00047930,3378319.84785913,revenue-supported normalized cost units; not measured hashrate
S5B,S5/b,250,132240000,growth,high,high_cost,0,290698,100.00000000,1527.90868800,1619.22118137,80.0,2474022.11080593,1979217.68864474,0.90000000,0.00074374,2177139.45750922,revenue-supported normalized cost units; not measured hashrate
S5B,S5/b,500,263640000,stress,low,reference,0,0,0.00000000,0.00000000,0.00000000,70.0,0.00000000,0.00000000,0.70000000,0.00000000,0.00000000,revenue-supported normalized cost units; not measured hashrate
S5B,S5/b,500,263640000,stress,low,efficient,0,0,0.00000000,0.00000000,0.00000000,70.0,0.00000000,0.00000000,0.58000000,0.00000000,0.00000000,revenue-supported normalized cost units; not measured hashrate
S5B,S5/b,500,263640000,stress,low,high_cost,0,0,0.00000000,0.00000000,0.00000000,70.0,0.00000000,0.00000000,0.90000000,0.00000000,0.00000000,revenue-supported normalized cost units; not measured hashrate
S5B,S5/b,500,263640000,stress,base,reference,0,10003,100.00000000,52.57576800,0.00000000,70.0,0.00000000,0.00000000,0.70000000,0.01921229,0.00000000,revenue-supported normalized cost units; not measured hashrate
S5B,S5/b,500,263640000,stress,base,efficient,0,10003,100.00000000,52.57576800,0.00000000,70.0,0.00000000,0.00000000,0.58000000,0.01591876,0.00000000,revenue-supported normalized cost units; not measured hashrate
S5B,S5/b,500,263640000,stress,base,high_cost,0,10003,100.00000000,52.57576800,0.00000000,70.0,0.00000000,0.00000000,0.90000000,0.02470152,0.00000000,revenue-supported normalized cost units; not measured hashrate
S5B,S5/b,500,263640000,stress,high,reference,0,290698,100.00000000,1527.90868800,0.00000000,70.0,0.00000001,0.00000001,0.70000000,0.00066110,0.00000001,revenue-supported normalized cost units; not measured hashrate
S5B,S5/b,500,263640000,stress,high,efficient,0,290698,100.00000000,1527.90868800,0.00000000,70.0,0.00000001,0.00000001,0.58000000,0.00054777,0.00000001,revenue-supported normalized cost units; not measured hashrate
S5B,S5/b,500,263640000,stress,high,high_cost,0,290698,100.00000000,1527.90868800,0.00000000,70.0,0.00000001,0.00000001,0.90000000,0.00084999,0.00000001,revenue-supported normalized cost units; not measured hashrate
S5B,S5/b,500,263640000,flat,low,reference,0,0,0.00000000,0.00000000,1.00000000,90.0,0.00000000,0.00000000,0.70000000,0.00000000,0.00000000,revenue-supported normalized cost units; not measured hashrate
S5B,S5/b,500,263640000,flat,low,efficient,0,0,0.00000000,0.00000000,1.00000000,90.0,0.00000000,0.00000000,0.58000000,0.00000000,0.00000000,revenue-supported normalized cost units; not measured hashrate
S5B,S5/b,500,263640000,flat,low,high_cost,0,0,0.00000000,0.00000000,1.00000000,90.0,0.00000000,0.00000000,0.90000000,0.00000000,0.00000000,revenue-supported normalized cost units; not measured hashrate
S5B,S5/b,500,263640000,flat,base,reference,0,10003,100.00000000,52.57576800,1.00000000,90.0,52.57576800,47.31819120,0.70000000,0.01494289,66.92144184,revenue-supported normalized cost units; not measured hashrate
S5B,S5/b,500,263640000,flat,base,efficient,0,10003,100.00000000,52.57576800,1.00000000,90.0,52.57576800,47.31819120,0.58000000,0.01238125,80.76725739,revenue-supported normalized cost units; not measured hashrate
S5B,S5/b,500,263640000,flat,base,high_cost,0,10003,100.00000000,52.57576800,1.00000000,90.0,52.57576800,47.31819120,0.90000000,0.01921229,52.05001032,revenue-supported normalized cost units; not measured hashrate
S5B,S5/b,500,263640000,flat,high,reference,0,290698,100.00000000,1527.90868800,1.00000000,90.0,1527.90868800,1375.11781920,0.70000000,0.00051419,1944.80948715,revenue-supported normalized cost units; not measured hashrate
S5B,S5/b,500,263640000,flat,high,efficient,0,290698,100.00000000,1527.90868800,1.00000000,90.0,1527.90868800,1375.11781920,0.58000000,0.00042604,2347.18386381,revenue-supported normalized cost units; not measured hashrate
S5B,S5/b,500,263640000,flat,high,high_cost,0,290698,100.00000000,1527.90868800,1.00000000,90.0,1527.90868800,1375.11781920,0.90000000,0.00066110,1512.62960112,revenue-supported normalized cost units; not measured hashrate
S5B,S5/b,500,263640000,growth,low,reference,0,0,0.00000000,0.00000000,2621877.23419108,80.0,0.00000000,0.00000000,0.70000000,0.00000000,0.00000000,revenue-supported normalized cost units; not measured hashrate
S5B,S5/b,500,263640000,growth,low,efficient,0,0,0.00000000,0.00000000,2621877.23419108,80.0,0.00000000,0.00000000,0.58000000,0.00000000,0.00000000,revenue-supported normalized cost units; not measured hashrate
S5B,S5/b,500,263640000,growth,low,high_cost,0,0,0.00000000,0.00000000,2621877.23419108,80.0,0.00000000,0.00000000,0.90000000,0.00000000,0.00000000,revenue-supported normalized cost units; not measured hashrate
S5B,S5/b,500,263640000,growth,base,reference,0,10003,100.00000000,52.57576800,2621877.23419108,80.0,137847209.18931171,110277767.35144937,0.70000000,0.01681076,155964270.96847839,revenue-supported normalized cost units; not measured hashrate
S5B,S5/b,500,263640000,growth,base,efficient,0,10003,100.00000000,52.57576800,2621877.23419108,80.0,137847209.18931171,110277767.35144937,0.58000000,0.01392891,188232740.82402565,revenue-supported normalized cost units; not measured hashrate
S5B,S5/b,500,263640000,growth,base,high_cost,0,10003,100.00000000,52.57576800,2621877.23419108,80.0,137847209.18931171,110277767.35144937,0.90000000,0.02161383,121305544.08659430,revenue-supported normalized cost units; not measured hashrate
S5B,S5/b,500,263640000,growth,high,reference,0,290698,100.00000000,1527.90868800,2621877.23419108,80.0,4005989004.98995656,3204791203.99196525,0.70000000,0.00057846,4532490417.07435085,revenue-supported normalized cost units; not measured hashrate
S5B,S5/b,500,263640000,growth,high,efficient,0,290698,100.00000000,1527.90868800,2621877.23419108,80.0,4005989004.98995656,3204791203.99196525,0.58000000,0.00047930,5470247055.08973378,revenue-supported normalized cost units; not measured hashrate
S5B,S5/b,500,263640000,growth,high,high_cost,0,290698,100.00000000,1527.90868800,2621877.23419108,80.0,4005989004.98995656,3204791203.99196525,0.90000000,0.00074374,3525270324.39116177,revenue-supported normalized cost units; not measured hashrate
S6a,S6/a,0,840000,stress,low,reference,400000000,0,0.00000000,2102400.00000000,1.00000000,70.0,2102400.00000000,1471680.00000000,0.70000000,0.00000048,2081376.00000000,revenue-supported normalized cost units; not measured hashrate
S6a,S6/a,0,840000,stress,low,efficient,400000000,0,0.00000000,2102400.00000000,1.00000000,70.0,2102400.00000000,1471680.00000000,0.58000000,0.00000040,2512005.51724138,revenue-supported normalized cost units; not measured hashrate
S6a,S6/a,0,840000,stress,low,high_cost,400000000,0,0.00000000,2102400.00000000,1.00000000,70.0,2102400.00000000,1471680.00000000,0.90000000,0.00000062,1618848.00000000,revenue-supported normalized cost units; not measured hashrate
S6a,S6/a,0,840000,stress,base,reference,400000000,10003,0.00250069,2102452.57576800,1.00000000,70.0,2102452.57576800,1471716.80303760,0.70000000,0.00000048,2081428.05001032,revenue-supported normalized cost units; not measured hashrate
S6a,S6/a,0,840000,stress,base,efficient,400000000,10003,0.00250069,2102452.57576800,1.00000000,70.0,2102452.57576800,1471716.80303760,0.58000000,0.00000040,2512068.33621935,revenue-supported normalized cost units; not measured hashrate
S6a,S6/a,0,840000,stress,base,high_cost,400000000,10003,0.00250069,2102452.57576800,1.00000000,70.0,2102452.57576800,1471716.80303760,0.90000000,0.00000062,1618888.48334136,revenue-supported normalized cost units; not measured hashrate
S6a,S6/a,0,840000,stress,high,reference,400000000,290698,0.07262172,2103927.90868800,1.00000000,70.0,2103927.90868800,1472749.53608160,0.70000000,0.00000048,2082888.62960112,revenue-supported normalized cost units; not measured hashrate
S6a,S6/a,0,840000,stress,high,efficient,400000000,290698,0.07262172,2103927.90868800,1.00000000,70.0,2103927.90868800,1472749.53608160,0.58000000,0.00000040,2513831.10469101,revenue-supported normalized cost units; not measured hashrate
S6a,S6/a,0,840000,stress,high,high_cost,400000000,290698,0.07262172,2103927.90868800,1.00000000,70.0,2103927.90868800,1472749.53608160,0.90000000,0.00000062,1620024.48968976,revenue-supported normalized cost units; not measured hashrate
S6a,S6/a,0,840000,flat,low,reference,400000000,0,0.00000000,2102400.00000000,1.00000000,90.0,2102400.00000000,1892160.00000000,0.70000000,0.00000037,2676054.85714286,revenue-supported normalized cost units; not measured hashrate
S6a,S6/a,0,840000,flat,low,efficient,400000000,0,0.00000000,2102400.00000000,1.00000000,90.0,2102400.00000000,1892160.00000000,0.58000000,0.00000031,3229721.37931034,revenue-supported normalized cost units; not measured hashrate
S6a,S6/a,0,840000,flat,low,high_cost,400000000,0,0.00000000,2102400.00000000,1.00000000,90.0,2102400.00000000,1892160.00000000,0.90000000,0.00000048,2081376.00000000,revenue-supported normalized cost units; not measured hashrate
S6a,S6/a,0,840000,flat,base,reference,400000000,10003,0.00250069,2102452.57576800,1.00000000,90.0,2102452.57576800,1892207.31819120,0.70000000,0.00000037,2676121.77858470,revenue-supported normalized cost units; not measured hashrate
S6a,S6/a,0,840000,flat,base,efficient,400000000,10003,0.00250069,2102452.57576800,1.00000000,90.0,2102452.57576800,1892207.31819120,0.58000000,0.00000031,3229802.14656774,revenue-supported normalized cost units; not measured hashrate
S6a,S6/a,0,840000,flat,base,high_cost,400000000,10003,0.00250069,2102452.57576800,1.00000000,90.0,2102452.57576800,1892207.31819120,0.90000000,0.00000048,2081428.05001032,revenue-supported normalized cost units; not measured hashrate
S6a,S6/a,0,840000,flat,high,reference,400000000,290698,0.07262172,2103927.90868800,1.00000000,90.0,2103927.90868800,1893535.11781920,0.70000000,0.00000037,2677999.66663001,revenue-supported normalized cost units; not measured hashrate
S6a,S6/a,0,840000,flat,high,efficient,400000000,290698,0.07262172,2103927.90868800,1.00000000,90.0,2103927.90868800,1893535.11781920,0.58000000,0.00000031,3232068.56317415,revenue-supported normalized cost units; not measured hashrate
S6a,S6/a,0,840000,flat,high,high_cost,400000000,290698,0.07262172,2103927.90868800,1.00000000,90.0,2103927.90868800,1893535.11781920,0.90000000,0.00000048,2082888.62960112,revenue-supported normalized cost units; not measured hashrate
S6a,S6/a,0,840000,growth,low,reference,400000000,0,0.00000000,2102400.00000000,1.00000000,80.0,2102400.00000000,1681920.00000000,0.70000000,0.00000042,2378715.42857143,revenue-supported normalized cost units; not measured hashrate
S6a,S6/a,0,840000,growth,low,efficient,400000000,0,0.00000000,2102400.00000000,1.00000000,80.0,2102400.00000000,1681920.00000000,0.58000000,0.00000035,2870863.44827586,revenue-supported normalized cost units; not measured hashrate
S6a,S6/a,0,840000,growth,low,high_cost,400000000,0,0.00000000,2102400.00000000,1.00000000,80.0,2102400.00000000,1681920.00000000,0.90000000,0.00000054,1850112.00000000,revenue-supported normalized cost units; not measured hashrate
S6a,S6/a,0,840000,growth,base,reference,400000000,10003,0.00250069,2102452.57576800,1.00000000,80.0,2102452.57576800,1681962.06061440,0.70000000,0.00000042,2378774.91429751,revenue-supported normalized cost units; not measured hashrate
S6a,S6/a,0,840000,growth,base,efficient,400000000,10003,0.00250069,2102452.57576800,1.00000000,80.0,2102452.57576800,1681962.06061440,0.58000000,0.00000035,2870935.24139354,revenue-supported normalized cost units; not measured hashrate
S6a,S6/a,0,840000,growth,base,high_cost,400000000,10003,0.00250069,2102452.57576800,1.00000000,80.0,2102452.57576800,1681962.06061440,0.90000000,0.00000054,1850158.26667584,revenue-supported normalized cost units; not measured hashrate
S6a,S6/a,0,840000,growth,high,reference,400000000,290698,0.07262172,2103927.90868800,1.00000000,80.0,2103927.90868800,1683142.32695040,0.70000000,0.00000042,2380444.14811557,revenue-supported normalized cost units; not measured hashrate
S6a,S6/a,0,840000,growth,high,efficient,400000000,290698,0.07262172,2103927.90868800,1.00000000,80.0,2103927.90868800,1683142.32695040,0.58000000,0.00000035,2872949.83393258,revenue-supported normalized cost units; not measured hashrate
S6a,S6/a,0,840000,growth,high,high_cost,400000000,290698,0.07262172,2103927.90868800,1.00000000,80.0,2103927.90868800,1683142.32695040,0.90000000,0.00000054,1851456.55964544,revenue-supported normalized cost units; not measured hashrate
S6a,S6/a,1,1365600,stress,low,reference,400000000,0,0.00000000,2102400.00000000,0.95000000,70.0,1997280.00000000,1398096.00000000,0.70000000,0.00000048,1977307.20000000,revenue-supported normalized cost units; not measured hashrate
S6a,S6/a,1,1365600,stress,low,efficient,400000000,0,0.00000000,2102400.00000000,0.95000000,70.0,1997280.00000000,1398096.00000000,0.58000000,0.00000040,2386405.24137931,revenue-supported normalized cost units; not measured hashrate
S6a,S6/a,1,1365600,stress,low,high_cost,400000000,0,0.00000000,2102400.00000000,0.95000000,70.0,1997280.00000000,1398096.00000000,0.90000000,0.00000062,1537905.60000000,revenue-supported normalized cost units; not measured hashrate
S6a,S6/a,1,1365600,stress,base,reference,400000000,10003,0.00250069,2102452.57576800,0.95000000,70.0,1997329.94697960,1398130.96288572,0.70000000,0.00000048,1977356.64750980,revenue-supported normalized cost units; not measured hashrate
S6a,S6/a,1,1365600,stress,base,efficient,400000000,10003,0.00250069,2102452.57576800,0.95000000,70.0,1997329.94697960,1398130.96288572,0.58000000,0.00000040,2386464.91940838,revenue-supported normalized cost units; not measured hashrate
S6a,S6/a,1,1365600,stress,base,high_cost,400000000,10003,0.00250069,2102452.57576800,0.95000000,70.0,1997329.94697960,1398130.96288572,0.90000000,0.00000062,1537944.05917429,revenue-supported normalized cost units; not measured hashrate
S6a,S6/a,1,1365600,stress,high,reference,400000000,290698,0.07262172,2103927.90868800,0.95000000,70.0,1998731.51325360,1399112.05927752,0.70000000,0.00000048,1978744.19812106,revenue-supported normalized cost units; not measured hashrate
S6a,S6/a,1,1365600,stress,high,efficient,400000000,290698,0.07262172,2103927.90868800,0.95000000,70.0,1998731.51325360,1399112.05927752,0.58000000,0.00000040,2388139.54945646,revenue-supported normalized cost units; not measured hashrate
S6a,S6/a,1,1365600,stress,high,high_cost,400000000,290698,0.07262172,2103927.90868800,0.95000000,70.0,1998731.51325360,1399112.05927752,0.90000000,0.00000062,1539023.26520527,revenue-supported normalized cost units; not measured hashrate
S6a,S6/a,1,1365600,flat,low,reference,400000000,0,0.00000000,2102400.00000000,1.00000000,90.0,2102400.00000000,1892160.00000000,0.70000000,0.00000037,2676054.85714286,revenue-supported normalized cost units; not measured hashrate
S6a,S6/a,1,1365600,flat,low,efficient,400000000,0,0.00000000,2102400.00000000,1.00000000,90.0,2102400.00000000,1892160.00000000,0.58000000,0.00000031,3229721.37931034,revenue-supported normalized cost units; not measured hashrate
S6a,S6/a,1,1365600,flat,low,high_cost,400000000,0,0.00000000,2102400.00000000,1.00000000,90.0,2102400.00000000,1892160.00000000,0.90000000,0.00000048,2081376.00000000,revenue-supported normalized cost units; not measured hashrate
S6a,S6/a,1,1365600,flat,base,reference,400000000,10003,0.00250069,2102452.57576800,1.00000000,90.0,2102452.57576800,1892207.31819120,0.70000000,0.00000037,2676121.77858470,revenue-supported normalized cost units; not measured hashrate
S6a,S6/a,1,1365600,flat,base,efficient,400000000,10003,0.00250069,2102452.57576800,1.00000000,90.0,2102452.57576800,1892207.31819120,0.58000000,0.00000031,3229802.14656774,revenue-supported normalized cost units; not measured hashrate
S6a,S6/a,1,1365600,flat,base,high_cost,400000000,10003,0.00250069,2102452.57576800,1.00000000,90.0,2102452.57576800,1892207.31819120,0.90000000,0.00000048,2081428.05001032,revenue-supported normalized cost units; not measured hashrate
S6a,S6/a,1,1365600,flat,high,reference,400000000,290698,0.07262172,2103927.90868800,1.00000000,90.0,2103927.90868800,1893535.11781920,0.70000000,0.00000037,2677999.66663001,revenue-supported normalized cost units; not measured hashrate
S6a,S6/a,1,1365600,flat,high,efficient,400000000,290698,0.07262172,2103927.90868800,1.00000000,90.0,2103927.90868800,1893535.11781920,0.58000000,0.00000031,3232068.56317415,revenue-supported normalized cost units; not measured hashrate
S6a,S6/a,1,1365600,flat,high,high_cost,400000000,290698,0.07262172,2103927.90868800,1.00000000,90.0,2103927.90868800,1893535.11781920,0.90000000,0.00000048,2082888.62960112,revenue-supported normalized cost units; not measured hashrate
S6a,S6/a,1,1365600,growth,low,reference,400000000,0,0.00000000,2102400.00000000,1.03000000,80.0,2165472.00000000,1732377.60000000,0.70000000,0.00000042,2450076.89142857,revenue-supported normalized cost units; not measured hashrate
S6a,S6/a,1,1365600,growth,low,efficient,400000000,0,0.00000000,2102400.00000000,1.03000000,80.0,2165472.00000000,1732377.60000000,0.58000000,0.00000035,2956989.35172414,revenue-supported normalized cost units; not measured hashrate
S6a,S6/a,1,1365600,growth,low,high_cost,400000000,0,0.00000000,2102400.00000000,1.03000000,80.0,2165472.00000000,1732377.60000000,0.90000000,0.00000054,1905615.36000000,revenue-supported normalized cost units; not measured hashrate
S6a,S6/a,1,1365600,growth,base,reference,400000000,10003,0.00250069,2102452.57576800,1.03000000,80.0,2165526.15304104,1732420.92243283,0.70000000,0.00000042,2450138.16172643,revenue-supported normalized cost units; not measured hashrate
S6a,S6/a,1,1365600,growth,base,efficient,400000000,10003,0.00250069,2102452.57576800,1.03000000,80.0,2165526.15304104,1732420.92243283,0.58000000,0.00000035,2957063.29863535,revenue-supported normalized cost units; not measured hashrate
S6a,S6/a,1,1365600,growth,base,high_cost,400000000,10003,0.00250069,2102452.57576800,1.03000000,80.0,2165526.15304104,1732420.92243283,0.90000000,0.00000054,1905663.01467612,revenue-supported normalized cost units; not measured hashrate
S6a,S6/a,1,1365600,growth,high,reference,400000000,290698,0.07262172,2103927.90868800,1.03000000,80.0,2167045.74594864,1733636.59675891,0.70000000,0.00000042,2451857.47255903,revenue-supported normalized cost units; not measured hashrate
S6a,S6/a,1,1365600,growth,high,efficient,400000000,290698,0.07262172,2103927.90868800,1.03000000,80.0,2167045.74594864,1733636.59675891,0.58000000,0.00000035,2959138.32895056,revenue-supported normalized cost units; not measured hashrate
S6a,S6/a,1,1365600,growth,high,high_cost,400000000,290698,0.07262172,2103927.90868800,1.03000000,80.0,2167045.74594864,1733636.59675891,0.90000000,0.00000054,1907000.25643480,revenue-supported normalized cost units; not measured hashrate
S6a,S6/a,2,1891200,stress,low,reference,400000000,0,0.00000000,2102400.00000000,0.90250000,70.0,1897416.00000000,1328191.20000000,0.70000000,0.00000048,1878441.84000000,revenue-supported normalized cost units; not measured hashrate
S6a,S6/a,2,1891200,stress,low,efficient,400000000,0,0.00000000,2102400.00000000,0.90250000,70.0,1897416.00000000,1328191.20000000,0.58000000,0.00000040,2267084.97931034,revenue-supported normalized cost units; not measured hashrate
S6a,S6/a,2,1891200,stress,low,high_cost,400000000,0,0.00000000,2102400.00000000,0.90250000,70.0,1897416.00000000,1328191.20000000,0.90000000,0.00000062,1461010.32000000,revenue-supported normalized cost units; not measured hashrate
S6a,S6/a,2,1891200,stress,base,reference,400000000,10003,0.00250069,2102452.57576800,0.90250000,70.0,1897463.44963062,1328224.41474143,0.70000000,0.00000048,1878488.81513431,revenue-supported normalized cost units; not measured hashrate
S6a,S6/a,2,1891200,stress,base,efficient,400000000,10003,0.00250069,2102452.57576800,0.90250000,70.0,1897463.44963062,1328224.41474143,0.58000000,0.00000040,2267141.67343796,revenue-supported normalized cost units; not measured hashrate
S6a,S6/a,2,1891200,stress,base,high_cost,400000000,10003,0.00250069,2102452.57576800,0.90250000,70.0,1897463.44963062,1328224.41474143,0.90000000,0.00000062,1461046.85621558,revenue-supported normalized cost units; not measured hashrate
S6a,S6/a,2,1891200,stress,high,reference,400000000,290698,0.07262172,2103927.90868800,0.90250000,70.0,1898794.93759092,1329156.45631364,0.70000000,0.00000048,1879806.98821501,revenue-supported normalized cost units; not measured hashrate
S6a,S6/a,2,1891200,stress,high,efficient,400000000,290698,0.07262172,2103927.90868800,0.90250000,70.0,1898794.93759092,1329156.45631364,0.58000000,0.00000040,2268732.57198363,revenue-supported normalized cost units; not measured hashrate
S6a,S6/a,2,1891200,stress,high,high_cost,400000000,290698,0.07262172,2103927.90868800,0.90250000,70.0,1898794.93759092,1329156.45631364,0.90000000,0.00000062,1462072.10194501,revenue-supported normalized cost units; not measured hashrate
S6a,S6/a,2,1891200,flat,low,reference,400000000,0,0.00000000,2102400.00000000,1.00000000,90.0,2102400.00000000,1892160.00000000,0.70000000,0.00000037,2676054.85714286,revenue-supported normalized cost units; not measured hashrate
S6a,S6/a,2,1891200,flat,low,efficient,400000000,0,0.00000000,2102400.00000000,1.00000000,90.0,2102400.00000000,1892160.00000000,0.58000000,0.00000031,3229721.37931034,revenue-supported normalized cost units; not measured hashrate
S6a,S6/a,2,1891200,flat,low,high_cost,400000000,0,0.00000000,2102400.00000000,1.00000000,90.0,2102400.00000000,1892160.00000000,0.90000000,0.00000048,2081376.00000000,revenue-supported normalized cost units; not measured hashrate
S6a,S6/a,2,1891200,flat,base,reference,400000000,10003,0.00250069,2102452.57576800,1.00000000,90.0,2102452.57576800,1892207.31819120,0.70000000,0.00000037,2676121.77858470,revenue-supported normalized cost units; not measured hashrate
S6a,S6/a,2,1891200,flat,base,efficient,400000000,10003,0.00250069,2102452.57576800,1.00000000,90.0,2102452.57576800,1892207.31819120,0.58000000,0.00000031,3229802.14656774,revenue-supported normalized cost units; not measured hashrate
S6a,S6/a,2,1891200,flat,base,high_cost,400000000,10003,0.00250069,2102452.57576800,1.00000000,90.0,2102452.57576800,1892207.31819120,0.90000000,0.00000048,2081428.05001032,revenue-supported normalized cost units; not measured hashrate
S6a,S6/a,2,1891200,flat,high,reference,400000000,290698,0.07262172,2103927.90868800,1.00000000,90.0,2103927.90868800,1893535.11781920,0.70000000,0.00000037,2677999.66663001,revenue-supported normalized cost units; not measured hashrate
S6a,S6/a,2,1891200,flat,high,efficient,400000000,290698,0.07262172,2103927.90868800,1.00000000,90.0,2103927.90868800,1893535.11781920,0.58000000,0.00000031,3232068.56317415,revenue-supported normalized cost units; not measured hashrate
S6a,S6/a,2,1891200,flat,high,high_cost,400000000,290698,0.07262172,2103927.90868800,1.00000000,90.0,2103927.90868800,1893535.11781920,0.90000000,0.00000048,2082888.62960112,revenue-supported normalized cost units; not measured hashrate
S6a,S6/a,2,1891200,growth,low,reference,400000000,0,0.00000000,2102400.00000000,1.06090000,80.0,2230436.16000000,1784348.92800000,0.70000000,0.00000042,2523579.19817143,revenue-supported normalized cost units; not measured hashrate
S6a,S6/a,2,1891200,growth,low,efficient,400000000,0,0.00000000,2102400.00000000,1.06090000,80.0,2230436.16000000,1784348.92800000,0.58000000,0.00000035,3045699.03227586,revenue-supported normalized cost units; not measured hashrate
S6a,S6/a,2,1891200,growth,low,high_cost,400000000,0,0.00000000,2102400.00000000,1.06090000,80.0,2230436.16000000,1784348.92800000,0.90000000,0.00000054,1962783.82080000,revenue-supported normalized cost units; not measured hashrate
S6a,S6/a,2,1891200,growth,base,reference,400000000,10003,0.00250069,2102452.57576800,1.06090000,80.0,2230491.93763227,1784393.55010582,0.70000000,0.00000042,2523642.30657823,revenue-supported normalized cost units; not measured hashrate
S6a,S6/a,2,1891200,growth,base,efficient,400000000,10003,0.00250069,2102452.57576800,1.06090000,80.0,2230491.93763227,1784393.55010582,0.58000000,0.00000035,3045775.19759441,revenue-supported normalized cost units; not measured hashrate
S6a,S6/a,2,1891200,growth,base,high_cost,400000000,10003,0.00250069,2102452.57576800,1.06090000,80.0,2230491.93763227,1784393.55010582,0.90000000,0.00000054,1962832.90511640,revenue-supported normalized cost units; not measured hashrate
S6a,S6/a,2,1891200,growth,high,reference,400000000,290698,0.07262172,2103927.90868800,1.06090000,80.0,2232057.11832710,1785645.69466168,0.70000000,0.00000042,2525413.19673580,revenue-supported normalized cost units; not measured hashrate
S6a,S6/a,2,1891200,growth,high,efficient,400000000,290698,0.07262172,2103927.90868800,1.06090000,80.0,2232057.11832710,1785645.69466168,0.58000000,0.00000035,3047912.47881907,revenue-supported normalized cost units; not measured hashrate
S6a,S6/a,2,1891200,growth,high,high_cost,400000000,290698,0.07262172,2103927.90868800,1.06090000,80.0,2232057.11832710,1785645.69466168,0.90000000,0.00000054,1964210.26412785,revenue-supported normalized cost units; not measured hashrate
S6a,S6/a,5,3468000,stress,low,reference,200000000,0,0.00000000,1051200.00000000,0.77378094,70.0,813398.52150000,569378.96505000,0.70000000,0.00000096,805264.53628500,revenue-supported normalized cost units; not measured hashrate
S6a,S6/a,5,3468000,stress,low,efficient,200000000,0,0.00000000,1051200.00000000,0.77378094,70.0,813398.52150000,569378.96505000,0.58000000,0.00000080,971870.99206810,revenue-supported normalized cost units; not measured hashrate
S6a,S6/a,5,3468000,stress,low,high_cost,200000000,0,0.00000000,1051200.00000000,0.77378094,70.0,813398.52150000,569378.96505000,0.90000000,0.00000124,626316.86155500,revenue-supported normalized cost units; not measured hashrate
S6a,S6/a,5,3468000,stress,base,reference,200000000,10003,0.00500125,1051252.57576800,0.77378094,70.0,813439.20362705,569407.44253894,0.70000000,0.00000096,805304.81159078,revenue-supported normalized cost units; not measured hashrate
S6a,S6/a,5,3468000,stress,base,efficient,200000000,10003,0.00500125,1051252.57576800,0.77378094,70.0,813439.20362705,569407.44253894,0.58000000,0.00000080,971919.60019577,revenue-supported normalized cost units; not measured hashrate
S6a,S6/a,5,3468000,stress,base,high_cost,200000000,10003,0.00500125,1051252.57576800,0.77378094,70.0,813439.20362705,569407.44253894,0.90000000,0.00000124,626348.18679283,revenue-supported normalized cost units; not measured hashrate
S6a,S6/a,5,3468000,stress,high,reference,200000000,290698,0.14513804,1052727.90868800,0.77378094,70.0,814580.78811702,570206.55168191,0.70000000,0.00000096,806434.98023584,revenue-supported normalized cost units; not measured hashrate
S6a,S6/a,5,3468000,stress,high,efficient,200000000,290698,0.14513804,1052727.90868800,0.77378094,70.0,814580.78811702,570206.55168191,0.58000000,0.00000080,973283.59683636,revenue-supported normalized cost units; not measured hashrate
S6a,S6/a,5,3468000,stress,high,high_cost,200000000,290698,0.14513804,1052727.90868800,0.77378094,70.0,814580.78811702,570206.55168191,0.90000000,0.00000123,627227.20685010,revenue-supported normalized cost units; not measured hashrate
S6a,S6/a,5,3468000,flat,low,reference,200000000,0,0.00000000,1051200.00000000,1.00000000,90.0,1051200.00000000,946080.00000000,0.70000000,0.00000075,1338027.42857143,revenue-supported normalized cost units; not measured hashrate
S6a,S6/a,5,3468000,flat,low,efficient,200000000,0,0.00000000,1051200.00000000,1.00000000,90.0,1051200.00000000,946080.00000000,0.58000000,0.00000062,1614860.68965517,revenue-supported normalized cost units; not measured hashrate
S6a,S6/a,5,3468000,flat,low,high_cost,200000000,0,0.00000000,1051200.00000000,1.00000000,90.0,1051200.00000000,946080.00000000,0.90000000,0.00000096,1040688.00000000,revenue-supported normalized cost units; not measured hashrate
S6a,S6/a,5,3468000,flat,base,reference,200000000,10003,0.00500125,1051252.57576800,1.00000000,90.0,1051252.57576800,946127.31819120,0.70000000,0.00000075,1338094.35001327,revenue-supported normalized cost units; not measured hashrate
S6a,S6/a,5,3468000,flat,base,efficient,200000000,10003,0.00500125,1051252.57576800,1.00000000,90.0,1051252.57576800,946127.31819120,0.58000000,0.00000062,1614941.45691257,revenue-supported normalized cost units; not measured hashrate
S6a,S6/a,5,3468000,flat,base,high_cost,200000000,10003,0.00500125,1051252.57576800,1.00000000,90.0,1051252.57576800,946127.31819120,0.90000000,0.00000096,1040740.05001032,revenue-supported normalized cost units; not measured hashrate
S6a,S6/a,5,3468000,flat,high,reference,200000000,290698,0.14513804,1052727.90868800,1.00000000,90.0,1052727.90868800,947455.11781920,0.70000000,0.00000075,1339972.23805858,revenue-supported normalized cost units; not measured hashrate
S6a,S6/a,5,3468000,flat,high,efficient,200000000,290698,0.14513804,1052727.90868800,1.00000000,90.0,1052727.90868800,947455.11781920,0.58000000,0.00000062,1617207.87351898,revenue-supported normalized cost units; not measured hashrate
S6a,S6/a,5,3468000,flat,high,high_cost,200000000,290698,0.14513804,1052727.90868800,1.00000000,90.0,1052727.90868800,947455.11781920,0.90000000,0.00000096,1042200.62960112,revenue-supported normalized cost units; not measured hashrate
S6a,S6/a,5,3468000,growth,low,reference,200000000,0,0.00000000,1051200.00000000,1.15927407,80.0,1218628.90690416,974903.12552333,0.70000000,0.00000084,1378791.56324014,revenue-supported normalized cost units; not measured hashrate
S6a,S6/a,5,3468000,growth,low,efficient,200000000,0,0.00000000,1051200.00000000,1.15927407,80.0,1218628.90690416,974903.12552333,0.58000000,0.00000070,1664058.78322085,revenue-supported normalized cost units; not measured hashrate
S6a,S6/a,5,3468000,growth,low,high_cost,200000000,0,0.00000000,1051200.00000000,1.15927407,80.0,1218628.90690416,974903.12552333,0.90000000,0.00000108,1072393.43807566,revenue-supported normalized cost units; not measured hashrate
S6a,S6/a,5,3468000,growth,base,reference,200000000,10003,0.00500125,1051252.57576800,1.15927407,80.0,1218689.85662894,974951.88530315,0.70000000,0.00000084,1378860.52350017,revenue-supported normalized cost units; not measured hashrate
S6a,S6/a,5,3468000,growth,base,efficient,200000000,10003,0.00500125,1051252.57576800,1.15927407,80.0,1218689.85662894,974951.88530315,0.58000000,0.00000070,1664142.01112090,revenue-supported normalized cost units; not measured hashrate
S6a,S6/a,5,3468000,growth,base,high_cost,200000000,10003,0.00500125,1051252.57576800,1.15927407,80.0,1218689.85662894,974951.88530315,0.90000000,0.00000108,1072447.07383347,revenue-supported normalized cost units; not measured hashrate
S6a,S6/a,5,3468000,growth,high,reference,200000000,290698,0.14513804,1052727.90868800,1.15927407,80.0,1220400.17183406,976320.13746724,0.70000000,0.00000084,1380795.62298939,revenue-supported normalized cost units; not measured hashrate
S6a,S6/a,5,3468000,growth,high,efficient,200000000,290698,0.14513804,1052727.90868800,1.15927407,80.0,1220400.17183406,976320.13746724,0.58000000,0.00000070,1666477.47602168,revenue-supported normalized cost units; not measured hashrate
S6a,S6/a,5,3468000,growth,high,high_cost,200000000,290698,0.14513804,1052727.90868800,1.15927407,80.0,1220400.17183406,976320.13746724,0.90000000,0.00000108,1073952.15121397,revenue-supported normalized cost units; not measured hashrate
S6a,S6/a,10,6096000,stress,low,reference,100000000,0,0.00000000,525600.00000000,0.59873694,70.0,314696.13526369,220287.29468458,0.70000000,0.00000192,311549.17391106,revenue-supported normalized cost units; not measured hashrate
S6a,S6/a,10,6096000,stress,low,efficient,100000000,0,0.00000000,525600.00000000,0.59873694,70.0,314696.13526369,220287.29468458,0.58000000,0.00000159,376007.62368576,revenue-supported normalized cost units; not measured hashrate
S6a,S6/a,10,6096000,stress,low,high_cost,100000000,0,0.00000000,525600.00000000,0.59873694,70.0,314696.13526369,220287.29468458,0.90000000,0.00000247,242316.02415304,revenue-supported normalized cost units; not measured hashrate
S6a,S6/a,10,6096000,stress,base,reference,100000000,10003,0.01000200,525652.57576800,0.59873694,70.0,314727.61431810,220309.33002267,0.70000000,0.00000192,311580.33817492,revenue-supported normalized cost units; not measured hashrate
S6a,S6/a,10,6096000,stress,base,efficient,100000000,10003,0.01000200,525652.57576800,0.59873694,70.0,314727.61431810,220309.33002267,0.58000000,0.00000159,376045.23572835,revenue-supported normalized cost units; not measured hashrate
S6a,S6/a,10,6096000,stress,base,high_cost,100000000,10003,0.01000200,525652.57576800,0.59873694,70.0,314727.61431810,220309.33002267,0.90000000,0.00000247,242340.26302494,revenue-supported normalized cost units; not measured hashrate
S6a,S6/a,10,6096000,stress,high,reference,100000000,290698,0.28985540,527127.90868800,0.59873694,70.0,315610.95063498,220927.66544449,0.70000000,0.00000192,312454.84112863,revenue-supported normalized cost units; not measured hashrate
S6a,S6/a,10,6096000,stress,high,efficient,100000000,290698,0.28985540,527127.90868800,0.59873694,70.0,315610.95063498,220927.66544449,0.58000000,0.00000159,377100.67032766,revenue-supported normalized cost units; not measured hashrate
S6a,S6/a,10,6096000,stress,high,high_cost,100000000,290698,0.28985540,527127.90868800,0.59873694,70.0,315610.95063498,220927.66544449,0.90000000,0.00000246,243020.43198894,revenue-supported normalized cost units; not measured hashrate
S6a,S6/a,10,6096000,flat,low,reference,100000000,0,0.00000000,525600.00000000,1.00000000,90.0,525600.00000000,473040.00000000,0.70000000,0.00000149,669013.71428571,revenue-supported normalized cost units; not measured hashrate
S6a,S6/a,10,6096000,flat,low,efficient,100000000,0,0.00000000,525600.00000000,1.00000000,90.0,525600.00000000,473040.00000000,0.58000000,0.00000124,807430.34482759,revenue-supported normalized cost units; not measured hashrate
S6a,S6/a,10,6096000,flat,low,high_cost,100000000,0,0.00000000,525600.00000000,1.00000000,90.0,525600.00000000,473040.00000000,0.90000000,0.00000192,520344.00000000,revenue-supported normalized cost units; not measured hashrate
S6a,S6/a,10,6096000,flat,base,reference,100000000,10003,0.01000200,525652.57576800,1.00000000,90.0,525652.57576800,473087.31819120,0.70000000,0.00000149,669080.63572755,revenue-supported normalized cost units; not measured hashrate
S6a,S6/a,10,6096000,flat,base,efficient,100000000,10003,0.01000200,525652.57576800,1.00000000,90.0,525652.57576800,473087.31819120,0.58000000,0.00000124,807511.11208498,revenue-supported normalized cost units; not measured hashrate
S6a,S6/a,10,6096000,flat,base,high_cost,100000000,10003,0.01000200,525652.57576800,1.00000000,90.0,525652.57576800,473087.31819120,0.90000000,0.00000192,520396.05001032,revenue-supported normalized cost units; not measured hashrate
S6a,S6/a,10,6096000,flat,high,reference,100000000,290698,0.28985540,527127.90868800,1.00000000,90.0,527127.90868800,474415.11781920,0.70000000,0.00000149,670958.52377287,revenue-supported normalized cost units; not measured hashrate
S6a,S6/a,10,6096000,flat,high,efficient,100000000,290698,0.28985540,527127.90868800,1.00000000,90.0,527127.90868800,474415.11781920,0.58000000,0.00000123,809777.52869139,revenue-supported normalized cost units; not measured hashrate
S6a,S6/a,10,6096000,flat,high,high_cost,100000000,290698,0.28985540,527127.90868800,1.00000000,90.0,527127.90868800,474415.11781920,0.90000000,0.00000192,521856.62960112,revenue-supported normalized cost units; not measured hashrate
S6a,S6/a,10,6096000,growth,low,reference,100000000,0,0.00000000,525600.00000000,1.34391638,80.0,706362.44898327,565089.95918662,0.70000000,0.00000168,799198.65656393,revenue-supported normalized cost units; not measured hashrate
S6a,S6/a,10,6096000,growth,low,efficient,100000000,0,0.00000000,525600.00000000,1.34391638,80.0,706362.44898327,565089.95918662,0.58000000,0.00000139,964550.10274957,revenue-supported normalized cost units; not measured hashrate
S6a,S6/a,10,6096000,growth,low,high_cost,100000000,0,0.00000000,525600.00000000,1.34391638,80.0,706362.44898327,565089.95918662,0.90000000,0.00000216,621598.95510528,revenue-supported normalized cost units; not measured hashrate
S6a,S6/a,10,6096000,growth,base,reference,100000000,10003,0.01000200,525652.57576800,1.34391638,80.0,706433.10641904,565146.48513523,0.70000000,0.00000168,799278.60040554,revenue-supported normalized cost units; not measured hashrate
S6a,S6/a,10,6096000,growth,base,efficient,100000000,10003,0.01000200,525652.57576800,1.34391638,80.0,706433.10641904,565146.48513523,0.58000000,0.00000139,964646.58669635,revenue-supported normalized cost units; not measured hashrate
S6a,S6/a,10,6096000,growth,base,high_cost,100000000,10003,0.01000200,525652.57576800,1.34391638,80.0,706433.10641904,565146.48513523,0.90000000,0.00000216,621661.13364876,revenue-supported normalized cost units; not measured hashrate
S6a,S6/a,10,6096000,growth,high,reference,100000000,290698,0.28985540,527127.90868800,1.34391638,80.0,708415.83049522,566732.66439617,0.70000000,0.00000168,801521.91107459,revenue-supported normalized cost units; not measured hashrate
S6a,S6/a,10,6096000,growth,high,efficient,100000000,290698,0.28985540,527127.90868800,1.34391638,80.0,708415.83049522,566732.66439617,0.58000000,0.00000139,967354.03060726,revenue-supported normalized cost units; not measured hashrate
S6a,S6/a,10,6096000,growth,high,high_cost,100000000,290698,0.28985540,527127.90868800,1.34391638,80.0,708415.83049522,566732.66439617,0.90000000,0.00000216,623405.93083579,revenue-supported normalized cost units; not measured hashrate
S6a,S6/a,25,13980000,stress,low,reference,50000000,0,0.00000000,262800.00000000,0.27738957,70.0,72897.97981642,51028.58587149,0.70000000,0.00000384,72169.00001825,revenue-supported normalized cost units; not measured hashrate
S6a,S6/a,25,13980000,stress,low,efficient,50000000,0,0.00000000,262800.00000000,0.27738957,70.0,72897.97981642,51028.58587149,0.58000000,0.00000318,87100.51726341,revenue-supported normalized cost units; not measured hashrate
S6a,S6/a,25,13980000,stress,low,high_cost,50000000,0,0.00000000,262800.00000000,0.27738957,70.0,72897.97981642,51028.58587149,0.90000000,0.00000494,56131.44445864,revenue-supported normalized cost units; not measured hashrate
S6a,S6/a,25,13980000,stress,base,reference,50000000,10003,0.02000200,262852.57576800,0.27738957,70.0,72912.56378626,51038.79465038,0.70000000,0.00000384,72183.43814840,revenue-supported normalized cost units; not measured hashrate
S6a,S6/a,25,13980000,stress,base,efficient,50000000,10003,0.02000200,262852.57576800,0.27738957,70.0,72912.56378626,51038.79465038,0.58000000,0.00000318,87117.94259289,revenue-supported normalized cost units; not measured hashrate
S6a,S6/a,25,13980000,stress,base,high_cost,50000000,10003,0.02000200,262852.57576800,0.27738957,70.0,72912.56378626,51038.79465038,0.90000000,0.00000494,56142.67411542,revenue-supported normalized cost units; not measured hashrate
S6a,S6/a,25,13980000,stress,high,reference,50000000,290698,0.57803533,264327.90868800,0.27738957,70.0,73321.80575515,51325.26402861,0.70000000,0.00000382,72588.58769760,revenue-supported normalized cost units; not measured hashrate
S6a,S6/a,25,13980000,stress,high,efficient,50000000,290698,0.57803533,264327.90868800,0.27738957,70.0,73321.80575515,51325.26402861,0.58000000,0.00000317,87606.91618676,revenue-supported normalized cost units; not measured hashrate
S6a,S6/a,25,13980000,stress,high,high_cost,50000000,290698,0.57803533,264327.90868800,0.27738957,70.0,73321.80575515,51325.26402861,0.90000000,0.00000491,56457.79043147,revenue-supported normalized cost units; not measured hashrate
S6a,S6/a,25,13980000,flat,low,reference,50000000,0,0.00000000,262800.00000000,1.00000000,90.0,262800.00000000,236520.00000000,0.70000000,0.00000299,334506.85714286,revenue-supported normalized cost units; not measured hashrate
S6a,S6/a,25,13980000,flat,low,efficient,50000000,0,0.00000000,262800.00000000,1.00000000,90.0,262800.00000000,236520.00000000,0.58000000,0.00000248,403715.17241379,revenue-supported normalized cost units; not measured hashrate
S6a,S6/a,25,13980000,flat,low,high_cost,50000000,0,0.00000000,262800.00000000,1.00000000,90.0,262800.00000000,236520.00000000,0.90000000,0.00000384,260172.00000000,revenue-supported normalized cost units; not measured hashrate
S6a,S6/a,25,13980000,flat,base,reference,50000000,10003,0.02000200,262852.57576800,1.00000000,90.0,262852.57576800,236567.31819120,0.70000000,0.00000299,334573.77858470,revenue-supported normalized cost units; not measured hashrate
S6a,S6/a,25,13980000,flat,base,efficient,50000000,10003,0.02000200,262852.57576800,1.00000000,90.0,262852.57576800,236567.31819120,0.58000000,0.00000248,403795.93967119,revenue-supported normalized cost units; not measured hashrate
S6a,S6/a,25,13980000,flat,base,high_cost,50000000,10003,0.02000200,262852.57576800,1.00000000,90.0,262852.57576800,236567.31819120,0.90000000,0.00000384,260224.05001032,revenue-supported normalized cost units; not measured hashrate
S6a,S6/a,25,13980000,flat,high,reference,50000000,290698,0.57803533,264327.90868800,1.00000000,90.0,264327.90868800,237895.11781920,0.70000000,0.00000297,336451.66663001,revenue-supported normalized cost units; not measured hashrate
S6a,S6/a,25,13980000,flat,high,efficient,50000000,290698,0.57803533,264327.90868800,1.00000000,90.0,264327.90868800,237895.11781920,0.58000000,0.00000246,406062.35627760,revenue-supported normalized cost units; not measured hashrate
S6a,S6/a,25,13980000,flat,high,high_cost,50000000,290698,0.57803533,264327.90868800,1.00000000,90.0,264327.90868800,237895.11781920,0.90000000,0.00000382,261684.62960112,revenue-supported normalized cost units; not measured hashrate
S6a,S6/a,25,13980000,growth,low,reference,50000000,0,0.00000000,262800.00000000,2.09377793,80.0,550244.83991313,440195.87193050,0.70000000,0.00000336,622562.73315885,revenue-supported normalized cost units; not measured hashrate
S6a,S6/a,25,13980000,growth,low,efficient,50000000,0,0.00000000,262800.00000000,2.09377793,80.0,550244.83991313,440195.87193050,0.58000000,0.00000279,751368.81588137,revenue-supported normalized cost units; not measured hashrate
S6a,S6/a,25,13980000,growth,low,high_cost,50000000,0,0.00000000,262800.00000000,2.09377793,80.0,550244.83991313,440195.87193050,0.90000000,0.00000432,484215.45912355,revenue-supported normalized cost units; not measured hashrate
S6a,S6/a,25,13980000,growth,base,reference,50000000,10003,0.02000200,262852.57576800,2.09377793,80.0,550354.92189580,440283.93751664,0.70000000,0.00000336,622687.28305925,revenue-supported normalized cost units; not measured hashrate
S6a,S6/a,25,13980000,growth,base,efficient,50000000,10003,0.02000200,262852.57576800,2.09377793,80.0,550354.92189580,440283.93751664,0.58000000,0.00000279,751519.13472668,revenue-supported normalized cost units; not measured hashrate
S6a,S6/a,25,13980000,growth,base,high_cost,50000000,10003,0.02000200,262852.57576800,2.09377793,80.0,550354.92189580,440283.93751664,0.90000000,0.00000432,484312.33126830,revenue-supported normalized cost units; not measured hashrate
S6a,S6/a,25,13980000,growth,high,reference,50000000,290698,0.57803533,264327.90868800,2.09377793,80.0,553443.94140259,442755.15312207,0.70000000,0.00000334,626182.28798693,revenue-supported normalized cost units; not measured hashrate
S6a,S6/a,25,13980000,growth,high,efficient,50000000,290698,0.57803533,264327.90868800,2.09377793,80.0,553443.94140259,442755.15312207,0.58000000,0.00000277,755737.24412216,revenue-supported normalized cost units; not measured hashrate
S6a,S6/a,25,13980000,growth,high,high_cost,50000000,290698,0.57803533,264327.90868800,2.09377793,80.0,553443.94140259,442755.15312207,0.90000000,0.00000430,487030.66843428,revenue-supported normalized cost units; not measured hashrate
S6a,S6/a,50,27120000,stress,low,reference,50000000,0,0.00000000,262800.00000000,0.07694498,70.0,20221.13950272,14154.79765190,0.70000000,0.00000384,20018.92810769,revenue-supported normalized cost units; not measured hashrate
S6a,S6/a,50,27120000,stress,low,efficient,50000000,0,0.00000000,262800.00000000,0.07694498,70.0,20221.13950272,14154.79765190,0.58000000,0.00000318,24160.77530239,revenue-supported normalized cost units; not measured hashrate
S6a,S6/a,50,27120000,stress,low,high_cost,50000000,0,0.00000000,262800.00000000,0.07694498,70.0,20221.13950272,14154.79765190,0.90000000,0.00000494,15570.27741709,revenue-supported normalized cost units; not measured hashrate
S6a,S6/a,50,27120000,stress,base,reference,50000000,10003,0.02000200,262852.57576800,0.07694498,70.0,20225.18494389,14157.62946072,0.70000000,0.00000384,20022.93309445,revenue-supported normalized cost units; not measured hashrate
S6a,S6/a,50,27120000,stress,base,efficient,50000000,10003,0.02000200,262852.57576800,0.07694498,70.0,20225.18494389,14157.62946072,0.58000000,0.00000318,24165.60890710,revenue-supported normalized cost units; not measured hashrate
S6a,S6/a,50,27120000,stress,base,high_cost,50000000,10003,0.02000200,262852.57576800,0.07694498,70.0,20225.18494389,14157.62946072,0.90000000,0.00000494,15573.39240679,revenue-supported normalized cost units; not measured hashrate
S6a,S6/a,50,27120000,stress,high,reference,50000000,290698,0.57803533,264327.90868800,0.07694498,70.0,20338.70439894,14237.09307926,0.70000000,0.00000382,20135.31735495,revenue-supported normalized cost units; not measured hashrate
S6a,S6/a,50,27120000,stress,high,efficient,50000000,290698,0.57803533,264327.90868800,0.07694498,70.0,20338.70439894,14237.09307926,0.58000000,0.00000317,24301.24508357,revenue-supported normalized cost units; not measured hashrate
S6a,S6/a,50,27120000,stress,high,high_cost,50000000,290698,0.57803533,264327.90868800,0.07694498,70.0,20338.70439894,14237.09307926,0.90000000,0.00000491,15660.80238719,revenue-supported normalized cost units; not measured hashrate
S6a,S6/a,50,27120000,flat,low,reference,50000000,0,0.00000000,262800.00000000,1.00000000,90.0,262800.00000000,236520.00000000,0.70000000,0.00000299,334506.85714286,revenue-supported normalized cost units; not measured hashrate
S6a,S6/a,50,27120000,flat,low,efficient,50000000,0,0.00000000,262800.00000000,1.00000000,90.0,262800.00000000,236520.00000000,0.58000000,0.00000248,403715.17241379,revenue-supported normalized cost units; not measured hashrate
S6a,S6/a,50,27120000,flat,low,high_cost,50000000,0,0.00000000,262800.00000000,1.00000000,90.0,262800.00000000,236520.00000000,0.90000000,0.00000384,260172.00000000,revenue-supported normalized cost units; not measured hashrate
S6a,S6/a,50,27120000,flat,base,reference,50000000,10003,0.02000200,262852.57576800,1.00000000,90.0,262852.57576800,236567.31819120,0.70000000,0.00000299,334573.77858470,revenue-supported normalized cost units; not measured hashrate
S6a,S6/a,50,27120000,flat,base,efficient,50000000,10003,0.02000200,262852.57576800,1.00000000,90.0,262852.57576800,236567.31819120,0.58000000,0.00000248,403795.93967119,revenue-supported normalized cost units; not measured hashrate
S6a,S6/a,50,27120000,flat,base,high_cost,50000000,10003,0.02000200,262852.57576800,1.00000000,90.0,262852.57576800,236567.31819120,0.90000000,0.00000384,260224.05001032,revenue-supported normalized cost units; not measured hashrate
S6a,S6/a,50,27120000,flat,high,reference,50000000,290698,0.57803533,264327.90868800,1.00000000,90.0,264327.90868800,237895.11781920,0.70000000,0.00000297,336451.66663001,revenue-supported normalized cost units; not measured hashrate
S6a,S6/a,50,27120000,flat,high,efficient,50000000,290698,0.57803533,264327.90868800,1.00000000,90.0,264327.90868800,237895.11781920,0.58000000,0.00000246,406062.35627760,revenue-supported normalized cost units; not measured hashrate
S6a,S6/a,50,27120000,flat,high,high_cost,50000000,290698,0.57803533,264327.90868800,1.00000000,90.0,264327.90868800,237895.11781920,0.90000000,0.00000382,261684.62960112,revenue-supported normalized cost units; not measured hashrate
S6a,S6/a,50,27120000,growth,low,reference,50000000,0,0.00000000,262800.00000000,4.38390602,80.0,1152090.50171622,921672.40137298,0.70000000,0.00000336,1303508.11051321,revenue-supported normalized cost units; not measured hashrate
S6a,S6/a,50,27120000,growth,low,efficient,50000000,0,0.00000000,262800.00000000,4.38390602,80.0,1152090.50171622,921672.40137298,0.58000000,0.00000279,1573199.44372284,revenue-supported normalized cost units; not measured hashrate
S6a,S6/a,50,27120000,growth,low,high_cost,50000000,0,0.00000000,262800.00000000,4.38390602,80.0,1152090.50171622,921672.40137298,0.90000000,0.00000432,1013839.64151028,revenue-supported normalized cost units; not measured hashrate
S6a,S6/a,50,27120000,growth,base,reference,50000000,10003,0.02000200,262852.57576800,4.38390602,80.0,1152320.98894200,921856.79115360,0.70000000,0.00000336,1303768.89034580,revenue-supported normalized cost units; not measured hashrate
S6a,S6/a,50,27120000,growth,base,efficient,50000000,10003,0.02000200,262852.57576800,4.38390602,80.0,1152320.98894200,921856.79115360,0.58000000,0.00000279,1573514.17800355,revenue-supported normalized cost units; not measured hashrate
S6a,S6/a,50,27120000,growth,base,high_cost,50000000,10003,0.02000200,262852.57576800,4.38390602,80.0,1152320.98894200,921856.79115360,0.90000000,0.00000432,1014042.47026896,revenue-supported normalized cost units; not measured hashrate
S6a,S6/a,50,27120000,growth,high,reference,50000000,290698,0.57803533,264327.90868800,4.38390602,80.0,1158788.70980958,927030.96784767,0.70000000,0.00000334,1311086.65452741,revenue-supported normalized cost units; not measured hashrate
S6a,S6/a,50,27120000,growth,high,efficient,50000000,290698,0.57803533,264327.90868800,4.38390602,80.0,1158788.70980958,927030.96784767,0.58000000,0.00000277,1582345.96236067,revenue-supported normalized cost units; not measured hashrate
S6a,S6/a,50,27120000,growth,high,high_cost,50000000,290698,0.57803533,264327.90868800,4.38390602,80.0,1158788.70980958,927030.96784767,0.90000000,0.00000430,1019734.06463243,revenue-supported normalized cost units; not measured hashrate
S6a,S6/a,100,53400000,stress,low,reference,50000000,0,0.00000000,262800.00000000,0.00592053,70.0,1555.91507910,1089.14055537,0.70000000,0.00000384,1540.35592831,revenue-supported normalized cost units; not measured hashrate
S6a,S6/a,100,53400000,stress,low,efficient,50000000,0,0.00000000,262800.00000000,0.00592053,70.0,1555.91507910,1089.14055537,0.58000000,0.00000318,1859.05025831,revenue-supported normalized cost units; not measured hashrate
S6a,S6/a,100,53400000,stress,low,high_cost,50000000,0,0.00000000,262800.00000000,0.00592053,70.0,1555.91507910,1089.14055537,0.90000000,0.00000494,1198.05461091,revenue-supported normalized cost units; not measured hashrate
S6a,S6/a,100,53400000,stress,base,reference,50000000,10003,0.02000200,262852.57576800,0.00592053,70.0,1556.22635547,1089.35844883,0.70000000,0.00000384,1540.66409192,revenue-supported normalized cost units; not measured hashrate
S6a,S6/a,100,53400000,stress,base,efficient,50000000,10003,0.02000200,262852.57576800,0.00592053,70.0,1556.22635547,1089.35844883,0.58000000,0.00000318,1859.42217990,revenue-supported normalized cost units; not measured hashrate
S6a,S6/a,100,53400000,stress,base,high_cost,50000000,10003,0.02000200,262852.57576800,0.00592053,70.0,1556.22635547,1089.35844883,0.90000000,0.00000494,1198.29429372,revenue-supported normalized cost units; not measured hashrate
S6a,S6/a,100,53400000,stress,high,reference,50000000,290698,0.57803533,264327.90868800,0.00592053,70.0,1564.96110714,1095.47277500,0.70000000,0.00000382,1549.31149607,revenue-supported normalized cost units; not measured hashrate
S6a,S6/a,100,53400000,stress,high,efficient,50000000,290698,0.57803533,264327.90868800,0.00592053,70.0,1564.96110714,1095.47277500,0.58000000,0.00000317,1869.85870215,revenue-supported normalized cost units; not measured hashrate
S6a,S6/a,100,53400000,stress,high,high_cost,50000000,290698,0.57803533,264327.90868800,0.00592053,70.0,1564.96110714,1095.47277500,0.90000000,0.00000491,1205.02005250,revenue-supported normalized cost units; not measured hashrate
S6a,S6/a,100,53400000,flat,low,reference,50000000,0,0.00000000,262800.00000000,1.00000000,90.0,262800.00000000,236520.00000000,0.70000000,0.00000299,334506.85714286,revenue-supported normalized cost units; not measured hashrate
S6a,S6/a,100,53400000,flat,low,efficient,50000000,0,0.00000000,262800.00000000,1.00000000,90.0,262800.00000000,236520.00000000,0.58000000,0.00000248,403715.17241379,revenue-supported normalized cost units; not measured hashrate
S6a,S6/a,100,53400000,flat,low,high_cost,50000000,0,0.00000000,262800.00000000,1.00000000,90.0,262800.00000000,236520.00000000,0.90000000,0.00000384,260172.00000000,revenue-supported normalized cost units; not measured hashrate
S6a,S6/a,100,53400000,flat,base,reference,50000000,10003,0.02000200,262852.57576800,1.00000000,90.0,262852.57576800,236567.31819120,0.70000000,0.00000299,334573.77858470,revenue-supported normalized cost units; not measured hashrate
S6a,S6/a,100,53400000,flat,base,efficient,50000000,10003,0.02000200,262852.57576800,1.00000000,90.0,262852.57576800,236567.31819120,0.58000000,0.00000248,403795.93967119,revenue-supported normalized cost units; not measured hashrate
S6a,S6/a,100,53400000,flat,base,high_cost,50000000,10003,0.02000200,262852.57576800,1.00000000,90.0,262852.57576800,236567.31819120,0.90000000,0.00000384,260224.05001032,revenue-supported normalized cost units; not measured hashrate
S6a,S6/a,100,53400000,flat,high,reference,50000000,290698,0.57803533,264327.90868800,1.00000000,90.0,264327.90868800,237895.11781920,0.70000000,0.00000297,336451.66663001,revenue-supported normalized cost units; not measured hashrate
S6a,S6/a,100,53400000,flat,high,efficient,50000000,290698,0.57803533,264327.90868800,1.00000000,90.0,264327.90868800,237895.11781920,0.58000000,0.00000246,406062.35627760,revenue-supported normalized cost units; not measured hashrate
S6a,S6/a,100,53400000,flat,high,high_cost,50000000,290698,0.57803533,264327.90868800,1.00000000,90.0,264327.90868800,237895.11781920,0.90000000,0.00000382,261684.62960112,revenue-supported normalized cost units; not measured hashrate
S6a,S6/a,100,53400000,growth,low,reference,50000000,0,0.00000000,262800.00000000,19.21863198,80.0,5050656.48456902,4040525.18765522,0.70000000,0.00000336,5714457.05111238,revenue-supported normalized cost units; not measured hashrate
S6a,S6/a,100,53400000,growth,low,efficient,50000000,0,0.00000000,262800.00000000,19.21863198,80.0,5050656.48456902,4040525.18765522,0.58000000,0.00000279,6896758.50996322,revenue-supported normalized cost units; not measured hashrate
S6a,S6/a,100,53400000,growth,low,high_cost,50000000,0,0.00000000,262800.00000000,19.21863198,80.0,5050656.48456902,4040525.18765522,0.90000000,0.00000432,4444577.70642074,revenue-supported normalized cost units; not measured hashrate
S6a,S6/a,100,53400000,growth,base,reference,50000000,10003,0.02000200,262852.57576800,19.21863198,80.0,5051666.91890532,4041333.53512426,0.70000000,0.00000336,5715600.28539002,revenue-supported normalized cost units; not measured hashrate
S6a,S6/a,100,53400000,growth,base,efficient,50000000,10003,0.02000200,262852.57576800,19.21863198,80.0,5051666.91890532,4041333.53512426,0.58000000,0.00000279,6898138.27547072,revenue-supported normalized cost units; not measured hashrate
S6a,S6/a,100,53400000,growth,base,high_cost,50000000,10003,0.02000200,262852.57576800,19.21863198,80.0,5051666.91890532,4041333.53512426,0.90000000,0.00000432,4445466.88863669,revenue-supported normalized cost units; not measured hashrate
S6a,S6/a,100,53400000,growth,high,reference,50000000,290698,0.57803533,264327.90868800,19.21863198,80.0,5080020.79934405,4064016.63947524,0.70000000,0.00000334,5747680.67582926,revenue-supported normalized cost units; not measured hashrate
S6a,S6/a,100,53400000,growth,high,efficient,50000000,290698,0.57803533,264327.90868800,19.21863198,80.0,5080020.79934405,4064016.63947524,0.58000000,0.00000277,6936855.98806980,revenue-supported normalized cost units; not measured hashrate
S6a,S6/a,100,53400000,growth,high,high_cost,50000000,290698,0.57803533,264327.90868800,19.21863198,80.0,5080020.79934405,4064016.63947524,0.90000000,0.00000430,4470418.30342276,revenue-supported normalized cost units; not measured hashrate
S6a,S6/a,250,132240000,stress,low,reference,50000000,0,0.00000000,262800.00000000,0.00000270,70.0,0.70880485,0.49616340,0.70000000,0.00000384,0.70171681,revenue-supported normalized cost units; not measured hashrate
S6a,S6/a,250,132240000,stress,low,efficient,50000000,0,0.00000000,262800.00000000,0.00000270,70.0,0.70880485,0.49616340,0.58000000,0.00000318,0.84689959,revenue-supported normalized cost units; not measured hashrate
S6a,S6/a,250,132240000,stress,low,high_cost,50000000,0,0.00000000,262800.00000000,0.00000270,70.0,0.70880485,0.49616340,0.90000000,0.00000494,0.54577974,revenue-supported normalized cost units; not measured hashrate
S6a,S6/a,250,132240000,stress,base,reference,50000000,10003,0.02000200,262852.57576800,0.00000270,70.0,0.70894666,0.49626266,0.70000000,0.00000384,0.70185719,revenue-supported normalized cost units; not measured hashrate
S6a,S6/a,250,132240000,stress,base,efficient,50000000,10003,0.02000200,262852.57576800,0.00000270,70.0,0.70894666,0.49626266,0.58000000,0.00000318,0.84706902,revenue-supported normalized cost units; not measured hashrate
S6a,S6/a,250,132240000,stress,base,high_cost,50000000,10003,0.02000200,262852.57576800,0.00000270,70.0,0.70894666,0.49626266,0.90000000,0.00000494,0.54588893,revenue-supported normalized cost units; not measured hashrate
S6a,S6/a,250,132240000,stress,high,reference,50000000,290698,0.57803533,264327.90868800,0.00000270,70.0,0.71292582,0.49904807,0.70000000,0.00000382,0.70579656,revenue-supported normalized cost units; not measured hashrate
S6a,S6/a,250,132240000,stress,high,efficient,50000000,290698,0.57803533,264327.90868800,0.00000270,70.0,0.71292582,0.49904807,0.58000000,0.00000317,0.85182343,revenue-supported normalized cost units; not measured hashrate
S6a,S6/a,250,132240000,stress,high,high_cost,50000000,290698,0.57803533,264327.90868800,0.00000270,70.0,0.71292582,0.49904807,0.90000000,0.00000491,0.54895288,revenue-supported normalized cost units; not measured hashrate
S6a,S6/a,250,132240000,flat,low,reference,50000000,0,0.00000000,262800.00000000,1.00000000,90.0,262800.00000000,236520.00000000,0.70000000,0.00000299,334506.85714286,revenue-supported normalized cost units; not measured hashrate
S6a,S6/a,250,132240000,flat,low,efficient,50000000,0,0.00000000,262800.00000000,1.00000000,90.0,262800.00000000,236520.00000000,0.58000000,0.00000248,403715.17241379,revenue-supported normalized cost units; not measured hashrate
S6a,S6/a,250,132240000,flat,low,high_cost,50000000,0,0.00000000,262800.00000000,1.00000000,90.0,262800.00000000,236520.00000000,0.90000000,0.00000384,260172.00000000,revenue-supported normalized cost units; not measured hashrate
S6a,S6/a,250,132240000,flat,base,reference,50000000,10003,0.02000200,262852.57576800,1.00000000,90.0,262852.57576800,236567.31819120,0.70000000,0.00000299,334573.77858470,revenue-supported normalized cost units; not measured hashrate
S6a,S6/a,250,132240000,flat,base,efficient,50000000,10003,0.02000200,262852.57576800,1.00000000,90.0,262852.57576800,236567.31819120,0.58000000,0.00000248,403795.93967119,revenue-supported normalized cost units; not measured hashrate
S6a,S6/a,250,132240000,flat,base,high_cost,50000000,10003,0.02000200,262852.57576800,1.00000000,90.0,262852.57576800,236567.31819120,0.90000000,0.00000384,260224.05001032,revenue-supported normalized cost units; not measured hashrate
S6a,S6/a,250,132240000,flat,high,reference,50000000,290698,0.57803533,264327.90868800,1.00000000,90.0,264327.90868800,237895.11781920,0.70000000,0.00000297,336451.66663001,revenue-supported normalized cost units; not measured hashrate
S6a,S6/a,250,132240000,flat,high,efficient,50000000,290698,0.57803533,264327.90868800,1.00000000,90.0,264327.90868800,237895.11781920,0.58000000,0.00000246,406062.35627760,revenue-supported normalized cost units; not measured hashrate
S6a,S6/a,250,132240000,flat,high,high_cost,50000000,290698,0.57803533,264327.90868800,1.00000000,90.0,264327.90868800,237895.11781920,0.90000000,0.00000382,261684.62960112,revenue-supported normalized cost units; not measured hashrate
S6a,S6/a,250,132240000,growth,low,reference,50000000,0,0.00000000,262800.00000000,1619.22118137,80.0,425531326.46353434,340425061.17082747,0.70000000,0.00000336,481458300.79874171,revenue-supported normalized cost units; not measured hashrate
S6a,S6/a,250,132240000,growth,low,efficient,50000000,0,0.00000000,262800.00000000,1619.22118137,80.0,425531326.46353434,340425061.17082747,0.58000000,0.00000279,581070363.03296414,revenue-supported normalized cost units; not measured hashrate
S6a,S6/a,250,132240000,growth,low,high_cost,50000000,0,0.00000000,262800.00000000,1619.22118137,80.0,425531326.46353434,340425061.17082747,0.90000000,0.00000432,374467567.28791022,revenue-supported normalized cost units; not measured hashrate
S6a,S6/a,250,132240000,growth,base,reference,50000000,10003,0.02000200,262852.57576800,1619.22118137,80.0,425616458.26070664,340493166.60856531,0.70000000,0.00000336,481554621.34639951,revenue-supported normalized cost units; not measured hashrate
S6a,S6/a,250,132240000,growth,base,efficient,50000000,10003,0.02000200,262852.57576800,1619.22118137,80.0,425616458.26070664,340493166.60856531,0.58000000,0.00000279,581186611.96979251,revenue-supported normalized cost units; not measured hashrate
S6a,S6/a,250,132240000,growth,base,high_cost,50000000,10003,0.02000200,262852.57576800,1619.22118137,80.0,425616458.26070664,340493166.60856531,0.90000000,0.00000432,374542483.26942184,revenue-supported normalized cost units; not measured hashrate
S6a,S6/a,250,132240000,growth,high,reference,50000000,290698,0.57803533,264327.90868800,1619.22118137,80.0,428005348.57434027,342404278.85947222,0.70000000,0.00000334,484257480.10125356,revenue-supported normalized cost units; not measured hashrate
S6a,S6/a,250,132240000,growth,high,efficient,50000000,290698,0.57803533,264327.90868800,1619.22118137,80.0,428005348.57434027,342404278.85947222,0.58000000,0.00000277,584448682.88082327,revenue-supported normalized cost units; not measured hashrate
S6a,S6/a,250,132240000,growth,high,high_cost,50000000,290698,0.57803533,264327.90868800,1619.22118137,80.0,428005348.57434027,342404278.85947222,0.90000000,0.00000430,376644706.74541944,revenue-supported normalized cost units; not measured hashrate
S6a,S6/a,500,263640000,stress,low,reference,50000000,0,0.00000000,262800.00000000,0.00000000,70.0,0.00000191,0.00000134,0.70000000,0.00000384,0.00000189,revenue-supported normalized cost units; not measured hashrate
S6a,S6/a,500,263640000,stress,low,efficient,50000000,0,0.00000000,262800.00000000,0.00000000,70.0,0.00000191,0.00000134,0.58000000,0.00000318,0.00000228,revenue-supported normalized cost units; not measured hashrate
S6a,S6/a,500,263640000,stress,low,high_cost,50000000,0,0.00000000,262800.00000000,0.00000000,70.0,0.00000191,0.00000134,0.90000000,0.00000494,0.00000147,revenue-supported normalized cost units; not measured hashrate
S6a,S6/a,500,263640000,stress,base,reference,50000000,10003,0.02000200,262852.57576800,0.00000000,70.0,0.00000191,0.00000134,0.70000000,0.00000384,0.00000189,revenue-supported normalized cost units; not measured hashrate
S6a,S6/a,500,263640000,stress,base,efficient,50000000,10003,0.02000200,262852.57576800,0.00000000,70.0,0.00000191,0.00000134,0.58000000,0.00000318,0.00000228,revenue-supported normalized cost units; not measured hashrate
S6a,S6/a,500,263640000,stress,base,high_cost,50000000,10003,0.02000200,262852.57576800,0.00000000,70.0,0.00000191,0.00000134,0.90000000,0.00000494,0.00000147,revenue-supported normalized cost units; not measured hashrate
S6a,S6/a,500,263640000,stress,high,reference,50000000,290698,0.57803533,264327.90868800,0.00000000,70.0,0.00000192,0.00000135,0.70000000,0.00000382,0.00000190,revenue-supported normalized cost units; not measured hashrate
S6a,S6/a,500,263640000,stress,high,efficient,50000000,290698,0.57803533,264327.90868800,0.00000000,70.0,0.00000192,0.00000135,0.58000000,0.00000317,0.00000230,revenue-supported normalized cost units; not measured hashrate
S6a,S6/a,500,263640000,stress,high,high_cost,50000000,290698,0.57803533,264327.90868800,0.00000000,70.0,0.00000192,0.00000135,0.90000000,0.00000491,0.00000148,revenue-supported normalized cost units; not measured hashrate
S6a,S6/a,500,263640000,flat,low,reference,50000000,0,0.00000000,262800.00000000,1.00000000,90.0,262800.00000000,236520.00000000,0.70000000,0.00000299,334506.85714286,revenue-supported normalized cost units; not measured hashrate
S6a,S6/a,500,263640000,flat,low,efficient,50000000,0,0.00000000,262800.00000000,1.00000000,90.0,262800.00000000,236520.00000000,0.58000000,0.00000248,403715.17241379,revenue-supported normalized cost units; not measured hashrate
S6a,S6/a,500,263640000,flat,low,high_cost,50000000,0,0.00000000,262800.00000000,1.00000000,90.0,262800.00000000,236520.00000000,0.90000000,0.00000384,260172.00000000,revenue-supported normalized cost units; not measured hashrate
S6a,S6/a,500,263640000,flat,base,reference,50000000,10003,0.02000200,262852.57576800,1.00000000,90.0,262852.57576800,236567.31819120,0.70000000,0.00000299,334573.77858470,revenue-supported normalized cost units; not measured hashrate
S6a,S6/a,500,263640000,flat,base,efficient,50000000,10003,0.02000200,262852.57576800,1.00000000,90.0,262852.57576800,236567.31819120,0.58000000,0.00000248,403795.93967119,revenue-supported normalized cost units; not measured hashrate
S6a,S6/a,500,263640000,flat,base,high_cost,50000000,10003,0.02000200,262852.57576800,1.00000000,90.0,262852.57576800,236567.31819120,0.90000000,0.00000384,260224.05001032,revenue-supported normalized cost units; not measured hashrate
S6a,S6/a,500,263640000,flat,high,reference,50000000,290698,0.57803533,264327.90868800,1.00000000,90.0,264327.90868800,237895.11781920,0.70000000,0.00000297,336451.66663001,revenue-supported normalized cost units; not measured hashrate
S6a,S6/a,500,263640000,flat,high,efficient,50000000,290698,0.57803533,264327.90868800,1.00000000,90.0,264327.90868800,237895.11781920,0.58000000,0.00000246,406062.35627760,revenue-supported normalized cost units; not measured hashrate
S6a,S6/a,500,263640000,flat,high,high_cost,50000000,290698,0.57803533,264327.90868800,1.00000000,90.0,264327.90868800,237895.11781920,0.90000000,0.00000382,261684.62960112,revenue-supported normalized cost units; not measured hashrate
S6a,S6/a,500,263640000,growth,low,reference,50000000,0,0.00000000,262800.00000000,2621877.23419108,80.0,689029337145.41492487,551223469716.33193990,0.70000000,0.00000336,779587478598.81231500,revenue-supported normalized cost units; not measured hashrate
S6a,S6/a,500,263640000,growth,low,efficient,50000000,0,0.00000000,262800.00000000,2621877.23419108,80.0,689029337145.41492487,551223469716.33193990,0.58000000,0.00000279,940881439688.22175948,revenue-supported normalized cost units; not measured hashrate
S6a,S6/a,500,263640000,growth,low,high_cost,50000000,0,0.00000000,262800.00000000,2621877.23419108,80.0,689029337145.41492487,551223469716.33193990,0.90000000,0.00000432,606345816687.96513389,revenue-supported normalized cost units; not measured hashrate
S6a,S6/a,500,263640000,growth,base,reference,50000000,10003,0.02000200,262852.57576800,2621877.23419108,80.0,689167184354.60423658,551333747483.68338926,0.70000000,0.00000336,779743442869.78079339,revenue-supported normalized cost units; not measured hashrate
S6a,S6/a,500,263640000,growth,base,efficient,50000000,10003,0.02000200,262852.57576800,2621877.23419108,80.0,689167184354.60423658,551333747483.68338926,0.58000000,0.00000279,941069672429.04578512,revenue-supported normalized cost units; not measured hashrate
S6a,S6/a,500,263640000,growth,base,high_cost,50000000,10003,0.02000200,262852.57576800,2621877.23419108,80.0,689167184354.60423658,551333747483.68338926,0.90000000,0.00000432,606467122232.05172819,revenue-supported normalized cost units; not measured hashrate
S6a,S6/a,500,263640000,growth,high,reference,50000000,290698,0.57803533,264327.90868800,2621877.23419108,80.0,693035326150.40488143,554428260920.32390514,0.70000000,0.00000334,784119969015.88666584,revenue-supported normalized cost units; not measured hashrate
S6a,S6/a,500,263640000,growth,high,efficient,50000000,290698,0.57803533,264327.90868800,2621877.23419108,80.0,693035326150.40488143,554428260920.32390514,0.58000000,0.00000277,946351686743.31149326,revenue-supported normalized cost units; not measured hashrate
S6a,S6/a,500,263640000,growth,high,high_cost,50000000,290698,0.57803533,264327.90868800,2621877.23419108,80.0,693035326150.40488143,554428260920.32390514,0.90000000,0.00000430,609871087012.35629566,revenue-supported normalized cost units; not measured hashrate
S6B,S6/b,0,840000,stress,low,reference,400000000,0,0.00000000,2102400.00000000,1.00000000,70.0,2102400.00000000,1471680.00000000,0.70000000,0.00000048,2081376.00000000,revenue-supported normalized cost units; not measured hashrate
S6B,S6/b,0,840000,stress,low,efficient,400000000,0,0.00000000,2102400.00000000,1.00000000,70.0,2102400.00000000,1471680.00000000,0.58000000,0.00000040,2512005.51724138,revenue-supported normalized cost units; not measured hashrate
S6B,S6/b,0,840000,stress,low,high_cost,400000000,0,0.00000000,2102400.00000000,1.00000000,70.0,2102400.00000000,1471680.00000000,0.90000000,0.00000062,1618848.00000000,revenue-supported normalized cost units; not measured hashrate
S6B,S6/b,0,840000,stress,base,reference,400000000,10003,0.00250069,2102452.57576800,1.00000000,70.0,2102452.57576800,1471716.80303760,0.70000000,0.00000048,2081428.05001032,revenue-supported normalized cost units; not measured hashrate
S6B,S6/b,0,840000,stress,base,efficient,400000000,10003,0.00250069,2102452.57576800,1.00000000,70.0,2102452.57576800,1471716.80303760,0.58000000,0.00000040,2512068.33621935,revenue-supported normalized cost units; not measured hashrate
S6B,S6/b,0,840000,stress,base,high_cost,400000000,10003,0.00250069,2102452.57576800,1.00000000,70.0,2102452.57576800,1471716.80303760,0.90000000,0.00000062,1618888.48334136,revenue-supported normalized cost units; not measured hashrate
S6B,S6/b,0,840000,stress,high,reference,400000000,290698,0.07262172,2103927.90868800,1.00000000,70.0,2103927.90868800,1472749.53608160,0.70000000,0.00000048,2082888.62960112,revenue-supported normalized cost units; not measured hashrate
S6B,S6/b,0,840000,stress,high,efficient,400000000,290698,0.07262172,2103927.90868800,1.00000000,70.0,2103927.90868800,1472749.53608160,0.58000000,0.00000040,2513831.10469101,revenue-supported normalized cost units; not measured hashrate
S6B,S6/b,0,840000,stress,high,high_cost,400000000,290698,0.07262172,2103927.90868800,1.00000000,70.0,2103927.90868800,1472749.53608160,0.90000000,0.00000062,1620024.48968976,revenue-supported normalized cost units; not measured hashrate
S6B,S6/b,0,840000,flat,low,reference,400000000,0,0.00000000,2102400.00000000,1.00000000,90.0,2102400.00000000,1892160.00000000,0.70000000,0.00000037,2676054.85714286,revenue-supported normalized cost units; not measured hashrate
S6B,S6/b,0,840000,flat,low,efficient,400000000,0,0.00000000,2102400.00000000,1.00000000,90.0,2102400.00000000,1892160.00000000,0.58000000,0.00000031,3229721.37931034,revenue-supported normalized cost units; not measured hashrate
S6B,S6/b,0,840000,flat,low,high_cost,400000000,0,0.00000000,2102400.00000000,1.00000000,90.0,2102400.00000000,1892160.00000000,0.90000000,0.00000048,2081376.00000000,revenue-supported normalized cost units; not measured hashrate
S6B,S6/b,0,840000,flat,base,reference,400000000,10003,0.00250069,2102452.57576800,1.00000000,90.0,2102452.57576800,1892207.31819120,0.70000000,0.00000037,2676121.77858470,revenue-supported normalized cost units; not measured hashrate
S6B,S6/b,0,840000,flat,base,efficient,400000000,10003,0.00250069,2102452.57576800,1.00000000,90.0,2102452.57576800,1892207.31819120,0.58000000,0.00000031,3229802.14656774,revenue-supported normalized cost units; not measured hashrate
S6B,S6/b,0,840000,flat,base,high_cost,400000000,10003,0.00250069,2102452.57576800,1.00000000,90.0,2102452.57576800,1892207.31819120,0.90000000,0.00000048,2081428.05001032,revenue-supported normalized cost units; not measured hashrate
S6B,S6/b,0,840000,flat,high,reference,400000000,290698,0.07262172,2103927.90868800,1.00000000,90.0,2103927.90868800,1893535.11781920,0.70000000,0.00000037,2677999.66663001,revenue-supported normalized cost units; not measured hashrate
S6B,S6/b,0,840000,flat,high,efficient,400000000,290698,0.07262172,2103927.90868800,1.00000000,90.0,2103927.90868800,1893535.11781920,0.58000000,0.00000031,3232068.56317415,revenue-supported normalized cost units; not measured hashrate
S6B,S6/b,0,840000,flat,high,high_cost,400000000,290698,0.07262172,2103927.90868800,1.00000000,90.0,2103927.90868800,1893535.11781920,0.90000000,0.00000048,2082888.62960112,revenue-supported normalized cost units; not measured hashrate
S6B,S6/b,0,840000,growth,low,reference,400000000,0,0.00000000,2102400.00000000,1.00000000,80.0,2102400.00000000,1681920.00000000,0.70000000,0.00000042,2378715.42857143,revenue-supported normalized cost units; not measured hashrate
S6B,S6/b,0,840000,growth,low,efficient,400000000,0,0.00000000,2102400.00000000,1.00000000,80.0,2102400.00000000,1681920.00000000,0.58000000,0.00000035,2870863.44827586,revenue-supported normalized cost units; not measured hashrate
S6B,S6/b,0,840000,growth,low,high_cost,400000000,0,0.00000000,2102400.00000000,1.00000000,80.0,2102400.00000000,1681920.00000000,0.90000000,0.00000054,1850112.00000000,revenue-supported normalized cost units; not measured hashrate
S6B,S6/b,0,840000,growth,base,reference,400000000,10003,0.00250069,2102452.57576800,1.00000000,80.0,2102452.57576800,1681962.06061440,0.70000000,0.00000042,2378774.91429751,revenue-supported normalized cost units; not measured hashrate
S6B,S6/b,0,840000,growth,base,efficient,400000000,10003,0.00250069,2102452.57576800,1.00000000,80.0,2102452.57576800,1681962.06061440,0.58000000,0.00000035,2870935.24139354,revenue-supported normalized cost units; not measured hashrate
S6B,S6/b,0,840000,growth,base,high_cost,400000000,10003,0.00250069,2102452.57576800,1.00000000,80.0,2102452.57576800,1681962.06061440,0.90000000,0.00000054,1850158.26667584,revenue-supported normalized cost units; not measured hashrate
S6B,S6/b,0,840000,growth,high,reference,400000000,290698,0.07262172,2103927.90868800,1.00000000,80.0,2103927.90868800,1683142.32695040,0.70000000,0.00000042,2380444.14811557,revenue-supported normalized cost units; not measured hashrate
S6B,S6/b,0,840000,growth,high,efficient,400000000,290698,0.07262172,2103927.90868800,1.00000000,80.0,2103927.90868800,1683142.32695040,0.58000000,0.00000035,2872949.83393258,revenue-supported normalized cost units; not measured hashrate
S6B,S6/b,0,840000,growth,high,high_cost,400000000,290698,0.07262172,2103927.90868800,1.00000000,80.0,2103927.90868800,1683142.32695040,0.90000000,0.00000054,1851456.55964544,revenue-supported normalized cost units; not measured hashrate
S6B,S6/b,1,1365600,stress,low,reference,400000000,0,0.00000000,2102400.00000000,0.95000000,70.0,1997280.00000000,1398096.00000000,0.70000000,0.00000048,1977307.20000000,revenue-supported normalized cost units; not measured hashrate
S6B,S6/b,1,1365600,stress,low,efficient,400000000,0,0.00000000,2102400.00000000,0.95000000,70.0,1997280.00000000,1398096.00000000,0.58000000,0.00000040,2386405.24137931,revenue-supported normalized cost units; not measured hashrate
S6B,S6/b,1,1365600,stress,low,high_cost,400000000,0,0.00000000,2102400.00000000,0.95000000,70.0,1997280.00000000,1398096.00000000,0.90000000,0.00000062,1537905.60000000,revenue-supported normalized cost units; not measured hashrate
S6B,S6/b,1,1365600,stress,base,reference,400000000,10003,0.00250069,2102452.57576800,0.95000000,70.0,1997329.94697960,1398130.96288572,0.70000000,0.00000048,1977356.64750980,revenue-supported normalized cost units; not measured hashrate
S6B,S6/b,1,1365600,stress,base,efficient,400000000,10003,0.00250069,2102452.57576800,0.95000000,70.0,1997329.94697960,1398130.96288572,0.58000000,0.00000040,2386464.91940838,revenue-supported normalized cost units; not measured hashrate
S6B,S6/b,1,1365600,stress,base,high_cost,400000000,10003,0.00250069,2102452.57576800,0.95000000,70.0,1997329.94697960,1398130.96288572,0.90000000,0.00000062,1537944.05917429,revenue-supported normalized cost units; not measured hashrate
S6B,S6/b,1,1365600,stress,high,reference,400000000,290698,0.07262172,2103927.90868800,0.95000000,70.0,1998731.51325360,1399112.05927752,0.70000000,0.00000048,1978744.19812106,revenue-supported normalized cost units; not measured hashrate
S6B,S6/b,1,1365600,stress,high,efficient,400000000,290698,0.07262172,2103927.90868800,0.95000000,70.0,1998731.51325360,1399112.05927752,0.58000000,0.00000040,2388139.54945646,revenue-supported normalized cost units; not measured hashrate
S6B,S6/b,1,1365600,stress,high,high_cost,400000000,290698,0.07262172,2103927.90868800,0.95000000,70.0,1998731.51325360,1399112.05927752,0.90000000,0.00000062,1539023.26520527,revenue-supported normalized cost units; not measured hashrate
S6B,S6/b,1,1365600,flat,low,reference,400000000,0,0.00000000,2102400.00000000,1.00000000,90.0,2102400.00000000,1892160.00000000,0.70000000,0.00000037,2676054.85714286,revenue-supported normalized cost units; not measured hashrate
S6B,S6/b,1,1365600,flat,low,efficient,400000000,0,0.00000000,2102400.00000000,1.00000000,90.0,2102400.00000000,1892160.00000000,0.58000000,0.00000031,3229721.37931034,revenue-supported normalized cost units; not measured hashrate
S6B,S6/b,1,1365600,flat,low,high_cost,400000000,0,0.00000000,2102400.00000000,1.00000000,90.0,2102400.00000000,1892160.00000000,0.90000000,0.00000048,2081376.00000000,revenue-supported normalized cost units; not measured hashrate
S6B,S6/b,1,1365600,flat,base,reference,400000000,10003,0.00250069,2102452.57576800,1.00000000,90.0,2102452.57576800,1892207.31819120,0.70000000,0.00000037,2676121.77858470,revenue-supported normalized cost units; not measured hashrate
S6B,S6/b,1,1365600,flat,base,efficient,400000000,10003,0.00250069,2102452.57576800,1.00000000,90.0,2102452.57576800,1892207.31819120,0.58000000,0.00000031,3229802.14656774,revenue-supported normalized cost units; not measured hashrate
S6B,S6/b,1,1365600,flat,base,high_cost,400000000,10003,0.00250069,2102452.57576800,1.00000000,90.0,2102452.57576800,1892207.31819120,0.90000000,0.00000048,2081428.05001032,revenue-supported normalized cost units; not measured hashrate
S6B,S6/b,1,1365600,flat,high,reference,400000000,290698,0.07262172,2103927.90868800,1.00000000,90.0,2103927.90868800,1893535.11781920,0.70000000,0.00000037,2677999.66663001,revenue-supported normalized cost units; not measured hashrate
S6B,S6/b,1,1365600,flat,high,efficient,400000000,290698,0.07262172,2103927.90868800,1.00000000,90.0,2103927.90868800,1893535.11781920,0.58000000,0.00000031,3232068.56317415,revenue-supported normalized cost units; not measured hashrate
S6B,S6/b,1,1365600,flat,high,high_cost,400000000,290698,0.07262172,2103927.90868800,1.00000000,90.0,2103927.90868800,1893535.11781920,0.90000000,0.00000048,2082888.62960112,revenue-supported normalized cost units; not measured hashrate
S6B,S6/b,1,1365600,growth,low,reference,400000000,0,0.00000000,2102400.00000000,1.03000000,80.0,2165472.00000000,1732377.60000000,0.70000000,0.00000042,2450076.89142857,revenue-supported normalized cost units; not measured hashrate
S6B,S6/b,1,1365600,growth,low,efficient,400000000,0,0.00000000,2102400.00000000,1.03000000,80.0,2165472.00000000,1732377.60000000,0.58000000,0.00000035,2956989.35172414,revenue-supported normalized cost units; not measured hashrate
S6B,S6/b,1,1365600,growth,low,high_cost,400000000,0,0.00000000,2102400.00000000,1.03000000,80.0,2165472.00000000,1732377.60000000,0.90000000,0.00000054,1905615.36000000,revenue-supported normalized cost units; not measured hashrate
S6B,S6/b,1,1365600,growth,base,reference,400000000,10003,0.00250069,2102452.57576800,1.03000000,80.0,2165526.15304104,1732420.92243283,0.70000000,0.00000042,2450138.16172643,revenue-supported normalized cost units; not measured hashrate
S6B,S6/b,1,1365600,growth,base,efficient,400000000,10003,0.00250069,2102452.57576800,1.03000000,80.0,2165526.15304104,1732420.92243283,0.58000000,0.00000035,2957063.29863535,revenue-supported normalized cost units; not measured hashrate
S6B,S6/b,1,1365600,growth,base,high_cost,400000000,10003,0.00250069,2102452.57576800,1.03000000,80.0,2165526.15304104,1732420.92243283,0.90000000,0.00000054,1905663.01467612,revenue-supported normalized cost units; not measured hashrate
S6B,S6/b,1,1365600,growth,high,reference,400000000,290698,0.07262172,2103927.90868800,1.03000000,80.0,2167045.74594864,1733636.59675891,0.70000000,0.00000042,2451857.47255903,revenue-supported normalized cost units; not measured hashrate
S6B,S6/b,1,1365600,growth,high,efficient,400000000,290698,0.07262172,2103927.90868800,1.03000000,80.0,2167045.74594864,1733636.59675891,0.58000000,0.00000035,2959138.32895056,revenue-supported normalized cost units; not measured hashrate
S6B,S6/b,1,1365600,growth,high,high_cost,400000000,290698,0.07262172,2103927.90868800,1.03000000,80.0,2167045.74594864,1733636.59675891,0.90000000,0.00000054,1907000.25643480,revenue-supported normalized cost units; not measured hashrate
S6B,S6/b,2,1891200,stress,low,reference,400000000,0,0.00000000,2102400.00000000,0.90250000,70.0,1897416.00000000,1328191.20000000,0.70000000,0.00000048,1878441.84000000,revenue-supported normalized cost units; not measured hashrate
S6B,S6/b,2,1891200,stress,low,efficient,400000000,0,0.00000000,2102400.00000000,0.90250000,70.0,1897416.00000000,1328191.20000000,0.58000000,0.00000040,2267084.97931034,revenue-supported normalized cost units; not measured hashrate
S6B,S6/b,2,1891200,stress,low,high_cost,400000000,0,0.00000000,2102400.00000000,0.90250000,70.0,1897416.00000000,1328191.20000000,0.90000000,0.00000062,1461010.32000000,revenue-supported normalized cost units; not measured hashrate
S6B,S6/b,2,1891200,stress,base,reference,400000000,10003,0.00250069,2102452.57576800,0.90250000,70.0,1897463.44963062,1328224.41474143,0.70000000,0.00000048,1878488.81513431,revenue-supported normalized cost units; not measured hashrate
S6B,S6/b,2,1891200,stress,base,efficient,400000000,10003,0.00250069,2102452.57576800,0.90250000,70.0,1897463.44963062,1328224.41474143,0.58000000,0.00000040,2267141.67343796,revenue-supported normalized cost units; not measured hashrate
S6B,S6/b,2,1891200,stress,base,high_cost,400000000,10003,0.00250069,2102452.57576800,0.90250000,70.0,1897463.44963062,1328224.41474143,0.90000000,0.00000062,1461046.85621558,revenue-supported normalized cost units; not measured hashrate
S6B,S6/b,2,1891200,stress,high,reference,400000000,290698,0.07262172,2103927.90868800,0.90250000,70.0,1898794.93759092,1329156.45631364,0.70000000,0.00000048,1879806.98821501,revenue-supported normalized cost units; not measured hashrate
S6B,S6/b,2,1891200,stress,high,efficient,400000000,290698,0.07262172,2103927.90868800,0.90250000,70.0,1898794.93759092,1329156.45631364,0.58000000,0.00000040,2268732.57198363,revenue-supported normalized cost units; not measured hashrate
S6B,S6/b,2,1891200,stress,high,high_cost,400000000,290698,0.07262172,2103927.90868800,0.90250000,70.0,1898794.93759092,1329156.45631364,0.90000000,0.00000062,1462072.10194501,revenue-supported normalized cost units; not measured hashrate
S6B,S6/b,2,1891200,flat,low,reference,400000000,0,0.00000000,2102400.00000000,1.00000000,90.0,2102400.00000000,1892160.00000000,0.70000000,0.00000037,2676054.85714286,revenue-supported normalized cost units; not measured hashrate
S6B,S6/b,2,1891200,flat,low,efficient,400000000,0,0.00000000,2102400.00000000,1.00000000,90.0,2102400.00000000,1892160.00000000,0.58000000,0.00000031,3229721.37931034,revenue-supported normalized cost units; not measured hashrate
S6B,S6/b,2,1891200,flat,low,high_cost,400000000,0,0.00000000,2102400.00000000,1.00000000,90.0,2102400.00000000,1892160.00000000,0.90000000,0.00000048,2081376.00000000,revenue-supported normalized cost units; not measured hashrate
S6B,S6/b,2,1891200,flat,base,reference,400000000,10003,0.00250069,2102452.57576800,1.00000000,90.0,2102452.57576800,1892207.31819120,0.70000000,0.00000037,2676121.77858470,revenue-supported normalized cost units; not measured hashrate
S6B,S6/b,2,1891200,flat,base,efficient,400000000,10003,0.00250069,2102452.57576800,1.00000000,90.0,2102452.57576800,1892207.31819120,0.58000000,0.00000031,3229802.14656774,revenue-supported normalized cost units; not measured hashrate
S6B,S6/b,2,1891200,flat,base,high_cost,400000000,10003,0.00250069,2102452.57576800,1.00000000,90.0,2102452.57576800,1892207.31819120,0.90000000,0.00000048,2081428.05001032,revenue-supported normalized cost units; not measured hashrate
S6B,S6/b,2,1891200,flat,high,reference,400000000,290698,0.07262172,2103927.90868800,1.00000000,90.0,2103927.90868800,1893535.11781920,0.70000000,0.00000037,2677999.66663001,revenue-supported normalized cost units; not measured hashrate
S6B,S6/b,2,1891200,flat,high,efficient,400000000,290698,0.07262172,2103927.90868800,1.00000000,90.0,2103927.90868800,1893535.11781920,0.58000000,0.00000031,3232068.56317415,revenue-supported normalized cost units; not measured hashrate
S6B,S6/b,2,1891200,flat,high,high_cost,400000000,290698,0.07262172,2103927.90868800,1.00000000,90.0,2103927.90868800,1893535.11781920,0.90000000,0.00000048,2082888.62960112,revenue-supported normalized cost units; not measured hashrate
S6B,S6/b,2,1891200,growth,low,reference,400000000,0,0.00000000,2102400.00000000,1.06090000,80.0,2230436.16000000,1784348.92800000,0.70000000,0.00000042,2523579.19817143,revenue-supported normalized cost units; not measured hashrate
S6B,S6/b,2,1891200,growth,low,efficient,400000000,0,0.00000000,2102400.00000000,1.06090000,80.0,2230436.16000000,1784348.92800000,0.58000000,0.00000035,3045699.03227586,revenue-supported normalized cost units; not measured hashrate
S6B,S6/b,2,1891200,growth,low,high_cost,400000000,0,0.00000000,2102400.00000000,1.06090000,80.0,2230436.16000000,1784348.92800000,0.90000000,0.00000054,1962783.82080000,revenue-supported normalized cost units; not measured hashrate
S6B,S6/b,2,1891200,growth,base,reference,400000000,10003,0.00250069,2102452.57576800,1.06090000,80.0,2230491.93763227,1784393.55010582,0.70000000,0.00000042,2523642.30657823,revenue-supported normalized cost units; not measured hashrate
S6B,S6/b,2,1891200,growth,base,efficient,400000000,10003,0.00250069,2102452.57576800,1.06090000,80.0,2230491.93763227,1784393.55010582,0.58000000,0.00000035,3045775.19759441,revenue-supported normalized cost units; not measured hashrate
S6B,S6/b,2,1891200,growth,base,high_cost,400000000,10003,0.00250069,2102452.57576800,1.06090000,80.0,2230491.93763227,1784393.55010582,0.90000000,0.00000054,1962832.90511640,revenue-supported normalized cost units; not measured hashrate
S6B,S6/b,2,1891200,growth,high,reference,400000000,290698,0.07262172,2103927.90868800,1.06090000,80.0,2232057.11832710,1785645.69466168,0.70000000,0.00000042,2525413.19673580,revenue-supported normalized cost units; not measured hashrate
S6B,S6/b,2,1891200,growth,high,efficient,400000000,290698,0.07262172,2103927.90868800,1.06090000,80.0,2232057.11832710,1785645.69466168,0.58000000,0.00000035,3047912.47881907,revenue-supported normalized cost units; not measured hashrate
S6B,S6/b,2,1891200,growth,high,high_cost,400000000,290698,0.07262172,2103927.90868800,1.06090000,80.0,2232057.11832710,1785645.69466168,0.90000000,0.00000054,1964210.26412785,revenue-supported normalized cost units; not measured hashrate
S6B,S6/b,5,3468000,stress,low,reference,200000000,0,0.00000000,1051200.00000000,0.77378094,70.0,813398.52150000,569378.96505000,0.70000000,0.00000096,805264.53628500,revenue-supported normalized cost units; not measured hashrate
S6B,S6/b,5,3468000,stress,low,efficient,200000000,0,0.00000000,1051200.00000000,0.77378094,70.0,813398.52150000,569378.96505000,0.58000000,0.00000080,971870.99206810,revenue-supported normalized cost units; not measured hashrate
S6B,S6/b,5,3468000,stress,low,high_cost,200000000,0,0.00000000,1051200.00000000,0.77378094,70.0,813398.52150000,569378.96505000,0.90000000,0.00000124,626316.86155500,revenue-supported normalized cost units; not measured hashrate
S6B,S6/b,5,3468000,stress,base,reference,200000000,10003,0.00500125,1051252.57576800,0.77378094,70.0,813439.20362705,569407.44253894,0.70000000,0.00000096,805304.81159078,revenue-supported normalized cost units; not measured hashrate
S6B,S6/b,5,3468000,stress,base,efficient,200000000,10003,0.00500125,1051252.57576800,0.77378094,70.0,813439.20362705,569407.44253894,0.58000000,0.00000080,971919.60019577,revenue-supported normalized cost units; not measured hashrate
S6B,S6/b,5,3468000,stress,base,high_cost,200000000,10003,0.00500125,1051252.57576800,0.77378094,70.0,813439.20362705,569407.44253894,0.90000000,0.00000124,626348.18679283,revenue-supported normalized cost units; not measured hashrate
S6B,S6/b,5,3468000,stress,high,reference,200000000,290698,0.14513804,1052727.90868800,0.77378094,70.0,814580.78811702,570206.55168191,0.70000000,0.00000096,806434.98023584,revenue-supported normalized cost units; not measured hashrate
S6B,S6/b,5,3468000,stress,high,efficient,200000000,290698,0.14513804,1052727.90868800,0.77378094,70.0,814580.78811702,570206.55168191,0.58000000,0.00000080,973283.59683636,revenue-supported normalized cost units; not measured hashrate
S6B,S6/b,5,3468000,stress,high,high_cost,200000000,290698,0.14513804,1052727.90868800,0.77378094,70.0,814580.78811702,570206.55168191,0.90000000,0.00000123,627227.20685010,revenue-supported normalized cost units; not measured hashrate
S6B,S6/b,5,3468000,flat,low,reference,200000000,0,0.00000000,1051200.00000000,1.00000000,90.0,1051200.00000000,946080.00000000,0.70000000,0.00000075,1338027.42857143,revenue-supported normalized cost units; not measured hashrate
S6B,S6/b,5,3468000,flat,low,efficient,200000000,0,0.00000000,1051200.00000000,1.00000000,90.0,1051200.00000000,946080.00000000,0.58000000,0.00000062,1614860.68965517,revenue-supported normalized cost units; not measured hashrate
S6B,S6/b,5,3468000,flat,low,high_cost,200000000,0,0.00000000,1051200.00000000,1.00000000,90.0,1051200.00000000,946080.00000000,0.90000000,0.00000096,1040688.00000000,revenue-supported normalized cost units; not measured hashrate
S6B,S6/b,5,3468000,flat,base,reference,200000000,10003,0.00500125,1051252.57576800,1.00000000,90.0,1051252.57576800,946127.31819120,0.70000000,0.00000075,1338094.35001327,revenue-supported normalized cost units; not measured hashrate
S6B,S6/b,5,3468000,flat,base,efficient,200000000,10003,0.00500125,1051252.57576800,1.00000000,90.0,1051252.57576800,946127.31819120,0.58000000,0.00000062,1614941.45691257,revenue-supported normalized cost units; not measured hashrate
S6B,S6/b,5,3468000,flat,base,high_cost,200000000,10003,0.00500125,1051252.57576800,1.00000000,90.0,1051252.57576800,946127.31819120,0.90000000,0.00000096,1040740.05001032,revenue-supported normalized cost units; not measured hashrate
S6B,S6/b,5,3468000,flat,high,reference,200000000,290698,0.14513804,1052727.90868800,1.00000000,90.0,1052727.90868800,947455.11781920,0.70000000,0.00000075,1339972.23805858,revenue-supported normalized cost units; not measured hashrate
S6B,S6/b,5,3468000,flat,high,efficient,200000000,290698,0.14513804,1052727.90868800,1.00000000,90.0,1052727.90868800,947455.11781920,0.58000000,0.00000062,1617207.87351898,revenue-supported normalized cost units; not measured hashrate
S6B,S6/b,5,3468000,flat,high,high_cost,200000000,290698,0.14513804,1052727.90868800,1.00000000,90.0,1052727.90868800,947455.11781920,0.90000000,0.00000096,1042200.62960112,revenue-supported normalized cost units; not measured hashrate
S6B,S6/b,5,3468000,growth,low,reference,200000000,0,0.00000000,1051200.00000000,1.15927407,80.0,1218628.90690416,974903.12552333,0.70000000,0.00000084,1378791.56324014,revenue-supported normalized cost units; not measured hashrate
S6B,S6/b,5,3468000,growth,low,efficient,200000000,0,0.00000000,1051200.00000000,1.15927407,80.0,1218628.90690416,974903.12552333,0.58000000,0.00000070,1664058.78322085,revenue-supported normalized cost units; not measured hashrate
S6B,S6/b,5,3468000,growth,low,high_cost,200000000,0,0.00000000,1051200.00000000,1.15927407,80.0,1218628.90690416,974903.12552333,0.90000000,0.00000108,1072393.43807566,revenue-supported normalized cost units; not measured hashrate
S6B,S6/b,5,3468000,growth,base,reference,200000000,10003,0.00500125,1051252.57576800,1.15927407,80.0,1218689.85662894,974951.88530315,0.70000000,0.00000084,1378860.52350017,revenue-supported normalized cost units; not measured hashrate
S6B,S6/b,5,3468000,growth,base,efficient,200000000,10003,0.00500125,1051252.57576800,1.15927407,80.0,1218689.85662894,974951.88530315,0.58000000,0.00000070,1664142.01112090,revenue-supported normalized cost units; not measured hashrate
S6B,S6/b,5,3468000,growth,base,high_cost,200000000,10003,0.00500125,1051252.57576800,1.15927407,80.0,1218689.85662894,974951.88530315,0.90000000,0.00000108,1072447.07383347,revenue-supported normalized cost units; not measured hashrate
S6B,S6/b,5,3468000,growth,high,reference,200000000,290698,0.14513804,1052727.90868800,1.15927407,80.0,1220400.17183406,976320.13746724,0.70000000,0.00000084,1380795.62298939,revenue-supported normalized cost units; not measured hashrate
S6B,S6/b,5,3468000,growth,high,efficient,200000000,290698,0.14513804,1052727.90868800,1.15927407,80.0,1220400.17183406,976320.13746724,0.58000000,0.00000070,1666477.47602168,revenue-supported normalized cost units; not measured hashrate
S6B,S6/b,5,3468000,growth,high,high_cost,200000000,290698,0.14513804,1052727.90868800,1.15927407,80.0,1220400.17183406,976320.13746724,0.90000000,0.00000108,1073952.15121397,revenue-supported normalized cost units; not measured hashrate
S6B,S6/b,10,6096000,stress,low,reference,100000000,0,0.00000000,525600.00000000,0.59873694,70.0,314696.13526369,220287.29468458,0.70000000,0.00000192,311549.17391106,revenue-supported normalized cost units; not measured hashrate
S6B,S6/b,10,6096000,stress,low,efficient,100000000,0,0.00000000,525600.00000000,0.59873694,70.0,314696.13526369,220287.29468458,0.58000000,0.00000159,376007.62368576,revenue-supported normalized cost units; not measured hashrate
S6B,S6/b,10,6096000,stress,low,high_cost,100000000,0,0.00000000,525600.00000000,0.59873694,70.0,314696.13526369,220287.29468458,0.90000000,0.00000247,242316.02415304,revenue-supported normalized cost units; not measured hashrate
S6B,S6/b,10,6096000,stress,base,reference,100000000,10003,0.01000200,525652.57576800,0.59873694,70.0,314727.61431810,220309.33002267,0.70000000,0.00000192,311580.33817492,revenue-supported normalized cost units; not measured hashrate
S6B,S6/b,10,6096000,stress,base,efficient,100000000,10003,0.01000200,525652.57576800,0.59873694,70.0,314727.61431810,220309.33002267,0.58000000,0.00000159,376045.23572835,revenue-supported normalized cost units; not measured hashrate
S6B,S6/b,10,6096000,stress,base,high_cost,100000000,10003,0.01000200,525652.57576800,0.59873694,70.0,314727.61431810,220309.33002267,0.90000000,0.00000247,242340.26302494,revenue-supported normalized cost units; not measured hashrate
S6B,S6/b,10,6096000,stress,high,reference,100000000,290698,0.28985540,527127.90868800,0.59873694,70.0,315610.95063498,220927.66544449,0.70000000,0.00000192,312454.84112863,revenue-supported normalized cost units; not measured hashrate
S6B,S6/b,10,6096000,stress,high,efficient,100000000,290698,0.28985540,527127.90868800,0.59873694,70.0,315610.95063498,220927.66544449,0.58000000,0.00000159,377100.67032766,revenue-supported normalized cost units; not measured hashrate
S6B,S6/b,10,6096000,stress,high,high_cost,100000000,290698,0.28985540,527127.90868800,0.59873694,70.0,315610.95063498,220927.66544449,0.90000000,0.00000246,243020.43198894,revenue-supported normalized cost units; not measured hashrate
S6B,S6/b,10,6096000,flat,low,reference,100000000,0,0.00000000,525600.00000000,1.00000000,90.0,525600.00000000,473040.00000000,0.70000000,0.00000149,669013.71428571,revenue-supported normalized cost units; not measured hashrate
S6B,S6/b,10,6096000,flat,low,efficient,100000000,0,0.00000000,525600.00000000,1.00000000,90.0,525600.00000000,473040.00000000,0.58000000,0.00000124,807430.34482759,revenue-supported normalized cost units; not measured hashrate
S6B,S6/b,10,6096000,flat,low,high_cost,100000000,0,0.00000000,525600.00000000,1.00000000,90.0,525600.00000000,473040.00000000,0.90000000,0.00000192,520344.00000000,revenue-supported normalized cost units; not measured hashrate
S6B,S6/b,10,6096000,flat,base,reference,100000000,10003,0.01000200,525652.57576800,1.00000000,90.0,525652.57576800,473087.31819120,0.70000000,0.00000149,669080.63572755,revenue-supported normalized cost units; not measured hashrate
S6B,S6/b,10,6096000,flat,base,efficient,100000000,10003,0.01000200,525652.57576800,1.00000000,90.0,525652.57576800,473087.31819120,0.58000000,0.00000124,807511.11208498,revenue-supported normalized cost units; not measured hashrate
S6B,S6/b,10,6096000,flat,base,high_cost,100000000,10003,0.01000200,525652.57576800,1.00000000,90.0,525652.57576800,473087.31819120,0.90000000,0.00000192,520396.05001032,revenue-supported normalized cost units; not measured hashrate
S6B,S6/b,10,6096000,flat,high,reference,100000000,290698,0.28985540,527127.90868800,1.00000000,90.0,527127.90868800,474415.11781920,0.70000000,0.00000149,670958.52377287,revenue-supported normalized cost units; not measured hashrate
S6B,S6/b,10,6096000,flat,high,efficient,100000000,290698,0.28985540,527127.90868800,1.00000000,90.0,527127.90868800,474415.11781920,0.58000000,0.00000123,809777.52869139,revenue-supported normalized cost units; not measured hashrate
S6B,S6/b,10,6096000,flat,high,high_cost,100000000,290698,0.28985540,527127.90868800,1.00000000,90.0,527127.90868800,474415.11781920,0.90000000,0.00000192,521856.62960112,revenue-supported normalized cost units; not measured hashrate
S6B,S6/b,10,6096000,growth,low,reference,100000000,0,0.00000000,525600.00000000,1.34391638,80.0,706362.44898327,565089.95918662,0.70000000,0.00000168,799198.65656393,revenue-supported normalized cost units; not measured hashrate
S6B,S6/b,10,6096000,growth,low,efficient,100000000,0,0.00000000,525600.00000000,1.34391638,80.0,706362.44898327,565089.95918662,0.58000000,0.00000139,964550.10274957,revenue-supported normalized cost units; not measured hashrate
S6B,S6/b,10,6096000,growth,low,high_cost,100000000,0,0.00000000,525600.00000000,1.34391638,80.0,706362.44898327,565089.95918662,0.90000000,0.00000216,621598.95510528,revenue-supported normalized cost units; not measured hashrate
S6B,S6/b,10,6096000,growth,base,reference,100000000,10003,0.01000200,525652.57576800,1.34391638,80.0,706433.10641904,565146.48513523,0.70000000,0.00000168,799278.60040554,revenue-supported normalized cost units; not measured hashrate
S6B,S6/b,10,6096000,growth,base,efficient,100000000,10003,0.01000200,525652.57576800,1.34391638,80.0,706433.10641904,565146.48513523,0.58000000,0.00000139,964646.58669635,revenue-supported normalized cost units; not measured hashrate
S6B,S6/b,10,6096000,growth,base,high_cost,100000000,10003,0.01000200,525652.57576800,1.34391638,80.0,706433.10641904,565146.48513523,0.90000000,0.00000216,621661.13364876,revenue-supported normalized cost units; not measured hashrate
S6B,S6/b,10,6096000,growth,high,reference,100000000,290698,0.28985540,527127.90868800,1.34391638,80.0,708415.83049522,566732.66439617,0.70000000,0.00000168,801521.91107459,revenue-supported normalized cost units; not measured hashrate
S6B,S6/b,10,6096000,growth,high,efficient,100000000,290698,0.28985540,527127.90868800,1.34391638,80.0,708415.83049522,566732.66439617,0.58000000,0.00000139,967354.03060726,revenue-supported normalized cost units; not measured hashrate
S6B,S6/b,10,6096000,growth,high,high_cost,100000000,290698,0.28985540,527127.90868800,1.34391638,80.0,708415.83049522,566732.66439617,0.90000000,0.00000216,623405.93083579,revenue-supported normalized cost units; not measured hashrate
S6B,S6/b,25,13980000,stress,low,reference,60000000,0,0.00000000,315360.00000000,0.27738957,70.0,87477.57577970,61234.30304579,0.70000000,0.00000320,86602.80002190,revenue-supported normalized cost units; not measured hashrate
S6B,S6/b,25,13980000,stress,low,efficient,60000000,0,0.00000000,315360.00000000,0.27738957,70.0,87477.57577970,61234.30304579,0.58000000,0.00000265,104520.62071609,revenue-supported normalized cost units; not measured hashrate
S6B,S6/b,25,13980000,stress,low,high_cost,60000000,0,0.00000000,315360.00000000,0.27738957,70.0,87477.57577970,61234.30304579,0.90000000,0.00000412,67357.73335037,revenue-supported normalized cost units; not measured hashrate
S6B,S6/b,25,13980000,stress,base,reference,60000000,10003,0.01666889,315412.57576800,0.27738957,70.0,87492.15974954,61244.51182468,0.70000000,0.00000320,86617.23815205,revenue-supported normalized cost units; not measured hashrate
S6B,S6/b,25,13980000,stress,base,efficient,60000000,10003,0.01666889,315412.57576800,0.27738957,70.0,87492.15974954,61244.51182468,0.58000000,0.00000265,104538.04604558,revenue-supported normalized cost units; not measured hashrate
S6B,S6/b,25,13980000,stress,base,high_cost,60000000,10003,0.01666889,315412.57576800,0.27738957,70.0,87492.15974954,61244.51182468,0.90000000,0.00000412,67368.96300715,revenue-supported normalized cost units; not measured hashrate
S6B,S6/b,25,13980000,stress,high,reference,60000000,290698,0.48216061,316887.90868800,0.27738957,70.0,87901.40171844,61530.98120290,0.70000000,0.00000319,87022.38770125,revenue-supported normalized cost units; not measured hashrate
S6B,S6/b,25,13980000,stress,high,efficient,60000000,290698,0.48216061,316887.90868800,0.27738957,70.0,87901.40171844,61530.98120290,0.58000000,0.00000264,105027.01963944,revenue-supported normalized cost units; not measured hashrate
S6B,S6/b,25,13980000,stress,high,high_cost,60000000,290698,0.48216061,316887.90868800,0.27738957,70.0,87901.40171844,61530.98120290,0.90000000,0.00000410,67684.07932319,revenue-supported normalized cost units; not measured hashrate
S6B,S6/b,25,13980000,flat,low,reference,60000000,0,0.00000000,315360.00000000,1.00000000,90.0,315360.00000000,283824.00000000,0.70000000,0.00000249,401408.22857143,revenue-supported normalized cost units; not measured hashrate
S6B,S6/b,25,13980000,flat,low,efficient,60000000,0,0.00000000,315360.00000000,1.00000000,90.0,315360.00000000,283824.00000000,0.58000000,0.00000206,484458.20689655,revenue-supported normalized cost units; not measured hashrate
S6B,S6/b,25,13980000,flat,low,high_cost,60000000,0,0.00000000,315360.00000000,1.00000000,90.0,315360.00000000,283824.00000000,0.90000000,0.00000320,312206.40000000,revenue-supported normalized cost units; not measured hashrate
S6B,S6/b,25,13980000,flat,base,reference,60000000,10003,0.01666889,315412.57576800,1.00000000,90.0,315412.57576800,283871.31819120,0.70000000,0.00000249,401475.15001327,revenue-supported normalized cost units; not measured hashrate
S6B,S6/b,25,13980000,flat,base,efficient,60000000,10003,0.01666889,315412.57576800,1.00000000,90.0,315412.57576800,283871.31819120,0.58000000,0.00000206,484538.97415394,revenue-supported normalized cost units; not measured hashrate
S6B,S6/b,25,13980000,flat,base,high_cost,60000000,10003,0.01666889,315412.57576800,1.00000000,90.0,315412.57576800,283871.31819120,0.90000000,0.00000320,312258.45001032,revenue-supported normalized cost units; not measured hashrate
S6B,S6/b,25,13980000,flat,high,reference,60000000,290698,0.48216061,316887.90868800,1.00000000,90.0,316887.90868800,285199.11781920,0.70000000,0.00000248,403353.03805858,revenue-supported normalized cost units; not measured hashrate
S6B,S6/b,25,13980000,flat,high,efficient,60000000,290698,0.48216061,316887.90868800,1.00000000,90.0,316887.90868800,285199.11781920,0.58000000,0.00000205,486805.39076036,revenue-supported normalized cost units; not measured hashrate
S6B,S6/b,25,13980000,flat,high,high_cost,60000000,290698,0.48216061,316887.90868800,1.00000000,90.0,316887.90868800,285199.11781920,0.90000000,0.00000319,313719.02960112,revenue-supported normalized cost units; not measured hashrate
S6B,S6/b,25,13980000,growth,low,reference,60000000,0,0.00000000,315360.00000000,2.09377793,80.0,660293.80789575,528235.04631660,0.70000000,0.00000280,747075.27979062,revenue-supported normalized cost units; not measured hashrate
S6B,S6/b,25,13980000,growth,low,efficient,60000000,0,0.00000000,315360.00000000,2.09377793,80.0,660293.80789575,528235.04631660,0.58000000,0.00000232,901642.57905765,revenue-supported normalized cost units; not measured hashrate
S6B,S6/b,25,13980000,growth,low,high_cost,60000000,0,0.00000000,315360.00000000,2.09377793,80.0,660293.80789575,528235.04631660,0.90000000,0.00000360,581058.55094826,revenue-supported normalized cost units; not measured hashrate
S6B,S6/b,25,13980000,growth,base,reference,60000000,10003,0.01666889,315412.57576800,2.09377793,80.0,660403.88987843,528323.11190274,0.70000000,0.00000280,747199.82969102,revenue-supported normalized cost units; not measured hashrate
S6B,S6/b,25,13980000,growth,base,efficient,60000000,10003,0.01666889,315412.57576800,2.09377793,80.0,660403.88987843,528323.11190274,0.58000000,0.00000232,901792.89790295,revenue-supported normalized cost units; not measured hashrate
S6B,S6/b,25,13980000,growth,base,high_cost,60000000,10003,0.01666889,315412.57576800,2.09377793,80.0,660403.88987843,528323.11190274,0.90000000,0.00000360,581155.42309302,revenue-supported normalized cost units; not measured hashrate
S6B,S6/b,25,13980000,growth,high,reference,60000000,290698,0.48216061,316887.90868800,2.09377793,80.0,663492.90938521,530794.32750817,0.70000000,0.00000279,750694.83461870,revenue-supported normalized cost units; not measured hashrate
S6B,S6/b,25,13980000,growth,high,efficient,60000000,290698,0.48216061,316887.90868800,2.09377793,80.0,663492.90938521,530794.32750817,0.58000000,0.00000231,906011.00729843,revenue-supported normalized cost units; not measured hashrate
S6B,S6/b,25,13980000,growth,high,high_cost,60000000,290698,0.48216061,316887.90868800,2.09377793,80.0,663492.90938521,530794.32750817,0.90000000,0.00000359,583873.76025899,revenue-supported normalized cost units; not measured hashrate
S6B,S6/b,50,27120000,stress,low,reference,60000000,0,0.00000000,315360.00000000,0.07694498,70.0,24265.36740326,16985.75718229,0.70000000,0.00000320,24022.71372923,revenue-supported normalized cost units; not measured hashrate
S6B,S6/b,50,27120000,stress,low,efficient,60000000,0,0.00000000,315360.00000000,0.07694498,70.0,24265.36740326,16985.75718229,0.58000000,0.00000265,28992.93036287,revenue-supported normalized cost units; not measured hashrate
S6B,S6/b,50,27120000,stress,low,high_cost,60000000,0,0.00000000,315360.00000000,0.07694498,70.0,24265.36740326,16985.75718229,0.90000000,0.00000412,18684.33290051,revenue-supported normalized cost units; not measured hashrate
S6B,S6/b,50,27120000,stress,base,reference,60000000,10003,0.01666889,315412.57576800,0.07694498,70.0,24269.41284443,16988.58899110,0.70000000,0.00000320,24026.71871599,revenue-supported normalized cost units; not measured hashrate
S6B,S6/b,50,27120000,stress,base,efficient,60000000,10003,0.01666889,315412.57576800,0.07694498,70.0,24269.41284443,16988.58899110,0.58000000,0.00000265,28997.76396757,revenue-supported normalized cost units; not measured hashrate
S6B,S6/b,50,27120000,stress,base,high_cost,60000000,10003,0.01666889,315412.57576800,0.07694498,70.0,24269.41284443,16988.58899110,0.90000000,0.00000412,18687.44789021,revenue-supported normalized cost units; not measured hashrate
S6B,S6/b,50,27120000,stress,high,reference,60000000,290698,0.48216061,316887.90868800,0.07694498,70.0,24382.93229949,17068.05260964,0.70000000,0.00000319,24139.10297649,revenue-supported normalized cost units; not measured hashrate
S6B,S6/b,50,27120000,stress,high,efficient,60000000,290698,0.48216061,316887.90868800,0.07694498,70.0,24382.93229949,17068.05260964,0.58000000,0.00000264,29133.40014404,revenue-supported normalized cost units; not measured hashrate
S6B,S6/b,50,27120000,stress,high,high_cost,60000000,290698,0.48216061,316887.90868800,0.07694498,70.0,24382.93229949,17068.05260964,0.90000000,0.00000410,18774.85787061,revenue-supported normalized cost units; not measured hashrate
S6B,S6/b,50,27120000,flat,low,reference,60000000,0,0.00000000,315360.00000000,1.00000000,90.0,315360.00000000,283824.00000000,0.70000000,0.00000249,401408.22857143,revenue-supported normalized cost units; not measured hashrate
S6B,S6/b,50,27120000,flat,low,efficient,60000000,0,0.00000000,315360.00000000,1.00000000,90.0,315360.00000000,283824.00000000,0.58000000,0.00000206,484458.20689655,revenue-supported normalized cost units; not measured hashrate
S6B,S6/b,50,27120000,flat,low,high_cost,60000000,0,0.00000000,315360.00000000,1.00000000,90.0,315360.00000000,283824.00000000,0.90000000,0.00000320,312206.40000000,revenue-supported normalized cost units; not measured hashrate
S6B,S6/b,50,27120000,flat,base,reference,60000000,10003,0.01666889,315412.57576800,1.00000000,90.0,315412.57576800,283871.31819120,0.70000000,0.00000249,401475.15001327,revenue-supported normalized cost units; not measured hashrate
S6B,S6/b,50,27120000,flat,base,efficient,60000000,10003,0.01666889,315412.57576800,1.00000000,90.0,315412.57576800,283871.31819120,0.58000000,0.00000206,484538.97415394,revenue-supported normalized cost units; not measured hashrate
S6B,S6/b,50,27120000,flat,base,high_cost,60000000,10003,0.01666889,315412.57576800,1.00000000,90.0,315412.57576800,283871.31819120,0.90000000,0.00000320,312258.45001032,revenue-supported normalized cost units; not measured hashrate
S6B,S6/b,50,27120000,flat,high,reference,60000000,290698,0.48216061,316887.90868800,1.00000000,90.0,316887.90868800,285199.11781920,0.70000000,0.00000248,403353.03805858,revenue-supported normalized cost units; not measured hashrate
S6B,S6/b,50,27120000,flat,high,efficient,60000000,290698,0.48216061,316887.90868800,1.00000000,90.0,316887.90868800,285199.11781920,0.58000000,0.00000205,486805.39076036,revenue-supported normalized cost units; not measured hashrate
S6B,S6/b,50,27120000,flat,high,high_cost,60000000,290698,0.48216061,316887.90868800,1.00000000,90.0,316887.90868800,285199.11781920,0.90000000,0.00000319,313719.02960112,revenue-supported normalized cost units; not measured hashrate
S6B,S6/b,50,27120000,growth,low,reference,60000000,0,0.00000000,315360.00000000,4.38390602,80.0,1382508.60205947,1106006.88164757,0.70000000,0.00000280,1564209.73261586,revenue-supported normalized cost units; not measured hashrate
S6B,S6/b,50,27120000,growth,low,efficient,60000000,0,0.00000000,315360.00000000,4.38390602,80.0,1382508.60205947,1106006.88164757,0.58000000,0.00000232,1887839.33246741,revenue-supported normalized cost units; not measured hashrate
S6B,S6/b,50,27120000,growth,low,high_cost,60000000,0,0.00000000,315360.00000000,4.38390602,80.0,1382508.60205947,1106006.88164757,0.90000000,0.00000360,1216607.56981233,revenue-supported normalized cost units; not measured hashrate
S6B,S6/b,50,27120000,growth,base,reference,60000000,10003,0.01666889,315412.57576800,4.38390602,80.0,1382739.08928524,1106191.27142819,0.70000000,0.00000280,1564470.51244844,revenue-supported normalized cost units; not measured hashrate
S6B,S6/b,50,27120000,growth,base,efficient,60000000,10003,0.01666889,315412.57576800,4.38390602,80.0,1382739.08928524,1106191.27142819,0.58000000,0.00000232,1888154.06674812,revenue-supported normalized cost units; not measured hashrate
S6B,S6/b,50,27120000,growth,base,high_cost,60000000,10003,0.01666889,315412.57576800,4.38390602,80.0,1382739.08928524,1106191.27142819,0.90000000,0.00000360,1216810.39857101,revenue-supported normalized cost units; not measured hashrate
S6B,S6/b,50,27120000,growth,high,reference,60000000,290698,0.48216061,316887.90868800,4.38390602,80.0,1389206.81015283,1111365.44812226,0.70000000,0.00000279,1571788.27663005,revenue-supported normalized cost units; not measured hashrate
S6B,S6/b,50,27120000,growth,high,efficient,60000000,290698,0.48216061,316887.90868800,4.38390602,80.0,1389206.81015283,1111365.44812226,0.58000000,0.00000231,1896985.85110524,revenue-supported normalized cost units; not measured hashrate
S6B,S6/b,50,27120000,growth,high,high_cost,60000000,290698,0.48216061,316887.90868800,4.38390602,80.0,1389206.81015283,1111365.44812226,0.90000000,0.00000359,1222501.99293449,revenue-supported normalized cost units; not measured hashrate
S6B,S6/b,100,53400000,stress,low,reference,60000000,0,0.00000000,315360.00000000,0.00592053,70.0,1867.09809492,1306.96866645,0.70000000,0.00000320,1848.42711398,revenue-supported normalized cost units; not measured hashrate
S6B,S6/b,100,53400000,stress,low,efficient,60000000,0,0.00000000,315360.00000000,0.00592053,70.0,1867.09809492,1306.96866645,0.58000000,0.00000265,2230.86030997,revenue-supported normalized cost units; not measured hashrate
S6B,S6/b,100,53400000,stress,low,high_cost,60000000,0,0.00000000,315360.00000000,0.00592053,70.0,1867.09809492,1306.96866645,0.90000000,0.00000412,1437.66553309,revenue-supported normalized cost units; not measured hashrate
S6B,S6/b,100,53400000,stress,base,reference,60000000,10003,0.01666889,315412.57576800,0.00592053,70.0,1867.40937130,1307.18655991,0.70000000,0.00000320,1848.73527758,revenue-supported normalized cost units; not measured hashrate
S6B,S6/b,100,53400000,stress,base,efficient,60000000,10003,0.01666889,315412.57576800,0.00592053,70.0,1867.40937130,1307.18655991,0.58000000,0.00000265,2231.23223156,revenue-supported normalized cost units; not measured hashrate
S6B,S6/b,100,53400000,stress,base,high_cost,60000000,10003,0.01666889,315412.57576800,0.00592053,70.0,1867.40937130,1307.18655991,0.90000000,0.00000412,1437.90521590,revenue-supported normalized cost units; not measured hashrate
S6B,S6/b,100,53400000,stress,high,reference,60000000,290698,0.48216061,316887.90868800,0.00592053,70.0,1876.14412296,1313.30088607,0.70000000,0.00000319,1857.38268173,revenue-supported normalized cost units; not measured hashrate
S6B,S6/b,100,53400000,stress,high,efficient,60000000,290698,0.48216061,316887.90868800,0.00592053,70.0,1876.14412296,1313.30088607,0.58000000,0.00000264,2241.66875381,revenue-supported normalized cost units; not measured hashrate
S6B,S6/b,100,53400000,stress,high,high_cost,60000000,290698,0.48216061,316887.90868800,0.00592053,70.0,1876.14412296,1313.30088607,0.90000000,0.00000410,1444.63097468,revenue-supported normalized cost units; not measured hashrate
S6B,S6/b,100,53400000,flat,low,reference,60000000,0,0.00000000,315360.00000000,1.00000000,90.0,315360.00000000,283824.00000000,0.70000000,0.00000249,401408.22857143,revenue-supported normalized cost units; not measured hashrate
S6B,S6/b,100,53400000,flat,low,efficient,60000000,0,0.00000000,315360.00000000,1.00000000,90.0,315360.00000000,283824.00000000,0.58000000,0.00000206,484458.20689655,revenue-supported normalized cost units; not measured hashrate
S6B,S6/b,100,53400000,flat,low,high_cost,60000000,0,0.00000000,315360.00000000,1.00000000,90.0,315360.00000000,283824.00000000,0.90000000,0.00000320,312206.40000000,revenue-supported normalized cost units; not measured hashrate
S6B,S6/b,100,53400000,flat,base,reference,60000000,10003,0.01666889,315412.57576800,1.00000000,90.0,315412.57576800,283871.31819120,0.70000000,0.00000249,401475.15001327,revenue-supported normalized cost units; not measured hashrate
S6B,S6/b,100,53400000,flat,base,efficient,60000000,10003,0.01666889,315412.57576800,1.00000000,90.0,315412.57576800,283871.31819120,0.58000000,0.00000206,484538.97415394,revenue-supported normalized cost units; not measured hashrate
S6B,S6/b,100,53400000,flat,base,high_cost,60000000,10003,0.01666889,315412.57576800,1.00000000,90.0,315412.57576800,283871.31819120,0.90000000,0.00000320,312258.45001032,revenue-supported normalized cost units; not measured hashrate
S6B,S6/b,100,53400000,flat,high,reference,60000000,290698,0.48216061,316887.90868800,1.00000000,90.0,316887.90868800,285199.11781920,0.70000000,0.00000248,403353.03805858,revenue-supported normalized cost units; not measured hashrate
S6B,S6/b,100,53400000,flat,high,efficient,60000000,290698,0.48216061,316887.90868800,1.00000000,90.0,316887.90868800,285199.11781920,0.58000000,0.00000205,486805.39076036,revenue-supported normalized cost units; not measured hashrate
S6B,S6/b,100,53400000,flat,high,high_cost,60000000,290698,0.48216061,316887.90868800,1.00000000,90.0,316887.90868800,285199.11781920,0.90000000,0.00000319,313719.02960112,revenue-supported normalized cost units; not measured hashrate
S6B,S6/b,100,53400000,growth,low,reference,60000000,0,0.00000000,315360.00000000,19.21863198,80.0,6060787.78148283,4848630.22518626,0.70000000,0.00000280,6857348.46133485,revenue-supported normalized cost units; not measured hashrate
S6B,S6/b,100,53400000,growth,low,efficient,60000000,0,0.00000000,315360.00000000,19.21863198,80.0,6060787.78148283,4848630.22518626,0.58000000,0.00000232,8276110.21195586,revenue-supported normalized cost units; not measured hashrate
S6B,S6/b,100,53400000,growth,low,high_cost,60000000,0,0.00000000,315360.00000000,19.21863198,80.0,6060787.78148283,4848630.22518626,0.90000000,0.00000360,5333493.24770489,revenue-supported normalized cost units; not measured hashrate
S6B,S6/b,100,53400000,growth,base,reference,60000000,10003,0.01666889,315412.57576800,19.21863198,80.0,6061798.21581913,4849438.57265530,0.70000000,0.00000280,6858491.69561250,revenue-supported normalized cost units; not measured hashrate
S6B,S6/b,100,53400000,growth,base,efficient,60000000,10003,0.01666889,315412.57576800,19.21863198,80.0,6061798.21581913,4849438.57265530,0.58000000,0.00000232,8277489.97746336,revenue-supported normalized cost units; not measured hashrate
S6B,S6/b,100,53400000,growth,base,high_cost,60000000,10003,0.01666889,315412.57576800,19.21863198,80.0,6061798.21581913,4849438.57265530,0.90000000,0.00000360,5334382.42992083,revenue-supported normalized cost units; not measured hashrate
S6B,S6/b,100,53400000,growth,high,reference,60000000,290698,0.48216061,316887.90868800,19.21863198,80.0,6090152.09625785,4872121.67700628,0.70000000,0.00000279,6890572.08605174,revenue-supported normalized cost units; not measured hashrate
S6B,S6/b,100,53400000,growth,high,efficient,60000000,290698,0.48216061,316887.90868800,19.21863198,80.0,6090152.09625785,4872121.67700628,0.58000000,0.00000231,8316207.69006245,revenue-supported normalized cost units; not measured hashrate
S6B,S6/b,100,53400000,growth,high,high_cost,60000000,290698,0.48216061,316887.90868800,19.21863198,80.0,6090152.09625785,4872121.67700628,0.90000000,0.00000359,5359333.84470691,revenue-supported normalized cost units; not measured hashrate
S6B,S6/b,250,132240000,stress,low,reference,60000000,0,0.00000000,315360.00000000,0.00000270,70.0,0.85056582,0.59539608,0.70000000,0.00000320,0.84206017,revenue-supported normalized cost units; not measured hashrate
S6B,S6/b,250,132240000,stress,low,efficient,60000000,0,0.00000000,315360.00000000,0.00000270,70.0,0.85056582,0.59539608,0.58000000,0.00000265,1.01627951,revenue-supported normalized cost units; not measured hashrate
S6B,S6/b,250,132240000,stress,low,high_cost,60000000,0,0.00000000,315360.00000000,0.00000270,70.0,0.85056582,0.59539608,0.90000000,0.00000412,0.65493569,revenue-supported normalized cost units; not measured hashrate
S6B,S6/b,250,132240000,stress,base,reference,60000000,10003,0.01666889,315412.57576800,0.00000270,70.0,0.85070763,0.59549534,0.70000000,0.00000320,0.84220055,revenue-supported normalized cost units; not measured hashrate
S6B,S6/b,250,132240000,stress,base,efficient,60000000,10003,0.01666889,315412.57576800,0.00000270,70.0,0.85070763,0.59549534,0.58000000,0.00000265,1.01644894,revenue-supported normalized cost units; not measured hashrate
S6B,S6/b,250,132240000,stress,base,high_cost,60000000,10003,0.01666889,315412.57576800,0.00000270,70.0,0.85070763,0.59549534,0.90000000,0.00000412,0.65504487,revenue-supported normalized cost units; not measured hashrate
S6B,S6/b,250,132240000,stress,high,reference,60000000,290698,0.48216061,316887.90868800,0.00000270,70.0,0.85468679,0.59828075,0.70000000,0.00000319,0.84613992,revenue-supported normalized cost units; not measured hashrate
S6B,S6/b,250,132240000,stress,high,efficient,60000000,290698,0.48216061,316887.90868800,0.00000270,70.0,0.85468679,0.59828075,0.58000000,0.00000264,1.02120335,revenue-supported normalized cost units; not measured hashrate
S6B,S6/b,250,132240000,stress,high,high_cost,60000000,290698,0.48216061,316887.90868800,0.00000270,70.0,0.85468679,0.59828075,0.90000000,0.00000410,0.65810883,revenue-supported normalized cost units; not measured hashrate
S6B,S6/b,250,132240000,flat,low,reference,60000000,0,0.00000000,315360.00000000,1.00000000,90.0,315360.00000000,283824.00000000,0.70000000,0.00000249,401408.22857143,revenue-supported normalized cost units; not measured hashrate
S6B,S6/b,250,132240000,flat,low,efficient,60000000,0,0.00000000,315360.00000000,1.00000000,90.0,315360.00000000,283824.00000000,0.58000000,0.00000206,484458.20689655,revenue-supported normalized cost units; not measured hashrate
S6B,S6/b,250,132240000,flat,low,high_cost,60000000,0,0.00000000,315360.00000000,1.00000000,90.0,315360.00000000,283824.00000000,0.90000000,0.00000320,312206.40000000,revenue-supported normalized cost units; not measured hashrate
S6B,S6/b,250,132240000,flat,base,reference,60000000,10003,0.01666889,315412.57576800,1.00000000,90.0,315412.57576800,283871.31819120,0.70000000,0.00000249,401475.15001327,revenue-supported normalized cost units; not measured hashrate
S6B,S6/b,250,132240000,flat,base,efficient,60000000,10003,0.01666889,315412.57576800,1.00000000,90.0,315412.57576800,283871.31819120,0.58000000,0.00000206,484538.97415394,revenue-supported normalized cost units; not measured hashrate
S6B,S6/b,250,132240000,flat,base,high_cost,60000000,10003,0.01666889,315412.57576800,1.00000000,90.0,315412.57576800,283871.31819120,0.90000000,0.00000320,312258.45001032,revenue-supported normalized cost units; not measured hashrate
S6B,S6/b,250,132240000,flat,high,reference,60000000,290698,0.48216061,316887.90868800,1.00000000,90.0,316887.90868800,285199.11781920,0.70000000,0.00000248,403353.03805858,revenue-supported normalized cost units; not measured hashrate
S6B,S6/b,250,132240000,flat,high,efficient,60000000,290698,0.48216061,316887.90868800,1.00000000,90.0,316887.90868800,285199.11781920,0.58000000,0.00000205,486805.39076036,revenue-supported normalized cost units; not measured hashrate
S6B,S6/b,250,132240000,flat,high,high_cost,60000000,290698,0.48216061,316887.90868800,1.00000000,90.0,316887.90868800,285199.11781920,0.90000000,0.00000319,313719.02960112,revenue-supported normalized cost units; not measured hashrate
S6B,S6/b,250,132240000,growth,low,reference,60000000,0,0.00000000,315360.00000000,1619.22118137,80.0,510637591.75624121,408510073.40499297,0.70000000,0.00000280,577749960.95849005,revenue-supported normalized cost units; not measured hashrate
S6B,S6/b,250,132240000,growth,low,efficient,60000000,0,0.00000000,315360.00000000,1619.22118137,80.0,510637591.75624121,408510073.40499297,0.58000000,0.00000232,697284435.63955696,revenue-supported normalized cost units; not measured hashrate
S6B,S6/b,250,132240000,growth,low,high_cost,60000000,0,0.00000000,315360.00000000,1619.22118137,80.0,510637591.75624121,408510073.40499297,0.90000000,0.00000360,449361080.74549226,revenue-supported normalized cost units; not measured hashrate
S6B,S6/b,250,132240000,growth,base,reference,60000000,10003,0.01666889,315412.57576800,1619.22118137,80.0,510722723.55341350,408578178.84273080,0.70000000,0.00000280,577846281.50614785,revenue-supported normalized cost units; not measured hashrate
S6B,S6/b,250,132240000,growth,base,efficient,60000000,10003,0.01666889,315412.57576800,1619.22118137,80.0,510722723.55341350,408578178.84273080,0.58000000,0.00000232,697400684.57638534,revenue-supported normalized cost units; not measured hashrate
S6B,S6/b,250,132240000,growth,base,high_cost,60000000,10003,0.01666889,315412.57576800,1619.22118137,80.0,510722723.55341350,408578178.84273080,0.90000000,0.00000360,449435996.72700388,revenue-supported normalized cost units; not measured hashrate
S6B,S6/b,250,132240000,growth,high,reference,60000000,290698,0.48216061,316887.90868800,1619.22118137,80.0,513111613.86704714,410489291.09363771,0.70000000,0.00000279,580549140.26100191,revenue-supported normalized cost units; not measured hashrate
S6B,S6/b,250,132240000,growth,high,efficient,60000000,290698,0.48216061,316887.90868800,1619.22118137,80.0,513111613.86704714,410489291.09363771,0.58000000,0.00000231,700662755.48741609,revenue-supported normalized cost units; not measured hashrate
S6B,S6/b,250,132240000,growth,high,high_cost,60000000,290698,0.48216061,316887.90868800,1619.22118137,80.0,513111613.86704714,410489291.09363771,0.90000000,0.00000359,451538220.20300148,revenue-supported normalized cost units; not measured hashrate
S6B,S6/b,500,263640000,stress,low,reference,0,0,0.00000000,0.00000000,0.00000000,70.0,0.00000000,0.00000000,0.70000000,0.00000000,0.00000000,revenue-supported normalized cost units; not measured hashrate
S6B,S6/b,500,263640000,stress,low,efficient,0,0,0.00000000,0.00000000,0.00000000,70.0,0.00000000,0.00000000,0.58000000,0.00000000,0.00000000,revenue-supported normalized cost units; not measured hashrate
S6B,S6/b,500,263640000,stress,low,high_cost,0,0,0.00000000,0.00000000,0.00000000,70.0,0.00000000,0.00000000,0.90000000,0.00000000,0.00000000,revenue-supported normalized cost units; not measured hashrate
S6B,S6/b,500,263640000,stress,base,reference,0,10003,100.00000000,52.57576800,0.00000000,70.0,0.00000000,0.00000000,0.70000000,0.01921229,0.00000000,revenue-supported normalized cost units; not measured hashrate
S6B,S6/b,500,263640000,stress,base,efficient,0,10003,100.00000000,52.57576800,0.00000000,70.0,0.00000000,0.00000000,0.58000000,0.01591876,0.00000000,revenue-supported normalized cost units; not measured hashrate
S6B,S6/b,500,263640000,stress,base,high_cost,0,10003,100.00000000,52.57576800,0.00000000,70.0,0.00000000,0.00000000,0.90000000,0.02470152,0.00000000,revenue-supported normalized cost units; not measured hashrate
S6B,S6/b,500,263640000,stress,high,reference,0,290698,100.00000000,1527.90868800,0.00000000,70.0,0.00000001,0.00000001,0.70000000,0.00066110,0.00000001,revenue-supported normalized cost units; not measured hashrate
S6B,S6/b,500,263640000,stress,high,efficient,0,290698,100.00000000,1527.90868800,0.00000000,70.0,0.00000001,0.00000001,0.58000000,0.00054777,0.00000001,revenue-supported normalized cost units; not measured hashrate
S6B,S6/b,500,263640000,stress,high,high_cost,0,290698,100.00000000,1527.90868800,0.00000000,70.0,0.00000001,0.00000001,0.90000000,0.00084999,0.00000001,revenue-supported normalized cost units; not measured hashrate
S6B,S6/b,500,263640000,flat,low,reference,0,0,0.00000000,0.00000000,1.00000000,90.0,0.00000000,0.00000000,0.70000000,0.00000000,0.00000000,revenue-supported normalized cost units; not measured hashrate
S6B,S6/b,500,263640000,flat,low,efficient,0,0,0.00000000,0.00000000,1.00000000,90.0,0.00000000,0.00000000,0.58000000,0.00000000,0.00000000,revenue-supported normalized cost units; not measured hashrate
S6B,S6/b,500,263640000,flat,low,high_cost,0,0,0.00000000,0.00000000,1.00000000,90.0,0.00000000,0.00000000,0.90000000,0.00000000,0.00000000,revenue-supported normalized cost units; not measured hashrate
S6B,S6/b,500,263640000,flat,base,reference,0,10003,100.00000000,52.57576800,1.00000000,90.0,52.57576800,47.31819120,0.70000000,0.01494289,66.92144184,revenue-supported normalized cost units; not measured hashrate
S6B,S6/b,500,263640000,flat,base,efficient,0,10003,100.00000000,52.57576800,1.00000000,90.0,52.57576800,47.31819120,0.58000000,0.01238125,80.76725739,revenue-supported normalized cost units; not measured hashrate
S6B,S6/b,500,263640000,flat,base,high_cost,0,10003,100.00000000,52.57576800,1.00000000,90.0,52.57576800,47.31819120,0.90000000,0.01921229,52.05001032,revenue-supported normalized cost units; not measured hashrate
S6B,S6/b,500,263640000,flat,high,reference,0,290698,100.00000000,1527.90868800,1.00000000,90.0,1527.90868800,1375.11781920,0.70000000,0.00051419,1944.80948715,revenue-supported normalized cost units; not measured hashrate
S6B,S6/b,500,263640000,flat,high,efficient,0,290698,100.00000000,1527.90868800,1.00000000,90.0,1527.90868800,1375.11781920,0.58000000,0.00042604,2347.18386381,revenue-supported normalized cost units; not measured hashrate
S6B,S6/b,500,263640000,flat,high,high_cost,0,290698,100.00000000,1527.90868800,1.00000000,90.0,1527.90868800,1375.11781920,0.90000000,0.00066110,1512.62960112,revenue-supported normalized cost units; not measured hashrate
S6B,S6/b,500,263640000,growth,low,reference,0,0,0.00000000,0.00000000,2621877.23419108,80.0,0.00000000,0.00000000,0.70000000,0.00000000,0.00000000,revenue-supported normalized cost units; not measured hashrate
S6B,S6/b,500,263640000,growth,low,efficient,0,0,0.00000000,0.00000000,2621877.23419108,80.0,0.00000000,0.00000000,0.58000000,0.00000000,0.00000000,revenue-supported normalized cost units; not measured hashrate
S6B,S6/b,500,263640000,growth,low,high_cost,0,0,0.00000000,0.00000000,2621877.23419108,80.0,0.00000000,0.00000000,0.90000000,0.00000000,0.00000000,revenue-supported normalized cost units; not measured hashrate
S6B,S6/b,500,263640000,growth,base,reference,0,10003,100.00000000,52.57576800,2621877.23419108,80.0,137847209.18931171,110277767.35144937,0.70000000,0.01681076,155964270.96847839,revenue-supported normalized cost units; not measured hashrate
S6B,S6/b,500,263640000,growth,base,efficient,0,10003,100.00000000,52.57576800,2621877.23419108,80.0,137847209.18931171,110277767.35144937,0.58000000,0.01392891,188232740.82402565,revenue-supported normalized cost units; not measured hashrate
S6B,S6/b,500,263640000,growth,base,high_cost,0,10003,100.00000000,52.57576800,2621877.23419108,80.0,137847209.18931171,110277767.35144937,0.90000000,0.02161383,121305544.08659430,revenue-supported normalized cost units; not measured hashrate
S6B,S6/b,500,263640000,growth,high,reference,0,290698,100.00000000,1527.90868800,2621877.23419108,80.0,4005989004.98995656,3204791203.99196525,0.70000000,0.00057846,4532490417.07435085,revenue-supported normalized cost units; not measured hashrate
S6B,S6/b,500,263640000,growth,high,efficient,0,290698,100.00000000,1527.90868800,2621877.23419108,80.0,4005989004.98995656,3204791203.99196525,0.58000000,0.00047930,5470247055.08973378,revenue-supported normalized cost units; not measured hashrate
S6B,S6/b,500,263640000,growth,high,high_cost,0,290698,100.00000000,1527.90868800,2621877.23419108,80.0,4005989004.98995656,3204791203.99196525,0.90000000,0.00074374,3525270324.39116177,revenue-supported normalized cost units; not measured hashrate
S6c,S6/c,0,840000,stress,low,reference,400000000,0,0.00000000,2102400.00000000,1.00000000,70.0,2102400.00000000,1471680.00000000,0.70000000,0.00000048,2081376.00000000,revenue-supported normalized cost units; not measured hashrate
S6c,S6/c,0,840000,stress,low,efficient,400000000,0,0.00000000,2102400.00000000,1.00000000,70.0,2102400.00000000,1471680.00000000,0.58000000,0.00000040,2512005.51724138,revenue-supported normalized cost units; not measured hashrate
S6c,S6/c,0,840000,stress,low,high_cost,400000000,0,0.00000000,2102400.00000000,1.00000000,70.0,2102400.00000000,1471680.00000000,0.90000000,0.00000062,1618848.00000000,revenue-supported normalized cost units; not measured hashrate
S6c,S6/c,0,840000,stress,base,reference,400000000,10003,0.00250069,2102452.57576800,1.00000000,70.0,2102452.57576800,1471716.80303760,0.70000000,0.00000048,2081428.05001032,revenue-supported normalized cost units; not measured hashrate
S6c,S6/c,0,840000,stress,base,efficient,400000000,10003,0.00250069,2102452.57576800,1.00000000,70.0,2102452.57576800,1471716.80303760,0.58000000,0.00000040,2512068.33621935,revenue-supported normalized cost units; not measured hashrate
S6c,S6/c,0,840000,stress,base,high_cost,400000000,10003,0.00250069,2102452.57576800,1.00000000,70.0,2102452.57576800,1471716.80303760,0.90000000,0.00000062,1618888.48334136,revenue-supported normalized cost units; not measured hashrate
S6c,S6/c,0,840000,stress,high,reference,400000000,290698,0.07262172,2103927.90868800,1.00000000,70.0,2103927.90868800,1472749.53608160,0.70000000,0.00000048,2082888.62960112,revenue-supported normalized cost units; not measured hashrate
S6c,S6/c,0,840000,stress,high,efficient,400000000,290698,0.07262172,2103927.90868800,1.00000000,70.0,2103927.90868800,1472749.53608160,0.58000000,0.00000040,2513831.10469101,revenue-supported normalized cost units; not measured hashrate
S6c,S6/c,0,840000,stress,high,high_cost,400000000,290698,0.07262172,2103927.90868800,1.00000000,70.0,2103927.90868800,1472749.53608160,0.90000000,0.00000062,1620024.48968976,revenue-supported normalized cost units; not measured hashrate
S6c,S6/c,0,840000,flat,low,reference,400000000,0,0.00000000,2102400.00000000,1.00000000,90.0,2102400.00000000,1892160.00000000,0.70000000,0.00000037,2676054.85714286,revenue-supported normalized cost units; not measured hashrate
S6c,S6/c,0,840000,flat,low,efficient,400000000,0,0.00000000,2102400.00000000,1.00000000,90.0,2102400.00000000,1892160.00000000,0.58000000,0.00000031,3229721.37931034,revenue-supported normalized cost units; not measured hashrate
S6c,S6/c,0,840000,flat,low,high_cost,400000000,0,0.00000000,2102400.00000000,1.00000000,90.0,2102400.00000000,1892160.00000000,0.90000000,0.00000048,2081376.00000000,revenue-supported normalized cost units; not measured hashrate
S6c,S6/c,0,840000,flat,base,reference,400000000,10003,0.00250069,2102452.57576800,1.00000000,90.0,2102452.57576800,1892207.31819120,0.70000000,0.00000037,2676121.77858470,revenue-supported normalized cost units; not measured hashrate
S6c,S6/c,0,840000,flat,base,efficient,400000000,10003,0.00250069,2102452.57576800,1.00000000,90.0,2102452.57576800,1892207.31819120,0.58000000,0.00000031,3229802.14656774,revenue-supported normalized cost units; not measured hashrate
S6c,S6/c,0,840000,flat,base,high_cost,400000000,10003,0.00250069,2102452.57576800,1.00000000,90.0,2102452.57576800,1892207.31819120,0.90000000,0.00000048,2081428.05001032,revenue-supported normalized cost units; not measured hashrate
S6c,S6/c,0,840000,flat,high,reference,400000000,290698,0.07262172,2103927.90868800,1.00000000,90.0,2103927.90868800,1893535.11781920,0.70000000,0.00000037,2677999.66663001,revenue-supported normalized cost units; not measured hashrate
S6c,S6/c,0,840000,flat,high,efficient,400000000,290698,0.07262172,2103927.90868800,1.00000000,90.0,2103927.90868800,1893535.11781920,0.58000000,0.00000031,3232068.56317415,revenue-supported normalized cost units; not measured hashrate
S6c,S6/c,0,840000,flat,high,high_cost,400000000,290698,0.07262172,2103927.90868800,1.00000000,90.0,2103927.90868800,1893535.11781920,0.90000000,0.00000048,2082888.62960112,revenue-supported normalized cost units; not measured hashrate
S6c,S6/c,0,840000,growth,low,reference,400000000,0,0.00000000,2102400.00000000,1.00000000,80.0,2102400.00000000,1681920.00000000,0.70000000,0.00000042,2378715.42857143,revenue-supported normalized cost units; not measured hashrate
S6c,S6/c,0,840000,growth,low,efficient,400000000,0,0.00000000,2102400.00000000,1.00000000,80.0,2102400.00000000,1681920.00000000,0.58000000,0.00000035,2870863.44827586,revenue-supported normalized cost units; not measured hashrate
S6c,S6/c,0,840000,growth,low,high_cost,400000000,0,0.00000000,2102400.00000000,1.00000000,80.0,2102400.00000000,1681920.00000000,0.90000000,0.00000054,1850112.00000000,revenue-supported normalized cost units; not measured hashrate
S6c,S6/c,0,840000,growth,base,reference,400000000,10003,0.00250069,2102452.57576800,1.00000000,80.0,2102452.57576800,1681962.06061440,0.70000000,0.00000042,2378774.91429751,revenue-supported normalized cost units; not measured hashrate
S6c,S6/c,0,840000,growth,base,efficient,400000000,10003,0.00250069,2102452.57576800,1.00000000,80.0,2102452.57576800,1681962.06061440,0.58000000,0.00000035,2870935.24139354,revenue-supported normalized cost units; not measured hashrate
S6c,S6/c,0,840000,growth,base,high_cost,400000000,10003,0.00250069,2102452.57576800,1.00000000,80.0,2102452.57576800,1681962.06061440,0.90000000,0.00000054,1850158.26667584,revenue-supported normalized cost units; not measured hashrate
S6c,S6/c,0,840000,growth,high,reference,400000000,290698,0.07262172,2103927.90868800,1.00000000,80.0,2103927.90868800,1683142.32695040,0.70000000,0.00000042,2380444.14811557,revenue-supported normalized cost units; not measured hashrate
S6c,S6/c,0,840000,growth,high,efficient,400000000,290698,0.07262172,2103927.90868800,1.00000000,80.0,2103927.90868800,1683142.32695040,0.58000000,0.00000035,2872949.83393258,revenue-supported normalized cost units; not measured hashrate
S6c,S6/c,0,840000,growth,high,high_cost,400000000,290698,0.07262172,2103927.90868800,1.00000000,80.0,2103927.90868800,1683142.32695040,0.90000000,0.00000054,1851456.55964544,revenue-supported normalized cost units; not measured hashrate
S6c,S6/c,1,1365600,stress,low,reference,400000000,0,0.00000000,2102400.00000000,0.95000000,70.0,1997280.00000000,1398096.00000000,0.70000000,0.00000048,1977307.20000000,revenue-supported normalized cost units; not measured hashrate
S6c,S6/c,1,1365600,stress,low,efficient,400000000,0,0.00000000,2102400.00000000,0.95000000,70.0,1997280.00000000,1398096.00000000,0.58000000,0.00000040,2386405.24137931,revenue-supported normalized cost units; not measured hashrate
S6c,S6/c,1,1365600,stress,low,high_cost,400000000,0,0.00000000,2102400.00000000,0.95000000,70.0,1997280.00000000,1398096.00000000,0.90000000,0.00000062,1537905.60000000,revenue-supported normalized cost units; not measured hashrate
S6c,S6/c,1,1365600,stress,base,reference,400000000,10003,0.00250069,2102452.57576800,0.95000000,70.0,1997329.94697960,1398130.96288572,0.70000000,0.00000048,1977356.64750980,revenue-supported normalized cost units; not measured hashrate
S6c,S6/c,1,1365600,stress,base,efficient,400000000,10003,0.00250069,2102452.57576800,0.95000000,70.0,1997329.94697960,1398130.96288572,0.58000000,0.00000040,2386464.91940838,revenue-supported normalized cost units; not measured hashrate
S6c,S6/c,1,1365600,stress,base,high_cost,400000000,10003,0.00250069,2102452.57576800,0.95000000,70.0,1997329.94697960,1398130.96288572,0.90000000,0.00000062,1537944.05917429,revenue-supported normalized cost units; not measured hashrate
S6c,S6/c,1,1365600,stress,high,reference,400000000,290698,0.07262172,2103927.90868800,0.95000000,70.0,1998731.51325360,1399112.05927752,0.70000000,0.00000048,1978744.19812106,revenue-supported normalized cost units; not measured hashrate
S6c,S6/c,1,1365600,stress,high,efficient,400000000,290698,0.07262172,2103927.90868800,0.95000000,70.0,1998731.51325360,1399112.05927752,0.58000000,0.00000040,2388139.54945646,revenue-supported normalized cost units; not measured hashrate
S6c,S6/c,1,1365600,stress,high,high_cost,400000000,290698,0.07262172,2103927.90868800,0.95000000,70.0,1998731.51325360,1399112.05927752,0.90000000,0.00000062,1539023.26520527,revenue-supported normalized cost units; not measured hashrate
S6c,S6/c,1,1365600,flat,low,reference,400000000,0,0.00000000,2102400.00000000,1.00000000,90.0,2102400.00000000,1892160.00000000,0.70000000,0.00000037,2676054.85714286,revenue-supported normalized cost units; not measured hashrate
S6c,S6/c,1,1365600,flat,low,efficient,400000000,0,0.00000000,2102400.00000000,1.00000000,90.0,2102400.00000000,1892160.00000000,0.58000000,0.00000031,3229721.37931034,revenue-supported normalized cost units; not measured hashrate
S6c,S6/c,1,1365600,flat,low,high_cost,400000000,0,0.00000000,2102400.00000000,1.00000000,90.0,2102400.00000000,1892160.00000000,0.90000000,0.00000048,2081376.00000000,revenue-supported normalized cost units; not measured hashrate
S6c,S6/c,1,1365600,flat,base,reference,400000000,10003,0.00250069,2102452.57576800,1.00000000,90.0,2102452.57576800,1892207.31819120,0.70000000,0.00000037,2676121.77858470,revenue-supported normalized cost units; not measured hashrate
S6c,S6/c,1,1365600,flat,base,efficient,400000000,10003,0.00250069,2102452.57576800,1.00000000,90.0,2102452.57576800,1892207.31819120,0.58000000,0.00000031,3229802.14656774,revenue-supported normalized cost units; not measured hashrate
S6c,S6/c,1,1365600,flat,base,high_cost,400000000,10003,0.00250069,2102452.57576800,1.00000000,90.0,2102452.57576800,1892207.31819120,0.90000000,0.00000048,2081428.05001032,revenue-supported normalized cost units; not measured hashrate
S6c,S6/c,1,1365600,flat,high,reference,400000000,290698,0.07262172,2103927.90868800,1.00000000,90.0,2103927.90868800,1893535.11781920,0.70000000,0.00000037,2677999.66663001,revenue-supported normalized cost units; not measured hashrate
S6c,S6/c,1,1365600,flat,high,efficient,400000000,290698,0.07262172,2103927.90868800,1.00000000,90.0,2103927.90868800,1893535.11781920,0.58000000,0.00000031,3232068.56317415,revenue-supported normalized cost units; not measured hashrate
S6c,S6/c,1,1365600,flat,high,high_cost,400000000,290698,0.07262172,2103927.90868800,1.00000000,90.0,2103927.90868800,1893535.11781920,0.90000000,0.00000048,2082888.62960112,revenue-supported normalized cost units; not measured hashrate
S6c,S6/c,1,1365600,growth,low,reference,400000000,0,0.00000000,2102400.00000000,1.03000000,80.0,2165472.00000000,1732377.60000000,0.70000000,0.00000042,2450076.89142857,revenue-supported normalized cost units; not measured hashrate
S6c,S6/c,1,1365600,growth,low,efficient,400000000,0,0.00000000,2102400.00000000,1.03000000,80.0,2165472.00000000,1732377.60000000,0.58000000,0.00000035,2956989.35172414,revenue-supported normalized cost units; not measured hashrate
S6c,S6/c,1,1365600,growth,low,high_cost,400000000,0,0.00000000,2102400.00000000,1.03000000,80.0,2165472.00000000,1732377.60000000,0.90000000,0.00000054,1905615.36000000,revenue-supported normalized cost units; not measured hashrate
S6c,S6/c,1,1365600,growth,base,reference,400000000,10003,0.00250069,2102452.57576800,1.03000000,80.0,2165526.15304104,1732420.92243283,0.70000000,0.00000042,2450138.16172643,revenue-supported normalized cost units; not measured hashrate
S6c,S6/c,1,1365600,growth,base,efficient,400000000,10003,0.00250069,2102452.57576800,1.03000000,80.0,2165526.15304104,1732420.92243283,0.58000000,0.00000035,2957063.29863535,revenue-supported normalized cost units; not measured hashrate
S6c,S6/c,1,1365600,growth,base,high_cost,400000000,10003,0.00250069,2102452.57576800,1.03000000,80.0,2165526.15304104,1732420.92243283,0.90000000,0.00000054,1905663.01467612,revenue-supported normalized cost units; not measured hashrate
S6c,S6/c,1,1365600,growth,high,reference,400000000,290698,0.07262172,2103927.90868800,1.03000000,80.0,2167045.74594864,1733636.59675891,0.70000000,0.00000042,2451857.47255903,revenue-supported normalized cost units; not measured hashrate
S6c,S6/c,1,1365600,growth,high,efficient,400000000,290698,0.07262172,2103927.90868800,1.03000000,80.0,2167045.74594864,1733636.59675891,0.58000000,0.00000035,2959138.32895056,revenue-supported normalized cost units; not measured hashrate
S6c,S6/c,1,1365600,growth,high,high_cost,400000000,290698,0.07262172,2103927.90868800,1.03000000,80.0,2167045.74594864,1733636.59675891,0.90000000,0.00000054,1907000.25643480,revenue-supported normalized cost units; not measured hashrate
S6c,S6/c,2,1891200,stress,low,reference,400000000,0,0.00000000,2102400.00000000,0.90250000,70.0,1897416.00000000,1328191.20000000,0.70000000,0.00000048,1878441.84000000,revenue-supported normalized cost units; not measured hashrate
S6c,S6/c,2,1891200,stress,low,efficient,400000000,0,0.00000000,2102400.00000000,0.90250000,70.0,1897416.00000000,1328191.20000000,0.58000000,0.00000040,2267084.97931034,revenue-supported normalized cost units; not measured hashrate
S6c,S6/c,2,1891200,stress,low,high_cost,400000000,0,0.00000000,2102400.00000000,0.90250000,70.0,1897416.00000000,1328191.20000000,0.90000000,0.00000062,1461010.32000000,revenue-supported normalized cost units; not measured hashrate
S6c,S6/c,2,1891200,stress,base,reference,400000000,10003,0.00250069,2102452.57576800,0.90250000,70.0,1897463.44963062,1328224.41474143,0.70000000,0.00000048,1878488.81513431,revenue-supported normalized cost units; not measured hashrate
S6c,S6/c,2,1891200,stress,base,efficient,400000000,10003,0.00250069,2102452.57576800,0.90250000,70.0,1897463.44963062,1328224.41474143,0.58000000,0.00000040,2267141.67343796,revenue-supported normalized cost units; not measured hashrate
S6c,S6/c,2,1891200,stress,base,high_cost,400000000,10003,0.00250069,2102452.57576800,0.90250000,70.0,1897463.44963062,1328224.41474143,0.90000000,0.00000062,1461046.85621558,revenue-supported normalized cost units; not measured hashrate
S6c,S6/c,2,1891200,stress,high,reference,400000000,290698,0.07262172,2103927.90868800,0.90250000,70.0,1898794.93759092,1329156.45631364,0.70000000,0.00000048,1879806.98821501,revenue-supported normalized cost units; not measured hashrate
S6c,S6/c,2,1891200,stress,high,efficient,400000000,290698,0.07262172,2103927.90868800,0.90250000,70.0,1898794.93759092,1329156.45631364,0.58000000,0.00000040,2268732.57198363,revenue-supported normalized cost units; not measured hashrate
S6c,S6/c,2,1891200,stress,high,high_cost,400000000,290698,0.07262172,2103927.90868800,0.90250000,70.0,1898794.93759092,1329156.45631364,0.90000000,0.00000062,1462072.10194501,revenue-supported normalized cost units; not measured hashrate
S6c,S6/c,2,1891200,flat,low,reference,400000000,0,0.00000000,2102400.00000000,1.00000000,90.0,2102400.00000000,1892160.00000000,0.70000000,0.00000037,2676054.85714286,revenue-supported normalized cost units; not measured hashrate
S6c,S6/c,2,1891200,flat,low,efficient,400000000,0,0.00000000,2102400.00000000,1.00000000,90.0,2102400.00000000,1892160.00000000,0.58000000,0.00000031,3229721.37931034,revenue-supported normalized cost units; not measured hashrate
S6c,S6/c,2,1891200,flat,low,high_cost,400000000,0,0.00000000,2102400.00000000,1.00000000,90.0,2102400.00000000,1892160.00000000,0.90000000,0.00000048,2081376.00000000,revenue-supported normalized cost units; not measured hashrate
S6c,S6/c,2,1891200,flat,base,reference,400000000,10003,0.00250069,2102452.57576800,1.00000000,90.0,2102452.57576800,1892207.31819120,0.70000000,0.00000037,2676121.77858470,revenue-supported normalized cost units; not measured hashrate
S6c,S6/c,2,1891200,flat,base,efficient,400000000,10003,0.00250069,2102452.57576800,1.00000000,90.0,2102452.57576800,1892207.31819120,0.58000000,0.00000031,3229802.14656774,revenue-supported normalized cost units; not measured hashrate
S6c,S6/c,2,1891200,flat,base,high_cost,400000000,10003,0.00250069,2102452.57576800,1.00000000,90.0,2102452.57576800,1892207.31819120,0.90000000,0.00000048,2081428.05001032,revenue-supported normalized cost units; not measured hashrate
S6c,S6/c,2,1891200,flat,high,reference,400000000,290698,0.07262172,2103927.90868800,1.00000000,90.0,2103927.90868800,1893535.11781920,0.70000000,0.00000037,2677999.66663001,revenue-supported normalized cost units; not measured hashrate
S6c,S6/c,2,1891200,flat,high,efficient,400000000,290698,0.07262172,2103927.90868800,1.00000000,90.0,2103927.90868800,1893535.11781920,0.58000000,0.00000031,3232068.56317415,revenue-supported normalized cost units; not measured hashrate
S6c,S6/c,2,1891200,flat,high,high_cost,400000000,290698,0.07262172,2103927.90868800,1.00000000,90.0,2103927.90868800,1893535.11781920,0.90000000,0.00000048,2082888.62960112,revenue-supported normalized cost units; not measured hashrate
S6c,S6/c,2,1891200,growth,low,reference,400000000,0,0.00000000,2102400.00000000,1.06090000,80.0,2230436.16000000,1784348.92800000,0.70000000,0.00000042,2523579.19817143,revenue-supported normalized cost units; not measured hashrate
S6c,S6/c,2,1891200,growth,low,efficient,400000000,0,0.00000000,2102400.00000000,1.06090000,80.0,2230436.16000000,1784348.92800000,0.58000000,0.00000035,3045699.03227586,revenue-supported normalized cost units; not measured hashrate
S6c,S6/c,2,1891200,growth,low,high_cost,400000000,0,0.00000000,2102400.00000000,1.06090000,80.0,2230436.16000000,1784348.92800000,0.90000000,0.00000054,1962783.82080000,revenue-supported normalized cost units; not measured hashrate
S6c,S6/c,2,1891200,growth,base,reference,400000000,10003,0.00250069,2102452.57576800,1.06090000,80.0,2230491.93763227,1784393.55010582,0.70000000,0.00000042,2523642.30657823,revenue-supported normalized cost units; not measured hashrate
S6c,S6/c,2,1891200,growth,base,efficient,400000000,10003,0.00250069,2102452.57576800,1.06090000,80.0,2230491.93763227,1784393.55010582,0.58000000,0.00000035,3045775.19759441,revenue-supported normalized cost units; not measured hashrate
S6c,S6/c,2,1891200,growth,base,high_cost,400000000,10003,0.00250069,2102452.57576800,1.06090000,80.0,2230491.93763227,1784393.55010582,0.90000000,0.00000054,1962832.90511640,revenue-supported normalized cost units; not measured hashrate
S6c,S6/c,2,1891200,growth,high,reference,400000000,290698,0.07262172,2103927.90868800,1.06090000,80.0,2232057.11832710,1785645.69466168,0.70000000,0.00000042,2525413.19673580,revenue-supported normalized cost units; not measured hashrate
S6c,S6/c,2,1891200,growth,high,efficient,400000000,290698,0.07262172,2103927.90868800,1.06090000,80.0,2232057.11832710,1785645.69466168,0.58000000,0.00000035,3047912.47881907,revenue-supported normalized cost units; not measured hashrate
S6c,S6/c,2,1891200,growth,high,high_cost,400000000,290698,0.07262172,2103927.90868800,1.06090000,80.0,2232057.11832710,1785645.69466168,0.90000000,0.00000054,1964210.26412785,revenue-supported normalized cost units; not measured hashrate
S6c,S6/c,5,3468000,stress,low,reference,200000000,0,0.00000000,1051200.00000000,0.77378094,70.0,813398.52150000,569378.96505000,0.70000000,0.00000096,805264.53628500,revenue-supported normalized cost units; not measured hashrate
S6c,S6/c,5,3468000,stress,low,efficient,200000000,0,0.00000000,1051200.00000000,0.77378094,70.0,813398.52150000,569378.96505000,0.58000000,0.00000080,971870.99206810,revenue-supported normalized cost units; not measured hashrate
S6c,S6/c,5,3468000,stress,low,high_cost,200000000,0,0.00000000,1051200.00000000,0.77378094,70.0,813398.52150000,569378.96505000,0.90000000,0.00000124,626316.86155500,revenue-supported normalized cost units; not measured hashrate
S6c,S6/c,5,3468000,stress,base,reference,200000000,10003,0.00500125,1051252.57576800,0.77378094,70.0,813439.20362705,569407.44253894,0.70000000,0.00000096,805304.81159078,revenue-supported normalized cost units; not measured hashrate
S6c,S6/c,5,3468000,stress,base,efficient,200000000,10003,0.00500125,1051252.57576800,0.77378094,70.0,813439.20362705,569407.44253894,0.58000000,0.00000080,971919.60019577,revenue-supported normalized cost units; not measured hashrate
S6c,S6/c,5,3468000,stress,base,high_cost,200000000,10003,0.00500125,1051252.57576800,0.77378094,70.0,813439.20362705,569407.44253894,0.90000000,0.00000124,626348.18679283,revenue-supported normalized cost units; not measured hashrate
S6c,S6/c,5,3468000,stress,high,reference,200000000,290698,0.14513804,1052727.90868800,0.77378094,70.0,814580.78811702,570206.55168191,0.70000000,0.00000096,806434.98023584,revenue-supported normalized cost units; not measured hashrate
S6c,S6/c,5,3468000,stress,high,efficient,200000000,290698,0.14513804,1052727.90868800,0.77378094,70.0,814580.78811702,570206.55168191,0.58000000,0.00000080,973283.59683636,revenue-supported normalized cost units; not measured hashrate
S6c,S6/c,5,3468000,stress,high,high_cost,200000000,290698,0.14513804,1052727.90868800,0.77378094,70.0,814580.78811702,570206.55168191,0.90000000,0.00000123,627227.20685010,revenue-supported normalized cost units; not measured hashrate
S6c,S6/c,5,3468000,flat,low,reference,200000000,0,0.00000000,1051200.00000000,1.00000000,90.0,1051200.00000000,946080.00000000,0.70000000,0.00000075,1338027.42857143,revenue-supported normalized cost units; not measured hashrate
S6c,S6/c,5,3468000,flat,low,efficient,200000000,0,0.00000000,1051200.00000000,1.00000000,90.0,1051200.00000000,946080.00000000,0.58000000,0.00000062,1614860.68965517,revenue-supported normalized cost units; not measured hashrate
S6c,S6/c,5,3468000,flat,low,high_cost,200000000,0,0.00000000,1051200.00000000,1.00000000,90.0,1051200.00000000,946080.00000000,0.90000000,0.00000096,1040688.00000000,revenue-supported normalized cost units; not measured hashrate
S6c,S6/c,5,3468000,flat,base,reference,200000000,10003,0.00500125,1051252.57576800,1.00000000,90.0,1051252.57576800,946127.31819120,0.70000000,0.00000075,1338094.35001327,revenue-supported normalized cost units; not measured hashrate
S6c,S6/c,5,3468000,flat,base,efficient,200000000,10003,0.00500125,1051252.57576800,1.00000000,90.0,1051252.57576800,946127.31819120,0.58000000,0.00000062,1614941.45691257,revenue-supported normalized cost units; not measured hashrate
S6c,S6/c,5,3468000,flat,base,high_cost,200000000,10003,0.00500125,1051252.57576800,1.00000000,90.0,1051252.57576800,946127.31819120,0.90000000,0.00000096,1040740.05001032,revenue-supported normalized cost units; not measured hashrate
S6c,S6/c,5,3468000,flat,high,reference,200000000,290698,0.14513804,1052727.90868800,1.00000000,90.0,1052727.90868800,947455.11781920,0.70000000,0.00000075,1339972.23805858,revenue-supported normalized cost units; not measured hashrate
S6c,S6/c,5,3468000,flat,high,efficient,200000000,290698,0.14513804,1052727.90868800,1.00000000,90.0,1052727.90868800,947455.11781920,0.58000000,0.00000062,1617207.87351898,revenue-supported normalized cost units; not measured hashrate
S6c,S6/c,5,3468000,flat,high,high_cost,200000000,290698,0.14513804,1052727.90868800,1.00000000,90.0,1052727.90868800,947455.11781920,0.90000000,0.00000096,1042200.62960112,revenue-supported normalized cost units; not measured hashrate
S6c,S6/c,5,3468000,growth,low,reference,200000000,0,0.00000000,1051200.00000000,1.15927407,80.0,1218628.90690416,974903.12552333,0.70000000,0.00000084,1378791.56324014,revenue-supported normalized cost units; not measured hashrate
S6c,S6/c,5,3468000,growth,low,efficient,200000000,0,0.00000000,1051200.00000000,1.15927407,80.0,1218628.90690416,974903.12552333,0.58000000,0.00000070,1664058.78322085,revenue-supported normalized cost units; not measured hashrate
S6c,S6/c,5,3468000,growth,low,high_cost,200000000,0,0.00000000,1051200.00000000,1.15927407,80.0,1218628.90690416,974903.12552333,0.90000000,0.00000108,1072393.43807566,revenue-supported normalized cost units; not measured hashrate
S6c,S6/c,5,3468000,growth,base,reference,200000000,10003,0.00500125,1051252.57576800,1.15927407,80.0,1218689.85662894,974951.88530315,0.70000000,0.00000084,1378860.52350017,revenue-supported normalized cost units; not measured hashrate
S6c,S6/c,5,3468000,growth,base,efficient,200000000,10003,0.00500125,1051252.57576800,1.15927407,80.0,1218689.85662894,974951.88530315,0.58000000,0.00000070,1664142.01112090,revenue-supported normalized cost units; not measured hashrate
S6c,S6/c,5,3468000,growth,base,high_cost,200000000,10003,0.00500125,1051252.57576800,1.15927407,80.0,1218689.85662894,974951.88530315,0.90000000,0.00000108,1072447.07383347,revenue-supported normalized cost units; not measured hashrate
S6c,S6/c,5,3468000,growth,high,reference,200000000,290698,0.14513804,1052727.90868800,1.15927407,80.0,1220400.17183406,976320.13746724,0.70000000,0.00000084,1380795.62298939,revenue-supported normalized cost units; not measured hashrate
S6c,S6/c,5,3468000,growth,high,efficient,200000000,290698,0.14513804,1052727.90868800,1.15927407,80.0,1220400.17183406,976320.13746724,0.58000000,0.00000070,1666477.47602168,revenue-supported normalized cost units; not measured hashrate
S6c,S6/c,5,3468000,growth,high,high_cost,200000000,290698,0.14513804,1052727.90868800,1.15927407,80.0,1220400.17183406,976320.13746724,0.90000000,0.00000108,1073952.15121397,revenue-supported normalized cost units; not measured hashrate
S6c,S6/c,10,6096000,stress,low,reference,100000000,0,0.00000000,525600.00000000,0.59873694,70.0,314696.13526369,220287.29468458,0.70000000,0.00000192,311549.17391106,revenue-supported normalized cost units; not measured hashrate
S6c,S6/c,10,6096000,stress,low,efficient,100000000,0,0.00000000,525600.00000000,0.59873694,70.0,314696.13526369,220287.29468458,0.58000000,0.00000159,376007.62368576,revenue-supported normalized cost units; not measured hashrate
S6c,S6/c,10,6096000,stress,low,high_cost,100000000,0,0.00000000,525600.00000000,0.59873694,70.0,314696.13526369,220287.29468458,0.90000000,0.00000247,242316.02415304,revenue-supported normalized cost units; not measured hashrate
S6c,S6/c,10,6096000,stress,base,reference,100000000,10003,0.01000200,525652.57576800,0.59873694,70.0,314727.61431810,220309.33002267,0.70000000,0.00000192,311580.33817492,revenue-supported normalized cost units; not measured hashrate
S6c,S6/c,10,6096000,stress,base,efficient,100000000,10003,0.01000200,525652.57576800,0.59873694,70.0,314727.61431810,220309.33002267,0.58000000,0.00000159,376045.23572835,revenue-supported normalized cost units; not measured hashrate
S6c,S6/c,10,6096000,stress,base,high_cost,100000000,10003,0.01000200,525652.57576800,0.59873694,70.0,314727.61431810,220309.33002267,0.90000000,0.00000247,242340.26302494,revenue-supported normalized cost units; not measured hashrate
S6c,S6/c,10,6096000,stress,high,reference,100000000,290698,0.28985540,527127.90868800,0.59873694,70.0,315610.95063498,220927.66544449,0.70000000,0.00000192,312454.84112863,revenue-supported normalized cost units; not measured hashrate
S6c,S6/c,10,6096000,stress,high,efficient,100000000,290698,0.28985540,527127.90868800,0.59873694,70.0,315610.95063498,220927.66544449,0.58000000,0.00000159,377100.67032766,revenue-supported normalized cost units; not measured hashrate
S6c,S6/c,10,6096000,stress,high,high_cost,100000000,290698,0.28985540,527127.90868800,0.59873694,70.0,315610.95063498,220927.66544449,0.90000000,0.00000246,243020.43198894,revenue-supported normalized cost units; not measured hashrate
S6c,S6/c,10,6096000,flat,low,reference,100000000,0,0.00000000,525600.00000000,1.00000000,90.0,525600.00000000,473040.00000000,0.70000000,0.00000149,669013.71428571,revenue-supported normalized cost units; not measured hashrate
S6c,S6/c,10,6096000,flat,low,efficient,100000000,0,0.00000000,525600.00000000,1.00000000,90.0,525600.00000000,473040.00000000,0.58000000,0.00000124,807430.34482759,revenue-supported normalized cost units; not measured hashrate
S6c,S6/c,10,6096000,flat,low,high_cost,100000000,0,0.00000000,525600.00000000,1.00000000,90.0,525600.00000000,473040.00000000,0.90000000,0.00000192,520344.00000000,revenue-supported normalized cost units; not measured hashrate
S6c,S6/c,10,6096000,flat,base,reference,100000000,10003,0.01000200,525652.57576800,1.00000000,90.0,525652.57576800,473087.31819120,0.70000000,0.00000149,669080.63572755,revenue-supported normalized cost units; not measured hashrate
S6c,S6/c,10,6096000,flat,base,efficient,100000000,10003,0.01000200,525652.57576800,1.00000000,90.0,525652.57576800,473087.31819120,0.58000000,0.00000124,807511.11208498,revenue-supported normalized cost units; not measured hashrate
S6c,S6/c,10,6096000,flat,base,high_cost,100000000,10003,0.01000200,525652.57576800,1.00000000,90.0,525652.57576800,473087.31819120,0.90000000,0.00000192,520396.05001032,revenue-supported normalized cost units; not measured hashrate
S6c,S6/c,10,6096000,flat,high,reference,100000000,290698,0.28985540,527127.90868800,1.00000000,90.0,527127.90868800,474415.11781920,0.70000000,0.00000149,670958.52377287,revenue-supported normalized cost units; not measured hashrate
S6c,S6/c,10,6096000,flat,high,efficient,100000000,290698,0.28985540,527127.90868800,1.00000000,90.0,527127.90868800,474415.11781920,0.58000000,0.00000123,809777.52869139,revenue-supported normalized cost units; not measured hashrate
S6c,S6/c,10,6096000,flat,high,high_cost,100000000,290698,0.28985540,527127.90868800,1.00000000,90.0,527127.90868800,474415.11781920,0.90000000,0.00000192,521856.62960112,revenue-supported normalized cost units; not measured hashrate
S6c,S6/c,10,6096000,growth,low,reference,100000000,0,0.00000000,525600.00000000,1.34391638,80.0,706362.44898327,565089.95918662,0.70000000,0.00000168,799198.65656393,revenue-supported normalized cost units; not measured hashrate
S6c,S6/c,10,6096000,growth,low,efficient,100000000,0,0.00000000,525600.00000000,1.34391638,80.0,706362.44898327,565089.95918662,0.58000000,0.00000139,964550.10274957,revenue-supported normalized cost units; not measured hashrate
S6c,S6/c,10,6096000,growth,low,high_cost,100000000,0,0.00000000,525600.00000000,1.34391638,80.0,706362.44898327,565089.95918662,0.90000000,0.00000216,621598.95510528,revenue-supported normalized cost units; not measured hashrate
S6c,S6/c,10,6096000,growth,base,reference,100000000,10003,0.01000200,525652.57576800,1.34391638,80.0,706433.10641904,565146.48513523,0.70000000,0.00000168,799278.60040554,revenue-supported normalized cost units; not measured hashrate
S6c,S6/c,10,6096000,growth,base,efficient,100000000,10003,0.01000200,525652.57576800,1.34391638,80.0,706433.10641904,565146.48513523,0.58000000,0.00000139,964646.58669635,revenue-supported normalized cost units; not measured hashrate
S6c,S6/c,10,6096000,growth,base,high_cost,100000000,10003,0.01000200,525652.57576800,1.34391638,80.0,706433.10641904,565146.48513523,0.90000000,0.00000216,621661.13364876,revenue-supported normalized cost units; not measured hashrate
S6c,S6/c,10,6096000,growth,high,reference,100000000,290698,0.28985540,527127.90868800,1.34391638,80.0,708415.83049522,566732.66439617,0.70000000,0.00000168,801521.91107459,revenue-supported normalized cost units; not measured hashrate
S6c,S6/c,10,6096000,growth,high,efficient,100000000,290698,0.28985540,527127.90868800,1.34391638,80.0,708415.83049522,566732.66439617,0.58000000,0.00000139,967354.03060726,revenue-supported normalized cost units; not measured hashrate
S6c,S6/c,10,6096000,growth,high,high_cost,100000000,290698,0.28985540,527127.90868800,1.34391638,80.0,708415.83049522,566732.66439617,0.90000000,0.00000216,623405.93083579,revenue-supported normalized cost units; not measured hashrate
S6c,S6/c,25,13980000,stress,low,reference,60000000,0,0.00000000,315360.00000000,0.27738957,70.0,87477.57577970,61234.30304579,0.70000000,0.00000320,86602.80002190,revenue-supported normalized cost units; not measured hashrate
S6c,S6/c,25,13980000,stress,low,efficient,60000000,0,0.00000000,315360.00000000,0.27738957,70.0,87477.57577970,61234.30304579,0.58000000,0.00000265,104520.62071609,revenue-supported normalized cost units; not measured hashrate
S6c,S6/c,25,13980000,stress,low,high_cost,60000000,0,0.00000000,315360.00000000,0.27738957,70.0,87477.57577970,61234.30304579,0.90000000,0.00000412,67357.73335037,revenue-supported normalized cost units; not measured hashrate
S6c,S6/c,25,13980000,stress,base,reference,60000000,10003,0.01666889,315412.57576800,0.27738957,70.0,87492.15974954,61244.51182468,0.70000000,0.00000320,86617.23815205,revenue-supported normalized cost units; not measured hashrate
S6c,S6/c,25,13980000,stress,base,efficient,60000000,10003,0.01666889,315412.57576800,0.27738957,70.0,87492.15974954,61244.51182468,0.58000000,0.00000265,104538.04604558,revenue-supported normalized cost units; not measured hashrate
S6c,S6/c,25,13980000,stress,base,high_cost,60000000,10003,0.01666889,315412.57576800,0.27738957,70.0,87492.15974954,61244.51182468,0.90000000,0.00000412,67368.96300715,revenue-supported normalized cost units; not measured hashrate
S6c,S6/c,25,13980000,stress,high,reference,60000000,290698,0.48216061,316887.90868800,0.27738957,70.0,87901.40171844,61530.98120290,0.70000000,0.00000319,87022.38770125,revenue-supported normalized cost units; not measured hashrate
S6c,S6/c,25,13980000,stress,high,efficient,60000000,290698,0.48216061,316887.90868800,0.27738957,70.0,87901.40171844,61530.98120290,0.58000000,0.00000264,105027.01963944,revenue-supported normalized cost units; not measured hashrate
S6c,S6/c,25,13980000,stress,high,high_cost,60000000,290698,0.48216061,316887.90868800,0.27738957,70.0,87901.40171844,61530.98120290,0.90000000,0.00000410,67684.07932319,revenue-supported normalized cost units; not measured hashrate
S6c,S6/c,25,13980000,flat,low,reference,60000000,0,0.00000000,315360.00000000,1.00000000,90.0,315360.00000000,283824.00000000,0.70000000,0.00000249,401408.22857143,revenue-supported normalized cost units; not measured hashrate
S6c,S6/c,25,13980000,flat,low,efficient,60000000,0,0.00000000,315360.00000000,1.00000000,90.0,315360.00000000,283824.00000000,0.58000000,0.00000206,484458.20689655,revenue-supported normalized cost units; not measured hashrate
S6c,S6/c,25,13980000,flat,low,high_cost,60000000,0,0.00000000,315360.00000000,1.00000000,90.0,315360.00000000,283824.00000000,0.90000000,0.00000320,312206.40000000,revenue-supported normalized cost units; not measured hashrate
S6c,S6/c,25,13980000,flat,base,reference,60000000,10003,0.01666889,315412.57576800,1.00000000,90.0,315412.57576800,283871.31819120,0.70000000,0.00000249,401475.15001327,revenue-supported normalized cost units; not measured hashrate
S6c,S6/c,25,13980000,flat,base,efficient,60000000,10003,0.01666889,315412.57576800,1.00000000,90.0,315412.57576800,283871.31819120,0.58000000,0.00000206,484538.97415394,revenue-supported normalized cost units; not measured hashrate
S6c,S6/c,25,13980000,flat,base,high_cost,60000000,10003,0.01666889,315412.57576800,1.00000000,90.0,315412.57576800,283871.31819120,0.90000000,0.00000320,312258.45001032,revenue-supported normalized cost units; not measured hashrate
S6c,S6/c,25,13980000,flat,high,reference,60000000,290698,0.48216061,316887.90868800,1.00000000,90.0,316887.90868800,285199.11781920,0.70000000,0.00000248,403353.03805858,revenue-supported normalized cost units; not measured hashrate
S6c,S6/c,25,13980000,flat,high,efficient,60000000,290698,0.48216061,316887.90868800,1.00000000,90.0,316887.90868800,285199.11781920,0.58000000,0.00000205,486805.39076036,revenue-supported normalized cost units; not measured hashrate
S6c,S6/c,25,13980000,flat,high,high_cost,60000000,290698,0.48216061,316887.90868800,1.00000000,90.0,316887.90868800,285199.11781920,0.90000000,0.00000319,313719.02960112,revenue-supported normalized cost units; not measured hashrate
S6c,S6/c,25,13980000,growth,low,reference,60000000,0,0.00000000,315360.00000000,2.09377793,80.0,660293.80789575,528235.04631660,0.70000000,0.00000280,747075.27979062,revenue-supported normalized cost units; not measured hashrate
S6c,S6/c,25,13980000,growth,low,efficient,60000000,0,0.00000000,315360.00000000,2.09377793,80.0,660293.80789575,528235.04631660,0.58000000,0.00000232,901642.57905765,revenue-supported normalized cost units; not measured hashrate
S6c,S6/c,25,13980000,growth,low,high_cost,60000000,0,0.00000000,315360.00000000,2.09377793,80.0,660293.80789575,528235.04631660,0.90000000,0.00000360,581058.55094826,revenue-supported normalized cost units; not measured hashrate
S6c,S6/c,25,13980000,growth,base,reference,60000000,10003,0.01666889,315412.57576800,2.09377793,80.0,660403.88987843,528323.11190274,0.70000000,0.00000280,747199.82969102,revenue-supported normalized cost units; not measured hashrate
S6c,S6/c,25,13980000,growth,base,efficient,60000000,10003,0.01666889,315412.57576800,2.09377793,80.0,660403.88987843,528323.11190274,0.58000000,0.00000232,901792.89790295,revenue-supported normalized cost units; not measured hashrate
S6c,S6/c,25,13980000,growth,base,high_cost,60000000,10003,0.01666889,315412.57576800,2.09377793,80.0,660403.88987843,528323.11190274,0.90000000,0.00000360,581155.42309302,revenue-supported normalized cost units; not measured hashrate
S6c,S6/c,25,13980000,growth,high,reference,60000000,290698,0.48216061,316887.90868800,2.09377793,80.0,663492.90938521,530794.32750817,0.70000000,0.00000279,750694.83461870,revenue-supported normalized cost units; not measured hashrate
S6c,S6/c,25,13980000,growth,high,efficient,60000000,290698,0.48216061,316887.90868800,2.09377793,80.0,663492.90938521,530794.32750817,0.58000000,0.00000231,906011.00729843,revenue-supported normalized cost units; not measured hashrate
S6c,S6/c,25,13980000,growth,high,high_cost,60000000,290698,0.48216061,316887.90868800,2.09377793,80.0,663492.90938521,530794.32750817,0.90000000,0.00000359,583873.76025899,revenue-supported normalized cost units; not measured hashrate
S6c,S6/c,50,27120000,stress,low,reference,60000000,0,0.00000000,315360.00000000,0.07694498,70.0,24265.36740326,16985.75718229,0.70000000,0.00000320,24022.71372923,revenue-supported normalized cost units; not measured hashrate
S6c,S6/c,50,27120000,stress,low,efficient,60000000,0,0.00000000,315360.00000000,0.07694498,70.0,24265.36740326,16985.75718229,0.58000000,0.00000265,28992.93036287,revenue-supported normalized cost units; not measured hashrate
S6c,S6/c,50,27120000,stress,low,high_cost,60000000,0,0.00000000,315360.00000000,0.07694498,70.0,24265.36740326,16985.75718229,0.90000000,0.00000412,18684.33290051,revenue-supported normalized cost units; not measured hashrate
S6c,S6/c,50,27120000,stress,base,reference,60000000,10003,0.01666889,315412.57576800,0.07694498,70.0,24269.41284443,16988.58899110,0.70000000,0.00000320,24026.71871599,revenue-supported normalized cost units; not measured hashrate
S6c,S6/c,50,27120000,stress,base,efficient,60000000,10003,0.01666889,315412.57576800,0.07694498,70.0,24269.41284443,16988.58899110,0.58000000,0.00000265,28997.76396757,revenue-supported normalized cost units; not measured hashrate
S6c,S6/c,50,27120000,stress,base,high_cost,60000000,10003,0.01666889,315412.57576800,0.07694498,70.0,24269.41284443,16988.58899110,0.90000000,0.00000412,18687.44789021,revenue-supported normalized cost units; not measured hashrate
S6c,S6/c,50,27120000,stress,high,reference,60000000,290698,0.48216061,316887.90868800,0.07694498,70.0,24382.93229949,17068.05260964,0.70000000,0.00000319,24139.10297649,revenue-supported normalized cost units; not measured hashrate
S6c,S6/c,50,27120000,stress,high,efficient,60000000,290698,0.48216061,316887.90868800,0.07694498,70.0,24382.93229949,17068.05260964,0.58000000,0.00000264,29133.40014404,revenue-supported normalized cost units; not measured hashrate
S6c,S6/c,50,27120000,stress,high,high_cost,60000000,290698,0.48216061,316887.90868800,0.07694498,70.0,24382.93229949,17068.05260964,0.90000000,0.00000410,18774.85787061,revenue-supported normalized cost units; not measured hashrate
S6c,S6/c,50,27120000,flat,low,reference,60000000,0,0.00000000,315360.00000000,1.00000000,90.0,315360.00000000,283824.00000000,0.70000000,0.00000249,401408.22857143,revenue-supported normalized cost units; not measured hashrate
S6c,S6/c,50,27120000,flat,low,efficient,60000000,0,0.00000000,315360.00000000,1.00000000,90.0,315360.00000000,283824.00000000,0.58000000,0.00000206,484458.20689655,revenue-supported normalized cost units; not measured hashrate
S6c,S6/c,50,27120000,flat,low,high_cost,60000000,0,0.00000000,315360.00000000,1.00000000,90.0,315360.00000000,283824.00000000,0.90000000,0.00000320,312206.40000000,revenue-supported normalized cost units; not measured hashrate
S6c,S6/c,50,27120000,flat,base,reference,60000000,10003,0.01666889,315412.57576800,1.00000000,90.0,315412.57576800,283871.31819120,0.70000000,0.00000249,401475.15001327,revenue-supported normalized cost units; not measured hashrate
S6c,S6/c,50,27120000,flat,base,efficient,60000000,10003,0.01666889,315412.57576800,1.00000000,90.0,315412.57576800,283871.31819120,0.58000000,0.00000206,484538.97415394,revenue-supported normalized cost units; not measured hashrate
S6c,S6/c,50,27120000,flat,base,high_cost,60000000,10003,0.01666889,315412.57576800,1.00000000,90.0,315412.57576800,283871.31819120,0.90000000,0.00000320,312258.45001032,revenue-supported normalized cost units; not measured hashrate
S6c,S6/c,50,27120000,flat,high,reference,60000000,290698,0.48216061,316887.90868800,1.00000000,90.0,316887.90868800,285199.11781920,0.70000000,0.00000248,403353.03805858,revenue-supported normalized cost units; not measured hashrate
S6c,S6/c,50,27120000,flat,high,efficient,60000000,290698,0.48216061,316887.90868800,1.00000000,90.0,316887.90868800,285199.11781920,0.58000000,0.00000205,486805.39076036,revenue-supported normalized cost units; not measured hashrate
S6c,S6/c,50,27120000,flat,high,high_cost,60000000,290698,0.48216061,316887.90868800,1.00000000,90.0,316887.90868800,285199.11781920,0.90000000,0.00000319,313719.02960112,revenue-supported normalized cost units; not measured hashrate
S6c,S6/c,50,27120000,growth,low,reference,60000000,0,0.00000000,315360.00000000,4.38390602,80.0,1382508.60205947,1106006.88164757,0.70000000,0.00000280,1564209.73261586,revenue-supported normalized cost units; not measured hashrate
S6c,S6/c,50,27120000,growth,low,efficient,60000000,0,0.00000000,315360.00000000,4.38390602,80.0,1382508.60205947,1106006.88164757,0.58000000,0.00000232,1887839.33246741,revenue-supported normalized cost units; not measured hashrate
S6c,S6/c,50,27120000,growth,low,high_cost,60000000,0,0.00000000,315360.00000000,4.38390602,80.0,1382508.60205947,1106006.88164757,0.90000000,0.00000360,1216607.56981233,revenue-supported normalized cost units; not measured hashrate
S6c,S6/c,50,27120000,growth,base,reference,60000000,10003,0.01666889,315412.57576800,4.38390602,80.0,1382739.08928524,1106191.27142819,0.70000000,0.00000280,1564470.51244844,revenue-supported normalized cost units; not measured hashrate
S6c,S6/c,50,27120000,growth,base,efficient,60000000,10003,0.01666889,315412.57576800,4.38390602,80.0,1382739.08928524,1106191.27142819,0.58000000,0.00000232,1888154.06674812,revenue-supported normalized cost units; not measured hashrate
S6c,S6/c,50,27120000,growth,base,high_cost,60000000,10003,0.01666889,315412.57576800,4.38390602,80.0,1382739.08928524,1106191.27142819,0.90000000,0.00000360,1216810.39857101,revenue-supported normalized cost units; not measured hashrate
S6c,S6/c,50,27120000,growth,high,reference,60000000,290698,0.48216061,316887.90868800,4.38390602,80.0,1389206.81015283,1111365.44812226,0.70000000,0.00000279,1571788.27663005,revenue-supported normalized cost units; not measured hashrate
S6c,S6/c,50,27120000,growth,high,efficient,60000000,290698,0.48216061,316887.90868800,4.38390602,80.0,1389206.81015283,1111365.44812226,0.58000000,0.00000231,1896985.85110524,revenue-supported normalized cost units; not measured hashrate
S6c,S6/c,50,27120000,growth,high,high_cost,60000000,290698,0.48216061,316887.90868800,4.38390602,80.0,1389206.81015283,1111365.44812226,0.90000000,0.00000359,1222501.99293449,revenue-supported normalized cost units; not measured hashrate
S6c,S6/c,100,53400000,stress,low,reference,60000000,0,0.00000000,315360.00000000,0.00592053,70.0,1867.09809492,1306.96866645,0.70000000,0.00000320,1848.42711398,revenue-supported normalized cost units; not measured hashrate
S6c,S6/c,100,53400000,stress,low,efficient,60000000,0,0.00000000,315360.00000000,0.00592053,70.0,1867.09809492,1306.96866645,0.58000000,0.00000265,2230.86030997,revenue-supported normalized cost units; not measured hashrate
S6c,S6/c,100,53400000,stress,low,high_cost,60000000,0,0.00000000,315360.00000000,0.00592053,70.0,1867.09809492,1306.96866645,0.90000000,0.00000412,1437.66553309,revenue-supported normalized cost units; not measured hashrate
S6c,S6/c,100,53400000,stress,base,reference,60000000,10003,0.01666889,315412.57576800,0.00592053,70.0,1867.40937130,1307.18655991,0.70000000,0.00000320,1848.73527758,revenue-supported normalized cost units; not measured hashrate
S6c,S6/c,100,53400000,stress,base,efficient,60000000,10003,0.01666889,315412.57576800,0.00592053,70.0,1867.40937130,1307.18655991,0.58000000,0.00000265,2231.23223156,revenue-supported normalized cost units; not measured hashrate
S6c,S6/c,100,53400000,stress,base,high_cost,60000000,10003,0.01666889,315412.57576800,0.00592053,70.0,1867.40937130,1307.18655991,0.90000000,0.00000412,1437.90521590,revenue-supported normalized cost units; not measured hashrate
S6c,S6/c,100,53400000,stress,high,reference,60000000,290698,0.48216061,316887.90868800,0.00592053,70.0,1876.14412296,1313.30088607,0.70000000,0.00000319,1857.38268173,revenue-supported normalized cost units; not measured hashrate
S6c,S6/c,100,53400000,stress,high,efficient,60000000,290698,0.48216061,316887.90868800,0.00592053,70.0,1876.14412296,1313.30088607,0.58000000,0.00000264,2241.66875381,revenue-supported normalized cost units; not measured hashrate
S6c,S6/c,100,53400000,stress,high,high_cost,60000000,290698,0.48216061,316887.90868800,0.00592053,70.0,1876.14412296,1313.30088607,0.90000000,0.00000410,1444.63097468,revenue-supported normalized cost units; not measured hashrate
S6c,S6/c,100,53400000,flat,low,reference,60000000,0,0.00000000,315360.00000000,1.00000000,90.0,315360.00000000,283824.00000000,0.70000000,0.00000249,401408.22857143,revenue-supported normalized cost units; not measured hashrate
S6c,S6/c,100,53400000,flat,low,efficient,60000000,0,0.00000000,315360.00000000,1.00000000,90.0,315360.00000000,283824.00000000,0.58000000,0.00000206,484458.20689655,revenue-supported normalized cost units; not measured hashrate
S6c,S6/c,100,53400000,flat,low,high_cost,60000000,0,0.00000000,315360.00000000,1.00000000,90.0,315360.00000000,283824.00000000,0.90000000,0.00000320,312206.40000000,revenue-supported normalized cost units; not measured hashrate
S6c,S6/c,100,53400000,flat,base,reference,60000000,10003,0.01666889,315412.57576800,1.00000000,90.0,315412.57576800,283871.31819120,0.70000000,0.00000249,401475.15001327,revenue-supported normalized cost units; not measured hashrate
S6c,S6/c,100,53400000,flat,base,efficient,60000000,10003,0.01666889,315412.57576800,1.00000000,90.0,315412.57576800,283871.31819120,0.58000000,0.00000206,484538.97415394,revenue-supported normalized cost units; not measured hashrate
S6c,S6/c,100,53400000,flat,base,high_cost,60000000,10003,0.01666889,315412.57576800,1.00000000,90.0,315412.57576800,283871.31819120,0.90000000,0.00000320,312258.45001032,revenue-supported normalized cost units; not measured hashrate
S6c,S6/c,100,53400000,flat,high,reference,60000000,290698,0.48216061,316887.90868800,1.00000000,90.0,316887.90868800,285199.11781920,0.70000000,0.00000248,403353.03805858,revenue-supported normalized cost units; not measured hashrate
S6c,S6/c,100,53400000,flat,high,efficient,60000000,290698,0.48216061,316887.90868800,1.00000000,90.0,316887.90868800,285199.11781920,0.58000000,0.00000205,486805.39076036,revenue-supported normalized cost units; not measured hashrate
S6c,S6/c,100,53400000,flat,high,high_cost,60000000,290698,0.48216061,316887.90868800,1.00000000,90.0,316887.90868800,285199.11781920,0.90000000,0.00000319,313719.02960112,revenue-supported normalized cost units; not measured hashrate
S6c,S6/c,100,53400000,growth,low,reference,60000000,0,0.00000000,315360.00000000,19.21863198,80.0,6060787.78148283,4848630.22518626,0.70000000,0.00000280,6857348.46133485,revenue-supported normalized cost units; not measured hashrate
S6c,S6/c,100,53400000,growth,low,efficient,60000000,0,0.00000000,315360.00000000,19.21863198,80.0,6060787.78148283,4848630.22518626,0.58000000,0.00000232,8276110.21195586,revenue-supported normalized cost units; not measured hashrate
S6c,S6/c,100,53400000,growth,low,high_cost,60000000,0,0.00000000,315360.00000000,19.21863198,80.0,6060787.78148283,4848630.22518626,0.90000000,0.00000360,5333493.24770489,revenue-supported normalized cost units; not measured hashrate
S6c,S6/c,100,53400000,growth,base,reference,60000000,10003,0.01666889,315412.57576800,19.21863198,80.0,6061798.21581913,4849438.57265530,0.70000000,0.00000280,6858491.69561250,revenue-supported normalized cost units; not measured hashrate
S6c,S6/c,100,53400000,growth,base,efficient,60000000,10003,0.01666889,315412.57576800,19.21863198,80.0,6061798.21581913,4849438.57265530,0.58000000,0.00000232,8277489.97746336,revenue-supported normalized cost units; not measured hashrate
S6c,S6/c,100,53400000,growth,base,high_cost,60000000,10003,0.01666889,315412.57576800,19.21863198,80.0,6061798.21581913,4849438.57265530,0.90000000,0.00000360,5334382.42992083,revenue-supported normalized cost units; not measured hashrate
S6c,S6/c,100,53400000,growth,high,reference,60000000,290698,0.48216061,316887.90868800,19.21863198,80.0,6090152.09625785,4872121.67700628,0.70000000,0.00000279,6890572.08605174,revenue-supported normalized cost units; not measured hashrate
S6c,S6/c,100,53400000,growth,high,efficient,60000000,290698,0.48216061,316887.90868800,19.21863198,80.0,6090152.09625785,4872121.67700628,0.58000000,0.00000231,8316207.69006245,revenue-supported normalized cost units; not measured hashrate
S6c,S6/c,100,53400000,growth,high,high_cost,60000000,290698,0.48216061,316887.90868800,19.21863198,80.0,6090152.09625785,4872121.67700628,0.90000000,0.00000359,5359333.84470691,revenue-supported normalized cost units; not measured hashrate
S6c,S6/c,250,132240000,stress,low,reference,60000000,0,0.00000000,315360.00000000,0.00000270,70.0,0.85056582,0.59539608,0.70000000,0.00000320,0.84206017,revenue-supported normalized cost units; not measured hashrate
S6c,S6/c,250,132240000,stress,low,efficient,60000000,0,0.00000000,315360.00000000,0.00000270,70.0,0.85056582,0.59539608,0.58000000,0.00000265,1.01627951,revenue-supported normalized cost units; not measured hashrate
S6c,S6/c,250,132240000,stress,low,high_cost,60000000,0,0.00000000,315360.00000000,0.00000270,70.0,0.85056582,0.59539608,0.90000000,0.00000412,0.65493569,revenue-supported normalized cost units; not measured hashrate
S6c,S6/c,250,132240000,stress,base,reference,60000000,10003,0.01666889,315412.57576800,0.00000270,70.0,0.85070763,0.59549534,0.70000000,0.00000320,0.84220055,revenue-supported normalized cost units; not measured hashrate
S6c,S6/c,250,132240000,stress,base,efficient,60000000,10003,0.01666889,315412.57576800,0.00000270,70.0,0.85070763,0.59549534,0.58000000,0.00000265,1.01644894,revenue-supported normalized cost units; not measured hashrate
S6c,S6/c,250,132240000,stress,base,high_cost,60000000,10003,0.01666889,315412.57576800,0.00000270,70.0,0.85070763,0.59549534,0.90000000,0.00000412,0.65504487,revenue-supported normalized cost units; not measured hashrate
S6c,S6/c,250,132240000,stress,high,reference,60000000,290698,0.48216061,316887.90868800,0.00000270,70.0,0.85468679,0.59828075,0.70000000,0.00000319,0.84613992,revenue-supported normalized cost units; not measured hashrate
S6c,S6/c,250,132240000,stress,high,efficient,60000000,290698,0.48216061,316887.90868800,0.00000270,70.0,0.85468679,0.59828075,0.58000000,0.00000264,1.02120335,revenue-supported normalized cost units; not measured hashrate
S6c,S6/c,250,132240000,stress,high,high_cost,60000000,290698,0.48216061,316887.90868800,0.00000270,70.0,0.85468679,0.59828075,0.90000000,0.00000410,0.65810883,revenue-supported normalized cost units; not measured hashrate
S6c,S6/c,250,132240000,flat,low,reference,60000000,0,0.00000000,315360.00000000,1.00000000,90.0,315360.00000000,283824.00000000,0.70000000,0.00000249,401408.22857143,revenue-supported normalized cost units; not measured hashrate
S6c,S6/c,250,132240000,flat,low,efficient,60000000,0,0.00000000,315360.00000000,1.00000000,90.0,315360.00000000,283824.00000000,0.58000000,0.00000206,484458.20689655,revenue-supported normalized cost units; not measured hashrate
S6c,S6/c,250,132240000,flat,low,high_cost,60000000,0,0.00000000,315360.00000000,1.00000000,90.0,315360.00000000,283824.00000000,0.90000000,0.00000320,312206.40000000,revenue-supported normalized cost units; not measured hashrate
S6c,S6/c,250,132240000,flat,base,reference,60000000,10003,0.01666889,315412.57576800,1.00000000,90.0,315412.57576800,283871.31819120,0.70000000,0.00000249,401475.15001327,revenue-supported normalized cost units; not measured hashrate
S6c,S6/c,250,132240000,flat,base,efficient,60000000,10003,0.01666889,315412.57576800,1.00000000,90.0,315412.57576800,283871.31819120,0.58000000,0.00000206,484538.97415394,revenue-supported normalized cost units; not measured hashrate
S6c,S6/c,250,132240000,flat,base,high_cost,60000000,10003,0.01666889,315412.57576800,1.00000000,90.0,315412.57576800,283871.31819120,0.90000000,0.00000320,312258.45001032,revenue-supported normalized cost units; not measured hashrate
S6c,S6/c,250,132240000,flat,high,reference,60000000,290698,0.48216061,316887.90868800,1.00000000,90.0,316887.90868800,285199.11781920,0.70000000,0.00000248,403353.03805858,revenue-supported normalized cost units; not measured hashrate
S6c,S6/c,250,132240000,flat,high,efficient,60000000,290698,0.48216061,316887.90868800,1.00000000,90.0,316887.90868800,285199.11781920,0.58000000,0.00000205,486805.39076036,revenue-supported normalized cost units; not measured hashrate
S6c,S6/c,250,132240000,flat,high,high_cost,60000000,290698,0.48216061,316887.90868800,1.00000000,90.0,316887.90868800,285199.11781920,0.90000000,0.00000319,313719.02960112,revenue-supported normalized cost units; not measured hashrate
S6c,S6/c,250,132240000,growth,low,reference,60000000,0,0.00000000,315360.00000000,1619.22118137,80.0,510637591.75624121,408510073.40499297,0.70000000,0.00000280,577749960.95849005,revenue-supported normalized cost units; not measured hashrate
S6c,S6/c,250,132240000,growth,low,efficient,60000000,0,0.00000000,315360.00000000,1619.22118137,80.0,510637591.75624121,408510073.40499297,0.58000000,0.00000232,697284435.63955696,revenue-supported normalized cost units; not measured hashrate
S6c,S6/c,250,132240000,growth,low,high_cost,60000000,0,0.00000000,315360.00000000,1619.22118137,80.0,510637591.75624121,408510073.40499297,0.90000000,0.00000360,449361080.74549226,revenue-supported normalized cost units; not measured hashrate
S6c,S6/c,250,132240000,growth,base,reference,60000000,10003,0.01666889,315412.57576800,1619.22118137,80.0,510722723.55341350,408578178.84273080,0.70000000,0.00000280,577846281.50614785,revenue-supported normalized cost units; not measured hashrate
S6c,S6/c,250,132240000,growth,base,efficient,60000000,10003,0.01666889,315412.57576800,1619.22118137,80.0,510722723.55341350,408578178.84273080,0.58000000,0.00000232,697400684.57638534,revenue-supported normalized cost units; not measured hashrate
S6c,S6/c,250,132240000,growth,base,high_cost,60000000,10003,0.01666889,315412.57576800,1619.22118137,80.0,510722723.55341350,408578178.84273080,0.90000000,0.00000360,449435996.72700388,revenue-supported normalized cost units; not measured hashrate
S6c,S6/c,250,132240000,growth,high,reference,60000000,290698,0.48216061,316887.90868800,1619.22118137,80.0,513111613.86704714,410489291.09363771,0.70000000,0.00000279,580549140.26100191,revenue-supported normalized cost units; not measured hashrate
S6c,S6/c,250,132240000,growth,high,efficient,60000000,290698,0.48216061,316887.90868800,1619.22118137,80.0,513111613.86704714,410489291.09363771,0.58000000,0.00000231,700662755.48741609,revenue-supported normalized cost units; not measured hashrate
S6c,S6/c,250,132240000,growth,high,high_cost,60000000,290698,0.48216061,316887.90868800,1619.22118137,80.0,513111613.86704714,410489291.09363771,0.90000000,0.00000359,451538220.20300148,revenue-supported normalized cost units; not measured hashrate
S6c,S6/c,500,263640000,stress,low,reference,0,0,0.00000000,0.00000000,0.00000000,70.0,0.00000000,0.00000000,0.70000000,0.00000000,0.00000000,revenue-supported normalized cost units; not measured hashrate
S6c,S6/c,500,263640000,stress,low,efficient,0,0,0.00000000,0.00000000,0.00000000,70.0,0.00000000,0.00000000,0.58000000,0.00000000,0.00000000,revenue-supported normalized cost units; not measured hashrate
S6c,S6/c,500,263640000,stress,low,high_cost,0,0,0.00000000,0.00000000,0.00000000,70.0,0.00000000,0.00000000,0.90000000,0.00000000,0.00000000,revenue-supported normalized cost units; not measured hashrate
S6c,S6/c,500,263640000,stress,base,reference,0,10003,100.00000000,52.57576800,0.00000000,70.0,0.00000000,0.00000000,0.70000000,0.01921229,0.00000000,revenue-supported normalized cost units; not measured hashrate
S6c,S6/c,500,263640000,stress,base,efficient,0,10003,100.00000000,52.57576800,0.00000000,70.0,0.00000000,0.00000000,0.58000000,0.01591876,0.00000000,revenue-supported normalized cost units; not measured hashrate
S6c,S6/c,500,263640000,stress,base,high_cost,0,10003,100.00000000,52.57576800,0.00000000,70.0,0.00000000,0.00000000,0.90000000,0.02470152,0.00000000,revenue-supported normalized cost units; not measured hashrate
S6c,S6/c,500,263640000,stress,high,reference,0,290698,100.00000000,1527.90868800,0.00000000,70.0,0.00000001,0.00000001,0.70000000,0.00066110,0.00000001,revenue-supported normalized cost units; not measured hashrate
S6c,S6/c,500,263640000,stress,high,efficient,0,290698,100.00000000,1527.90868800,0.00000000,70.0,0.00000001,0.00000001,0.58000000,0.00054777,0.00000001,revenue-supported normalized cost units; not measured hashrate
S6c,S6/c,500,263640000,stress,high,high_cost,0,290698,100.00000000,1527.90868800,0.00000000,70.0,0.00000001,0.00000001,0.90000000,0.00084999,0.00000001,revenue-supported normalized cost units; not measured hashrate
S6c,S6/c,500,263640000,flat,low,reference,0,0,0.00000000,0.00000000,1.00000000,90.0,0.00000000,0.00000000,0.70000000,0.00000000,0.00000000,revenue-supported normalized cost units; not measured hashrate
S6c,S6/c,500,263640000,flat,low,efficient,0,0,0.00000000,0.00000000,1.00000000,90.0,0.00000000,0.00000000,0.58000000,0.00000000,0.00000000,revenue-supported normalized cost units; not measured hashrate
S6c,S6/c,500,263640000,flat,low,high_cost,0,0,0.00000000,0.00000000,1.00000000,90.0,0.00000000,0.00000000,0.90000000,0.00000000,0.00000000,revenue-supported normalized cost units; not measured hashrate
S6c,S6/c,500,263640000,flat,base,reference,0,10003,100.00000000,52.57576800,1.00000000,90.0,52.57576800,47.31819120,0.70000000,0.01494289,66.92144184,revenue-supported normalized cost units; not measured hashrate
S6c,S6/c,500,263640000,flat,base,efficient,0,10003,100.00000000,52.57576800,1.00000000,90.0,52.57576800,47.31819120,0.58000000,0.01238125,80.76725739,revenue-supported normalized cost units; not measured hashrate
S6c,S6/c,500,263640000,flat,base,high_cost,0,10003,100.00000000,52.57576800,1.00000000,90.0,52.57576800,47.31819120,0.90000000,0.01921229,52.05001032,revenue-supported normalized cost units; not measured hashrate
S6c,S6/c,500,263640000,flat,high,reference,0,290698,100.00000000,1527.90868800,1.00000000,90.0,1527.90868800,1375.11781920,0.70000000,0.00051419,1944.80948715,revenue-supported normalized cost units; not measured hashrate
S6c,S6/c,500,263640000,flat,high,efficient,0,290698,100.00000000,1527.90868800,1.00000000,90.0,1527.90868800,1375.11781920,0.58000000,0.00042604,2347.18386381,revenue-supported normalized cost units; not measured hashrate
S6c,S6/c,500,263640000,flat,high,high_cost,0,290698,100.00000000,1527.90868800,1.00000000,90.0,1527.90868800,1375.11781920,0.90000000,0.00066110,1512.62960112,revenue-supported normalized cost units; not measured hashrate
S6c,S6/c,500,263640000,growth,low,reference,0,0,0.00000000,0.00000000,2621877.23419108,80.0,0.00000000,0.00000000,0.70000000,0.00000000,0.00000000,revenue-supported normalized cost units; not measured hashrate
S6c,S6/c,500,263640000,growth,low,efficient,0,0,0.00000000,0.00000000,2621877.23419108,80.0,0.00000000,0.00000000,0.58000000,0.00000000,0.00000000,revenue-supported normalized cost units; not measured hashrate
S6c,S6/c,500,263640000,growth,low,high_cost,0,0,0.00000000,0.00000000,2621877.23419108,80.0,0.00000000,0.00000000,0.90000000,0.00000000,0.00000000,revenue-supported normalized cost units; not measured hashrate
S6c,S6/c,500,263640000,growth,base,reference,0,10003,100.00000000,52.57576800,2621877.23419108,80.0,137847209.18931171,110277767.35144937,0.70000000,0.01681076,155964270.96847839,revenue-supported normalized cost units; not measured hashrate
S6c,S6/c,500,263640000,growth,base,efficient,0,10003,100.00000000,52.57576800,2621877.23419108,80.0,137847209.18931171,110277767.35144937,0.58000000,0.01392891,188232740.82402565,revenue-supported normalized cost units; not measured hashrate
S6c,S6/c,500,263640000,growth,base,high_cost,0,10003,100.00000000,52.57576800,2621877.23419108,80.0,137847209.18931171,110277767.35144937,0.90000000,0.02161383,121305544.08659430,revenue-supported normalized cost units; not measured hashrate
S6c,S6/c,500,263640000,growth,high,reference,0,290698,100.00000000,1527.90868800,2621877.23419108,80.0,4005989004.98995656,3204791203.99196525,0.70000000,0.00057846,4532490417.07435085,revenue-supported normalized cost units; not measured hashrate
S6c,S6/c,500,263640000,growth,high,efficient,0,290698,100.00000000,1527.90868800,2621877.23419108,80.0,4005989004.98995656,3204791203.99196525,0.58000000,0.00047930,5470247055.08973378,revenue-supported normalized cost units; not measured hashrate
S6c,S6/c,500,263640000,growth,high,high_cost,0,290698,100.00000000,1527.90868800,2621877.23419108,80.0,4005989004.98995656,3204791203.99196525,0.90000000,0.00074374,3525270324.39116177,revenue-supported normalized cost units; not measured hashrate
S7,S7,0,840000,stress,low,reference,400000000,0,0.00000000,2102400.00000000,1.00000000,70.0,2102400.00000000,1471680.00000000,0.70000000,0.00000048,2081376.00000000,revenue-supported normalized cost units; not measured hashrate
S7,S7,0,840000,stress,low,efficient,400000000,0,0.00000000,2102400.00000000,1.00000000,70.0,2102400.00000000,1471680.00000000,0.58000000,0.00000040,2512005.51724138,revenue-supported normalized cost units; not measured hashrate
S7,S7,0,840000,stress,low,high_cost,400000000,0,0.00000000,2102400.00000000,1.00000000,70.0,2102400.00000000,1471680.00000000,0.90000000,0.00000062,1618848.00000000,revenue-supported normalized cost units; not measured hashrate
S7,S7,0,840000,stress,base,reference,400000000,10003,0.00250069,2102452.57576800,1.00000000,70.0,2102452.57576800,1471716.80303760,0.70000000,0.00000048,2081428.05001032,revenue-supported normalized cost units; not measured hashrate
S7,S7,0,840000,stress,base,efficient,400000000,10003,0.00250069,2102452.57576800,1.00000000,70.0,2102452.57576800,1471716.80303760,0.58000000,0.00000040,2512068.33621935,revenue-supported normalized cost units; not measured hashrate
S7,S7,0,840000,stress,base,high_cost,400000000,10003,0.00250069,2102452.57576800,1.00000000,70.0,2102452.57576800,1471716.80303760,0.90000000,0.00000062,1618888.48334136,revenue-supported normalized cost units; not measured hashrate
S7,S7,0,840000,stress,high,reference,400000000,290698,0.07262172,2103927.90868800,1.00000000,70.0,2103927.90868800,1472749.53608160,0.70000000,0.00000048,2082888.62960112,revenue-supported normalized cost units; not measured hashrate
S7,S7,0,840000,stress,high,efficient,400000000,290698,0.07262172,2103927.90868800,1.00000000,70.0,2103927.90868800,1472749.53608160,0.58000000,0.00000040,2513831.10469101,revenue-supported normalized cost units; not measured hashrate
S7,S7,0,840000,stress,high,high_cost,400000000,290698,0.07262172,2103927.90868800,1.00000000,70.0,2103927.90868800,1472749.53608160,0.90000000,0.00000062,1620024.48968976,revenue-supported normalized cost units; not measured hashrate
S7,S7,0,840000,flat,low,reference,400000000,0,0.00000000,2102400.00000000,1.00000000,90.0,2102400.00000000,1892160.00000000,0.70000000,0.00000037,2676054.85714286,revenue-supported normalized cost units; not measured hashrate
S7,S7,0,840000,flat,low,efficient,400000000,0,0.00000000,2102400.00000000,1.00000000,90.0,2102400.00000000,1892160.00000000,0.58000000,0.00000031,3229721.37931034,revenue-supported normalized cost units; not measured hashrate
S7,S7,0,840000,flat,low,high_cost,400000000,0,0.00000000,2102400.00000000,1.00000000,90.0,2102400.00000000,1892160.00000000,0.90000000,0.00000048,2081376.00000000,revenue-supported normalized cost units; not measured hashrate
S7,S7,0,840000,flat,base,reference,400000000,10003,0.00250069,2102452.57576800,1.00000000,90.0,2102452.57576800,1892207.31819120,0.70000000,0.00000037,2676121.77858470,revenue-supported normalized cost units; not measured hashrate
S7,S7,0,840000,flat,base,efficient,400000000,10003,0.00250069,2102452.57576800,1.00000000,90.0,2102452.57576800,1892207.31819120,0.58000000,0.00000031,3229802.14656774,revenue-supported normalized cost units; not measured hashrate
S7,S7,0,840000,flat,base,high_cost,400000000,10003,0.00250069,2102452.57576800,1.00000000,90.0,2102452.57576800,1892207.31819120,0.90000000,0.00000048,2081428.05001032,revenue-supported normalized cost units; not measured hashrate
S7,S7,0,840000,flat,high,reference,400000000,290698,0.07262172,2103927.90868800,1.00000000,90.0,2103927.90868800,1893535.11781920,0.70000000,0.00000037,2677999.66663001,revenue-supported normalized cost units; not measured hashrate
S7,S7,0,840000,flat,high,efficient,400000000,290698,0.07262172,2103927.90868800,1.00000000,90.0,2103927.90868800,1893535.11781920,0.58000000,0.00000031,3232068.56317415,revenue-supported normalized cost units; not measured hashrate
S7,S7,0,840000,flat,high,high_cost,400000000,290698,0.07262172,2103927.90868800,1.00000000,90.0,2103927.90868800,1893535.11781920,0.90000000,0.00000048,2082888.62960112,revenue-supported normalized cost units; not measured hashrate
S7,S7,0,840000,growth,low,reference,400000000,0,0.00000000,2102400.00000000,1.00000000,80.0,2102400.00000000,1681920.00000000,0.70000000,0.00000042,2378715.42857143,revenue-supported normalized cost units; not measured hashrate
S7,S7,0,840000,growth,low,efficient,400000000,0,0.00000000,2102400.00000000,1.00000000,80.0,2102400.00000000,1681920.00000000,0.58000000,0.00000035,2870863.44827586,revenue-supported normalized cost units; not measured hashrate
S7,S7,0,840000,growth,low,high_cost,400000000,0,0.00000000,2102400.00000000,1.00000000,80.0,2102400.00000000,1681920.00000000,0.90000000,0.00000054,1850112.00000000,revenue-supported normalized cost units; not measured hashrate
S7,S7,0,840000,growth,base,reference,400000000,10003,0.00250069,2102452.57576800,1.00000000,80.0,2102452.57576800,1681962.06061440,0.70000000,0.00000042,2378774.91429751,revenue-supported normalized cost units; not measured hashrate
S7,S7,0,840000,growth,base,efficient,400000000,10003,0.00250069,2102452.57576800,1.00000000,80.0,2102452.57576800,1681962.06061440,0.58000000,0.00000035,2870935.24139354,revenue-supported normalized cost units; not measured hashrate
S7,S7,0,840000,growth,base,high_cost,400000000,10003,0.00250069,2102452.57576800,1.00000000,80.0,2102452.57576800,1681962.06061440,0.90000000,0.00000054,1850158.26667584,revenue-supported normalized cost units; not measured hashrate
S7,S7,0,840000,growth,high,reference,400000000,290698,0.07262172,2103927.90868800,1.00000000,80.0,2103927.90868800,1683142.32695040,0.70000000,0.00000042,2380444.14811557,revenue-supported normalized cost units; not measured hashrate
S7,S7,0,840000,growth,high,efficient,400000000,290698,0.07262172,2103927.90868800,1.00000000,80.0,2103927.90868800,1683142.32695040,0.58000000,0.00000035,2872949.83393258,revenue-supported normalized cost units; not measured hashrate
S7,S7,0,840000,growth,high,high_cost,400000000,290698,0.07262172,2103927.90868800,1.00000000,80.0,2103927.90868800,1683142.32695040,0.90000000,0.00000054,1851456.55964544,revenue-supported normalized cost units; not measured hashrate
S7,S7,1,1365600,stress,low,reference,400000000,0,0.00000000,2102400.00000000,0.95000000,70.0,1997280.00000000,1398096.00000000,0.70000000,0.00000048,1977307.20000000,revenue-supported normalized cost units; not measured hashrate
S7,S7,1,1365600,stress,low,efficient,400000000,0,0.00000000,2102400.00000000,0.95000000,70.0,1997280.00000000,1398096.00000000,0.58000000,0.00000040,2386405.24137931,revenue-supported normalized cost units; not measured hashrate
S7,S7,1,1365600,stress,low,high_cost,400000000,0,0.00000000,2102400.00000000,0.95000000,70.0,1997280.00000000,1398096.00000000,0.90000000,0.00000062,1537905.60000000,revenue-supported normalized cost units; not measured hashrate
S7,S7,1,1365600,stress,base,reference,400000000,10003,0.00250069,2102452.57576800,0.95000000,70.0,1997329.94697960,1398130.96288572,0.70000000,0.00000048,1977356.64750980,revenue-supported normalized cost units; not measured hashrate
S7,S7,1,1365600,stress,base,efficient,400000000,10003,0.00250069,2102452.57576800,0.95000000,70.0,1997329.94697960,1398130.96288572,0.58000000,0.00000040,2386464.91940838,revenue-supported normalized cost units; not measured hashrate
S7,S7,1,1365600,stress,base,high_cost,400000000,10003,0.00250069,2102452.57576800,0.95000000,70.0,1997329.94697960,1398130.96288572,0.90000000,0.00000062,1537944.05917429,revenue-supported normalized cost units; not measured hashrate
S7,S7,1,1365600,stress,high,reference,400000000,290698,0.07262172,2103927.90868800,0.95000000,70.0,1998731.51325360,1399112.05927752,0.70000000,0.00000048,1978744.19812106,revenue-supported normalized cost units; not measured hashrate
S7,S7,1,1365600,stress,high,efficient,400000000,290698,0.07262172,2103927.90868800,0.95000000,70.0,1998731.51325360,1399112.05927752,0.58000000,0.00000040,2388139.54945646,revenue-supported normalized cost units; not measured hashrate
S7,S7,1,1365600,stress,high,high_cost,400000000,290698,0.07262172,2103927.90868800,0.95000000,70.0,1998731.51325360,1399112.05927752,0.90000000,0.00000062,1539023.26520527,revenue-supported normalized cost units; not measured hashrate
S7,S7,1,1365600,flat,low,reference,400000000,0,0.00000000,2102400.00000000,1.00000000,90.0,2102400.00000000,1892160.00000000,0.70000000,0.00000037,2676054.85714286,revenue-supported normalized cost units; not measured hashrate
S7,S7,1,1365600,flat,low,efficient,400000000,0,0.00000000,2102400.00000000,1.00000000,90.0,2102400.00000000,1892160.00000000,0.58000000,0.00000031,3229721.37931034,revenue-supported normalized cost units; not measured hashrate
S7,S7,1,1365600,flat,low,high_cost,400000000,0,0.00000000,2102400.00000000,1.00000000,90.0,2102400.00000000,1892160.00000000,0.90000000,0.00000048,2081376.00000000,revenue-supported normalized cost units; not measured hashrate
S7,S7,1,1365600,flat,base,reference,400000000,10003,0.00250069,2102452.57576800,1.00000000,90.0,2102452.57576800,1892207.31819120,0.70000000,0.00000037,2676121.77858470,revenue-supported normalized cost units; not measured hashrate
S7,S7,1,1365600,flat,base,efficient,400000000,10003,0.00250069,2102452.57576800,1.00000000,90.0,2102452.57576800,1892207.31819120,0.58000000,0.00000031,3229802.14656774,revenue-supported normalized cost units; not measured hashrate
S7,S7,1,1365600,flat,base,high_cost,400000000,10003,0.00250069,2102452.57576800,1.00000000,90.0,2102452.57576800,1892207.31819120,0.90000000,0.00000048,2081428.05001032,revenue-supported normalized cost units; not measured hashrate
S7,S7,1,1365600,flat,high,reference,400000000,290698,0.07262172,2103927.90868800,1.00000000,90.0,2103927.90868800,1893535.11781920,0.70000000,0.00000037,2677999.66663001,revenue-supported normalized cost units; not measured hashrate
S7,S7,1,1365600,flat,high,efficient,400000000,290698,0.07262172,2103927.90868800,1.00000000,90.0,2103927.90868800,1893535.11781920,0.58000000,0.00000031,3232068.56317415,revenue-supported normalized cost units; not measured hashrate
S7,S7,1,1365600,flat,high,high_cost,400000000,290698,0.07262172,2103927.90868800,1.00000000,90.0,2103927.90868800,1893535.11781920,0.90000000,0.00000048,2082888.62960112,revenue-supported normalized cost units; not measured hashrate
S7,S7,1,1365600,growth,low,reference,400000000,0,0.00000000,2102400.00000000,1.03000000,80.0,2165472.00000000,1732377.60000000,0.70000000,0.00000042,2450076.89142857,revenue-supported normalized cost units; not measured hashrate
S7,S7,1,1365600,growth,low,efficient,400000000,0,0.00000000,2102400.00000000,1.03000000,80.0,2165472.00000000,1732377.60000000,0.58000000,0.00000035,2956989.35172414,revenue-supported normalized cost units; not measured hashrate
S7,S7,1,1365600,growth,low,high_cost,400000000,0,0.00000000,2102400.00000000,1.03000000,80.0,2165472.00000000,1732377.60000000,0.90000000,0.00000054,1905615.36000000,revenue-supported normalized cost units; not measured hashrate
S7,S7,1,1365600,growth,base,reference,400000000,10003,0.00250069,2102452.57576800,1.03000000,80.0,2165526.15304104,1732420.92243283,0.70000000,0.00000042,2450138.16172643,revenue-supported normalized cost units; not measured hashrate
S7,S7,1,1365600,growth,base,efficient,400000000,10003,0.00250069,2102452.57576800,1.03000000,80.0,2165526.15304104,1732420.92243283,0.58000000,0.00000035,2957063.29863535,revenue-supported normalized cost units; not measured hashrate
S7,S7,1,1365600,growth,base,high_cost,400000000,10003,0.00250069,2102452.57576800,1.03000000,80.0,2165526.15304104,1732420.92243283,0.90000000,0.00000054,1905663.01467612,revenue-supported normalized cost units; not measured hashrate
S7,S7,1,1365600,growth,high,reference,400000000,290698,0.07262172,2103927.90868800,1.03000000,80.0,2167045.74594864,1733636.59675891,0.70000000,0.00000042,2451857.47255903,revenue-supported normalized cost units; not measured hashrate
S7,S7,1,1365600,growth,high,efficient,400000000,290698,0.07262172,2103927.90868800,1.03000000,80.0,2167045.74594864,1733636.59675891,0.58000000,0.00000035,2959138.32895056,revenue-supported normalized cost units; not measured hashrate
S7,S7,1,1365600,growth,high,high_cost,400000000,290698,0.07262172,2103927.90868800,1.03000000,80.0,2167045.74594864,1733636.59675891,0.90000000,0.00000054,1907000.25643480,revenue-supported normalized cost units; not measured hashrate
S7,S7,2,1891200,stress,low,reference,400000000,0,0.00000000,2102400.00000000,0.90250000,70.0,1897416.00000000,1328191.20000000,0.70000000,0.00000048,1878441.84000000,revenue-supported normalized cost units; not measured hashrate
S7,S7,2,1891200,stress,low,efficient,400000000,0,0.00000000,2102400.00000000,0.90250000,70.0,1897416.00000000,1328191.20000000,0.58000000,0.00000040,2267084.97931034,revenue-supported normalized cost units; not measured hashrate
S7,S7,2,1891200,stress,low,high_cost,400000000,0,0.00000000,2102400.00000000,0.90250000,70.0,1897416.00000000,1328191.20000000,0.90000000,0.00000062,1461010.32000000,revenue-supported normalized cost units; not measured hashrate
S7,S7,2,1891200,stress,base,reference,400000000,10003,0.00250069,2102452.57576800,0.90250000,70.0,1897463.44963062,1328224.41474143,0.70000000,0.00000048,1878488.81513431,revenue-supported normalized cost units; not measured hashrate
S7,S7,2,1891200,stress,base,efficient,400000000,10003,0.00250069,2102452.57576800,0.90250000,70.0,1897463.44963062,1328224.41474143,0.58000000,0.00000040,2267141.67343796,revenue-supported normalized cost units; not measured hashrate
S7,S7,2,1891200,stress,base,high_cost,400000000,10003,0.00250069,2102452.57576800,0.90250000,70.0,1897463.44963062,1328224.41474143,0.90000000,0.00000062,1461046.85621558,revenue-supported normalized cost units; not measured hashrate
S7,S7,2,1891200,stress,high,reference,400000000,290698,0.07262172,2103927.90868800,0.90250000,70.0,1898794.93759092,1329156.45631364,0.70000000,0.00000048,1879806.98821501,revenue-supported normalized cost units; not measured hashrate
S7,S7,2,1891200,stress,high,efficient,400000000,290698,0.07262172,2103927.90868800,0.90250000,70.0,1898794.93759092,1329156.45631364,0.58000000,0.00000040,2268732.57198363,revenue-supported normalized cost units; not measured hashrate
S7,S7,2,1891200,stress,high,high_cost,400000000,290698,0.07262172,2103927.90868800,0.90250000,70.0,1898794.93759092,1329156.45631364,0.90000000,0.00000062,1462072.10194501,revenue-supported normalized cost units; not measured hashrate
S7,S7,2,1891200,flat,low,reference,400000000,0,0.00000000,2102400.00000000,1.00000000,90.0,2102400.00000000,1892160.00000000,0.70000000,0.00000037,2676054.85714286,revenue-supported normalized cost units; not measured hashrate
S7,S7,2,1891200,flat,low,efficient,400000000,0,0.00000000,2102400.00000000,1.00000000,90.0,2102400.00000000,1892160.00000000,0.58000000,0.00000031,3229721.37931034,revenue-supported normalized cost units; not measured hashrate
S7,S7,2,1891200,flat,low,high_cost,400000000,0,0.00000000,2102400.00000000,1.00000000,90.0,2102400.00000000,1892160.00000000,0.90000000,0.00000048,2081376.00000000,revenue-supported normalized cost units; not measured hashrate
S7,S7,2,1891200,flat,base,reference,400000000,10003,0.00250069,2102452.57576800,1.00000000,90.0,2102452.57576800,1892207.31819120,0.70000000,0.00000037,2676121.77858470,revenue-supported normalized cost units; not measured hashrate
S7,S7,2,1891200,flat,base,efficient,400000000,10003,0.00250069,2102452.57576800,1.00000000,90.0,2102452.57576800,1892207.31819120,0.58000000,0.00000031,3229802.14656774,revenue-supported normalized cost units; not measured hashrate
S7,S7,2,1891200,flat,base,high_cost,400000000,10003,0.00250069,2102452.57576800,1.00000000,90.0,2102452.57576800,1892207.31819120,0.90000000,0.00000048,2081428.05001032,revenue-supported normalized cost units; not measured hashrate
S7,S7,2,1891200,flat,high,reference,400000000,290698,0.07262172,2103927.90868800,1.00000000,90.0,2103927.90868800,1893535.11781920,0.70000000,0.00000037,2677999.66663001,revenue-supported normalized cost units; not measured hashrate
S7,S7,2,1891200,flat,high,efficient,400000000,290698,0.07262172,2103927.90868800,1.00000000,90.0,2103927.90868800,1893535.11781920,0.58000000,0.00000031,3232068.56317415,revenue-supported normalized cost units; not measured hashrate
S7,S7,2,1891200,flat,high,high_cost,400000000,290698,0.07262172,2103927.90868800,1.00000000,90.0,2103927.90868800,1893535.11781920,0.90000000,0.00000048,2082888.62960112,revenue-supported normalized cost units; not measured hashrate
S7,S7,2,1891200,growth,low,reference,400000000,0,0.00000000,2102400.00000000,1.06090000,80.0,2230436.16000000,1784348.92800000,0.70000000,0.00000042,2523579.19817143,revenue-supported normalized cost units; not measured hashrate
S7,S7,2,1891200,growth,low,efficient,400000000,0,0.00000000,2102400.00000000,1.06090000,80.0,2230436.16000000,1784348.92800000,0.58000000,0.00000035,3045699.03227586,revenue-supported normalized cost units; not measured hashrate
S7,S7,2,1891200,growth,low,high_cost,400000000,0,0.00000000,2102400.00000000,1.06090000,80.0,2230436.16000000,1784348.92800000,0.90000000,0.00000054,1962783.82080000,revenue-supported normalized cost units; not measured hashrate
S7,S7,2,1891200,growth,base,reference,400000000,10003,0.00250069,2102452.57576800,1.06090000,80.0,2230491.93763227,1784393.55010582,0.70000000,0.00000042,2523642.30657823,revenue-supported normalized cost units; not measured hashrate
S7,S7,2,1891200,growth,base,efficient,400000000,10003,0.00250069,2102452.57576800,1.06090000,80.0,2230491.93763227,1784393.55010582,0.58000000,0.00000035,3045775.19759441,revenue-supported normalized cost units; not measured hashrate
S7,S7,2,1891200,growth,base,high_cost,400000000,10003,0.00250069,2102452.57576800,1.06090000,80.0,2230491.93763227,1784393.55010582,0.90000000,0.00000054,1962832.90511640,revenue-supported normalized cost units; not measured hashrate
S7,S7,2,1891200,growth,high,reference,400000000,290698,0.07262172,2103927.90868800,1.06090000,80.0,2232057.11832710,1785645.69466168,0.70000000,0.00000042,2525413.19673580,revenue-supported normalized cost units; not measured hashrate
S7,S7,2,1891200,growth,high,efficient,400000000,290698,0.07262172,2103927.90868800,1.06090000,80.0,2232057.11832710,1785645.69466168,0.58000000,0.00000035,3047912.47881907,revenue-supported normalized cost units; not measured hashrate
S7,S7,2,1891200,growth,high,high_cost,400000000,290698,0.07262172,2103927.90868800,1.06090000,80.0,2232057.11832710,1785645.69466168,0.90000000,0.00000054,1964210.26412785,revenue-supported normalized cost units; not measured hashrate
S7,S7,5,3468000,stress,low,reference,200000000,0,0.00000000,1051200.00000000,0.77378094,70.0,813398.52150000,569378.96505000,0.70000000,0.00000096,805264.53628500,revenue-supported normalized cost units; not measured hashrate
S7,S7,5,3468000,stress,low,efficient,200000000,0,0.00000000,1051200.00000000,0.77378094,70.0,813398.52150000,569378.96505000,0.58000000,0.00000080,971870.99206810,revenue-supported normalized cost units; not measured hashrate
S7,S7,5,3468000,stress,low,high_cost,200000000,0,0.00000000,1051200.00000000,0.77378094,70.0,813398.52150000,569378.96505000,0.90000000,0.00000124,626316.86155500,revenue-supported normalized cost units; not measured hashrate
S7,S7,5,3468000,stress,base,reference,200000000,10003,0.00500125,1051252.57576800,0.77378094,70.0,813439.20362705,569407.44253894,0.70000000,0.00000096,805304.81159078,revenue-supported normalized cost units; not measured hashrate
S7,S7,5,3468000,stress,base,efficient,200000000,10003,0.00500125,1051252.57576800,0.77378094,70.0,813439.20362705,569407.44253894,0.58000000,0.00000080,971919.60019577,revenue-supported normalized cost units; not measured hashrate
S7,S7,5,3468000,stress,base,high_cost,200000000,10003,0.00500125,1051252.57576800,0.77378094,70.0,813439.20362705,569407.44253894,0.90000000,0.00000124,626348.18679283,revenue-supported normalized cost units; not measured hashrate
S7,S7,5,3468000,stress,high,reference,200000000,290698,0.14513804,1052727.90868800,0.77378094,70.0,814580.78811702,570206.55168191,0.70000000,0.00000096,806434.98023584,revenue-supported normalized cost units; not measured hashrate
S7,S7,5,3468000,stress,high,efficient,200000000,290698,0.14513804,1052727.90868800,0.77378094,70.0,814580.78811702,570206.55168191,0.58000000,0.00000080,973283.59683636,revenue-supported normalized cost units; not measured hashrate
S7,S7,5,3468000,stress,high,high_cost,200000000,290698,0.14513804,1052727.90868800,0.77378094,70.0,814580.78811702,570206.55168191,0.90000000,0.00000123,627227.20685010,revenue-supported normalized cost units; not measured hashrate
S7,S7,5,3468000,flat,low,reference,200000000,0,0.00000000,1051200.00000000,1.00000000,90.0,1051200.00000000,946080.00000000,0.70000000,0.00000075,1338027.42857143,revenue-supported normalized cost units; not measured hashrate
S7,S7,5,3468000,flat,low,efficient,200000000,0,0.00000000,1051200.00000000,1.00000000,90.0,1051200.00000000,946080.00000000,0.58000000,0.00000062,1614860.68965517,revenue-supported normalized cost units; not measured hashrate
S7,S7,5,3468000,flat,low,high_cost,200000000,0,0.00000000,1051200.00000000,1.00000000,90.0,1051200.00000000,946080.00000000,0.90000000,0.00000096,1040688.00000000,revenue-supported normalized cost units; not measured hashrate
S7,S7,5,3468000,flat,base,reference,200000000,10003,0.00500125,1051252.57576800,1.00000000,90.0,1051252.57576800,946127.31819120,0.70000000,0.00000075,1338094.35001327,revenue-supported normalized cost units; not measured hashrate
S7,S7,5,3468000,flat,base,efficient,200000000,10003,0.00500125,1051252.57576800,1.00000000,90.0,1051252.57576800,946127.31819120,0.58000000,0.00000062,1614941.45691257,revenue-supported normalized cost units; not measured hashrate
S7,S7,5,3468000,flat,base,high_cost,200000000,10003,0.00500125,1051252.57576800,1.00000000,90.0,1051252.57576800,946127.31819120,0.90000000,0.00000096,1040740.05001032,revenue-supported normalized cost units; not measured hashrate
S7,S7,5,3468000,flat,high,reference,200000000,290698,0.14513804,1052727.90868800,1.00000000,90.0,1052727.90868800,947455.11781920,0.70000000,0.00000075,1339972.23805858,revenue-supported normalized cost units; not measured hashrate
S7,S7,5,3468000,flat,high,efficient,200000000,290698,0.14513804,1052727.90868800,1.00000000,90.0,1052727.90868800,947455.11781920,0.58000000,0.00000062,1617207.87351898,revenue-supported normalized cost units; not measured hashrate
S7,S7,5,3468000,flat,high,high_cost,200000000,290698,0.14513804,1052727.90868800,1.00000000,90.0,1052727.90868800,947455.11781920,0.90000000,0.00000096,1042200.62960112,revenue-supported normalized cost units; not measured hashrate
S7,S7,5,3468000,growth,low,reference,200000000,0,0.00000000,1051200.00000000,1.15927407,80.0,1218628.90690416,974903.12552333,0.70000000,0.00000084,1378791.56324014,revenue-supported normalized cost units; not measured hashrate
S7,S7,5,3468000,growth,low,efficient,200000000,0,0.00000000,1051200.00000000,1.15927407,80.0,1218628.90690416,974903.12552333,0.58000000,0.00000070,1664058.78322085,revenue-supported normalized cost units; not measured hashrate
S7,S7,5,3468000,growth,low,high_cost,200000000,0,0.00000000,1051200.00000000,1.15927407,80.0,1218628.90690416,974903.12552333,0.90000000,0.00000108,1072393.43807566,revenue-supported normalized cost units; not measured hashrate
S7,S7,5,3468000,growth,base,reference,200000000,10003,0.00500125,1051252.57576800,1.15927407,80.0,1218689.85662894,974951.88530315,0.70000000,0.00000084,1378860.52350017,revenue-supported normalized cost units; not measured hashrate
S7,S7,5,3468000,growth,base,efficient,200000000,10003,0.00500125,1051252.57576800,1.15927407,80.0,1218689.85662894,974951.88530315,0.58000000,0.00000070,1664142.01112090,revenue-supported normalized cost units; not measured hashrate
S7,S7,5,3468000,growth,base,high_cost,200000000,10003,0.00500125,1051252.57576800,1.15927407,80.0,1218689.85662894,974951.88530315,0.90000000,0.00000108,1072447.07383347,revenue-supported normalized cost units; not measured hashrate
S7,S7,5,3468000,growth,high,reference,200000000,290698,0.14513804,1052727.90868800,1.15927407,80.0,1220400.17183406,976320.13746724,0.70000000,0.00000084,1380795.62298939,revenue-supported normalized cost units; not measured hashrate
S7,S7,5,3468000,growth,high,efficient,200000000,290698,0.14513804,1052727.90868800,1.15927407,80.0,1220400.17183406,976320.13746724,0.58000000,0.00000070,1666477.47602168,revenue-supported normalized cost units; not measured hashrate
S7,S7,5,3468000,growth,high,high_cost,200000000,290698,0.14513804,1052727.90868800,1.15927407,80.0,1220400.17183406,976320.13746724,0.90000000,0.00000108,1073952.15121397,revenue-supported normalized cost units; not measured hashrate
S7,S7,10,6096000,stress,low,reference,100000000,0,0.00000000,525600.00000000,0.59873694,70.0,314696.13526369,220287.29468458,0.70000000,0.00000192,311549.17391106,revenue-supported normalized cost units; not measured hashrate
S7,S7,10,6096000,stress,low,efficient,100000000,0,0.00000000,525600.00000000,0.59873694,70.0,314696.13526369,220287.29468458,0.58000000,0.00000159,376007.62368576,revenue-supported normalized cost units; not measured hashrate
S7,S7,10,6096000,stress,low,high_cost,100000000,0,0.00000000,525600.00000000,0.59873694,70.0,314696.13526369,220287.29468458,0.90000000,0.00000247,242316.02415304,revenue-supported normalized cost units; not measured hashrate
S7,S7,10,6096000,stress,base,reference,100000000,10003,0.01000200,525652.57576800,0.59873694,70.0,314727.61431810,220309.33002267,0.70000000,0.00000192,311580.33817492,revenue-supported normalized cost units; not measured hashrate
S7,S7,10,6096000,stress,base,efficient,100000000,10003,0.01000200,525652.57576800,0.59873694,70.0,314727.61431810,220309.33002267,0.58000000,0.00000159,376045.23572835,revenue-supported normalized cost units; not measured hashrate
S7,S7,10,6096000,stress,base,high_cost,100000000,10003,0.01000200,525652.57576800,0.59873694,70.0,314727.61431810,220309.33002267,0.90000000,0.00000247,242340.26302494,revenue-supported normalized cost units; not measured hashrate
S7,S7,10,6096000,stress,high,reference,100000000,290698,0.28985540,527127.90868800,0.59873694,70.0,315610.95063498,220927.66544449,0.70000000,0.00000192,312454.84112863,revenue-supported normalized cost units; not measured hashrate
S7,S7,10,6096000,stress,high,efficient,100000000,290698,0.28985540,527127.90868800,0.59873694,70.0,315610.95063498,220927.66544449,0.58000000,0.00000159,377100.67032766,revenue-supported normalized cost units; not measured hashrate
S7,S7,10,6096000,stress,high,high_cost,100000000,290698,0.28985540,527127.90868800,0.59873694,70.0,315610.95063498,220927.66544449,0.90000000,0.00000246,243020.43198894,revenue-supported normalized cost units; not measured hashrate
S7,S7,10,6096000,flat,low,reference,100000000,0,0.00000000,525600.00000000,1.00000000,90.0,525600.00000000,473040.00000000,0.70000000,0.00000149,669013.71428571,revenue-supported normalized cost units; not measured hashrate
S7,S7,10,6096000,flat,low,efficient,100000000,0,0.00000000,525600.00000000,1.00000000,90.0,525600.00000000,473040.00000000,0.58000000,0.00000124,807430.34482759,revenue-supported normalized cost units; not measured hashrate
S7,S7,10,6096000,flat,low,high_cost,100000000,0,0.00000000,525600.00000000,1.00000000,90.0,525600.00000000,473040.00000000,0.90000000,0.00000192,520344.00000000,revenue-supported normalized cost units; not measured hashrate
S7,S7,10,6096000,flat,base,reference,100000000,10003,0.01000200,525652.57576800,1.00000000,90.0,525652.57576800,473087.31819120,0.70000000,0.00000149,669080.63572755,revenue-supported normalized cost units; not measured hashrate
S7,S7,10,6096000,flat,base,efficient,100000000,10003,0.01000200,525652.57576800,1.00000000,90.0,525652.57576800,473087.31819120,0.58000000,0.00000124,807511.11208498,revenue-supported normalized cost units; not measured hashrate
S7,S7,10,6096000,flat,base,high_cost,100000000,10003,0.01000200,525652.57576800,1.00000000,90.0,525652.57576800,473087.31819120,0.90000000,0.00000192,520396.05001032,revenue-supported normalized cost units; not measured hashrate
S7,S7,10,6096000,flat,high,reference,100000000,290698,0.28985540,527127.90868800,1.00000000,90.0,527127.90868800,474415.11781920,0.70000000,0.00000149,670958.52377287,revenue-supported normalized cost units; not measured hashrate
S7,S7,10,6096000,flat,high,efficient,100000000,290698,0.28985540,527127.90868800,1.00000000,90.0,527127.90868800,474415.11781920,0.58000000,0.00000123,809777.52869139,revenue-supported normalized cost units; not measured hashrate
S7,S7,10,6096000,flat,high,high_cost,100000000,290698,0.28985540,527127.90868800,1.00000000,90.0,527127.90868800,474415.11781920,0.90000000,0.00000192,521856.62960112,revenue-supported normalized cost units; not measured hashrate
S7,S7,10,6096000,growth,low,reference,100000000,0,0.00000000,525600.00000000,1.34391638,80.0,706362.44898327,565089.95918662,0.70000000,0.00000168,799198.65656393,revenue-supported normalized cost units; not measured hashrate
S7,S7,10,6096000,growth,low,efficient,100000000,0,0.00000000,525600.00000000,1.34391638,80.0,706362.44898327,565089.95918662,0.58000000,0.00000139,964550.10274957,revenue-supported normalized cost units; not measured hashrate
S7,S7,10,6096000,growth,low,high_cost,100000000,0,0.00000000,525600.00000000,1.34391638,80.0,706362.44898327,565089.95918662,0.90000000,0.00000216,621598.95510528,revenue-supported normalized cost units; not measured hashrate
S7,S7,10,6096000,growth,base,reference,100000000,10003,0.01000200,525652.57576800,1.34391638,80.0,706433.10641904,565146.48513523,0.70000000,0.00000168,799278.60040554,revenue-supported normalized cost units; not measured hashrate
S7,S7,10,6096000,growth,base,efficient,100000000,10003,0.01000200,525652.57576800,1.34391638,80.0,706433.10641904,565146.48513523,0.58000000,0.00000139,964646.58669635,revenue-supported normalized cost units; not measured hashrate
S7,S7,10,6096000,growth,base,high_cost,100000000,10003,0.01000200,525652.57576800,1.34391638,80.0,706433.10641904,565146.48513523,0.90000000,0.00000216,621661.13364876,revenue-supported normalized cost units; not measured hashrate
S7,S7,10,6096000,growth,high,reference,100000000,290698,0.28985540,527127.90868800,1.34391638,80.0,708415.83049522,566732.66439617,0.70000000,0.00000168,801521.91107459,revenue-supported normalized cost units; not measured hashrate
S7,S7,10,6096000,growth,high,efficient,100000000,290698,0.28985540,527127.90868800,1.34391638,80.0,708415.83049522,566732.66439617,0.58000000,0.00000139,967354.03060726,revenue-supported normalized cost units; not measured hashrate
S7,S7,10,6096000,growth,high,high_cost,100000000,290698,0.28985540,527127.90868800,1.34391638,80.0,708415.83049522,566732.66439617,0.90000000,0.00000216,623405.93083579,revenue-supported normalized cost units; not measured hashrate
S7,S7,25,13980000,stress,low,reference,60000000,0,0.00000000,315360.00000000,0.27738957,70.0,87477.57577970,61234.30304579,0.70000000,0.00000320,86602.80002190,revenue-supported normalized cost units; not measured hashrate
S7,S7,25,13980000,stress,low,efficient,60000000,0,0.00000000,315360.00000000,0.27738957,70.0,87477.57577970,61234.30304579,0.58000000,0.00000265,104520.62071609,revenue-supported normalized cost units; not measured hashrate
S7,S7,25,13980000,stress,low,high_cost,60000000,0,0.00000000,315360.00000000,0.27738957,70.0,87477.57577970,61234.30304579,0.90000000,0.00000412,67357.73335037,revenue-supported normalized cost units; not measured hashrate
S7,S7,25,13980000,stress,base,reference,60000000,10003,0.01666889,315412.57576800,0.27738957,70.0,87492.15974954,61244.51182468,0.70000000,0.00000320,86617.23815205,revenue-supported normalized cost units; not measured hashrate
S7,S7,25,13980000,stress,base,efficient,60000000,10003,0.01666889,315412.57576800,0.27738957,70.0,87492.15974954,61244.51182468,0.58000000,0.00000265,104538.04604558,revenue-supported normalized cost units; not measured hashrate
S7,S7,25,13980000,stress,base,high_cost,60000000,10003,0.01666889,315412.57576800,0.27738957,70.0,87492.15974954,61244.51182468,0.90000000,0.00000412,67368.96300715,revenue-supported normalized cost units; not measured hashrate
S7,S7,25,13980000,stress,high,reference,60000000,290698,0.48216061,316887.90868800,0.27738957,70.0,87901.40171844,61530.98120290,0.70000000,0.00000319,87022.38770125,revenue-supported normalized cost units; not measured hashrate
S7,S7,25,13980000,stress,high,efficient,60000000,290698,0.48216061,316887.90868800,0.27738957,70.0,87901.40171844,61530.98120290,0.58000000,0.00000264,105027.01963944,revenue-supported normalized cost units; not measured hashrate
S7,S7,25,13980000,stress,high,high_cost,60000000,290698,0.48216061,316887.90868800,0.27738957,70.0,87901.40171844,61530.98120290,0.90000000,0.00000410,67684.07932319,revenue-supported normalized cost units; not measured hashrate
S7,S7,25,13980000,flat,low,reference,60000000,0,0.00000000,315360.00000000,1.00000000,90.0,315360.00000000,283824.00000000,0.70000000,0.00000249,401408.22857143,revenue-supported normalized cost units; not measured hashrate
S7,S7,25,13980000,flat,low,efficient,60000000,0,0.00000000,315360.00000000,1.00000000,90.0,315360.00000000,283824.00000000,0.58000000,0.00000206,484458.20689655,revenue-supported normalized cost units; not measured hashrate
S7,S7,25,13980000,flat,low,high_cost,60000000,0,0.00000000,315360.00000000,1.00000000,90.0,315360.00000000,283824.00000000,0.90000000,0.00000320,312206.40000000,revenue-supported normalized cost units; not measured hashrate
S7,S7,25,13980000,flat,base,reference,60000000,10003,0.01666889,315412.57576800,1.00000000,90.0,315412.57576800,283871.31819120,0.70000000,0.00000249,401475.15001327,revenue-supported normalized cost units; not measured hashrate
S7,S7,25,13980000,flat,base,efficient,60000000,10003,0.01666889,315412.57576800,1.00000000,90.0,315412.57576800,283871.31819120,0.58000000,0.00000206,484538.97415394,revenue-supported normalized cost units; not measured hashrate
S7,S7,25,13980000,flat,base,high_cost,60000000,10003,0.01666889,315412.57576800,1.00000000,90.0,315412.57576800,283871.31819120,0.90000000,0.00000320,312258.45001032,revenue-supported normalized cost units; not measured hashrate
S7,S7,25,13980000,flat,high,reference,60000000,290698,0.48216061,316887.90868800,1.00000000,90.0,316887.90868800,285199.11781920,0.70000000,0.00000248,403353.03805858,revenue-supported normalized cost units; not measured hashrate
S7,S7,25,13980000,flat,high,efficient,60000000,290698,0.48216061,316887.90868800,1.00000000,90.0,316887.90868800,285199.11781920,0.58000000,0.00000205,486805.39076036,revenue-supported normalized cost units; not measured hashrate
S7,S7,25,13980000,flat,high,high_cost,60000000,290698,0.48216061,316887.90868800,1.00000000,90.0,316887.90868800,285199.11781920,0.90000000,0.00000319,313719.02960112,revenue-supported normalized cost units; not measured hashrate
S7,S7,25,13980000,growth,low,reference,60000000,0,0.00000000,315360.00000000,2.09377793,80.0,660293.80789575,528235.04631660,0.70000000,0.00000280,747075.27979062,revenue-supported normalized cost units; not measured hashrate
S7,S7,25,13980000,growth,low,efficient,60000000,0,0.00000000,315360.00000000,2.09377793,80.0,660293.80789575,528235.04631660,0.58000000,0.00000232,901642.57905765,revenue-supported normalized cost units; not measured hashrate
S7,S7,25,13980000,growth,low,high_cost,60000000,0,0.00000000,315360.00000000,2.09377793,80.0,660293.80789575,528235.04631660,0.90000000,0.00000360,581058.55094826,revenue-supported normalized cost units; not measured hashrate
S7,S7,25,13980000,growth,base,reference,60000000,10003,0.01666889,315412.57576800,2.09377793,80.0,660403.88987843,528323.11190274,0.70000000,0.00000280,747199.82969102,revenue-supported normalized cost units; not measured hashrate
S7,S7,25,13980000,growth,base,efficient,60000000,10003,0.01666889,315412.57576800,2.09377793,80.0,660403.88987843,528323.11190274,0.58000000,0.00000232,901792.89790295,revenue-supported normalized cost units; not measured hashrate
S7,S7,25,13980000,growth,base,high_cost,60000000,10003,0.01666889,315412.57576800,2.09377793,80.0,660403.88987843,528323.11190274,0.90000000,0.00000360,581155.42309302,revenue-supported normalized cost units; not measured hashrate
S7,S7,25,13980000,growth,high,reference,60000000,290698,0.48216061,316887.90868800,2.09377793,80.0,663492.90938521,530794.32750817,0.70000000,0.00000279,750694.83461870,revenue-supported normalized cost units; not measured hashrate
S7,S7,25,13980000,growth,high,efficient,60000000,290698,0.48216061,316887.90868800,2.09377793,80.0,663492.90938521,530794.32750817,0.58000000,0.00000231,906011.00729843,revenue-supported normalized cost units; not measured hashrate
S7,S7,25,13980000,growth,high,high_cost,60000000,290698,0.48216061,316887.90868800,2.09377793,80.0,663492.90938521,530794.32750817,0.90000000,0.00000359,583873.76025899,revenue-supported normalized cost units; not measured hashrate
S7,S7,50,27120000,stress,low,reference,60000000,0,0.00000000,315360.00000000,0.07694498,70.0,24265.36740326,16985.75718229,0.70000000,0.00000320,24022.71372923,revenue-supported normalized cost units; not measured hashrate
S7,S7,50,27120000,stress,low,efficient,60000000,0,0.00000000,315360.00000000,0.07694498,70.0,24265.36740326,16985.75718229,0.58000000,0.00000265,28992.93036287,revenue-supported normalized cost units; not measured hashrate
S7,S7,50,27120000,stress,low,high_cost,60000000,0,0.00000000,315360.00000000,0.07694498,70.0,24265.36740326,16985.75718229,0.90000000,0.00000412,18684.33290051,revenue-supported normalized cost units; not measured hashrate
S7,S7,50,27120000,stress,base,reference,60000000,10003,0.01666889,315412.57576800,0.07694498,70.0,24269.41284443,16988.58899110,0.70000000,0.00000320,24026.71871599,revenue-supported normalized cost units; not measured hashrate
S7,S7,50,27120000,stress,base,efficient,60000000,10003,0.01666889,315412.57576800,0.07694498,70.0,24269.41284443,16988.58899110,0.58000000,0.00000265,28997.76396757,revenue-supported normalized cost units; not measured hashrate
S7,S7,50,27120000,stress,base,high_cost,60000000,10003,0.01666889,315412.57576800,0.07694498,70.0,24269.41284443,16988.58899110,0.90000000,0.00000412,18687.44789021,revenue-supported normalized cost units; not measured hashrate
S7,S7,50,27120000,stress,high,reference,60000000,290698,0.48216061,316887.90868800,0.07694498,70.0,24382.93229949,17068.05260964,0.70000000,0.00000319,24139.10297649,revenue-supported normalized cost units; not measured hashrate
S7,S7,50,27120000,stress,high,efficient,60000000,290698,0.48216061,316887.90868800,0.07694498,70.0,24382.93229949,17068.05260964,0.58000000,0.00000264,29133.40014404,revenue-supported normalized cost units; not measured hashrate
S7,S7,50,27120000,stress,high,high_cost,60000000,290698,0.48216061,316887.90868800,0.07694498,70.0,24382.93229949,17068.05260964,0.90000000,0.00000410,18774.85787061,revenue-supported normalized cost units; not measured hashrate
S7,S7,50,27120000,flat,low,reference,60000000,0,0.00000000,315360.00000000,1.00000000,90.0,315360.00000000,283824.00000000,0.70000000,0.00000249,401408.22857143,revenue-supported normalized cost units; not measured hashrate
S7,S7,50,27120000,flat,low,efficient,60000000,0,0.00000000,315360.00000000,1.00000000,90.0,315360.00000000,283824.00000000,0.58000000,0.00000206,484458.20689655,revenue-supported normalized cost units; not measured hashrate
S7,S7,50,27120000,flat,low,high_cost,60000000,0,0.00000000,315360.00000000,1.00000000,90.0,315360.00000000,283824.00000000,0.90000000,0.00000320,312206.40000000,revenue-supported normalized cost units; not measured hashrate
S7,S7,50,27120000,flat,base,reference,60000000,10003,0.01666889,315412.57576800,1.00000000,90.0,315412.57576800,283871.31819120,0.70000000,0.00000249,401475.15001327,revenue-supported normalized cost units; not measured hashrate
S7,S7,50,27120000,flat,base,efficient,60000000,10003,0.01666889,315412.57576800,1.00000000,90.0,315412.57576800,283871.31819120,0.58000000,0.00000206,484538.97415394,revenue-supported normalized cost units; not measured hashrate
S7,S7,50,27120000,flat,base,high_cost,60000000,10003,0.01666889,315412.57576800,1.00000000,90.0,315412.57576800,283871.31819120,0.90000000,0.00000320,312258.45001032,revenue-supported normalized cost units; not measured hashrate
S7,S7,50,27120000,flat,high,reference,60000000,290698,0.48216061,316887.90868800,1.00000000,90.0,316887.90868800,285199.11781920,0.70000000,0.00000248,403353.03805858,revenue-supported normalized cost units; not measured hashrate
S7,S7,50,27120000,flat,high,efficient,60000000,290698,0.48216061,316887.90868800,1.00000000,90.0,316887.90868800,285199.11781920,0.58000000,0.00000205,486805.39076036,revenue-supported normalized cost units; not measured hashrate
S7,S7,50,27120000,flat,high,high_cost,60000000,290698,0.48216061,316887.90868800,1.00000000,90.0,316887.90868800,285199.11781920,0.90000000,0.00000319,313719.02960112,revenue-supported normalized cost units; not measured hashrate
S7,S7,50,27120000,growth,low,reference,60000000,0,0.00000000,315360.00000000,4.38390602,80.0,1382508.60205947,1106006.88164757,0.70000000,0.00000280,1564209.73261586,revenue-supported normalized cost units; not measured hashrate
S7,S7,50,27120000,growth,low,efficient,60000000,0,0.00000000,315360.00000000,4.38390602,80.0,1382508.60205947,1106006.88164757,0.58000000,0.00000232,1887839.33246741,revenue-supported normalized cost units; not measured hashrate
S7,S7,50,27120000,growth,low,high_cost,60000000,0,0.00000000,315360.00000000,4.38390602,80.0,1382508.60205947,1106006.88164757,0.90000000,0.00000360,1216607.56981233,revenue-supported normalized cost units; not measured hashrate
S7,S7,50,27120000,growth,base,reference,60000000,10003,0.01666889,315412.57576800,4.38390602,80.0,1382739.08928524,1106191.27142819,0.70000000,0.00000280,1564470.51244844,revenue-supported normalized cost units; not measured hashrate
S7,S7,50,27120000,growth,base,efficient,60000000,10003,0.01666889,315412.57576800,4.38390602,80.0,1382739.08928524,1106191.27142819,0.58000000,0.00000232,1888154.06674812,revenue-supported normalized cost units; not measured hashrate
S7,S7,50,27120000,growth,base,high_cost,60000000,10003,0.01666889,315412.57576800,4.38390602,80.0,1382739.08928524,1106191.27142819,0.90000000,0.00000360,1216810.39857101,revenue-supported normalized cost units; not measured hashrate
S7,S7,50,27120000,growth,high,reference,60000000,290698,0.48216061,316887.90868800,4.38390602,80.0,1389206.81015283,1111365.44812226,0.70000000,0.00000279,1571788.27663005,revenue-supported normalized cost units; not measured hashrate
S7,S7,50,27120000,growth,high,efficient,60000000,290698,0.48216061,316887.90868800,4.38390602,80.0,1389206.81015283,1111365.44812226,0.58000000,0.00000231,1896985.85110524,revenue-supported normalized cost units; not measured hashrate
S7,S7,50,27120000,growth,high,high_cost,60000000,290698,0.48216061,316887.90868800,4.38390602,80.0,1389206.81015283,1111365.44812226,0.90000000,0.00000359,1222501.99293449,revenue-supported normalized cost units; not measured hashrate
S7,S7,100,53400000,stress,low,reference,60000000,0,0.00000000,315360.00000000,0.00592053,70.0,1867.09809492,1306.96866645,0.70000000,0.00000320,1848.42711398,revenue-supported normalized cost units; not measured hashrate
S7,S7,100,53400000,stress,low,efficient,60000000,0,0.00000000,315360.00000000,0.00592053,70.0,1867.09809492,1306.96866645,0.58000000,0.00000265,2230.86030997,revenue-supported normalized cost units; not measured hashrate
S7,S7,100,53400000,stress,low,high_cost,60000000,0,0.00000000,315360.00000000,0.00592053,70.0,1867.09809492,1306.96866645,0.90000000,0.00000412,1437.66553309,revenue-supported normalized cost units; not measured hashrate
S7,S7,100,53400000,stress,base,reference,60000000,10003,0.01666889,315412.57576800,0.00592053,70.0,1867.40937130,1307.18655991,0.70000000,0.00000320,1848.73527758,revenue-supported normalized cost units; not measured hashrate
S7,S7,100,53400000,stress,base,efficient,60000000,10003,0.01666889,315412.57576800,0.00592053,70.0,1867.40937130,1307.18655991,0.58000000,0.00000265,2231.23223156,revenue-supported normalized cost units; not measured hashrate
S7,S7,100,53400000,stress,base,high_cost,60000000,10003,0.01666889,315412.57576800,0.00592053,70.0,1867.40937130,1307.18655991,0.90000000,0.00000412,1437.90521590,revenue-supported normalized cost units; not measured hashrate
S7,S7,100,53400000,stress,high,reference,60000000,290698,0.48216061,316887.90868800,0.00592053,70.0,1876.14412296,1313.30088607,0.70000000,0.00000319,1857.38268173,revenue-supported normalized cost units; not measured hashrate
S7,S7,100,53400000,stress,high,efficient,60000000,290698,0.48216061,316887.90868800,0.00592053,70.0,1876.14412296,1313.30088607,0.58000000,0.00000264,2241.66875381,revenue-supported normalized cost units; not measured hashrate
S7,S7,100,53400000,stress,high,high_cost,60000000,290698,0.48216061,316887.90868800,0.00592053,70.0,1876.14412296,1313.30088607,0.90000000,0.00000410,1444.63097468,revenue-supported normalized cost units; not measured hashrate
S7,S7,100,53400000,flat,low,reference,60000000,0,0.00000000,315360.00000000,1.00000000,90.0,315360.00000000,283824.00000000,0.70000000,0.00000249,401408.22857143,revenue-supported normalized cost units; not measured hashrate
S7,S7,100,53400000,flat,low,efficient,60000000,0,0.00000000,315360.00000000,1.00000000,90.0,315360.00000000,283824.00000000,0.58000000,0.00000206,484458.20689655,revenue-supported normalized cost units; not measured hashrate
S7,S7,100,53400000,flat,low,high_cost,60000000,0,0.00000000,315360.00000000,1.00000000,90.0,315360.00000000,283824.00000000,0.90000000,0.00000320,312206.40000000,revenue-supported normalized cost units; not measured hashrate
S7,S7,100,53400000,flat,base,reference,60000000,10003,0.01666889,315412.57576800,1.00000000,90.0,315412.57576800,283871.31819120,0.70000000,0.00000249,401475.15001327,revenue-supported normalized cost units; not measured hashrate
S7,S7,100,53400000,flat,base,efficient,60000000,10003,0.01666889,315412.57576800,1.00000000,90.0,315412.57576800,283871.31819120,0.58000000,0.00000206,484538.97415394,revenue-supported normalized cost units; not measured hashrate
S7,S7,100,53400000,flat,base,high_cost,60000000,10003,0.01666889,315412.57576800,1.00000000,90.0,315412.57576800,283871.31819120,0.90000000,0.00000320,312258.45001032,revenue-supported normalized cost units; not measured hashrate
S7,S7,100,53400000,flat,high,reference,60000000,290698,0.48216061,316887.90868800,1.00000000,90.0,316887.90868800,285199.11781920,0.70000000,0.00000248,403353.03805858,revenue-supported normalized cost units; not measured hashrate
S7,S7,100,53400000,flat,high,efficient,60000000,290698,0.48216061,316887.90868800,1.00000000,90.0,316887.90868800,285199.11781920,0.58000000,0.00000205,486805.39076036,revenue-supported normalized cost units; not measured hashrate
S7,S7,100,53400000,flat,high,high_cost,60000000,290698,0.48216061,316887.90868800,1.00000000,90.0,316887.90868800,285199.11781920,0.90000000,0.00000319,313719.02960112,revenue-supported normalized cost units; not measured hashrate
S7,S7,100,53400000,growth,low,reference,60000000,0,0.00000000,315360.00000000,19.21863198,80.0,6060787.78148283,4848630.22518626,0.70000000,0.00000280,6857348.46133485,revenue-supported normalized cost units; not measured hashrate
S7,S7,100,53400000,growth,low,efficient,60000000,0,0.00000000,315360.00000000,19.21863198,80.0,6060787.78148283,4848630.22518626,0.58000000,0.00000232,8276110.21195586,revenue-supported normalized cost units; not measured hashrate
S7,S7,100,53400000,growth,low,high_cost,60000000,0,0.00000000,315360.00000000,19.21863198,80.0,6060787.78148283,4848630.22518626,0.90000000,0.00000360,5333493.24770489,revenue-supported normalized cost units; not measured hashrate
S7,S7,100,53400000,growth,base,reference,60000000,10003,0.01666889,315412.57576800,19.21863198,80.0,6061798.21581913,4849438.57265530,0.70000000,0.00000280,6858491.69561250,revenue-supported normalized cost units; not measured hashrate
S7,S7,100,53400000,growth,base,efficient,60000000,10003,0.01666889,315412.57576800,19.21863198,80.0,6061798.21581913,4849438.57265530,0.58000000,0.00000232,8277489.97746336,revenue-supported normalized cost units; not measured hashrate
S7,S7,100,53400000,growth,base,high_cost,60000000,10003,0.01666889,315412.57576800,19.21863198,80.0,6061798.21581913,4849438.57265530,0.90000000,0.00000360,5334382.42992083,revenue-supported normalized cost units; not measured hashrate
S7,S7,100,53400000,growth,high,reference,60000000,290698,0.48216061,316887.90868800,19.21863198,80.0,6090152.09625785,4872121.67700628,0.70000000,0.00000279,6890572.08605174,revenue-supported normalized cost units; not measured hashrate
S7,S7,100,53400000,growth,high,efficient,60000000,290698,0.48216061,316887.90868800,19.21863198,80.0,6090152.09625785,4872121.67700628,0.58000000,0.00000231,8316207.69006245,revenue-supported normalized cost units; not measured hashrate
S7,S7,100,53400000,growth,high,high_cost,60000000,290698,0.48216061,316887.90868800,19.21863198,80.0,6090152.09625785,4872121.67700628,0.90000000,0.00000359,5359333.84470691,revenue-supported normalized cost units; not measured hashrate
S7,S7,250,132240000,stress,low,reference,60000000,0,0.00000000,315360.00000000,0.00000270,70.0,0.85056582,0.59539608,0.70000000,0.00000320,0.84206017,revenue-supported normalized cost units; not measured hashrate
S7,S7,250,132240000,stress,low,efficient,60000000,0,0.00000000,315360.00000000,0.00000270,70.0,0.85056582,0.59539608,0.58000000,0.00000265,1.01627951,revenue-supported normalized cost units; not measured hashrate
S7,S7,250,132240000,stress,low,high_cost,60000000,0,0.00000000,315360.00000000,0.00000270,70.0,0.85056582,0.59539608,0.90000000,0.00000412,0.65493569,revenue-supported normalized cost units; not measured hashrate
S7,S7,250,132240000,stress,base,reference,60000000,10003,0.01666889,315412.57576800,0.00000270,70.0,0.85070763,0.59549534,0.70000000,0.00000320,0.84220055,revenue-supported normalized cost units; not measured hashrate
S7,S7,250,132240000,stress,base,efficient,60000000,10003,0.01666889,315412.57576800,0.00000270,70.0,0.85070763,0.59549534,0.58000000,0.00000265,1.01644894,revenue-supported normalized cost units; not measured hashrate
S7,S7,250,132240000,stress,base,high_cost,60000000,10003,0.01666889,315412.57576800,0.00000270,70.0,0.85070763,0.59549534,0.90000000,0.00000412,0.65504487,revenue-supported normalized cost units; not measured hashrate
S7,S7,250,132240000,stress,high,reference,60000000,290698,0.48216061,316887.90868800,0.00000270,70.0,0.85468679,0.59828075,0.70000000,0.00000319,0.84613992,revenue-supported normalized cost units; not measured hashrate
S7,S7,250,132240000,stress,high,efficient,60000000,290698,0.48216061,316887.90868800,0.00000270,70.0,0.85468679,0.59828075,0.58000000,0.00000264,1.02120335,revenue-supported normalized cost units; not measured hashrate
S7,S7,250,132240000,stress,high,high_cost,60000000,290698,0.48216061,316887.90868800,0.00000270,70.0,0.85468679,0.59828075,0.90000000,0.00000410,0.65810883,revenue-supported normalized cost units; not measured hashrate
S7,S7,250,132240000,flat,low,reference,60000000,0,0.00000000,315360.00000000,1.00000000,90.0,315360.00000000,283824.00000000,0.70000000,0.00000249,401408.22857143,revenue-supported normalized cost units; not measured hashrate
S7,S7,250,132240000,flat,low,efficient,60000000,0,0.00000000,315360.00000000,1.00000000,90.0,315360.00000000,283824.00000000,0.58000000,0.00000206,484458.20689655,revenue-supported normalized cost units; not measured hashrate
S7,S7,250,132240000,flat,low,high_cost,60000000,0,0.00000000,315360.00000000,1.00000000,90.0,315360.00000000,283824.00000000,0.90000000,0.00000320,312206.40000000,revenue-supported normalized cost units; not measured hashrate
S7,S7,250,132240000,flat,base,reference,60000000,10003,0.01666889,315412.57576800,1.00000000,90.0,315412.57576800,283871.31819120,0.70000000,0.00000249,401475.15001327,revenue-supported normalized cost units; not measured hashrate
S7,S7,250,132240000,flat,base,efficient,60000000,10003,0.01666889,315412.57576800,1.00000000,90.0,315412.57576800,283871.31819120,0.58000000,0.00000206,484538.97415394,revenue-supported normalized cost units; not measured hashrate
S7,S7,250,132240000,flat,base,high_cost,60000000,10003,0.01666889,315412.57576800,1.00000000,90.0,315412.57576800,283871.31819120,0.90000000,0.00000320,312258.45001032,revenue-supported normalized cost units; not measured hashrate
S7,S7,250,132240000,flat,high,reference,60000000,290698,0.48216061,316887.90868800,1.00000000,90.0,316887.90868800,285199.11781920,0.70000000,0.00000248,403353.03805858,revenue-supported normalized cost units; not measured hashrate
S7,S7,250,132240000,flat,high,efficient,60000000,290698,0.48216061,316887.90868800,1.00000000,90.0,316887.90868800,285199.11781920,0.58000000,0.00000205,486805.39076036,revenue-supported normalized cost units; not measured hashrate
S7,S7,250,132240000,flat,high,high_cost,60000000,290698,0.48216061,316887.90868800,1.00000000,90.0,316887.90868800,285199.11781920,0.90000000,0.00000319,313719.02960112,revenue-supported normalized cost units; not measured hashrate
S7,S7,250,132240000,growth,low,reference,60000000,0,0.00000000,315360.00000000,1619.22118137,80.0,510637591.75624121,408510073.40499297,0.70000000,0.00000280,577749960.95849005,revenue-supported normalized cost units; not measured hashrate
S7,S7,250,132240000,growth,low,efficient,60000000,0,0.00000000,315360.00000000,1619.22118137,80.0,510637591.75624121,408510073.40499297,0.58000000,0.00000232,697284435.63955696,revenue-supported normalized cost units; not measured hashrate
S7,S7,250,132240000,growth,low,high_cost,60000000,0,0.00000000,315360.00000000,1619.22118137,80.0,510637591.75624121,408510073.40499297,0.90000000,0.00000360,449361080.74549226,revenue-supported normalized cost units; not measured hashrate
S7,S7,250,132240000,growth,base,reference,60000000,10003,0.01666889,315412.57576800,1619.22118137,80.0,510722723.55341350,408578178.84273080,0.70000000,0.00000280,577846281.50614785,revenue-supported normalized cost units; not measured hashrate
S7,S7,250,132240000,growth,base,efficient,60000000,10003,0.01666889,315412.57576800,1619.22118137,80.0,510722723.55341350,408578178.84273080,0.58000000,0.00000232,697400684.57638534,revenue-supported normalized cost units; not measured hashrate
S7,S7,250,132240000,growth,base,high_cost,60000000,10003,0.01666889,315412.57576800,1619.22118137,80.0,510722723.55341350,408578178.84273080,0.90000000,0.00000360,449435996.72700388,revenue-supported normalized cost units; not measured hashrate
S7,S7,250,132240000,growth,high,reference,60000000,290698,0.48216061,316887.90868800,1619.22118137,80.0,513111613.86704714,410489291.09363771,0.70000000,0.00000279,580549140.26100191,revenue-supported normalized cost units; not measured hashrate
S7,S7,250,132240000,growth,high,efficient,60000000,290698,0.48216061,316887.90868800,1619.22118137,80.0,513111613.86704714,410489291.09363771,0.58000000,0.00000231,700662755.48741609,revenue-supported normalized cost units; not measured hashrate
S7,S7,250,132240000,growth,high,high_cost,60000000,290698,0.48216061,316887.90868800,1619.22118137,80.0,513111613.86704714,410489291.09363771,0.90000000,0.00000359,451538220.20300148,revenue-supported normalized cost units; not measured hashrate
S7,S7,500,263640000,stress,low,reference,60000000,0,0.00000000,315360.00000000,0.00000000,70.0,0.00000229,0.00000161,0.70000000,0.00000320,0.00000227,revenue-supported normalized cost units; not measured hashrate
S7,S7,500,263640000,stress,low,efficient,60000000,0,0.00000000,315360.00000000,0.00000000,70.0,0.00000229,0.00000161,0.58000000,0.00000265,0.00000274,revenue-supported normalized cost units; not measured hashrate
S7,S7,500,263640000,stress,low,high_cost,60000000,0,0.00000000,315360.00000000,0.00000000,70.0,0.00000229,0.00000161,0.90000000,0.00000412,0.00000177,revenue-supported normalized cost units; not measured hashrate
S7,S7,500,263640000,stress,base,reference,60000000,10003,0.01666889,315412.57576800,0.00000000,70.0,0.00000229,0.00000161,0.70000000,0.00000320,0.00000227,revenue-supported normalized cost units; not measured hashrate
S7,S7,500,263640000,stress,base,efficient,60000000,10003,0.01666889,315412.57576800,0.00000000,70.0,0.00000229,0.00000161,0.58000000,0.00000265,0.00000274,revenue-supported normalized cost units; not measured hashrate
S7,S7,500,263640000,stress,base,high_cost,60000000,10003,0.01666889,315412.57576800,0.00000000,70.0,0.00000229,0.00000161,0.90000000,0.00000412,0.00000177,revenue-supported normalized cost units; not measured hashrate
S7,S7,500,263640000,stress,high,reference,60000000,290698,0.48216061,316887.90868800,0.00000000,70.0,0.00000231,0.00000161,0.70000000,0.00000319,0.00000228,revenue-supported normalized cost units; not measured hashrate
S7,S7,500,263640000,stress,high,efficient,60000000,290698,0.48216061,316887.90868800,0.00000000,70.0,0.00000231,0.00000161,0.58000000,0.00000264,0.00000275,revenue-supported normalized cost units; not measured hashrate
S7,S7,500,263640000,stress,high,high_cost,60000000,290698,0.48216061,316887.90868800,0.00000000,70.0,0.00000231,0.00000161,0.90000000,0.00000410,0.00000178,revenue-supported normalized cost units; not measured hashrate
S7,S7,500,263640000,flat,low,reference,60000000,0,0.00000000,315360.00000000,1.00000000,90.0,315360.00000000,283824.00000000,0.70000000,0.00000249,401408.22857143,revenue-supported normalized cost units; not measured hashrate
S7,S7,500,263640000,flat,low,efficient,60000000,0,0.00000000,315360.00000000,1.00000000,90.0,315360.00000000,283824.00000000,0.58000000,0.00000206,484458.20689655,revenue-supported normalized cost units; not measured hashrate
S7,S7,500,263640000,flat,low,high_cost,60000000,0,0.00000000,315360.00000000,1.00000000,90.0,315360.00000000,283824.00000000,0.90000000,0.00000320,312206.40000000,revenue-supported normalized cost units; not measured hashrate
S7,S7,500,263640000,flat,base,reference,60000000,10003,0.01666889,315412.57576800,1.00000000,90.0,315412.57576800,283871.31819120,0.70000000,0.00000249,401475.15001327,revenue-supported normalized cost units; not measured hashrate
S7,S7,500,263640000,flat,base,efficient,60000000,10003,0.01666889,315412.57576800,1.00000000,90.0,315412.57576800,283871.31819120,0.58000000,0.00000206,484538.97415394,revenue-supported normalized cost units; not measured hashrate
S7,S7,500,263640000,flat,base,high_cost,60000000,10003,0.01666889,315412.57576800,1.00000000,90.0,315412.57576800,283871.31819120,0.90000000,0.00000320,312258.45001032,revenue-supported normalized cost units; not measured hashrate
S7,S7,500,263640000,flat,high,reference,60000000,290698,0.48216061,316887.90868800,1.00000000,90.0,316887.90868800,285199.11781920,0.70000000,0.00000248,403353.03805858,revenue-supported normalized cost units; not measured hashrate
S7,S7,500,263640000,flat,high,efficient,60000000,290698,0.48216061,316887.90868800,1.00000000,90.0,316887.90868800,285199.11781920,0.58000000,0.00000205,486805.39076036,revenue-supported normalized cost units; not measured hashrate
S7,S7,500,263640000,flat,high,high_cost,60000000,290698,0.48216061,316887.90868800,1.00000000,90.0,316887.90868800,285199.11781920,0.90000000,0.00000319,313719.02960112,revenue-supported normalized cost units; not measured hashrate
S7,S7,500,263640000,growth,low,reference,60000000,0,0.00000000,315360.00000000,2621877.23419108,80.0,826835204574.49790984,661468163659.59832788,0.70000000,0.00000280,935504974318.57477800,revenue-supported normalized cost units; not measured hashrate
S7,S7,500,263640000,growth,low,efficient,60000000,0,0.00000000,315360.00000000,2621877.23419108,80.0,826835204574.49790984,661468163659.59832788,0.58000000,0.00000232,1129057727625.86611137,revenue-supported normalized cost units; not measured hashrate
S7,S7,500,263640000,growth,low,high_cost,60000000,0,0.00000000,315360.00000000,2621877.23419108,80.0,826835204574.49790984,661468163659.59832788,0.90000000,0.00000360,727614980025.55816066,revenue-supported normalized cost units; not measured hashrate
S7,S7,500,263640000,growth,base,reference,60000000,10003,0.01666889,315412.57576800,2621877.23419108,80.0,826973051783.68722155,661578441426.94977724,0.70000000,0.00000280,935660938589.54325639,revenue-supported normalized cost units; not measured hashrate
S7,S7,500,263640000,growth,base,efficient,60000000,10003,0.01666889,315412.57576800,2621877.23419108,80.0,826973051783.68722155,661578441426.94977724,0.58000000,0.00000232,1129245960366.69013702,revenue-supported normalized cost units; not measured hashrate
S7,S7,500,263640000,growth,base,high_cost,60000000,10003,0.01666889,315412.57576800,2621877.23419108,80.0,826973051783.68722155,661578441426.94977724,0.90000000,0.00000360,727736285569.64475497,revenue-supported normalized cost units; not measured hashrate
S7,S7,500,263640000,growth,high,reference,60000000,290698,0.48216061,316887.90868800,2621877.23419108,80.0,830841193579.48786640,664672954863.59029312,0.70000000,0.00000279,940037464735.64912884,revenue-supported normalized cost units; not measured hashrate
S7,S7,500,263640000,growth,high,efficient,60000000,290698,0.48216061,316887.90868800,2621877.23419108,80.0,830841193579.48786640,664672954863.59029312,0.58000000,0.00000231,1134527974680.95584515,revenue-supported normalized cost units; not measured hashrate
S7,S7,500,263640000,growth,high,high_cost,60000000,290698,0.48216061,316887.90868800,2621877.23419108,80.0,830841193579.48786640,664672954863.59029312,0.90000000,0.00000359,731140250349.94932243,revenue-supported normalized cost units; not measured hashrate
